[2026-01-07T14:41:21.101+0000] {processor.py:161} INFO - Started process (PID=213) to work on /opt/airflow/dags/daily_revenue_etl_dag.py
[2026-01-07T14:41:21.102+0000] {processor.py:830} INFO - Processing file /opt/airflow/dags/daily_revenue_etl_dag.py for tasks to queue
[2026-01-07T14:41:21.103+0000] {logging_mixin.py:188} INFO - [2026-01-07T14:41:21.103+0000] {dagbag.py:538} INFO - Filling up the DagBag from /opt/airflow/dags/daily_revenue_etl_dag.py
[2026-01-07T14:38:56.345+0000] {processor.py:840} INFO - DAG(s) 'daily_revenue_etl_dag' retrieved from /opt/airflow/dags/daily_revenue_etl_dag.py
[2026-01-07T14:38:56.489+0000] {logging_mixin.py:188} INFO - [2026-01-07T14:38:56.489+0000] {override.py:1769} INFO - Created Permission View: can read on DAG:daily_revenue_etl_dag
[2026-01-07T14:38:56.494+0000] {logging_mixin.py:188} INFO - [2026-01-07T14:38:56.494+0000] {override.py:1769} INFO - Created Permission View: can delete on DAG:daily_revenue_etl_dag
[2026-01-07T14:38:56.498+0000] {logging_mixin.py:188} INFO - [2026-01-07T14:38:56.498+0000] {override.py:1769} INFO - Created Permission View: can edit on DAG:daily_revenue_etl_dag
[2026-01-07T14:38:56.498+0000] {logging_mixin.py:188} INFO - [2026-01-07T14:38:56.498+0000] {dag.py:3036} INFO - Sync 1 DAGs
[2026-01-07T14:38:56.504+0000] {logging_mixin.py:188} INFO - [2026-01-07T14:38:56.504+0000] {dag.py:3058} INFO - Creating ORM DAG for daily_revenue_etl_dag
[2026-01-07T14:38:56.510+0000] {logging_mixin.py:188} INFO - [2026-01-07T14:38:56.510+0000] {dag.py:3823} INFO - Setting next_dagrun for daily_revenue_etl_dag to 2026-01-06 00:00:00+00:00, run_after=2026-01-07 00:00:00+00:00
[2026-01-07T14:38:56.523+0000] {processor.py:183} INFO - Processing /opt/airflow/dags/daily_revenue_etl_dag.py took 0.207 seconds
[2026-01-07T14:38:56.546+0000] {processor.py:161} INFO - Started process (PID=218) to work on /opt/airflow/dags/daily_revenue_etl_dag.py
[2026-01-07T14:38:56.546+0000] {processor.py:830} INFO - Processing file /opt/airflow/dags/daily_revenue_etl_dag.py for tasks to queue
[2026-01-07T14:38:56.547+0000] {logging_mixin.py:188} INFO - [2026-01-07T14:38:56.547+0000] {dagbag.py:538} INFO - Filling up the DagBag from /opt/airflow/dags/daily_revenue_etl_dag.py
[2026-01-07T14:38:56.561+0000] {processor.py:840} INFO - DAG(s) 'daily_revenue_etl_dag' retrieved from /opt/airflow/dags/daily_revenue_etl_dag.py
[2026-01-07T14:38:56.569+0000] {logging_mixin.py:188} INFO - [2026-01-07T14:38:56.569+0000] {dag.py:3036} INFO - Sync 1 DAGs
[2026-01-07T14:38:56.583+0000] {logging_mixin.py:188} INFO - [2026-01-07T14:38:56.582+0000] {dag.py:3823} INFO - Setting next_dagrun for daily_revenue_etl_dag to 2026-01-06 00:00:00+00:00, run_after=2026-01-07 00:00:00+00:00
[2026-01-07T14:38:56.594+0000] {processor.py:183} INFO - Processing /opt/airflow/dags/daily_revenue_etl_dag.py took 0.050 seconds
[2026-01-07T14:38:56.616+0000] {processor.py:161} INFO - Started process (PID=223) to work on /opt/airflow/dags/daily_revenue_etl_dag.py
[2026-01-07T14:38:56.617+0000] {processor.py:830} INFO - Processing file /opt/airflow/dags/daily_revenue_etl_dag.py for tasks to queue
[2026-01-07T14:38:56.617+0000] {logging_mixin.py:188} INFO - [2026-01-07T14:38:56.617+0000] {dagbag.py:538} INFO - Filling up the DagBag from /opt/airflow/dags/daily_revenue_etl_dag.py
[2026-01-07T14:38:56.628+0000] {processor.py:840} INFO - DAG(s) 'daily_revenue_etl_dag' retrieved from /opt/airflow/dags/daily_revenue_etl_dag.py
[2026-01-07T14:38:56.636+0000] {logging_mixin.py:188} INFO - [2026-01-07T14:38:56.636+0000] {dag.py:3036} INFO - Sync 1 DAGs
[2026-01-07T14:38:56.649+0000] {logging_mixin.py:188} INFO - [2026-01-07T14:38:56.649+0000] {dag.py:3823} INFO - Setting next_dagrun for daily_revenue_etl_dag to 2026-01-06 00:00:00+00:00, run_after=2026-01-07 00:00:00+00:00
[2026-01-07T14:38:56.659+0000] {processor.py:183} INFO - Processing /opt/airflow/dags/daily_revenue_etl_dag.py took 0.046 seconds
[2026-01-07T14:38:56.681+0000] {processor.py:161} INFO - Started process (PID=228) to work on /opt/airflow/dags/daily_revenue_etl_dag.py
[2026-01-07T14:38:56.681+0000] {processor.py:830} INFO - Processing file /opt/airflow/dags/daily_revenue_etl_dag.py for tasks to queue
[2026-01-07T14:38:56.682+0000] {logging_mixin.py:188} INFO - [2026-01-07T14:38:56.682+0000] {dagbag.py:538} INFO - Filling up the DagBag from /opt/airflow/dags/daily_revenue_etl_dag.py
[2026-01-07T14:38:56.693+0000] {processor.py:840} INFO - DAG(s) 'daily_revenue_etl_dag' retrieved from /opt/airflow/dags/daily_revenue_etl_dag.py
[2026-01-07T14:38:56.701+0000] {logging_mixin.py:188} INFO - [2026-01-07T14:38:56.701+0000] {dag.py:3036} INFO - Sync 1 DAGs
[2026-01-07T14:38:56.714+0000] {logging_mixin.py:188} INFO - [2026-01-07T14:38:56.714+0000] {dag.py:3823} INFO - Setting next_dagrun for daily_revenue_etl_dag to 2026-01-06 00:00:00+00:00, run_after=2026-01-07 00:00:00+00:00
[2026-01-07T14:38:56.724+0000] {processor.py:183} INFO - Processing /opt/airflow/dags/daily_revenue_etl_dag.py took 0.046 seconds
[2026-01-07T14:38:56.745+0000] {processor.py:161} INFO - Started process (PID=233) to work on /opt/airflow/dags/daily_revenue_etl_dag.py
[2026-01-07T14:38:56.745+0000] {processor.py:830} INFO - Processing file /opt/airflow/dags/daily_revenue_etl_dag.py for tasks to queue
[2026-01-07T14:38:56.746+0000] {logging_mixin.py:188} INFO - [2026-01-07T14:38:56.746+0000] {dagbag.py:538} INFO - Filling up the DagBag from /opt/airflow/dags/daily_revenue_etl_dag.py
[2026-01-07T14:38:56.757+0000] {processor.py:840} INFO - DAG(s) 'daily_revenue_etl_dag' retrieved from /opt/airflow/dags/daily_revenue_etl_dag.py
[2026-01-07T14:38:56.765+0000] {logging_mixin.py:188} INFO - [2026-01-07T14:38:56.765+0000] {dag.py:3036} INFO - Sync 1 DAGs
[2026-01-07T14:38:56.778+0000] {logging_mixin.py:188} INFO - [2026-01-07T14:38:56.777+0000] {dag.py:3823} INFO - Setting next_dagrun for daily_revenue_etl_dag to 2026-01-06 00:00:00+00:00, run_after=2026-01-07 00:00:00+00:00
[2026-01-07T14:38:56.789+0000] {processor.py:183} INFO - Processing /opt/airflow/dags/daily_revenue_etl_dag.py took 0.046 seconds
[2026-01-07T14:38:56.814+0000] {processor.py:161} INFO - Started process (PID=238) to work on /opt/airflow/dags/daily_revenue_etl_dag.py
[2026-01-07T14:38:56.815+0000] {processor.py:830} INFO - Processing file /opt/airflow/dags/daily_revenue_etl_dag.py for tasks to queue
[2026-01-07T14:38:56.816+0000] {logging_mixin.py:188} INFO - [2026-01-07T14:38:56.816+0000] {dagbag.py:538} INFO - Filling up the DagBag from /opt/airflow/dags/daily_revenue_etl_dag.py
[2026-01-07T14:38:56.827+0000] {processor.py:840} INFO - DAG(s) 'daily_revenue_etl_dag' retrieved from /opt/airflow/dags/daily_revenue_etl_dag.py
[2026-01-07T14:38:56.836+0000] {logging_mixin.py:188} INFO - [2026-01-07T14:38:56.835+0000] {dag.py:3036} INFO - Sync 1 DAGs
[2026-01-07T14:38:56.849+0000] {logging_mixin.py:188} INFO - [2026-01-07T14:38:56.848+0000] {dag.py:3823} INFO - Setting next_dagrun for daily_revenue_etl_dag to 2026-01-06 00:00:00+00:00, run_after=2026-01-07 00:00:00+00:00
[2026-01-07T14:38:56.859+0000] {processor.py:183} INFO - Processing /opt/airflow/dags/daily_revenue_etl_dag.py took 0.047 seconds
[2026-01-07T14:38:56.881+0000] {processor.py:161} INFO - Started process (PID=243) to work on /opt/airflow/dags/daily_revenue_etl_dag.py
[2026-01-07T14:38:56.881+0000] {processor.py:830} INFO - Processing file /opt/airflow/dags/daily_revenue_etl_dag.py for tasks to queue
[2026-01-07T14:38:56.882+0000] {logging_mixin.py:188} INFO - [2026-01-07T14:38:56.882+0000] {dagbag.py:538} INFO - Filling up the DagBag from /opt/airflow/dags/daily_revenue_etl_dag.py
[2026-01-07T14:38:56.893+0000] {processor.py:840} INFO - DAG(s) 'daily_revenue_etl_dag' retrieved from /opt/airflow/dags/daily_revenue_etl_dag.py
[2026-01-07T14:38:56.901+0000] {logging_mixin.py:188} INFO - [2026-01-07T14:38:56.900+0000] {dag.py:3036} INFO - Sync 1 DAGs
[2026-01-07T14:38:56.913+0000] {logging_mixin.py:188} INFO - [2026-01-07T14:38:56.913+0000] {dag.py:3823} INFO - Setting next_dagrun for daily_revenue_etl_dag to 2026-01-06 00:00:00+00:00, run_after=2026-01-07 00:00:00+00:00
[2026-01-07T14:38:56.928+0000] {processor.py:183} INFO - Processing /opt/airflow/dags/daily_revenue_etl_dag.py took 0.050 seconds
[2026-01-07T14:38:56.961+0000] {processor.py:161} INFO - Started process (PID=248) to work on /opt/airflow/dags/daily_revenue_etl_dag.py
[2026-01-07T14:38:56.961+0000] {processor.py:830} INFO - Processing file /opt/airflow/dags/daily_revenue_etl_dag.py for tasks to queue
[2026-01-07T14:38:56.962+0000] {logging_mixin.py:188} INFO - [2026-01-07T14:38:56.962+0000] {dagbag.py:538} INFO - Filling up the DagBag from /opt/airflow/dags/daily_revenue_etl_dag.py
[2026-01-07T14:38:56.974+0000] {processor.py:840} INFO - DAG(s) 'daily_revenue_etl_dag' retrieved from /opt/airflow/dags/daily_revenue_etl_dag.py
[2026-01-07T14:38:56.981+0000] {logging_mixin.py:188} INFO - [2026-01-07T14:38:56.981+0000] {dag.py:3036} INFO - Sync 1 DAGs
[2026-01-07T14:38:56.996+0000] {logging_mixin.py:188} INFO - [2026-01-07T14:38:56.996+0000] {dag.py:3823} INFO - Setting next_dagrun for daily_revenue_etl_dag to 2026-01-06 00:00:00+00:00, run_after=2026-01-07 00:00:00+00:00
[2026-01-07T14:38:57.008+0000] {processor.py:183} INFO - Processing /opt/airflow/dags/daily_revenue_etl_dag.py took 0.050 seconds
[2026-01-07T14:38:57.031+0000] {processor.py:161} INFO - Started process (PID=253) to work on /opt/airflow/dags/daily_revenue_etl_dag.py
[2026-01-07T14:38:57.032+0000] {processor.py:830} INFO - Processing file /opt/airflow/dags/daily_revenue_etl_dag.py for tasks to queue
[2026-01-07T14:38:57.033+0000] {logging_mixin.py:188} INFO - [2026-01-07T14:38:57.032+0000] {dagbag.py:538} INFO - Filling up the DagBag from /opt/airflow/dags/daily_revenue_etl_dag.py
[2026-01-07T14:38:57.045+0000] {processor.py:840} INFO - DAG(s) 'daily_revenue_etl_dag' retrieved from /opt/airflow/dags/daily_revenue_etl_dag.py
[2026-01-07T14:38:57.053+0000] {logging_mixin.py:188} INFO - [2026-01-07T14:38:57.053+0000] {dag.py:3036} INFO - Sync 1 DAGs
[2026-01-07T14:38:57.067+0000] {logging_mixin.py:188} INFO - [2026-01-07T14:38:57.067+0000] {dag.py:3823} INFO - Setting next_dagrun for daily_revenue_etl_dag to 2026-01-06 00:00:00+00:00, run_after=2026-01-07 00:00:00+00:00
[2026-01-07T14:38:57.088+0000] {processor.py:183} INFO - Processing /opt/airflow/dags/daily_revenue_etl_dag.py took 0.059 seconds
[2026-01-07T14:38:57.111+0000] {processor.py:161} INFO - Started process (PID=258) to work on /opt/airflow/dags/daily_revenue_etl_dag.py
[2026-01-07T14:38:57.112+0000] {processor.py:830} INFO - Processing file /opt/airflow/dags/daily_revenue_etl_dag.py for tasks to queue
[2026-01-07T14:38:57.113+0000] {logging_mixin.py:188} INFO - [2026-01-07T14:38:57.112+0000] {dagbag.py:538} INFO - Filling up the DagBag from /opt/airflow/dags/daily_revenue_etl_dag.py
[2026-01-07T14:38:57.125+0000] {processor.py:840} INFO - DAG(s) 'daily_revenue_etl_dag' retrieved from /opt/airflow/dags/daily_revenue_etl_dag.py
[2026-01-07T14:38:57.132+0000] {logging_mixin.py:188} INFO - [2026-01-07T14:38:57.132+0000] {dag.py:3036} INFO - Sync 1 DAGs
[2026-01-07T14:38:57.145+0000] {logging_mixin.py:188} INFO - [2026-01-07T14:38:57.145+0000] {dag.py:3823} INFO - Setting next_dagrun for daily_revenue_etl_dag to 2026-01-06 00:00:00+00:00, run_after=2026-01-07 00:00:00+00:00
[2026-01-07T14:38:57.156+0000] {processor.py:183} INFO - Processing /opt/airflow/dags/daily_revenue_etl_dag.py took 0.047 seconds
[2026-01-07T14:38:57.179+0000] {processor.py:161} INFO - Started process (PID=263) to work on /opt/airflow/dags/daily_revenue_etl_dag.py
[2026-01-07T14:38:57.179+0000] {processor.py:830} INFO - Processing file /opt/airflow/dags/daily_revenue_etl_dag.py for tasks to queue
[2026-01-07T14:38:57.180+0000] {logging_mixin.py:188} INFO - [2026-01-07T14:38:57.180+0000] {dagbag.py:538} INFO - Filling up the DagBag from /opt/airflow/dags/daily_revenue_etl_dag.py
[2026-01-07T14:38:57.191+0000] {processor.py:840} INFO - DAG(s) 'daily_revenue_etl_dag' retrieved from /opt/airflow/dags/daily_revenue_etl_dag.py
[2026-01-07T14:38:57.198+0000] {logging_mixin.py:188} INFO - [2026-01-07T14:38:57.198+0000] {dag.py:3036} INFO - Sync 1 DAGs
[2026-01-07T14:38:57.211+0000] {logging_mixin.py:188} INFO - [2026-01-07T14:38:57.211+0000] {dag.py:3823} INFO - Setting next_dagrun for daily_revenue_etl_dag to 2026-01-06 00:00:00+00:00, run_after=2026-01-07 00:00:00+00:00
[2026-01-07T14:38:57.222+0000] {processor.py:183} INFO - Processing /opt/airflow/dags/daily_revenue_etl_dag.py took 0.046 seconds
[2026-01-07T14:38:57.246+0000] {processor.py:161} INFO - Started process (PID=268) to work on /opt/airflow/dags/daily_revenue_etl_dag.py
[2026-01-07T14:38:57.246+0000] {processor.py:830} INFO - Processing file /opt/airflow/dags/daily_revenue_etl_dag.py for tasks to queue
[2026-01-07T14:38:57.247+0000] {logging_mixin.py:188} INFO - [2026-01-07T14:38:57.247+0000] {dagbag.py:538} INFO - Filling up the DagBag from /opt/airflow/dags/daily_revenue_etl_dag.py
[2026-01-07T14:38:57.261+0000] {processor.py:840} INFO - DAG(s) 'daily_revenue_etl_dag' retrieved from /opt/airflow/dags/daily_revenue_etl_dag.py
[2026-01-07T14:38:57.269+0000] {logging_mixin.py:188} INFO - [2026-01-07T14:38:57.269+0000] {dag.py:3036} INFO - Sync 1 DAGs
[2026-01-07T14:38:57.285+0000] {logging_mixin.py:188} INFO - [2026-01-07T14:38:57.284+0000] {dag.py:3823} INFO - Setting next_dagrun for daily_revenue_etl_dag to 2026-01-06 00:00:00+00:00, run_after=2026-01-07 00:00:00+00:00
[2026-01-07T14:38:57.296+0000] {processor.py:183} INFO - Processing /opt/airflow/dags/daily_revenue_etl_dag.py took 0.052 seconds
[2026-01-07T14:38:57.318+0000] {processor.py:161} INFO - Started process (PID=273) to work on /opt/airflow/dags/daily_revenue_etl_dag.py
[2026-01-07T14:38:57.319+0000] {processor.py:830} INFO - Processing file /opt/airflow/dags/daily_revenue_etl_dag.py for tasks to queue
[2026-01-07T14:38:57.320+0000] {logging_mixin.py:188} INFO - [2026-01-07T14:38:57.320+0000] {dagbag.py:538} INFO - Filling up the DagBag from /opt/airflow/dags/daily_revenue_etl_dag.py
[2026-01-07T14:38:57.331+0000] {processor.py:840} INFO - DAG(s) 'daily_revenue_etl_dag' retrieved from /opt/airflow/dags/daily_revenue_etl_dag.py
[2026-01-07T14:38:57.338+0000] {logging_mixin.py:188} INFO - [2026-01-07T14:38:57.338+0000] {dag.py:3036} INFO - Sync 1 DAGs
[2026-01-07T14:38:57.352+0000] {logging_mixin.py:188} INFO - [2026-01-07T14:38:57.351+0000] {dag.py:3823} INFO - Setting next_dagrun for daily_revenue_etl_dag to 2026-01-06 00:00:00+00:00, run_after=2026-01-07 00:00:00+00:00
[2026-01-07T14:38:57.362+0000] {processor.py:183} INFO - Processing /opt/airflow/dags/daily_revenue_etl_dag.py took 0.046 seconds
[2026-01-07T14:38:57.383+0000] {processor.py:161} INFO - Started process (PID=278) to work on /opt/airflow/dags/daily_revenue_etl_dag.py
[2026-01-07T14:38:57.384+0000] {processor.py:830} INFO - Processing file /opt/airflow/dags/daily_revenue_etl_dag.py for tasks to queue
[2026-01-07T14:38:57.385+0000] {logging_mixin.py:188} INFO - [2026-01-07T14:38:57.384+0000] {dagbag.py:538} INFO - Filling up the DagBag from /opt/airflow/dags/daily_revenue_etl_dag.py
[2026-01-07T14:38:57.396+0000] {processor.py:840} INFO - DAG(s) 'daily_revenue_etl_dag' retrieved from /opt/airflow/dags/daily_revenue_etl_dag.py
[2026-01-07T14:38:57.403+0000] {logging_mixin.py:188} INFO - [2026-01-07T14:38:57.403+0000] {dag.py:3036} INFO - Sync 1 DAGs
[2026-01-07T14:38:57.416+0000] {logging_mixin.py:188} INFO - [2026-01-07T14:38:57.416+0000] {dag.py:3823} INFO - Setting next_dagrun for daily_revenue_etl_dag to 2026-01-06 00:00:00+00:00, run_after=2026-01-07 00:00:00+00:00
[2026-01-07T14:38:57.427+0000] {processor.py:183} INFO - Processing /opt/airflow/dags/daily_revenue_etl_dag.py took 0.046 seconds
[2026-01-07T14:38:57.448+0000] {processor.py:161} INFO - Started process (PID=283) to work on /opt/airflow/dags/daily_revenue_etl_dag.py
[2026-01-07T14:38:57.449+0000] {processor.py:830} INFO - Processing file /opt/airflow/dags/daily_revenue_etl_dag.py for tasks to queue
[2026-01-07T14:38:57.449+0000] {logging_mixin.py:188} INFO - [2026-01-07T14:38:57.449+0000] {dagbag.py:538} INFO - Filling up the DagBag from /opt/airflow/dags/daily_revenue_etl_dag.py
[2026-01-07T14:38:57.463+0000] {processor.py:840} INFO - DAG(s) 'daily_revenue_etl_dag' retrieved from /opt/airflow/dags/daily_revenue_etl_dag.py
[2026-01-07T14:38:57.472+0000] {logging_mixin.py:188} INFO - [2026-01-07T14:38:57.472+0000] {dag.py:3036} INFO - Sync 1 DAGs
[2026-01-07T14:38:57.487+0000] {logging_mixin.py:188} INFO - [2026-01-07T14:38:57.487+0000] {dag.py:3823} INFO - Setting next_dagrun for daily_revenue_etl_dag to 2026-01-06 00:00:00+00:00, run_after=2026-01-07 00:00:00+00:00
[2026-01-07T14:38:57.499+0000] {processor.py:183} INFO - Processing /opt/airflow/dags/daily_revenue_etl_dag.py took 0.054 seconds
[2026-01-07T14:38:57.522+0000] {processor.py:161} INFO - Started process (PID=288) to work on /opt/airflow/dags/daily_revenue_etl_dag.py
[2026-01-07T14:38:57.523+0000] {processor.py:830} INFO - Processing file /opt/airflow/dags/daily_revenue_etl_dag.py for tasks to queue
[2026-01-07T14:38:57.524+0000] {logging_mixin.py:188} INFO - [2026-01-07T14:38:57.524+0000] {dagbag.py:538} INFO - Filling up the DagBag from /opt/airflow/dags/daily_revenue_etl_dag.py
[2026-01-07T14:38:57.546+0000] {processor.py:840} INFO - DAG(s) 'daily_revenue_etl_dag' retrieved from /opt/airflow/dags/daily_revenue_etl_dag.py
[2026-01-07T14:38:57.555+0000] {logging_mixin.py:188} INFO - [2026-01-07T14:38:57.555+0000] {dag.py:3036} INFO - Sync 1 DAGs
[2026-01-07T14:38:57.569+0000] {logging_mixin.py:188} INFO - [2026-01-07T14:38:57.569+0000] {dag.py:3823} INFO - Setting next_dagrun for daily_revenue_etl_dag to 2026-01-06 00:00:00+00:00, run_after=2026-01-07 00:00:00+00:00
[2026-01-07T14:38:57.581+0000] {processor.py:183} INFO - Processing /opt/airflow/dags/daily_revenue_etl_dag.py took 0.060 seconds
[2026-01-07T14:38:57.615+0000] {processor.py:161} INFO - Started process (PID=293) to work on /opt/airflow/dags/daily_revenue_etl_dag.py
[2026-01-07T14:38:57.616+0000] {processor.py:830} INFO - Processing file /opt/airflow/dags/daily_revenue_etl_dag.py for tasks to queue
[2026-01-07T14:38:57.616+0000] {logging_mixin.py:188} INFO - [2026-01-07T14:38:57.616+0000] {dagbag.py:538} INFO - Filling up the DagBag from /opt/airflow/dags/daily_revenue_etl_dag.py
[2026-01-07T14:38:57.630+0000] {processor.py:840} INFO - DAG(s) 'daily_revenue_etl_dag' retrieved from /opt/airflow/dags/daily_revenue_etl_dag.py
[2026-01-07T14:38:57.639+0000] {logging_mixin.py:188} INFO - [2026-01-07T14:38:57.638+0000] {dag.py:3036} INFO - Sync 1 DAGs
[2026-01-07T14:38:57.652+0000] {logging_mixin.py:188} INFO - [2026-01-07T14:38:57.652+0000] {dag.py:3823} INFO - Setting next_dagrun for daily_revenue_etl_dag to 2026-01-06 00:00:00+00:00, run_after=2026-01-07 00:00:00+00:00
[2026-01-07T14:38:57.663+0000] {processor.py:183} INFO - Processing /opt/airflow/dags/daily_revenue_etl_dag.py took 0.052 seconds
[2026-01-07T14:38:57.685+0000] {processor.py:161} INFO - Started process (PID=298) to work on /opt/airflow/dags/daily_revenue_etl_dag.py
[2026-01-07T14:38:57.686+0000] {processor.py:830} INFO - Processing file /opt/airflow/dags/daily_revenue_etl_dag.py for tasks to queue
[2026-01-07T14:38:57.687+0000] {logging_mixin.py:188} INFO - [2026-01-07T14:38:57.687+0000] {dagbag.py:538} INFO - Filling up the DagBag from /opt/airflow/dags/daily_revenue_etl_dag.py
[2026-01-07T14:38:57.698+0000] {processor.py:840} INFO - DAG(s) 'daily_revenue_etl_dag' retrieved from /opt/airflow/dags/daily_revenue_etl_dag.py
[2026-01-07T14:38:57.706+0000] {logging_mixin.py:188} INFO - [2026-01-07T14:38:57.705+0000] {dag.py:3036} INFO - Sync 1 DAGs
[2026-01-07T14:38:57.719+0000] {logging_mixin.py:188} INFO - [2026-01-07T14:38:57.719+0000] {dag.py:3823} INFO - Setting next_dagrun for daily_revenue_etl_dag to 2026-01-06 00:00:00+00:00, run_after=2026-01-07 00:00:00+00:00
[2026-01-07T14:38:57.731+0000] {processor.py:183} INFO - Processing /opt/airflow/dags/daily_revenue_etl_dag.py took 0.048 seconds
[2026-01-07T14:38:57.765+0000] {processor.py:161} INFO - Started process (PID=303) to work on /opt/airflow/dags/daily_revenue_etl_dag.py
[2026-01-07T14:38:57.766+0000] {processor.py:830} INFO - Processing file /opt/airflow/dags/daily_revenue_etl_dag.py for tasks to queue
[2026-01-07T14:38:57.767+0000] {logging_mixin.py:188} INFO - [2026-01-07T14:38:57.767+0000] {dagbag.py:538} INFO - Filling up the DagBag from /opt/airflow/dags/daily_revenue_etl_dag.py
[2026-01-07T14:38:57.791+0000] {processor.py:840} INFO - DAG(s) 'daily_revenue_etl_dag' retrieved from /opt/airflow/dags/daily_revenue_etl_dag.py
[2026-01-07T14:38:57.803+0000] {logging_mixin.py:188} INFO - [2026-01-07T14:38:57.803+0000] {dag.py:3036} INFO - Sync 1 DAGs
[2026-01-07T14:38:57.820+0000] {logging_mixin.py:188} INFO - [2026-01-07T14:38:57.820+0000] {dag.py:3823} INFO - Setting next_dagrun for daily_revenue_etl_dag to 2026-01-06 00:00:00+00:00, run_after=2026-01-07 00:00:00+00:00
[2026-01-07T14:38:57.835+0000] {processor.py:183} INFO - Processing /opt/airflow/dags/daily_revenue_etl_dag.py took 0.075 seconds
[2026-01-07T14:38:57.865+0000] {processor.py:161} INFO - Started process (PID=308) to work on /opt/airflow/dags/daily_revenue_etl_dag.py
[2026-01-07T14:38:57.866+0000] {processor.py:830} INFO - Processing file /opt/airflow/dags/daily_revenue_etl_dag.py for tasks to queue
[2026-01-07T14:38:57.867+0000] {logging_mixin.py:188} INFO - [2026-01-07T14:38:57.867+0000] {dagbag.py:538} INFO - Filling up the DagBag from /opt/airflow/dags/daily_revenue_etl_dag.py
[2026-01-07T14:38:57.883+0000] {processor.py:840} INFO - DAG(s) 'daily_revenue_etl_dag' retrieved from /opt/airflow/dags/daily_revenue_etl_dag.py
[2026-01-07T14:38:57.893+0000] {logging_mixin.py:188} INFO - [2026-01-07T14:38:57.893+0000] {dag.py:3036} INFO - Sync 1 DAGs
[2026-01-07T14:38:57.907+0000] {logging_mixin.py:188} INFO - [2026-01-07T14:38:57.907+0000] {dag.py:3823} INFO - Setting next_dagrun for daily_revenue_etl_dag to 2026-01-06 00:00:00+00:00, run_after=2026-01-07 00:00:00+00:00
[2026-01-07T14:38:57.922+0000] {processor.py:183} INFO - Processing /opt/airflow/dags/daily_revenue_etl_dag.py took 0.059 seconds
[2026-01-07T14:38:57.962+0000] {processor.py:161} INFO - Started process (PID=313) to work on /opt/airflow/dags/daily_revenue_etl_dag.py
[2026-01-07T14:38:57.963+0000] {processor.py:830} INFO - Processing file /opt/airflow/dags/daily_revenue_etl_dag.py for tasks to queue
[2026-01-07T14:38:57.964+0000] {logging_mixin.py:188} INFO - [2026-01-07T14:38:57.964+0000] {dagbag.py:538} INFO - Filling up the DagBag from /opt/airflow/dags/daily_revenue_etl_dag.py
[2026-01-07T14:38:57.978+0000] {processor.py:840} INFO - DAG(s) 'daily_revenue_etl_dag' retrieved from /opt/airflow/dags/daily_revenue_etl_dag.py
[2026-01-07T14:38:57.987+0000] {logging_mixin.py:188} INFO - [2026-01-07T14:38:57.987+0000] {dag.py:3036} INFO - Sync 1 DAGs
[2026-01-07T14:38:58.004+0000] {logging_mixin.py:188} INFO - [2026-01-07T14:38:58.004+0000] {dag.py:3823} INFO - Setting next_dagrun for daily_revenue_etl_dag to 2026-01-06 00:00:00+00:00, run_after=2026-01-07 00:00:00+00:00
[2026-01-07T14:38:58.015+0000] {processor.py:183} INFO - Processing /opt/airflow/dags/daily_revenue_etl_dag.py took 0.055 seconds
[2026-01-07T14:38:58.050+0000] {processor.py:161} INFO - Started process (PID=318) to work on /opt/airflow/dags/daily_revenue_etl_dag.py
[2026-01-07T14:38:58.051+0000] {processor.py:830} INFO - Processing file /opt/airflow/dags/daily_revenue_etl_dag.py for tasks to queue
[2026-01-07T14:38:58.052+0000] {logging_mixin.py:188} INFO - [2026-01-07T14:38:58.052+0000] {dagbag.py:538} INFO - Filling up the DagBag from /opt/airflow/dags/daily_revenue_etl_dag.py
[2026-01-07T14:38:58.068+0000] {processor.py:840} INFO - DAG(s) 'daily_revenue_etl_dag' retrieved from /opt/airflow/dags/daily_revenue_etl_dag.py
[2026-01-07T14:38:58.076+0000] {logging_mixin.py:188} INFO - [2026-01-07T14:38:58.076+0000] {dag.py:3036} INFO - Sync 1 DAGs
[2026-01-07T14:38:58.092+0000] {logging_mixin.py:188} INFO - [2026-01-07T14:38:58.092+0000] {dag.py:3823} INFO - Setting next_dagrun for daily_revenue_etl_dag to 2026-01-06 00:00:00+00:00, run_after=2026-01-07 00:00:00+00:00
[2026-01-07T14:38:58.107+0000] {processor.py:183} INFO - Processing /opt/airflow/dags/daily_revenue_etl_dag.py took 0.060 seconds
[2026-01-07T14:38:58.132+0000] {processor.py:161} INFO - Started process (PID=323) to work on /opt/airflow/dags/daily_revenue_etl_dag.py
[2026-01-07T14:38:58.134+0000] {processor.py:830} INFO - Processing file /opt/airflow/dags/daily_revenue_etl_dag.py for tasks to queue
[2026-01-07T14:38:58.136+0000] {logging_mixin.py:188} INFO - [2026-01-07T14:38:58.136+0000] {dagbag.py:538} INFO - Filling up the DagBag from /opt/airflow/dags/daily_revenue_etl_dag.py
[2026-01-07T14:38:58.148+0000] {processor.py:840} INFO - DAG(s) 'daily_revenue_etl_dag' retrieved from /opt/airflow/dags/daily_revenue_etl_dag.py
[2026-01-07T14:38:58.157+0000] {logging_mixin.py:188} INFO - [2026-01-07T14:38:58.156+0000] {dag.py:3036} INFO - Sync 1 DAGs
[2026-01-07T14:38:58.172+0000] {logging_mixin.py:188} INFO - [2026-01-07T14:38:58.171+0000] {dag.py:3823} INFO - Setting next_dagrun for daily_revenue_etl_dag to 2026-01-06 00:00:00+00:00, run_after=2026-01-07 00:00:00+00:00
[2026-01-07T14:38:58.182+0000] {processor.py:183} INFO - Processing /opt/airflow/dags/daily_revenue_etl_dag.py took 0.053 seconds
[2026-01-07T14:38:58.214+0000] {processor.py:161} INFO - Started process (PID=328) to work on /opt/airflow/dags/daily_revenue_etl_dag.py
[2026-01-07T14:38:58.215+0000] {processor.py:830} INFO - Processing file /opt/airflow/dags/daily_revenue_etl_dag.py for tasks to queue
[2026-01-07T14:38:58.216+0000] {logging_mixin.py:188} INFO - [2026-01-07T14:38:58.216+0000] {dagbag.py:538} INFO - Filling up the DagBag from /opt/airflow/dags/daily_revenue_etl_dag.py
[2026-01-07T14:38:58.229+0000] {processor.py:840} INFO - DAG(s) 'daily_revenue_etl_dag' retrieved from /opt/airflow/dags/daily_revenue_etl_dag.py
[2026-01-07T14:38:58.239+0000] {logging_mixin.py:188} INFO - [2026-01-07T14:38:58.239+0000] {dag.py:3036} INFO - Sync 1 DAGs
[2026-01-07T14:38:58.255+0000] {logging_mixin.py:188} INFO - [2026-01-07T14:38:58.254+0000] {dag.py:3823} INFO - Setting next_dagrun for daily_revenue_etl_dag to 2026-01-06 00:00:00+00:00, run_after=2026-01-07 00:00:00+00:00
[2026-01-07T14:38:58.267+0000] {processor.py:183} INFO - Processing /opt/airflow/dags/daily_revenue_etl_dag.py took 0.055 seconds
[2026-01-07T14:38:58.292+0000] {processor.py:161} INFO - Started process (PID=333) to work on /opt/airflow/dags/daily_revenue_etl_dag.py
[2026-01-07T14:38:58.293+0000] {processor.py:830} INFO - Processing file /opt/airflow/dags/daily_revenue_etl_dag.py for tasks to queue
[2026-01-07T14:38:58.294+0000] {logging_mixin.py:188} INFO - [2026-01-07T14:38:58.293+0000] {dagbag.py:538} INFO - Filling up the DagBag from /opt/airflow/dags/daily_revenue_etl_dag.py
[2026-01-07T14:38:58.309+0000] {processor.py:840} INFO - DAG(s) 'daily_revenue_etl_dag' retrieved from /opt/airflow/dags/daily_revenue_etl_dag.py
[2026-01-07T14:38:58.318+0000] {logging_mixin.py:188} INFO - [2026-01-07T14:38:58.318+0000] {dag.py:3036} INFO - Sync 1 DAGs
[2026-01-07T14:38:58.332+0000] {logging_mixin.py:188} INFO - [2026-01-07T14:38:58.331+0000] {dag.py:3823} INFO - Setting next_dagrun for daily_revenue_etl_dag to 2026-01-06 00:00:00+00:00, run_after=2026-01-07 00:00:00+00:00
[2026-01-07T14:38:58.345+0000] {processor.py:183} INFO - Processing /opt/airflow/dags/daily_revenue_etl_dag.py took 0.055 seconds
[2026-01-07T14:38:58.368+0000] {processor.py:161} INFO - Started process (PID=338) to work on /opt/airflow/dags/daily_revenue_etl_dag.py
[2026-01-07T14:38:58.369+0000] {processor.py:830} INFO - Processing file /opt/airflow/dags/daily_revenue_etl_dag.py for tasks to queue
[2026-01-07T14:38:58.369+0000] {logging_mixin.py:188} INFO - [2026-01-07T14:38:58.369+0000] {dagbag.py:538} INFO - Filling up the DagBag from /opt/airflow/dags/daily_revenue_etl_dag.py
[2026-01-07T14:38:58.382+0000] {processor.py:840} INFO - DAG(s) 'daily_revenue_etl_dag' retrieved from /opt/airflow/dags/daily_revenue_etl_dag.py
[2026-01-07T14:38:58.390+0000] {logging_mixin.py:188} INFO - [2026-01-07T14:38:58.390+0000] {dag.py:3036} INFO - Sync 1 DAGs
[2026-01-07T14:41:23.188+0000] {logging_mixin.py:188} INFO - [2026-01-07T14:41:23.188+0000] {dag.py:3823} INFO - Setting next_dagrun for daily_revenue_etl_dag to 2026-01-06 00:00:00+00:00, run_after=2026-01-07 00:00:00+00:00
[2026-01-07T14:41:23.200+0000] {processor.py:183} INFO - Processing /opt/airflow/dags/daily_revenue_etl_dag.py took 0.052 seconds
[2026-01-07T14:41:53.372+0000] {processor.py:161} INFO - Started process (PID=344) to work on /opt/airflow/dags/daily_revenue_etl_dag.py
[2026-01-07T14:41:53.374+0000] {processor.py:830} INFO - Processing file /opt/airflow/dags/daily_revenue_etl_dag.py for tasks to queue
[2026-01-07T14:41:53.375+0000] {logging_mixin.py:188} INFO - [2026-01-07T14:41:53.374+0000] {dagbag.py:538} INFO - Filling up the DagBag from /opt/airflow/dags/daily_revenue_etl_dag.py
[2026-01-07T14:41:53.389+0000] {processor.py:840} INFO - DAG(s) 'daily_revenue_etl_dag' retrieved from /opt/airflow/dags/daily_revenue_etl_dag.py
[2026-01-07T14:41:53.408+0000] {logging_mixin.py:188} INFO - [2026-01-07T14:41:53.408+0000] {dag.py:3036} INFO - Sync 1 DAGs
[2026-01-07T14:41:53.420+0000] {logging_mixin.py:188} INFO - [2026-01-07T14:41:53.420+0000] {dag.py:3823} INFO - Setting next_dagrun for daily_revenue_etl_dag to 2026-01-06 00:00:00+00:00, run_after=2026-01-07 00:00:00+00:00
[2026-01-07T14:41:53.431+0000] {processor.py:183} INFO - Processing /opt/airflow/dags/daily_revenue_etl_dag.py took 0.063 seconds
[2026-01-07T14:43:21.009+0000] {processor.py:161} INFO - Started process (PID=350) to work on /opt/airflow/dags/daily_revenue_etl_dag.py
[2026-01-07T14:43:21.010+0000] {processor.py:830} INFO - Processing file /opt/airflow/dags/daily_revenue_etl_dag.py for tasks to queue
[2026-01-07T14:43:21.010+0000] {logging_mixin.py:188} INFO - [2026-01-07T14:43:21.010+0000] {dagbag.py:538} INFO - Filling up the DagBag from /opt/airflow/dags/daily_revenue_etl_dag.py
[2026-01-07T14:43:21.024+0000] {processor.py:840} INFO - DAG(s) 'daily_revenue_etl_dag' retrieved from /opt/airflow/dags/daily_revenue_etl_dag.py
[2026-01-07T14:43:21.042+0000] {logging_mixin.py:188} INFO - [2026-01-07T14:43:21.042+0000] {dag.py:3036} INFO - Sync 1 DAGs
[2026-01-07T14:43:21.057+0000] {logging_mixin.py:188} INFO - [2026-01-07T14:43:21.057+0000] {dag.py:3823} INFO - Setting next_dagrun for daily_revenue_etl_dag to 2026-01-06 00:00:00+00:00, run_after=2026-01-07 00:00:00+00:00
[2026-01-07T14:43:21.068+0000] {processor.py:183} INFO - Processing /opt/airflow/dags/daily_revenue_etl_dag.py took 0.061 seconds
[2026-01-07T14:44:28.557+0000] {processor.py:161} INFO - Started process (PID=355) to work on /opt/airflow/dags/daily_revenue_etl_dag.py
[2026-01-07T14:44:28.558+0000] {processor.py:830} INFO - Processing file /opt/airflow/dags/daily_revenue_etl_dag.py for tasks to queue
[2026-01-07T14:44:28.559+0000] {logging_mixin.py:188} INFO - [2026-01-07T14:44:28.558+0000] {dagbag.py:538} INFO - Filling up the DagBag from /opt/airflow/dags/daily_revenue_etl_dag.py
[2026-01-07T14:44:28.586+0000] {processor.py:840} INFO - DAG(s) 'daily_revenue_etl_dag' retrieved from /opt/airflow/dags/daily_revenue_etl_dag.py
[2026-01-07T14:44:28.608+0000] {logging_mixin.py:188} INFO - [2026-01-07T14:44:28.608+0000] {dag.py:3036} INFO - Sync 1 DAGs
[2026-01-07T14:44:28.624+0000] {logging_mixin.py:188} INFO - [2026-01-07T14:44:28.623+0000] {dag.py:3823} INFO - Setting next_dagrun for daily_revenue_etl_dag to 2026-01-06 00:00:00+00:00, run_after=2026-01-07 00:00:00+00:00
[2026-01-07T14:44:28.638+0000] {processor.py:183} INFO - Processing /opt/airflow/dags/daily_revenue_etl_dag.py took 0.084 seconds
[2026-01-07T14:45:20.972+0000] {processor.py:161} INFO - Started process (PID=360) to work on /opt/airflow/dags/daily_revenue_etl_dag.py
[2026-01-07T14:45:20.973+0000] {processor.py:830} INFO - Processing file /opt/airflow/dags/daily_revenue_etl_dag.py for tasks to queue
[2026-01-07T14:45:20.974+0000] {logging_mixin.py:188} INFO - [2026-01-07T14:45:20.974+0000] {dagbag.py:538} INFO - Filling up the DagBag from /opt/airflow/dags/daily_revenue_etl_dag.py
[2026-01-07T14:45:20.993+0000] {processor.py:840} INFO - DAG(s) 'daily_revenue_etl_dag' retrieved from /opt/airflow/dags/daily_revenue_etl_dag.py
[2026-01-07T14:45:21.019+0000] {logging_mixin.py:188} INFO - [2026-01-07T14:45:21.019+0000] {dag.py:3036} INFO - Sync 1 DAGs
[2026-01-07T14:45:21.039+0000] {logging_mixin.py:188} INFO - [2026-01-07T14:45:21.039+0000] {dag.py:3823} INFO - Setting next_dagrun for daily_revenue_etl_dag to 2026-01-06 00:00:00+00:00, run_after=2026-01-07 00:00:00+00:00
[2026-01-07T14:45:21.054+0000] {processor.py:183} INFO - Processing /opt/airflow/dags/daily_revenue_etl_dag.py took 0.086 seconds
[2026-01-07T14:45:06.951+0000] {processor.py:161} INFO - Started process (PID=415) to work on /opt/airflow/dags/daily_revenue_etl_dag.py
[2026-01-07T14:45:06.952+0000] {processor.py:830} INFO - Processing file /opt/airflow/dags/daily_revenue_etl_dag.py for tasks to queue
[2026-01-07T14:45:06.953+0000] {logging_mixin.py:188} INFO - [2026-01-07T14:45:06.953+0000] {dagbag.py:538} INFO - Filling up the DagBag from /opt/airflow/dags/daily_revenue_etl_dag.py
[2026-01-07T14:45:06.988+0000] {processor.py:840} INFO - DAG(s) 'daily_revenue_etl_dag' retrieved from /opt/airflow/dags/daily_revenue_etl_dag.py
[2026-01-07T14:45:07.079+0000] {logging_mixin.py:188} INFO - [2026-01-07T14:45:07.079+0000] {dag.py:3036} INFO - Sync 1 DAGs
[2026-01-07T14:45:07.092+0000] {logging_mixin.py:188} INFO - [2026-01-07T14:45:07.092+0000] {dag.py:3823} INFO - Setting next_dagrun for daily_revenue_etl_dag to 2026-01-07 00:00:00+00:00, run_after=2026-01-08 00:00:00+00:00
[2026-01-07T14:45:07.106+0000] {processor.py:183} INFO - Processing /opt/airflow/dags/daily_revenue_etl_dag.py took 0.158 seconds
[2026-01-07T14:45:07.131+0000] {processor.py:161} INFO - Started process (PID=420) to work on /opt/airflow/dags/daily_revenue_etl_dag.py
[2026-01-07T14:45:07.132+0000] {processor.py:830} INFO - Processing file /opt/airflow/dags/daily_revenue_etl_dag.py for tasks to queue
[2026-01-07T14:45:07.133+0000] {logging_mixin.py:188} INFO - [2026-01-07T14:45:07.133+0000] {dagbag.py:538} INFO - Filling up the DagBag from /opt/airflow/dags/daily_revenue_etl_dag.py
[2026-01-07T14:45:07.146+0000] {processor.py:840} INFO - DAG(s) 'daily_revenue_etl_dag' retrieved from /opt/airflow/dags/daily_revenue_etl_dag.py
[2026-01-07T14:45:07.154+0000] {logging_mixin.py:188} INFO - [2026-01-07T14:45:07.154+0000] {dag.py:3036} INFO - Sync 1 DAGs
[2026-01-07T14:45:07.173+0000] {logging_mixin.py:188} INFO - [2026-01-07T14:45:07.173+0000] {dag.py:3823} INFO - Setting next_dagrun for daily_revenue_etl_dag to 2026-01-07 00:00:00+00:00, run_after=2026-01-08 00:00:00+00:00
[2026-01-07T14:45:07.186+0000] {processor.py:183} INFO - Processing /opt/airflow/dags/daily_revenue_etl_dag.py took 0.058 seconds
[2026-01-07T14:45:07.213+0000] {processor.py:161} INFO - Started process (PID=425) to work on /opt/airflow/dags/daily_revenue_etl_dag.py
[2026-01-07T14:45:07.214+0000] {processor.py:830} INFO - Processing file /opt/airflow/dags/daily_revenue_etl_dag.py for tasks to queue
[2026-01-07T14:45:07.215+0000] {logging_mixin.py:188} INFO - [2026-01-07T14:45:07.215+0000] {dagbag.py:538} INFO - Filling up the DagBag from /opt/airflow/dags/daily_revenue_etl_dag.py
[2026-01-07T14:45:07.230+0000] {processor.py:840} INFO - DAG(s) 'daily_revenue_etl_dag' retrieved from /opt/airflow/dags/daily_revenue_etl_dag.py
[2026-01-07T14:45:07.239+0000] {logging_mixin.py:188} INFO - [2026-01-07T14:45:07.239+0000] {dag.py:3036} INFO - Sync 1 DAGs
[2026-01-07T14:45:07.254+0000] {logging_mixin.py:188} INFO - [2026-01-07T14:45:07.253+0000] {dag.py:3823} INFO - Setting next_dagrun for daily_revenue_etl_dag to 2026-01-07 00:00:00+00:00, run_after=2026-01-08 00:00:00+00:00
[2026-01-07T14:45:07.266+0000] {processor.py:183} INFO - Processing /opt/airflow/dags/daily_revenue_etl_dag.py took 0.055 seconds
[2026-01-07T14:45:07.288+0000] {processor.py:161} INFO - Started process (PID=430) to work on /opt/airflow/dags/daily_revenue_etl_dag.py
[2026-01-07T14:45:07.289+0000] {processor.py:830} INFO - Processing file /opt/airflow/dags/daily_revenue_etl_dag.py for tasks to queue
[2026-01-07T14:45:07.289+0000] {logging_mixin.py:188} INFO - [2026-01-07T14:45:07.289+0000] {dagbag.py:538} INFO - Filling up the DagBag from /opt/airflow/dags/daily_revenue_etl_dag.py
[2026-01-07T14:45:07.303+0000] {processor.py:840} INFO - DAG(s) 'daily_revenue_etl_dag' retrieved from /opt/airflow/dags/daily_revenue_etl_dag.py
[2026-01-07T14:45:07.312+0000] {logging_mixin.py:188} INFO - [2026-01-07T14:45:07.311+0000] {dag.py:3036} INFO - Sync 1 DAGs
[2026-01-07T14:45:07.329+0000] {logging_mixin.py:188} INFO - [2026-01-07T14:45:07.329+0000] {dag.py:3823} INFO - Setting next_dagrun for daily_revenue_etl_dag to 2026-01-07 00:00:00+00:00, run_after=2026-01-08 00:00:00+00:00
[2026-01-07T14:45:07.343+0000] {processor.py:183} INFO - Processing /opt/airflow/dags/daily_revenue_etl_dag.py took 0.058 seconds
[2026-01-07T14:45:07.372+0000] {processor.py:161} INFO - Started process (PID=435) to work on /opt/airflow/dags/daily_revenue_etl_dag.py
[2026-01-07T14:45:07.373+0000] {processor.py:830} INFO - Processing file /opt/airflow/dags/daily_revenue_etl_dag.py for tasks to queue
[2026-01-07T14:45:07.374+0000] {logging_mixin.py:188} INFO - [2026-01-07T14:45:07.374+0000] {dagbag.py:538} INFO - Filling up the DagBag from /opt/airflow/dags/daily_revenue_etl_dag.py
[2026-01-07T14:45:07.390+0000] {processor.py:840} INFO - DAG(s) 'daily_revenue_etl_dag' retrieved from /opt/airflow/dags/daily_revenue_etl_dag.py
[2026-01-07T14:45:07.399+0000] {logging_mixin.py:188} INFO - [2026-01-07T14:45:07.399+0000] {dag.py:3036} INFO - Sync 1 DAGs
[2026-01-07T14:45:07.416+0000] {logging_mixin.py:188} INFO - [2026-01-07T14:45:07.416+0000] {dag.py:3823} INFO - Setting next_dagrun for daily_revenue_etl_dag to 2026-01-07 00:00:00+00:00, run_after=2026-01-08 00:00:00+00:00
[2026-01-07T14:45:07.433+0000] {processor.py:183} INFO - Processing /opt/airflow/dags/daily_revenue_etl_dag.py took 0.063 seconds
[2026-01-07T14:45:07.455+0000] {processor.py:161} INFO - Started process (PID=440) to work on /opt/airflow/dags/daily_revenue_etl_dag.py
[2026-01-07T14:45:07.456+0000] {processor.py:830} INFO - Processing file /opt/airflow/dags/daily_revenue_etl_dag.py for tasks to queue
[2026-01-07T14:45:07.457+0000] {logging_mixin.py:188} INFO - [2026-01-07T14:45:07.457+0000] {dagbag.py:538} INFO - Filling up the DagBag from /opt/airflow/dags/daily_revenue_etl_dag.py
[2026-01-07T14:45:07.474+0000] {processor.py:840} INFO - DAG(s) 'daily_revenue_etl_dag' retrieved from /opt/airflow/dags/daily_revenue_etl_dag.py
[2026-01-07T14:45:07.483+0000] {logging_mixin.py:188} INFO - [2026-01-07T14:45:07.483+0000] {dag.py:3036} INFO - Sync 1 DAGs
[2026-01-07T14:45:07.497+0000] {logging_mixin.py:188} INFO - [2026-01-07T14:45:07.497+0000] {dag.py:3823} INFO - Setting next_dagrun for daily_revenue_etl_dag to 2026-01-07 00:00:00+00:00, run_after=2026-01-08 00:00:00+00:00
[2026-01-07T14:45:07.509+0000] {processor.py:183} INFO - Processing /opt/airflow/dags/daily_revenue_etl_dag.py took 0.056 seconds
[2026-01-07T14:45:07.551+0000] {processor.py:161} INFO - Started process (PID=445) to work on /opt/airflow/dags/daily_revenue_etl_dag.py
[2026-01-07T14:45:07.552+0000] {processor.py:830} INFO - Processing file /opt/airflow/dags/daily_revenue_etl_dag.py for tasks to queue
[2026-01-07T14:45:07.554+0000] {logging_mixin.py:188} INFO - [2026-01-07T14:45:07.553+0000] {dagbag.py:538} INFO - Filling up the DagBag from /opt/airflow/dags/daily_revenue_etl_dag.py
[2026-01-07T14:45:07.577+0000] {processor.py:840} INFO - DAG(s) 'daily_revenue_etl_dag' retrieved from /opt/airflow/dags/daily_revenue_etl_dag.py
[2026-01-07T14:45:07.589+0000] {logging_mixin.py:188} INFO - [2026-01-07T14:45:07.588+0000] {dag.py:3036} INFO - Sync 1 DAGs
[2026-01-07T14:45:07.612+0000] {logging_mixin.py:188} INFO - [2026-01-07T14:45:07.612+0000] {dag.py:3823} INFO - Setting next_dagrun for daily_revenue_etl_dag to 2026-01-07 00:00:00+00:00, run_after=2026-01-08 00:00:00+00:00
[2026-01-07T14:45:07.625+0000] {processor.py:183} INFO - Processing /opt/airflow/dags/daily_revenue_etl_dag.py took 0.078 seconds
[2026-01-07T14:45:07.655+0000] {processor.py:161} INFO - Started process (PID=450) to work on /opt/airflow/dags/daily_revenue_etl_dag.py
[2026-01-07T14:45:07.656+0000] {processor.py:830} INFO - Processing file /opt/airflow/dags/daily_revenue_etl_dag.py for tasks to queue
[2026-01-07T14:45:07.657+0000] {logging_mixin.py:188} INFO - [2026-01-07T14:45:07.656+0000] {dagbag.py:538} INFO - Filling up the DagBag from /opt/airflow/dags/daily_revenue_etl_dag.py
[2026-01-07T14:45:07.676+0000] {processor.py:840} INFO - DAG(s) 'daily_revenue_etl_dag' retrieved from /opt/airflow/dags/daily_revenue_etl_dag.py
[2026-01-07T14:45:07.685+0000] {logging_mixin.py:188} INFO - [2026-01-07T14:45:07.685+0000] {dag.py:3036} INFO - Sync 1 DAGs
[2026-01-07T14:45:07.701+0000] {logging_mixin.py:188} INFO - [2026-01-07T14:45:07.700+0000] {dag.py:3823} INFO - Setting next_dagrun for daily_revenue_etl_dag to 2026-01-07 00:00:00+00:00, run_after=2026-01-08 00:00:00+00:00
[2026-01-07T14:45:07.715+0000] {processor.py:183} INFO - Processing /opt/airflow/dags/daily_revenue_etl_dag.py took 0.063 seconds
[2026-01-07T14:45:07.743+0000] {processor.py:161} INFO - Started process (PID=455) to work on /opt/airflow/dags/daily_revenue_etl_dag.py
[2026-01-07T14:45:07.744+0000] {processor.py:830} INFO - Processing file /opt/airflow/dags/daily_revenue_etl_dag.py for tasks to queue
[2026-01-07T14:45:07.744+0000] {logging_mixin.py:188} INFO - [2026-01-07T14:45:07.744+0000] {dagbag.py:538} INFO - Filling up the DagBag from /opt/airflow/dags/daily_revenue_etl_dag.py
[2026-01-07T14:45:07.764+0000] {processor.py:840} INFO - DAG(s) 'daily_revenue_etl_dag' retrieved from /opt/airflow/dags/daily_revenue_etl_dag.py
[2026-01-07T14:45:07.776+0000] {logging_mixin.py:188} INFO - [2026-01-07T14:45:07.776+0000] {dag.py:3036} INFO - Sync 1 DAGs
[2026-01-07T14:45:07.796+0000] {logging_mixin.py:188} INFO - [2026-01-07T14:45:07.796+0000] {dag.py:3823} INFO - Setting next_dagrun for daily_revenue_etl_dag to 2026-01-07 00:00:00+00:00, run_after=2026-01-08 00:00:00+00:00
[2026-01-07T14:45:07.813+0000] {processor.py:183} INFO - Processing /opt/airflow/dags/daily_revenue_etl_dag.py took 0.072 seconds
[2026-01-07T14:45:07.843+0000] {processor.py:161} INFO - Started process (PID=462) to work on /opt/airflow/dags/daily_revenue_etl_dag.py
[2026-01-07T14:45:07.843+0000] {processor.py:830} INFO - Processing file /opt/airflow/dags/daily_revenue_etl_dag.py for tasks to queue
[2026-01-07T14:45:07.844+0000] {logging_mixin.py:188} INFO - [2026-01-07T14:45:07.844+0000] {dagbag.py:538} INFO - Filling up the DagBag from /opt/airflow/dags/daily_revenue_etl_dag.py
[2026-01-07T14:45:07.862+0000] {processor.py:840} INFO - DAG(s) 'daily_revenue_etl_dag' retrieved from /opt/airflow/dags/daily_revenue_etl_dag.py
[2026-01-07T14:45:07.875+0000] {logging_mixin.py:188} INFO - [2026-01-07T14:45:07.875+0000] {dag.py:3036} INFO - Sync 1 DAGs
[2026-01-07T14:45:07.895+0000] {logging_mixin.py:188} INFO - [2026-01-07T14:45:07.894+0000] {dag.py:3823} INFO - Setting next_dagrun for daily_revenue_etl_dag to 2026-01-07 00:00:00+00:00, run_after=2026-01-08 00:00:00+00:00
[2026-01-07T14:45:07.910+0000] {processor.py:183} INFO - Processing /opt/airflow/dags/daily_revenue_etl_dag.py took 0.070 seconds
[2026-01-07T14:45:07.941+0000] {processor.py:161} INFO - Started process (PID=469) to work on /opt/airflow/dags/daily_revenue_etl_dag.py
[2026-01-07T14:45:07.942+0000] {processor.py:830} INFO - Processing file /opt/airflow/dags/daily_revenue_etl_dag.py for tasks to queue
[2026-01-07T14:45:07.943+0000] {logging_mixin.py:188} INFO - [2026-01-07T14:45:07.943+0000] {dagbag.py:538} INFO - Filling up the DagBag from /opt/airflow/dags/daily_revenue_etl_dag.py
[2026-01-07T14:45:07.963+0000] {processor.py:840} INFO - DAG(s) 'daily_revenue_etl_dag' retrieved from /opt/airflow/dags/daily_revenue_etl_dag.py
[2026-01-07T14:45:07.974+0000] {logging_mixin.py:188} INFO - [2026-01-07T14:45:07.974+0000] {dag.py:3036} INFO - Sync 1 DAGs
[2026-01-07T14:45:07.992+0000] {logging_mixin.py:188} INFO - [2026-01-07T14:45:07.992+0000] {dag.py:3823} INFO - Setting next_dagrun for daily_revenue_etl_dag to 2026-01-07 00:00:00+00:00, run_after=2026-01-08 00:00:00+00:00
[2026-01-07T14:45:08.009+0000] {processor.py:183} INFO - Processing /opt/airflow/dags/daily_revenue_etl_dag.py took 0.071 seconds
[2026-01-07T14:45:08.038+0000] {processor.py:161} INFO - Started process (PID=476) to work on /opt/airflow/dags/daily_revenue_etl_dag.py
[2026-01-07T14:45:08.039+0000] {processor.py:830} INFO - Processing file /opt/airflow/dags/daily_revenue_etl_dag.py for tasks to queue
[2026-01-07T14:45:08.040+0000] {logging_mixin.py:188} INFO - [2026-01-07T14:45:08.040+0000] {dagbag.py:538} INFO - Filling up the DagBag from /opt/airflow/dags/daily_revenue_etl_dag.py
[2026-01-07T14:45:08.055+0000] {processor.py:840} INFO - DAG(s) 'daily_revenue_etl_dag' retrieved from /opt/airflow/dags/daily_revenue_etl_dag.py
[2026-01-07T14:45:08.066+0000] {logging_mixin.py:188} INFO - [2026-01-07T14:45:08.065+0000] {dag.py:3036} INFO - Sync 1 DAGs
[2026-01-07T14:45:08.102+0000] {logging_mixin.py:188} INFO - [2026-01-07T14:45:08.101+0000] {dag.py:3823} INFO - Setting next_dagrun for daily_revenue_etl_dag to 2026-01-07 00:00:00+00:00, run_after=2026-01-08 00:00:00+00:00
[2026-01-07T14:45:08.169+0000] {processor.py:183} INFO - Processing /opt/airflow/dags/daily_revenue_etl_dag.py took 0.133 seconds
[2026-01-07T14:45:08.206+0000] {processor.py:161} INFO - Started process (PID=519) to work on /opt/airflow/dags/daily_revenue_etl_dag.py
[2026-01-07T14:45:08.208+0000] {processor.py:830} INFO - Processing file /opt/airflow/dags/daily_revenue_etl_dag.py for tasks to queue
[2026-01-07T14:45:08.209+0000] {logging_mixin.py:188} INFO - [2026-01-07T14:45:08.209+0000] {dagbag.py:538} INFO - Filling up the DagBag from /opt/airflow/dags/daily_revenue_etl_dag.py
[2026-01-07T14:45:08.226+0000] {processor.py:840} INFO - DAG(s) 'daily_revenue_etl_dag' retrieved from /opt/airflow/dags/daily_revenue_etl_dag.py
[2026-01-07T14:45:08.239+0000] {logging_mixin.py:188} INFO - [2026-01-07T14:45:08.239+0000] {dag.py:3036} INFO - Sync 1 DAGs
[2026-01-07T14:45:08.258+0000] {logging_mixin.py:188} INFO - [2026-01-07T14:45:08.258+0000] {dag.py:3823} INFO - Setting next_dagrun for daily_revenue_etl_dag to 2026-01-07 00:00:00+00:00, run_after=2026-01-08 00:00:00+00:00
[2026-01-07T14:45:08.271+0000] {processor.py:183} INFO - Processing /opt/airflow/dags/daily_revenue_etl_dag.py took 0.069 seconds
[2026-01-07T14:45:08.308+0000] {processor.py:161} INFO - Started process (PID=524) to work on /opt/airflow/dags/daily_revenue_etl_dag.py
[2026-01-07T14:45:08.310+0000] {processor.py:830} INFO - Processing file /opt/airflow/dags/daily_revenue_etl_dag.py for tasks to queue
[2026-01-07T14:45:08.311+0000] {logging_mixin.py:188} INFO - [2026-01-07T14:45:08.311+0000] {dagbag.py:538} INFO - Filling up the DagBag from /opt/airflow/dags/daily_revenue_etl_dag.py
[2026-01-07T14:45:08.328+0000] {processor.py:840} INFO - DAG(s) 'daily_revenue_etl_dag' retrieved from /opt/airflow/dags/daily_revenue_etl_dag.py
[2026-01-07T14:45:08.344+0000] {logging_mixin.py:188} INFO - [2026-01-07T14:45:08.344+0000] {dag.py:3036} INFO - Sync 1 DAGs
[2026-01-07T14:45:08.366+0000] {logging_mixin.py:188} INFO - [2026-01-07T14:45:08.366+0000] {dag.py:3823} INFO - Setting next_dagrun for daily_revenue_etl_dag to 2026-01-07 00:00:00+00:00, run_after=2026-01-08 00:00:00+00:00
[2026-01-07T14:45:08.388+0000] {processor.py:183} INFO - Processing /opt/airflow/dags/daily_revenue_etl_dag.py took 0.083 seconds
[2026-01-07T14:45:08.424+0000] {processor.py:161} INFO - Started process (PID=531) to work on /opt/airflow/dags/daily_revenue_etl_dag.py
[2026-01-07T14:45:08.426+0000] {processor.py:830} INFO - Processing file /opt/airflow/dags/daily_revenue_etl_dag.py for tasks to queue
[2026-01-07T14:45:08.426+0000] {logging_mixin.py:188} INFO - [2026-01-07T14:45:08.426+0000] {dagbag.py:538} INFO - Filling up the DagBag from /opt/airflow/dags/daily_revenue_etl_dag.py
[2026-01-07T14:45:08.446+0000] {processor.py:840} INFO - DAG(s) 'daily_revenue_etl_dag' retrieved from /opt/airflow/dags/daily_revenue_etl_dag.py
[2026-01-07T14:45:08.458+0000] {logging_mixin.py:188} INFO - [2026-01-07T14:45:08.458+0000] {dag.py:3036} INFO - Sync 1 DAGs
[2026-01-07T14:45:08.480+0000] {logging_mixin.py:188} INFO - [2026-01-07T14:45:08.480+0000] {dag.py:3823} INFO - Setting next_dagrun for daily_revenue_etl_dag to 2026-01-07 00:00:00+00:00, run_after=2026-01-08 00:00:00+00:00
[2026-01-07T14:45:08.498+0000] {processor.py:183} INFO - Processing /opt/airflow/dags/daily_revenue_etl_dag.py took 0.077 seconds
[2026-01-07T14:45:08.530+0000] {processor.py:161} INFO - Started process (PID=536) to work on /opt/airflow/dags/daily_revenue_etl_dag.py
[2026-01-07T14:45:08.531+0000] {processor.py:830} INFO - Processing file /opt/airflow/dags/daily_revenue_etl_dag.py for tasks to queue
[2026-01-07T14:45:08.532+0000] {logging_mixin.py:188} INFO - [2026-01-07T14:45:08.532+0000] {dagbag.py:538} INFO - Filling up the DagBag from /opt/airflow/dags/daily_revenue_etl_dag.py
[2026-01-07T14:45:08.550+0000] {processor.py:840} INFO - DAG(s) 'daily_revenue_etl_dag' retrieved from /opt/airflow/dags/daily_revenue_etl_dag.py
[2026-01-07T14:45:08.562+0000] {logging_mixin.py:188} INFO - [2026-01-07T14:45:08.562+0000] {dag.py:3036} INFO - Sync 1 DAGs
[2026-01-07T14:45:08.581+0000] {logging_mixin.py:188} INFO - [2026-01-07T14:45:08.581+0000] {dag.py:3823} INFO - Setting next_dagrun for daily_revenue_etl_dag to 2026-01-07 00:00:00+00:00, run_after=2026-01-08 00:00:00+00:00
[2026-01-07T14:45:08.597+0000] {processor.py:183} INFO - Processing /opt/airflow/dags/daily_revenue_etl_dag.py took 0.071 seconds
[2026-01-07T14:45:08.624+0000] {processor.py:161} INFO - Started process (PID=543) to work on /opt/airflow/dags/daily_revenue_etl_dag.py
[2026-01-07T14:45:08.625+0000] {processor.py:830} INFO - Processing file /opt/airflow/dags/daily_revenue_etl_dag.py for tasks to queue
[2026-01-07T14:45:08.626+0000] {logging_mixin.py:188} INFO - [2026-01-07T14:45:08.626+0000] {dagbag.py:538} INFO - Filling up the DagBag from /opt/airflow/dags/daily_revenue_etl_dag.py
[2026-01-07T14:45:08.640+0000] {processor.py:840} INFO - DAG(s) 'daily_revenue_etl_dag' retrieved from /opt/airflow/dags/daily_revenue_etl_dag.py
[2026-01-07T14:45:08.650+0000] {logging_mixin.py:188} INFO - [2026-01-07T14:45:08.650+0000] {dag.py:3036} INFO - Sync 1 DAGs
[2026-01-07T14:45:08.667+0000] {logging_mixin.py:188} INFO - [2026-01-07T14:45:08.667+0000] {dag.py:3823} INFO - Setting next_dagrun for daily_revenue_etl_dag to 2026-01-07 00:00:00+00:00, run_after=2026-01-08 00:00:00+00:00
[2026-01-07T14:45:08.682+0000] {processor.py:183} INFO - Processing /opt/airflow/dags/daily_revenue_etl_dag.py took 0.061 seconds
[2026-01-07T14:45:08.709+0000] {processor.py:161} INFO - Started process (PID=548) to work on /opt/airflow/dags/daily_revenue_etl_dag.py
[2026-01-07T14:45:08.710+0000] {processor.py:830} INFO - Processing file /opt/airflow/dags/daily_revenue_etl_dag.py for tasks to queue
[2026-01-07T14:45:08.711+0000] {logging_mixin.py:188} INFO - [2026-01-07T14:45:08.711+0000] {dagbag.py:538} INFO - Filling up the DagBag from /opt/airflow/dags/daily_revenue_etl_dag.py
[2026-01-07T14:45:08.731+0000] {processor.py:840} INFO - DAG(s) 'daily_revenue_etl_dag' retrieved from /opt/airflow/dags/daily_revenue_etl_dag.py
[2026-01-07T14:45:08.741+0000] {logging_mixin.py:188} INFO - [2026-01-07T14:45:08.741+0000] {dag.py:3036} INFO - Sync 1 DAGs
[2026-01-07T14:45:08.758+0000] {logging_mixin.py:188} INFO - [2026-01-07T14:45:08.758+0000] {dag.py:3823} INFO - Setting next_dagrun for daily_revenue_etl_dag to 2026-01-07 00:00:00+00:00, run_after=2026-01-08 00:00:00+00:00
[2026-01-07T14:45:08.772+0000] {processor.py:183} INFO - Processing /opt/airflow/dags/daily_revenue_etl_dag.py took 0.066 seconds
[2026-01-07T14:45:08.801+0000] {processor.py:161} INFO - Started process (PID=553) to work on /opt/airflow/dags/daily_revenue_etl_dag.py
[2026-01-07T14:45:08.802+0000] {processor.py:830} INFO - Processing file /opt/airflow/dags/daily_revenue_etl_dag.py for tasks to queue
[2026-01-07T14:45:08.802+0000] {logging_mixin.py:188} INFO - [2026-01-07T14:45:08.802+0000] {dagbag.py:538} INFO - Filling up the DagBag from /opt/airflow/dags/daily_revenue_etl_dag.py
[2026-01-07T14:45:08.817+0000] {processor.py:840} INFO - DAG(s) 'daily_revenue_etl_dag' retrieved from /opt/airflow/dags/daily_revenue_etl_dag.py
[2026-01-07T14:45:08.827+0000] {logging_mixin.py:188} INFO - [2026-01-07T14:45:08.826+0000] {dag.py:3036} INFO - Sync 1 DAGs
[2026-01-07T14:45:08.844+0000] {logging_mixin.py:188} INFO - [2026-01-07T14:45:08.843+0000] {dag.py:3823} INFO - Setting next_dagrun for daily_revenue_etl_dag to 2026-01-07 00:00:00+00:00, run_after=2026-01-08 00:00:00+00:00
[2026-01-07T14:45:08.856+0000] {processor.py:183} INFO - Processing /opt/airflow/dags/daily_revenue_etl_dag.py took 0.058 seconds
[2026-01-07T14:45:08.883+0000] {processor.py:161} INFO - Started process (PID=558) to work on /opt/airflow/dags/daily_revenue_etl_dag.py
[2026-01-07T14:45:08.884+0000] {processor.py:830} INFO - Processing file /opt/airflow/dags/daily_revenue_etl_dag.py for tasks to queue
[2026-01-07T14:45:08.885+0000] {logging_mixin.py:188} INFO - [2026-01-07T14:45:08.884+0000] {dagbag.py:538} INFO - Filling up the DagBag from /opt/airflow/dags/daily_revenue_etl_dag.py
[2026-01-07T14:45:08.899+0000] {processor.py:840} INFO - DAG(s) 'daily_revenue_etl_dag' retrieved from /opt/airflow/dags/daily_revenue_etl_dag.py
[2026-01-07T14:45:08.907+0000] {logging_mixin.py:188} INFO - [2026-01-07T14:45:08.907+0000] {dag.py:3036} INFO - Sync 1 DAGs
[2026-01-07T14:45:08.923+0000] {logging_mixin.py:188} INFO - [2026-01-07T14:45:08.922+0000] {dag.py:3823} INFO - Setting next_dagrun for daily_revenue_etl_dag to 2026-01-07 00:00:00+00:00, run_after=2026-01-08 00:00:00+00:00
[2026-01-07T14:45:08.935+0000] {processor.py:183} INFO - Processing /opt/airflow/dags/daily_revenue_etl_dag.py took 0.054 seconds
[2026-01-07T14:45:08.964+0000] {processor.py:161} INFO - Started process (PID=563) to work on /opt/airflow/dags/daily_revenue_etl_dag.py
[2026-01-07T14:45:08.965+0000] {processor.py:830} INFO - Processing file /opt/airflow/dags/daily_revenue_etl_dag.py for tasks to queue
[2026-01-07T14:45:08.966+0000] {logging_mixin.py:188} INFO - [2026-01-07T14:45:08.965+0000] {dagbag.py:538} INFO - Filling up the DagBag from /opt/airflow/dags/daily_revenue_etl_dag.py
[2026-01-07T14:45:08.980+0000] {processor.py:840} INFO - DAG(s) 'daily_revenue_etl_dag' retrieved from /opt/airflow/dags/daily_revenue_etl_dag.py
[2026-01-07T14:45:08.988+0000] {logging_mixin.py:188} INFO - [2026-01-07T14:45:08.987+0000] {dag.py:3036} INFO - Sync 1 DAGs
[2026-01-07T14:45:09.003+0000] {logging_mixin.py:188} INFO - [2026-01-07T14:45:09.003+0000] {dag.py:3823} INFO - Setting next_dagrun for daily_revenue_etl_dag to 2026-01-07 00:00:00+00:00, run_after=2026-01-08 00:00:00+00:00
[2026-01-07T14:45:09.016+0000] {processor.py:183} INFO - Processing /opt/airflow/dags/daily_revenue_etl_dag.py took 0.054 seconds
[2026-01-07T14:45:09.048+0000] {processor.py:161} INFO - Started process (PID=568) to work on /opt/airflow/dags/daily_revenue_etl_dag.py
[2026-01-07T14:45:09.049+0000] {processor.py:830} INFO - Processing file /opt/airflow/dags/daily_revenue_etl_dag.py for tasks to queue
[2026-01-07T14:45:09.049+0000] {logging_mixin.py:188} INFO - [2026-01-07T14:45:09.049+0000] {dagbag.py:538} INFO - Filling up the DagBag from /opt/airflow/dags/daily_revenue_etl_dag.py
[2026-01-07T14:45:09.069+0000] {processor.py:840} INFO - DAG(s) 'daily_revenue_etl_dag' retrieved from /opt/airflow/dags/daily_revenue_etl_dag.py
[2026-01-07T14:45:09.079+0000] {logging_mixin.py:188} INFO - [2026-01-07T14:45:09.079+0000] {dag.py:3036} INFO - Sync 1 DAGs
[2026-01-07T14:45:09.094+0000] {logging_mixin.py:188} INFO - [2026-01-07T14:45:09.094+0000] {dag.py:3823} INFO - Setting next_dagrun for daily_revenue_etl_dag to 2026-01-07 00:00:00+00:00, run_after=2026-01-08 00:00:00+00:00
[2026-01-07T14:45:09.106+0000] {processor.py:183} INFO - Processing /opt/airflow/dags/daily_revenue_etl_dag.py took 0.061 seconds
[2026-01-07T14:48:04.014+0000] {processor.py:161} INFO - Started process (PID=574) to work on /opt/airflow/dags/daily_revenue_etl_dag.py
[2026-01-07T14:48:04.015+0000] {processor.py:830} INFO - Processing file /opt/airflow/dags/daily_revenue_etl_dag.py for tasks to queue
[2026-01-07T14:48:04.016+0000] {logging_mixin.py:188} INFO - [2026-01-07T14:48:04.016+0000] {dagbag.py:538} INFO - Filling up the DagBag from /opt/airflow/dags/daily_revenue_etl_dag.py
[2026-01-07T14:48:04.028+0000] {processor.py:840} INFO - DAG(s) 'daily_revenue_etl_dag' retrieved from /opt/airflow/dags/daily_revenue_etl_dag.py
[2026-01-07T14:48:04.087+0000] {logging_mixin.py:188} INFO - [2026-01-07T14:48:04.087+0000] {dag.py:3036} INFO - Sync 1 DAGs
[2026-01-07T14:48:04.099+0000] {logging_mixin.py:188} INFO - [2026-01-07T14:48:04.099+0000] {dag.py:3823} INFO - Setting next_dagrun for daily_revenue_etl_dag to 2026-01-07 00:00:00+00:00, run_after=2026-01-08 00:00:00+00:00
[2026-01-07T14:48:04.110+0000] {processor.py:183} INFO - Processing /opt/airflow/dags/daily_revenue_etl_dag.py took 0.098 seconds
[2026-01-07T14:50:04.799+0000] {processor.py:161} INFO - Started process (PID=580) to work on /opt/airflow/dags/daily_revenue_etl_dag.py
[2026-01-07T14:50:04.799+0000] {processor.py:830} INFO - Processing file /opt/airflow/dags/daily_revenue_etl_dag.py for tasks to queue
[2026-01-07T14:50:04.800+0000] {logging_mixin.py:188} INFO - [2026-01-07T14:50:04.800+0000] {dagbag.py:538} INFO - Filling up the DagBag from /opt/airflow/dags/daily_revenue_etl_dag.py
[2026-01-07T14:50:04.815+0000] {processor.py:840} INFO - DAG(s) 'daily_revenue_etl_dag' retrieved from /opt/airflow/dags/daily_revenue_etl_dag.py
[2026-01-07T14:50:04.834+0000] {logging_mixin.py:188} INFO - [2026-01-07T14:50:04.834+0000] {dag.py:3036} INFO - Sync 1 DAGs
[2026-01-07T14:50:04.848+0000] {logging_mixin.py:188} INFO - [2026-01-07T14:50:04.848+0000] {dag.py:3823} INFO - Setting next_dagrun for daily_revenue_etl_dag to 2026-01-07 00:00:00+00:00, run_after=2026-01-08 00:00:00+00:00
[2026-01-07T14:50:04.872+0000] {processor.py:183} INFO - Processing /opt/airflow/dags/daily_revenue_etl_dag.py took 0.076 seconds
[2026-01-07T14:50:51.148+0000] {processor.py:161} INFO - Started process (PID=585) to work on /opt/airflow/dags/daily_revenue_etl_dag.py
[2026-01-07T14:50:51.150+0000] {processor.py:830} INFO - Processing file /opt/airflow/dags/daily_revenue_etl_dag.py for tasks to queue
[2026-01-07T14:48:26.382+0000] {logging_mixin.py:188} INFO - [2026-01-07T14:48:26.382+0000] {dagbag.py:538} INFO - Filling up the DagBag from /opt/airflow/dags/daily_revenue_etl_dag.py
[2026-01-07T14:48:26.411+0000] {processor.py:840} INFO - DAG(s) 'daily_revenue_etl_dag' retrieved from /opt/airflow/dags/daily_revenue_etl_dag.py
[2026-01-07T14:48:26.432+0000] {logging_mixin.py:188} INFO - [2026-01-07T14:48:26.432+0000] {dag.py:3036} INFO - Sync 1 DAGs
[2026-01-07T14:48:26.453+0000] {logging_mixin.py:188} INFO - [2026-01-07T14:48:26.453+0000] {dag.py:3823} INFO - Setting next_dagrun for daily_revenue_etl_dag to 2026-01-07 00:00:00+00:00, run_after=2026-01-08 00:00:00+00:00
[2026-01-07T14:48:26.473+0000] {processor.py:183} INFO - Processing /opt/airflow/dags/daily_revenue_etl_dag.py took 0.097 seconds
[2026-01-07T14:50:54.299+0000] {processor.py:161} INFO - Started process (PID=590) to work on /opt/airflow/dags/daily_revenue_etl_dag.py
[2026-01-07T14:50:54.300+0000] {processor.py:830} INFO - Processing file /opt/airflow/dags/daily_revenue_etl_dag.py for tasks to queue
[2026-01-07T14:50:54.301+0000] {logging_mixin.py:188} INFO - [2026-01-07T14:50:54.300+0000] {dagbag.py:538} INFO - Filling up the DagBag from /opt/airflow/dags/daily_revenue_etl_dag.py
[2026-01-07T14:50:54.322+0000] {processor.py:840} INFO - DAG(s) 'daily_revenue_etl_dag' retrieved from /opt/airflow/dags/daily_revenue_etl_dag.py
[2026-01-07T14:50:54.342+0000] {logging_mixin.py:188} INFO - [2026-01-07T14:50:54.342+0000] {dag.py:3036} INFO - Sync 1 DAGs
[2026-01-07T14:50:54.359+0000] {logging_mixin.py:188} INFO - [2026-01-07T14:50:54.359+0000] {dag.py:3823} INFO - Setting next_dagrun for daily_revenue_etl_dag to 2026-01-07 00:00:00+00:00, run_after=2026-01-08 00:00:00+00:00
[2026-01-07T14:50:54.373+0000] {processor.py:183} INFO - Processing /opt/airflow/dags/daily_revenue_etl_dag.py took 0.077 seconds
[2026-01-07T14:51:24.490+0000] {processor.py:161} INFO - Started process (PID=595) to work on /opt/airflow/dags/daily_revenue_etl_dag.py
[2026-01-07T14:51:24.492+0000] {processor.py:830} INFO - Processing file /opt/airflow/dags/daily_revenue_etl_dag.py for tasks to queue
[2026-01-07T14:51:24.493+0000] {logging_mixin.py:188} INFO - [2026-01-07T14:51:24.493+0000] {dagbag.py:538} INFO - Filling up the DagBag from /opt/airflow/dags/daily_revenue_etl_dag.py
[2026-01-07T14:48:59.762+0000] {processor.py:840} INFO - DAG(s) 'daily_revenue_etl_dag' retrieved from /opt/airflow/dags/daily_revenue_etl_dag.py
[2026-01-07T14:48:59.780+0000] {logging_mixin.py:188} INFO - [2026-01-07T14:48:59.780+0000] {dag.py:3036} INFO - Sync 1 DAGs
[2026-01-07T14:48:59.795+0000] {logging_mixin.py:188} INFO - [2026-01-07T14:48:59.795+0000] {dag.py:3823} INFO - Setting next_dagrun for daily_revenue_etl_dag to 2026-01-07 00:00:00+00:00, run_after=2026-01-08 00:00:00+00:00
[2026-01-07T14:48:59.810+0000] {processor.py:183} INFO - Processing /opt/airflow/dags/daily_revenue_etl_dag.py took 0.091 seconds
[2026-01-07T14:49:30.019+0000] {processor.py:161} INFO - Started process (PID=600) to work on /opt/airflow/dags/daily_revenue_etl_dag.py
[2026-01-07T14:49:30.020+0000] {processor.py:830} INFO - Processing file /opt/airflow/dags/daily_revenue_etl_dag.py for tasks to queue
[2026-01-07T14:49:30.021+0000] {logging_mixin.py:188} INFO - [2026-01-07T14:49:30.020+0000] {dagbag.py:538} INFO - Filling up the DagBag from /opt/airflow/dags/daily_revenue_etl_dag.py
[2026-01-07T14:49:30.035+0000] {processor.py:840} INFO - DAG(s) 'daily_revenue_etl_dag' retrieved from /opt/airflow/dags/daily_revenue_etl_dag.py
[2026-01-07T14:49:30.055+0000] {logging_mixin.py:188} INFO - [2026-01-07T14:49:30.055+0000] {dag.py:3036} INFO - Sync 1 DAGs
[2026-01-07T14:49:30.068+0000] {logging_mixin.py:188} INFO - [2026-01-07T14:49:30.067+0000] {dag.py:3823} INFO - Setting next_dagrun for daily_revenue_etl_dag to 2026-01-07 00:00:00+00:00, run_after=2026-01-08 00:00:00+00:00
[2026-01-07T14:49:30.080+0000] {processor.py:183} INFO - Processing /opt/airflow/dags/daily_revenue_etl_dag.py took 0.063 seconds
[2026-01-07T14:52:21.000+0000] {processor.py:161} INFO - Started process (PID=606) to work on /opt/airflow/dags/daily_revenue_etl_dag.py
[2026-01-07T14:52:21.001+0000] {processor.py:830} INFO - Processing file /opt/airflow/dags/daily_revenue_etl_dag.py for tasks to queue
[2026-01-07T14:52:21.002+0000] {logging_mixin.py:188} INFO - [2026-01-07T14:52:21.002+0000] {dagbag.py:538} INFO - Filling up the DagBag from /opt/airflow/dags/daily_revenue_etl_dag.py
[2026-01-07T14:52:21.022+0000] {processor.py:840} INFO - DAG(s) 'daily_revenue_etl_dag' retrieved from /opt/airflow/dags/daily_revenue_etl_dag.py
[2026-01-07T14:52:21.041+0000] {logging_mixin.py:188} INFO - [2026-01-07T14:52:21.041+0000] {dag.py:3036} INFO - Sync 1 DAGs
[2026-01-07T14:52:21.058+0000] {logging_mixin.py:188} INFO - [2026-01-07T14:52:21.058+0000] {dag.py:3823} INFO - Setting next_dagrun for daily_revenue_etl_dag to 2026-01-07 00:00:00+00:00, run_after=2026-01-08 00:00:00+00:00
[2026-01-07T14:52:21.075+0000] {processor.py:183} INFO - Processing /opt/airflow/dags/daily_revenue_etl_dag.py took 0.077 seconds
[2026-01-07T14:52:51.171+0000] {processor.py:161} INFO - Started process (PID=635) to work on /opt/airflow/dags/daily_revenue_etl_dag.py
[2026-01-07T14:52:51.172+0000] {processor.py:830} INFO - Processing file /opt/airflow/dags/daily_revenue_etl_dag.py for tasks to queue
[2026-01-07T14:52:51.173+0000] {logging_mixin.py:188} INFO - [2026-01-07T14:52:51.172+0000] {dagbag.py:538} INFO - Filling up the DagBag from /opt/airflow/dags/daily_revenue_etl_dag.py
[2026-01-07T14:50:26.417+0000] {processor.py:840} INFO - DAG(s) 'daily_revenue_etl_dag' retrieved from /opt/airflow/dags/daily_revenue_etl_dag.py
[2026-01-07T14:50:26.436+0000] {logging_mixin.py:188} INFO - [2026-01-07T14:50:26.435+0000] {dag.py:3036} INFO - Sync 1 DAGs
[2026-01-07T14:50:26.450+0000] {logging_mixin.py:188} INFO - [2026-01-07T14:50:26.450+0000] {dag.py:3823} INFO - Setting next_dagrun for daily_revenue_etl_dag to 2026-01-07 00:00:00+00:00, run_after=2026-01-08 00:00:00+00:00
[2026-01-07T14:50:26.462+0000] {processor.py:183} INFO - Processing /opt/airflow/dags/daily_revenue_etl_dag.py took 0.063 seconds
[2026-01-07T14:50:56.676+0000] {processor.py:161} INFO - Started process (PID=664) to work on /opt/airflow/dags/daily_revenue_etl_dag.py
[2026-01-07T14:50:56.677+0000] {processor.py:830} INFO - Processing file /opt/airflow/dags/daily_revenue_etl_dag.py for tasks to queue
[2026-01-07T14:50:56.678+0000] {logging_mixin.py:188} INFO - [2026-01-07T14:50:56.678+0000] {dagbag.py:538} INFO - Filling up the DagBag from /opt/airflow/dags/daily_revenue_etl_dag.py
[2026-01-07T14:50:56.694+0000] {processor.py:840} INFO - DAG(s) 'daily_revenue_etl_dag' retrieved from /opt/airflow/dags/daily_revenue_etl_dag.py
[2026-01-07T14:50:56.714+0000] {logging_mixin.py:188} INFO - [2026-01-07T14:50:56.714+0000] {dag.py:3036} INFO - Sync 1 DAGs
[2026-01-07T14:50:56.730+0000] {logging_mixin.py:188} INFO - [2026-01-07T14:50:56.730+0000] {dag.py:3823} INFO - Setting next_dagrun for daily_revenue_etl_dag to 2026-01-07 00:00:00+00:00, run_after=2026-01-08 00:00:00+00:00
[2026-01-07T14:50:56.742+0000] {processor.py:183} INFO - Processing /opt/airflow/dags/daily_revenue_etl_dag.py took 0.068 seconds
[2026-01-07T14:53:24.548+0000] {processor.py:161} INFO - Started process (PID=669) to work on /opt/airflow/dags/daily_revenue_etl_dag.py
[2026-01-07T14:53:24.549+0000] {processor.py:830} INFO - Processing file /opt/airflow/dags/daily_revenue_etl_dag.py for tasks to queue
[2026-01-07T14:53:24.550+0000] {logging_mixin.py:188} INFO - [2026-01-07T14:53:24.550+0000] {dagbag.py:538} INFO - Filling up the DagBag from /opt/airflow/dags/daily_revenue_etl_dag.py
[2026-01-07T14:53:24.565+0000] {processor.py:840} INFO - DAG(s) 'daily_revenue_etl_dag' retrieved from /opt/airflow/dags/daily_revenue_etl_dag.py
[2026-01-07T14:53:24.582+0000] {logging_mixin.py:188} INFO - [2026-01-07T14:53:24.581+0000] {dag.py:3036} INFO - Sync 1 DAGs
[2026-01-07T14:53:24.598+0000] {logging_mixin.py:188} INFO - [2026-01-07T14:53:24.597+0000] {dag.py:3823} INFO - Setting next_dagrun for daily_revenue_etl_dag to 2026-01-07 00:00:00+00:00, run_after=2026-01-08 00:00:00+00:00
[2026-01-07T14:53:24.613+0000] {processor.py:183} INFO - Processing /opt/airflow/dags/daily_revenue_etl_dag.py took 0.067 seconds
[2026-01-07T14:51:30.009+0000] {processor.py:161} INFO - Started process (PID=674) to work on /opt/airflow/dags/daily_revenue_etl_dag.py
[2026-01-07T14:51:30.009+0000] {processor.py:830} INFO - Processing file /opt/airflow/dags/daily_revenue_etl_dag.py for tasks to queue
[2026-01-07T14:51:30.010+0000] {logging_mixin.py:188} INFO - [2026-01-07T14:51:30.010+0000] {dagbag.py:538} INFO - Filling up the DagBag from /opt/airflow/dags/daily_revenue_etl_dag.py
[2026-01-07T14:51:30.021+0000] {processor.py:840} INFO - DAG(s) 'daily_revenue_etl_dag' retrieved from /opt/airflow/dags/daily_revenue_etl_dag.py
[2026-01-07T14:51:30.036+0000] {logging_mixin.py:188} INFO - [2026-01-07T14:51:30.036+0000] {dag.py:3036} INFO - Sync 1 DAGs
[2026-01-07T14:51:30.049+0000] {logging_mixin.py:188} INFO - [2026-01-07T14:51:30.049+0000] {dag.py:3823} INFO - Setting next_dagrun for daily_revenue_etl_dag to 2026-01-07 00:00:00+00:00, run_after=2026-01-08 00:00:00+00:00
[2026-01-07T14:51:30.061+0000] {processor.py:183} INFO - Processing /opt/airflow/dags/daily_revenue_etl_dag.py took 0.054 seconds
[2026-01-07T14:54:21.007+0000] {processor.py:161} INFO - Started process (PID=679) to work on /opt/airflow/dags/daily_revenue_etl_dag.py
[2026-01-07T14:54:21.008+0000] {processor.py:830} INFO - Processing file /opt/airflow/dags/daily_revenue_etl_dag.py for tasks to queue
[2026-01-07T14:54:21.008+0000] {logging_mixin.py:188} INFO - [2026-01-07T14:54:21.008+0000] {dagbag.py:538} INFO - Filling up the DagBag from /opt/airflow/dags/daily_revenue_etl_dag.py
[2026-01-07T14:54:21.021+0000] {processor.py:840} INFO - DAG(s) 'daily_revenue_etl_dag' retrieved from /opt/airflow/dags/daily_revenue_etl_dag.py
[2026-01-07T14:54:21.038+0000] {logging_mixin.py:188} INFO - [2026-01-07T14:54:21.038+0000] {dag.py:3036} INFO - Sync 1 DAGs
[2026-01-07T14:54:21.055+0000] {logging_mixin.py:188} INFO - [2026-01-07T14:54:21.055+0000] {dag.py:3823} INFO - Setting next_dagrun for daily_revenue_etl_dag to 2026-01-07 00:00:00+00:00, run_after=2026-01-08 00:00:00+00:00
[2026-01-07T14:54:21.070+0000] {processor.py:183} INFO - Processing /opt/airflow/dags/daily_revenue_etl_dag.py took 0.065 seconds
[2026-01-07T14:56:19.828+0000] {processor.py:161} INFO - Started process (PID=685) to work on /opt/airflow/dags/daily_revenue_etl_dag.py
[2026-01-07T14:56:19.829+0000] {processor.py:830} INFO - Processing file /opt/airflow/dags/daily_revenue_etl_dag.py for tasks to queue
[2026-01-07T14:56:19.830+0000] {logging_mixin.py:188} INFO - [2026-01-07T14:56:19.830+0000] {dagbag.py:538} INFO - Filling up the DagBag from /opt/airflow/dags/daily_revenue_etl_dag.py
[2026-01-07T14:56:19.847+0000] {processor.py:840} INFO - DAG(s) 'daily_revenue_etl_dag' retrieved from /opt/airflow/dags/daily_revenue_etl_dag.py
[2026-01-07T14:56:19.870+0000] {logging_mixin.py:188} INFO - [2026-01-07T14:56:19.869+0000] {dag.py:3036} INFO - Sync 1 DAGs
[2026-01-07T14:56:19.885+0000] {logging_mixin.py:188} INFO - [2026-01-07T14:56:19.885+0000] {dag.py:3823} INFO - Setting next_dagrun for daily_revenue_etl_dag to 2026-01-07 00:00:00+00:00, run_after=2026-01-08 00:00:00+00:00
[2026-01-07T14:56:19.902+0000] {processor.py:183} INFO - Processing /opt/airflow/dags/daily_revenue_etl_dag.py took 0.076 seconds
[2026-01-07T14:56:24.875+0000] {processor.py:161} INFO - Started process (PID=690) to work on /opt/airflow/dags/daily_revenue_etl_dag.py
[2026-01-07T14:56:24.876+0000] {processor.py:830} INFO - Processing file /opt/airflow/dags/daily_revenue_etl_dag.py for tasks to queue
[2026-01-07T14:56:24.877+0000] {logging_mixin.py:188} INFO - [2026-01-07T14:56:24.877+0000] {dagbag.py:538} INFO - Filling up the DagBag from /opt/airflow/dags/daily_revenue_etl_dag.py
[2026-01-07T14:56:24.899+0000] {processor.py:840} INFO - DAG(s) 'daily_revenue_etl_dag' retrieved from /opt/airflow/dags/daily_revenue_etl_dag.py
[2026-01-07T14:56:24.915+0000] {logging_mixin.py:188} INFO - [2026-01-07T14:56:24.915+0000] {dag.py:3036} INFO - Sync 1 DAGs
[2026-01-07T14:56:24.930+0000] {logging_mixin.py:188} INFO - [2026-01-07T14:56:24.930+0000] {dag.py:3823} INFO - Setting next_dagrun for daily_revenue_etl_dag to 2026-01-07 00:00:00+00:00, run_after=2026-01-08 00:00:00+00:00
[2026-01-07T14:56:24.944+0000] {processor.py:183} INFO - Processing /opt/airflow/dags/daily_revenue_etl_dag.py took 0.071 seconds
[2026-01-07T14:54:01.181+0000] {processor.py:161} INFO - Started process (PID=695) to work on /opt/airflow/dags/daily_revenue_etl_dag.py
[2026-01-07T14:54:01.182+0000] {processor.py:830} INFO - Processing file /opt/airflow/dags/daily_revenue_etl_dag.py for tasks to queue
[2026-01-07T14:54:01.183+0000] {logging_mixin.py:188} INFO - [2026-01-07T14:54:01.183+0000] {dagbag.py:538} INFO - Filling up the DagBag from /opt/airflow/dags/daily_revenue_etl_dag.py
[2026-01-07T14:54:01.200+0000] {processor.py:840} INFO - DAG(s) 'daily_revenue_etl_dag' retrieved from /opt/airflow/dags/daily_revenue_etl_dag.py
[2026-01-07T14:54:01.215+0000] {logging_mixin.py:188} INFO - [2026-01-07T14:54:01.215+0000] {dag.py:3036} INFO - Sync 1 DAGs
[2026-01-07T14:54:01.232+0000] {logging_mixin.py:188} INFO - [2026-01-07T14:54:01.231+0000] {dag.py:3823} INFO - Setting next_dagrun for daily_revenue_etl_dag to 2026-01-07 00:00:00+00:00, run_after=2026-01-08 00:00:00+00:00
[2026-01-07T14:54:01.246+0000] {processor.py:183} INFO - Processing /opt/airflow/dags/daily_revenue_etl_dag.py took 0.066 seconds
[2026-01-07T14:54:01.269+0000] {processor.py:161} INFO - Started process (PID=700) to work on /opt/airflow/dags/daily_revenue_etl_dag.py
[2026-01-07T14:54:01.270+0000] {processor.py:830} INFO - Processing file /opt/airflow/dags/daily_revenue_etl_dag.py for tasks to queue
[2026-01-07T14:54:01.271+0000] {logging_mixin.py:188} INFO - [2026-01-07T14:54:01.271+0000] {dagbag.py:538} INFO - Filling up the DagBag from /opt/airflow/dags/daily_revenue_etl_dag.py
[2026-01-07T14:54:01.286+0000] {processor.py:840} INFO - DAG(s) 'daily_revenue_etl_dag' retrieved from /opt/airflow/dags/daily_revenue_etl_dag.py
[2026-01-07T14:54:01.303+0000] {logging_mixin.py:188} INFO - [2026-01-07T14:54:01.303+0000] {dag.py:3036} INFO - Sync 1 DAGs
[2026-01-07T14:54:01.317+0000] {logging_mixin.py:188} INFO - [2026-01-07T14:54:01.317+0000] {dag.py:3823} INFO - Setting next_dagrun for daily_revenue_etl_dag to 2026-01-07 00:00:00+00:00, run_after=2026-01-08 00:00:00+00:00
[2026-01-07T14:54:01.329+0000] {processor.py:183} INFO - Processing /opt/airflow/dags/daily_revenue_etl_dag.py took 0.063 seconds
[2026-01-07T14:54:01.353+0000] {processor.py:161} INFO - Started process (PID=705) to work on /opt/airflow/dags/daily_revenue_etl_dag.py
[2026-01-07T14:54:01.353+0000] {processor.py:830} INFO - Processing file /opt/airflow/dags/daily_revenue_etl_dag.py for tasks to queue
[2026-01-07T14:54:01.354+0000] {logging_mixin.py:188} INFO - [2026-01-07T14:54:01.354+0000] {dagbag.py:538} INFO - Filling up the DagBag from /opt/airflow/dags/daily_revenue_etl_dag.py
[2026-01-07T14:54:01.367+0000] {processor.py:840} INFO - DAG(s) 'daily_revenue_etl_dag' retrieved from /opt/airflow/dags/daily_revenue_etl_dag.py
[2026-01-07T14:54:01.383+0000] {logging_mixin.py:188} INFO - [2026-01-07T14:54:01.383+0000] {dag.py:3036} INFO - Sync 1 DAGs
[2026-01-07T14:54:01.407+0000] {logging_mixin.py:188} INFO - [2026-01-07T14:54:01.406+0000] {dag.py:3823} INFO - Setting next_dagrun for daily_revenue_etl_dag to 2026-01-07 00:00:00+00:00, run_after=2026-01-08 00:00:00+00:00
[2026-01-07T14:54:01.433+0000] {processor.py:183} INFO - Processing /opt/airflow/dags/daily_revenue_etl_dag.py took 0.083 seconds
[2026-01-07T14:54:01.477+0000] {processor.py:161} INFO - Started process (PID=710) to work on /opt/airflow/dags/daily_revenue_etl_dag.py
[2026-01-07T14:54:01.478+0000] {processor.py:830} INFO - Processing file /opt/airflow/dags/daily_revenue_etl_dag.py for tasks to queue
[2026-01-07T14:54:01.479+0000] {logging_mixin.py:188} INFO - [2026-01-07T14:54:01.479+0000] {dagbag.py:538} INFO - Filling up the DagBag from /opt/airflow/dags/daily_revenue_etl_dag.py
[2026-01-07T14:54:01.499+0000] {processor.py:840} INFO - DAG(s) 'daily_revenue_etl_dag' retrieved from /opt/airflow/dags/daily_revenue_etl_dag.py
[2026-01-07T14:54:01.519+0000] {logging_mixin.py:188} INFO - [2026-01-07T14:54:01.519+0000] {dag.py:3036} INFO - Sync 1 DAGs
[2026-01-07T14:54:01.536+0000] {logging_mixin.py:188} INFO - [2026-01-07T14:54:01.536+0000] {dag.py:3823} INFO - Setting next_dagrun for daily_revenue_etl_dag to 2026-01-07 00:00:00+00:00, run_after=2026-01-08 00:00:00+00:00
[2026-01-07T14:54:01.551+0000] {processor.py:183} INFO - Processing /opt/airflow/dags/daily_revenue_etl_dag.py took 0.078 seconds
[2026-01-07T14:54:01.589+0000] {processor.py:161} INFO - Started process (PID=715) to work on /opt/airflow/dags/daily_revenue_etl_dag.py
[2026-01-07T14:54:01.590+0000] {processor.py:830} INFO - Processing file /opt/airflow/dags/daily_revenue_etl_dag.py for tasks to queue
[2026-01-07T14:54:01.591+0000] {logging_mixin.py:188} INFO - [2026-01-07T14:54:01.591+0000] {dagbag.py:538} INFO - Filling up the DagBag from /opt/airflow/dags/daily_revenue_etl_dag.py
[2026-01-07T14:54:01.604+0000] {processor.py:840} INFO - DAG(s) 'daily_revenue_etl_dag' retrieved from /opt/airflow/dags/daily_revenue_etl_dag.py
[2026-01-07T14:54:01.620+0000] {logging_mixin.py:188} INFO - [2026-01-07T14:54:01.620+0000] {dag.py:3036} INFO - Sync 1 DAGs
[2026-01-07T14:54:01.634+0000] {logging_mixin.py:188} INFO - [2026-01-07T14:54:01.634+0000] {dag.py:3823} INFO - Setting next_dagrun for daily_revenue_etl_dag to 2026-01-07 00:00:00+00:00, run_after=2026-01-08 00:00:00+00:00
[2026-01-07T14:54:01.646+0000] {processor.py:183} INFO - Processing /opt/airflow/dags/daily_revenue_etl_dag.py took 0.059 seconds
[2026-01-07T14:54:01.671+0000] {processor.py:161} INFO - Started process (PID=720) to work on /opt/airflow/dags/daily_revenue_etl_dag.py
[2026-01-07T14:54:01.673+0000] {processor.py:830} INFO - Processing file /opt/airflow/dags/daily_revenue_etl_dag.py for tasks to queue
[2026-01-07T14:54:01.674+0000] {logging_mixin.py:188} INFO - [2026-01-07T14:54:01.674+0000] {dagbag.py:538} INFO - Filling up the DagBag from /opt/airflow/dags/daily_revenue_etl_dag.py
[2026-01-07T14:54:01.687+0000] {processor.py:840} INFO - DAG(s) 'daily_revenue_etl_dag' retrieved from /opt/airflow/dags/daily_revenue_etl_dag.py
[2026-01-07T14:54:01.703+0000] {logging_mixin.py:188} INFO - [2026-01-07T14:54:01.703+0000] {dag.py:3036} INFO - Sync 1 DAGs
[2026-01-07T14:54:01.717+0000] {logging_mixin.py:188} INFO - [2026-01-07T14:54:01.716+0000] {dag.py:3823} INFO - Setting next_dagrun for daily_revenue_etl_dag to 2026-01-07 00:00:00+00:00, run_after=2026-01-08 00:00:00+00:00
[2026-01-07T14:54:01.731+0000] {processor.py:183} INFO - Processing /opt/airflow/dags/daily_revenue_etl_dag.py took 0.062 seconds
[2026-01-07T14:54:01.753+0000] {processor.py:161} INFO - Started process (PID=725) to work on /opt/airflow/dags/daily_revenue_etl_dag.py
[2026-01-07T14:54:01.754+0000] {processor.py:830} INFO - Processing file /opt/airflow/dags/daily_revenue_etl_dag.py for tasks to queue
[2026-01-07T14:54:01.755+0000] {logging_mixin.py:188} INFO - [2026-01-07T14:54:01.754+0000] {dagbag.py:538} INFO - Filling up the DagBag from /opt/airflow/dags/daily_revenue_etl_dag.py
[2026-01-07T14:54:01.768+0000] {processor.py:840} INFO - DAG(s) 'daily_revenue_etl_dag' retrieved from /opt/airflow/dags/daily_revenue_etl_dag.py
[2026-01-07T14:54:01.785+0000] {logging_mixin.py:188} INFO - [2026-01-07T14:54:01.785+0000] {dag.py:3036} INFO - Sync 1 DAGs
[2026-01-07T14:54:01.799+0000] {logging_mixin.py:188} INFO - [2026-01-07T14:54:01.799+0000] {dag.py:3823} INFO - Setting next_dagrun for daily_revenue_etl_dag to 2026-01-07 00:00:00+00:00, run_after=2026-01-08 00:00:00+00:00
[2026-01-07T14:54:01.810+0000] {processor.py:183} INFO - Processing /opt/airflow/dags/daily_revenue_etl_dag.py took 0.060 seconds
[2026-01-07T14:54:01.837+0000] {processor.py:161} INFO - Started process (PID=730) to work on /opt/airflow/dags/daily_revenue_etl_dag.py
[2026-01-07T14:54:01.838+0000] {processor.py:830} INFO - Processing file /opt/airflow/dags/daily_revenue_etl_dag.py for tasks to queue
[2026-01-07T14:54:01.839+0000] {logging_mixin.py:188} INFO - [2026-01-07T14:54:01.839+0000] {dagbag.py:538} INFO - Filling up the DagBag from /opt/airflow/dags/daily_revenue_etl_dag.py
[2026-01-07T14:54:01.852+0000] {processor.py:840} INFO - DAG(s) 'daily_revenue_etl_dag' retrieved from /opt/airflow/dags/daily_revenue_etl_dag.py
[2026-01-07T14:54:01.872+0000] {logging_mixin.py:188} INFO - [2026-01-07T14:54:01.872+0000] {dag.py:3036} INFO - Sync 1 DAGs
[2026-01-07T14:54:01.890+0000] {logging_mixin.py:188} INFO - [2026-01-07T14:54:01.889+0000] {dag.py:3823} INFO - Setting next_dagrun for daily_revenue_etl_dag to 2026-01-07 00:00:00+00:00, run_after=2026-01-08 00:00:00+00:00
[2026-01-07T14:54:01.905+0000] {processor.py:183} INFO - Processing /opt/airflow/dags/daily_revenue_etl_dag.py took 0.070 seconds
[2026-01-07T14:54:01.935+0000] {processor.py:161} INFO - Started process (PID=735) to work on /opt/airflow/dags/daily_revenue_etl_dag.py
[2026-01-07T14:54:01.936+0000] {processor.py:830} INFO - Processing file /opt/airflow/dags/daily_revenue_etl_dag.py for tasks to queue
[2026-01-07T14:54:01.937+0000] {logging_mixin.py:188} INFO - [2026-01-07T14:54:01.937+0000] {dagbag.py:538} INFO - Filling up the DagBag from /opt/airflow/dags/daily_revenue_etl_dag.py
[2026-01-07T14:54:01.958+0000] {processor.py:840} INFO - DAG(s) 'daily_revenue_etl_dag' retrieved from /opt/airflow/dags/daily_revenue_etl_dag.py
[2026-01-07T14:54:01.974+0000] {logging_mixin.py:188} INFO - [2026-01-07T14:54:01.974+0000] {dag.py:3036} INFO - Sync 1 DAGs
[2026-01-07T14:54:01.988+0000] {logging_mixin.py:188} INFO - [2026-01-07T14:54:01.988+0000] {dag.py:3823} INFO - Setting next_dagrun for daily_revenue_etl_dag to 2026-01-07 00:00:00+00:00, run_after=2026-01-08 00:00:00+00:00
[2026-01-07T14:54:02.002+0000] {processor.py:183} INFO - Processing /opt/airflow/dags/daily_revenue_etl_dag.py took 0.070 seconds
[2026-01-07T14:54:02.026+0000] {processor.py:161} INFO - Started process (PID=740) to work on /opt/airflow/dags/daily_revenue_etl_dag.py
[2026-01-07T14:54:02.027+0000] {processor.py:830} INFO - Processing file /opt/airflow/dags/daily_revenue_etl_dag.py for tasks to queue
[2026-01-07T14:54:02.028+0000] {logging_mixin.py:188} INFO - [2026-01-07T14:54:02.027+0000] {dagbag.py:538} INFO - Filling up the DagBag from /opt/airflow/dags/daily_revenue_etl_dag.py
[2026-01-07T14:54:02.039+0000] {processor.py:840} INFO - DAG(s) 'daily_revenue_etl_dag' retrieved from /opt/airflow/dags/daily_revenue_etl_dag.py
[2026-01-07T14:54:02.056+0000] {logging_mixin.py:188} INFO - [2026-01-07T14:54:02.056+0000] {dag.py:3036} INFO - Sync 1 DAGs
[2026-01-07T14:54:02.069+0000] {logging_mixin.py:188} INFO - [2026-01-07T14:54:02.069+0000] {dag.py:3823} INFO - Setting next_dagrun for daily_revenue_etl_dag to 2026-01-07 00:00:00+00:00, run_after=2026-01-08 00:00:00+00:00
[2026-01-07T14:54:02.081+0000] {processor.py:183} INFO - Processing /opt/airflow/dags/daily_revenue_etl_dag.py took 0.057 seconds
[2026-01-07T14:54:02.107+0000] {processor.py:161} INFO - Started process (PID=745) to work on /opt/airflow/dags/daily_revenue_etl_dag.py
[2026-01-07T14:54:02.107+0000] {processor.py:830} INFO - Processing file /opt/airflow/dags/daily_revenue_etl_dag.py for tasks to queue
[2026-01-07T14:54:02.108+0000] {logging_mixin.py:188} INFO - [2026-01-07T14:54:02.108+0000] {dagbag.py:538} INFO - Filling up the DagBag from /opt/airflow/dags/daily_revenue_etl_dag.py
[2026-01-07T14:54:02.123+0000] {processor.py:840} INFO - DAG(s) 'daily_revenue_etl_dag' retrieved from /opt/airflow/dags/daily_revenue_etl_dag.py
[2026-01-07T14:54:02.140+0000] {logging_mixin.py:188} INFO - [2026-01-07T14:54:02.140+0000] {dag.py:3036} INFO - Sync 1 DAGs
[2026-01-07T14:54:02.153+0000] {logging_mixin.py:188} INFO - [2026-01-07T14:54:02.153+0000] {dag.py:3823} INFO - Setting next_dagrun for daily_revenue_etl_dag to 2026-01-07 00:00:00+00:00, run_after=2026-01-08 00:00:00+00:00
[2026-01-07T14:54:02.166+0000] {processor.py:183} INFO - Processing /opt/airflow/dags/daily_revenue_etl_dag.py took 0.061 seconds
[2026-01-07T14:54:02.192+0000] {processor.py:161} INFO - Started process (PID=750) to work on /opt/airflow/dags/daily_revenue_etl_dag.py
[2026-01-07T14:54:02.193+0000] {processor.py:830} INFO - Processing file /opt/airflow/dags/daily_revenue_etl_dag.py for tasks to queue
[2026-01-07T14:54:02.194+0000] {logging_mixin.py:188} INFO - [2026-01-07T14:54:02.194+0000] {dagbag.py:538} INFO - Filling up the DagBag from /opt/airflow/dags/daily_revenue_etl_dag.py
[2026-01-07T14:54:02.206+0000] {processor.py:840} INFO - DAG(s) 'daily_revenue_etl_dag' retrieved from /opt/airflow/dags/daily_revenue_etl_dag.py
[2026-01-07T14:54:02.222+0000] {logging_mixin.py:188} INFO - [2026-01-07T14:54:02.222+0000] {dag.py:3036} INFO - Sync 1 DAGs
[2026-01-07T14:54:02.237+0000] {logging_mixin.py:188} INFO - [2026-01-07T14:54:02.237+0000] {dag.py:3823} INFO - Setting next_dagrun for daily_revenue_etl_dag to 2026-01-07 00:00:00+00:00, run_after=2026-01-08 00:00:00+00:00
[2026-01-07T14:54:02.250+0000] {processor.py:183} INFO - Processing /opt/airflow/dags/daily_revenue_etl_dag.py took 0.060 seconds
[2026-01-07T14:54:02.272+0000] {processor.py:161} INFO - Started process (PID=755) to work on /opt/airflow/dags/daily_revenue_etl_dag.py
[2026-01-07T14:54:02.272+0000] {processor.py:830} INFO - Processing file /opt/airflow/dags/daily_revenue_etl_dag.py for tasks to queue
[2026-01-07T14:54:02.273+0000] {logging_mixin.py:188} INFO - [2026-01-07T14:54:02.273+0000] {dagbag.py:538} INFO - Filling up the DagBag from /opt/airflow/dags/daily_revenue_etl_dag.py
[2026-01-07T14:54:02.292+0000] {processor.py:840} INFO - DAG(s) 'daily_revenue_etl_dag' retrieved from /opt/airflow/dags/daily_revenue_etl_dag.py
[2026-01-07T14:54:02.311+0000] {logging_mixin.py:188} INFO - [2026-01-07T14:54:02.311+0000] {dag.py:3036} INFO - Sync 1 DAGs
[2026-01-07T14:54:02.330+0000] {logging_mixin.py:188} INFO - [2026-01-07T14:54:02.330+0000] {dag.py:3823} INFO - Setting next_dagrun for daily_revenue_etl_dag to 2026-01-07 00:00:00+00:00, run_after=2026-01-08 00:00:00+00:00
[2026-01-07T14:54:02.343+0000] {processor.py:183} INFO - Processing /opt/airflow/dags/daily_revenue_etl_dag.py took 0.073 seconds
[2026-01-07T14:54:02.364+0000] {processor.py:161} INFO - Started process (PID=760) to work on /opt/airflow/dags/daily_revenue_etl_dag.py
[2026-01-07T14:54:02.365+0000] {processor.py:830} INFO - Processing file /opt/airflow/dags/daily_revenue_etl_dag.py for tasks to queue
[2026-01-07T14:54:02.366+0000] {logging_mixin.py:188} INFO - [2026-01-07T14:54:02.365+0000] {dagbag.py:538} INFO - Filling up the DagBag from /opt/airflow/dags/daily_revenue_etl_dag.py
[2026-01-07T14:54:02.379+0000] {processor.py:840} INFO - DAG(s) 'daily_revenue_etl_dag' retrieved from /opt/airflow/dags/daily_revenue_etl_dag.py
[2026-01-07T14:54:02.398+0000] {logging_mixin.py:188} INFO - [2026-01-07T14:54:02.397+0000] {dag.py:3036} INFO - Sync 1 DAGs
[2026-01-07T14:54:02.411+0000] {logging_mixin.py:188} INFO - [2026-01-07T14:54:02.411+0000] {dag.py:3823} INFO - Setting next_dagrun for daily_revenue_etl_dag to 2026-01-07 00:00:00+00:00, run_after=2026-01-08 00:00:00+00:00
[2026-01-07T14:54:02.426+0000] {processor.py:183} INFO - Processing /opt/airflow/dags/daily_revenue_etl_dag.py took 0.064 seconds
[2026-01-07T14:54:02.460+0000] {processor.py:161} INFO - Started process (PID=765) to work on /opt/airflow/dags/daily_revenue_etl_dag.py
[2026-01-07T14:54:02.461+0000] {processor.py:830} INFO - Processing file /opt/airflow/dags/daily_revenue_etl_dag.py for tasks to queue
[2026-01-07T14:54:02.462+0000] {logging_mixin.py:188} INFO - [2026-01-07T14:54:02.462+0000] {dagbag.py:538} INFO - Filling up the DagBag from /opt/airflow/dags/daily_revenue_etl_dag.py
[2026-01-07T14:54:02.476+0000] {processor.py:840} INFO - DAG(s) 'daily_revenue_etl_dag' retrieved from /opt/airflow/dags/daily_revenue_etl_dag.py
[2026-01-07T14:54:02.493+0000] {logging_mixin.py:188} INFO - [2026-01-07T14:54:02.493+0000] {dag.py:3036} INFO - Sync 1 DAGs
[2026-01-07T14:54:02.506+0000] {logging_mixin.py:188} INFO - [2026-01-07T14:54:02.506+0000] {dag.py:3823} INFO - Setting next_dagrun for daily_revenue_etl_dag to 2026-01-07 00:00:00+00:00, run_after=2026-01-08 00:00:00+00:00
[2026-01-07T14:54:02.519+0000] {processor.py:183} INFO - Processing /opt/airflow/dags/daily_revenue_etl_dag.py took 0.062 seconds
[2026-01-07T14:54:02.541+0000] {processor.py:161} INFO - Started process (PID=770) to work on /opt/airflow/dags/daily_revenue_etl_dag.py
[2026-01-07T14:54:02.542+0000] {processor.py:830} INFO - Processing file /opt/airflow/dags/daily_revenue_etl_dag.py for tasks to queue
[2026-01-07T14:54:02.543+0000] {logging_mixin.py:188} INFO - [2026-01-07T14:54:02.542+0000] {dagbag.py:538} INFO - Filling up the DagBag from /opt/airflow/dags/daily_revenue_etl_dag.py
[2026-01-07T14:54:02.555+0000] {processor.py:840} INFO - DAG(s) 'daily_revenue_etl_dag' retrieved from /opt/airflow/dags/daily_revenue_etl_dag.py
[2026-01-07T14:54:02.572+0000] {logging_mixin.py:188} INFO - [2026-01-07T14:54:02.572+0000] {dag.py:3036} INFO - Sync 1 DAGs
[2026-01-07T14:54:02.586+0000] {logging_mixin.py:188} INFO - [2026-01-07T14:54:02.586+0000] {dag.py:3823} INFO - Setting next_dagrun for daily_revenue_etl_dag to 2026-01-07 00:00:00+00:00, run_after=2026-01-08 00:00:00+00:00
[2026-01-07T14:54:02.600+0000] {processor.py:183} INFO - Processing /opt/airflow/dags/daily_revenue_etl_dag.py took 0.061 seconds
[2026-01-07T14:54:02.629+0000] {processor.py:161} INFO - Started process (PID=775) to work on /opt/airflow/dags/daily_revenue_etl_dag.py
[2026-01-07T14:54:02.630+0000] {processor.py:830} INFO - Processing file /opt/airflow/dags/daily_revenue_etl_dag.py for tasks to queue
[2026-01-07T14:54:02.630+0000] {logging_mixin.py:188} INFO - [2026-01-07T14:54:02.630+0000] {dagbag.py:538} INFO - Filling up the DagBag from /opt/airflow/dags/daily_revenue_etl_dag.py
[2026-01-07T14:54:02.642+0000] {processor.py:840} INFO - DAG(s) 'daily_revenue_etl_dag' retrieved from /opt/airflow/dags/daily_revenue_etl_dag.py
[2026-01-07T14:54:02.660+0000] {logging_mixin.py:188} INFO - [2026-01-07T14:54:02.659+0000] {dag.py:3036} INFO - Sync 1 DAGs
[2026-01-07T14:54:02.674+0000] {logging_mixin.py:188} INFO - [2026-01-07T14:54:02.673+0000] {dag.py:3823} INFO - Setting next_dagrun for daily_revenue_etl_dag to 2026-01-07 00:00:00+00:00, run_after=2026-01-08 00:00:00+00:00
[2026-01-07T14:54:02.687+0000] {processor.py:183} INFO - Processing /opt/airflow/dags/daily_revenue_etl_dag.py took 0.061 seconds
[2026-01-07T14:54:02.712+0000] {processor.py:161} INFO - Started process (PID=780) to work on /opt/airflow/dags/daily_revenue_etl_dag.py
[2026-01-07T14:54:02.712+0000] {processor.py:830} INFO - Processing file /opt/airflow/dags/daily_revenue_etl_dag.py for tasks to queue
[2026-01-07T14:54:02.713+0000] {logging_mixin.py:188} INFO - [2026-01-07T14:54:02.713+0000] {dagbag.py:538} INFO - Filling up the DagBag from /opt/airflow/dags/daily_revenue_etl_dag.py
[2026-01-07T14:54:02.729+0000] {processor.py:840} INFO - DAG(s) 'daily_revenue_etl_dag' retrieved from /opt/airflow/dags/daily_revenue_etl_dag.py
[2026-01-07T14:54:02.745+0000] {logging_mixin.py:188} INFO - [2026-01-07T14:54:02.745+0000] {dag.py:3036} INFO - Sync 1 DAGs
[2026-01-07T14:54:02.759+0000] {logging_mixin.py:188} INFO - [2026-01-07T14:54:02.759+0000] {dag.py:3823} INFO - Setting next_dagrun for daily_revenue_etl_dag to 2026-01-07 00:00:00+00:00, run_after=2026-01-08 00:00:00+00:00
[2026-01-07T14:54:02.771+0000] {processor.py:183} INFO - Processing /opt/airflow/dags/daily_revenue_etl_dag.py took 0.062 seconds
[2026-01-07T14:54:02.794+0000] {processor.py:161} INFO - Started process (PID=785) to work on /opt/airflow/dags/daily_revenue_etl_dag.py
[2026-01-07T14:54:02.795+0000] {processor.py:830} INFO - Processing file /opt/airflow/dags/daily_revenue_etl_dag.py for tasks to queue
[2026-01-07T14:54:02.796+0000] {logging_mixin.py:188} INFO - [2026-01-07T14:54:02.796+0000] {dagbag.py:538} INFO - Filling up the DagBag from /opt/airflow/dags/daily_revenue_etl_dag.py
[2026-01-07T14:54:02.809+0000] {processor.py:840} INFO - DAG(s) 'daily_revenue_etl_dag' retrieved from /opt/airflow/dags/daily_revenue_etl_dag.py
[2026-01-07T14:54:02.824+0000] {logging_mixin.py:188} INFO - [2026-01-07T14:54:02.824+0000] {dag.py:3036} INFO - Sync 1 DAGs
[2026-01-07T14:54:02.840+0000] {logging_mixin.py:188} INFO - [2026-01-07T14:54:02.839+0000] {dag.py:3823} INFO - Setting next_dagrun for daily_revenue_etl_dag to 2026-01-07 00:00:00+00:00, run_after=2026-01-08 00:00:00+00:00
[2026-01-07T14:54:02.855+0000] {processor.py:183} INFO - Processing /opt/airflow/dags/daily_revenue_etl_dag.py took 0.064 seconds
[2026-01-07T14:54:02.876+0000] {processor.py:161} INFO - Started process (PID=790) to work on /opt/airflow/dags/daily_revenue_etl_dag.py
[2026-01-07T14:54:02.877+0000] {processor.py:830} INFO - Processing file /opt/airflow/dags/daily_revenue_etl_dag.py for tasks to queue
[2026-01-07T14:54:02.878+0000] {logging_mixin.py:188} INFO - [2026-01-07T14:54:02.878+0000] {dagbag.py:538} INFO - Filling up the DagBag from /opt/airflow/dags/daily_revenue_etl_dag.py
[2026-01-07T14:54:02.893+0000] {processor.py:840} INFO - DAG(s) 'daily_revenue_etl_dag' retrieved from /opt/airflow/dags/daily_revenue_etl_dag.py
[2026-01-07T14:54:02.909+0000] {logging_mixin.py:188} INFO - [2026-01-07T14:54:02.909+0000] {dag.py:3036} INFO - Sync 1 DAGs
[2026-01-07T14:54:02.923+0000] {logging_mixin.py:188} INFO - [2026-01-07T14:54:02.923+0000] {dag.py:3823} INFO - Setting next_dagrun for daily_revenue_etl_dag to 2026-01-07 00:00:00+00:00, run_after=2026-01-08 00:00:00+00:00
[2026-01-07T14:54:02.938+0000] {processor.py:183} INFO - Processing /opt/airflow/dags/daily_revenue_etl_dag.py took 0.064 seconds
[2026-01-07T14:54:02.967+0000] {processor.py:161} INFO - Started process (PID=795) to work on /opt/airflow/dags/daily_revenue_etl_dag.py
[2026-01-07T14:54:02.968+0000] {processor.py:830} INFO - Processing file /opt/airflow/dags/daily_revenue_etl_dag.py for tasks to queue
[2026-01-07T14:54:02.969+0000] {logging_mixin.py:188} INFO - [2026-01-07T14:54:02.969+0000] {dagbag.py:538} INFO - Filling up the DagBag from /opt/airflow/dags/daily_revenue_etl_dag.py
[2026-01-07T14:54:02.988+0000] {processor.py:840} INFO - DAG(s) 'daily_revenue_etl_dag' retrieved from /opt/airflow/dags/daily_revenue_etl_dag.py
[2026-01-07T14:54:03.004+0000] {logging_mixin.py:188} INFO - [2026-01-07T14:54:03.004+0000] {dag.py:3036} INFO - Sync 1 DAGs
[2026-01-07T14:54:03.018+0000] {logging_mixin.py:188} INFO - [2026-01-07T14:54:03.018+0000] {dag.py:3823} INFO - Setting next_dagrun for daily_revenue_etl_dag to 2026-01-07 00:00:00+00:00, run_after=2026-01-08 00:00:00+00:00
[2026-01-07T14:54:03.031+0000] {processor.py:183} INFO - Processing /opt/airflow/dags/daily_revenue_etl_dag.py took 0.066 seconds
[2026-01-07T14:54:03.052+0000] {processor.py:161} INFO - Started process (PID=800) to work on /opt/airflow/dags/daily_revenue_etl_dag.py
[2026-01-07T14:54:03.053+0000] {processor.py:830} INFO - Processing file /opt/airflow/dags/daily_revenue_etl_dag.py for tasks to queue
[2026-01-07T14:54:03.053+0000] {logging_mixin.py:188} INFO - [2026-01-07T14:54:03.053+0000] {dagbag.py:538} INFO - Filling up the DagBag from /opt/airflow/dags/daily_revenue_etl_dag.py
[2026-01-07T14:54:03.066+0000] {processor.py:840} INFO - DAG(s) 'daily_revenue_etl_dag' retrieved from /opt/airflow/dags/daily_revenue_etl_dag.py
[2026-01-07T14:54:03.083+0000] {logging_mixin.py:188} INFO - [2026-01-07T14:54:03.083+0000] {dag.py:3036} INFO - Sync 1 DAGs
[2026-01-07T14:54:03.097+0000] {logging_mixin.py:188} INFO - [2026-01-07T14:54:03.097+0000] {dag.py:3823} INFO - Setting next_dagrun for daily_revenue_etl_dag to 2026-01-07 00:00:00+00:00, run_after=2026-01-08 00:00:00+00:00
[2026-01-07T14:54:03.108+0000] {processor.py:183} INFO - Processing /opt/airflow/dags/daily_revenue_etl_dag.py took 0.058 seconds
[2026-01-07T14:54:03.134+0000] {processor.py:161} INFO - Started process (PID=805) to work on /opt/airflow/dags/daily_revenue_etl_dag.py
[2026-01-07T14:54:03.135+0000] {processor.py:830} INFO - Processing file /opt/airflow/dags/daily_revenue_etl_dag.py for tasks to queue
[2026-01-07T14:54:03.136+0000] {logging_mixin.py:188} INFO - [2026-01-07T14:54:03.136+0000] {dagbag.py:538} INFO - Filling up the DagBag from /opt/airflow/dags/daily_revenue_etl_dag.py
[2026-01-07T14:54:03.148+0000] {processor.py:840} INFO - DAG(s) 'daily_revenue_etl_dag' retrieved from /opt/airflow/dags/daily_revenue_etl_dag.py
[2026-01-07T14:54:03.165+0000] {logging_mixin.py:188} INFO - [2026-01-07T14:54:03.164+0000] {dag.py:3036} INFO - Sync 1 DAGs
[2026-01-07T14:54:03.180+0000] {logging_mixin.py:188} INFO - [2026-01-07T14:54:03.180+0000] {dag.py:3823} INFO - Setting next_dagrun for daily_revenue_etl_dag to 2026-01-07 00:00:00+00:00, run_after=2026-01-08 00:00:00+00:00
[2026-01-07T14:54:03.197+0000] {processor.py:183} INFO - Processing /opt/airflow/dags/daily_revenue_etl_dag.py took 0.065 seconds
[2026-01-07T14:54:03.221+0000] {processor.py:161} INFO - Started process (PID=810) to work on /opt/airflow/dags/daily_revenue_etl_dag.py
[2026-01-07T14:54:03.222+0000] {processor.py:830} INFO - Processing file /opt/airflow/dags/daily_revenue_etl_dag.py for tasks to queue
[2026-01-07T14:54:03.223+0000] {logging_mixin.py:188} INFO - [2026-01-07T14:54:03.223+0000] {dagbag.py:538} INFO - Filling up the DagBag from /opt/airflow/dags/daily_revenue_etl_dag.py
[2026-01-07T14:54:03.237+0000] {processor.py:840} INFO - DAG(s) 'daily_revenue_etl_dag' retrieved from /opt/airflow/dags/daily_revenue_etl_dag.py
[2026-01-07T14:54:03.256+0000] {logging_mixin.py:188} INFO - [2026-01-07T14:54:03.255+0000] {dag.py:3036} INFO - Sync 1 DAGs
[2026-01-07T14:54:03.271+0000] {logging_mixin.py:188} INFO - [2026-01-07T14:54:03.271+0000] {dag.py:3823} INFO - Setting next_dagrun for daily_revenue_etl_dag to 2026-01-07 00:00:00+00:00, run_after=2026-01-08 00:00:00+00:00
[2026-01-07T14:54:03.284+0000] {processor.py:183} INFO - Processing /opt/airflow/dags/daily_revenue_etl_dag.py took 0.066 seconds
[2026-01-07T14:54:03.315+0000] {processor.py:161} INFO - Started process (PID=815) to work on /opt/airflow/dags/daily_revenue_etl_dag.py
[2026-01-07T14:54:03.315+0000] {processor.py:830} INFO - Processing file /opt/airflow/dags/daily_revenue_etl_dag.py for tasks to queue
[2026-01-07T14:54:03.316+0000] {logging_mixin.py:188} INFO - [2026-01-07T14:54:03.316+0000] {dagbag.py:538} INFO - Filling up the DagBag from /opt/airflow/dags/daily_revenue_etl_dag.py
[2026-01-07T14:54:03.330+0000] {processor.py:840} INFO - DAG(s) 'daily_revenue_etl_dag' retrieved from /opt/airflow/dags/daily_revenue_etl_dag.py
[2026-01-07T14:54:03.347+0000] {logging_mixin.py:188} INFO - [2026-01-07T14:54:03.347+0000] {dag.py:3036} INFO - Sync 1 DAGs
[2026-01-07T14:54:03.363+0000] {logging_mixin.py:188} INFO - [2026-01-07T14:54:03.363+0000] {dag.py:3823} INFO - Setting next_dagrun for daily_revenue_etl_dag to 2026-01-07 00:00:00+00:00, run_after=2026-01-08 00:00:00+00:00
[2026-01-07T14:54:03.376+0000] {processor.py:183} INFO - Processing /opt/airflow/dags/daily_revenue_etl_dag.py took 0.064 seconds
[2026-01-07T14:54:03.419+0000] {processor.py:161} INFO - Started process (PID=820) to work on /opt/airflow/dags/daily_revenue_etl_dag.py
[2026-01-07T14:54:03.420+0000] {processor.py:830} INFO - Processing file /opt/airflow/dags/daily_revenue_etl_dag.py for tasks to queue
[2026-01-07T14:54:03.421+0000] {logging_mixin.py:188} INFO - [2026-01-07T14:54:03.421+0000] {dagbag.py:538} INFO - Filling up the DagBag from /opt/airflow/dags/daily_revenue_etl_dag.py
[2026-01-07T14:54:03.435+0000] {processor.py:840} INFO - DAG(s) 'daily_revenue_etl_dag' retrieved from /opt/airflow/dags/daily_revenue_etl_dag.py
[2026-01-07T14:54:03.451+0000] {logging_mixin.py:188} INFO - [2026-01-07T14:54:03.451+0000] {dag.py:3036} INFO - Sync 1 DAGs
[2026-01-07T14:54:03.465+0000] {logging_mixin.py:188} INFO - [2026-01-07T14:54:03.465+0000] {dag.py:3823} INFO - Setting next_dagrun for daily_revenue_etl_dag to 2026-01-07 00:00:00+00:00, run_after=2026-01-08 00:00:00+00:00
[2026-01-07T14:54:03.476+0000] {processor.py:183} INFO - Processing /opt/airflow/dags/daily_revenue_etl_dag.py took 0.058 seconds
[2026-01-07T14:54:03.500+0000] {processor.py:161} INFO - Started process (PID=825) to work on /opt/airflow/dags/daily_revenue_etl_dag.py
[2026-01-07T14:54:03.501+0000] {processor.py:830} INFO - Processing file /opt/airflow/dags/daily_revenue_etl_dag.py for tasks to queue
[2026-01-07T14:54:03.502+0000] {logging_mixin.py:188} INFO - [2026-01-07T14:54:03.502+0000] {dagbag.py:538} INFO - Filling up the DagBag from /opt/airflow/dags/daily_revenue_etl_dag.py
[2026-01-07T14:54:03.516+0000] {processor.py:840} INFO - DAG(s) 'daily_revenue_etl_dag' retrieved from /opt/airflow/dags/daily_revenue_etl_dag.py
[2026-01-07T14:54:03.534+0000] {logging_mixin.py:188} INFO - [2026-01-07T14:54:03.534+0000] {dag.py:3036} INFO - Sync 1 DAGs
[2026-01-07T14:54:03.550+0000] {logging_mixin.py:188} INFO - [2026-01-07T14:54:03.549+0000] {dag.py:3823} INFO - Setting next_dagrun for daily_revenue_etl_dag to 2026-01-07 00:00:00+00:00, run_after=2026-01-08 00:00:00+00:00
[2026-01-07T14:54:03.562+0000] {processor.py:183} INFO - Processing /opt/airflow/dags/daily_revenue_etl_dag.py took 0.064 seconds
[2026-01-07T14:54:03.584+0000] {processor.py:161} INFO - Started process (PID=830) to work on /opt/airflow/dags/daily_revenue_etl_dag.py
[2026-01-07T14:54:03.585+0000] {processor.py:830} INFO - Processing file /opt/airflow/dags/daily_revenue_etl_dag.py for tasks to queue
[2026-01-07T14:54:03.586+0000] {logging_mixin.py:188} INFO - [2026-01-07T14:54:03.586+0000] {dagbag.py:538} INFO - Filling up the DagBag from /opt/airflow/dags/daily_revenue_etl_dag.py
[2026-01-07T14:54:03.599+0000] {processor.py:840} INFO - DAG(s) 'daily_revenue_etl_dag' retrieved from /opt/airflow/dags/daily_revenue_etl_dag.py
[2026-01-07T14:54:03.615+0000] {logging_mixin.py:188} INFO - [2026-01-07T14:54:03.615+0000] {dag.py:3036} INFO - Sync 1 DAGs
[2026-01-07T14:54:03.630+0000] {logging_mixin.py:188} INFO - [2026-01-07T14:54:03.629+0000] {dag.py:3823} INFO - Setting next_dagrun for daily_revenue_etl_dag to 2026-01-07 00:00:00+00:00, run_after=2026-01-08 00:00:00+00:00
[2026-01-07T14:54:03.641+0000] {processor.py:183} INFO - Processing /opt/airflow/dags/daily_revenue_etl_dag.py took 0.059 seconds
[2026-01-07T14:54:03.667+0000] {processor.py:161} INFO - Started process (PID=835) to work on /opt/airflow/dags/daily_revenue_etl_dag.py
[2026-01-07T14:54:03.668+0000] {processor.py:830} INFO - Processing file /opt/airflow/dags/daily_revenue_etl_dag.py for tasks to queue
[2026-01-07T14:54:03.668+0000] {logging_mixin.py:188} INFO - [2026-01-07T14:54:03.668+0000] {dagbag.py:538} INFO - Filling up the DagBag from /opt/airflow/dags/daily_revenue_etl_dag.py
[2026-01-07T14:54:03.680+0000] {processor.py:840} INFO - DAG(s) 'daily_revenue_etl_dag' retrieved from /opt/airflow/dags/daily_revenue_etl_dag.py
[2026-01-07T14:54:03.699+0000] {logging_mixin.py:188} INFO - [2026-01-07T14:54:03.699+0000] {dag.py:3036} INFO - Sync 1 DAGs
[2026-01-07T14:54:03.712+0000] {logging_mixin.py:188} INFO - [2026-01-07T14:54:03.712+0000] {dag.py:3823} INFO - Setting next_dagrun for daily_revenue_etl_dag to 2026-01-07 00:00:00+00:00, run_after=2026-01-08 00:00:00+00:00
[2026-01-07T14:54:03.723+0000] {processor.py:183} INFO - Processing /opt/airflow/dags/daily_revenue_etl_dag.py took 0.059 seconds
[2026-01-07T14:54:03.749+0000] {processor.py:161} INFO - Started process (PID=840) to work on /opt/airflow/dags/daily_revenue_etl_dag.py
[2026-01-07T14:54:03.750+0000] {processor.py:830} INFO - Processing file /opt/airflow/dags/daily_revenue_etl_dag.py for tasks to queue
[2026-01-07T14:54:03.751+0000] {logging_mixin.py:188} INFO - [2026-01-07T14:54:03.751+0000] {dagbag.py:538} INFO - Filling up the DagBag from /opt/airflow/dags/daily_revenue_etl_dag.py
[2026-01-07T14:54:03.768+0000] {processor.py:840} INFO - DAG(s) 'daily_revenue_etl_dag' retrieved from /opt/airflow/dags/daily_revenue_etl_dag.py
[2026-01-07T14:54:03.784+0000] {logging_mixin.py:188} INFO - [2026-01-07T14:54:03.784+0000] {dag.py:3036} INFO - Sync 1 DAGs
[2026-01-07T14:54:03.800+0000] {logging_mixin.py:188} INFO - [2026-01-07T14:54:03.800+0000] {dag.py:3823} INFO - Setting next_dagrun for daily_revenue_etl_dag to 2026-01-07 00:00:00+00:00, run_after=2026-01-08 00:00:00+00:00
[2026-01-07T14:54:03.811+0000] {processor.py:183} INFO - Processing /opt/airflow/dags/daily_revenue_etl_dag.py took 0.064 seconds
[2026-01-07T14:54:03.832+0000] {processor.py:161} INFO - Started process (PID=845) to work on /opt/airflow/dags/daily_revenue_etl_dag.py
[2026-01-07T14:54:03.833+0000] {processor.py:830} INFO - Processing file /opt/airflow/dags/daily_revenue_etl_dag.py for tasks to queue
[2026-01-07T14:54:03.833+0000] {logging_mixin.py:188} INFO - [2026-01-07T14:54:03.833+0000] {dagbag.py:538} INFO - Filling up the DagBag from /opt/airflow/dags/daily_revenue_etl_dag.py
[2026-01-07T14:54:03.847+0000] {processor.py:840} INFO - DAG(s) 'daily_revenue_etl_dag' retrieved from /opt/airflow/dags/daily_revenue_etl_dag.py
[2026-01-07T14:54:03.863+0000] {logging_mixin.py:188} INFO - [2026-01-07T14:54:03.863+0000] {dag.py:3036} INFO - Sync 1 DAGs
[2026-01-07T14:54:03.878+0000] {logging_mixin.py:188} INFO - [2026-01-07T14:54:03.878+0000] {dag.py:3823} INFO - Setting next_dagrun for daily_revenue_etl_dag to 2026-01-07 00:00:00+00:00, run_after=2026-01-08 00:00:00+00:00
[2026-01-07T14:54:03.889+0000] {processor.py:183} INFO - Processing /opt/airflow/dags/daily_revenue_etl_dag.py took 0.060 seconds
[2026-01-07T14:54:03.916+0000] {processor.py:161} INFO - Started process (PID=850) to work on /opt/airflow/dags/daily_revenue_etl_dag.py
[2026-01-07T14:54:03.917+0000] {processor.py:830} INFO - Processing file /opt/airflow/dags/daily_revenue_etl_dag.py for tasks to queue
[2026-01-07T14:54:03.918+0000] {logging_mixin.py:188} INFO - [2026-01-07T14:54:03.917+0000] {dagbag.py:538} INFO - Filling up the DagBag from /opt/airflow/dags/daily_revenue_etl_dag.py
[2026-01-07T14:54:03.929+0000] {processor.py:840} INFO - DAG(s) 'daily_revenue_etl_dag' retrieved from /opt/airflow/dags/daily_revenue_etl_dag.py
[2026-01-07T14:54:03.949+0000] {logging_mixin.py:188} INFO - [2026-01-07T14:54:03.949+0000] {dag.py:3036} INFO - Sync 1 DAGs
[2026-01-07T14:54:03.965+0000] {logging_mixin.py:188} INFO - [2026-01-07T14:54:03.965+0000] {dag.py:3823} INFO - Setting next_dagrun for daily_revenue_etl_dag to 2026-01-07 00:00:00+00:00, run_after=2026-01-08 00:00:00+00:00
[2026-01-07T14:54:03.981+0000] {processor.py:183} INFO - Processing /opt/airflow/dags/daily_revenue_etl_dag.py took 0.067 seconds
[2026-01-07T14:54:04.008+0000] {processor.py:161} INFO - Started process (PID=855) to work on /opt/airflow/dags/daily_revenue_etl_dag.py
[2026-01-07T14:54:04.009+0000] {processor.py:830} INFO - Processing file /opt/airflow/dags/daily_revenue_etl_dag.py for tasks to queue
[2026-01-07T14:54:04.010+0000] {logging_mixin.py:188} INFO - [2026-01-07T14:54:04.009+0000] {dagbag.py:538} INFO - Filling up the DagBag from /opt/airflow/dags/daily_revenue_etl_dag.py
[2026-01-07T14:54:04.025+0000] {processor.py:840} INFO - DAG(s) 'daily_revenue_etl_dag' retrieved from /opt/airflow/dags/daily_revenue_etl_dag.py
[2026-01-07T14:54:04.042+0000] {logging_mixin.py:188} INFO - [2026-01-07T14:54:04.041+0000] {dag.py:3036} INFO - Sync 1 DAGs
[2026-01-07T14:54:04.056+0000] {logging_mixin.py:188} INFO - [2026-01-07T14:54:04.056+0000] {dag.py:3823} INFO - Setting next_dagrun for daily_revenue_etl_dag to 2026-01-07 00:00:00+00:00, run_after=2026-01-08 00:00:00+00:00
[2026-01-07T14:54:04.069+0000] {processor.py:183} INFO - Processing /opt/airflow/dags/daily_revenue_etl_dag.py took 0.064 seconds
[2026-01-07T14:54:04.093+0000] {processor.py:161} INFO - Started process (PID=860) to work on /opt/airflow/dags/daily_revenue_etl_dag.py
[2026-01-07T14:54:04.094+0000] {processor.py:830} INFO - Processing file /opt/airflow/dags/daily_revenue_etl_dag.py for tasks to queue
[2026-01-07T14:54:04.095+0000] {logging_mixin.py:188} INFO - [2026-01-07T14:54:04.095+0000] {dagbag.py:538} INFO - Filling up the DagBag from /opt/airflow/dags/daily_revenue_etl_dag.py
[2026-01-07T14:54:04.110+0000] {processor.py:840} INFO - DAG(s) 'daily_revenue_etl_dag' retrieved from /opt/airflow/dags/daily_revenue_etl_dag.py
[2026-01-07T14:54:04.127+0000] {logging_mixin.py:188} INFO - [2026-01-07T14:54:04.126+0000] {dag.py:3036} INFO - Sync 1 DAGs
[2026-01-07T14:54:04.140+0000] {logging_mixin.py:188} INFO - [2026-01-07T14:54:04.140+0000] {dag.py:3823} INFO - Setting next_dagrun for daily_revenue_etl_dag to 2026-01-07 00:00:00+00:00, run_after=2026-01-08 00:00:00+00:00
[2026-01-07T14:54:04.151+0000] {processor.py:183} INFO - Processing /opt/airflow/dags/daily_revenue_etl_dag.py took 0.061 seconds
[2026-01-07T14:54:04.176+0000] {processor.py:161} INFO - Started process (PID=865) to work on /opt/airflow/dags/daily_revenue_etl_dag.py
[2026-01-07T14:54:04.177+0000] {processor.py:830} INFO - Processing file /opt/airflow/dags/daily_revenue_etl_dag.py for tasks to queue
[2026-01-07T14:54:04.178+0000] {logging_mixin.py:188} INFO - [2026-01-07T14:54:04.178+0000] {dagbag.py:538} INFO - Filling up the DagBag from /opt/airflow/dags/daily_revenue_etl_dag.py
[2026-01-07T14:54:04.200+0000] {processor.py:840} INFO - DAG(s) 'daily_revenue_etl_dag' retrieved from /opt/airflow/dags/daily_revenue_etl_dag.py
[2026-01-07T14:54:04.217+0000] {logging_mixin.py:188} INFO - [2026-01-07T14:54:04.217+0000] {dag.py:3036} INFO - Sync 1 DAGs
[2026-01-07T14:54:04.231+0000] {logging_mixin.py:188} INFO - [2026-01-07T14:54:04.231+0000] {dag.py:3823} INFO - Setting next_dagrun for daily_revenue_etl_dag to 2026-01-07 00:00:00+00:00, run_after=2026-01-08 00:00:00+00:00
[2026-01-07T14:54:04.244+0000] {processor.py:183} INFO - Processing /opt/airflow/dags/daily_revenue_etl_dag.py took 0.071 seconds
[2026-01-07T14:54:04.276+0000] {processor.py:161} INFO - Started process (PID=870) to work on /opt/airflow/dags/daily_revenue_etl_dag.py
[2026-01-07T14:54:04.277+0000] {processor.py:830} INFO - Processing file /opt/airflow/dags/daily_revenue_etl_dag.py for tasks to queue
[2026-01-07T14:54:04.278+0000] {logging_mixin.py:188} INFO - [2026-01-07T14:54:04.277+0000] {dagbag.py:538} INFO - Filling up the DagBag from /opt/airflow/dags/daily_revenue_etl_dag.py
[2026-01-07T14:54:04.289+0000] {processor.py:840} INFO - DAG(s) 'daily_revenue_etl_dag' retrieved from /opt/airflow/dags/daily_revenue_etl_dag.py
[2026-01-07T14:54:04.309+0000] {logging_mixin.py:188} INFO - [2026-01-07T14:54:04.309+0000] {dag.py:3036} INFO - Sync 1 DAGs
[2026-01-07T14:54:04.324+0000] {logging_mixin.py:188} INFO - [2026-01-07T14:54:04.323+0000] {dag.py:3823} INFO - Setting next_dagrun for daily_revenue_etl_dag to 2026-01-07 00:00:00+00:00, run_after=2026-01-08 00:00:00+00:00
[2026-01-07T14:54:04.344+0000] {processor.py:183} INFO - Processing /opt/airflow/dags/daily_revenue_etl_dag.py took 0.071 seconds
[2026-01-07T14:54:04.388+0000] {processor.py:161} INFO - Started process (PID=875) to work on /opt/airflow/dags/daily_revenue_etl_dag.py
[2026-01-07T14:54:04.389+0000] {processor.py:830} INFO - Processing file /opt/airflow/dags/daily_revenue_etl_dag.py for tasks to queue
[2026-01-07T14:54:04.390+0000] {logging_mixin.py:188} INFO - [2026-01-07T14:54:04.390+0000] {dagbag.py:538} INFO - Filling up the DagBag from /opt/airflow/dags/daily_revenue_etl_dag.py
[2026-01-07T14:54:04.408+0000] {processor.py:840} INFO - DAG(s) 'daily_revenue_etl_dag' retrieved from /opt/airflow/dags/daily_revenue_etl_dag.py
[2026-01-07T14:54:04.427+0000] {logging_mixin.py:188} INFO - [2026-01-07T14:54:04.427+0000] {dag.py:3036} INFO - Sync 1 DAGs
[2026-01-07T14:54:04.443+0000] {logging_mixin.py:188} INFO - [2026-01-07T14:54:04.443+0000] {dag.py:3823} INFO - Setting next_dagrun for daily_revenue_etl_dag to 2026-01-07 00:00:00+00:00, run_after=2026-01-08 00:00:00+00:00
[2026-01-07T14:54:04.455+0000] {processor.py:183} INFO - Processing /opt/airflow/dags/daily_revenue_etl_dag.py took 0.069 seconds
[2026-01-07T14:54:04.485+0000] {processor.py:161} INFO - Started process (PID=880) to work on /opt/airflow/dags/daily_revenue_etl_dag.py
[2026-01-07T14:54:04.486+0000] {processor.py:830} INFO - Processing file /opt/airflow/dags/daily_revenue_etl_dag.py for tasks to queue
[2026-01-07T14:54:04.487+0000] {logging_mixin.py:188} INFO - [2026-01-07T14:54:04.487+0000] {dagbag.py:538} INFO - Filling up the DagBag from /opt/airflow/dags/daily_revenue_etl_dag.py
[2026-01-07T14:54:04.505+0000] {processor.py:840} INFO - DAG(s) 'daily_revenue_etl_dag' retrieved from /opt/airflow/dags/daily_revenue_etl_dag.py
[2026-01-07T14:54:04.521+0000] {logging_mixin.py:188} INFO - [2026-01-07T14:54:04.521+0000] {dag.py:3036} INFO - Sync 1 DAGs
[2026-01-07T14:54:04.535+0000] {logging_mixin.py:188} INFO - [2026-01-07T14:54:04.535+0000] {dag.py:3823} INFO - Setting next_dagrun for daily_revenue_etl_dag to 2026-01-07 00:00:00+00:00, run_after=2026-01-08 00:00:00+00:00
[2026-01-07T14:54:04.547+0000] {processor.py:183} INFO - Processing /opt/airflow/dags/daily_revenue_etl_dag.py took 0.064 seconds
[2026-01-07T14:54:04.569+0000] {processor.py:161} INFO - Started process (PID=885) to work on /opt/airflow/dags/daily_revenue_etl_dag.py
[2026-01-07T14:54:04.570+0000] {processor.py:830} INFO - Processing file /opt/airflow/dags/daily_revenue_etl_dag.py for tasks to queue
[2026-01-07T14:54:04.570+0000] {logging_mixin.py:188} INFO - [2026-01-07T14:54:04.570+0000] {dagbag.py:538} INFO - Filling up the DagBag from /opt/airflow/dags/daily_revenue_etl_dag.py
[2026-01-07T14:54:04.582+0000] {processor.py:840} INFO - DAG(s) 'daily_revenue_etl_dag' retrieved from /opt/airflow/dags/daily_revenue_etl_dag.py
[2026-01-07T14:54:04.599+0000] {logging_mixin.py:188} INFO - [2026-01-07T14:54:04.599+0000] {dag.py:3036} INFO - Sync 1 DAGs
[2026-01-07T14:54:04.613+0000] {logging_mixin.py:188} INFO - [2026-01-07T14:54:04.613+0000] {dag.py:3823} INFO - Setting next_dagrun for daily_revenue_etl_dag to 2026-01-07 00:00:00+00:00, run_after=2026-01-08 00:00:00+00:00
[2026-01-07T14:54:04.624+0000] {processor.py:183} INFO - Processing /opt/airflow/dags/daily_revenue_etl_dag.py took 0.058 seconds
[2026-01-07T14:54:04.651+0000] {processor.py:161} INFO - Started process (PID=890) to work on /opt/airflow/dags/daily_revenue_etl_dag.py
[2026-01-07T14:54:04.652+0000] {processor.py:830} INFO - Processing file /opt/airflow/dags/daily_revenue_etl_dag.py for tasks to queue
[2026-01-07T14:54:04.653+0000] {logging_mixin.py:188} INFO - [2026-01-07T14:54:04.652+0000] {dagbag.py:538} INFO - Filling up the DagBag from /opt/airflow/dags/daily_revenue_etl_dag.py
[2026-01-07T14:54:04.664+0000] {processor.py:840} INFO - DAG(s) 'daily_revenue_etl_dag' retrieved from /opt/airflow/dags/daily_revenue_etl_dag.py
[2026-01-07T14:54:04.683+0000] {logging_mixin.py:188} INFO - [2026-01-07T14:54:04.682+0000] {dag.py:3036} INFO - Sync 1 DAGs
[2026-01-07T14:54:04.696+0000] {logging_mixin.py:188} INFO - [2026-01-07T14:54:04.696+0000] {dag.py:3823} INFO - Setting next_dagrun for daily_revenue_etl_dag to 2026-01-07 00:00:00+00:00, run_after=2026-01-08 00:00:00+00:00
[2026-01-07T14:54:04.707+0000] {processor.py:183} INFO - Processing /opt/airflow/dags/daily_revenue_etl_dag.py took 0.058 seconds
[2026-01-07T14:54:04.731+0000] {processor.py:161} INFO - Started process (PID=895) to work on /opt/airflow/dags/daily_revenue_etl_dag.py
[2026-01-07T14:54:04.732+0000] {processor.py:830} INFO - Processing file /opt/airflow/dags/daily_revenue_etl_dag.py for tasks to queue
[2026-01-07T14:54:04.733+0000] {logging_mixin.py:188} INFO - [2026-01-07T14:54:04.732+0000] {dagbag.py:538} INFO - Filling up the DagBag from /opt/airflow/dags/daily_revenue_etl_dag.py
[2026-01-07T14:54:04.745+0000] {processor.py:840} INFO - DAG(s) 'daily_revenue_etl_dag' retrieved from /opt/airflow/dags/daily_revenue_etl_dag.py
[2026-01-07T14:54:04.762+0000] {logging_mixin.py:188} INFO - [2026-01-07T14:54:04.762+0000] {dag.py:3036} INFO - Sync 1 DAGs
[2026-01-07T14:54:04.776+0000] {logging_mixin.py:188} INFO - [2026-01-07T14:54:04.776+0000] {dag.py:3823} INFO - Setting next_dagrun for daily_revenue_etl_dag to 2026-01-07 00:00:00+00:00, run_after=2026-01-08 00:00:00+00:00
[2026-01-07T14:54:04.788+0000] {processor.py:183} INFO - Processing /opt/airflow/dags/daily_revenue_etl_dag.py took 0.060 seconds
[2026-01-07T14:54:04.811+0000] {processor.py:161} INFO - Started process (PID=900) to work on /opt/airflow/dags/daily_revenue_etl_dag.py
[2026-01-07T14:54:04.812+0000] {processor.py:830} INFO - Processing file /opt/airflow/dags/daily_revenue_etl_dag.py for tasks to queue
[2026-01-07T14:54:04.812+0000] {logging_mixin.py:188} INFO - [2026-01-07T14:54:04.812+0000] {dagbag.py:538} INFO - Filling up the DagBag from /opt/airflow/dags/daily_revenue_etl_dag.py
[2026-01-07T14:54:04.831+0000] {processor.py:840} INFO - DAG(s) 'daily_revenue_etl_dag' retrieved from /opt/airflow/dags/daily_revenue_etl_dag.py
[2026-01-07T14:54:04.847+0000] {logging_mixin.py:188} INFO - [2026-01-07T14:54:04.847+0000] {dag.py:3036} INFO - Sync 1 DAGs
[2026-01-07T14:54:04.861+0000] {logging_mixin.py:188} INFO - [2026-01-07T14:54:04.861+0000] {dag.py:3823} INFO - Setting next_dagrun for daily_revenue_etl_dag to 2026-01-07 00:00:00+00:00, run_after=2026-01-08 00:00:00+00:00
[2026-01-07T14:54:04.872+0000] {processor.py:183} INFO - Processing /opt/airflow/dags/daily_revenue_etl_dag.py took 0.064 seconds
[2026-01-07T14:54:04.896+0000] {processor.py:161} INFO - Started process (PID=905) to work on /opt/airflow/dags/daily_revenue_etl_dag.py
[2026-01-07T14:54:04.897+0000] {processor.py:830} INFO - Processing file /opt/airflow/dags/daily_revenue_etl_dag.py for tasks to queue
[2026-01-07T14:54:04.897+0000] {logging_mixin.py:188} INFO - [2026-01-07T14:54:04.897+0000] {dagbag.py:538} INFO - Filling up the DagBag from /opt/airflow/dags/daily_revenue_etl_dag.py
[2026-01-07T14:54:04.909+0000] {processor.py:840} INFO - DAG(s) 'daily_revenue_etl_dag' retrieved from /opt/airflow/dags/daily_revenue_etl_dag.py
[2026-01-07T14:54:04.930+0000] {logging_mixin.py:188} INFO - [2026-01-07T14:54:04.930+0000] {dag.py:3036} INFO - Sync 1 DAGs
[2026-01-07T14:54:04.947+0000] {logging_mixin.py:188} INFO - [2026-01-07T14:54:04.947+0000] {dag.py:3823} INFO - Setting next_dagrun for daily_revenue_etl_dag to 2026-01-07 00:00:00+00:00, run_after=2026-01-08 00:00:00+00:00
[2026-01-07T14:54:04.967+0000] {processor.py:183} INFO - Processing /opt/airflow/dags/daily_revenue_etl_dag.py took 0.073 seconds
[2026-01-07T14:54:04.996+0000] {processor.py:161} INFO - Started process (PID=910) to work on /opt/airflow/dags/daily_revenue_etl_dag.py
[2026-01-07T14:54:04.997+0000] {processor.py:830} INFO - Processing file /opt/airflow/dags/daily_revenue_etl_dag.py for tasks to queue
[2026-01-07T14:54:04.998+0000] {logging_mixin.py:188} INFO - [2026-01-07T14:54:04.998+0000] {dagbag.py:538} INFO - Filling up the DagBag from /opt/airflow/dags/daily_revenue_etl_dag.py
[2026-01-07T14:54:05.015+0000] {processor.py:840} INFO - DAG(s) 'daily_revenue_etl_dag' retrieved from /opt/airflow/dags/daily_revenue_etl_dag.py
[2026-01-07T14:54:05.032+0000] {logging_mixin.py:188} INFO - [2026-01-07T14:54:05.032+0000] {dag.py:3036} INFO - Sync 1 DAGs
[2026-01-07T14:56:29.814+0000] {logging_mixin.py:188} INFO - [2026-01-07T14:56:29.814+0000] {dag.py:3823} INFO - Setting next_dagrun for daily_revenue_etl_dag to 2026-01-07 00:00:00+00:00, run_after=2026-01-08 00:00:00+00:00
[2026-01-07T14:56:29.828+0000] {processor.py:183} INFO - Processing /opt/airflow/dags/daily_revenue_etl_dag.py took 0.066 seconds
[2026-01-07T14:54:33.205+0000] {processor.py:161} INFO - Started process (PID=915) to work on /opt/airflow/dags/daily_revenue_etl_dag.py
[2026-01-07T14:54:33.206+0000] {processor.py:830} INFO - Processing file /opt/airflow/dags/daily_revenue_etl_dag.py for tasks to queue
[2026-01-07T14:54:33.208+0000] {logging_mixin.py:188} INFO - [2026-01-07T14:54:33.207+0000] {dagbag.py:538} INFO - Filling up the DagBag from /opt/airflow/dags/daily_revenue_etl_dag.py
[2026-01-07T14:54:33.235+0000] {processor.py:840} INFO - DAG(s) 'daily_revenue_etl_dag' retrieved from /opt/airflow/dags/daily_revenue_etl_dag.py
[2026-01-07T14:54:33.252+0000] {logging_mixin.py:188} INFO - [2026-01-07T14:54:33.251+0000] {dag.py:3036} INFO - Sync 1 DAGs
[2026-01-07T14:54:33.266+0000] {logging_mixin.py:188} INFO - [2026-01-07T14:54:33.266+0000] {dag.py:3823} INFO - Setting next_dagrun for daily_revenue_etl_dag to 2026-01-07 00:00:00+00:00, run_after=2026-01-08 00:00:00+00:00
[2026-01-07T14:54:33.285+0000] {processor.py:183} INFO - Processing /opt/airflow/dags/daily_revenue_etl_dag.py took 0.082 seconds
[2026-01-07T14:54:33.312+0000] {processor.py:161} INFO - Started process (PID=920) to work on /opt/airflow/dags/daily_revenue_etl_dag.py
[2026-01-07T14:54:33.313+0000] {processor.py:830} INFO - Processing file /opt/airflow/dags/daily_revenue_etl_dag.py for tasks to queue
[2026-01-07T14:54:33.313+0000] {logging_mixin.py:188} INFO - [2026-01-07T14:54:33.313+0000] {dagbag.py:538} INFO - Filling up the DagBag from /opt/airflow/dags/daily_revenue_etl_dag.py
[2026-01-07T14:54:33.326+0000] {processor.py:840} INFO - DAG(s) 'daily_revenue_etl_dag' retrieved from /opt/airflow/dags/daily_revenue_etl_dag.py
[2026-01-07T14:54:33.342+0000] {logging_mixin.py:188} INFO - [2026-01-07T14:54:33.342+0000] {dag.py:3036} INFO - Sync 1 DAGs
[2026-01-07T14:54:33.357+0000] {logging_mixin.py:188} INFO - [2026-01-07T14:54:33.357+0000] {dag.py:3823} INFO - Setting next_dagrun for daily_revenue_etl_dag to 2026-01-07 00:00:00+00:00, run_after=2026-01-08 00:00:00+00:00
[2026-01-07T14:54:33.368+0000] {processor.py:183} INFO - Processing /opt/airflow/dags/daily_revenue_etl_dag.py took 0.059 seconds
[2026-01-07T14:54:33.393+0000] {processor.py:161} INFO - Started process (PID=925) to work on /opt/airflow/dags/daily_revenue_etl_dag.py
[2026-01-07T14:54:33.394+0000] {processor.py:830} INFO - Processing file /opt/airflow/dags/daily_revenue_etl_dag.py for tasks to queue
[2026-01-07T14:54:33.396+0000] {logging_mixin.py:188} INFO - [2026-01-07T14:54:33.395+0000] {dagbag.py:538} INFO - Filling up the DagBag from /opt/airflow/dags/daily_revenue_etl_dag.py
[2026-01-07T14:54:33.409+0000] {processor.py:840} INFO - DAG(s) 'daily_revenue_etl_dag' retrieved from /opt/airflow/dags/daily_revenue_etl_dag.py
[2026-01-07T14:54:33.428+0000] {logging_mixin.py:188} INFO - [2026-01-07T14:54:33.428+0000] {dag.py:3036} INFO - Sync 1 DAGs
[2026-01-07T14:54:33.443+0000] {logging_mixin.py:188} INFO - [2026-01-07T14:54:33.443+0000] {dag.py:3823} INFO - Setting next_dagrun for daily_revenue_etl_dag to 2026-01-07 00:00:00+00:00, run_after=2026-01-08 00:00:00+00:00
[2026-01-07T14:54:33.459+0000] {processor.py:183} INFO - Processing /opt/airflow/dags/daily_revenue_etl_dag.py took 0.069 seconds
[2026-01-07T14:54:33.496+0000] {processor.py:161} INFO - Started process (PID=930) to work on /opt/airflow/dags/daily_revenue_etl_dag.py
[2026-01-07T14:54:33.497+0000] {processor.py:830} INFO - Processing file /opt/airflow/dags/daily_revenue_etl_dag.py for tasks to queue
[2026-01-07T14:54:33.498+0000] {logging_mixin.py:188} INFO - [2026-01-07T14:54:33.497+0000] {dagbag.py:538} INFO - Filling up the DagBag from /opt/airflow/dags/daily_revenue_etl_dag.py
[2026-01-07T14:54:33.519+0000] {processor.py:840} INFO - DAG(s) 'daily_revenue_etl_dag' retrieved from /opt/airflow/dags/daily_revenue_etl_dag.py
[2026-01-07T14:54:33.539+0000] {logging_mixin.py:188} INFO - [2026-01-07T14:54:33.539+0000] {dag.py:3036} INFO - Sync 1 DAGs
[2026-01-07T14:54:33.557+0000] {logging_mixin.py:188} INFO - [2026-01-07T14:54:33.556+0000] {dag.py:3823} INFO - Setting next_dagrun for daily_revenue_etl_dag to 2026-01-07 00:00:00+00:00, run_after=2026-01-08 00:00:00+00:00
[2026-01-07T14:54:33.568+0000] {processor.py:183} INFO - Processing /opt/airflow/dags/daily_revenue_etl_dag.py took 0.076 seconds
[2026-01-07T14:54:33.598+0000] {processor.py:161} INFO - Started process (PID=935) to work on /opt/airflow/dags/daily_revenue_etl_dag.py
[2026-01-07T14:54:33.598+0000] {processor.py:830} INFO - Processing file /opt/airflow/dags/daily_revenue_etl_dag.py for tasks to queue
[2026-01-07T14:54:33.599+0000] {logging_mixin.py:188} INFO - [2026-01-07T14:54:33.599+0000] {dagbag.py:538} INFO - Filling up the DagBag from /opt/airflow/dags/daily_revenue_etl_dag.py
[2026-01-07T14:54:33.613+0000] {processor.py:840} INFO - DAG(s) 'daily_revenue_etl_dag' retrieved from /opt/airflow/dags/daily_revenue_etl_dag.py
[2026-01-07T14:54:33.630+0000] {logging_mixin.py:188} INFO - [2026-01-07T14:54:33.630+0000] {dag.py:3036} INFO - Sync 1 DAGs
[2026-01-07T14:54:33.645+0000] {logging_mixin.py:188} INFO - [2026-01-07T14:54:33.645+0000] {dag.py:3823} INFO - Setting next_dagrun for daily_revenue_etl_dag to 2026-01-07 00:00:00+00:00, run_after=2026-01-08 00:00:00+00:00
[2026-01-07T14:54:33.657+0000] {processor.py:183} INFO - Processing /opt/airflow/dags/daily_revenue_etl_dag.py took 0.062 seconds
[2026-01-07T14:54:33.688+0000] {processor.py:161} INFO - Started process (PID=940) to work on /opt/airflow/dags/daily_revenue_etl_dag.py
[2026-01-07T14:54:33.688+0000] {processor.py:830} INFO - Processing file /opt/airflow/dags/daily_revenue_etl_dag.py for tasks to queue
[2026-01-07T14:54:33.689+0000] {logging_mixin.py:188} INFO - [2026-01-07T14:54:33.689+0000] {dagbag.py:538} INFO - Filling up the DagBag from /opt/airflow/dags/daily_revenue_etl_dag.py
[2026-01-07T14:54:33.704+0000] {processor.py:840} INFO - DAG(s) 'daily_revenue_etl_dag' retrieved from /opt/airflow/dags/daily_revenue_etl_dag.py
[2026-01-07T14:54:33.719+0000] {logging_mixin.py:188} INFO - [2026-01-07T14:54:33.719+0000] {dag.py:3036} INFO - Sync 1 DAGs
[2026-01-07T14:54:33.734+0000] {logging_mixin.py:188} INFO - [2026-01-07T14:54:33.734+0000] {dag.py:3823} INFO - Setting next_dagrun for daily_revenue_etl_dag to 2026-01-07 00:00:00+00:00, run_after=2026-01-08 00:00:00+00:00
[2026-01-07T14:54:33.745+0000] {processor.py:183} INFO - Processing /opt/airflow/dags/daily_revenue_etl_dag.py took 0.060 seconds
[2026-01-07T14:54:33.769+0000] {processor.py:161} INFO - Started process (PID=945) to work on /opt/airflow/dags/daily_revenue_etl_dag.py
[2026-01-07T14:54:33.770+0000] {processor.py:830} INFO - Processing file /opt/airflow/dags/daily_revenue_etl_dag.py for tasks to queue
[2026-01-07T14:54:33.771+0000] {logging_mixin.py:188} INFO - [2026-01-07T14:54:33.771+0000] {dagbag.py:538} INFO - Filling up the DagBag from /opt/airflow/dags/daily_revenue_etl_dag.py
[2026-01-07T14:54:33.800+0000] {processor.py:840} INFO - DAG(s) 'daily_revenue_etl_dag' retrieved from /opt/airflow/dags/daily_revenue_etl_dag.py
[2026-01-07T14:54:33.817+0000] {logging_mixin.py:188} INFO - [2026-01-07T14:54:33.817+0000] {dag.py:3036} INFO - Sync 1 DAGs
[2026-01-07T14:54:33.831+0000] {logging_mixin.py:188} INFO - [2026-01-07T14:54:33.831+0000] {dag.py:3823} INFO - Setting next_dagrun for daily_revenue_etl_dag to 2026-01-07 00:00:00+00:00, run_after=2026-01-08 00:00:00+00:00
[2026-01-07T14:54:33.841+0000] {processor.py:183} INFO - Processing /opt/airflow/dags/daily_revenue_etl_dag.py took 0.075 seconds
[2026-01-07T14:54:33.867+0000] {processor.py:161} INFO - Started process (PID=950) to work on /opt/airflow/dags/daily_revenue_etl_dag.py
[2026-01-07T14:54:33.868+0000] {processor.py:830} INFO - Processing file /opt/airflow/dags/daily_revenue_etl_dag.py for tasks to queue
[2026-01-07T14:54:33.868+0000] {logging_mixin.py:188} INFO - [2026-01-07T14:54:33.868+0000] {dagbag.py:538} INFO - Filling up the DagBag from /opt/airflow/dags/daily_revenue_etl_dag.py
[2026-01-07T14:54:33.880+0000] {processor.py:840} INFO - DAG(s) 'daily_revenue_etl_dag' retrieved from /opt/airflow/dags/daily_revenue_etl_dag.py
[2026-01-07T14:54:33.897+0000] {logging_mixin.py:188} INFO - [2026-01-07T14:54:33.897+0000] {dag.py:3036} INFO - Sync 1 DAGs
[2026-01-07T14:54:33.912+0000] {logging_mixin.py:188} INFO - [2026-01-07T14:54:33.912+0000] {dag.py:3823} INFO - Setting next_dagrun for daily_revenue_etl_dag to 2026-01-07 00:00:00+00:00, run_after=2026-01-08 00:00:00+00:00
[2026-01-07T14:54:33.923+0000] {processor.py:183} INFO - Processing /opt/airflow/dags/daily_revenue_etl_dag.py took 0.059 seconds
[2026-01-07T14:54:33.946+0000] {processor.py:161} INFO - Started process (PID=955) to work on /opt/airflow/dags/daily_revenue_etl_dag.py
[2026-01-07T14:54:33.947+0000] {processor.py:830} INFO - Processing file /opt/airflow/dags/daily_revenue_etl_dag.py for tasks to queue
[2026-01-07T14:54:33.948+0000] {logging_mixin.py:188} INFO - [2026-01-07T14:54:33.947+0000] {dagbag.py:538} INFO - Filling up the DagBag from /opt/airflow/dags/daily_revenue_etl_dag.py
[2026-01-07T14:54:33.961+0000] {processor.py:840} INFO - DAG(s) 'daily_revenue_etl_dag' retrieved from /opt/airflow/dags/daily_revenue_etl_dag.py
[2026-01-07T14:54:33.977+0000] {logging_mixin.py:188} INFO - [2026-01-07T14:54:33.976+0000] {dag.py:3036} INFO - Sync 1 DAGs
[2026-01-07T14:54:33.990+0000] {logging_mixin.py:188} INFO - [2026-01-07T14:54:33.990+0000] {dag.py:3823} INFO - Setting next_dagrun for daily_revenue_etl_dag to 2026-01-07 00:00:00+00:00, run_after=2026-01-08 00:00:00+00:00
[2026-01-07T14:54:34.002+0000] {processor.py:183} INFO - Processing /opt/airflow/dags/daily_revenue_etl_dag.py took 0.058 seconds
[2026-01-07T14:54:34.027+0000] {processor.py:161} INFO - Started process (PID=960) to work on /opt/airflow/dags/daily_revenue_etl_dag.py
[2026-01-07T14:54:34.028+0000] {processor.py:830} INFO - Processing file /opt/airflow/dags/daily_revenue_etl_dag.py for tasks to queue
[2026-01-07T14:54:34.029+0000] {logging_mixin.py:188} INFO - [2026-01-07T14:54:34.028+0000] {dagbag.py:538} INFO - Filling up the DagBag from /opt/airflow/dags/daily_revenue_etl_dag.py
[2026-01-07T14:54:34.040+0000] {processor.py:840} INFO - DAG(s) 'daily_revenue_etl_dag' retrieved from /opt/airflow/dags/daily_revenue_etl_dag.py
[2026-01-07T14:54:34.057+0000] {logging_mixin.py:188} INFO - [2026-01-07T14:54:34.057+0000] {dag.py:3036} INFO - Sync 1 DAGs
[2026-01-07T14:54:34.071+0000] {logging_mixin.py:188} INFO - [2026-01-07T14:54:34.071+0000] {dag.py:3823} INFO - Setting next_dagrun for daily_revenue_etl_dag to 2026-01-07 00:00:00+00:00, run_after=2026-01-08 00:00:00+00:00
[2026-01-07T14:54:34.083+0000] {processor.py:183} INFO - Processing /opt/airflow/dags/daily_revenue_etl_dag.py took 0.059 seconds
[2026-01-07T14:54:34.114+0000] {processor.py:161} INFO - Started process (PID=965) to work on /opt/airflow/dags/daily_revenue_etl_dag.py
[2026-01-07T14:54:34.115+0000] {processor.py:830} INFO - Processing file /opt/airflow/dags/daily_revenue_etl_dag.py for tasks to queue
[2026-01-07T14:54:34.117+0000] {logging_mixin.py:188} INFO - [2026-01-07T14:54:34.117+0000] {dagbag.py:538} INFO - Filling up the DagBag from /opt/airflow/dags/daily_revenue_etl_dag.py
[2026-01-07T14:54:34.145+0000] {processor.py:840} INFO - DAG(s) 'daily_revenue_etl_dag' retrieved from /opt/airflow/dags/daily_revenue_etl_dag.py
[2026-01-07T14:54:34.166+0000] {logging_mixin.py:188} INFO - [2026-01-07T14:54:34.166+0000] {dag.py:3036} INFO - Sync 1 DAGs
[2026-01-07T14:54:34.182+0000] {logging_mixin.py:188} INFO - [2026-01-07T14:54:34.182+0000] {dag.py:3823} INFO - Setting next_dagrun for daily_revenue_etl_dag to 2026-01-07 00:00:00+00:00, run_after=2026-01-08 00:00:00+00:00
[2026-01-07T14:54:34.196+0000] {processor.py:183} INFO - Processing /opt/airflow/dags/daily_revenue_etl_dag.py took 0.085 seconds
[2026-01-07T14:54:34.222+0000] {processor.py:161} INFO - Started process (PID=970) to work on /opt/airflow/dags/daily_revenue_etl_dag.py
[2026-01-07T14:54:34.223+0000] {processor.py:830} INFO - Processing file /opt/airflow/dags/daily_revenue_etl_dag.py for tasks to queue
[2026-01-07T14:54:34.224+0000] {logging_mixin.py:188} INFO - [2026-01-07T14:54:34.224+0000] {dagbag.py:538} INFO - Filling up the DagBag from /opt/airflow/dags/daily_revenue_etl_dag.py
[2026-01-07T14:54:34.239+0000] {processor.py:840} INFO - DAG(s) 'daily_revenue_etl_dag' retrieved from /opt/airflow/dags/daily_revenue_etl_dag.py
[2026-01-07T14:54:34.259+0000] {logging_mixin.py:188} INFO - [2026-01-07T14:54:34.258+0000] {dag.py:3036} INFO - Sync 1 DAGs
[2026-01-07T14:54:34.274+0000] {logging_mixin.py:188} INFO - [2026-01-07T14:54:34.273+0000] {dag.py:3823} INFO - Setting next_dagrun for daily_revenue_etl_dag to 2026-01-07 00:00:00+00:00, run_after=2026-01-08 00:00:00+00:00
[2026-01-07T14:54:34.289+0000] {processor.py:183} INFO - Processing /opt/airflow/dags/daily_revenue_etl_dag.py took 0.071 seconds
[2026-01-07T14:54:34.314+0000] {processor.py:161} INFO - Started process (PID=975) to work on /opt/airflow/dags/daily_revenue_etl_dag.py
[2026-01-07T14:54:34.315+0000] {processor.py:830} INFO - Processing file /opt/airflow/dags/daily_revenue_etl_dag.py for tasks to queue
[2026-01-07T14:54:34.316+0000] {logging_mixin.py:188} INFO - [2026-01-07T14:54:34.316+0000] {dagbag.py:538} INFO - Filling up the DagBag from /opt/airflow/dags/daily_revenue_etl_dag.py
[2026-01-07T14:54:34.330+0000] {processor.py:840} INFO - DAG(s) 'daily_revenue_etl_dag' retrieved from /opt/airflow/dags/daily_revenue_etl_dag.py
[2026-01-07T14:54:34.348+0000] {logging_mixin.py:188} INFO - [2026-01-07T14:54:34.348+0000] {dag.py:3036} INFO - Sync 1 DAGs
[2026-01-07T14:54:34.364+0000] {logging_mixin.py:188} INFO - [2026-01-07T14:54:34.364+0000] {dag.py:3823} INFO - Setting next_dagrun for daily_revenue_etl_dag to 2026-01-07 00:00:00+00:00, run_after=2026-01-08 00:00:00+00:00
[2026-01-07T14:54:34.376+0000] {processor.py:183} INFO - Processing /opt/airflow/dags/daily_revenue_etl_dag.py took 0.064 seconds
[2026-01-07T14:54:34.408+0000] {processor.py:161} INFO - Started process (PID=980) to work on /opt/airflow/dags/daily_revenue_etl_dag.py
[2026-01-07T14:54:34.409+0000] {processor.py:830} INFO - Processing file /opt/airflow/dags/daily_revenue_etl_dag.py for tasks to queue
[2026-01-07T14:54:34.410+0000] {logging_mixin.py:188} INFO - [2026-01-07T14:54:34.409+0000] {dagbag.py:538} INFO - Filling up the DagBag from /opt/airflow/dags/daily_revenue_etl_dag.py
[2026-01-07T14:54:34.428+0000] {processor.py:840} INFO - DAG(s) 'daily_revenue_etl_dag' retrieved from /opt/airflow/dags/daily_revenue_etl_dag.py
[2026-01-07T14:54:34.446+0000] {logging_mixin.py:188} INFO - [2026-01-07T14:54:34.446+0000] {dag.py:3036} INFO - Sync 1 DAGs
[2026-01-07T14:54:34.460+0000] {logging_mixin.py:188} INFO - [2026-01-07T14:54:34.460+0000] {dag.py:3823} INFO - Setting next_dagrun for daily_revenue_etl_dag to 2026-01-07 00:00:00+00:00, run_after=2026-01-08 00:00:00+00:00
[2026-01-07T14:54:34.474+0000] {processor.py:183} INFO - Processing /opt/airflow/dags/daily_revenue_etl_dag.py took 0.069 seconds
[2026-01-07T14:54:34.502+0000] {processor.py:161} INFO - Started process (PID=985) to work on /opt/airflow/dags/daily_revenue_etl_dag.py
[2026-01-07T14:54:34.503+0000] {processor.py:830} INFO - Processing file /opt/airflow/dags/daily_revenue_etl_dag.py for tasks to queue
[2026-01-07T14:54:34.504+0000] {logging_mixin.py:188} INFO - [2026-01-07T14:54:34.503+0000] {dagbag.py:538} INFO - Filling up the DagBag from /opt/airflow/dags/daily_revenue_etl_dag.py
[2026-01-07T14:54:34.522+0000] {processor.py:840} INFO - DAG(s) 'daily_revenue_etl_dag' retrieved from /opt/airflow/dags/daily_revenue_etl_dag.py
[2026-01-07T14:54:34.539+0000] {logging_mixin.py:188} INFO - [2026-01-07T14:54:34.539+0000] {dag.py:3036} INFO - Sync 1 DAGs
[2026-01-07T14:54:34.553+0000] {logging_mixin.py:188} INFO - [2026-01-07T14:54:34.553+0000] {dag.py:3823} INFO - Setting next_dagrun for daily_revenue_etl_dag to 2026-01-07 00:00:00+00:00, run_after=2026-01-08 00:00:00+00:00
[2026-01-07T14:54:34.564+0000] {processor.py:183} INFO - Processing /opt/airflow/dags/daily_revenue_etl_dag.py took 0.065 seconds
[2026-01-07T14:54:34.587+0000] {processor.py:161} INFO - Started process (PID=990) to work on /opt/airflow/dags/daily_revenue_etl_dag.py
[2026-01-07T14:54:34.588+0000] {processor.py:830} INFO - Processing file /opt/airflow/dags/daily_revenue_etl_dag.py for tasks to queue
[2026-01-07T14:54:34.588+0000] {logging_mixin.py:188} INFO - [2026-01-07T14:54:34.588+0000] {dagbag.py:538} INFO - Filling up the DagBag from /opt/airflow/dags/daily_revenue_etl_dag.py
[2026-01-07T14:54:34.600+0000] {processor.py:840} INFO - DAG(s) 'daily_revenue_etl_dag' retrieved from /opt/airflow/dags/daily_revenue_etl_dag.py
[2026-01-07T14:54:34.619+0000] {logging_mixin.py:188} INFO - [2026-01-07T14:54:34.619+0000] {dag.py:3036} INFO - Sync 1 DAGs
[2026-01-07T14:54:34.634+0000] {logging_mixin.py:188} INFO - [2026-01-07T14:54:34.633+0000] {dag.py:3823} INFO - Setting next_dagrun for daily_revenue_etl_dag to 2026-01-07 00:00:00+00:00, run_after=2026-01-08 00:00:00+00:00
[2026-01-07T14:54:34.646+0000] {processor.py:183} INFO - Processing /opt/airflow/dags/daily_revenue_etl_dag.py took 0.061 seconds
[2026-01-07T14:54:34.672+0000] {processor.py:161} INFO - Started process (PID=995) to work on /opt/airflow/dags/daily_revenue_etl_dag.py
[2026-01-07T14:54:34.673+0000] {processor.py:830} INFO - Processing file /opt/airflow/dags/daily_revenue_etl_dag.py for tasks to queue
[2026-01-07T14:54:34.674+0000] {logging_mixin.py:188} INFO - [2026-01-07T14:54:34.674+0000] {dagbag.py:538} INFO - Filling up the DagBag from /opt/airflow/dags/daily_revenue_etl_dag.py
[2026-01-07T14:54:34.688+0000] {processor.py:840} INFO - DAG(s) 'daily_revenue_etl_dag' retrieved from /opt/airflow/dags/daily_revenue_etl_dag.py
[2026-01-07T14:54:34.706+0000] {logging_mixin.py:188} INFO - [2026-01-07T14:54:34.706+0000] {dag.py:3036} INFO - Sync 1 DAGs
[2026-01-07T14:54:34.720+0000] {logging_mixin.py:188} INFO - [2026-01-07T14:54:34.720+0000] {dag.py:3823} INFO - Setting next_dagrun for daily_revenue_etl_dag to 2026-01-07 00:00:00+00:00, run_after=2026-01-08 00:00:00+00:00
[2026-01-07T14:54:34.731+0000] {processor.py:183} INFO - Processing /opt/airflow/dags/daily_revenue_etl_dag.py took 0.062 seconds
[2026-01-07T14:54:34.758+0000] {processor.py:161} INFO - Started process (PID=1000) to work on /opt/airflow/dags/daily_revenue_etl_dag.py
[2026-01-07T14:54:34.759+0000] {processor.py:830} INFO - Processing file /opt/airflow/dags/daily_revenue_etl_dag.py for tasks to queue
[2026-01-07T14:54:34.760+0000] {logging_mixin.py:188} INFO - [2026-01-07T14:54:34.760+0000] {dagbag.py:538} INFO - Filling up the DagBag from /opt/airflow/dags/daily_revenue_etl_dag.py
[2026-01-07T14:54:34.775+0000] {processor.py:840} INFO - DAG(s) 'daily_revenue_etl_dag' retrieved from /opt/airflow/dags/daily_revenue_etl_dag.py
[2026-01-07T14:54:34.794+0000] {logging_mixin.py:188} INFO - [2026-01-07T14:54:34.793+0000] {dag.py:3036} INFO - Sync 1 DAGs
[2026-01-07T14:54:34.808+0000] {logging_mixin.py:188} INFO - [2026-01-07T14:54:34.808+0000] {dag.py:3823} INFO - Setting next_dagrun for daily_revenue_etl_dag to 2026-01-07 00:00:00+00:00, run_after=2026-01-08 00:00:00+00:00
[2026-01-07T14:54:34.819+0000] {processor.py:183} INFO - Processing /opt/airflow/dags/daily_revenue_etl_dag.py took 0.064 seconds
[2026-01-07T14:54:34.844+0000] {processor.py:161} INFO - Started process (PID=1005) to work on /opt/airflow/dags/daily_revenue_etl_dag.py
[2026-01-07T14:54:34.846+0000] {processor.py:830} INFO - Processing file /opt/airflow/dags/daily_revenue_etl_dag.py for tasks to queue
[2026-01-07T14:54:34.847+0000] {logging_mixin.py:188} INFO - [2026-01-07T14:54:34.846+0000] {dagbag.py:538} INFO - Filling up the DagBag from /opt/airflow/dags/daily_revenue_etl_dag.py
[2026-01-07T14:54:34.858+0000] {processor.py:840} INFO - DAG(s) 'daily_revenue_etl_dag' retrieved from /opt/airflow/dags/daily_revenue_etl_dag.py
[2026-01-07T14:54:34.878+0000] {logging_mixin.py:188} INFO - [2026-01-07T14:54:34.878+0000] {dag.py:3036} INFO - Sync 1 DAGs
[2026-01-07T14:54:34.892+0000] {logging_mixin.py:188} INFO - [2026-01-07T14:54:34.891+0000] {dag.py:3823} INFO - Setting next_dagrun for daily_revenue_etl_dag to 2026-01-07 00:00:00+00:00, run_after=2026-01-08 00:00:00+00:00
[2026-01-07T14:54:34.906+0000] {processor.py:183} INFO - Processing /opt/airflow/dags/daily_revenue_etl_dag.py took 0.065 seconds
[2026-01-07T14:54:34.933+0000] {processor.py:161} INFO - Started process (PID=1010) to work on /opt/airflow/dags/daily_revenue_etl_dag.py
[2026-01-07T14:54:34.934+0000] {processor.py:830} INFO - Processing file /opt/airflow/dags/daily_revenue_etl_dag.py for tasks to queue
[2026-01-07T14:54:34.934+0000] {logging_mixin.py:188} INFO - [2026-01-07T14:54:34.934+0000] {dagbag.py:538} INFO - Filling up the DagBag from /opt/airflow/dags/daily_revenue_etl_dag.py
[2026-01-07T14:54:34.950+0000] {processor.py:840} INFO - DAG(s) 'daily_revenue_etl_dag' retrieved from /opt/airflow/dags/daily_revenue_etl_dag.py
[2026-01-07T14:54:34.981+0000] {logging_mixin.py:188} INFO - [2026-01-07T14:54:34.981+0000] {dag.py:3036} INFO - Sync 1 DAGs
[2026-01-07T14:54:34.999+0000] {logging_mixin.py:188} INFO - [2026-01-07T14:54:34.999+0000] {dag.py:3823} INFO - Setting next_dagrun for daily_revenue_etl_dag to 2026-01-07 00:00:00+00:00, run_after=2026-01-08 00:00:00+00:00
[2026-01-07T14:54:35.011+0000] {processor.py:183} INFO - Processing /opt/airflow/dags/daily_revenue_etl_dag.py took 0.080 seconds
[2026-01-07T14:54:35.049+0000] {processor.py:161} INFO - Started process (PID=1015) to work on /opt/airflow/dags/daily_revenue_etl_dag.py
[2026-01-07T14:54:35.050+0000] {processor.py:830} INFO - Processing file /opt/airflow/dags/daily_revenue_etl_dag.py for tasks to queue
[2026-01-07T14:54:35.051+0000] {logging_mixin.py:188} INFO - [2026-01-07T14:54:35.051+0000] {dagbag.py:538} INFO - Filling up the DagBag from /opt/airflow/dags/daily_revenue_etl_dag.py
[2026-01-07T14:54:35.071+0000] {processor.py:840} INFO - DAG(s) 'daily_revenue_etl_dag' retrieved from /opt/airflow/dags/daily_revenue_etl_dag.py
[2026-01-07T14:56:59.860+0000] {logging_mixin.py:188} INFO - [2026-01-07T14:56:59.859+0000] {dag.py:3036} INFO - Sync 1 DAGs
[2026-01-07T14:56:59.873+0000] {logging_mixin.py:188} INFO - [2026-01-07T14:56:59.873+0000] {dag.py:3823} INFO - Setting next_dagrun for daily_revenue_etl_dag to 2026-01-07 00:00:00+00:00, run_after=2026-01-08 00:00:00+00:00
[2026-01-07T14:56:59.885+0000] {processor.py:183} INFO - Processing /opt/airflow/dags/daily_revenue_etl_dag.py took 0.071 seconds
[2026-01-07T14:54:36.054+0000] {processor.py:161} INFO - Started process (PID=1020) to work on /opt/airflow/dags/daily_revenue_etl_dag.py
[2026-01-07T14:54:36.054+0000] {processor.py:830} INFO - Processing file /opt/airflow/dags/daily_revenue_etl_dag.py for tasks to queue
[2026-01-07T14:54:36.055+0000] {logging_mixin.py:188} INFO - [2026-01-07T14:54:36.055+0000] {dagbag.py:538} INFO - Filling up the DagBag from /opt/airflow/dags/daily_revenue_etl_dag.py
[2026-01-07T14:54:36.070+0000] {processor.py:840} INFO - DAG(s) 'daily_revenue_etl_dag' retrieved from /opt/airflow/dags/daily_revenue_etl_dag.py
[2026-01-07T14:54:36.086+0000] {logging_mixin.py:188} INFO - [2026-01-07T14:54:36.086+0000] {dag.py:3036} INFO - Sync 1 DAGs
[2026-01-07T14:54:36.099+0000] {logging_mixin.py:188} INFO - [2026-01-07T14:54:36.098+0000] {dag.py:3823} INFO - Setting next_dagrun for daily_revenue_etl_dag to 2026-01-07 00:00:00+00:00, run_after=2026-01-08 00:00:00+00:00
[2026-01-07T14:54:36.114+0000] {processor.py:183} INFO - Processing /opt/airflow/dags/daily_revenue_etl_dag.py took 0.062 seconds
[2026-01-07T14:54:37.065+0000] {processor.py:161} INFO - Started process (PID=1025) to work on /opt/airflow/dags/daily_revenue_etl_dag.py
[2026-01-07T14:54:37.066+0000] {processor.py:830} INFO - Processing file /opt/airflow/dags/daily_revenue_etl_dag.py for tasks to queue
[2026-01-07T14:54:37.067+0000] {logging_mixin.py:188} INFO - [2026-01-07T14:54:37.066+0000] {dagbag.py:538} INFO - Filling up the DagBag from /opt/airflow/dags/daily_revenue_etl_dag.py
[2026-01-07T14:54:37.080+0000] {processor.py:840} INFO - DAG(s) 'daily_revenue_etl_dag' retrieved from /opt/airflow/dags/daily_revenue_etl_dag.py
[2026-01-07T14:54:37.099+0000] {logging_mixin.py:188} INFO - [2026-01-07T14:54:37.099+0000] {dag.py:3036} INFO - Sync 1 DAGs
[2026-01-07T14:54:37.112+0000] {logging_mixin.py:188} INFO - [2026-01-07T14:54:37.112+0000] {dag.py:3823} INFO - Setting next_dagrun for daily_revenue_etl_dag to 2026-01-07 00:00:00+00:00, run_after=2026-01-08 00:00:00+00:00
[2026-01-07T14:54:37.124+0000] {processor.py:183} INFO - Processing /opt/airflow/dags/daily_revenue_etl_dag.py took 0.061 seconds
[2026-01-07T14:54:37.149+0000] {processor.py:161} INFO - Started process (PID=1030) to work on /opt/airflow/dags/daily_revenue_etl_dag.py
[2026-01-07T14:54:37.150+0000] {processor.py:830} INFO - Processing file /opt/airflow/dags/daily_revenue_etl_dag.py for tasks to queue
[2026-01-07T14:54:37.151+0000] {logging_mixin.py:188} INFO - [2026-01-07T14:54:37.150+0000] {dagbag.py:538} INFO - Filling up the DagBag from /opt/airflow/dags/daily_revenue_etl_dag.py
[2026-01-07T14:54:37.163+0000] {processor.py:840} INFO - DAG(s) 'daily_revenue_etl_dag' retrieved from /opt/airflow/dags/daily_revenue_etl_dag.py
[2026-01-07T14:54:37.180+0000] {logging_mixin.py:188} INFO - [2026-01-07T14:54:37.180+0000] {dag.py:3036} INFO - Sync 1 DAGs
[2026-01-07T14:54:37.195+0000] {logging_mixin.py:188} INFO - [2026-01-07T14:54:37.195+0000] {dag.py:3823} INFO - Setting next_dagrun for daily_revenue_etl_dag to 2026-01-07 00:00:00+00:00, run_after=2026-01-08 00:00:00+00:00
[2026-01-07T14:54:37.206+0000] {processor.py:183} INFO - Processing /opt/airflow/dags/daily_revenue_etl_dag.py took 0.059 seconds
[2026-01-07T14:54:37.229+0000] {processor.py:161} INFO - Started process (PID=1035) to work on /opt/airflow/dags/daily_revenue_etl_dag.py
[2026-01-07T14:54:37.230+0000] {processor.py:830} INFO - Processing file /opt/airflow/dags/daily_revenue_etl_dag.py for tasks to queue
[2026-01-07T14:54:37.230+0000] {logging_mixin.py:188} INFO - [2026-01-07T14:54:37.230+0000] {dagbag.py:538} INFO - Filling up the DagBag from /opt/airflow/dags/daily_revenue_etl_dag.py
[2026-01-07T14:54:37.246+0000] {processor.py:840} INFO - DAG(s) 'daily_revenue_etl_dag' retrieved from /opt/airflow/dags/daily_revenue_etl_dag.py
[2026-01-07T14:54:37.264+0000] {logging_mixin.py:188} INFO - [2026-01-07T14:54:37.264+0000] {dag.py:3036} INFO - Sync 1 DAGs
[2026-01-07T14:54:37.278+0000] {logging_mixin.py:188} INFO - [2026-01-07T14:54:37.278+0000] {dag.py:3823} INFO - Setting next_dagrun for daily_revenue_etl_dag to 2026-01-07 00:00:00+00:00, run_after=2026-01-08 00:00:00+00:00
[2026-01-07T14:54:37.290+0000] {processor.py:183} INFO - Processing /opt/airflow/dags/daily_revenue_etl_dag.py took 0.063 seconds
[2026-01-07T14:54:37.315+0000] {processor.py:161} INFO - Started process (PID=1040) to work on /opt/airflow/dags/daily_revenue_etl_dag.py
[2026-01-07T14:54:37.316+0000] {processor.py:830} INFO - Processing file /opt/airflow/dags/daily_revenue_etl_dag.py for tasks to queue
[2026-01-07T14:54:37.316+0000] {logging_mixin.py:188} INFO - [2026-01-07T14:54:37.316+0000] {dagbag.py:538} INFO - Filling up the DagBag from /opt/airflow/dags/daily_revenue_etl_dag.py
[2026-01-07T14:54:37.329+0000] {processor.py:840} INFO - DAG(s) 'daily_revenue_etl_dag' retrieved from /opt/airflow/dags/daily_revenue_etl_dag.py
[2026-01-07T14:54:37.348+0000] {logging_mixin.py:188} INFO - [2026-01-07T14:54:37.347+0000] {dag.py:3036} INFO - Sync 1 DAGs
[2026-01-07T14:54:37.361+0000] {logging_mixin.py:188} INFO - [2026-01-07T14:54:37.361+0000] {dag.py:3823} INFO - Setting next_dagrun for daily_revenue_etl_dag to 2026-01-07 00:00:00+00:00, run_after=2026-01-08 00:00:00+00:00
[2026-01-07T14:54:37.373+0000] {processor.py:183} INFO - Processing /opt/airflow/dags/daily_revenue_etl_dag.py took 0.060 seconds
[2026-01-07T14:54:37.395+0000] {processor.py:161} INFO - Started process (PID=1045) to work on /opt/airflow/dags/daily_revenue_etl_dag.py
[2026-01-07T14:54:37.396+0000] {processor.py:830} INFO - Processing file /opt/airflow/dags/daily_revenue_etl_dag.py for tasks to queue
[2026-01-07T14:54:37.397+0000] {logging_mixin.py:188} INFO - [2026-01-07T14:54:37.397+0000] {dagbag.py:538} INFO - Filling up the DagBag from /opt/airflow/dags/daily_revenue_etl_dag.py
[2026-01-07T14:54:37.411+0000] {processor.py:840} INFO - DAG(s) 'daily_revenue_etl_dag' retrieved from /opt/airflow/dags/daily_revenue_etl_dag.py
[2026-01-07T14:54:37.431+0000] {logging_mixin.py:188} INFO - [2026-01-07T14:54:37.430+0000] {dag.py:3036} INFO - Sync 1 DAGs
[2026-01-07T14:54:37.444+0000] {logging_mixin.py:188} INFO - [2026-01-07T14:54:37.444+0000] {dag.py:3823} INFO - Setting next_dagrun for daily_revenue_etl_dag to 2026-01-07 00:00:00+00:00, run_after=2026-01-08 00:00:00+00:00
[2026-01-07T14:54:37.455+0000] {processor.py:183} INFO - Processing /opt/airflow/dags/daily_revenue_etl_dag.py took 0.062 seconds
[2026-01-07T14:54:37.475+0000] {processor.py:161} INFO - Started process (PID=1050) to work on /opt/airflow/dags/daily_revenue_etl_dag.py
[2026-01-07T14:54:37.476+0000] {processor.py:830} INFO - Processing file /opt/airflow/dags/daily_revenue_etl_dag.py for tasks to queue
[2026-01-07T14:54:37.476+0000] {logging_mixin.py:188} INFO - [2026-01-07T14:54:37.476+0000] {dagbag.py:538} INFO - Filling up the DagBag from /opt/airflow/dags/daily_revenue_etl_dag.py
[2026-01-07T14:54:37.488+0000] {processor.py:840} INFO - DAG(s) 'daily_revenue_etl_dag' retrieved from /opt/airflow/dags/daily_revenue_etl_dag.py
[2026-01-07T14:54:37.503+0000] {logging_mixin.py:188} INFO - [2026-01-07T14:54:37.503+0000] {dag.py:3036} INFO - Sync 1 DAGs
[2026-01-07T14:54:37.515+0000] {logging_mixin.py:188} INFO - [2026-01-07T14:54:37.515+0000] {dag.py:3823} INFO - Setting next_dagrun for daily_revenue_etl_dag to 2026-01-07 00:00:00+00:00, run_after=2026-01-08 00:00:00+00:00
[2026-01-07T14:54:37.526+0000] {processor.py:183} INFO - Processing /opt/airflow/dags/daily_revenue_etl_dag.py took 0.053 seconds
[2026-01-07T14:54:37.552+0000] {processor.py:161} INFO - Started process (PID=1055) to work on /opt/airflow/dags/daily_revenue_etl_dag.py
[2026-01-07T14:54:37.553+0000] {processor.py:830} INFO - Processing file /opt/airflow/dags/daily_revenue_etl_dag.py for tasks to queue
[2026-01-07T14:54:37.554+0000] {logging_mixin.py:188} INFO - [2026-01-07T14:54:37.554+0000] {dagbag.py:538} INFO - Filling up the DagBag from /opt/airflow/dags/daily_revenue_etl_dag.py
[2026-01-07T14:54:37.572+0000] {processor.py:840} INFO - DAG(s) 'daily_revenue_etl_dag' retrieved from /opt/airflow/dags/daily_revenue_etl_dag.py
[2026-01-07T14:54:37.596+0000] {logging_mixin.py:188} INFO - [2026-01-07T14:54:37.596+0000] {dag.py:3036} INFO - Sync 1 DAGs
[2026-01-07T14:54:37.618+0000] {logging_mixin.py:188} INFO - [2026-01-07T14:54:37.618+0000] {dag.py:3823} INFO - Setting next_dagrun for daily_revenue_etl_dag to 2026-01-07 00:00:00+00:00, run_after=2026-01-08 00:00:00+00:00
[2026-01-07T14:54:37.646+0000] {processor.py:183} INFO - Processing /opt/airflow/dags/daily_revenue_etl_dag.py took 0.097 seconds
[2026-01-07T14:54:37.683+0000] {processor.py:161} INFO - Started process (PID=1060) to work on /opt/airflow/dags/daily_revenue_etl_dag.py
[2026-01-07T14:54:37.684+0000] {processor.py:830} INFO - Processing file /opt/airflow/dags/daily_revenue_etl_dag.py for tasks to queue
[2026-01-07T14:54:37.684+0000] {logging_mixin.py:188} INFO - [2026-01-07T14:54:37.684+0000] {dagbag.py:538} INFO - Filling up the DagBag from /opt/airflow/dags/daily_revenue_etl_dag.py
[2026-01-07T14:54:37.697+0000] {processor.py:840} INFO - DAG(s) 'daily_revenue_etl_dag' retrieved from /opt/airflow/dags/daily_revenue_etl_dag.py
[2026-01-07T14:54:37.713+0000] {logging_mixin.py:188} INFO - [2026-01-07T14:54:37.713+0000] {dag.py:3036} INFO - Sync 1 DAGs
[2026-01-07T14:54:37.726+0000] {logging_mixin.py:188} INFO - [2026-01-07T14:54:37.726+0000] {dag.py:3823} INFO - Setting next_dagrun for daily_revenue_etl_dag to 2026-01-07 00:00:00+00:00, run_after=2026-01-08 00:00:00+00:00
[2026-01-07T14:54:37.736+0000] {processor.py:183} INFO - Processing /opt/airflow/dags/daily_revenue_etl_dag.py took 0.056 seconds
[2026-01-07T14:54:37.759+0000] {processor.py:161} INFO - Started process (PID=1065) to work on /opt/airflow/dags/daily_revenue_etl_dag.py
[2026-01-07T14:54:37.760+0000] {processor.py:830} INFO - Processing file /opt/airflow/dags/daily_revenue_etl_dag.py for tasks to queue
[2026-01-07T14:54:37.761+0000] {logging_mixin.py:188} INFO - [2026-01-07T14:54:37.761+0000] {dagbag.py:538} INFO - Filling up the DagBag from /opt/airflow/dags/daily_revenue_etl_dag.py
[2026-01-07T14:54:37.775+0000] {processor.py:840} INFO - DAG(s) 'daily_revenue_etl_dag' retrieved from /opt/airflow/dags/daily_revenue_etl_dag.py
[2026-01-07T14:54:37.797+0000] {logging_mixin.py:188} INFO - [2026-01-07T14:54:37.796+0000] {dag.py:3036} INFO - Sync 1 DAGs
[2026-01-07T14:54:37.810+0000] {logging_mixin.py:188} INFO - [2026-01-07T14:54:37.810+0000] {dag.py:3823} INFO - Setting next_dagrun for daily_revenue_etl_dag to 2026-01-07 00:00:00+00:00, run_after=2026-01-08 00:00:00+00:00
[2026-01-07T14:54:37.821+0000] {processor.py:183} INFO - Processing /opt/airflow/dags/daily_revenue_etl_dag.py took 0.064 seconds
[2026-01-07T14:54:37.847+0000] {processor.py:161} INFO - Started process (PID=1070) to work on /opt/airflow/dags/daily_revenue_etl_dag.py
[2026-01-07T14:54:37.848+0000] {processor.py:830} INFO - Processing file /opt/airflow/dags/daily_revenue_etl_dag.py for tasks to queue
[2026-01-07T14:54:37.848+0000] {logging_mixin.py:188} INFO - [2026-01-07T14:54:37.848+0000] {dagbag.py:538} INFO - Filling up the DagBag from /opt/airflow/dags/daily_revenue_etl_dag.py
[2026-01-07T14:54:37.864+0000] {processor.py:840} INFO - DAG(s) 'daily_revenue_etl_dag' retrieved from /opt/airflow/dags/daily_revenue_etl_dag.py
[2026-01-07T14:54:37.882+0000] {logging_mixin.py:188} INFO - [2026-01-07T14:54:37.881+0000] {dag.py:3036} INFO - Sync 1 DAGs
[2026-01-07T14:54:37.894+0000] {logging_mixin.py:188} INFO - [2026-01-07T14:54:37.894+0000] {dag.py:3823} INFO - Setting next_dagrun for daily_revenue_etl_dag to 2026-01-07 00:00:00+00:00, run_after=2026-01-08 00:00:00+00:00
[2026-01-07T14:54:37.906+0000] {processor.py:183} INFO - Processing /opt/airflow/dags/daily_revenue_etl_dag.py took 0.061 seconds
[2026-01-07T14:54:37.927+0000] {processor.py:161} INFO - Started process (PID=1075) to work on /opt/airflow/dags/daily_revenue_etl_dag.py
[2026-01-07T14:54:37.928+0000] {processor.py:830} INFO - Processing file /opt/airflow/dags/daily_revenue_etl_dag.py for tasks to queue
[2026-01-07T14:54:37.928+0000] {logging_mixin.py:188} INFO - [2026-01-07T14:54:37.928+0000] {dagbag.py:538} INFO - Filling up the DagBag from /opt/airflow/dags/daily_revenue_etl_dag.py
[2026-01-07T14:54:37.940+0000] {processor.py:840} INFO - DAG(s) 'daily_revenue_etl_dag' retrieved from /opt/airflow/dags/daily_revenue_etl_dag.py
[2026-01-07T14:54:37.957+0000] {logging_mixin.py:188} INFO - [2026-01-07T14:54:37.957+0000] {dag.py:3036} INFO - Sync 1 DAGs
[2026-01-07T14:54:37.972+0000] {logging_mixin.py:188} INFO - [2026-01-07T14:54:37.972+0000] {dag.py:3823} INFO - Setting next_dagrun for daily_revenue_etl_dag to 2026-01-07 00:00:00+00:00, run_after=2026-01-08 00:00:00+00:00
[2026-01-07T14:54:37.985+0000] {processor.py:183} INFO - Processing /opt/airflow/dags/daily_revenue_etl_dag.py took 0.060 seconds
[2026-01-07T14:54:38.005+0000] {processor.py:161} INFO - Started process (PID=1080) to work on /opt/airflow/dags/daily_revenue_etl_dag.py
[2026-01-07T14:54:38.006+0000] {processor.py:830} INFO - Processing file /opt/airflow/dags/daily_revenue_etl_dag.py for tasks to queue
[2026-01-07T14:54:38.007+0000] {logging_mixin.py:188} INFO - [2026-01-07T14:54:38.007+0000] {dagbag.py:538} INFO - Filling up the DagBag from /opt/airflow/dags/daily_revenue_etl_dag.py
[2026-01-07T14:54:38.020+0000] {processor.py:840} INFO - DAG(s) 'daily_revenue_etl_dag' retrieved from /opt/airflow/dags/daily_revenue_etl_dag.py
[2026-01-07T14:54:38.036+0000] {logging_mixin.py:188} INFO - [2026-01-07T14:54:38.036+0000] {dag.py:3036} INFO - Sync 1 DAGs
[2026-01-07T14:54:38.049+0000] {logging_mixin.py:188} INFO - [2026-01-07T14:54:38.048+0000] {dag.py:3823} INFO - Setting next_dagrun for daily_revenue_etl_dag to 2026-01-07 00:00:00+00:00, run_after=2026-01-08 00:00:00+00:00
[2026-01-07T14:54:38.059+0000] {processor.py:183} INFO - Processing /opt/airflow/dags/daily_revenue_etl_dag.py took 0.056 seconds
[2026-01-07T14:54:38.079+0000] {processor.py:161} INFO - Started process (PID=1085) to work on /opt/airflow/dags/daily_revenue_etl_dag.py
[2026-01-07T14:54:38.080+0000] {processor.py:830} INFO - Processing file /opt/airflow/dags/daily_revenue_etl_dag.py for tasks to queue
[2026-01-07T14:54:38.080+0000] {logging_mixin.py:188} INFO - [2026-01-07T14:54:38.080+0000] {dagbag.py:538} INFO - Filling up the DagBag from /opt/airflow/dags/daily_revenue_etl_dag.py
[2026-01-07T14:54:38.100+0000] {processor.py:840} INFO - DAG(s) 'daily_revenue_etl_dag' retrieved from /opt/airflow/dags/daily_revenue_etl_dag.py
[2026-01-07T14:54:38.117+0000] {logging_mixin.py:188} INFO - [2026-01-07T14:54:38.117+0000] {dag.py:3036} INFO - Sync 1 DAGs
[2026-01-07T14:54:38.130+0000] {logging_mixin.py:188} INFO - [2026-01-07T14:54:38.130+0000] {dag.py:3823} INFO - Setting next_dagrun for daily_revenue_etl_dag to 2026-01-07 00:00:00+00:00, run_after=2026-01-08 00:00:00+00:00
[2026-01-07T14:54:38.143+0000] {processor.py:183} INFO - Processing /opt/airflow/dags/daily_revenue_etl_dag.py took 0.066 seconds
[2026-01-07T14:54:38.165+0000] {processor.py:161} INFO - Started process (PID=1090) to work on /opt/airflow/dags/daily_revenue_etl_dag.py
[2026-01-07T14:54:38.165+0000] {processor.py:830} INFO - Processing file /opt/airflow/dags/daily_revenue_etl_dag.py for tasks to queue
[2026-01-07T14:54:38.167+0000] {logging_mixin.py:188} INFO - [2026-01-07T14:54:38.166+0000] {dagbag.py:538} INFO - Filling up the DagBag from /opt/airflow/dags/daily_revenue_etl_dag.py
[2026-01-07T14:54:38.178+0000] {processor.py:840} INFO - DAG(s) 'daily_revenue_etl_dag' retrieved from /opt/airflow/dags/daily_revenue_etl_dag.py
[2026-01-07T14:54:38.197+0000] {logging_mixin.py:188} INFO - [2026-01-07T14:54:38.197+0000] {dag.py:3036} INFO - Sync 1 DAGs
[2026-01-07T14:54:38.210+0000] {logging_mixin.py:188} INFO - [2026-01-07T14:54:38.210+0000] {dag.py:3823} INFO - Setting next_dagrun for daily_revenue_etl_dag to 2026-01-07 00:00:00+00:00, run_after=2026-01-08 00:00:00+00:00
[2026-01-07T14:54:38.221+0000] {processor.py:183} INFO - Processing /opt/airflow/dags/daily_revenue_etl_dag.py took 0.058 seconds
[2026-01-07T14:54:38.244+0000] {processor.py:161} INFO - Started process (PID=1095) to work on /opt/airflow/dags/daily_revenue_etl_dag.py
[2026-01-07T14:54:38.245+0000] {processor.py:830} INFO - Processing file /opt/airflow/dags/daily_revenue_etl_dag.py for tasks to queue
[2026-01-07T14:54:38.246+0000] {logging_mixin.py:188} INFO - [2026-01-07T14:54:38.246+0000] {dagbag.py:538} INFO - Filling up the DagBag from /opt/airflow/dags/daily_revenue_etl_dag.py
[2026-01-07T14:54:38.261+0000] {processor.py:840} INFO - DAG(s) 'daily_revenue_etl_dag' retrieved from /opt/airflow/dags/daily_revenue_etl_dag.py
[2026-01-07T14:54:38.281+0000] {logging_mixin.py:188} INFO - [2026-01-07T14:54:38.280+0000] {dag.py:3036} INFO - Sync 1 DAGs
[2026-01-07T14:54:38.295+0000] {logging_mixin.py:188} INFO - [2026-01-07T14:54:38.295+0000] {dag.py:3823} INFO - Setting next_dagrun for daily_revenue_etl_dag to 2026-01-07 00:00:00+00:00, run_after=2026-01-08 00:00:00+00:00
[2026-01-07T14:54:38.308+0000] {processor.py:183} INFO - Processing /opt/airflow/dags/daily_revenue_etl_dag.py took 0.066 seconds
[2026-01-07T14:54:38.331+0000] {processor.py:161} INFO - Started process (PID=1100) to work on /opt/airflow/dags/daily_revenue_etl_dag.py
[2026-01-07T14:54:38.331+0000] {processor.py:830} INFO - Processing file /opt/airflow/dags/daily_revenue_etl_dag.py for tasks to queue
[2026-01-07T14:54:38.332+0000] {logging_mixin.py:188} INFO - [2026-01-07T14:54:38.332+0000] {dagbag.py:538} INFO - Filling up the DagBag from /opt/airflow/dags/daily_revenue_etl_dag.py
[2026-01-07T14:54:38.359+0000] {processor.py:840} INFO - DAG(s) 'daily_revenue_etl_dag' retrieved from /opt/airflow/dags/daily_revenue_etl_dag.py
[2026-01-07T14:54:38.380+0000] {logging_mixin.py:188} INFO - [2026-01-07T14:54:38.380+0000] {dag.py:3036} INFO - Sync 1 DAGs
[2026-01-07T14:54:38.400+0000] {logging_mixin.py:188} INFO - [2026-01-07T14:54:38.399+0000] {dag.py:3823} INFO - Setting next_dagrun for daily_revenue_etl_dag to 2026-01-07 00:00:00+00:00, run_after=2026-01-08 00:00:00+00:00
[2026-01-07T14:54:38.415+0000] {processor.py:183} INFO - Processing /opt/airflow/dags/daily_revenue_etl_dag.py took 0.088 seconds
[2026-01-07T14:54:38.448+0000] {processor.py:161} INFO - Started process (PID=1105) to work on /opt/airflow/dags/daily_revenue_etl_dag.py
[2026-01-07T14:54:38.449+0000] {processor.py:830} INFO - Processing file /opt/airflow/dags/daily_revenue_etl_dag.py for tasks to queue
[2026-01-07T14:54:38.450+0000] {logging_mixin.py:188} INFO - [2026-01-07T14:54:38.450+0000] {dagbag.py:538} INFO - Filling up the DagBag from /opt/airflow/dags/daily_revenue_etl_dag.py
[2026-01-07T14:54:38.467+0000] {processor.py:840} INFO - DAG(s) 'daily_revenue_etl_dag' retrieved from /opt/airflow/dags/daily_revenue_etl_dag.py
[2026-01-07T14:54:38.488+0000] {logging_mixin.py:188} INFO - [2026-01-07T14:54:38.488+0000] {dag.py:3036} INFO - Sync 1 DAGs
[2026-01-07T14:54:38.504+0000] {logging_mixin.py:188} INFO - [2026-01-07T14:54:38.504+0000] {dag.py:3823} INFO - Setting next_dagrun for daily_revenue_etl_dag to 2026-01-07 00:00:00+00:00, run_after=2026-01-08 00:00:00+00:00
[2026-01-07T14:54:38.521+0000] {processor.py:183} INFO - Processing /opt/airflow/dags/daily_revenue_etl_dag.py took 0.076 seconds
[2026-01-07T14:54:38.549+0000] {processor.py:161} INFO - Started process (PID=1110) to work on /opt/airflow/dags/daily_revenue_etl_dag.py
[2026-01-07T14:54:38.550+0000] {processor.py:830} INFO - Processing file /opt/airflow/dags/daily_revenue_etl_dag.py for tasks to queue
[2026-01-07T14:54:38.551+0000] {logging_mixin.py:188} INFO - [2026-01-07T14:54:38.550+0000] {dagbag.py:538} INFO - Filling up the DagBag from /opt/airflow/dags/daily_revenue_etl_dag.py
[2026-01-07T14:54:38.565+0000] {processor.py:840} INFO - DAG(s) 'daily_revenue_etl_dag' retrieved from /opt/airflow/dags/daily_revenue_etl_dag.py
[2026-01-07T14:54:38.583+0000] {logging_mixin.py:188} INFO - [2026-01-07T14:54:38.582+0000] {dag.py:3036} INFO - Sync 1 DAGs
[2026-01-07T14:54:38.596+0000] {logging_mixin.py:188} INFO - [2026-01-07T14:54:38.596+0000] {dag.py:3823} INFO - Setting next_dagrun for daily_revenue_etl_dag to 2026-01-07 00:00:00+00:00, run_after=2026-01-08 00:00:00+00:00
[2026-01-07T14:54:38.609+0000] {processor.py:183} INFO - Processing /opt/airflow/dags/daily_revenue_etl_dag.py took 0.063 seconds
[2026-01-07T14:54:38.636+0000] {processor.py:161} INFO - Started process (PID=1115) to work on /opt/airflow/dags/daily_revenue_etl_dag.py
[2026-01-07T14:54:38.637+0000] {processor.py:830} INFO - Processing file /opt/airflow/dags/daily_revenue_etl_dag.py for tasks to queue
[2026-01-07T14:54:38.638+0000] {logging_mixin.py:188} INFO - [2026-01-07T14:54:38.637+0000] {dagbag.py:538} INFO - Filling up the DagBag from /opt/airflow/dags/daily_revenue_etl_dag.py
[2026-01-07T14:54:38.652+0000] {processor.py:840} INFO - DAG(s) 'daily_revenue_etl_dag' retrieved from /opt/airflow/dags/daily_revenue_etl_dag.py
[2026-01-07T14:54:38.669+0000] {logging_mixin.py:188} INFO - [2026-01-07T14:54:38.669+0000] {dag.py:3036} INFO - Sync 1 DAGs
[2026-01-07T14:54:38.683+0000] {logging_mixin.py:188} INFO - [2026-01-07T14:54:38.683+0000] {dag.py:3823} INFO - Setting next_dagrun for daily_revenue_etl_dag to 2026-01-07 00:00:00+00:00, run_after=2026-01-08 00:00:00+00:00
[2026-01-07T14:54:38.696+0000] {processor.py:183} INFO - Processing /opt/airflow/dags/daily_revenue_etl_dag.py took 0.063 seconds
[2026-01-07T14:54:38.727+0000] {processor.py:161} INFO - Started process (PID=1120) to work on /opt/airflow/dags/daily_revenue_etl_dag.py
[2026-01-07T14:54:38.728+0000] {processor.py:830} INFO - Processing file /opt/airflow/dags/daily_revenue_etl_dag.py for tasks to queue
[2026-01-07T14:54:38.729+0000] {logging_mixin.py:188} INFO - [2026-01-07T14:54:38.729+0000] {dagbag.py:538} INFO - Filling up the DagBag from /opt/airflow/dags/daily_revenue_etl_dag.py
[2026-01-07T14:54:38.747+0000] {processor.py:840} INFO - DAG(s) 'daily_revenue_etl_dag' retrieved from /opt/airflow/dags/daily_revenue_etl_dag.py
[2026-01-07T14:54:38.764+0000] {logging_mixin.py:188} INFO - [2026-01-07T14:54:38.764+0000] {dag.py:3036} INFO - Sync 1 DAGs
[2026-01-07T14:54:38.778+0000] {logging_mixin.py:188} INFO - [2026-01-07T14:54:38.778+0000] {dag.py:3823} INFO - Setting next_dagrun for daily_revenue_etl_dag to 2026-01-07 00:00:00+00:00, run_after=2026-01-08 00:00:00+00:00
[2026-01-07T14:54:38.791+0000] {processor.py:183} INFO - Processing /opt/airflow/dags/daily_revenue_etl_dag.py took 0.066 seconds
[2026-01-07T14:54:38.813+0000] {processor.py:161} INFO - Started process (PID=1125) to work on /opt/airflow/dags/daily_revenue_etl_dag.py
[2026-01-07T14:54:38.814+0000] {processor.py:830} INFO - Processing file /opt/airflow/dags/daily_revenue_etl_dag.py for tasks to queue
[2026-01-07T14:54:38.814+0000] {logging_mixin.py:188} INFO - [2026-01-07T14:54:38.814+0000] {dagbag.py:538} INFO - Filling up the DagBag from /opt/airflow/dags/daily_revenue_etl_dag.py
[2026-01-07T14:54:38.829+0000] {processor.py:840} INFO - DAG(s) 'daily_revenue_etl_dag' retrieved from /opt/airflow/dags/daily_revenue_etl_dag.py
[2026-01-07T14:54:38.851+0000] {logging_mixin.py:188} INFO - [2026-01-07T14:54:38.851+0000] {dag.py:3036} INFO - Sync 1 DAGs
[2026-01-07T14:54:38.867+0000] {logging_mixin.py:188} INFO - [2026-01-07T14:54:38.866+0000] {dag.py:3823} INFO - Setting next_dagrun for daily_revenue_etl_dag to 2026-01-07 00:00:00+00:00, run_after=2026-01-08 00:00:00+00:00
[2026-01-07T14:54:38.883+0000] {processor.py:183} INFO - Processing /opt/airflow/dags/daily_revenue_etl_dag.py took 0.072 seconds
[2026-01-07T14:54:38.906+0000] {processor.py:161} INFO - Started process (PID=1130) to work on /opt/airflow/dags/daily_revenue_etl_dag.py
[2026-01-07T14:54:38.907+0000] {processor.py:830} INFO - Processing file /opt/airflow/dags/daily_revenue_etl_dag.py for tasks to queue
[2026-01-07T14:54:38.908+0000] {logging_mixin.py:188} INFO - [2026-01-07T14:54:38.907+0000] {dagbag.py:538} INFO - Filling up the DagBag from /opt/airflow/dags/daily_revenue_etl_dag.py
[2026-01-07T14:54:38.920+0000] {processor.py:840} INFO - DAG(s) 'daily_revenue_etl_dag' retrieved from /opt/airflow/dags/daily_revenue_etl_dag.py
[2026-01-07T14:54:38.938+0000] {logging_mixin.py:188} INFO - [2026-01-07T14:54:38.938+0000] {dag.py:3036} INFO - Sync 1 DAGs
[2026-01-07T14:54:38.953+0000] {logging_mixin.py:188} INFO - [2026-01-07T14:54:38.953+0000] {dag.py:3823} INFO - Setting next_dagrun for daily_revenue_etl_dag to 2026-01-07 00:00:00+00:00, run_after=2026-01-08 00:00:00+00:00
[2026-01-07T14:54:38.964+0000] {processor.py:183} INFO - Processing /opt/airflow/dags/daily_revenue_etl_dag.py took 0.060 seconds
[2026-01-07T14:54:38.989+0000] {processor.py:161} INFO - Started process (PID=1135) to work on /opt/airflow/dags/daily_revenue_etl_dag.py
[2026-01-07T14:54:38.989+0000] {processor.py:830} INFO - Processing file /opt/airflow/dags/daily_revenue_etl_dag.py for tasks to queue
[2026-01-07T14:54:38.990+0000] {logging_mixin.py:188} INFO - [2026-01-07T14:54:38.990+0000] {dagbag.py:538} INFO - Filling up the DagBag from /opt/airflow/dags/daily_revenue_etl_dag.py
[2026-01-07T14:54:39.002+0000] {processor.py:840} INFO - DAG(s) 'daily_revenue_etl_dag' retrieved from /opt/airflow/dags/daily_revenue_etl_dag.py
[2026-01-07T14:54:39.020+0000] {logging_mixin.py:188} INFO - [2026-01-07T14:54:39.020+0000] {dag.py:3036} INFO - Sync 1 DAGs
[2026-01-07T14:54:39.034+0000] {logging_mixin.py:188} INFO - [2026-01-07T14:54:39.033+0000] {dag.py:3823} INFO - Setting next_dagrun for daily_revenue_etl_dag to 2026-01-07 00:00:00+00:00, run_after=2026-01-08 00:00:00+00:00
[2026-01-07T14:54:39.045+0000] {processor.py:183} INFO - Processing /opt/airflow/dags/daily_revenue_etl_dag.py took 0.059 seconds
[2026-01-07T14:54:39.069+0000] {processor.py:161} INFO - Started process (PID=1140) to work on /opt/airflow/dags/daily_revenue_etl_dag.py
[2026-01-07T14:54:39.070+0000] {processor.py:830} INFO - Processing file /opt/airflow/dags/daily_revenue_etl_dag.py for tasks to queue
[2026-01-07T14:54:39.070+0000] {logging_mixin.py:188} INFO - [2026-01-07T14:54:39.070+0000] {dagbag.py:538} INFO - Filling up the DagBag from /opt/airflow/dags/daily_revenue_etl_dag.py
[2026-01-07T14:54:39.085+0000] {processor.py:840} INFO - DAG(s) 'daily_revenue_etl_dag' retrieved from /opt/airflow/dags/daily_revenue_etl_dag.py
[2026-01-07T14:54:39.101+0000] {logging_mixin.py:188} INFO - [2026-01-07T14:54:39.101+0000] {dag.py:3036} INFO - Sync 1 DAGs
[2026-01-07T14:54:39.117+0000] {logging_mixin.py:188} INFO - [2026-01-07T14:54:39.117+0000] {dag.py:3823} INFO - Setting next_dagrun for daily_revenue_etl_dag to 2026-01-07 00:00:00+00:00, run_after=2026-01-08 00:00:00+00:00
[2026-01-07T14:54:39.128+0000] {processor.py:183} INFO - Processing /opt/airflow/dags/daily_revenue_etl_dag.py took 0.062 seconds
[2026-01-07T14:54:39.156+0000] {processor.py:161} INFO - Started process (PID=1145) to work on /opt/airflow/dags/daily_revenue_etl_dag.py
[2026-01-07T14:54:39.157+0000] {processor.py:830} INFO - Processing file /opt/airflow/dags/daily_revenue_etl_dag.py for tasks to queue
[2026-01-07T14:54:39.158+0000] {logging_mixin.py:188} INFO - [2026-01-07T14:54:39.158+0000] {dagbag.py:538} INFO - Filling up the DagBag from /opt/airflow/dags/daily_revenue_etl_dag.py
[2026-01-07T14:54:39.173+0000] {processor.py:840} INFO - DAG(s) 'daily_revenue_etl_dag' retrieved from /opt/airflow/dags/daily_revenue_etl_dag.py
[2026-01-07T14:54:39.190+0000] {logging_mixin.py:188} INFO - [2026-01-07T14:54:39.190+0000] {dag.py:3036} INFO - Sync 1 DAGs
[2026-01-07T14:54:39.204+0000] {logging_mixin.py:188} INFO - [2026-01-07T14:54:39.203+0000] {dag.py:3823} INFO - Setting next_dagrun for daily_revenue_etl_dag to 2026-01-07 00:00:00+00:00, run_after=2026-01-08 00:00:00+00:00
[2026-01-07T14:54:39.216+0000] {processor.py:183} INFO - Processing /opt/airflow/dags/daily_revenue_etl_dag.py took 0.064 seconds
[2026-01-07T14:54:39.239+0000] {processor.py:161} INFO - Started process (PID=1150) to work on /opt/airflow/dags/daily_revenue_etl_dag.py
[2026-01-07T14:54:39.240+0000] {processor.py:830} INFO - Processing file /opt/airflow/dags/daily_revenue_etl_dag.py for tasks to queue
[2026-01-07T14:54:39.240+0000] {logging_mixin.py:188} INFO - [2026-01-07T14:54:39.240+0000] {dagbag.py:538} INFO - Filling up the DagBag from /opt/airflow/dags/daily_revenue_etl_dag.py
[2026-01-07T14:54:39.253+0000] {processor.py:840} INFO - DAG(s) 'daily_revenue_etl_dag' retrieved from /opt/airflow/dags/daily_revenue_etl_dag.py
[2026-01-07T14:54:39.272+0000] {logging_mixin.py:188} INFO - [2026-01-07T14:54:39.271+0000] {dag.py:3036} INFO - Sync 1 DAGs
[2026-01-07T14:54:39.286+0000] {logging_mixin.py:188} INFO - [2026-01-07T14:54:39.286+0000] {dag.py:3823} INFO - Setting next_dagrun for daily_revenue_etl_dag to 2026-01-07 00:00:00+00:00, run_after=2026-01-08 00:00:00+00:00
[2026-01-07T14:54:39.298+0000] {processor.py:183} INFO - Processing /opt/airflow/dags/daily_revenue_etl_dag.py took 0.061 seconds
[2026-01-07T14:54:39.331+0000] {processor.py:161} INFO - Started process (PID=1155) to work on /opt/airflow/dags/daily_revenue_etl_dag.py
[2026-01-07T14:54:39.332+0000] {processor.py:830} INFO - Processing file /opt/airflow/dags/daily_revenue_etl_dag.py for tasks to queue
[2026-01-07T14:54:39.332+0000] {logging_mixin.py:188} INFO - [2026-01-07T14:54:39.332+0000] {dagbag.py:538} INFO - Filling up the DagBag from /opt/airflow/dags/daily_revenue_etl_dag.py
[2026-01-07T14:54:39.349+0000] {processor.py:840} INFO - DAG(s) 'daily_revenue_etl_dag' retrieved from /opt/airflow/dags/daily_revenue_etl_dag.py
[2026-01-07T14:54:39.367+0000] {logging_mixin.py:188} INFO - [2026-01-07T14:54:39.366+0000] {dag.py:3036} INFO - Sync 1 DAGs
[2026-01-07T14:54:39.382+0000] {logging_mixin.py:188} INFO - [2026-01-07T14:54:39.381+0000] {dag.py:3823} INFO - Setting next_dagrun for daily_revenue_etl_dag to 2026-01-07 00:00:00+00:00, run_after=2026-01-08 00:00:00+00:00
[2026-01-07T14:54:39.393+0000] {processor.py:183} INFO - Processing /opt/airflow/dags/daily_revenue_etl_dag.py took 0.064 seconds
[2026-01-07T14:54:39.416+0000] {processor.py:161} INFO - Started process (PID=1160) to work on /opt/airflow/dags/daily_revenue_etl_dag.py
[2026-01-07T14:54:39.417+0000] {processor.py:830} INFO - Processing file /opt/airflow/dags/daily_revenue_etl_dag.py for tasks to queue
[2026-01-07T14:54:39.418+0000] {logging_mixin.py:188} INFO - [2026-01-07T14:54:39.418+0000] {dagbag.py:538} INFO - Filling up the DagBag from /opt/airflow/dags/daily_revenue_etl_dag.py
[2026-01-07T14:54:39.429+0000] {processor.py:840} INFO - DAG(s) 'daily_revenue_etl_dag' retrieved from /opt/airflow/dags/daily_revenue_etl_dag.py
[2026-01-07T14:54:39.446+0000] {logging_mixin.py:188} INFO - [2026-01-07T14:54:39.446+0000] {dag.py:3036} INFO - Sync 1 DAGs
[2026-01-07T14:54:39.461+0000] {logging_mixin.py:188} INFO - [2026-01-07T14:54:39.461+0000] {dag.py:3823} INFO - Setting next_dagrun for daily_revenue_etl_dag to 2026-01-07 00:00:00+00:00, run_after=2026-01-08 00:00:00+00:00
[2026-01-07T14:54:39.472+0000] {processor.py:183} INFO - Processing /opt/airflow/dags/daily_revenue_etl_dag.py took 0.059 seconds
[2026-01-07T14:54:39.495+0000] {processor.py:161} INFO - Started process (PID=1165) to work on /opt/airflow/dags/daily_revenue_etl_dag.py
[2026-01-07T14:54:39.496+0000] {processor.py:830} INFO - Processing file /opt/airflow/dags/daily_revenue_etl_dag.py for tasks to queue
[2026-01-07T14:54:39.496+0000] {logging_mixin.py:188} INFO - [2026-01-07T14:54:39.496+0000] {dagbag.py:538} INFO - Filling up the DagBag from /opt/airflow/dags/daily_revenue_etl_dag.py
[2026-01-07T14:54:39.510+0000] {processor.py:840} INFO - DAG(s) 'daily_revenue_etl_dag' retrieved from /opt/airflow/dags/daily_revenue_etl_dag.py
[2026-01-07T14:54:39.528+0000] {logging_mixin.py:188} INFO - [2026-01-07T14:54:39.527+0000] {dag.py:3036} INFO - Sync 1 DAGs
[2026-01-07T14:54:39.542+0000] {logging_mixin.py:188} INFO - [2026-01-07T14:54:39.542+0000] {dag.py:3823} INFO - Setting next_dagrun for daily_revenue_etl_dag to 2026-01-07 00:00:00+00:00, run_after=2026-01-08 00:00:00+00:00
[2026-01-07T14:54:39.556+0000] {processor.py:183} INFO - Processing /opt/airflow/dags/daily_revenue_etl_dag.py took 0.063 seconds
[2026-01-07T14:54:39.577+0000] {processor.py:161} INFO - Started process (PID=1170) to work on /opt/airflow/dags/daily_revenue_etl_dag.py
[2026-01-07T14:54:39.578+0000] {processor.py:830} INFO - Processing file /opt/airflow/dags/daily_revenue_etl_dag.py for tasks to queue
[2026-01-07T14:54:39.579+0000] {logging_mixin.py:188} INFO - [2026-01-07T14:54:39.578+0000] {dagbag.py:538} INFO - Filling up the DagBag from /opt/airflow/dags/daily_revenue_etl_dag.py
[2026-01-07T14:54:39.599+0000] {processor.py:840} INFO - DAG(s) 'daily_revenue_etl_dag' retrieved from /opt/airflow/dags/daily_revenue_etl_dag.py
[2026-01-07T14:54:39.618+0000] {logging_mixin.py:188} INFO - [2026-01-07T14:54:39.618+0000] {dag.py:3036} INFO - Sync 1 DAGs
[2026-01-07T14:54:39.633+0000] {logging_mixin.py:188} INFO - [2026-01-07T14:54:39.633+0000] {dag.py:3823} INFO - Setting next_dagrun for daily_revenue_etl_dag to 2026-01-07 00:00:00+00:00, run_after=2026-01-08 00:00:00+00:00
[2026-01-07T14:54:39.646+0000] {processor.py:183} INFO - Processing /opt/airflow/dags/daily_revenue_etl_dag.py took 0.071 seconds
[2026-01-07T14:54:39.668+0000] {processor.py:161} INFO - Started process (PID=1175) to work on /opt/airflow/dags/daily_revenue_etl_dag.py
[2026-01-07T14:54:39.669+0000] {processor.py:830} INFO - Processing file /opt/airflow/dags/daily_revenue_etl_dag.py for tasks to queue
[2026-01-07T14:54:39.670+0000] {logging_mixin.py:188} INFO - [2026-01-07T14:54:39.669+0000] {dagbag.py:538} INFO - Filling up the DagBag from /opt/airflow/dags/daily_revenue_etl_dag.py
[2026-01-07T14:54:39.682+0000] {processor.py:840} INFO - DAG(s) 'daily_revenue_etl_dag' retrieved from /opt/airflow/dags/daily_revenue_etl_dag.py
[2026-01-07T14:54:39.701+0000] {logging_mixin.py:188} INFO - [2026-01-07T14:54:39.700+0000] {dag.py:3036} INFO - Sync 1 DAGs
[2026-01-07T14:54:39.716+0000] {logging_mixin.py:188} INFO - [2026-01-07T14:54:39.716+0000] {dag.py:3823} INFO - Setting next_dagrun for daily_revenue_etl_dag to 2026-01-07 00:00:00+00:00, run_after=2026-01-08 00:00:00+00:00
[2026-01-07T14:54:39.728+0000] {processor.py:183} INFO - Processing /opt/airflow/dags/daily_revenue_etl_dag.py took 0.062 seconds
[2026-01-07T14:54:39.756+0000] {processor.py:161} INFO - Started process (PID=1180) to work on /opt/airflow/dags/daily_revenue_etl_dag.py
[2026-01-07T14:54:39.757+0000] {processor.py:830} INFO - Processing file /opt/airflow/dags/daily_revenue_etl_dag.py for tasks to queue
[2026-01-07T14:54:39.758+0000] {logging_mixin.py:188} INFO - [2026-01-07T14:54:39.758+0000] {dagbag.py:538} INFO - Filling up the DagBag from /opt/airflow/dags/daily_revenue_etl_dag.py
[2026-01-07T14:54:39.775+0000] {processor.py:840} INFO - DAG(s) 'daily_revenue_etl_dag' retrieved from /opt/airflow/dags/daily_revenue_etl_dag.py
[2026-01-07T14:54:39.794+0000] {logging_mixin.py:188} INFO - [2026-01-07T14:54:39.794+0000] {dag.py:3036} INFO - Sync 1 DAGs
[2026-01-07T14:54:39.807+0000] {logging_mixin.py:188} INFO - [2026-01-07T14:54:39.807+0000] {dag.py:3823} INFO - Setting next_dagrun for daily_revenue_etl_dag to 2026-01-07 00:00:00+00:00, run_after=2026-01-08 00:00:00+00:00
[2026-01-07T14:54:39.821+0000] {processor.py:183} INFO - Processing /opt/airflow/dags/daily_revenue_etl_dag.py took 0.067 seconds
[2026-01-07T14:54:39.847+0000] {processor.py:161} INFO - Started process (PID=1185) to work on /opt/airflow/dags/daily_revenue_etl_dag.py
[2026-01-07T14:54:39.848+0000] {processor.py:830} INFO - Processing file /opt/airflow/dags/daily_revenue_etl_dag.py for tasks to queue
[2026-01-07T14:54:39.849+0000] {logging_mixin.py:188} INFO - [2026-01-07T14:54:39.848+0000] {dagbag.py:538} INFO - Filling up the DagBag from /opt/airflow/dags/daily_revenue_etl_dag.py
[2026-01-07T14:54:39.863+0000] {processor.py:840} INFO - DAG(s) 'daily_revenue_etl_dag' retrieved from /opt/airflow/dags/daily_revenue_etl_dag.py
[2026-01-07T14:54:39.881+0000] {logging_mixin.py:188} INFO - [2026-01-07T14:54:39.881+0000] {dag.py:3036} INFO - Sync 1 DAGs
[2026-01-07T14:54:39.895+0000] {logging_mixin.py:188} INFO - [2026-01-07T14:54:39.895+0000] {dag.py:3823} INFO - Setting next_dagrun for daily_revenue_etl_dag to 2026-01-07 00:00:00+00:00, run_after=2026-01-08 00:00:00+00:00
[2026-01-07T14:54:39.906+0000] {processor.py:183} INFO - Processing /opt/airflow/dags/daily_revenue_etl_dag.py took 0.062 seconds
[2026-01-07T14:54:39.932+0000] {processor.py:161} INFO - Started process (PID=1190) to work on /opt/airflow/dags/daily_revenue_etl_dag.py
[2026-01-07T14:54:39.932+0000] {processor.py:830} INFO - Processing file /opt/airflow/dags/daily_revenue_etl_dag.py for tasks to queue
[2026-01-07T14:54:39.933+0000] {logging_mixin.py:188} INFO - [2026-01-07T14:54:39.933+0000] {dagbag.py:538} INFO - Filling up the DagBag from /opt/airflow/dags/daily_revenue_etl_dag.py
[2026-01-07T14:54:39.948+0000] {processor.py:840} INFO - DAG(s) 'daily_revenue_etl_dag' retrieved from /opt/airflow/dags/daily_revenue_etl_dag.py
[2026-01-07T14:54:39.965+0000] {logging_mixin.py:188} INFO - [2026-01-07T14:54:39.965+0000] {dag.py:3036} INFO - Sync 1 DAGs
[2026-01-07T14:54:39.979+0000] {logging_mixin.py:188} INFO - [2026-01-07T14:54:39.979+0000] {dag.py:3823} INFO - Setting next_dagrun for daily_revenue_etl_dag to 2026-01-07 00:00:00+00:00, run_after=2026-01-08 00:00:00+00:00
[2026-01-07T14:54:39.992+0000] {processor.py:183} INFO - Processing /opt/airflow/dags/daily_revenue_etl_dag.py took 0.062 seconds
[2026-01-07T14:54:40.015+0000] {processor.py:161} INFO - Started process (PID=1195) to work on /opt/airflow/dags/daily_revenue_etl_dag.py
[2026-01-07T14:54:40.016+0000] {processor.py:830} INFO - Processing file /opt/airflow/dags/daily_revenue_etl_dag.py for tasks to queue
[2026-01-07T14:54:40.016+0000] {logging_mixin.py:188} INFO - [2026-01-07T14:54:40.016+0000] {dagbag.py:538} INFO - Filling up the DagBag from /opt/airflow/dags/daily_revenue_etl_dag.py
[2026-01-07T14:54:40.030+0000] {processor.py:840} INFO - DAG(s) 'daily_revenue_etl_dag' retrieved from /opt/airflow/dags/daily_revenue_etl_dag.py
[2026-01-07T14:54:40.046+0000] {logging_mixin.py:188} INFO - [2026-01-07T14:54:40.046+0000] {dag.py:3036} INFO - Sync 1 DAGs
[2026-01-07T14:54:40.062+0000] {logging_mixin.py:188} INFO - [2026-01-07T14:54:40.062+0000] {dag.py:3823} INFO - Setting next_dagrun for daily_revenue_etl_dag to 2026-01-07 00:00:00+00:00, run_after=2026-01-08 00:00:00+00:00
[2026-01-07T14:54:40.075+0000] {processor.py:183} INFO - Processing /opt/airflow/dags/daily_revenue_etl_dag.py took 0.063 seconds
[2026-01-07T14:57:04.880+0000] {processor.py:161} INFO - Started process (PID=1200) to work on /opt/airflow/dags/daily_revenue_etl_dag.py
[2026-01-07T14:57:04.881+0000] {processor.py:830} INFO - Processing file /opt/airflow/dags/daily_revenue_etl_dag.py for tasks to queue
[2026-01-07T14:57:04.882+0000] {logging_mixin.py:188} INFO - [2026-01-07T14:57:04.881+0000] {dagbag.py:538} INFO - Filling up the DagBag from /opt/airflow/dags/daily_revenue_etl_dag.py
[2026-01-07T14:57:04.896+0000] {processor.py:840} INFO - DAG(s) 'daily_revenue_etl_dag' retrieved from /opt/airflow/dags/daily_revenue_etl_dag.py
[2026-01-07T14:57:04.913+0000] {logging_mixin.py:188} INFO - [2026-01-07T14:57:04.912+0000] {dag.py:3036} INFO - Sync 1 DAGs
[2026-01-07T14:57:04.928+0000] {logging_mixin.py:188} INFO - [2026-01-07T14:57:04.927+0000] {dag.py:3823} INFO - Setting next_dagrun for daily_revenue_etl_dag to 2026-01-07 00:00:00+00:00, run_after=2026-01-08 00:00:00+00:00
[2026-01-07T14:57:04.940+0000] {processor.py:183} INFO - Processing /opt/airflow/dags/daily_revenue_etl_dag.py took 0.063 seconds
[2026-01-07T14:57:21.007+0000] {processor.py:161} INFO - Started process (PID=1205) to work on /opt/airflow/dags/daily_revenue_etl_dag.py
[2026-01-07T14:57:21.009+0000] {processor.py:830} INFO - Processing file /opt/airflow/dags/daily_revenue_etl_dag.py for tasks to queue
[2026-01-07T14:57:21.011+0000] {logging_mixin.py:188} INFO - [2026-01-07T14:57:21.010+0000] {dagbag.py:538} INFO - Filling up the DagBag from /opt/airflow/dags/daily_revenue_etl_dag.py
[2026-01-07T14:57:21.042+0000] {processor.py:840} INFO - DAG(s) 'daily_revenue_etl_dag' retrieved from /opt/airflow/dags/daily_revenue_etl_dag.py
[2026-01-07T14:57:21.129+0000] {logging_mixin.py:188} INFO - [2026-01-07T14:57:21.129+0000] {dag.py:3036} INFO - Sync 1 DAGs
[2026-01-07T14:57:21.142+0000] {logging_mixin.py:188} INFO - [2026-01-07T14:57:21.142+0000] {dag.py:3823} INFO - Setting next_dagrun for daily_revenue_etl_dag to 2026-01-07 00:00:00+00:00, run_after=2026-01-08 00:00:00+00:00
[2026-01-07T14:57:21.157+0000] {processor.py:183} INFO - Processing /opt/airflow/dags/daily_revenue_etl_dag.py took 0.152 seconds
[2026-01-07T14:55:00.343+0000] {processor.py:161} INFO - Started process (PID=1210) to work on /opt/airflow/dags/daily_revenue_etl_dag.py
[2026-01-07T14:55:00.344+0000] {processor.py:830} INFO - Processing file /opt/airflow/dags/daily_revenue_etl_dag.py for tasks to queue
[2026-01-07T14:55:00.345+0000] {logging_mixin.py:188} INFO - [2026-01-07T14:55:00.345+0000] {dagbag.py:538} INFO - Filling up the DagBag from /opt/airflow/dags/daily_revenue_etl_dag.py
[2026-01-07T14:55:00.374+0000] {processor.py:840} INFO - DAG(s) 'daily_revenue_etl_dag' retrieved from /opt/airflow/dags/daily_revenue_etl_dag.py
[2026-01-07T14:55:00.384+0000] {logging_mixin.py:188} INFO - [2026-01-07T14:55:00.383+0000] {dag.py:3036} INFO - Sync 1 DAGs
[2026-01-07T14:55:00.400+0000] {logging_mixin.py:188} INFO - [2026-01-07T14:55:00.400+0000] {dag.py:3823} INFO - Setting next_dagrun for daily_revenue_etl_dag to 2026-01-07 00:00:00+00:00, run_after=2026-01-08 00:00:00+00:00
[2026-01-07T14:55:00.420+0000] {processor.py:183} INFO - Processing /opt/airflow/dags/daily_revenue_etl_dag.py took 0.083 seconds
[2026-01-07T14:55:00.444+0000] {processor.py:161} INFO - Started process (PID=1215) to work on /opt/airflow/dags/daily_revenue_etl_dag.py
[2026-01-07T14:55:00.445+0000] {processor.py:830} INFO - Processing file /opt/airflow/dags/daily_revenue_etl_dag.py for tasks to queue
[2026-01-07T14:55:00.445+0000] {logging_mixin.py:188} INFO - [2026-01-07T14:55:00.445+0000] {dagbag.py:538} INFO - Filling up the DagBag from /opt/airflow/dags/daily_revenue_etl_dag.py
[2026-01-07T14:55:00.459+0000] {processor.py:840} INFO - DAG(s) 'daily_revenue_etl_dag' retrieved from /opt/airflow/dags/daily_revenue_etl_dag.py
[2026-01-07T14:55:00.467+0000] {logging_mixin.py:188} INFO - [2026-01-07T14:55:00.467+0000] {dag.py:3036} INFO - Sync 1 DAGs
[2026-01-07T14:55:00.481+0000] {logging_mixin.py:188} INFO - [2026-01-07T14:55:00.481+0000] {dag.py:3823} INFO - Setting next_dagrun for daily_revenue_etl_dag to 2026-01-07 00:00:00+00:00, run_after=2026-01-08 00:00:00+00:00
[2026-01-07T14:55:00.491+0000] {processor.py:183} INFO - Processing /opt/airflow/dags/daily_revenue_etl_dag.py took 0.050 seconds
[2026-01-07T14:55:00.515+0000] {processor.py:161} INFO - Started process (PID=1220) to work on /opt/airflow/dags/daily_revenue_etl_dag.py
[2026-01-07T14:55:00.516+0000] {processor.py:830} INFO - Processing file /opt/airflow/dags/daily_revenue_etl_dag.py for tasks to queue
[2026-01-07T14:55:00.517+0000] {logging_mixin.py:188} INFO - [2026-01-07T14:55:00.517+0000] {dagbag.py:538} INFO - Filling up the DagBag from /opt/airflow/dags/daily_revenue_etl_dag.py
[2026-01-07T14:55:00.529+0000] {processor.py:840} INFO - DAG(s) 'daily_revenue_etl_dag' retrieved from /opt/airflow/dags/daily_revenue_etl_dag.py
[2026-01-07T14:55:00.536+0000] {logging_mixin.py:188} INFO - [2026-01-07T14:55:00.536+0000] {dag.py:3036} INFO - Sync 1 DAGs
[2026-01-07T14:55:00.552+0000] {logging_mixin.py:188} INFO - [2026-01-07T14:55:00.551+0000] {dag.py:3823} INFO - Setting next_dagrun for daily_revenue_etl_dag to 2026-01-07 00:00:00+00:00, run_after=2026-01-08 00:00:00+00:00
[2026-01-07T14:55:00.566+0000] {processor.py:183} INFO - Processing /opt/airflow/dags/daily_revenue_etl_dag.py took 0.053 seconds
[2026-01-07T14:55:00.588+0000] {processor.py:161} INFO - Started process (PID=1225) to work on /opt/airflow/dags/daily_revenue_etl_dag.py
[2026-01-07T14:55:00.589+0000] {processor.py:830} INFO - Processing file /opt/airflow/dags/daily_revenue_etl_dag.py for tasks to queue
[2026-01-07T14:55:00.590+0000] {logging_mixin.py:188} INFO - [2026-01-07T14:55:00.589+0000] {dagbag.py:538} INFO - Filling up the DagBag from /opt/airflow/dags/daily_revenue_etl_dag.py
[2026-01-07T14:55:00.602+0000] {processor.py:840} INFO - DAG(s) 'daily_revenue_etl_dag' retrieved from /opt/airflow/dags/daily_revenue_etl_dag.py
[2026-01-07T14:55:00.611+0000] {logging_mixin.py:188} INFO - [2026-01-07T14:55:00.610+0000] {dag.py:3036} INFO - Sync 1 DAGs
[2026-01-07T14:55:00.624+0000] {logging_mixin.py:188} INFO - [2026-01-07T14:55:00.624+0000] {dag.py:3823} INFO - Setting next_dagrun for daily_revenue_etl_dag to 2026-01-07 00:00:00+00:00, run_after=2026-01-08 00:00:00+00:00
[2026-01-07T14:55:00.635+0000] {processor.py:183} INFO - Processing /opt/airflow/dags/daily_revenue_etl_dag.py took 0.049 seconds
[2026-01-07T14:55:00.659+0000] {processor.py:161} INFO - Started process (PID=1230) to work on /opt/airflow/dags/daily_revenue_etl_dag.py
[2026-01-07T14:55:00.659+0000] {processor.py:830} INFO - Processing file /opt/airflow/dags/daily_revenue_etl_dag.py for tasks to queue
[2026-01-07T14:55:00.660+0000] {logging_mixin.py:188} INFO - [2026-01-07T14:55:00.660+0000] {dagbag.py:538} INFO - Filling up the DagBag from /opt/airflow/dags/daily_revenue_etl_dag.py
[2026-01-07T14:55:00.671+0000] {processor.py:840} INFO - DAG(s) 'daily_revenue_etl_dag' retrieved from /opt/airflow/dags/daily_revenue_etl_dag.py
[2026-01-07T14:55:00.679+0000] {logging_mixin.py:188} INFO - [2026-01-07T14:55:00.679+0000] {dag.py:3036} INFO - Sync 1 DAGs
[2026-01-07T14:55:00.694+0000] {logging_mixin.py:188} INFO - [2026-01-07T14:55:00.694+0000] {dag.py:3823} INFO - Setting next_dagrun for daily_revenue_etl_dag to 2026-01-07 00:00:00+00:00, run_after=2026-01-08 00:00:00+00:00
[2026-01-07T14:55:00.707+0000] {processor.py:183} INFO - Processing /opt/airflow/dags/daily_revenue_etl_dag.py took 0.051 seconds
[2026-01-07T14:55:00.730+0000] {processor.py:161} INFO - Started process (PID=1235) to work on /opt/airflow/dags/daily_revenue_etl_dag.py
[2026-01-07T14:55:00.731+0000] {processor.py:830} INFO - Processing file /opt/airflow/dags/daily_revenue_etl_dag.py for tasks to queue
[2026-01-07T14:55:00.732+0000] {logging_mixin.py:188} INFO - [2026-01-07T14:55:00.732+0000] {dagbag.py:538} INFO - Filling up the DagBag from /opt/airflow/dags/daily_revenue_etl_dag.py
[2026-01-07T14:55:00.743+0000] {processor.py:840} INFO - DAG(s) 'daily_revenue_etl_dag' retrieved from /opt/airflow/dags/daily_revenue_etl_dag.py
[2026-01-07T14:55:00.752+0000] {logging_mixin.py:188} INFO - [2026-01-07T14:55:00.752+0000] {dag.py:3036} INFO - Sync 1 DAGs
[2026-01-07T14:55:00.766+0000] {logging_mixin.py:188} INFO - [2026-01-07T14:55:00.766+0000] {dag.py:3823} INFO - Setting next_dagrun for daily_revenue_etl_dag to 2026-01-07 00:00:00+00:00, run_after=2026-01-08 00:00:00+00:00
[2026-01-07T14:55:00.777+0000] {processor.py:183} INFO - Processing /opt/airflow/dags/daily_revenue_etl_dag.py took 0.049 seconds
[2026-01-07T14:55:00.800+0000] {processor.py:161} INFO - Started process (PID=1240) to work on /opt/airflow/dags/daily_revenue_etl_dag.py
[2026-01-07T14:55:00.801+0000] {processor.py:830} INFO - Processing file /opt/airflow/dags/daily_revenue_etl_dag.py for tasks to queue
[2026-01-07T14:55:00.801+0000] {logging_mixin.py:188} INFO - [2026-01-07T14:55:00.801+0000] {dagbag.py:538} INFO - Filling up the DagBag from /opt/airflow/dags/daily_revenue_etl_dag.py
[2026-01-07T14:55:00.814+0000] {processor.py:840} INFO - DAG(s) 'daily_revenue_etl_dag' retrieved from /opt/airflow/dags/daily_revenue_etl_dag.py
[2026-01-07T14:55:00.824+0000] {logging_mixin.py:188} INFO - [2026-01-07T14:55:00.823+0000] {dag.py:3036} INFO - Sync 1 DAGs
[2026-01-07T14:55:00.838+0000] {logging_mixin.py:188} INFO - [2026-01-07T14:55:00.837+0000] {dag.py:3823} INFO - Setting next_dagrun for daily_revenue_etl_dag to 2026-01-07 00:00:00+00:00, run_after=2026-01-08 00:00:00+00:00
[2026-01-07T14:55:00.850+0000] {processor.py:183} INFO - Processing /opt/airflow/dags/daily_revenue_etl_dag.py took 0.053 seconds
[2026-01-07T14:55:00.874+0000] {processor.py:161} INFO - Started process (PID=1245) to work on /opt/airflow/dags/daily_revenue_etl_dag.py
[2026-01-07T14:55:00.875+0000] {processor.py:830} INFO - Processing file /opt/airflow/dags/daily_revenue_etl_dag.py for tasks to queue
[2026-01-07T14:55:00.876+0000] {logging_mixin.py:188} INFO - [2026-01-07T14:55:00.875+0000] {dagbag.py:538} INFO - Filling up the DagBag from /opt/airflow/dags/daily_revenue_etl_dag.py
[2026-01-07T14:55:00.887+0000] {processor.py:840} INFO - DAG(s) 'daily_revenue_etl_dag' retrieved from /opt/airflow/dags/daily_revenue_etl_dag.py
[2026-01-07T14:55:00.895+0000] {logging_mixin.py:188} INFO - [2026-01-07T14:55:00.895+0000] {dag.py:3036} INFO - Sync 1 DAGs
[2026-01-07T14:55:00.908+0000] {logging_mixin.py:188} INFO - [2026-01-07T14:55:00.908+0000] {dag.py:3823} INFO - Setting next_dagrun for daily_revenue_etl_dag to 2026-01-07 00:00:00+00:00, run_after=2026-01-08 00:00:00+00:00
[2026-01-07T14:55:00.919+0000] {processor.py:183} INFO - Processing /opt/airflow/dags/daily_revenue_etl_dag.py took 0.047 seconds
[2026-01-07T14:55:00.941+0000] {processor.py:161} INFO - Started process (PID=1250) to work on /opt/airflow/dags/daily_revenue_etl_dag.py
[2026-01-07T14:55:00.941+0000] {processor.py:830} INFO - Processing file /opt/airflow/dags/daily_revenue_etl_dag.py for tasks to queue
[2026-01-07T14:55:00.942+0000] {logging_mixin.py:188} INFO - [2026-01-07T14:55:00.942+0000] {dagbag.py:538} INFO - Filling up the DagBag from /opt/airflow/dags/daily_revenue_etl_dag.py
[2026-01-07T14:55:00.954+0000] {processor.py:840} INFO - DAG(s) 'daily_revenue_etl_dag' retrieved from /opt/airflow/dags/daily_revenue_etl_dag.py
[2026-01-07T14:55:00.962+0000] {logging_mixin.py:188} INFO - [2026-01-07T14:55:00.962+0000] {dag.py:3036} INFO - Sync 1 DAGs
[2026-01-07T14:55:00.975+0000] {logging_mixin.py:188} INFO - [2026-01-07T14:55:00.975+0000] {dag.py:3823} INFO - Setting next_dagrun for daily_revenue_etl_dag to 2026-01-07 00:00:00+00:00, run_after=2026-01-08 00:00:00+00:00
[2026-01-07T14:55:00.986+0000] {processor.py:183} INFO - Processing /opt/airflow/dags/daily_revenue_etl_dag.py took 0.048 seconds
[2026-01-07T14:55:01.010+0000] {processor.py:161} INFO - Started process (PID=1255) to work on /opt/airflow/dags/daily_revenue_etl_dag.py
[2026-01-07T14:55:01.011+0000] {processor.py:830} INFO - Processing file /opt/airflow/dags/daily_revenue_etl_dag.py for tasks to queue
[2026-01-07T14:55:01.012+0000] {logging_mixin.py:188} INFO - [2026-01-07T14:55:01.012+0000] {dagbag.py:538} INFO - Filling up the DagBag from /opt/airflow/dags/daily_revenue_etl_dag.py
[2026-01-07T14:55:01.023+0000] {processor.py:840} INFO - DAG(s) 'daily_revenue_etl_dag' retrieved from /opt/airflow/dags/daily_revenue_etl_dag.py
[2026-01-07T14:55:01.032+0000] {logging_mixin.py:188} INFO - [2026-01-07T14:55:01.032+0000] {dag.py:3036} INFO - Sync 1 DAGs
[2026-01-07T14:55:01.045+0000] {logging_mixin.py:188} INFO - [2026-01-07T14:55:01.045+0000] {dag.py:3823} INFO - Setting next_dagrun for daily_revenue_etl_dag to 2026-01-07 00:00:00+00:00, run_after=2026-01-08 00:00:00+00:00
[2026-01-07T14:55:01.055+0000] {processor.py:183} INFO - Processing /opt/airflow/dags/daily_revenue_etl_dag.py took 0.047 seconds
[2026-01-07T14:55:01.077+0000] {processor.py:161} INFO - Started process (PID=1260) to work on /opt/airflow/dags/daily_revenue_etl_dag.py
[2026-01-07T14:55:01.078+0000] {processor.py:830} INFO - Processing file /opt/airflow/dags/daily_revenue_etl_dag.py for tasks to queue
[2026-01-07T14:55:01.079+0000] {logging_mixin.py:188} INFO - [2026-01-07T14:55:01.079+0000] {dagbag.py:538} INFO - Filling up the DagBag from /opt/airflow/dags/daily_revenue_etl_dag.py
[2026-01-07T14:55:01.090+0000] {processor.py:840} INFO - DAG(s) 'daily_revenue_etl_dag' retrieved from /opt/airflow/dags/daily_revenue_etl_dag.py
[2026-01-07T14:55:01.097+0000] {logging_mixin.py:188} INFO - [2026-01-07T14:55:01.097+0000] {dag.py:3036} INFO - Sync 1 DAGs
[2026-01-07T14:55:01.110+0000] {logging_mixin.py:188} INFO - [2026-01-07T14:55:01.110+0000] {dag.py:3823} INFO - Setting next_dagrun for daily_revenue_etl_dag to 2026-01-07 00:00:00+00:00, run_after=2026-01-08 00:00:00+00:00
[2026-01-07T14:55:01.121+0000] {processor.py:183} INFO - Processing /opt/airflow/dags/daily_revenue_etl_dag.py took 0.046 seconds
[2026-01-07T14:55:01.142+0000] {processor.py:161} INFO - Started process (PID=1265) to work on /opt/airflow/dags/daily_revenue_etl_dag.py
[2026-01-07T14:55:01.143+0000] {processor.py:830} INFO - Processing file /opt/airflow/dags/daily_revenue_etl_dag.py for tasks to queue
[2026-01-07T14:55:01.143+0000] {logging_mixin.py:188} INFO - [2026-01-07T14:55:01.143+0000] {dagbag.py:538} INFO - Filling up the DagBag from /opt/airflow/dags/daily_revenue_etl_dag.py
[2026-01-07T14:55:01.154+0000] {processor.py:840} INFO - DAG(s) 'daily_revenue_etl_dag' retrieved from /opt/airflow/dags/daily_revenue_etl_dag.py
[2026-01-07T14:55:01.162+0000] {logging_mixin.py:188} INFO - [2026-01-07T14:55:01.162+0000] {dag.py:3036} INFO - Sync 1 DAGs
[2026-01-07T14:55:01.175+0000] {logging_mixin.py:188} INFO - [2026-01-07T14:55:01.175+0000] {dag.py:3823} INFO - Setting next_dagrun for daily_revenue_etl_dag to 2026-01-07 00:00:00+00:00, run_after=2026-01-08 00:00:00+00:00
[2026-01-07T14:55:01.186+0000] {processor.py:183} INFO - Processing /opt/airflow/dags/daily_revenue_etl_dag.py took 0.046 seconds
[2026-01-07T14:55:01.207+0000] {processor.py:161} INFO - Started process (PID=1270) to work on /opt/airflow/dags/daily_revenue_etl_dag.py
[2026-01-07T14:55:01.207+0000] {processor.py:830} INFO - Processing file /opt/airflow/dags/daily_revenue_etl_dag.py for tasks to queue
[2026-01-07T14:55:01.208+0000] {logging_mixin.py:188} INFO - [2026-01-07T14:55:01.208+0000] {dagbag.py:538} INFO - Filling up the DagBag from /opt/airflow/dags/daily_revenue_etl_dag.py
[2026-01-07T14:55:01.222+0000] {processor.py:840} INFO - DAG(s) 'daily_revenue_etl_dag' retrieved from /opt/airflow/dags/daily_revenue_etl_dag.py
[2026-01-07T14:55:01.230+0000] {logging_mixin.py:188} INFO - [2026-01-07T14:55:01.230+0000] {dag.py:3036} INFO - Sync 1 DAGs
[2026-01-07T14:55:01.243+0000] {logging_mixin.py:188} INFO - [2026-01-07T14:55:01.243+0000] {dag.py:3823} INFO - Setting next_dagrun for daily_revenue_etl_dag to 2026-01-07 00:00:00+00:00, run_after=2026-01-08 00:00:00+00:00
[2026-01-07T14:55:01.253+0000] {processor.py:183} INFO - Processing /opt/airflow/dags/daily_revenue_etl_dag.py took 0.048 seconds
[2026-01-07T14:55:01.275+0000] {processor.py:161} INFO - Started process (PID=1275) to work on /opt/airflow/dags/daily_revenue_etl_dag.py
[2026-01-07T14:55:01.276+0000] {processor.py:830} INFO - Processing file /opt/airflow/dags/daily_revenue_etl_dag.py for tasks to queue
[2026-01-07T14:55:01.277+0000] {logging_mixin.py:188} INFO - [2026-01-07T14:55:01.277+0000] {dagbag.py:538} INFO - Filling up the DagBag from /opt/airflow/dags/daily_revenue_etl_dag.py
[2026-01-07T14:55:01.288+0000] {processor.py:840} INFO - DAG(s) 'daily_revenue_etl_dag' retrieved from /opt/airflow/dags/daily_revenue_etl_dag.py
[2026-01-07T14:55:01.296+0000] {logging_mixin.py:188} INFO - [2026-01-07T14:55:01.296+0000] {dag.py:3036} INFO - Sync 1 DAGs
[2026-01-07T14:55:01.312+0000] {logging_mixin.py:188} INFO - [2026-01-07T14:55:01.312+0000] {dag.py:3823} INFO - Setting next_dagrun for daily_revenue_etl_dag to 2026-01-07 00:00:00+00:00, run_after=2026-01-08 00:00:00+00:00
[2026-01-07T14:55:01.324+0000] {processor.py:183} INFO - Processing /opt/airflow/dags/daily_revenue_etl_dag.py took 0.051 seconds
[2026-01-07T14:55:01.351+0000] {processor.py:161} INFO - Started process (PID=1280) to work on /opt/airflow/dags/daily_revenue_etl_dag.py
[2026-01-07T14:55:01.351+0000] {processor.py:830} INFO - Processing file /opt/airflow/dags/daily_revenue_etl_dag.py for tasks to queue
[2026-01-07T14:55:01.352+0000] {logging_mixin.py:188} INFO - [2026-01-07T14:55:01.352+0000] {dagbag.py:538} INFO - Filling up the DagBag from /opt/airflow/dags/daily_revenue_etl_dag.py
[2026-01-07T14:55:01.368+0000] {processor.py:840} INFO - DAG(s) 'daily_revenue_etl_dag' retrieved from /opt/airflow/dags/daily_revenue_etl_dag.py
[2026-01-07T14:55:01.376+0000] {logging_mixin.py:188} INFO - [2026-01-07T14:55:01.376+0000] {dag.py:3036} INFO - Sync 1 DAGs
[2026-01-07T14:55:01.389+0000] {logging_mixin.py:188} INFO - [2026-01-07T14:55:01.389+0000] {dag.py:3823} INFO - Setting next_dagrun for daily_revenue_etl_dag to 2026-01-07 00:00:00+00:00, run_after=2026-01-08 00:00:00+00:00
[2026-01-07T14:55:01.399+0000] {processor.py:183} INFO - Processing /opt/airflow/dags/daily_revenue_etl_dag.py took 0.050 seconds
[2026-01-07T14:55:01.425+0000] {processor.py:161} INFO - Started process (PID=1285) to work on /opt/airflow/dags/daily_revenue_etl_dag.py
[2026-01-07T14:55:01.426+0000] {processor.py:830} INFO - Processing file /opt/airflow/dags/daily_revenue_etl_dag.py for tasks to queue
[2026-01-07T14:55:01.426+0000] {logging_mixin.py:188} INFO - [2026-01-07T14:55:01.426+0000] {dagbag.py:538} INFO - Filling up the DagBag from /opt/airflow/dags/daily_revenue_etl_dag.py
[2026-01-07T14:55:01.438+0000] {processor.py:840} INFO - DAG(s) 'daily_revenue_etl_dag' retrieved from /opt/airflow/dags/daily_revenue_etl_dag.py
[2026-01-07T14:55:01.445+0000] {logging_mixin.py:188} INFO - [2026-01-07T14:55:01.445+0000] {dag.py:3036} INFO - Sync 1 DAGs
[2026-01-07T14:55:01.458+0000] {logging_mixin.py:188} INFO - [2026-01-07T14:55:01.458+0000] {dag.py:3823} INFO - Setting next_dagrun for daily_revenue_etl_dag to 2026-01-07 00:00:00+00:00, run_after=2026-01-08 00:00:00+00:00
[2026-01-07T14:55:01.468+0000] {processor.py:183} INFO - Processing /opt/airflow/dags/daily_revenue_etl_dag.py took 0.046 seconds
[2026-01-07T14:55:01.496+0000] {processor.py:161} INFO - Started process (PID=1290) to work on /opt/airflow/dags/daily_revenue_etl_dag.py
[2026-01-07T14:55:01.497+0000] {processor.py:830} INFO - Processing file /opt/airflow/dags/daily_revenue_etl_dag.py for tasks to queue
[2026-01-07T14:55:01.498+0000] {logging_mixin.py:188} INFO - [2026-01-07T14:55:01.498+0000] {dagbag.py:538} INFO - Filling up the DagBag from /opt/airflow/dags/daily_revenue_etl_dag.py
[2026-01-07T14:55:01.512+0000] {processor.py:840} INFO - DAG(s) 'daily_revenue_etl_dag' retrieved from /opt/airflow/dags/daily_revenue_etl_dag.py
[2026-01-07T14:55:01.521+0000] {logging_mixin.py:188} INFO - [2026-01-07T14:55:01.520+0000] {dag.py:3036} INFO - Sync 1 DAGs
[2026-01-07T14:55:01.535+0000] {logging_mixin.py:188} INFO - [2026-01-07T14:55:01.535+0000] {dag.py:3823} INFO - Setting next_dagrun for daily_revenue_etl_dag to 2026-01-07 00:00:00+00:00, run_after=2026-01-08 00:00:00+00:00
[2026-01-07T14:55:01.545+0000] {processor.py:183} INFO - Processing /opt/airflow/dags/daily_revenue_etl_dag.py took 0.052 seconds
[2026-01-07T14:55:01.565+0000] {processor.py:161} INFO - Started process (PID=1295) to work on /opt/airflow/dags/daily_revenue_etl_dag.py
[2026-01-07T14:55:01.565+0000] {processor.py:830} INFO - Processing file /opt/airflow/dags/daily_revenue_etl_dag.py for tasks to queue
[2026-01-07T14:55:01.566+0000] {logging_mixin.py:188} INFO - [2026-01-07T14:55:01.566+0000] {dagbag.py:538} INFO - Filling up the DagBag from /opt/airflow/dags/daily_revenue_etl_dag.py
[2026-01-07T14:55:01.577+0000] {processor.py:840} INFO - DAG(s) 'daily_revenue_etl_dag' retrieved from /opt/airflow/dags/daily_revenue_etl_dag.py
[2026-01-07T14:55:01.584+0000] {logging_mixin.py:188} INFO - [2026-01-07T14:55:01.584+0000] {dag.py:3036} INFO - Sync 1 DAGs
[2026-01-07T14:55:01.598+0000] {logging_mixin.py:188} INFO - [2026-01-07T14:55:01.598+0000] {dag.py:3823} INFO - Setting next_dagrun for daily_revenue_etl_dag to 2026-01-07 00:00:00+00:00, run_after=2026-01-08 00:00:00+00:00
[2026-01-07T14:55:01.608+0000] {processor.py:183} INFO - Processing /opt/airflow/dags/daily_revenue_etl_dag.py took 0.045 seconds
[2026-01-07T14:55:01.629+0000] {processor.py:161} INFO - Started process (PID=1300) to work on /opt/airflow/dags/daily_revenue_etl_dag.py
[2026-01-07T14:55:01.629+0000] {processor.py:830} INFO - Processing file /opt/airflow/dags/daily_revenue_etl_dag.py for tasks to queue
[2026-01-07T14:55:01.630+0000] {logging_mixin.py:188} INFO - [2026-01-07T14:55:01.630+0000] {dagbag.py:538} INFO - Filling up the DagBag from /opt/airflow/dags/daily_revenue_etl_dag.py
[2026-01-07T14:55:01.641+0000] {processor.py:840} INFO - DAG(s) 'daily_revenue_etl_dag' retrieved from /opt/airflow/dags/daily_revenue_etl_dag.py
[2026-01-07T14:55:01.648+0000] {logging_mixin.py:188} INFO - [2026-01-07T14:55:01.648+0000] {dag.py:3036} INFO - Sync 1 DAGs
[2026-01-07T14:55:01.662+0000] {logging_mixin.py:188} INFO - [2026-01-07T14:55:01.661+0000] {dag.py:3823} INFO - Setting next_dagrun for daily_revenue_etl_dag to 2026-01-07 00:00:00+00:00, run_after=2026-01-08 00:00:00+00:00
[2026-01-07T14:55:01.672+0000] {processor.py:183} INFO - Processing /opt/airflow/dags/daily_revenue_etl_dag.py took 0.045 seconds
[2026-01-07T14:55:01.694+0000] {processor.py:161} INFO - Started process (PID=1305) to work on /opt/airflow/dags/daily_revenue_etl_dag.py
[2026-01-07T14:55:01.694+0000] {processor.py:830} INFO - Processing file /opt/airflow/dags/daily_revenue_etl_dag.py for tasks to queue
[2026-01-07T14:55:01.695+0000] {logging_mixin.py:188} INFO - [2026-01-07T14:55:01.695+0000] {dagbag.py:538} INFO - Filling up the DagBag from /opt/airflow/dags/daily_revenue_etl_dag.py
[2026-01-07T14:55:01.709+0000] {processor.py:840} INFO - DAG(s) 'daily_revenue_etl_dag' retrieved from /opt/airflow/dags/daily_revenue_etl_dag.py
[2026-01-07T14:55:01.718+0000] {logging_mixin.py:188} INFO - [2026-01-07T14:55:01.718+0000] {dag.py:3036} INFO - Sync 1 DAGs
[2026-01-07T14:55:01.733+0000] {logging_mixin.py:188} INFO - [2026-01-07T14:55:01.733+0000] {dag.py:3823} INFO - Setting next_dagrun for daily_revenue_etl_dag to 2026-01-07 00:00:00+00:00, run_after=2026-01-08 00:00:00+00:00
[2026-01-07T14:55:01.744+0000] {processor.py:183} INFO - Processing /opt/airflow/dags/daily_revenue_etl_dag.py took 0.053 seconds
[2026-01-07T14:55:01.765+0000] {processor.py:161} INFO - Started process (PID=1310) to work on /opt/airflow/dags/daily_revenue_etl_dag.py
[2026-01-07T14:55:01.766+0000] {processor.py:830} INFO - Processing file /opt/airflow/dags/daily_revenue_etl_dag.py for tasks to queue
[2026-01-07T14:55:01.766+0000] {logging_mixin.py:188} INFO - [2026-01-07T14:55:01.766+0000] {dagbag.py:538} INFO - Filling up the DagBag from /opt/airflow/dags/daily_revenue_etl_dag.py
[2026-01-07T14:55:01.779+0000] {processor.py:840} INFO - DAG(s) 'daily_revenue_etl_dag' retrieved from /opt/airflow/dags/daily_revenue_etl_dag.py
[2026-01-07T14:55:01.786+0000] {logging_mixin.py:188} INFO - [2026-01-07T14:55:01.786+0000] {dag.py:3036} INFO - Sync 1 DAGs
[2026-01-07T14:55:01.799+0000] {logging_mixin.py:188} INFO - [2026-01-07T14:55:01.799+0000] {dag.py:3823} INFO - Setting next_dagrun for daily_revenue_etl_dag to 2026-01-07 00:00:00+00:00, run_after=2026-01-08 00:00:00+00:00
[2026-01-07T14:55:01.811+0000] {processor.py:183} INFO - Processing /opt/airflow/dags/daily_revenue_etl_dag.py took 0.048 seconds
[2026-01-07T14:55:01.832+0000] {processor.py:161} INFO - Started process (PID=1315) to work on /opt/airflow/dags/daily_revenue_etl_dag.py
[2026-01-07T14:55:01.833+0000] {processor.py:830} INFO - Processing file /opt/airflow/dags/daily_revenue_etl_dag.py for tasks to queue
[2026-01-07T14:55:01.834+0000] {logging_mixin.py:188} INFO - [2026-01-07T14:55:01.834+0000] {dagbag.py:538} INFO - Filling up the DagBag from /opt/airflow/dags/daily_revenue_etl_dag.py
[2026-01-07T14:55:01.845+0000] {processor.py:840} INFO - DAG(s) 'daily_revenue_etl_dag' retrieved from /opt/airflow/dags/daily_revenue_etl_dag.py
[2026-01-07T14:55:01.853+0000] {logging_mixin.py:188} INFO - [2026-01-07T14:55:01.852+0000] {dag.py:3036} INFO - Sync 1 DAGs
[2026-01-07T14:55:01.866+0000] {logging_mixin.py:188} INFO - [2026-01-07T14:55:01.866+0000] {dag.py:3823} INFO - Setting next_dagrun for daily_revenue_etl_dag to 2026-01-07 00:00:00+00:00, run_after=2026-01-08 00:00:00+00:00
[2026-01-07T14:55:01.876+0000] {processor.py:183} INFO - Processing /opt/airflow/dags/daily_revenue_etl_dag.py took 0.046 seconds
[2026-01-07T14:55:01.897+0000] {processor.py:161} INFO - Started process (PID=1320) to work on /opt/airflow/dags/daily_revenue_etl_dag.py
[2026-01-07T14:55:01.897+0000] {processor.py:830} INFO - Processing file /opt/airflow/dags/daily_revenue_etl_dag.py for tasks to queue
[2026-01-07T14:55:01.899+0000] {logging_mixin.py:188} INFO - [2026-01-07T14:55:01.898+0000] {dagbag.py:538} INFO - Filling up the DagBag from /opt/airflow/dags/daily_revenue_etl_dag.py
[2026-01-07T14:55:01.910+0000] {processor.py:840} INFO - DAG(s) 'daily_revenue_etl_dag' retrieved from /opt/airflow/dags/daily_revenue_etl_dag.py
[2026-01-07T14:55:01.918+0000] {logging_mixin.py:188} INFO - [2026-01-07T14:55:01.917+0000] {dag.py:3036} INFO - Sync 1 DAGs
[2026-01-07T14:55:01.931+0000] {logging_mixin.py:188} INFO - [2026-01-07T14:55:01.931+0000] {dag.py:3823} INFO - Setting next_dagrun for daily_revenue_etl_dag to 2026-01-07 00:00:00+00:00, run_after=2026-01-08 00:00:00+00:00
[2026-01-07T14:55:01.941+0000] {processor.py:183} INFO - Processing /opt/airflow/dags/daily_revenue_etl_dag.py took 0.046 seconds
[2026-01-07T14:55:01.962+0000] {processor.py:161} INFO - Started process (PID=1325) to work on /opt/airflow/dags/daily_revenue_etl_dag.py
[2026-01-07T14:55:01.963+0000] {processor.py:830} INFO - Processing file /opt/airflow/dags/daily_revenue_etl_dag.py for tasks to queue
[2026-01-07T14:55:01.964+0000] {logging_mixin.py:188} INFO - [2026-01-07T14:55:01.964+0000] {dagbag.py:538} INFO - Filling up the DagBag from /opt/airflow/dags/daily_revenue_etl_dag.py
[2026-01-07T14:55:01.974+0000] {processor.py:840} INFO - DAG(s) 'daily_revenue_etl_dag' retrieved from /opt/airflow/dags/daily_revenue_etl_dag.py
[2026-01-07T14:55:01.982+0000] {logging_mixin.py:188} INFO - [2026-01-07T14:55:01.982+0000] {dag.py:3036} INFO - Sync 1 DAGs
[2026-01-07T14:55:01.995+0000] {logging_mixin.py:188} INFO - [2026-01-07T14:55:01.995+0000] {dag.py:3823} INFO - Setting next_dagrun for daily_revenue_etl_dag to 2026-01-07 00:00:00+00:00, run_after=2026-01-08 00:00:00+00:00
[2026-01-07T14:55:02.005+0000] {processor.py:183} INFO - Processing /opt/airflow/dags/daily_revenue_etl_dag.py took 0.046 seconds
[2026-01-07T14:55:02.029+0000] {processor.py:161} INFO - Started process (PID=1330) to work on /opt/airflow/dags/daily_revenue_etl_dag.py
[2026-01-07T14:55:02.030+0000] {processor.py:830} INFO - Processing file /opt/airflow/dags/daily_revenue_etl_dag.py for tasks to queue
[2026-01-07T14:55:02.030+0000] {logging_mixin.py:188} INFO - [2026-01-07T14:55:02.030+0000] {dagbag.py:538} INFO - Filling up the DagBag from /opt/airflow/dags/daily_revenue_etl_dag.py
[2026-01-07T14:55:02.042+0000] {processor.py:840} INFO - DAG(s) 'daily_revenue_etl_dag' retrieved from /opt/airflow/dags/daily_revenue_etl_dag.py
[2026-01-07T14:55:02.049+0000] {logging_mixin.py:188} INFO - [2026-01-07T14:55:02.049+0000] {dag.py:3036} INFO - Sync 1 DAGs
[2026-01-07T14:55:02.062+0000] {logging_mixin.py:188} INFO - [2026-01-07T14:55:02.062+0000] {dag.py:3823} INFO - Setting next_dagrun for daily_revenue_etl_dag to 2026-01-07 00:00:00+00:00, run_after=2026-01-08 00:00:00+00:00
[2026-01-07T14:55:02.072+0000] {processor.py:183} INFO - Processing /opt/airflow/dags/daily_revenue_etl_dag.py took 0.045 seconds
[2026-01-07T14:55:02.092+0000] {processor.py:161} INFO - Started process (PID=1335) to work on /opt/airflow/dags/daily_revenue_etl_dag.py
[2026-01-07T14:55:02.093+0000] {processor.py:830} INFO - Processing file /opt/airflow/dags/daily_revenue_etl_dag.py for tasks to queue
[2026-01-07T14:55:02.093+0000] {logging_mixin.py:188} INFO - [2026-01-07T14:55:02.093+0000] {dagbag.py:538} INFO - Filling up the DagBag from /opt/airflow/dags/daily_revenue_etl_dag.py
[2026-01-07T14:55:02.105+0000] {processor.py:840} INFO - DAG(s) 'daily_revenue_etl_dag' retrieved from /opt/airflow/dags/daily_revenue_etl_dag.py
[2026-01-07T14:55:02.113+0000] {logging_mixin.py:188} INFO - [2026-01-07T14:55:02.113+0000] {dag.py:3036} INFO - Sync 1 DAGs
[2026-01-07T14:55:02.126+0000] {logging_mixin.py:188} INFO - [2026-01-07T14:55:02.126+0000] {dag.py:3823} INFO - Setting next_dagrun for daily_revenue_etl_dag to 2026-01-07 00:00:00+00:00, run_after=2026-01-08 00:00:00+00:00
[2026-01-07T14:55:02.137+0000] {processor.py:183} INFO - Processing /opt/airflow/dags/daily_revenue_etl_dag.py took 0.047 seconds
[2026-01-07T14:55:02.156+0000] {processor.py:161} INFO - Started process (PID=1340) to work on /opt/airflow/dags/daily_revenue_etl_dag.py
[2026-01-07T14:55:02.157+0000] {processor.py:830} INFO - Processing file /opt/airflow/dags/daily_revenue_etl_dag.py for tasks to queue
[2026-01-07T14:55:02.158+0000] {logging_mixin.py:188} INFO - [2026-01-07T14:55:02.158+0000] {dagbag.py:538} INFO - Filling up the DagBag from /opt/airflow/dags/daily_revenue_etl_dag.py
[2026-01-07T14:55:02.169+0000] {processor.py:840} INFO - DAG(s) 'daily_revenue_etl_dag' retrieved from /opt/airflow/dags/daily_revenue_etl_dag.py
[2026-01-07T14:55:02.177+0000] {logging_mixin.py:188} INFO - [2026-01-07T14:55:02.177+0000] {dag.py:3036} INFO - Sync 1 DAGs
[2026-01-07T14:55:02.190+0000] {logging_mixin.py:188} INFO - [2026-01-07T14:55:02.190+0000] {dag.py:3823} INFO - Setting next_dagrun for daily_revenue_etl_dag to 2026-01-07 00:00:00+00:00, run_after=2026-01-08 00:00:00+00:00
[2026-01-07T14:55:02.202+0000] {processor.py:183} INFO - Processing /opt/airflow/dags/daily_revenue_etl_dag.py took 0.047 seconds
[2026-01-07T14:55:02.226+0000] {processor.py:161} INFO - Started process (PID=1345) to work on /opt/airflow/dags/daily_revenue_etl_dag.py
[2026-01-07T14:55:02.227+0000] {processor.py:830} INFO - Processing file /opt/airflow/dags/daily_revenue_etl_dag.py for tasks to queue
[2026-01-07T14:55:02.228+0000] {logging_mixin.py:188} INFO - [2026-01-07T14:55:02.227+0000] {dagbag.py:538} INFO - Filling up the DagBag from /opt/airflow/dags/daily_revenue_etl_dag.py
[2026-01-07T14:55:02.239+0000] {processor.py:840} INFO - DAG(s) 'daily_revenue_etl_dag' retrieved from /opt/airflow/dags/daily_revenue_etl_dag.py
[2026-01-07T14:55:02.250+0000] {logging_mixin.py:188} INFO - [2026-01-07T14:55:02.250+0000] {dag.py:3036} INFO - Sync 1 DAGs
[2026-01-07T14:55:02.264+0000] {logging_mixin.py:188} INFO - [2026-01-07T14:55:02.264+0000] {dag.py:3823} INFO - Setting next_dagrun for daily_revenue_etl_dag to 2026-01-07 00:00:00+00:00, run_after=2026-01-08 00:00:00+00:00
[2026-01-07T14:55:02.276+0000] {processor.py:183} INFO - Processing /opt/airflow/dags/daily_revenue_etl_dag.py took 0.051 seconds
[2026-01-07T14:55:02.299+0000] {processor.py:161} INFO - Started process (PID=1350) to work on /opt/airflow/dags/daily_revenue_etl_dag.py
[2026-01-07T14:55:02.300+0000] {processor.py:830} INFO - Processing file /opt/airflow/dags/daily_revenue_etl_dag.py for tasks to queue
[2026-01-07T14:55:02.301+0000] {logging_mixin.py:188} INFO - [2026-01-07T14:55:02.301+0000] {dagbag.py:538} INFO - Filling up the DagBag from /opt/airflow/dags/daily_revenue_etl_dag.py
[2026-01-07T14:55:02.313+0000] {processor.py:840} INFO - DAG(s) 'daily_revenue_etl_dag' retrieved from /opt/airflow/dags/daily_revenue_etl_dag.py
[2026-01-07T14:55:02.321+0000] {logging_mixin.py:188} INFO - [2026-01-07T14:55:02.321+0000] {dag.py:3036} INFO - Sync 1 DAGs
[2026-01-07T14:55:02.336+0000] {logging_mixin.py:188} INFO - [2026-01-07T14:55:02.336+0000] {dag.py:3823} INFO - Setting next_dagrun for daily_revenue_etl_dag to 2026-01-07 00:00:00+00:00, run_after=2026-01-08 00:00:00+00:00
[2026-01-07T14:55:02.347+0000] {processor.py:183} INFO - Processing /opt/airflow/dags/daily_revenue_etl_dag.py took 0.051 seconds
[2026-01-07T14:55:02.372+0000] {processor.py:161} INFO - Started process (PID=1355) to work on /opt/airflow/dags/daily_revenue_etl_dag.py
[2026-01-07T14:55:02.373+0000] {processor.py:830} INFO - Processing file /opt/airflow/dags/daily_revenue_etl_dag.py for tasks to queue
[2026-01-07T14:55:02.373+0000] {logging_mixin.py:188} INFO - [2026-01-07T14:55:02.373+0000] {dagbag.py:538} INFO - Filling up the DagBag from /opt/airflow/dags/daily_revenue_etl_dag.py
[2026-01-07T14:55:02.387+0000] {processor.py:840} INFO - DAG(s) 'daily_revenue_etl_dag' retrieved from /opt/airflow/dags/daily_revenue_etl_dag.py
[2026-01-07T14:55:02.394+0000] {logging_mixin.py:188} INFO - [2026-01-07T14:55:02.394+0000] {dag.py:3036} INFO - Sync 1 DAGs
[2026-01-07T14:55:02.409+0000] {logging_mixin.py:188} INFO - [2026-01-07T14:55:02.409+0000] {dag.py:3823} INFO - Setting next_dagrun for daily_revenue_etl_dag to 2026-01-07 00:00:00+00:00, run_after=2026-01-08 00:00:00+00:00
[2026-01-07T14:55:02.420+0000] {processor.py:183} INFO - Processing /opt/airflow/dags/daily_revenue_etl_dag.py took 0.050 seconds
[2026-01-07T14:55:02.445+0000] {processor.py:161} INFO - Started process (PID=1360) to work on /opt/airflow/dags/daily_revenue_etl_dag.py
[2026-01-07T14:55:02.445+0000] {processor.py:830} INFO - Processing file /opt/airflow/dags/daily_revenue_etl_dag.py for tasks to queue
[2026-01-07T14:55:02.446+0000] {logging_mixin.py:188} INFO - [2026-01-07T14:55:02.446+0000] {dagbag.py:538} INFO - Filling up the DagBag from /opt/airflow/dags/daily_revenue_etl_dag.py
[2026-01-07T14:55:02.459+0000] {processor.py:840} INFO - DAG(s) 'daily_revenue_etl_dag' retrieved from /opt/airflow/dags/daily_revenue_etl_dag.py
[2026-01-07T14:55:02.466+0000] {logging_mixin.py:188} INFO - [2026-01-07T14:55:02.466+0000] {dag.py:3036} INFO - Sync 1 DAGs
[2026-01-07T14:55:02.480+0000] {logging_mixin.py:188} INFO - [2026-01-07T14:55:02.480+0000] {dag.py:3823} INFO - Setting next_dagrun for daily_revenue_etl_dag to 2026-01-07 00:00:00+00:00, run_after=2026-01-08 00:00:00+00:00
[2026-01-07T14:55:02.493+0000] {processor.py:183} INFO - Processing /opt/airflow/dags/daily_revenue_etl_dag.py took 0.051 seconds
[2026-01-07T14:55:02.514+0000] {processor.py:161} INFO - Started process (PID=1365) to work on /opt/airflow/dags/daily_revenue_etl_dag.py
[2026-01-07T14:55:02.515+0000] {processor.py:830} INFO - Processing file /opt/airflow/dags/daily_revenue_etl_dag.py for tasks to queue
[2026-01-07T14:55:02.515+0000] {logging_mixin.py:188} INFO - [2026-01-07T14:55:02.515+0000] {dagbag.py:538} INFO - Filling up the DagBag from /opt/airflow/dags/daily_revenue_etl_dag.py
[2026-01-07T14:55:02.528+0000] {processor.py:840} INFO - DAG(s) 'daily_revenue_etl_dag' retrieved from /opt/airflow/dags/daily_revenue_etl_dag.py
[2026-01-07T14:55:02.535+0000] {logging_mixin.py:188} INFO - [2026-01-07T14:55:02.535+0000] {dag.py:3036} INFO - Sync 1 DAGs
[2026-01-07T14:55:02.548+0000] {logging_mixin.py:188} INFO - [2026-01-07T14:55:02.548+0000] {dag.py:3823} INFO - Setting next_dagrun for daily_revenue_etl_dag to 2026-01-07 00:00:00+00:00, run_after=2026-01-08 00:00:00+00:00
[2026-01-07T14:55:02.560+0000] {processor.py:183} INFO - Processing /opt/airflow/dags/daily_revenue_etl_dag.py took 0.048 seconds
[2026-01-07T14:55:02.581+0000] {processor.py:161} INFO - Started process (PID=1370) to work on /opt/airflow/dags/daily_revenue_etl_dag.py
[2026-01-07T14:55:02.582+0000] {processor.py:830} INFO - Processing file /opt/airflow/dags/daily_revenue_etl_dag.py for tasks to queue
[2026-01-07T14:55:02.582+0000] {logging_mixin.py:188} INFO - [2026-01-07T14:55:02.582+0000] {dagbag.py:538} INFO - Filling up the DagBag from /opt/airflow/dags/daily_revenue_etl_dag.py
[2026-01-07T14:55:02.595+0000] {processor.py:840} INFO - DAG(s) 'daily_revenue_etl_dag' retrieved from /opt/airflow/dags/daily_revenue_etl_dag.py
[2026-01-07T14:55:02.603+0000] {logging_mixin.py:188} INFO - [2026-01-07T14:55:02.603+0000] {dag.py:3036} INFO - Sync 1 DAGs
[2026-01-07T14:55:02.618+0000] {logging_mixin.py:188} INFO - [2026-01-07T14:55:02.618+0000] {dag.py:3823} INFO - Setting next_dagrun for daily_revenue_etl_dag to 2026-01-07 00:00:00+00:00, run_after=2026-01-08 00:00:00+00:00
[2026-01-07T14:55:02.631+0000] {processor.py:183} INFO - Processing /opt/airflow/dags/daily_revenue_etl_dag.py took 0.052 seconds
[2026-01-07T14:55:02.662+0000] {processor.py:161} INFO - Started process (PID=1375) to work on /opt/airflow/dags/daily_revenue_etl_dag.py
[2026-01-07T14:55:02.663+0000] {processor.py:830} INFO - Processing file /opt/airflow/dags/daily_revenue_etl_dag.py for tasks to queue
[2026-01-07T14:55:02.664+0000] {logging_mixin.py:188} INFO - [2026-01-07T14:55:02.663+0000] {dagbag.py:538} INFO - Filling up the DagBag from /opt/airflow/dags/daily_revenue_etl_dag.py
[2026-01-07T14:55:02.678+0000] {processor.py:840} INFO - DAG(s) 'daily_revenue_etl_dag' retrieved from /opt/airflow/dags/daily_revenue_etl_dag.py
[2026-01-07T14:55:02.687+0000] {logging_mixin.py:188} INFO - [2026-01-07T14:55:02.687+0000] {dag.py:3036} INFO - Sync 1 DAGs
[2026-01-07T14:55:02.701+0000] {logging_mixin.py:188} INFO - [2026-01-07T14:55:02.701+0000] {dag.py:3823} INFO - Setting next_dagrun for daily_revenue_etl_dag to 2026-01-07 00:00:00+00:00, run_after=2026-01-08 00:00:00+00:00
[2026-01-07T14:55:02.713+0000] {processor.py:183} INFO - Processing /opt/airflow/dags/daily_revenue_etl_dag.py took 0.054 seconds
[2026-01-07T14:55:02.739+0000] {processor.py:161} INFO - Started process (PID=1380) to work on /opt/airflow/dags/daily_revenue_etl_dag.py
[2026-01-07T14:55:02.739+0000] {processor.py:830} INFO - Processing file /opt/airflow/dags/daily_revenue_etl_dag.py for tasks to queue
[2026-01-07T14:55:02.740+0000] {logging_mixin.py:188} INFO - [2026-01-07T14:55:02.740+0000] {dagbag.py:538} INFO - Filling up the DagBag from /opt/airflow/dags/daily_revenue_etl_dag.py
[2026-01-07T14:55:02.752+0000] {processor.py:840} INFO - DAG(s) 'daily_revenue_etl_dag' retrieved from /opt/airflow/dags/daily_revenue_etl_dag.py
[2026-01-07T14:55:02.760+0000] {logging_mixin.py:188} INFO - [2026-01-07T14:55:02.760+0000] {dag.py:3036} INFO - Sync 1 DAGs
[2026-01-07T14:55:02.775+0000] {logging_mixin.py:188} INFO - [2026-01-07T14:55:02.775+0000] {dag.py:3823} INFO - Setting next_dagrun for daily_revenue_etl_dag to 2026-01-07 00:00:00+00:00, run_after=2026-01-08 00:00:00+00:00
[2026-01-07T14:55:02.786+0000] {processor.py:183} INFO - Processing /opt/airflow/dags/daily_revenue_etl_dag.py took 0.049 seconds
[2026-01-07T14:55:02.809+0000] {processor.py:161} INFO - Started process (PID=1385) to work on /opt/airflow/dags/daily_revenue_etl_dag.py
[2026-01-07T14:55:02.810+0000] {processor.py:830} INFO - Processing file /opt/airflow/dags/daily_revenue_etl_dag.py for tasks to queue
[2026-01-07T14:55:02.811+0000] {logging_mixin.py:188} INFO - [2026-01-07T14:55:02.810+0000] {dagbag.py:538} INFO - Filling up the DagBag from /opt/airflow/dags/daily_revenue_etl_dag.py
[2026-01-07T14:55:02.824+0000] {processor.py:840} INFO - DAG(s) 'daily_revenue_etl_dag' retrieved from /opt/airflow/dags/daily_revenue_etl_dag.py
[2026-01-07T14:55:02.832+0000] {logging_mixin.py:188} INFO - [2026-01-07T14:55:02.831+0000] {dag.py:3036} INFO - Sync 1 DAGs
[2026-01-07T14:55:02.846+0000] {logging_mixin.py:188} INFO - [2026-01-07T14:55:02.846+0000] {dag.py:3823} INFO - Setting next_dagrun for daily_revenue_etl_dag to 2026-01-07 00:00:00+00:00, run_after=2026-01-08 00:00:00+00:00
[2026-01-07T14:55:02.856+0000] {processor.py:183} INFO - Processing /opt/airflow/dags/daily_revenue_etl_dag.py took 0.050 seconds
[2026-01-07T14:55:02.879+0000] {processor.py:161} INFO - Started process (PID=1390) to work on /opt/airflow/dags/daily_revenue_etl_dag.py
[2026-01-07T14:55:02.880+0000] {processor.py:830} INFO - Processing file /opt/airflow/dags/daily_revenue_etl_dag.py for tasks to queue
[2026-01-07T14:55:02.880+0000] {logging_mixin.py:188} INFO - [2026-01-07T14:55:02.880+0000] {dagbag.py:538} INFO - Filling up the DagBag from /opt/airflow/dags/daily_revenue_etl_dag.py
[2026-01-07T14:55:02.892+0000] {processor.py:840} INFO - DAG(s) 'daily_revenue_etl_dag' retrieved from /opt/airflow/dags/daily_revenue_etl_dag.py
[2026-01-07T14:55:02.899+0000] {logging_mixin.py:188} INFO - [2026-01-07T14:55:02.899+0000] {dag.py:3036} INFO - Sync 1 DAGs
[2026-01-07T14:55:02.912+0000] {logging_mixin.py:188} INFO - [2026-01-07T14:55:02.912+0000] {dag.py:3823} INFO - Setting next_dagrun for daily_revenue_etl_dag to 2026-01-07 00:00:00+00:00, run_after=2026-01-08 00:00:00+00:00
[2026-01-07T14:55:02.922+0000] {processor.py:183} INFO - Processing /opt/airflow/dags/daily_revenue_etl_dag.py took 0.046 seconds
[2026-01-07T14:55:02.943+0000] {processor.py:161} INFO - Started process (PID=1395) to work on /opt/airflow/dags/daily_revenue_etl_dag.py
[2026-01-07T14:55:02.943+0000] {processor.py:830} INFO - Processing file /opt/airflow/dags/daily_revenue_etl_dag.py for tasks to queue
[2026-01-07T14:55:02.944+0000] {logging_mixin.py:188} INFO - [2026-01-07T14:55:02.944+0000] {dagbag.py:538} INFO - Filling up the DagBag from /opt/airflow/dags/daily_revenue_etl_dag.py
[2026-01-07T14:55:02.955+0000] {processor.py:840} INFO - DAG(s) 'daily_revenue_etl_dag' retrieved from /opt/airflow/dags/daily_revenue_etl_dag.py
[2026-01-07T14:55:02.963+0000] {logging_mixin.py:188} INFO - [2026-01-07T14:55:02.963+0000] {dag.py:3036} INFO - Sync 1 DAGs
[2026-01-07T14:55:02.976+0000] {logging_mixin.py:188} INFO - [2026-01-07T14:55:02.976+0000] {dag.py:3823} INFO - Setting next_dagrun for daily_revenue_etl_dag to 2026-01-07 00:00:00+00:00, run_after=2026-01-08 00:00:00+00:00
[2026-01-07T14:55:02.987+0000] {processor.py:183} INFO - Processing /opt/airflow/dags/daily_revenue_etl_dag.py took 0.047 seconds
[2026-01-07T14:55:03.011+0000] {processor.py:161} INFO - Started process (PID=1400) to work on /opt/airflow/dags/daily_revenue_etl_dag.py
[2026-01-07T14:55:03.012+0000] {processor.py:830} INFO - Processing file /opt/airflow/dags/daily_revenue_etl_dag.py for tasks to queue
[2026-01-07T14:55:03.013+0000] {logging_mixin.py:188} INFO - [2026-01-07T14:55:03.012+0000] {dagbag.py:538} INFO - Filling up the DagBag from /opt/airflow/dags/daily_revenue_etl_dag.py
[2026-01-07T14:55:03.024+0000] {processor.py:840} INFO - DAG(s) 'daily_revenue_etl_dag' retrieved from /opt/airflow/dags/daily_revenue_etl_dag.py
[2026-01-07T14:55:03.031+0000] {logging_mixin.py:188} INFO - [2026-01-07T14:55:03.031+0000] {dag.py:3036} INFO - Sync 1 DAGs
[2026-01-07T14:55:03.044+0000] {logging_mixin.py:188} INFO - [2026-01-07T14:55:03.044+0000] {dag.py:3823} INFO - Setting next_dagrun for daily_revenue_etl_dag to 2026-01-07 00:00:00+00:00, run_after=2026-01-08 00:00:00+00:00
[2026-01-07T14:55:03.054+0000] {processor.py:183} INFO - Processing /opt/airflow/dags/daily_revenue_etl_dag.py took 0.045 seconds
[2026-01-07T14:55:03.075+0000] {processor.py:161} INFO - Started process (PID=1405) to work on /opt/airflow/dags/daily_revenue_etl_dag.py
[2026-01-07T14:55:03.075+0000] {processor.py:830} INFO - Processing file /opt/airflow/dags/daily_revenue_etl_dag.py for tasks to queue
[2026-01-07T14:55:03.076+0000] {logging_mixin.py:188} INFO - [2026-01-07T14:55:03.076+0000] {dagbag.py:538} INFO - Filling up the DagBag from /opt/airflow/dags/daily_revenue_etl_dag.py
[2026-01-07T14:55:03.087+0000] {processor.py:840} INFO - DAG(s) 'daily_revenue_etl_dag' retrieved from /opt/airflow/dags/daily_revenue_etl_dag.py
[2026-01-07T14:55:03.095+0000] {logging_mixin.py:188} INFO - [2026-01-07T14:55:03.095+0000] {dag.py:3036} INFO - Sync 1 DAGs
[2026-01-07T14:55:03.109+0000] {logging_mixin.py:188} INFO - [2026-01-07T14:55:03.109+0000] {dag.py:3823} INFO - Setting next_dagrun for daily_revenue_etl_dag to 2026-01-07 00:00:00+00:00, run_after=2026-01-08 00:00:00+00:00
[2026-01-07T14:55:03.120+0000] {processor.py:183} INFO - Processing /opt/airflow/dags/daily_revenue_etl_dag.py took 0.048 seconds
[2026-01-07T14:55:03.143+0000] {processor.py:161} INFO - Started process (PID=1410) to work on /opt/airflow/dags/daily_revenue_etl_dag.py
[2026-01-07T14:55:03.144+0000] {processor.py:830} INFO - Processing file /opt/airflow/dags/daily_revenue_etl_dag.py for tasks to queue
[2026-01-07T14:55:03.145+0000] {logging_mixin.py:188} INFO - [2026-01-07T14:55:03.145+0000] {dagbag.py:538} INFO - Filling up the DagBag from /opt/airflow/dags/daily_revenue_etl_dag.py
[2026-01-07T14:55:03.156+0000] {processor.py:840} INFO - DAG(s) 'daily_revenue_etl_dag' retrieved from /opt/airflow/dags/daily_revenue_etl_dag.py
[2026-01-07T14:55:03.163+0000] {logging_mixin.py:188} INFO - [2026-01-07T14:55:03.163+0000] {dag.py:3036} INFO - Sync 1 DAGs
[2026-01-07T14:55:03.175+0000] {logging_mixin.py:188} INFO - [2026-01-07T14:55:03.175+0000] {dag.py:3823} INFO - Setting next_dagrun for daily_revenue_etl_dag to 2026-01-07 00:00:00+00:00, run_after=2026-01-08 00:00:00+00:00
[2026-01-07T14:55:03.185+0000] {processor.py:183} INFO - Processing /opt/airflow/dags/daily_revenue_etl_dag.py took 0.044 seconds
[2026-01-07T14:55:03.209+0000] {processor.py:161} INFO - Started process (PID=1415) to work on /opt/airflow/dags/daily_revenue_etl_dag.py
[2026-01-07T14:55:03.209+0000] {processor.py:830} INFO - Processing file /opt/airflow/dags/daily_revenue_etl_dag.py for tasks to queue
[2026-01-07T14:55:03.210+0000] {logging_mixin.py:188} INFO - [2026-01-07T14:55:03.210+0000] {dagbag.py:538} INFO - Filling up the DagBag from /opt/airflow/dags/daily_revenue_etl_dag.py
[2026-01-07T14:55:03.224+0000] {processor.py:840} INFO - DAG(s) 'daily_revenue_etl_dag' retrieved from /opt/airflow/dags/daily_revenue_etl_dag.py
[2026-01-07T14:55:03.231+0000] {logging_mixin.py:188} INFO - [2026-01-07T14:55:03.231+0000] {dag.py:3036} INFO - Sync 1 DAGs
[2026-01-07T14:55:03.245+0000] {logging_mixin.py:188} INFO - [2026-01-07T14:55:03.245+0000] {dag.py:3823} INFO - Setting next_dagrun for daily_revenue_etl_dag to 2026-01-07 00:00:00+00:00, run_after=2026-01-08 00:00:00+00:00
[2026-01-07T14:55:03.255+0000] {processor.py:183} INFO - Processing /opt/airflow/dags/daily_revenue_etl_dag.py took 0.049 seconds
[2026-01-07T14:55:03.275+0000] {processor.py:161} INFO - Started process (PID=1420) to work on /opt/airflow/dags/daily_revenue_etl_dag.py
[2026-01-07T14:55:03.275+0000] {processor.py:830} INFO - Processing file /opt/airflow/dags/daily_revenue_etl_dag.py for tasks to queue
[2026-01-07T14:55:03.276+0000] {logging_mixin.py:188} INFO - [2026-01-07T14:55:03.276+0000] {dagbag.py:538} INFO - Filling up the DagBag from /opt/airflow/dags/daily_revenue_etl_dag.py
[2026-01-07T14:55:03.287+0000] {processor.py:840} INFO - DAG(s) 'daily_revenue_etl_dag' retrieved from /opt/airflow/dags/daily_revenue_etl_dag.py
[2026-01-07T14:55:03.294+0000] {logging_mixin.py:188} INFO - [2026-01-07T14:55:03.294+0000] {dag.py:3036} INFO - Sync 1 DAGs
[2026-01-07T14:55:03.307+0000] {logging_mixin.py:188} INFO - [2026-01-07T14:55:03.307+0000] {dag.py:3823} INFO - Setting next_dagrun for daily_revenue_etl_dag to 2026-01-07 00:00:00+00:00, run_after=2026-01-08 00:00:00+00:00
[2026-01-07T14:55:03.318+0000] {processor.py:183} INFO - Processing /opt/airflow/dags/daily_revenue_etl_dag.py took 0.045 seconds
[2026-01-07T14:55:03.342+0000] {processor.py:161} INFO - Started process (PID=1425) to work on /opt/airflow/dags/daily_revenue_etl_dag.py
[2026-01-07T14:55:03.343+0000] {processor.py:830} INFO - Processing file /opt/airflow/dags/daily_revenue_etl_dag.py for tasks to queue
[2026-01-07T14:55:03.343+0000] {logging_mixin.py:188} INFO - [2026-01-07T14:55:03.343+0000] {dagbag.py:538} INFO - Filling up the DagBag from /opt/airflow/dags/daily_revenue_etl_dag.py
[2026-01-07T14:55:03.359+0000] {processor.py:840} INFO - DAG(s) 'daily_revenue_etl_dag' retrieved from /opt/airflow/dags/daily_revenue_etl_dag.py
[2026-01-07T14:55:03.367+0000] {logging_mixin.py:188} INFO - [2026-01-07T14:55:03.367+0000] {dag.py:3036} INFO - Sync 1 DAGs
[2026-01-07T14:55:03.383+0000] {logging_mixin.py:188} INFO - [2026-01-07T14:55:03.383+0000] {dag.py:3823} INFO - Setting next_dagrun for daily_revenue_etl_dag to 2026-01-07 00:00:00+00:00, run_after=2026-01-08 00:00:00+00:00
[2026-01-07T14:55:03.395+0000] {processor.py:183} INFO - Processing /opt/airflow/dags/daily_revenue_etl_dag.py took 0.056 seconds
[2026-01-07T14:55:03.418+0000] {processor.py:161} INFO - Started process (PID=1430) to work on /opt/airflow/dags/daily_revenue_etl_dag.py
[2026-01-07T14:55:03.419+0000] {processor.py:830} INFO - Processing file /opt/airflow/dags/daily_revenue_etl_dag.py for tasks to queue
[2026-01-07T14:55:03.420+0000] {logging_mixin.py:188} INFO - [2026-01-07T14:55:03.420+0000] {dagbag.py:538} INFO - Filling up the DagBag from /opt/airflow/dags/daily_revenue_etl_dag.py
[2026-01-07T14:55:03.433+0000] {processor.py:840} INFO - DAG(s) 'daily_revenue_etl_dag' retrieved from /opt/airflow/dags/daily_revenue_etl_dag.py
[2026-01-07T14:55:03.440+0000] {logging_mixin.py:188} INFO - [2026-01-07T14:55:03.440+0000] {dag.py:3036} INFO - Sync 1 DAGs
[2026-01-07T14:55:03.454+0000] {logging_mixin.py:188} INFO - [2026-01-07T14:55:03.454+0000] {dag.py:3823} INFO - Setting next_dagrun for daily_revenue_etl_dag to 2026-01-07 00:00:00+00:00, run_after=2026-01-08 00:00:00+00:00
[2026-01-07T14:55:03.466+0000] {processor.py:183} INFO - Processing /opt/airflow/dags/daily_revenue_etl_dag.py took 0.049 seconds
[2026-01-07T14:55:03.490+0000] {processor.py:161} INFO - Started process (PID=1435) to work on /opt/airflow/dags/daily_revenue_etl_dag.py
[2026-01-07T14:55:03.490+0000] {processor.py:830} INFO - Processing file /opt/airflow/dags/daily_revenue_etl_dag.py for tasks to queue
[2026-01-07T14:55:03.491+0000] {logging_mixin.py:188} INFO - [2026-01-07T14:55:03.491+0000] {dagbag.py:538} INFO - Filling up the DagBag from /opt/airflow/dags/daily_revenue_etl_dag.py
[2026-01-07T14:55:03.504+0000] {processor.py:840} INFO - DAG(s) 'daily_revenue_etl_dag' retrieved from /opt/airflow/dags/daily_revenue_etl_dag.py
[2026-01-07T14:55:03.511+0000] {logging_mixin.py:188} INFO - [2026-01-07T14:55:03.511+0000] {dag.py:3036} INFO - Sync 1 DAGs
[2026-01-07T14:55:03.526+0000] {logging_mixin.py:188} INFO - [2026-01-07T14:55:03.526+0000] {dag.py:3823} INFO - Setting next_dagrun for daily_revenue_etl_dag to 2026-01-07 00:00:00+00:00, run_after=2026-01-08 00:00:00+00:00
[2026-01-07T14:55:03.539+0000] {processor.py:183} INFO - Processing /opt/airflow/dags/daily_revenue_etl_dag.py took 0.052 seconds
[2026-01-07T14:55:03.569+0000] {processor.py:161} INFO - Started process (PID=1440) to work on /opt/airflow/dags/daily_revenue_etl_dag.py
[2026-01-07T14:55:03.570+0000] {processor.py:830} INFO - Processing file /opt/airflow/dags/daily_revenue_etl_dag.py for tasks to queue
[2026-01-07T14:55:03.571+0000] {logging_mixin.py:188} INFO - [2026-01-07T14:55:03.571+0000] {dagbag.py:538} INFO - Filling up the DagBag from /opt/airflow/dags/daily_revenue_etl_dag.py
[2026-01-07T14:55:03.588+0000] {processor.py:840} INFO - DAG(s) 'daily_revenue_etl_dag' retrieved from /opt/airflow/dags/daily_revenue_etl_dag.py
[2026-01-07T14:55:03.596+0000] {logging_mixin.py:188} INFO - [2026-01-07T14:55:03.596+0000] {dag.py:3036} INFO - Sync 1 DAGs
[2026-01-07T14:55:03.611+0000] {logging_mixin.py:188} INFO - [2026-01-07T14:55:03.611+0000] {dag.py:3823} INFO - Setting next_dagrun for daily_revenue_etl_dag to 2026-01-07 00:00:00+00:00, run_after=2026-01-08 00:00:00+00:00
[2026-01-07T14:55:03.624+0000] {processor.py:183} INFO - Processing /opt/airflow/dags/daily_revenue_etl_dag.py took 0.058 seconds
[2026-01-07T14:55:03.652+0000] {processor.py:161} INFO - Started process (PID=1445) to work on /opt/airflow/dags/daily_revenue_etl_dag.py
[2026-01-07T14:55:03.653+0000] {processor.py:830} INFO - Processing file /opt/airflow/dags/daily_revenue_etl_dag.py for tasks to queue
[2026-01-07T14:55:03.653+0000] {logging_mixin.py:188} INFO - [2026-01-07T14:55:03.653+0000] {dagbag.py:538} INFO - Filling up the DagBag from /opt/airflow/dags/daily_revenue_etl_dag.py
[2026-01-07T14:55:03.667+0000] {processor.py:840} INFO - DAG(s) 'daily_revenue_etl_dag' retrieved from /opt/airflow/dags/daily_revenue_etl_dag.py
[2026-01-07T14:55:03.676+0000] {logging_mixin.py:188} INFO - [2026-01-07T14:55:03.675+0000] {dag.py:3036} INFO - Sync 1 DAGs
[2026-01-07T14:55:03.691+0000] {logging_mixin.py:188} INFO - [2026-01-07T14:55:03.690+0000] {dag.py:3823} INFO - Setting next_dagrun for daily_revenue_etl_dag to 2026-01-07 00:00:00+00:00, run_after=2026-01-08 00:00:00+00:00
[2026-01-07T14:55:03.703+0000] {processor.py:183} INFO - Processing /opt/airflow/dags/daily_revenue_etl_dag.py took 0.054 seconds
[2026-01-07T14:55:03.727+0000] {processor.py:161} INFO - Started process (PID=1450) to work on /opt/airflow/dags/daily_revenue_etl_dag.py
[2026-01-07T14:55:03.727+0000] {processor.py:830} INFO - Processing file /opt/airflow/dags/daily_revenue_etl_dag.py for tasks to queue
[2026-01-07T14:55:03.728+0000] {logging_mixin.py:188} INFO - [2026-01-07T14:55:03.728+0000] {dagbag.py:538} INFO - Filling up the DagBag from /opt/airflow/dags/daily_revenue_etl_dag.py
[2026-01-07T14:55:03.741+0000] {processor.py:840} INFO - DAG(s) 'daily_revenue_etl_dag' retrieved from /opt/airflow/dags/daily_revenue_etl_dag.py
[2026-01-07T14:55:03.750+0000] {logging_mixin.py:188} INFO - [2026-01-07T14:55:03.749+0000] {dag.py:3036} INFO - Sync 1 DAGs
[2026-01-07T14:55:03.764+0000] {logging_mixin.py:188} INFO - [2026-01-07T14:55:03.764+0000] {dag.py:3823} INFO - Setting next_dagrun for daily_revenue_etl_dag to 2026-01-07 00:00:00+00:00, run_after=2026-01-08 00:00:00+00:00
[2026-01-07T14:55:03.779+0000] {processor.py:183} INFO - Processing /opt/airflow/dags/daily_revenue_etl_dag.py took 0.055 seconds
[2026-01-07T14:55:03.803+0000] {processor.py:161} INFO - Started process (PID=1455) to work on /opt/airflow/dags/daily_revenue_etl_dag.py
[2026-01-07T14:55:03.804+0000] {processor.py:830} INFO - Processing file /opt/airflow/dags/daily_revenue_etl_dag.py for tasks to queue
[2026-01-07T14:55:03.805+0000] {logging_mixin.py:188} INFO - [2026-01-07T14:55:03.805+0000] {dagbag.py:538} INFO - Filling up the DagBag from /opt/airflow/dags/daily_revenue_etl_dag.py
[2026-01-07T14:55:03.818+0000] {processor.py:840} INFO - DAG(s) 'daily_revenue_etl_dag' retrieved from /opt/airflow/dags/daily_revenue_etl_dag.py
[2026-01-07T14:55:03.827+0000] {logging_mixin.py:188} INFO - [2026-01-07T14:55:03.827+0000] {dag.py:3036} INFO - Sync 1 DAGs
[2026-01-07T14:55:03.844+0000] {logging_mixin.py:188} INFO - [2026-01-07T14:55:03.844+0000] {dag.py:3823} INFO - Setting next_dagrun for daily_revenue_etl_dag to 2026-01-07 00:00:00+00:00, run_after=2026-01-08 00:00:00+00:00
[2026-01-07T14:55:03.855+0000] {processor.py:183} INFO - Processing /opt/airflow/dags/daily_revenue_etl_dag.py took 0.054 seconds
[2026-01-07T14:55:03.880+0000] {processor.py:161} INFO - Started process (PID=1460) to work on /opt/airflow/dags/daily_revenue_etl_dag.py
[2026-01-07T14:55:03.881+0000] {processor.py:830} INFO - Processing file /opt/airflow/dags/daily_revenue_etl_dag.py for tasks to queue
[2026-01-07T14:55:03.881+0000] {logging_mixin.py:188} INFO - [2026-01-07T14:55:03.881+0000] {dagbag.py:538} INFO - Filling up the DagBag from /opt/airflow/dags/daily_revenue_etl_dag.py
[2026-01-07T14:55:03.894+0000] {processor.py:840} INFO - DAG(s) 'daily_revenue_etl_dag' retrieved from /opt/airflow/dags/daily_revenue_etl_dag.py
[2026-01-07T14:55:03.902+0000] {logging_mixin.py:188} INFO - [2026-01-07T14:55:03.902+0000] {dag.py:3036} INFO - Sync 1 DAGs
[2026-01-07T14:55:03.918+0000] {logging_mixin.py:188} INFO - [2026-01-07T14:55:03.918+0000] {dag.py:3823} INFO - Setting next_dagrun for daily_revenue_etl_dag to 2026-01-07 00:00:00+00:00, run_after=2026-01-08 00:00:00+00:00
[2026-01-07T14:55:03.930+0000] {processor.py:183} INFO - Processing /opt/airflow/dags/daily_revenue_etl_dag.py took 0.052 seconds
[2026-01-07T14:55:03.962+0000] {processor.py:161} INFO - Started process (PID=1465) to work on /opt/airflow/dags/daily_revenue_etl_dag.py
[2026-01-07T14:55:03.963+0000] {processor.py:830} INFO - Processing file /opt/airflow/dags/daily_revenue_etl_dag.py for tasks to queue
[2026-01-07T14:55:03.964+0000] {logging_mixin.py:188} INFO - [2026-01-07T14:55:03.963+0000] {dagbag.py:538} INFO - Filling up the DagBag from /opt/airflow/dags/daily_revenue_etl_dag.py
[2026-01-07T14:55:03.977+0000] {processor.py:840} INFO - DAG(s) 'daily_revenue_etl_dag' retrieved from /opt/airflow/dags/daily_revenue_etl_dag.py
[2026-01-07T14:55:03.987+0000] {logging_mixin.py:188} INFO - [2026-01-07T14:55:03.987+0000] {dag.py:3036} INFO - Sync 1 DAGs
[2026-01-07T14:55:04.001+0000] {logging_mixin.py:188} INFO - [2026-01-07T14:55:04.001+0000] {dag.py:3823} INFO - Setting next_dagrun for daily_revenue_etl_dag to 2026-01-07 00:00:00+00:00, run_after=2026-01-08 00:00:00+00:00
[2026-01-07T14:55:04.013+0000] {processor.py:183} INFO - Processing /opt/airflow/dags/daily_revenue_etl_dag.py took 0.053 seconds
[2026-01-07T14:55:04.040+0000] {processor.py:161} INFO - Started process (PID=1470) to work on /opt/airflow/dags/daily_revenue_etl_dag.py
[2026-01-07T14:55:04.041+0000] {processor.py:830} INFO - Processing file /opt/airflow/dags/daily_revenue_etl_dag.py for tasks to queue
[2026-01-07T14:55:04.042+0000] {logging_mixin.py:188} INFO - [2026-01-07T14:55:04.041+0000] {dagbag.py:538} INFO - Filling up the DagBag from /opt/airflow/dags/daily_revenue_etl_dag.py
[2026-01-07T14:55:04.053+0000] {processor.py:840} INFO - DAG(s) 'daily_revenue_etl_dag' retrieved from /opt/airflow/dags/daily_revenue_etl_dag.py
[2026-01-07T14:55:04.062+0000] {logging_mixin.py:188} INFO - [2026-01-07T14:55:04.062+0000] {dag.py:3036} INFO - Sync 1 DAGs
[2026-01-07T14:55:04.078+0000] {logging_mixin.py:188} INFO - [2026-01-07T14:55:04.077+0000] {dag.py:3823} INFO - Setting next_dagrun for daily_revenue_etl_dag to 2026-01-07 00:00:00+00:00, run_after=2026-01-08 00:00:00+00:00
[2026-01-07T14:55:04.092+0000] {processor.py:183} INFO - Processing /opt/airflow/dags/daily_revenue_etl_dag.py took 0.055 seconds
[2026-01-07T14:55:04.127+0000] {processor.py:161} INFO - Started process (PID=1475) to work on /opt/airflow/dags/daily_revenue_etl_dag.py
[2026-01-07T14:55:04.128+0000] {processor.py:830} INFO - Processing file /opt/airflow/dags/daily_revenue_etl_dag.py for tasks to queue
[2026-01-07T14:55:04.128+0000] {logging_mixin.py:188} INFO - [2026-01-07T14:55:04.128+0000] {dagbag.py:538} INFO - Filling up the DagBag from /opt/airflow/dags/daily_revenue_etl_dag.py
[2026-01-07T14:55:04.142+0000] {processor.py:840} INFO - DAG(s) 'daily_revenue_etl_dag' retrieved from /opt/airflow/dags/daily_revenue_etl_dag.py
[2026-01-07T14:55:04.151+0000] {logging_mixin.py:188} INFO - [2026-01-07T14:55:04.150+0000] {dag.py:3036} INFO - Sync 1 DAGs
[2026-01-07T14:55:04.165+0000] {logging_mixin.py:188} INFO - [2026-01-07T14:55:04.164+0000] {dag.py:3823} INFO - Setting next_dagrun for daily_revenue_etl_dag to 2026-01-07 00:00:00+00:00, run_after=2026-01-08 00:00:00+00:00
[2026-01-07T14:55:04.179+0000] {processor.py:183} INFO - Processing /opt/airflow/dags/daily_revenue_etl_dag.py took 0.054 seconds
[2026-01-07T14:55:04.203+0000] {processor.py:161} INFO - Started process (PID=1480) to work on /opt/airflow/dags/daily_revenue_etl_dag.py
[2026-01-07T14:55:04.204+0000] {processor.py:830} INFO - Processing file /opt/airflow/dags/daily_revenue_etl_dag.py for tasks to queue
[2026-01-07T14:55:04.204+0000] {logging_mixin.py:188} INFO - [2026-01-07T14:55:04.204+0000] {dagbag.py:538} INFO - Filling up the DagBag from /opt/airflow/dags/daily_revenue_etl_dag.py
[2026-01-07T14:55:04.219+0000] {processor.py:840} INFO - DAG(s) 'daily_revenue_etl_dag' retrieved from /opt/airflow/dags/daily_revenue_etl_dag.py
[2026-01-07T14:55:04.227+0000] {logging_mixin.py:188} INFO - [2026-01-07T14:55:04.227+0000] {dag.py:3036} INFO - Sync 1 DAGs
[2026-01-07T14:55:04.244+0000] {logging_mixin.py:188} INFO - [2026-01-07T14:55:04.244+0000] {dag.py:3823} INFO - Setting next_dagrun for daily_revenue_etl_dag to 2026-01-07 00:00:00+00:00, run_after=2026-01-08 00:00:00+00:00
[2026-01-07T14:55:04.255+0000] {processor.py:183} INFO - Processing /opt/airflow/dags/daily_revenue_etl_dag.py took 0.054 seconds
[2026-01-07T14:55:04.280+0000] {processor.py:161} INFO - Started process (PID=1485) to work on /opt/airflow/dags/daily_revenue_etl_dag.py
[2026-01-07T14:55:04.281+0000] {processor.py:830} INFO - Processing file /opt/airflow/dags/daily_revenue_etl_dag.py for tasks to queue
[2026-01-07T14:55:04.282+0000] {logging_mixin.py:188} INFO - [2026-01-07T14:55:04.282+0000] {dagbag.py:538} INFO - Filling up the DagBag from /opt/airflow/dags/daily_revenue_etl_dag.py
[2026-01-07T14:55:04.294+0000] {processor.py:840} INFO - DAG(s) 'daily_revenue_etl_dag' retrieved from /opt/airflow/dags/daily_revenue_etl_dag.py
[2026-01-07T14:55:04.302+0000] {logging_mixin.py:188} INFO - [2026-01-07T14:55:04.302+0000] {dag.py:3036} INFO - Sync 1 DAGs
[2026-01-07T14:55:04.317+0000] {logging_mixin.py:188} INFO - [2026-01-07T14:55:04.316+0000] {dag.py:3823} INFO - Setting next_dagrun for daily_revenue_etl_dag to 2026-01-07 00:00:00+00:00, run_after=2026-01-08 00:00:00+00:00
[2026-01-07T14:55:04.330+0000] {processor.py:183} INFO - Processing /opt/airflow/dags/daily_revenue_etl_dag.py took 0.053 seconds
[2026-01-07T14:55:04.351+0000] {processor.py:161} INFO - Started process (PID=1490) to work on /opt/airflow/dags/daily_revenue_etl_dag.py
[2026-01-07T14:55:04.352+0000] {processor.py:830} INFO - Processing file /opt/airflow/dags/daily_revenue_etl_dag.py for tasks to queue
[2026-01-07T14:55:04.353+0000] {logging_mixin.py:188} INFO - [2026-01-07T14:55:04.353+0000] {dagbag.py:538} INFO - Filling up the DagBag from /opt/airflow/dags/daily_revenue_etl_dag.py
[2026-01-07T14:55:04.364+0000] {processor.py:840} INFO - DAG(s) 'daily_revenue_etl_dag' retrieved from /opt/airflow/dags/daily_revenue_etl_dag.py
[2026-01-07T14:55:04.373+0000] {logging_mixin.py:188} INFO - [2026-01-07T14:55:04.373+0000] {dag.py:3036} INFO - Sync 1 DAGs
[2026-01-07T14:55:04.387+0000] {logging_mixin.py:188} INFO - [2026-01-07T14:55:04.387+0000] {dag.py:3823} INFO - Setting next_dagrun for daily_revenue_etl_dag to 2026-01-07 00:00:00+00:00, run_after=2026-01-08 00:00:00+00:00
[2026-01-07T14:55:04.399+0000] {processor.py:183} INFO - Processing /opt/airflow/dags/daily_revenue_etl_dag.py took 0.049 seconds
[2026-01-07T14:55:04.437+0000] {processor.py:161} INFO - Started process (PID=1495) to work on /opt/airflow/dags/daily_revenue_etl_dag.py
[2026-01-07T14:55:04.438+0000] {processor.py:830} INFO - Processing file /opt/airflow/dags/daily_revenue_etl_dag.py for tasks to queue
[2026-01-07T14:55:04.439+0000] {logging_mixin.py:188} INFO - [2026-01-07T14:55:04.439+0000] {dagbag.py:538} INFO - Filling up the DagBag from /opt/airflow/dags/daily_revenue_etl_dag.py
[2026-01-07T14:55:04.457+0000] {processor.py:840} INFO - DAG(s) 'daily_revenue_etl_dag' retrieved from /opt/airflow/dags/daily_revenue_etl_dag.py
[2026-01-07T14:55:04.465+0000] {logging_mixin.py:188} INFO - [2026-01-07T14:55:04.465+0000] {dag.py:3036} INFO - Sync 1 DAGs
[2026-01-07T14:55:04.481+0000] {logging_mixin.py:188} INFO - [2026-01-07T14:55:04.480+0000] {dag.py:3823} INFO - Setting next_dagrun for daily_revenue_etl_dag to 2026-01-07 00:00:00+00:00, run_after=2026-01-08 00:00:00+00:00
[2026-01-07T14:55:04.492+0000] {processor.py:183} INFO - Processing /opt/airflow/dags/daily_revenue_etl_dag.py took 0.057 seconds
[2026-01-07T14:55:04.511+0000] {processor.py:161} INFO - Started process (PID=1500) to work on /opt/airflow/dags/daily_revenue_etl_dag.py
[2026-01-07T14:55:04.512+0000] {processor.py:830} INFO - Processing file /opt/airflow/dags/daily_revenue_etl_dag.py for tasks to queue
[2026-01-07T14:55:04.513+0000] {logging_mixin.py:188} INFO - [2026-01-07T14:55:04.512+0000] {dagbag.py:538} INFO - Filling up the DagBag from /opt/airflow/dags/daily_revenue_etl_dag.py
[2026-01-07T14:55:04.524+0000] {processor.py:840} INFO - DAG(s) 'daily_revenue_etl_dag' retrieved from /opt/airflow/dags/daily_revenue_etl_dag.py
[2026-01-07T14:55:04.532+0000] {logging_mixin.py:188} INFO - [2026-01-07T14:55:04.532+0000] {dag.py:3036} INFO - Sync 1 DAGs
[2026-01-07T14:55:04.547+0000] {logging_mixin.py:188} INFO - [2026-01-07T14:55:04.547+0000] {dag.py:3823} INFO - Setting next_dagrun for daily_revenue_etl_dag to 2026-01-07 00:00:00+00:00, run_after=2026-01-08 00:00:00+00:00
[2026-01-07T14:55:04.559+0000] {processor.py:183} INFO - Processing /opt/airflow/dags/daily_revenue_etl_dag.py took 0.050 seconds
[2026-01-07T14:55:04.580+0000] {processor.py:161} INFO - Started process (PID=1505) to work on /opt/airflow/dags/daily_revenue_etl_dag.py
[2026-01-07T14:55:04.580+0000] {processor.py:830} INFO - Processing file /opt/airflow/dags/daily_revenue_etl_dag.py for tasks to queue
[2026-01-07T14:55:04.581+0000] {logging_mixin.py:188} INFO - [2026-01-07T14:55:04.581+0000] {dagbag.py:538} INFO - Filling up the DagBag from /opt/airflow/dags/daily_revenue_etl_dag.py
[2026-01-07T14:55:04.592+0000] {processor.py:840} INFO - DAG(s) 'daily_revenue_etl_dag' retrieved from /opt/airflow/dags/daily_revenue_etl_dag.py
[2026-01-07T14:55:04.599+0000] {logging_mixin.py:188} INFO - [2026-01-07T14:55:04.599+0000] {dag.py:3036} INFO - Sync 1 DAGs
[2026-01-07T14:55:04.613+0000] {logging_mixin.py:188} INFO - [2026-01-07T14:55:04.612+0000] {dag.py:3823} INFO - Setting next_dagrun for daily_revenue_etl_dag to 2026-01-07 00:00:00+00:00, run_after=2026-01-08 00:00:00+00:00
[2026-01-07T14:55:04.622+0000] {processor.py:183} INFO - Processing /opt/airflow/dags/daily_revenue_etl_dag.py took 0.045 seconds
[2026-01-07T14:55:04.644+0000] {processor.py:161} INFO - Started process (PID=1510) to work on /opt/airflow/dags/daily_revenue_etl_dag.py
[2026-01-07T14:55:04.645+0000] {processor.py:830} INFO - Processing file /opt/airflow/dags/daily_revenue_etl_dag.py for tasks to queue
[2026-01-07T14:55:04.646+0000] {logging_mixin.py:188} INFO - [2026-01-07T14:55:04.645+0000] {dagbag.py:538} INFO - Filling up the DagBag from /opt/airflow/dags/daily_revenue_etl_dag.py
[2026-01-07T14:55:04.658+0000] {processor.py:840} INFO - DAG(s) 'daily_revenue_etl_dag' retrieved from /opt/airflow/dags/daily_revenue_etl_dag.py
[2026-01-07T14:55:04.665+0000] {logging_mixin.py:188} INFO - [2026-01-07T14:55:04.665+0000] {dag.py:3036} INFO - Sync 1 DAGs
[2026-01-07T14:55:04.679+0000] {logging_mixin.py:188} INFO - [2026-01-07T14:55:04.678+0000] {dag.py:3823} INFO - Setting next_dagrun for daily_revenue_etl_dag to 2026-01-07 00:00:00+00:00, run_after=2026-01-08 00:00:00+00:00
[2026-01-07T14:55:04.689+0000] {processor.py:183} INFO - Processing /opt/airflow/dags/daily_revenue_etl_dag.py took 0.047 seconds
[2026-01-07T14:55:04.711+0000] {processor.py:161} INFO - Started process (PID=1515) to work on /opt/airflow/dags/daily_revenue_etl_dag.py
[2026-01-07T14:55:04.712+0000] {processor.py:830} INFO - Processing file /opt/airflow/dags/daily_revenue_etl_dag.py for tasks to queue
[2026-01-07T14:55:04.712+0000] {logging_mixin.py:188} INFO - [2026-01-07T14:55:04.712+0000] {dagbag.py:538} INFO - Filling up the DagBag from /opt/airflow/dags/daily_revenue_etl_dag.py
[2026-01-07T14:55:04.723+0000] {processor.py:840} INFO - DAG(s) 'daily_revenue_etl_dag' retrieved from /opt/airflow/dags/daily_revenue_etl_dag.py
[2026-01-07T14:55:04.732+0000] {logging_mixin.py:188} INFO - [2026-01-07T14:55:04.731+0000] {dag.py:3036} INFO - Sync 1 DAGs
[2026-01-07T14:55:04.746+0000] {logging_mixin.py:188} INFO - [2026-01-07T14:55:04.746+0000] {dag.py:3823} INFO - Setting next_dagrun for daily_revenue_etl_dag to 2026-01-07 00:00:00+00:00, run_after=2026-01-08 00:00:00+00:00
[2026-01-07T14:55:04.756+0000] {processor.py:183} INFO - Processing /opt/airflow/dags/daily_revenue_etl_dag.py took 0.047 seconds
[2026-01-07T14:55:04.778+0000] {processor.py:161} INFO - Started process (PID=1520) to work on /opt/airflow/dags/daily_revenue_etl_dag.py
[2026-01-07T14:55:04.779+0000] {processor.py:830} INFO - Processing file /opt/airflow/dags/daily_revenue_etl_dag.py for tasks to queue
[2026-01-07T14:55:04.779+0000] {logging_mixin.py:188} INFO - [2026-01-07T14:55:04.779+0000] {dagbag.py:538} INFO - Filling up the DagBag from /opt/airflow/dags/daily_revenue_etl_dag.py
[2026-01-07T14:55:04.791+0000] {processor.py:840} INFO - DAG(s) 'daily_revenue_etl_dag' retrieved from /opt/airflow/dags/daily_revenue_etl_dag.py
[2026-01-07T14:55:04.798+0000] {logging_mixin.py:188} INFO - [2026-01-07T14:55:04.798+0000] {dag.py:3036} INFO - Sync 1 DAGs
[2026-01-07T14:55:04.811+0000] {logging_mixin.py:188} INFO - [2026-01-07T14:55:04.811+0000] {dag.py:3823} INFO - Setting next_dagrun for daily_revenue_etl_dag to 2026-01-07 00:00:00+00:00, run_after=2026-01-08 00:00:00+00:00
[2026-01-07T14:55:04.821+0000] {processor.py:183} INFO - Processing /opt/airflow/dags/daily_revenue_etl_dag.py took 0.045 seconds
[2026-01-07T14:55:04.842+0000] {processor.py:161} INFO - Started process (PID=1525) to work on /opt/airflow/dags/daily_revenue_etl_dag.py
[2026-01-07T14:55:04.842+0000] {processor.py:830} INFO - Processing file /opt/airflow/dags/daily_revenue_etl_dag.py for tasks to queue
[2026-01-07T14:55:04.843+0000] {logging_mixin.py:188} INFO - [2026-01-07T14:55:04.843+0000] {dagbag.py:538} INFO - Filling up the DagBag from /opt/airflow/dags/daily_revenue_etl_dag.py
[2026-01-07T14:55:04.854+0000] {processor.py:840} INFO - DAG(s) 'daily_revenue_etl_dag' retrieved from /opt/airflow/dags/daily_revenue_etl_dag.py
[2026-01-07T14:55:04.861+0000] {logging_mixin.py:188} INFO - [2026-01-07T14:55:04.861+0000] {dag.py:3036} INFO - Sync 1 DAGs
[2026-01-07T14:55:04.876+0000] {logging_mixin.py:188} INFO - [2026-01-07T14:55:04.876+0000] {dag.py:3823} INFO - Setting next_dagrun for daily_revenue_etl_dag to 2026-01-07 00:00:00+00:00, run_after=2026-01-08 00:00:00+00:00
[2026-01-07T14:55:04.887+0000] {processor.py:183} INFO - Processing /opt/airflow/dags/daily_revenue_etl_dag.py took 0.047 seconds
[2026-01-07T14:55:04.907+0000] {processor.py:161} INFO - Started process (PID=1530) to work on /opt/airflow/dags/daily_revenue_etl_dag.py
[2026-01-07T14:55:04.908+0000] {processor.py:830} INFO - Processing file /opt/airflow/dags/daily_revenue_etl_dag.py for tasks to queue
[2026-01-07T14:55:04.909+0000] {logging_mixin.py:188} INFO - [2026-01-07T14:55:04.909+0000] {dagbag.py:538} INFO - Filling up the DagBag from /opt/airflow/dags/daily_revenue_etl_dag.py
[2026-01-07T14:55:04.920+0000] {processor.py:840} INFO - DAG(s) 'daily_revenue_etl_dag' retrieved from /opt/airflow/dags/daily_revenue_etl_dag.py
[2026-01-07T14:55:04.927+0000] {logging_mixin.py:188} INFO - [2026-01-07T14:55:04.927+0000] {dag.py:3036} INFO - Sync 1 DAGs
[2026-01-07T14:55:04.940+0000] {logging_mixin.py:188} INFO - [2026-01-07T14:55:04.939+0000] {dag.py:3823} INFO - Setting next_dagrun for daily_revenue_etl_dag to 2026-01-07 00:00:00+00:00, run_after=2026-01-08 00:00:00+00:00
[2026-01-07T14:55:04.951+0000] {processor.py:183} INFO - Processing /opt/airflow/dags/daily_revenue_etl_dag.py took 0.046 seconds
[2026-01-07T14:55:04.974+0000] {processor.py:161} INFO - Started process (PID=1535) to work on /opt/airflow/dags/daily_revenue_etl_dag.py
[2026-01-07T14:55:04.975+0000] {processor.py:830} INFO - Processing file /opt/airflow/dags/daily_revenue_etl_dag.py for tasks to queue
[2026-01-07T14:55:04.976+0000] {logging_mixin.py:188} INFO - [2026-01-07T14:55:04.976+0000] {dagbag.py:538} INFO - Filling up the DagBag from /opt/airflow/dags/daily_revenue_etl_dag.py
[2026-01-07T14:55:04.988+0000] {processor.py:840} INFO - DAG(s) 'daily_revenue_etl_dag' retrieved from /opt/airflow/dags/daily_revenue_etl_dag.py
[2026-01-07T14:55:04.999+0000] {logging_mixin.py:188} INFO - [2026-01-07T14:55:04.998+0000] {dag.py:3036} INFO - Sync 1 DAGs
[2026-01-07T14:55:05.013+0000] {logging_mixin.py:188} INFO - [2026-01-07T14:55:05.013+0000] {dag.py:3823} INFO - Setting next_dagrun for daily_revenue_etl_dag to 2026-01-07 00:00:00+00:00, run_after=2026-01-08 00:00:00+00:00
[2026-01-07T14:55:05.027+0000] {processor.py:183} INFO - Processing /opt/airflow/dags/daily_revenue_etl_dag.py took 0.055 seconds
[2026-01-07T14:55:05.062+0000] {processor.py:161} INFO - Started process (PID=1540) to work on /opt/airflow/dags/daily_revenue_etl_dag.py
[2026-01-07T14:55:05.063+0000] {processor.py:830} INFO - Processing file /opt/airflow/dags/daily_revenue_etl_dag.py for tasks to queue
[2026-01-07T14:55:05.064+0000] {logging_mixin.py:188} INFO - [2026-01-07T14:55:05.064+0000] {dagbag.py:538} INFO - Filling up the DagBag from /opt/airflow/dags/daily_revenue_etl_dag.py
[2026-01-07T14:55:05.079+0000] {processor.py:840} INFO - DAG(s) 'daily_revenue_etl_dag' retrieved from /opt/airflow/dags/daily_revenue_etl_dag.py
[2026-01-07T14:55:05.087+0000] {logging_mixin.py:188} INFO - [2026-01-07T14:55:05.087+0000] {dag.py:3036} INFO - Sync 1 DAGs
[2026-01-07T14:55:05.101+0000] {logging_mixin.py:188} INFO - [2026-01-07T14:55:05.100+0000] {dag.py:3823} INFO - Setting next_dagrun for daily_revenue_etl_dag to 2026-01-07 00:00:00+00:00, run_after=2026-01-08 00:00:00+00:00
[2026-01-07T14:55:05.115+0000] {processor.py:183} INFO - Processing /opt/airflow/dags/daily_revenue_etl_dag.py took 0.055 seconds
[2026-01-07T14:57:29.907+0000] {processor.py:161} INFO - Started process (PID=1545) to work on /opt/airflow/dags/daily_revenue_etl_dag.py
[2026-01-07T14:57:29.907+0000] {processor.py:830} INFO - Processing file /opt/airflow/dags/daily_revenue_etl_dag.py for tasks to queue
[2026-01-07T14:57:29.908+0000] {logging_mixin.py:188} INFO - [2026-01-07T14:57:29.908+0000] {dagbag.py:538} INFO - Filling up the DagBag from /opt/airflow/dags/daily_revenue_etl_dag.py
[2026-01-07T14:57:29.919+0000] {processor.py:840} INFO - DAG(s) 'daily_revenue_etl_dag' retrieved from /opt/airflow/dags/daily_revenue_etl_dag.py
[2026-01-07T14:57:29.926+0000] {logging_mixin.py:188} INFO - [2026-01-07T14:57:29.926+0000] {dag.py:3036} INFO - Sync 1 DAGs
[2026-01-07T14:57:29.940+0000] {logging_mixin.py:188} INFO - [2026-01-07T14:57:29.940+0000] {dag.py:3823} INFO - Setting next_dagrun for daily_revenue_etl_dag to 2026-01-07 00:00:00+00:00, run_after=2026-01-08 00:00:00+00:00
[2026-01-07T14:57:29.951+0000] {processor.py:183} INFO - Processing /opt/airflow/dags/daily_revenue_etl_dag.py took 0.047 seconds
[2026-01-07T14:58:00.183+0000] {processor.py:161} INFO - Started process (PID=1552) to work on /opt/airflow/dags/daily_revenue_etl_dag.py
[2026-01-07T14:58:00.184+0000] {processor.py:830} INFO - Processing file /opt/airflow/dags/daily_revenue_etl_dag.py for tasks to queue
[2026-01-07T14:58:00.185+0000] {logging_mixin.py:188} INFO - [2026-01-07T14:58:00.185+0000] {dagbag.py:538} INFO - Filling up the DagBag from /opt/airflow/dags/daily_revenue_etl_dag.py
[2026-01-07T14:58:00.203+0000] {processor.py:840} INFO - DAG(s) 'daily_revenue_etl_dag' retrieved from /opt/airflow/dags/daily_revenue_etl_dag.py
[2026-01-07T14:55:35.482+0000] {logging_mixin.py:188} INFO - [2026-01-07T14:55:35.482+0000] {dag.py:3036} INFO - Sync 1 DAGs
[2026-01-07T14:55:35.499+0000] {logging_mixin.py:188} INFO - [2026-01-07T14:55:35.498+0000] {dag.py:3823} INFO - Setting next_dagrun for daily_revenue_etl_dag to 2026-01-07 00:00:00+00:00, run_after=2026-01-08 00:00:00+00:00
[2026-01-07T14:55:35.511+0000] {processor.py:183} INFO - Processing /opt/airflow/dags/daily_revenue_etl_dag.py took 0.115 seconds
[2026-01-07T14:55:35.533+0000] {processor.py:161} INFO - Started process (PID=1557) to work on /opt/airflow/dags/daily_revenue_etl_dag.py
[2026-01-07T14:55:35.534+0000] {processor.py:830} INFO - Processing file /opt/airflow/dags/daily_revenue_etl_dag.py for tasks to queue
[2026-01-07T14:55:35.535+0000] {logging_mixin.py:188} INFO - [2026-01-07T14:55:35.534+0000] {dagbag.py:538} INFO - Filling up the DagBag from /opt/airflow/dags/daily_revenue_etl_dag.py
[2026-01-07T14:55:35.547+0000] {processor.py:840} INFO - DAG(s) 'daily_revenue_etl_dag' retrieved from /opt/airflow/dags/daily_revenue_etl_dag.py
[2026-01-07T14:55:35.556+0000] {logging_mixin.py:188} INFO - [2026-01-07T14:55:35.555+0000] {dag.py:3036} INFO - Sync 1 DAGs
[2026-01-07T14:55:35.569+0000] {logging_mixin.py:188} INFO - [2026-01-07T14:55:35.569+0000] {dag.py:3823} INFO - Setting next_dagrun for daily_revenue_etl_dag to 2026-01-07 00:00:00+00:00, run_after=2026-01-08 00:00:00+00:00
[2026-01-07T14:55:35.581+0000] {processor.py:183} INFO - Processing /opt/airflow/dags/daily_revenue_etl_dag.py took 0.051 seconds
[2026-01-07T14:55:35.605+0000] {processor.py:161} INFO - Started process (PID=1562) to work on /opt/airflow/dags/daily_revenue_etl_dag.py
[2026-01-07T14:55:35.606+0000] {processor.py:830} INFO - Processing file /opt/airflow/dags/daily_revenue_etl_dag.py for tasks to queue
[2026-01-07T14:55:35.607+0000] {logging_mixin.py:188} INFO - [2026-01-07T14:55:35.607+0000] {dagbag.py:538} INFO - Filling up the DagBag from /opt/airflow/dags/daily_revenue_etl_dag.py
[2026-01-07T14:55:35.620+0000] {processor.py:840} INFO - DAG(s) 'daily_revenue_etl_dag' retrieved from /opt/airflow/dags/daily_revenue_etl_dag.py
[2026-01-07T14:55:35.627+0000] {logging_mixin.py:188} INFO - [2026-01-07T14:55:35.627+0000] {dag.py:3036} INFO - Sync 1 DAGs
[2026-01-07T14:55:35.640+0000] {logging_mixin.py:188} INFO - [2026-01-07T14:55:35.640+0000] {dag.py:3823} INFO - Setting next_dagrun for daily_revenue_etl_dag to 2026-01-07 00:00:00+00:00, run_after=2026-01-08 00:00:00+00:00
[2026-01-07T14:55:35.652+0000] {processor.py:183} INFO - Processing /opt/airflow/dags/daily_revenue_etl_dag.py took 0.049 seconds
[2026-01-07T14:55:35.672+0000] {processor.py:161} INFO - Started process (PID=1567) to work on /opt/airflow/dags/daily_revenue_etl_dag.py
[2026-01-07T14:55:35.673+0000] {processor.py:830} INFO - Processing file /opt/airflow/dags/daily_revenue_etl_dag.py for tasks to queue
[2026-01-07T14:55:35.674+0000] {logging_mixin.py:188} INFO - [2026-01-07T14:55:35.674+0000] {dagbag.py:538} INFO - Filling up the DagBag from /opt/airflow/dags/daily_revenue_etl_dag.py
[2026-01-07T14:55:35.691+0000] {processor.py:840} INFO - DAG(s) 'daily_revenue_etl_dag' retrieved from /opt/airflow/dags/daily_revenue_etl_dag.py
[2026-01-07T14:55:35.700+0000] {logging_mixin.py:188} INFO - [2026-01-07T14:55:35.699+0000] {dag.py:3036} INFO - Sync 1 DAGs
[2026-01-07T14:55:35.715+0000] {logging_mixin.py:188} INFO - [2026-01-07T14:55:35.715+0000] {dag.py:3823} INFO - Setting next_dagrun for daily_revenue_etl_dag to 2026-01-07 00:00:00+00:00, run_after=2026-01-08 00:00:00+00:00
[2026-01-07T14:55:35.726+0000] {processor.py:183} INFO - Processing /opt/airflow/dags/daily_revenue_etl_dag.py took 0.056 seconds
[2026-01-07T14:55:35.746+0000] {processor.py:161} INFO - Started process (PID=1572) to work on /opt/airflow/dags/daily_revenue_etl_dag.py
[2026-01-07T14:55:35.746+0000] {processor.py:830} INFO - Processing file /opt/airflow/dags/daily_revenue_etl_dag.py for tasks to queue
[2026-01-07T14:55:35.747+0000] {logging_mixin.py:188} INFO - [2026-01-07T14:55:35.747+0000] {dagbag.py:538} INFO - Filling up the DagBag from /opt/airflow/dags/daily_revenue_etl_dag.py
[2026-01-07T14:55:35.758+0000] {processor.py:840} INFO - DAG(s) 'daily_revenue_etl_dag' retrieved from /opt/airflow/dags/daily_revenue_etl_dag.py
[2026-01-07T14:55:35.765+0000] {logging_mixin.py:188} INFO - [2026-01-07T14:55:35.765+0000] {dag.py:3036} INFO - Sync 1 DAGs
[2026-01-07T14:55:35.778+0000] {logging_mixin.py:188} INFO - [2026-01-07T14:55:35.778+0000] {dag.py:3823} INFO - Setting next_dagrun for daily_revenue_etl_dag to 2026-01-07 00:00:00+00:00, run_after=2026-01-08 00:00:00+00:00
[2026-01-07T14:55:35.789+0000] {processor.py:183} INFO - Processing /opt/airflow/dags/daily_revenue_etl_dag.py took 0.046 seconds
[2026-01-07T14:55:35.809+0000] {processor.py:161} INFO - Started process (PID=1577) to work on /opt/airflow/dags/daily_revenue_etl_dag.py
[2026-01-07T14:55:35.810+0000] {processor.py:830} INFO - Processing file /opt/airflow/dags/daily_revenue_etl_dag.py for tasks to queue
[2026-01-07T14:55:35.810+0000] {logging_mixin.py:188} INFO - [2026-01-07T14:55:35.810+0000] {dagbag.py:538} INFO - Filling up the DagBag from /opt/airflow/dags/daily_revenue_etl_dag.py
[2026-01-07T14:55:35.821+0000] {processor.py:840} INFO - DAG(s) 'daily_revenue_etl_dag' retrieved from /opt/airflow/dags/daily_revenue_etl_dag.py
[2026-01-07T14:55:35.829+0000] {logging_mixin.py:188} INFO - [2026-01-07T14:55:35.828+0000] {dag.py:3036} INFO - Sync 1 DAGs
[2026-01-07T14:55:35.843+0000] {logging_mixin.py:188} INFO - [2026-01-07T14:55:35.843+0000] {dag.py:3823} INFO - Setting next_dagrun for daily_revenue_etl_dag to 2026-01-07 00:00:00+00:00, run_after=2026-01-08 00:00:00+00:00
[2026-01-07T14:55:35.855+0000] {processor.py:183} INFO - Processing /opt/airflow/dags/daily_revenue_etl_dag.py took 0.048 seconds
[2026-01-07T14:55:35.876+0000] {processor.py:161} INFO - Started process (PID=1582) to work on /opt/airflow/dags/daily_revenue_etl_dag.py
[2026-01-07T14:55:35.877+0000] {processor.py:830} INFO - Processing file /opt/airflow/dags/daily_revenue_etl_dag.py for tasks to queue
[2026-01-07T14:55:35.877+0000] {logging_mixin.py:188} INFO - [2026-01-07T14:55:35.877+0000] {dagbag.py:538} INFO - Filling up the DagBag from /opt/airflow/dags/daily_revenue_etl_dag.py
[2026-01-07T14:55:35.890+0000] {processor.py:840} INFO - DAG(s) 'daily_revenue_etl_dag' retrieved from /opt/airflow/dags/daily_revenue_etl_dag.py
[2026-01-07T14:55:35.899+0000] {logging_mixin.py:188} INFO - [2026-01-07T14:55:35.899+0000] {dag.py:3036} INFO - Sync 1 DAGs
[2026-01-07T14:55:35.914+0000] {logging_mixin.py:188} INFO - [2026-01-07T14:55:35.914+0000] {dag.py:3823} INFO - Setting next_dagrun for daily_revenue_etl_dag to 2026-01-07 00:00:00+00:00, run_after=2026-01-08 00:00:00+00:00
[2026-01-07T14:55:35.926+0000] {processor.py:183} INFO - Processing /opt/airflow/dags/daily_revenue_etl_dag.py took 0.052 seconds
[2026-01-07T14:55:35.946+0000] {processor.py:161} INFO - Started process (PID=1587) to work on /opt/airflow/dags/daily_revenue_etl_dag.py
[2026-01-07T14:55:35.947+0000] {processor.py:830} INFO - Processing file /opt/airflow/dags/daily_revenue_etl_dag.py for tasks to queue
[2026-01-07T14:55:35.947+0000] {logging_mixin.py:188} INFO - [2026-01-07T14:55:35.947+0000] {dagbag.py:538} INFO - Filling up the DagBag from /opt/airflow/dags/daily_revenue_etl_dag.py
[2026-01-07T14:55:35.958+0000] {processor.py:840} INFO - DAG(s) 'daily_revenue_etl_dag' retrieved from /opt/airflow/dags/daily_revenue_etl_dag.py
[2026-01-07T14:55:35.965+0000] {logging_mixin.py:188} INFO - [2026-01-07T14:55:35.965+0000] {dag.py:3036} INFO - Sync 1 DAGs
[2026-01-07T14:55:35.978+0000] {logging_mixin.py:188} INFO - [2026-01-07T14:55:35.978+0000] {dag.py:3823} INFO - Setting next_dagrun for daily_revenue_etl_dag to 2026-01-07 00:00:00+00:00, run_after=2026-01-08 00:00:00+00:00
[2026-01-07T14:55:35.991+0000] {processor.py:183} INFO - Processing /opt/airflow/dags/daily_revenue_etl_dag.py took 0.047 seconds
[2026-01-07T14:55:36.012+0000] {processor.py:161} INFO - Started process (PID=1592) to work on /opt/airflow/dags/daily_revenue_etl_dag.py
[2026-01-07T14:55:36.013+0000] {processor.py:830} INFO - Processing file /opt/airflow/dags/daily_revenue_etl_dag.py for tasks to queue
[2026-01-07T14:55:36.014+0000] {logging_mixin.py:188} INFO - [2026-01-07T14:55:36.013+0000] {dagbag.py:538} INFO - Filling up the DagBag from /opt/airflow/dags/daily_revenue_etl_dag.py
[2026-01-07T14:55:36.027+0000] {processor.py:840} INFO - DAG(s) 'daily_revenue_etl_dag' retrieved from /opt/airflow/dags/daily_revenue_etl_dag.py
[2026-01-07T14:55:36.035+0000] {logging_mixin.py:188} INFO - [2026-01-07T14:55:36.035+0000] {dag.py:3036} INFO - Sync 1 DAGs
[2026-01-07T14:55:36.048+0000] {logging_mixin.py:188} INFO - [2026-01-07T14:55:36.048+0000] {dag.py:3823} INFO - Setting next_dagrun for daily_revenue_etl_dag to 2026-01-07 00:00:00+00:00, run_after=2026-01-08 00:00:00+00:00
[2026-01-07T14:55:36.059+0000] {processor.py:183} INFO - Processing /opt/airflow/dags/daily_revenue_etl_dag.py took 0.049 seconds
[2026-01-07T14:55:36.079+0000] {processor.py:161} INFO - Started process (PID=1597) to work on /opt/airflow/dags/daily_revenue_etl_dag.py
[2026-01-07T14:55:36.080+0000] {processor.py:830} INFO - Processing file /opt/airflow/dags/daily_revenue_etl_dag.py for tasks to queue
[2026-01-07T14:55:36.081+0000] {logging_mixin.py:188} INFO - [2026-01-07T14:55:36.081+0000] {dagbag.py:538} INFO - Filling up the DagBag from /opt/airflow/dags/daily_revenue_etl_dag.py
[2026-01-07T14:55:36.092+0000] {processor.py:840} INFO - DAG(s) 'daily_revenue_etl_dag' retrieved from /opt/airflow/dags/daily_revenue_etl_dag.py
[2026-01-07T14:55:36.099+0000] {logging_mixin.py:188} INFO - [2026-01-07T14:55:36.099+0000] {dag.py:3036} INFO - Sync 1 DAGs
[2026-01-07T14:55:36.113+0000] {logging_mixin.py:188} INFO - [2026-01-07T14:55:36.113+0000] {dag.py:3823} INFO - Setting next_dagrun for daily_revenue_etl_dag to 2026-01-07 00:00:00+00:00, run_after=2026-01-08 00:00:00+00:00
[2026-01-07T14:55:36.123+0000] {processor.py:183} INFO - Processing /opt/airflow/dags/daily_revenue_etl_dag.py took 0.046 seconds
[2026-01-07T14:55:36.146+0000] {processor.py:161} INFO - Started process (PID=1602) to work on /opt/airflow/dags/daily_revenue_etl_dag.py
[2026-01-07T14:55:36.146+0000] {processor.py:830} INFO - Processing file /opt/airflow/dags/daily_revenue_etl_dag.py for tasks to queue
[2026-01-07T14:55:36.147+0000] {logging_mixin.py:188} INFO - [2026-01-07T14:55:36.147+0000] {dagbag.py:538} INFO - Filling up the DagBag from /opt/airflow/dags/daily_revenue_etl_dag.py
[2026-01-07T14:55:36.158+0000] {processor.py:840} INFO - DAG(s) 'daily_revenue_etl_dag' retrieved from /opt/airflow/dags/daily_revenue_etl_dag.py
[2026-01-07T14:55:36.166+0000] {logging_mixin.py:188} INFO - [2026-01-07T14:55:36.166+0000] {dag.py:3036} INFO - Sync 1 DAGs
[2026-01-07T14:55:36.179+0000] {logging_mixin.py:188} INFO - [2026-01-07T14:55:36.179+0000] {dag.py:3823} INFO - Setting next_dagrun for daily_revenue_etl_dag to 2026-01-07 00:00:00+00:00, run_after=2026-01-08 00:00:00+00:00
[2026-01-07T14:55:36.191+0000] {processor.py:183} INFO - Processing /opt/airflow/dags/daily_revenue_etl_dag.py took 0.048 seconds
[2026-01-07T14:55:36.212+0000] {processor.py:161} INFO - Started process (PID=1607) to work on /opt/airflow/dags/daily_revenue_etl_dag.py
[2026-01-07T14:55:36.212+0000] {processor.py:830} INFO - Processing file /opt/airflow/dags/daily_revenue_etl_dag.py for tasks to queue
[2026-01-07T14:55:36.213+0000] {logging_mixin.py:188} INFO - [2026-01-07T14:55:36.213+0000] {dagbag.py:538} INFO - Filling up the DagBag from /opt/airflow/dags/daily_revenue_etl_dag.py
[2026-01-07T14:55:36.226+0000] {processor.py:840} INFO - DAG(s) 'daily_revenue_etl_dag' retrieved from /opt/airflow/dags/daily_revenue_etl_dag.py
[2026-01-07T14:55:36.234+0000] {logging_mixin.py:188} INFO - [2026-01-07T14:55:36.234+0000] {dag.py:3036} INFO - Sync 1 DAGs
[2026-01-07T14:55:36.249+0000] {logging_mixin.py:188} INFO - [2026-01-07T14:55:36.249+0000] {dag.py:3823} INFO - Setting next_dagrun for daily_revenue_etl_dag to 2026-01-07 00:00:00+00:00, run_after=2026-01-08 00:00:00+00:00
[2026-01-07T14:55:36.261+0000] {processor.py:183} INFO - Processing /opt/airflow/dags/daily_revenue_etl_dag.py took 0.051 seconds
[2026-01-07T14:55:36.281+0000] {processor.py:161} INFO - Started process (PID=1612) to work on /opt/airflow/dags/daily_revenue_etl_dag.py
[2026-01-07T14:55:36.281+0000] {processor.py:830} INFO - Processing file /opt/airflow/dags/daily_revenue_etl_dag.py for tasks to queue
[2026-01-07T14:55:36.282+0000] {logging_mixin.py:188} INFO - [2026-01-07T14:55:36.282+0000] {dagbag.py:538} INFO - Filling up the DagBag from /opt/airflow/dags/daily_revenue_etl_dag.py
[2026-01-07T14:55:36.293+0000] {processor.py:840} INFO - DAG(s) 'daily_revenue_etl_dag' retrieved from /opt/airflow/dags/daily_revenue_etl_dag.py
[2026-01-07T14:55:36.301+0000] {logging_mixin.py:188} INFO - [2026-01-07T14:55:36.300+0000] {dag.py:3036} INFO - Sync 1 DAGs
[2026-01-07T14:55:36.314+0000] {logging_mixin.py:188} INFO - [2026-01-07T14:55:36.314+0000] {dag.py:3823} INFO - Setting next_dagrun for daily_revenue_etl_dag to 2026-01-07 00:00:00+00:00, run_after=2026-01-08 00:00:00+00:00
[2026-01-07T14:55:36.326+0000] {processor.py:183} INFO - Processing /opt/airflow/dags/daily_revenue_etl_dag.py took 0.048 seconds
[2026-01-07T14:55:36.346+0000] {processor.py:161} INFO - Started process (PID=1617) to work on /opt/airflow/dags/daily_revenue_etl_dag.py
[2026-01-07T14:55:36.347+0000] {processor.py:830} INFO - Processing file /opt/airflow/dags/daily_revenue_etl_dag.py for tasks to queue
[2026-01-07T14:55:36.348+0000] {logging_mixin.py:188} INFO - [2026-01-07T14:55:36.347+0000] {dagbag.py:538} INFO - Filling up the DagBag from /opt/airflow/dags/daily_revenue_etl_dag.py
[2026-01-07T14:55:36.359+0000] {processor.py:840} INFO - DAG(s) 'daily_revenue_etl_dag' retrieved from /opt/airflow/dags/daily_revenue_etl_dag.py
[2026-01-07T14:55:36.366+0000] {logging_mixin.py:188} INFO - [2026-01-07T14:55:36.366+0000] {dag.py:3036} INFO - Sync 1 DAGs
[2026-01-07T14:55:36.379+0000] {logging_mixin.py:188} INFO - [2026-01-07T14:55:36.378+0000] {dag.py:3823} INFO - Setting next_dagrun for daily_revenue_etl_dag to 2026-01-07 00:00:00+00:00, run_after=2026-01-08 00:00:00+00:00
[2026-01-07T14:55:36.389+0000] {processor.py:183} INFO - Processing /opt/airflow/dags/daily_revenue_etl_dag.py took 0.045 seconds
[2026-01-07T14:55:36.411+0000] {processor.py:161} INFO - Started process (PID=1622) to work on /opt/airflow/dags/daily_revenue_etl_dag.py
[2026-01-07T14:55:36.412+0000] {processor.py:830} INFO - Processing file /opt/airflow/dags/daily_revenue_etl_dag.py for tasks to queue
[2026-01-07T14:55:36.413+0000] {logging_mixin.py:188} INFO - [2026-01-07T14:55:36.412+0000] {dagbag.py:538} INFO - Filling up the DagBag from /opt/airflow/dags/daily_revenue_etl_dag.py
[2026-01-07T14:55:36.424+0000] {processor.py:840} INFO - DAG(s) 'daily_revenue_etl_dag' retrieved from /opt/airflow/dags/daily_revenue_etl_dag.py
[2026-01-07T14:55:36.432+0000] {logging_mixin.py:188} INFO - [2026-01-07T14:55:36.431+0000] {dag.py:3036} INFO - Sync 1 DAGs
[2026-01-07T14:55:36.444+0000] {logging_mixin.py:188} INFO - [2026-01-07T14:55:36.444+0000] {dag.py:3823} INFO - Setting next_dagrun for daily_revenue_etl_dag to 2026-01-07 00:00:00+00:00, run_after=2026-01-08 00:00:00+00:00
[2026-01-07T14:55:36.456+0000] {processor.py:183} INFO - Processing /opt/airflow/dags/daily_revenue_etl_dag.py took 0.047 seconds
[2026-01-07T14:55:36.479+0000] {processor.py:161} INFO - Started process (PID=1627) to work on /opt/airflow/dags/daily_revenue_etl_dag.py
[2026-01-07T14:55:36.480+0000] {processor.py:830} INFO - Processing file /opt/airflow/dags/daily_revenue_etl_dag.py for tasks to queue
[2026-01-07T14:55:36.481+0000] {logging_mixin.py:188} INFO - [2026-01-07T14:55:36.481+0000] {dagbag.py:538} INFO - Filling up the DagBag from /opt/airflow/dags/daily_revenue_etl_dag.py
[2026-01-07T14:55:36.504+0000] {processor.py:840} INFO - DAG(s) 'daily_revenue_etl_dag' retrieved from /opt/airflow/dags/daily_revenue_etl_dag.py
[2026-01-07T14:55:36.513+0000] {logging_mixin.py:188} INFO - [2026-01-07T14:55:36.513+0000] {dag.py:3036} INFO - Sync 1 DAGs
[2026-01-07T14:55:36.530+0000] {logging_mixin.py:188} INFO - [2026-01-07T14:55:36.530+0000] {dag.py:3823} INFO - Setting next_dagrun for daily_revenue_etl_dag to 2026-01-07 00:00:00+00:00, run_after=2026-01-08 00:00:00+00:00
[2026-01-07T14:55:36.543+0000] {processor.py:183} INFO - Processing /opt/airflow/dags/daily_revenue_etl_dag.py took 0.067 seconds
[2026-01-07T14:55:36.574+0000] {processor.py:161} INFO - Started process (PID=1632) to work on /opt/airflow/dags/daily_revenue_etl_dag.py
[2026-01-07T14:55:36.574+0000] {processor.py:830} INFO - Processing file /opt/airflow/dags/daily_revenue_etl_dag.py for tasks to queue
[2026-01-07T14:55:36.575+0000] {logging_mixin.py:188} INFO - [2026-01-07T14:55:36.575+0000] {dagbag.py:538} INFO - Filling up the DagBag from /opt/airflow/dags/daily_revenue_etl_dag.py
[2026-01-07T14:55:36.588+0000] {processor.py:840} INFO - DAG(s) 'daily_revenue_etl_dag' retrieved from /opt/airflow/dags/daily_revenue_etl_dag.py
[2026-01-07T14:55:36.596+0000] {logging_mixin.py:188} INFO - [2026-01-07T14:55:36.596+0000] {dag.py:3036} INFO - Sync 1 DAGs
[2026-01-07T14:55:36.609+0000] {logging_mixin.py:188} INFO - [2026-01-07T14:55:36.609+0000] {dag.py:3823} INFO - Setting next_dagrun for daily_revenue_etl_dag to 2026-01-07 00:00:00+00:00, run_after=2026-01-08 00:00:00+00:00
[2026-01-07T14:55:36.622+0000] {processor.py:183} INFO - Processing /opt/airflow/dags/daily_revenue_etl_dag.py took 0.051 seconds
[2026-01-07T14:55:36.643+0000] {processor.py:161} INFO - Started process (PID=1637) to work on /opt/airflow/dags/daily_revenue_etl_dag.py
[2026-01-07T14:55:36.644+0000] {processor.py:830} INFO - Processing file /opt/airflow/dags/daily_revenue_etl_dag.py for tasks to queue
[2026-01-07T14:55:36.645+0000] {logging_mixin.py:188} INFO - [2026-01-07T14:55:36.644+0000] {dagbag.py:538} INFO - Filling up the DagBag from /opt/airflow/dags/daily_revenue_etl_dag.py
[2026-01-07T14:55:36.656+0000] {processor.py:840} INFO - DAG(s) 'daily_revenue_etl_dag' retrieved from /opt/airflow/dags/daily_revenue_etl_dag.py
[2026-01-07T14:55:36.663+0000] {logging_mixin.py:188} INFO - [2026-01-07T14:55:36.663+0000] {dag.py:3036} INFO - Sync 1 DAGs
[2026-01-07T14:55:36.676+0000] {logging_mixin.py:188} INFO - [2026-01-07T14:55:36.676+0000] {dag.py:3823} INFO - Setting next_dagrun for daily_revenue_etl_dag to 2026-01-07 00:00:00+00:00, run_after=2026-01-08 00:00:00+00:00
[2026-01-07T14:55:36.688+0000] {processor.py:183} INFO - Processing /opt/airflow/dags/daily_revenue_etl_dag.py took 0.047 seconds
[2026-01-07T14:55:36.737+0000] {processor.py:161} INFO - Started process (PID=1642) to work on /opt/airflow/dags/daily_revenue_etl_dag.py
[2026-01-07T14:55:36.738+0000] {processor.py:830} INFO - Processing file /opt/airflow/dags/daily_revenue_etl_dag.py for tasks to queue
[2026-01-07T14:55:36.739+0000] {logging_mixin.py:188} INFO - [2026-01-07T14:55:36.739+0000] {dagbag.py:538} INFO - Filling up the DagBag from /opt/airflow/dags/daily_revenue_etl_dag.py
[2026-01-07T14:55:36.761+0000] {processor.py:840} INFO - DAG(s) 'daily_revenue_etl_dag' retrieved from /opt/airflow/dags/daily_revenue_etl_dag.py
[2026-01-07T14:55:36.776+0000] {logging_mixin.py:188} INFO - [2026-01-07T14:55:36.775+0000] {dag.py:3036} INFO - Sync 1 DAGs
[2026-01-07T14:55:36.792+0000] {logging_mixin.py:188} INFO - [2026-01-07T14:55:36.792+0000] {dag.py:3823} INFO - Setting next_dagrun for daily_revenue_etl_dag to 2026-01-07 00:00:00+00:00, run_after=2026-01-08 00:00:00+00:00
[2026-01-07T14:55:36.804+0000] {processor.py:183} INFO - Processing /opt/airflow/dags/daily_revenue_etl_dag.py took 0.071 seconds
[2026-01-07T14:55:36.837+0000] {processor.py:161} INFO - Started process (PID=1647) to work on /opt/airflow/dags/daily_revenue_etl_dag.py
[2026-01-07T14:55:36.838+0000] {processor.py:830} INFO - Processing file /opt/airflow/dags/daily_revenue_etl_dag.py for tasks to queue
[2026-01-07T14:55:36.839+0000] {logging_mixin.py:188} INFO - [2026-01-07T14:55:36.839+0000] {dagbag.py:538} INFO - Filling up the DagBag from /opt/airflow/dags/daily_revenue_etl_dag.py
[2026-01-07T14:55:36.853+0000] {processor.py:840} INFO - DAG(s) 'daily_revenue_etl_dag' retrieved from /opt/airflow/dags/daily_revenue_etl_dag.py
[2026-01-07T14:55:36.862+0000] {logging_mixin.py:188} INFO - [2026-01-07T14:55:36.861+0000] {dag.py:3036} INFO - Sync 1 DAGs
[2026-01-07T14:55:36.876+0000] {logging_mixin.py:188} INFO - [2026-01-07T14:55:36.875+0000] {dag.py:3823} INFO - Setting next_dagrun for daily_revenue_etl_dag to 2026-01-07 00:00:00+00:00, run_after=2026-01-08 00:00:00+00:00
[2026-01-07T14:55:36.889+0000] {processor.py:183} INFO - Processing /opt/airflow/dags/daily_revenue_etl_dag.py took 0.054 seconds
[2026-01-07T14:55:36.911+0000] {processor.py:161} INFO - Started process (PID=1652) to work on /opt/airflow/dags/daily_revenue_etl_dag.py
[2026-01-07T14:55:36.911+0000] {processor.py:830} INFO - Processing file /opt/airflow/dags/daily_revenue_etl_dag.py for tasks to queue
[2026-01-07T14:55:36.912+0000] {logging_mixin.py:188} INFO - [2026-01-07T14:55:36.912+0000] {dagbag.py:538} INFO - Filling up the DagBag from /opt/airflow/dags/daily_revenue_etl_dag.py
[2026-01-07T14:55:36.924+0000] {processor.py:840} INFO - DAG(s) 'daily_revenue_etl_dag' retrieved from /opt/airflow/dags/daily_revenue_etl_dag.py
[2026-01-07T14:55:36.932+0000] {logging_mixin.py:188} INFO - [2026-01-07T14:55:36.932+0000] {dag.py:3036} INFO - Sync 1 DAGs
[2026-01-07T14:55:36.946+0000] {logging_mixin.py:188} INFO - [2026-01-07T14:55:36.945+0000] {dag.py:3823} INFO - Setting next_dagrun for daily_revenue_etl_dag to 2026-01-07 00:00:00+00:00, run_after=2026-01-08 00:00:00+00:00
[2026-01-07T14:55:36.957+0000] {processor.py:183} INFO - Processing /opt/airflow/dags/daily_revenue_etl_dag.py took 0.049 seconds
[2026-01-07T14:55:36.980+0000] {processor.py:161} INFO - Started process (PID=1657) to work on /opt/airflow/dags/daily_revenue_etl_dag.py
[2026-01-07T14:55:36.981+0000] {processor.py:830} INFO - Processing file /opt/airflow/dags/daily_revenue_etl_dag.py for tasks to queue
[2026-01-07T14:55:36.981+0000] {logging_mixin.py:188} INFO - [2026-01-07T14:55:36.981+0000] {dagbag.py:538} INFO - Filling up the DagBag from /opt/airflow/dags/daily_revenue_etl_dag.py
[2026-01-07T14:55:36.994+0000] {processor.py:840} INFO - DAG(s) 'daily_revenue_etl_dag' retrieved from /opt/airflow/dags/daily_revenue_etl_dag.py
[2026-01-07T14:55:37.003+0000] {logging_mixin.py:188} INFO - [2026-01-07T14:55:37.003+0000] {dag.py:3036} INFO - Sync 1 DAGs
[2026-01-07T14:55:37.019+0000] {logging_mixin.py:188} INFO - [2026-01-07T14:55:37.019+0000] {dag.py:3823} INFO - Setting next_dagrun for daily_revenue_etl_dag to 2026-01-07 00:00:00+00:00, run_after=2026-01-08 00:00:00+00:00
[2026-01-07T14:55:37.031+0000] {processor.py:183} INFO - Processing /opt/airflow/dags/daily_revenue_etl_dag.py took 0.053 seconds
[2026-01-07T14:55:37.053+0000] {processor.py:161} INFO - Started process (PID=1662) to work on /opt/airflow/dags/daily_revenue_etl_dag.py
[2026-01-07T14:55:37.054+0000] {processor.py:830} INFO - Processing file /opt/airflow/dags/daily_revenue_etl_dag.py for tasks to queue
[2026-01-07T14:55:37.055+0000] {logging_mixin.py:188} INFO - [2026-01-07T14:55:37.055+0000] {dagbag.py:538} INFO - Filling up the DagBag from /opt/airflow/dags/daily_revenue_etl_dag.py
[2026-01-07T14:55:37.071+0000] {processor.py:840} INFO - DAG(s) 'daily_revenue_etl_dag' retrieved from /opt/airflow/dags/daily_revenue_etl_dag.py
[2026-01-07T14:55:37.079+0000] {logging_mixin.py:188} INFO - [2026-01-07T14:55:37.079+0000] {dag.py:3036} INFO - Sync 1 DAGs
[2026-01-07T14:55:37.093+0000] {logging_mixin.py:188} INFO - [2026-01-07T14:55:37.093+0000] {dag.py:3823} INFO - Setting next_dagrun for daily_revenue_etl_dag to 2026-01-07 00:00:00+00:00, run_after=2026-01-08 00:00:00+00:00
[2026-01-07T14:55:37.104+0000] {processor.py:183} INFO - Processing /opt/airflow/dags/daily_revenue_etl_dag.py took 0.053 seconds
[2026-01-07T14:55:37.126+0000] {processor.py:161} INFO - Started process (PID=1667) to work on /opt/airflow/dags/daily_revenue_etl_dag.py
[2026-01-07T14:55:37.127+0000] {processor.py:830} INFO - Processing file /opt/airflow/dags/daily_revenue_etl_dag.py for tasks to queue
[2026-01-07T14:55:37.127+0000] {logging_mixin.py:188} INFO - [2026-01-07T14:55:37.127+0000] {dagbag.py:538} INFO - Filling up the DagBag from /opt/airflow/dags/daily_revenue_etl_dag.py
[2026-01-07T14:55:37.139+0000] {processor.py:840} INFO - DAG(s) 'daily_revenue_etl_dag' retrieved from /opt/airflow/dags/daily_revenue_etl_dag.py
[2026-01-07T14:55:37.147+0000] {logging_mixin.py:188} INFO - [2026-01-07T14:55:37.147+0000] {dag.py:3036} INFO - Sync 1 DAGs
[2026-01-07T14:55:37.161+0000] {logging_mixin.py:188} INFO - [2026-01-07T14:55:37.161+0000] {dag.py:3823} INFO - Setting next_dagrun for daily_revenue_etl_dag to 2026-01-07 00:00:00+00:00, run_after=2026-01-08 00:00:00+00:00
[2026-01-07T14:55:37.172+0000] {processor.py:183} INFO - Processing /opt/airflow/dags/daily_revenue_etl_dag.py took 0.048 seconds
[2026-01-07T14:55:37.197+0000] {processor.py:161} INFO - Started process (PID=1672) to work on /opt/airflow/dags/daily_revenue_etl_dag.py
[2026-01-07T14:55:37.197+0000] {processor.py:830} INFO - Processing file /opt/airflow/dags/daily_revenue_etl_dag.py for tasks to queue
[2026-01-07T14:55:37.198+0000] {logging_mixin.py:188} INFO - [2026-01-07T14:55:37.198+0000] {dagbag.py:538} INFO - Filling up the DagBag from /opt/airflow/dags/daily_revenue_etl_dag.py
[2026-01-07T14:55:37.209+0000] {processor.py:840} INFO - DAG(s) 'daily_revenue_etl_dag' retrieved from /opt/airflow/dags/daily_revenue_etl_dag.py
[2026-01-07T14:55:37.217+0000] {logging_mixin.py:188} INFO - [2026-01-07T14:55:37.217+0000] {dag.py:3036} INFO - Sync 1 DAGs
[2026-01-07T14:55:37.230+0000] {logging_mixin.py:188} INFO - [2026-01-07T14:55:37.230+0000] {dag.py:3823} INFO - Setting next_dagrun for daily_revenue_etl_dag to 2026-01-07 00:00:00+00:00, run_after=2026-01-08 00:00:00+00:00
[2026-01-07T14:55:37.241+0000] {processor.py:183} INFO - Processing /opt/airflow/dags/daily_revenue_etl_dag.py took 0.047 seconds
[2026-01-07T14:55:37.263+0000] {processor.py:161} INFO - Started process (PID=1677) to work on /opt/airflow/dags/daily_revenue_etl_dag.py
[2026-01-07T14:55:37.263+0000] {processor.py:830} INFO - Processing file /opt/airflow/dags/daily_revenue_etl_dag.py for tasks to queue
[2026-01-07T14:55:37.264+0000] {logging_mixin.py:188} INFO - [2026-01-07T14:55:37.264+0000] {dagbag.py:538} INFO - Filling up the DagBag from /opt/airflow/dags/daily_revenue_etl_dag.py
[2026-01-07T14:55:37.275+0000] {processor.py:840} INFO - DAG(s) 'daily_revenue_etl_dag' retrieved from /opt/airflow/dags/daily_revenue_etl_dag.py
[2026-01-07T14:55:37.282+0000] {logging_mixin.py:188} INFO - [2026-01-07T14:55:37.282+0000] {dag.py:3036} INFO - Sync 1 DAGs
[2026-01-07T14:55:37.297+0000] {logging_mixin.py:188} INFO - [2026-01-07T14:55:37.296+0000] {dag.py:3823} INFO - Setting next_dagrun for daily_revenue_etl_dag to 2026-01-07 00:00:00+00:00, run_after=2026-01-08 00:00:00+00:00
[2026-01-07T14:55:37.307+0000] {processor.py:183} INFO - Processing /opt/airflow/dags/daily_revenue_etl_dag.py took 0.047 seconds
[2026-01-07T14:55:37.334+0000] {processor.py:161} INFO - Started process (PID=1682) to work on /opt/airflow/dags/daily_revenue_etl_dag.py
[2026-01-07T14:55:37.335+0000] {processor.py:830} INFO - Processing file /opt/airflow/dags/daily_revenue_etl_dag.py for tasks to queue
[2026-01-07T14:55:37.336+0000] {logging_mixin.py:188} INFO - [2026-01-07T14:55:37.335+0000] {dagbag.py:538} INFO - Filling up the DagBag from /opt/airflow/dags/daily_revenue_etl_dag.py
[2026-01-07T14:55:37.346+0000] {processor.py:840} INFO - DAG(s) 'daily_revenue_etl_dag' retrieved from /opt/airflow/dags/daily_revenue_etl_dag.py
[2026-01-07T14:55:37.354+0000] {logging_mixin.py:188} INFO - [2026-01-07T14:55:37.354+0000] {dag.py:3036} INFO - Sync 1 DAGs
[2026-01-07T14:55:37.367+0000] {logging_mixin.py:188} INFO - [2026-01-07T14:55:37.367+0000] {dag.py:3823} INFO - Setting next_dagrun for daily_revenue_etl_dag to 2026-01-07 00:00:00+00:00, run_after=2026-01-08 00:00:00+00:00
[2026-01-07T14:55:37.377+0000] {processor.py:183} INFO - Processing /opt/airflow/dags/daily_revenue_etl_dag.py took 0.045 seconds
[2026-01-07T14:55:37.397+0000] {processor.py:161} INFO - Started process (PID=1687) to work on /opt/airflow/dags/daily_revenue_etl_dag.py
[2026-01-07T14:55:37.398+0000] {processor.py:830} INFO - Processing file /opt/airflow/dags/daily_revenue_etl_dag.py for tasks to queue
[2026-01-07T14:55:37.399+0000] {logging_mixin.py:188} INFO - [2026-01-07T14:55:37.398+0000] {dagbag.py:538} INFO - Filling up the DagBag from /opt/airflow/dags/daily_revenue_etl_dag.py
[2026-01-07T14:55:37.410+0000] {processor.py:840} INFO - DAG(s) 'daily_revenue_etl_dag' retrieved from /opt/airflow/dags/daily_revenue_etl_dag.py
[2026-01-07T14:55:37.417+0000] {logging_mixin.py:188} INFO - [2026-01-07T14:55:37.417+0000] {dag.py:3036} INFO - Sync 1 DAGs
[2026-01-07T14:55:37.435+0000] {logging_mixin.py:188} INFO - [2026-01-07T14:55:37.434+0000] {dag.py:3823} INFO - Setting next_dagrun for daily_revenue_etl_dag to 2026-01-07 00:00:00+00:00, run_after=2026-01-08 00:00:00+00:00
[2026-01-07T14:55:37.449+0000] {processor.py:183} INFO - Processing /opt/airflow/dags/daily_revenue_etl_dag.py took 0.053 seconds
[2026-01-07T14:55:37.471+0000] {processor.py:161} INFO - Started process (PID=1692) to work on /opt/airflow/dags/daily_revenue_etl_dag.py
[2026-01-07T14:55:37.471+0000] {processor.py:830} INFO - Processing file /opt/airflow/dags/daily_revenue_etl_dag.py for tasks to queue
[2026-01-07T14:55:37.472+0000] {logging_mixin.py:188} INFO - [2026-01-07T14:55:37.472+0000] {dagbag.py:538} INFO - Filling up the DagBag from /opt/airflow/dags/daily_revenue_etl_dag.py
[2026-01-07T14:55:37.486+0000] {processor.py:840} INFO - DAG(s) 'daily_revenue_etl_dag' retrieved from /opt/airflow/dags/daily_revenue_etl_dag.py
[2026-01-07T14:55:37.496+0000] {logging_mixin.py:188} INFO - [2026-01-07T14:55:37.495+0000] {dag.py:3036} INFO - Sync 1 DAGs
[2026-01-07T14:55:37.509+0000] {logging_mixin.py:188} INFO - [2026-01-07T14:55:37.509+0000] {dag.py:3823} INFO - Setting next_dagrun for daily_revenue_etl_dag to 2026-01-07 00:00:00+00:00, run_after=2026-01-08 00:00:00+00:00
[2026-01-07T14:55:37.521+0000] {processor.py:183} INFO - Processing /opt/airflow/dags/daily_revenue_etl_dag.py took 0.053 seconds
[2026-01-07T14:55:37.552+0000] {processor.py:161} INFO - Started process (PID=1697) to work on /opt/airflow/dags/daily_revenue_etl_dag.py
[2026-01-07T14:55:37.553+0000] {processor.py:830} INFO - Processing file /opt/airflow/dags/daily_revenue_etl_dag.py for tasks to queue
[2026-01-07T14:55:37.553+0000] {logging_mixin.py:188} INFO - [2026-01-07T14:55:37.553+0000] {dagbag.py:538} INFO - Filling up the DagBag from /opt/airflow/dags/daily_revenue_etl_dag.py
[2026-01-07T14:55:37.565+0000] {processor.py:840} INFO - DAG(s) 'daily_revenue_etl_dag' retrieved from /opt/airflow/dags/daily_revenue_etl_dag.py
[2026-01-07T14:55:37.573+0000] {logging_mixin.py:188} INFO - [2026-01-07T14:55:37.572+0000] {dag.py:3036} INFO - Sync 1 DAGs
[2026-01-07T14:55:37.586+0000] {logging_mixin.py:188} INFO - [2026-01-07T14:55:37.586+0000] {dag.py:3823} INFO - Setting next_dagrun for daily_revenue_etl_dag to 2026-01-07 00:00:00+00:00, run_after=2026-01-08 00:00:00+00:00
[2026-01-07T14:55:37.596+0000] {processor.py:183} INFO - Processing /opt/airflow/dags/daily_revenue_etl_dag.py took 0.047 seconds
[2026-01-07T14:55:37.618+0000] {processor.py:161} INFO - Started process (PID=1702) to work on /opt/airflow/dags/daily_revenue_etl_dag.py
[2026-01-07T14:55:37.619+0000] {processor.py:830} INFO - Processing file /opt/airflow/dags/daily_revenue_etl_dag.py for tasks to queue
[2026-01-07T14:55:37.620+0000] {logging_mixin.py:188} INFO - [2026-01-07T14:55:37.620+0000] {dagbag.py:538} INFO - Filling up the DagBag from /opt/airflow/dags/daily_revenue_etl_dag.py
[2026-01-07T14:55:37.633+0000] {processor.py:840} INFO - DAG(s) 'daily_revenue_etl_dag' retrieved from /opt/airflow/dags/daily_revenue_etl_dag.py
[2026-01-07T14:55:37.642+0000] {logging_mixin.py:188} INFO - [2026-01-07T14:55:37.641+0000] {dag.py:3036} INFO - Sync 1 DAGs
[2026-01-07T14:55:37.655+0000] {logging_mixin.py:188} INFO - [2026-01-07T14:55:37.655+0000] {dag.py:3823} INFO - Setting next_dagrun for daily_revenue_etl_dag to 2026-01-07 00:00:00+00:00, run_after=2026-01-08 00:00:00+00:00
[2026-01-07T14:55:37.665+0000] {processor.py:183} INFO - Processing /opt/airflow/dags/daily_revenue_etl_dag.py took 0.050 seconds
[2026-01-07T14:55:37.687+0000] {processor.py:161} INFO - Started process (PID=1707) to work on /opt/airflow/dags/daily_revenue_etl_dag.py
[2026-01-07T14:55:37.687+0000] {processor.py:830} INFO - Processing file /opt/airflow/dags/daily_revenue_etl_dag.py for tasks to queue
[2026-01-07T14:55:37.688+0000] {logging_mixin.py:188} INFO - [2026-01-07T14:55:37.688+0000] {dagbag.py:538} INFO - Filling up the DagBag from /opt/airflow/dags/daily_revenue_etl_dag.py
[2026-01-07T14:55:37.700+0000] {processor.py:840} INFO - DAG(s) 'daily_revenue_etl_dag' retrieved from /opt/airflow/dags/daily_revenue_etl_dag.py
[2026-01-07T14:55:37.707+0000] {logging_mixin.py:188} INFO - [2026-01-07T14:55:37.707+0000] {dag.py:3036} INFO - Sync 1 DAGs
[2026-01-07T14:55:37.720+0000] {logging_mixin.py:188} INFO - [2026-01-07T14:55:37.720+0000] {dag.py:3823} INFO - Setting next_dagrun for daily_revenue_etl_dag to 2026-01-07 00:00:00+00:00, run_after=2026-01-08 00:00:00+00:00
[2026-01-07T14:55:37.731+0000] {processor.py:183} INFO - Processing /opt/airflow/dags/daily_revenue_etl_dag.py took 0.046 seconds
[2026-01-07T14:55:37.751+0000] {processor.py:161} INFO - Started process (PID=1712) to work on /opt/airflow/dags/daily_revenue_etl_dag.py
[2026-01-07T14:55:37.752+0000] {processor.py:830} INFO - Processing file /opt/airflow/dags/daily_revenue_etl_dag.py for tasks to queue
[2026-01-07T14:55:37.752+0000] {logging_mixin.py:188} INFO - [2026-01-07T14:55:37.752+0000] {dagbag.py:538} INFO - Filling up the DagBag from /opt/airflow/dags/daily_revenue_etl_dag.py
[2026-01-07T14:55:37.765+0000] {processor.py:840} INFO - DAG(s) 'daily_revenue_etl_dag' retrieved from /opt/airflow/dags/daily_revenue_etl_dag.py
[2026-01-07T14:55:37.772+0000] {logging_mixin.py:188} INFO - [2026-01-07T14:55:37.772+0000] {dag.py:3036} INFO - Sync 1 DAGs
[2026-01-07T14:55:37.787+0000] {logging_mixin.py:188} INFO - [2026-01-07T14:55:37.786+0000] {dag.py:3823} INFO - Setting next_dagrun for daily_revenue_etl_dag to 2026-01-07 00:00:00+00:00, run_after=2026-01-08 00:00:00+00:00
[2026-01-07T14:55:37.797+0000] {processor.py:183} INFO - Processing /opt/airflow/dags/daily_revenue_etl_dag.py took 0.049 seconds
[2026-01-07T14:55:37.817+0000] {processor.py:161} INFO - Started process (PID=1717) to work on /opt/airflow/dags/daily_revenue_etl_dag.py
[2026-01-07T14:55:37.818+0000] {processor.py:830} INFO - Processing file /opt/airflow/dags/daily_revenue_etl_dag.py for tasks to queue
[2026-01-07T14:55:37.819+0000] {logging_mixin.py:188} INFO - [2026-01-07T14:55:37.818+0000] {dagbag.py:538} INFO - Filling up the DagBag from /opt/airflow/dags/daily_revenue_etl_dag.py
[2026-01-07T14:55:37.830+0000] {processor.py:840} INFO - DAG(s) 'daily_revenue_etl_dag' retrieved from /opt/airflow/dags/daily_revenue_etl_dag.py
[2026-01-07T14:55:37.838+0000] {logging_mixin.py:188} INFO - [2026-01-07T14:55:37.838+0000] {dag.py:3036} INFO - Sync 1 DAGs
[2026-01-07T14:55:37.851+0000] {logging_mixin.py:188} INFO - [2026-01-07T14:55:37.851+0000] {dag.py:3823} INFO - Setting next_dagrun for daily_revenue_etl_dag to 2026-01-07 00:00:00+00:00, run_after=2026-01-08 00:00:00+00:00
[2026-01-07T14:55:37.862+0000] {processor.py:183} INFO - Processing /opt/airflow/dags/daily_revenue_etl_dag.py took 0.047 seconds
[2026-01-07T14:55:37.883+0000] {processor.py:161} INFO - Started process (PID=1722) to work on /opt/airflow/dags/daily_revenue_etl_dag.py
[2026-01-07T14:55:37.884+0000] {processor.py:830} INFO - Processing file /opt/airflow/dags/daily_revenue_etl_dag.py for tasks to queue
[2026-01-07T14:55:37.884+0000] {logging_mixin.py:188} INFO - [2026-01-07T14:55:37.884+0000] {dagbag.py:538} INFO - Filling up the DagBag from /opt/airflow/dags/daily_revenue_etl_dag.py
[2026-01-07T14:55:37.895+0000] {processor.py:840} INFO - DAG(s) 'daily_revenue_etl_dag' retrieved from /opt/airflow/dags/daily_revenue_etl_dag.py
[2026-01-07T14:55:37.903+0000] {logging_mixin.py:188} INFO - [2026-01-07T14:55:37.903+0000] {dag.py:3036} INFO - Sync 1 DAGs
[2026-01-07T14:55:37.916+0000] {logging_mixin.py:188} INFO - [2026-01-07T14:55:37.916+0000] {dag.py:3823} INFO - Setting next_dagrun for daily_revenue_etl_dag to 2026-01-07 00:00:00+00:00, run_after=2026-01-08 00:00:00+00:00
[2026-01-07T14:55:37.927+0000] {processor.py:183} INFO - Processing /opt/airflow/dags/daily_revenue_etl_dag.py took 0.046 seconds
[2026-01-07T14:55:37.950+0000] {processor.py:161} INFO - Started process (PID=1727) to work on /opt/airflow/dags/daily_revenue_etl_dag.py
[2026-01-07T14:55:37.950+0000] {processor.py:830} INFO - Processing file /opt/airflow/dags/daily_revenue_etl_dag.py for tasks to queue
[2026-01-07T14:55:37.951+0000] {logging_mixin.py:188} INFO - [2026-01-07T14:55:37.951+0000] {dagbag.py:538} INFO - Filling up the DagBag from /opt/airflow/dags/daily_revenue_etl_dag.py
[2026-01-07T14:55:37.963+0000] {processor.py:840} INFO - DAG(s) 'daily_revenue_etl_dag' retrieved from /opt/airflow/dags/daily_revenue_etl_dag.py
[2026-01-07T14:55:37.971+0000] {logging_mixin.py:188} INFO - [2026-01-07T14:55:37.971+0000] {dag.py:3036} INFO - Sync 1 DAGs
[2026-01-07T14:55:37.985+0000] {logging_mixin.py:188} INFO - [2026-01-07T14:55:37.985+0000] {dag.py:3823} INFO - Setting next_dagrun for daily_revenue_etl_dag to 2026-01-07 00:00:00+00:00, run_after=2026-01-08 00:00:00+00:00
[2026-01-07T14:55:37.995+0000] {processor.py:183} INFO - Processing /opt/airflow/dags/daily_revenue_etl_dag.py took 0.048 seconds
[2026-01-07T14:55:38.018+0000] {processor.py:161} INFO - Started process (PID=1732) to work on /opt/airflow/dags/daily_revenue_etl_dag.py
[2026-01-07T14:55:38.019+0000] {processor.py:830} INFO - Processing file /opt/airflow/dags/daily_revenue_etl_dag.py for tasks to queue
[2026-01-07T14:55:38.020+0000] {logging_mixin.py:188} INFO - [2026-01-07T14:55:38.020+0000] {dagbag.py:538} INFO - Filling up the DagBag from /opt/airflow/dags/daily_revenue_etl_dag.py
[2026-01-07T14:55:38.034+0000] {processor.py:840} INFO - DAG(s) 'daily_revenue_etl_dag' retrieved from /opt/airflow/dags/daily_revenue_etl_dag.py
[2026-01-07T14:55:38.042+0000] {logging_mixin.py:188} INFO - [2026-01-07T14:55:38.041+0000] {dag.py:3036} INFO - Sync 1 DAGs
[2026-01-07T14:55:38.056+0000] {logging_mixin.py:188} INFO - [2026-01-07T14:55:38.056+0000] {dag.py:3823} INFO - Setting next_dagrun for daily_revenue_etl_dag to 2026-01-07 00:00:00+00:00, run_after=2026-01-08 00:00:00+00:00
[2026-01-07T14:55:38.067+0000] {processor.py:183} INFO - Processing /opt/airflow/dags/daily_revenue_etl_dag.py took 0.051 seconds
[2026-01-07T14:55:38.088+0000] {processor.py:161} INFO - Started process (PID=1737) to work on /opt/airflow/dags/daily_revenue_etl_dag.py
[2026-01-07T14:55:38.088+0000] {processor.py:830} INFO - Processing file /opt/airflow/dags/daily_revenue_etl_dag.py for tasks to queue
[2026-01-07T14:55:38.089+0000] {logging_mixin.py:188} INFO - [2026-01-07T14:55:38.089+0000] {dagbag.py:538} INFO - Filling up the DagBag from /opt/airflow/dags/daily_revenue_etl_dag.py
[2026-01-07T14:55:38.100+0000] {processor.py:840} INFO - DAG(s) 'daily_revenue_etl_dag' retrieved from /opt/airflow/dags/daily_revenue_etl_dag.py
[2026-01-07T14:55:38.108+0000] {logging_mixin.py:188} INFO - [2026-01-07T14:55:38.108+0000] {dag.py:3036} INFO - Sync 1 DAGs
[2026-01-07T14:55:38.122+0000] {logging_mixin.py:188} INFO - [2026-01-07T14:55:38.122+0000] {dag.py:3823} INFO - Setting next_dagrun for daily_revenue_etl_dag to 2026-01-07 00:00:00+00:00, run_after=2026-01-08 00:00:00+00:00
[2026-01-07T14:55:38.132+0000] {processor.py:183} INFO - Processing /opt/airflow/dags/daily_revenue_etl_dag.py took 0.046 seconds
[2026-01-07T14:55:38.153+0000] {processor.py:161} INFO - Started process (PID=1742) to work on /opt/airflow/dags/daily_revenue_etl_dag.py
[2026-01-07T14:55:38.154+0000] {processor.py:830} INFO - Processing file /opt/airflow/dags/daily_revenue_etl_dag.py for tasks to queue
[2026-01-07T14:55:38.154+0000] {logging_mixin.py:188} INFO - [2026-01-07T14:55:38.154+0000] {dagbag.py:538} INFO - Filling up the DagBag from /opt/airflow/dags/daily_revenue_etl_dag.py
[2026-01-07T14:55:38.165+0000] {processor.py:840} INFO - DAG(s) 'daily_revenue_etl_dag' retrieved from /opt/airflow/dags/daily_revenue_etl_dag.py
[2026-01-07T14:55:38.173+0000] {logging_mixin.py:188} INFO - [2026-01-07T14:55:38.173+0000] {dag.py:3036} INFO - Sync 1 DAGs
[2026-01-07T14:55:38.186+0000] {logging_mixin.py:188} INFO - [2026-01-07T14:55:38.186+0000] {dag.py:3823} INFO - Setting next_dagrun for daily_revenue_etl_dag to 2026-01-07 00:00:00+00:00, run_after=2026-01-08 00:00:00+00:00
[2026-01-07T14:55:38.196+0000] {processor.py:183} INFO - Processing /opt/airflow/dags/daily_revenue_etl_dag.py took 0.045 seconds
[2026-01-07T14:55:38.220+0000] {processor.py:161} INFO - Started process (PID=1747) to work on /opt/airflow/dags/daily_revenue_etl_dag.py
[2026-01-07T14:55:38.221+0000] {processor.py:830} INFO - Processing file /opt/airflow/dags/daily_revenue_etl_dag.py for tasks to queue
[2026-01-07T14:55:38.221+0000] {logging_mixin.py:188} INFO - [2026-01-07T14:55:38.221+0000] {dagbag.py:538} INFO - Filling up the DagBag from /opt/airflow/dags/daily_revenue_etl_dag.py
[2026-01-07T14:55:38.235+0000] {processor.py:840} INFO - DAG(s) 'daily_revenue_etl_dag' retrieved from /opt/airflow/dags/daily_revenue_etl_dag.py
[2026-01-07T14:55:38.243+0000] {logging_mixin.py:188} INFO - [2026-01-07T14:55:38.243+0000] {dag.py:3036} INFO - Sync 1 DAGs
[2026-01-07T14:55:38.257+0000] {logging_mixin.py:188} INFO - [2026-01-07T14:55:38.257+0000] {dag.py:3823} INFO - Setting next_dagrun for daily_revenue_etl_dag to 2026-01-07 00:00:00+00:00, run_after=2026-01-08 00:00:00+00:00
[2026-01-07T14:55:38.270+0000] {processor.py:183} INFO - Processing /opt/airflow/dags/daily_revenue_etl_dag.py took 0.052 seconds
[2026-01-07T14:55:38.297+0000] {processor.py:161} INFO - Started process (PID=1752) to work on /opt/airflow/dags/daily_revenue_etl_dag.py
[2026-01-07T14:55:38.298+0000] {processor.py:830} INFO - Processing file /opt/airflow/dags/daily_revenue_etl_dag.py for tasks to queue
[2026-01-07T14:55:38.298+0000] {logging_mixin.py:188} INFO - [2026-01-07T14:55:38.298+0000] {dagbag.py:538} INFO - Filling up the DagBag from /opt/airflow/dags/daily_revenue_etl_dag.py
[2026-01-07T14:55:38.311+0000] {processor.py:840} INFO - DAG(s) 'daily_revenue_etl_dag' retrieved from /opt/airflow/dags/daily_revenue_etl_dag.py
[2026-01-07T14:55:38.319+0000] {logging_mixin.py:188} INFO - [2026-01-07T14:55:38.319+0000] {dag.py:3036} INFO - Sync 1 DAGs
[2026-01-07T14:55:38.336+0000] {logging_mixin.py:188} INFO - [2026-01-07T14:55:38.335+0000] {dag.py:3823} INFO - Setting next_dagrun for daily_revenue_etl_dag to 2026-01-07 00:00:00+00:00, run_after=2026-01-08 00:00:00+00:00
[2026-01-07T14:55:38.349+0000] {processor.py:183} INFO - Processing /opt/airflow/dags/daily_revenue_etl_dag.py took 0.054 seconds
[2026-01-07T14:55:38.377+0000] {processor.py:161} INFO - Started process (PID=1757) to work on /opt/airflow/dags/daily_revenue_etl_dag.py
[2026-01-07T14:55:38.377+0000] {processor.py:830} INFO - Processing file /opt/airflow/dags/daily_revenue_etl_dag.py for tasks to queue
[2026-01-07T14:55:38.378+0000] {logging_mixin.py:188} INFO - [2026-01-07T14:55:38.378+0000] {dagbag.py:538} INFO - Filling up the DagBag from /opt/airflow/dags/daily_revenue_etl_dag.py
[2026-01-07T14:55:38.392+0000] {processor.py:840} INFO - DAG(s) 'daily_revenue_etl_dag' retrieved from /opt/airflow/dags/daily_revenue_etl_dag.py
[2026-01-07T14:55:38.399+0000] {logging_mixin.py:188} INFO - [2026-01-07T14:55:38.399+0000] {dag.py:3036} INFO - Sync 1 DAGs
[2026-01-07T14:55:38.414+0000] {logging_mixin.py:188} INFO - [2026-01-07T14:55:38.414+0000] {dag.py:3823} INFO - Setting next_dagrun for daily_revenue_etl_dag to 2026-01-07 00:00:00+00:00, run_after=2026-01-08 00:00:00+00:00
[2026-01-07T14:55:38.426+0000] {processor.py:183} INFO - Processing /opt/airflow/dags/daily_revenue_etl_dag.py took 0.052 seconds
[2026-01-07T14:55:38.455+0000] {processor.py:161} INFO - Started process (PID=1762) to work on /opt/airflow/dags/daily_revenue_etl_dag.py
[2026-01-07T14:55:38.455+0000] {processor.py:830} INFO - Processing file /opt/airflow/dags/daily_revenue_etl_dag.py for tasks to queue
[2026-01-07T14:55:38.456+0000] {logging_mixin.py:188} INFO - [2026-01-07T14:55:38.456+0000] {dagbag.py:538} INFO - Filling up the DagBag from /opt/airflow/dags/daily_revenue_etl_dag.py
[2026-01-07T14:55:38.467+0000] {processor.py:840} INFO - DAG(s) 'daily_revenue_etl_dag' retrieved from /opt/airflow/dags/daily_revenue_etl_dag.py
[2026-01-07T14:55:38.474+0000] {logging_mixin.py:188} INFO - [2026-01-07T14:55:38.474+0000] {dag.py:3036} INFO - Sync 1 DAGs
[2026-01-07T14:55:38.488+0000] {logging_mixin.py:188} INFO - [2026-01-07T14:55:38.488+0000] {dag.py:3823} INFO - Setting next_dagrun for daily_revenue_etl_dag to 2026-01-07 00:00:00+00:00, run_after=2026-01-08 00:00:00+00:00
[2026-01-07T14:55:38.501+0000] {processor.py:183} INFO - Processing /opt/airflow/dags/daily_revenue_etl_dag.py took 0.049 seconds
[2026-01-07T14:55:38.526+0000] {processor.py:161} INFO - Started process (PID=1767) to work on /opt/airflow/dags/daily_revenue_etl_dag.py
[2026-01-07T14:55:38.527+0000] {processor.py:830} INFO - Processing file /opt/airflow/dags/daily_revenue_etl_dag.py for tasks to queue
[2026-01-07T14:55:38.527+0000] {logging_mixin.py:188} INFO - [2026-01-07T14:55:38.527+0000] {dagbag.py:538} INFO - Filling up the DagBag from /opt/airflow/dags/daily_revenue_etl_dag.py
[2026-01-07T14:55:38.541+0000] {processor.py:840} INFO - DAG(s) 'daily_revenue_etl_dag' retrieved from /opt/airflow/dags/daily_revenue_etl_dag.py
[2026-01-07T14:55:38.551+0000] {logging_mixin.py:188} INFO - [2026-01-07T14:55:38.550+0000] {dag.py:3036} INFO - Sync 1 DAGs
[2026-01-07T14:55:38.567+0000] {logging_mixin.py:188} INFO - [2026-01-07T14:55:38.567+0000] {dag.py:3823} INFO - Setting next_dagrun for daily_revenue_etl_dag to 2026-01-07 00:00:00+00:00, run_after=2026-01-08 00:00:00+00:00
[2026-01-07T14:55:38.580+0000] {processor.py:183} INFO - Processing /opt/airflow/dags/daily_revenue_etl_dag.py took 0.059 seconds
[2026-01-07T14:55:38.611+0000] {processor.py:161} INFO - Started process (PID=1772) to work on /opt/airflow/dags/daily_revenue_etl_dag.py
[2026-01-07T14:55:38.612+0000] {processor.py:830} INFO - Processing file /opt/airflow/dags/daily_revenue_etl_dag.py for tasks to queue
[2026-01-07T14:55:38.613+0000] {logging_mixin.py:188} INFO - [2026-01-07T14:55:38.613+0000] {dagbag.py:538} INFO - Filling up the DagBag from /opt/airflow/dags/daily_revenue_etl_dag.py
[2026-01-07T14:55:38.627+0000] {processor.py:840} INFO - DAG(s) 'daily_revenue_etl_dag' retrieved from /opt/airflow/dags/daily_revenue_etl_dag.py
[2026-01-07T14:55:38.635+0000] {logging_mixin.py:188} INFO - [2026-01-07T14:55:38.635+0000] {dag.py:3036} INFO - Sync 1 DAGs
[2026-01-07T14:55:38.649+0000] {logging_mixin.py:188} INFO - [2026-01-07T14:55:38.649+0000] {dag.py:3823} INFO - Setting next_dagrun for daily_revenue_etl_dag to 2026-01-07 00:00:00+00:00, run_after=2026-01-08 00:00:00+00:00
[2026-01-07T14:55:38.661+0000] {processor.py:183} INFO - Processing /opt/airflow/dags/daily_revenue_etl_dag.py took 0.052 seconds
[2026-01-07T14:55:38.683+0000] {processor.py:161} INFO - Started process (PID=1777) to work on /opt/airflow/dags/daily_revenue_etl_dag.py
[2026-01-07T14:55:38.684+0000] {processor.py:830} INFO - Processing file /opt/airflow/dags/daily_revenue_etl_dag.py for tasks to queue
[2026-01-07T14:55:38.684+0000] {logging_mixin.py:188} INFO - [2026-01-07T14:55:38.684+0000] {dagbag.py:538} INFO - Filling up the DagBag from /opt/airflow/dags/daily_revenue_etl_dag.py
[2026-01-07T14:55:38.696+0000] {processor.py:840} INFO - DAG(s) 'daily_revenue_etl_dag' retrieved from /opt/airflow/dags/daily_revenue_etl_dag.py
[2026-01-07T14:55:38.704+0000] {logging_mixin.py:188} INFO - [2026-01-07T14:55:38.703+0000] {dag.py:3036} INFO - Sync 1 DAGs
[2026-01-07T14:55:38.717+0000] {logging_mixin.py:188} INFO - [2026-01-07T14:55:38.717+0000] {dag.py:3823} INFO - Setting next_dagrun for daily_revenue_etl_dag to 2026-01-07 00:00:00+00:00, run_after=2026-01-08 00:00:00+00:00
[2026-01-07T14:55:38.728+0000] {processor.py:183} INFO - Processing /opt/airflow/dags/daily_revenue_etl_dag.py took 0.047 seconds
[2026-01-07T14:55:38.749+0000] {processor.py:161} INFO - Started process (PID=1782) to work on /opt/airflow/dags/daily_revenue_etl_dag.py
[2026-01-07T14:55:38.749+0000] {processor.py:830} INFO - Processing file /opt/airflow/dags/daily_revenue_etl_dag.py for tasks to queue
[2026-01-07T14:55:38.750+0000] {logging_mixin.py:188} INFO - [2026-01-07T14:55:38.750+0000] {dagbag.py:538} INFO - Filling up the DagBag from /opt/airflow/dags/daily_revenue_etl_dag.py
[2026-01-07T14:55:38.775+0000] {processor.py:840} INFO - DAG(s) 'daily_revenue_etl_dag' retrieved from /opt/airflow/dags/daily_revenue_etl_dag.py
[2026-01-07T14:55:38.783+0000] {logging_mixin.py:188} INFO - [2026-01-07T14:55:38.783+0000] {dag.py:3036} INFO - Sync 1 DAGs
[2026-01-07T14:55:38.797+0000] {logging_mixin.py:188} INFO - [2026-01-07T14:55:38.797+0000] {dag.py:3823} INFO - Setting next_dagrun for daily_revenue_etl_dag to 2026-01-07 00:00:00+00:00, run_after=2026-01-08 00:00:00+00:00
[2026-01-07T14:55:38.807+0000] {processor.py:183} INFO - Processing /opt/airflow/dags/daily_revenue_etl_dag.py took 0.061 seconds
[2026-01-07T14:55:38.827+0000] {processor.py:161} INFO - Started process (PID=1787) to work on /opt/airflow/dags/daily_revenue_etl_dag.py
[2026-01-07T14:55:38.827+0000] {processor.py:830} INFO - Processing file /opt/airflow/dags/daily_revenue_etl_dag.py for tasks to queue
[2026-01-07T14:55:38.828+0000] {logging_mixin.py:188} INFO - [2026-01-07T14:55:38.828+0000] {dagbag.py:538} INFO - Filling up the DagBag from /opt/airflow/dags/daily_revenue_etl_dag.py
[2026-01-07T14:55:38.840+0000] {processor.py:840} INFO - DAG(s) 'daily_revenue_etl_dag' retrieved from /opt/airflow/dags/daily_revenue_etl_dag.py
[2026-01-07T14:55:38.847+0000] {logging_mixin.py:188} INFO - [2026-01-07T14:55:38.847+0000] {dag.py:3036} INFO - Sync 1 DAGs
[2026-01-07T14:55:38.860+0000] {logging_mixin.py:188} INFO - [2026-01-07T14:55:38.860+0000] {dag.py:3823} INFO - Setting next_dagrun for daily_revenue_etl_dag to 2026-01-07 00:00:00+00:00, run_after=2026-01-08 00:00:00+00:00
[2026-01-07T14:55:38.871+0000] {processor.py:183} INFO - Processing /opt/airflow/dags/daily_revenue_etl_dag.py took 0.047 seconds
[2026-01-07T14:55:38.891+0000] {processor.py:161} INFO - Started process (PID=1792) to work on /opt/airflow/dags/daily_revenue_etl_dag.py
[2026-01-07T14:55:38.892+0000] {processor.py:830} INFO - Processing file /opt/airflow/dags/daily_revenue_etl_dag.py for tasks to queue
[2026-01-07T14:55:38.892+0000] {logging_mixin.py:188} INFO - [2026-01-07T14:55:38.892+0000] {dagbag.py:538} INFO - Filling up the DagBag from /opt/airflow/dags/daily_revenue_etl_dag.py
[2026-01-07T14:55:38.904+0000] {processor.py:840} INFO - DAG(s) 'daily_revenue_etl_dag' retrieved from /opt/airflow/dags/daily_revenue_etl_dag.py
[2026-01-07T14:55:38.913+0000] {logging_mixin.py:188} INFO - [2026-01-07T14:55:38.913+0000] {dag.py:3036} INFO - Sync 1 DAGs
[2026-01-07T14:55:38.926+0000] {logging_mixin.py:188} INFO - [2026-01-07T14:55:38.926+0000] {dag.py:3823} INFO - Setting next_dagrun for daily_revenue_etl_dag to 2026-01-07 00:00:00+00:00, run_after=2026-01-08 00:00:00+00:00
[2026-01-07T14:55:38.937+0000] {processor.py:183} INFO - Processing /opt/airflow/dags/daily_revenue_etl_dag.py took 0.048 seconds
[2026-01-07T14:55:38.957+0000] {processor.py:161} INFO - Started process (PID=1797) to work on /opt/airflow/dags/daily_revenue_etl_dag.py
[2026-01-07T14:55:38.957+0000] {processor.py:830} INFO - Processing file /opt/airflow/dags/daily_revenue_etl_dag.py for tasks to queue
[2026-01-07T14:55:38.958+0000] {logging_mixin.py:188} INFO - [2026-01-07T14:55:38.958+0000] {dagbag.py:538} INFO - Filling up the DagBag from /opt/airflow/dags/daily_revenue_etl_dag.py
[2026-01-07T14:55:38.969+0000] {processor.py:840} INFO - DAG(s) 'daily_revenue_etl_dag' retrieved from /opt/airflow/dags/daily_revenue_etl_dag.py
[2026-01-07T14:55:38.976+0000] {logging_mixin.py:188} INFO - [2026-01-07T14:55:38.976+0000] {dag.py:3036} INFO - Sync 1 DAGs
[2026-01-07T14:55:38.992+0000] {logging_mixin.py:188} INFO - [2026-01-07T14:55:38.992+0000] {dag.py:3823} INFO - Setting next_dagrun for daily_revenue_etl_dag to 2026-01-07 00:00:00+00:00, run_after=2026-01-08 00:00:00+00:00
[2026-01-07T14:55:39.003+0000] {processor.py:183} INFO - Processing /opt/airflow/dags/daily_revenue_etl_dag.py took 0.049 seconds
[2026-01-07T14:55:39.029+0000] {processor.py:161} INFO - Started process (PID=1802) to work on /opt/airflow/dags/daily_revenue_etl_dag.py
[2026-01-07T14:55:39.029+0000] {processor.py:830} INFO - Processing file /opt/airflow/dags/daily_revenue_etl_dag.py for tasks to queue
[2026-01-07T14:55:39.030+0000] {logging_mixin.py:188} INFO - [2026-01-07T14:55:39.030+0000] {dagbag.py:538} INFO - Filling up the DagBag from /opt/airflow/dags/daily_revenue_etl_dag.py
[2026-01-07T14:55:39.044+0000] {processor.py:840} INFO - DAG(s) 'daily_revenue_etl_dag' retrieved from /opt/airflow/dags/daily_revenue_etl_dag.py
[2026-01-07T14:55:39.052+0000] {logging_mixin.py:188} INFO - [2026-01-07T14:55:39.052+0000] {dag.py:3036} INFO - Sync 1 DAGs
[2026-01-07T14:55:39.065+0000] {logging_mixin.py:188} INFO - [2026-01-07T14:55:39.065+0000] {dag.py:3823} INFO - Setting next_dagrun for daily_revenue_etl_dag to 2026-01-07 00:00:00+00:00, run_after=2026-01-08 00:00:00+00:00
[2026-01-07T14:55:39.075+0000] {processor.py:183} INFO - Processing /opt/airflow/dags/daily_revenue_etl_dag.py took 0.049 seconds
[2026-01-07T14:55:39.096+0000] {processor.py:161} INFO - Started process (PID=1807) to work on /opt/airflow/dags/daily_revenue_etl_dag.py
[2026-01-07T14:55:39.097+0000] {processor.py:830} INFO - Processing file /opt/airflow/dags/daily_revenue_etl_dag.py for tasks to queue
[2026-01-07T14:55:39.098+0000] {logging_mixin.py:188} INFO - [2026-01-07T14:55:39.098+0000] {dagbag.py:538} INFO - Filling up the DagBag from /opt/airflow/dags/daily_revenue_etl_dag.py
[2026-01-07T14:55:39.109+0000] {processor.py:840} INFO - DAG(s) 'daily_revenue_etl_dag' retrieved from /opt/airflow/dags/daily_revenue_etl_dag.py
[2026-01-07T14:55:39.117+0000] {logging_mixin.py:188} INFO - [2026-01-07T14:55:39.116+0000] {dag.py:3036} INFO - Sync 1 DAGs
[2026-01-07T14:55:39.130+0000] {logging_mixin.py:188} INFO - [2026-01-07T14:55:39.130+0000] {dag.py:3823} INFO - Setting next_dagrun for daily_revenue_etl_dag to 2026-01-07 00:00:00+00:00, run_after=2026-01-08 00:00:00+00:00
[2026-01-07T14:55:39.140+0000] {processor.py:183} INFO - Processing /opt/airflow/dags/daily_revenue_etl_dag.py took 0.046 seconds
[2026-01-07T14:55:39.179+0000] {processor.py:161} INFO - Started process (PID=1812) to work on /opt/airflow/dags/daily_revenue_etl_dag.py
[2026-01-07T14:55:39.179+0000] {processor.py:830} INFO - Processing file /opt/airflow/dags/daily_revenue_etl_dag.py for tasks to queue
[2026-01-07T14:55:39.180+0000] {logging_mixin.py:188} INFO - [2026-01-07T14:55:39.180+0000] {dagbag.py:538} INFO - Filling up the DagBag from /opt/airflow/dags/daily_revenue_etl_dag.py
[2026-01-07T14:55:39.191+0000] {processor.py:840} INFO - DAG(s) 'daily_revenue_etl_dag' retrieved from /opt/airflow/dags/daily_revenue_etl_dag.py
[2026-01-07T14:55:39.198+0000] {logging_mixin.py:188} INFO - [2026-01-07T14:55:39.198+0000] {dag.py:3036} INFO - Sync 1 DAGs
[2026-01-07T14:55:39.212+0000] {logging_mixin.py:188} INFO - [2026-01-07T14:55:39.211+0000] {dag.py:3823} INFO - Setting next_dagrun for daily_revenue_etl_dag to 2026-01-07 00:00:00+00:00, run_after=2026-01-08 00:00:00+00:00
[2026-01-07T14:55:39.222+0000] {processor.py:183} INFO - Processing /opt/airflow/dags/daily_revenue_etl_dag.py took 0.045 seconds
[2026-01-07T14:55:39.241+0000] {processor.py:161} INFO - Started process (PID=1817) to work on /opt/airflow/dags/daily_revenue_etl_dag.py
[2026-01-07T14:55:39.242+0000] {processor.py:830} INFO - Processing file /opt/airflow/dags/daily_revenue_etl_dag.py for tasks to queue
[2026-01-07T14:55:39.243+0000] {logging_mixin.py:188} INFO - [2026-01-07T14:55:39.243+0000] {dagbag.py:538} INFO - Filling up the DagBag from /opt/airflow/dags/daily_revenue_etl_dag.py
[2026-01-07T14:55:39.254+0000] {processor.py:840} INFO - DAG(s) 'daily_revenue_etl_dag' retrieved from /opt/airflow/dags/daily_revenue_etl_dag.py
[2026-01-07T14:55:39.262+0000] {logging_mixin.py:188} INFO - [2026-01-07T14:55:39.262+0000] {dag.py:3036} INFO - Sync 1 DAGs
[2026-01-07T14:55:39.275+0000] {logging_mixin.py:188} INFO - [2026-01-07T14:55:39.275+0000] {dag.py:3823} INFO - Setting next_dagrun for daily_revenue_etl_dag to 2026-01-07 00:00:00+00:00, run_after=2026-01-08 00:00:00+00:00
[2026-01-07T14:55:39.286+0000] {processor.py:183} INFO - Processing /opt/airflow/dags/daily_revenue_etl_dag.py took 0.047 seconds
[2026-01-07T14:55:39.405+0000] {processor.py:161} INFO - Started process (PID=1822) to work on /opt/airflow/dags/daily_revenue_etl_dag.py
[2026-01-07T14:55:39.406+0000] {processor.py:830} INFO - Processing file /opt/airflow/dags/daily_revenue_etl_dag.py for tasks to queue
[2026-01-07T14:55:39.408+0000] {logging_mixin.py:188} INFO - [2026-01-07T14:55:39.408+0000] {dagbag.py:538} INFO - Filling up the DagBag from /opt/airflow/dags/daily_revenue_etl_dag.py
[2026-01-07T14:55:39.445+0000] {processor.py:840} INFO - DAG(s) 'daily_revenue_etl_dag' retrieved from /opt/airflow/dags/daily_revenue_etl_dag.py
[2026-01-07T14:55:39.453+0000] {logging_mixin.py:188} INFO - [2026-01-07T14:55:39.453+0000] {dag.py:3036} INFO - Sync 1 DAGs
[2026-01-07T14:55:39.468+0000] {logging_mixin.py:188} INFO - [2026-01-07T14:55:39.467+0000] {dag.py:3823} INFO - Setting next_dagrun for daily_revenue_etl_dag to 2026-01-07 00:00:00+00:00, run_after=2026-01-08 00:00:00+00:00
[2026-01-07T14:55:39.478+0000] {processor.py:183} INFO - Processing /opt/airflow/dags/daily_revenue_etl_dag.py took 0.078 seconds
[2026-01-07T14:55:39.501+0000] {processor.py:161} INFO - Started process (PID=1827) to work on /opt/airflow/dags/daily_revenue_etl_dag.py
[2026-01-07T14:55:39.502+0000] {processor.py:830} INFO - Processing file /opt/airflow/dags/daily_revenue_etl_dag.py for tasks to queue
[2026-01-07T14:55:39.503+0000] {logging_mixin.py:188} INFO - [2026-01-07T14:55:39.503+0000] {dagbag.py:538} INFO - Filling up the DagBag from /opt/airflow/dags/daily_revenue_etl_dag.py
[2026-01-07T14:55:39.517+0000] {processor.py:840} INFO - DAG(s) 'daily_revenue_etl_dag' retrieved from /opt/airflow/dags/daily_revenue_etl_dag.py
[2026-01-07T14:55:39.525+0000] {logging_mixin.py:188} INFO - [2026-01-07T14:55:39.524+0000] {dag.py:3036} INFO - Sync 1 DAGs
[2026-01-07T14:55:39.540+0000] {logging_mixin.py:188} INFO - [2026-01-07T14:55:39.540+0000] {dag.py:3823} INFO - Setting next_dagrun for daily_revenue_etl_dag to 2026-01-07 00:00:00+00:00, run_after=2026-01-08 00:00:00+00:00
[2026-01-07T14:55:39.553+0000] {processor.py:183} INFO - Processing /opt/airflow/dags/daily_revenue_etl_dag.py took 0.054 seconds
[2026-01-07T14:55:39.574+0000] {processor.py:161} INFO - Started process (PID=1832) to work on /opt/airflow/dags/daily_revenue_etl_dag.py
[2026-01-07T14:55:39.575+0000] {processor.py:830} INFO - Processing file /opt/airflow/dags/daily_revenue_etl_dag.py for tasks to queue
[2026-01-07T14:55:39.576+0000] {logging_mixin.py:188} INFO - [2026-01-07T14:55:39.576+0000] {dagbag.py:538} INFO - Filling up the DagBag from /opt/airflow/dags/daily_revenue_etl_dag.py
[2026-01-07T14:55:39.588+0000] {processor.py:840} INFO - DAG(s) 'daily_revenue_etl_dag' retrieved from /opt/airflow/dags/daily_revenue_etl_dag.py
[2026-01-07T14:55:39.597+0000] {logging_mixin.py:188} INFO - [2026-01-07T14:55:39.597+0000] {dag.py:3036} INFO - Sync 1 DAGs
[2026-01-07T14:55:39.612+0000] {logging_mixin.py:188} INFO - [2026-01-07T14:55:39.612+0000] {dag.py:3823} INFO - Setting next_dagrun for daily_revenue_etl_dag to 2026-01-07 00:00:00+00:00, run_after=2026-01-08 00:00:00+00:00
[2026-01-07T14:55:39.623+0000] {processor.py:183} INFO - Processing /opt/airflow/dags/daily_revenue_etl_dag.py took 0.051 seconds
[2026-01-07T14:55:39.647+0000] {processor.py:161} INFO - Started process (PID=1837) to work on /opt/airflow/dags/daily_revenue_etl_dag.py
[2026-01-07T14:55:39.648+0000] {processor.py:830} INFO - Processing file /opt/airflow/dags/daily_revenue_etl_dag.py for tasks to queue
[2026-01-07T14:55:39.648+0000] {logging_mixin.py:188} INFO - [2026-01-07T14:55:39.648+0000] {dagbag.py:538} INFO - Filling up the DagBag from /opt/airflow/dags/daily_revenue_etl_dag.py
[2026-01-07T14:55:39.659+0000] {processor.py:840} INFO - DAG(s) 'daily_revenue_etl_dag' retrieved from /opt/airflow/dags/daily_revenue_etl_dag.py
[2026-01-07T14:55:39.666+0000] {logging_mixin.py:188} INFO - [2026-01-07T14:55:39.666+0000] {dag.py:3036} INFO - Sync 1 DAGs
[2026-01-07T14:55:39.680+0000] {logging_mixin.py:188} INFO - [2026-01-07T14:55:39.679+0000] {dag.py:3823} INFO - Setting next_dagrun for daily_revenue_etl_dag to 2026-01-07 00:00:00+00:00, run_after=2026-01-08 00:00:00+00:00
[2026-01-07T14:55:39.690+0000] {processor.py:183} INFO - Processing /opt/airflow/dags/daily_revenue_etl_dag.py took 0.046 seconds
[2026-01-07T14:55:39.710+0000] {processor.py:161} INFO - Started process (PID=1842) to work on /opt/airflow/dags/daily_revenue_etl_dag.py
[2026-01-07T14:55:39.711+0000] {processor.py:830} INFO - Processing file /opt/airflow/dags/daily_revenue_etl_dag.py for tasks to queue
[2026-01-07T14:55:39.712+0000] {logging_mixin.py:188} INFO - [2026-01-07T14:55:39.711+0000] {dagbag.py:538} INFO - Filling up the DagBag from /opt/airflow/dags/daily_revenue_etl_dag.py
[2026-01-07T14:55:39.723+0000] {processor.py:840} INFO - DAG(s) 'daily_revenue_etl_dag' retrieved from /opt/airflow/dags/daily_revenue_etl_dag.py
[2026-01-07T14:55:39.730+0000] {logging_mixin.py:188} INFO - [2026-01-07T14:55:39.730+0000] {dag.py:3036} INFO - Sync 1 DAGs
[2026-01-07T14:55:39.743+0000] {logging_mixin.py:188} INFO - [2026-01-07T14:55:39.743+0000] {dag.py:3823} INFO - Setting next_dagrun for daily_revenue_etl_dag to 2026-01-07 00:00:00+00:00, run_after=2026-01-08 00:00:00+00:00
[2026-01-07T14:55:39.753+0000] {processor.py:183} INFO - Processing /opt/airflow/dags/daily_revenue_etl_dag.py took 0.045 seconds
[2026-01-07T14:55:39.773+0000] {processor.py:161} INFO - Started process (PID=1847) to work on /opt/airflow/dags/daily_revenue_etl_dag.py
[2026-01-07T14:55:39.774+0000] {processor.py:830} INFO - Processing file /opt/airflow/dags/daily_revenue_etl_dag.py for tasks to queue
[2026-01-07T14:55:39.774+0000] {logging_mixin.py:188} INFO - [2026-01-07T14:55:39.774+0000] {dagbag.py:538} INFO - Filling up the DagBag from /opt/airflow/dags/daily_revenue_etl_dag.py
[2026-01-07T14:55:39.786+0000] {processor.py:840} INFO - DAG(s) 'daily_revenue_etl_dag' retrieved from /opt/airflow/dags/daily_revenue_etl_dag.py
[2026-01-07T14:55:39.793+0000] {logging_mixin.py:188} INFO - [2026-01-07T14:55:39.793+0000] {dag.py:3036} INFO - Sync 1 DAGs
[2026-01-07T14:55:39.806+0000] {logging_mixin.py:188} INFO - [2026-01-07T14:55:39.806+0000] {dag.py:3823} INFO - Setting next_dagrun for daily_revenue_etl_dag to 2026-01-07 00:00:00+00:00, run_after=2026-01-08 00:00:00+00:00
[2026-01-07T14:55:39.816+0000] {processor.py:183} INFO - Processing /opt/airflow/dags/daily_revenue_etl_dag.py took 0.045 seconds
[2026-01-07T14:55:39.836+0000] {processor.py:161} INFO - Started process (PID=1852) to work on /opt/airflow/dags/daily_revenue_etl_dag.py
[2026-01-07T14:55:39.837+0000] {processor.py:830} INFO - Processing file /opt/airflow/dags/daily_revenue_etl_dag.py for tasks to queue
[2026-01-07T14:55:39.837+0000] {logging_mixin.py:188} INFO - [2026-01-07T14:55:39.837+0000] {dagbag.py:538} INFO - Filling up the DagBag from /opt/airflow/dags/daily_revenue_etl_dag.py
[2026-01-07T14:55:39.849+0000] {processor.py:840} INFO - DAG(s) 'daily_revenue_etl_dag' retrieved from /opt/airflow/dags/daily_revenue_etl_dag.py
[2026-01-07T14:55:39.856+0000] {logging_mixin.py:188} INFO - [2026-01-07T14:55:39.856+0000] {dag.py:3036} INFO - Sync 1 DAGs
[2026-01-07T14:55:39.869+0000] {logging_mixin.py:188} INFO - [2026-01-07T14:55:39.869+0000] {dag.py:3823} INFO - Setting next_dagrun for daily_revenue_etl_dag to 2026-01-07 00:00:00+00:00, run_after=2026-01-08 00:00:00+00:00
[2026-01-07T14:55:39.880+0000] {processor.py:183} INFO - Processing /opt/airflow/dags/daily_revenue_etl_dag.py took 0.046 seconds
[2026-01-07T14:55:39.901+0000] {processor.py:161} INFO - Started process (PID=1857) to work on /opt/airflow/dags/daily_revenue_etl_dag.py
[2026-01-07T14:55:39.901+0000] {processor.py:830} INFO - Processing file /opt/airflow/dags/daily_revenue_etl_dag.py for tasks to queue
[2026-01-07T14:55:39.902+0000] {logging_mixin.py:188} INFO - [2026-01-07T14:55:39.902+0000] {dagbag.py:538} INFO - Filling up the DagBag from /opt/airflow/dags/daily_revenue_etl_dag.py
[2026-01-07T14:55:39.913+0000] {processor.py:840} INFO - DAG(s) 'daily_revenue_etl_dag' retrieved from /opt/airflow/dags/daily_revenue_etl_dag.py
[2026-01-07T14:55:39.921+0000] {logging_mixin.py:188} INFO - [2026-01-07T14:55:39.921+0000] {dag.py:3036} INFO - Sync 1 DAGs
[2026-01-07T14:55:39.934+0000] {logging_mixin.py:188} INFO - [2026-01-07T14:55:39.934+0000] {dag.py:3823} INFO - Setting next_dagrun for daily_revenue_etl_dag to 2026-01-07 00:00:00+00:00, run_after=2026-01-08 00:00:00+00:00
[2026-01-07T14:55:39.945+0000] {processor.py:183} INFO - Processing /opt/airflow/dags/daily_revenue_etl_dag.py took 0.047 seconds
[2026-01-07T14:55:39.966+0000] {processor.py:161} INFO - Started process (PID=1862) to work on /opt/airflow/dags/daily_revenue_etl_dag.py
[2026-01-07T14:55:39.967+0000] {processor.py:830} INFO - Processing file /opt/airflow/dags/daily_revenue_etl_dag.py for tasks to queue
[2026-01-07T14:55:39.968+0000] {logging_mixin.py:188} INFO - [2026-01-07T14:55:39.967+0000] {dagbag.py:538} INFO - Filling up the DagBag from /opt/airflow/dags/daily_revenue_etl_dag.py
[2026-01-07T14:55:39.978+0000] {processor.py:840} INFO - DAG(s) 'daily_revenue_etl_dag' retrieved from /opt/airflow/dags/daily_revenue_etl_dag.py
[2026-01-07T14:55:39.986+0000] {logging_mixin.py:188} INFO - [2026-01-07T14:55:39.986+0000] {dag.py:3036} INFO - Sync 1 DAGs
[2026-01-07T14:55:39.999+0000] {logging_mixin.py:188} INFO - [2026-01-07T14:55:39.999+0000] {dag.py:3823} INFO - Setting next_dagrun for daily_revenue_etl_dag to 2026-01-07 00:00:00+00:00, run_after=2026-01-08 00:00:00+00:00
[2026-01-07T14:55:40.010+0000] {processor.py:183} INFO - Processing /opt/airflow/dags/daily_revenue_etl_dag.py took 0.046 seconds
[2026-01-07T14:55:40.034+0000] {processor.py:161} INFO - Started process (PID=1867) to work on /opt/airflow/dags/daily_revenue_etl_dag.py
[2026-01-07T14:55:40.035+0000] {processor.py:830} INFO - Processing file /opt/airflow/dags/daily_revenue_etl_dag.py for tasks to queue
[2026-01-07T14:55:40.035+0000] {logging_mixin.py:188} INFO - [2026-01-07T14:55:40.035+0000] {dagbag.py:538} INFO - Filling up the DagBag from /opt/airflow/dags/daily_revenue_etl_dag.py
[2026-01-07T14:55:40.048+0000] {processor.py:840} INFO - DAG(s) 'daily_revenue_etl_dag' retrieved from /opt/airflow/dags/daily_revenue_etl_dag.py
[2026-01-07T14:55:40.055+0000] {logging_mixin.py:188} INFO - [2026-01-07T14:55:40.055+0000] {dag.py:3036} INFO - Sync 1 DAGs
[2026-01-07T14:55:40.069+0000] {logging_mixin.py:188} INFO - [2026-01-07T14:55:40.069+0000] {dag.py:3823} INFO - Setting next_dagrun for daily_revenue_etl_dag to 2026-01-07 00:00:00+00:00, run_after=2026-01-08 00:00:00+00:00
[2026-01-07T14:55:40.080+0000] {processor.py:183} INFO - Processing /opt/airflow/dags/daily_revenue_etl_dag.py took 0.049 seconds
[2026-01-07T14:55:40.100+0000] {processor.py:161} INFO - Started process (PID=1872) to work on /opt/airflow/dags/daily_revenue_etl_dag.py
[2026-01-07T14:55:40.100+0000] {processor.py:830} INFO - Processing file /opt/airflow/dags/daily_revenue_etl_dag.py for tasks to queue
[2026-01-07T14:55:40.101+0000] {logging_mixin.py:188} INFO - [2026-01-07T14:55:40.101+0000] {dagbag.py:538} INFO - Filling up the DagBag from /opt/airflow/dags/daily_revenue_etl_dag.py
[2026-01-07T14:55:40.112+0000] {processor.py:840} INFO - DAG(s) 'daily_revenue_etl_dag' retrieved from /opt/airflow/dags/daily_revenue_etl_dag.py
[2026-01-07T14:55:40.120+0000] {logging_mixin.py:188} INFO - [2026-01-07T14:55:40.120+0000] {dag.py:3036} INFO - Sync 1 DAGs
[2026-01-07T14:55:40.133+0000] {logging_mixin.py:188} INFO - [2026-01-07T14:55:40.133+0000] {dag.py:3823} INFO - Setting next_dagrun for daily_revenue_etl_dag to 2026-01-07 00:00:00+00:00, run_after=2026-01-08 00:00:00+00:00
[2026-01-07T14:55:40.144+0000] {processor.py:183} INFO - Processing /opt/airflow/dags/daily_revenue_etl_dag.py took 0.046 seconds
[2026-01-07T14:55:40.164+0000] {processor.py:161} INFO - Started process (PID=1877) to work on /opt/airflow/dags/daily_revenue_etl_dag.py
[2026-01-07T14:55:40.165+0000] {processor.py:830} INFO - Processing file /opt/airflow/dags/daily_revenue_etl_dag.py for tasks to queue
[2026-01-07T14:55:40.166+0000] {logging_mixin.py:188} INFO - [2026-01-07T14:55:40.165+0000] {dagbag.py:538} INFO - Filling up the DagBag from /opt/airflow/dags/daily_revenue_etl_dag.py
[2026-01-07T14:58:04.963+0000] {processor.py:840} INFO - DAG(s) 'daily_revenue_etl_dag' retrieved from /opt/airflow/dags/daily_revenue_etl_dag.py
[2026-01-07T14:58:04.979+0000] {logging_mixin.py:188} INFO - [2026-01-07T14:58:04.979+0000] {dag.py:3036} INFO - Sync 1 DAGs
[2026-01-07T14:58:04.993+0000] {logging_mixin.py:188} INFO - [2026-01-07T14:58:04.993+0000] {dag.py:3823} INFO - Setting next_dagrun for daily_revenue_etl_dag to 2026-01-07 00:00:00+00:00, run_after=2026-01-08 00:00:00+00:00
[2026-01-07T14:58:05.005+0000] {processor.py:183} INFO - Processing /opt/airflow/dags/daily_revenue_etl_dag.py took 0.057 seconds
[2026-01-07T14:58:35.168+0000] {processor.py:161} INFO - Started process (PID=1882) to work on /opt/airflow/dags/daily_revenue_etl_dag.py
[2026-01-07T14:58:35.169+0000] {processor.py:830} INFO - Processing file /opt/airflow/dags/daily_revenue_etl_dag.py for tasks to queue
[2026-01-07T14:58:35.170+0000] {logging_mixin.py:188} INFO - [2026-01-07T14:58:35.170+0000] {dagbag.py:538} INFO - Filling up the DagBag from /opt/airflow/dags/daily_revenue_etl_dag.py
[2026-01-07T14:58:35.185+0000] {processor.py:840} INFO - DAG(s) 'daily_revenue_etl_dag' retrieved from /opt/airflow/dags/daily_revenue_etl_dag.py
[2026-01-07T14:58:35.203+0000] {logging_mixin.py:188} INFO - [2026-01-07T14:58:35.203+0000] {dag.py:3036} INFO - Sync 1 DAGs
[2026-01-07T14:58:35.219+0000] {logging_mixin.py:188} INFO - [2026-01-07T14:58:35.219+0000] {dag.py:3823} INFO - Setting next_dagrun for daily_revenue_etl_dag to 2026-01-07 00:00:00+00:00, run_after=2026-01-08 00:00:00+00:00
[2026-01-07T14:58:35.233+0000] {processor.py:183} INFO - Processing /opt/airflow/dags/daily_revenue_etl_dag.py took 0.068 seconds
[2026-01-07T14:56:10.479+0000] {processor.py:161} INFO - Started process (PID=1887) to work on /opt/airflow/dags/daily_revenue_etl_dag.py
[2026-01-07T14:56:10.480+0000] {processor.py:830} INFO - Processing file /opt/airflow/dags/daily_revenue_etl_dag.py for tasks to queue
[2026-01-07T14:56:10.481+0000] {logging_mixin.py:188} INFO - [2026-01-07T14:56:10.481+0000] {dagbag.py:538} INFO - Filling up the DagBag from /opt/airflow/dags/daily_revenue_etl_dag.py
[2026-01-07T14:56:10.496+0000] {processor.py:840} INFO - DAG(s) 'daily_revenue_etl_dag' retrieved from /opt/airflow/dags/daily_revenue_etl_dag.py
[2026-01-07T14:56:10.513+0000] {logging_mixin.py:188} INFO - [2026-01-07T14:56:10.513+0000] {dag.py:3036} INFO - Sync 1 DAGs
[2026-01-07T14:56:10.530+0000] {logging_mixin.py:188} INFO - [2026-01-07T14:56:10.530+0000] {dag.py:3823} INFO - Setting next_dagrun for daily_revenue_etl_dag to 2026-01-07 00:00:00+00:00, run_after=2026-01-08 00:00:00+00:00
[2026-01-07T14:56:10.542+0000] {processor.py:183} INFO - Processing /opt/airflow/dags/daily_revenue_etl_dag.py took 0.065 seconds
[2026-01-07T14:56:10.570+0000] {processor.py:161} INFO - Started process (PID=1892) to work on /opt/airflow/dags/daily_revenue_etl_dag.py
[2026-01-07T14:56:10.571+0000] {processor.py:830} INFO - Processing file /opt/airflow/dags/daily_revenue_etl_dag.py for tasks to queue
[2026-01-07T14:56:10.572+0000] {logging_mixin.py:188} INFO - [2026-01-07T14:56:10.572+0000] {dagbag.py:538} INFO - Filling up the DagBag from /opt/airflow/dags/daily_revenue_etl_dag.py
[2026-01-07T14:56:10.586+0000] {processor.py:840} INFO - DAG(s) 'daily_revenue_etl_dag' retrieved from /opt/airflow/dags/daily_revenue_etl_dag.py
[2026-01-07T14:56:10.603+0000] {logging_mixin.py:188} INFO - [2026-01-07T14:56:10.603+0000] {dag.py:3036} INFO - Sync 1 DAGs
[2026-01-07T14:56:10.619+0000] {logging_mixin.py:188} INFO - [2026-01-07T14:56:10.618+0000] {dag.py:3823} INFO - Setting next_dagrun for daily_revenue_etl_dag to 2026-01-07 00:00:00+00:00, run_after=2026-01-08 00:00:00+00:00
[2026-01-07T14:56:10.631+0000] {processor.py:183} INFO - Processing /opt/airflow/dags/daily_revenue_etl_dag.py took 0.063 seconds
[2026-01-07T14:56:10.654+0000] {processor.py:161} INFO - Started process (PID=1897) to work on /opt/airflow/dags/daily_revenue_etl_dag.py
[2026-01-07T14:56:10.655+0000] {processor.py:830} INFO - Processing file /opt/airflow/dags/daily_revenue_etl_dag.py for tasks to queue
[2026-01-07T14:56:10.656+0000] {logging_mixin.py:188} INFO - [2026-01-07T14:56:10.655+0000] {dagbag.py:538} INFO - Filling up the DagBag from /opt/airflow/dags/daily_revenue_etl_dag.py
[2026-01-07T14:56:10.668+0000] {processor.py:840} INFO - DAG(s) 'daily_revenue_etl_dag' retrieved from /opt/airflow/dags/daily_revenue_etl_dag.py
[2026-01-07T14:56:10.685+0000] {logging_mixin.py:188} INFO - [2026-01-07T14:56:10.685+0000] {dag.py:3036} INFO - Sync 1 DAGs
[2026-01-07T14:56:10.699+0000] {logging_mixin.py:188} INFO - [2026-01-07T14:56:10.698+0000] {dag.py:3823} INFO - Setting next_dagrun for daily_revenue_etl_dag to 2026-01-07 00:00:00+00:00, run_after=2026-01-08 00:00:00+00:00
[2026-01-07T14:56:10.712+0000] {processor.py:183} INFO - Processing /opt/airflow/dags/daily_revenue_etl_dag.py took 0.060 seconds
[2026-01-07T14:56:10.736+0000] {processor.py:161} INFO - Started process (PID=1902) to work on /opt/airflow/dags/daily_revenue_etl_dag.py
[2026-01-07T14:56:10.737+0000] {processor.py:830} INFO - Processing file /opt/airflow/dags/daily_revenue_etl_dag.py for tasks to queue
[2026-01-07T14:56:10.737+0000] {logging_mixin.py:188} INFO - [2026-01-07T14:56:10.737+0000] {dagbag.py:538} INFO - Filling up the DagBag from /opt/airflow/dags/daily_revenue_etl_dag.py
[2026-01-07T14:56:10.758+0000] {processor.py:840} INFO - DAG(s) 'daily_revenue_etl_dag' retrieved from /opt/airflow/dags/daily_revenue_etl_dag.py
[2026-01-07T14:56:10.776+0000] {logging_mixin.py:188} INFO - [2026-01-07T14:56:10.775+0000] {dag.py:3036} INFO - Sync 1 DAGs
[2026-01-07T14:56:10.789+0000] {logging_mixin.py:188} INFO - [2026-01-07T14:56:10.789+0000] {dag.py:3823} INFO - Setting next_dagrun for daily_revenue_etl_dag to 2026-01-07 00:00:00+00:00, run_after=2026-01-08 00:00:00+00:00
[2026-01-07T14:56:10.804+0000] {processor.py:183} INFO - Processing /opt/airflow/dags/daily_revenue_etl_dag.py took 0.070 seconds
[2026-01-07T14:56:10.836+0000] {processor.py:161} INFO - Started process (PID=1907) to work on /opt/airflow/dags/daily_revenue_etl_dag.py
[2026-01-07T14:56:10.837+0000] {processor.py:830} INFO - Processing file /opt/airflow/dags/daily_revenue_etl_dag.py for tasks to queue
[2026-01-07T14:56:10.838+0000] {logging_mixin.py:188} INFO - [2026-01-07T14:56:10.838+0000] {dagbag.py:538} INFO - Filling up the DagBag from /opt/airflow/dags/daily_revenue_etl_dag.py
[2026-01-07T14:56:10.859+0000] {processor.py:840} INFO - DAG(s) 'daily_revenue_etl_dag' retrieved from /opt/airflow/dags/daily_revenue_etl_dag.py
[2026-01-07T14:56:10.879+0000] {logging_mixin.py:188} INFO - [2026-01-07T14:56:10.879+0000] {dag.py:3036} INFO - Sync 1 DAGs
[2026-01-07T14:56:10.895+0000] {logging_mixin.py:188} INFO - [2026-01-07T14:56:10.894+0000] {dag.py:3823} INFO - Setting next_dagrun for daily_revenue_etl_dag to 2026-01-07 00:00:00+00:00, run_after=2026-01-08 00:00:00+00:00
[2026-01-07T14:56:10.908+0000] {processor.py:183} INFO - Processing /opt/airflow/dags/daily_revenue_etl_dag.py took 0.074 seconds
[2026-01-07T14:56:10.933+0000] {processor.py:161} INFO - Started process (PID=1912) to work on /opt/airflow/dags/daily_revenue_etl_dag.py
[2026-01-07T14:56:10.934+0000] {processor.py:830} INFO - Processing file /opt/airflow/dags/daily_revenue_etl_dag.py for tasks to queue
[2026-01-07T14:56:10.936+0000] {logging_mixin.py:188} INFO - [2026-01-07T14:56:10.935+0000] {dagbag.py:538} INFO - Filling up the DagBag from /opt/airflow/dags/daily_revenue_etl_dag.py
[2026-01-07T14:56:10.947+0000] {processor.py:840} INFO - DAG(s) 'daily_revenue_etl_dag' retrieved from /opt/airflow/dags/daily_revenue_etl_dag.py
[2026-01-07T14:56:10.962+0000] {logging_mixin.py:188} INFO - [2026-01-07T14:56:10.962+0000] {dag.py:3036} INFO - Sync 1 DAGs
[2026-01-07T14:56:10.974+0000] {logging_mixin.py:188} INFO - [2026-01-07T14:56:10.974+0000] {dag.py:3823} INFO - Setting next_dagrun for daily_revenue_etl_dag to 2026-01-07 00:00:00+00:00, run_after=2026-01-08 00:00:00+00:00
[2026-01-07T14:56:10.984+0000] {processor.py:183} INFO - Processing /opt/airflow/dags/daily_revenue_etl_dag.py took 0.054 seconds
[2026-01-07T14:56:11.005+0000] {processor.py:161} INFO - Started process (PID=1917) to work on /opt/airflow/dags/daily_revenue_etl_dag.py
[2026-01-07T14:56:11.006+0000] {processor.py:830} INFO - Processing file /opt/airflow/dags/daily_revenue_etl_dag.py for tasks to queue
[2026-01-07T14:56:11.007+0000] {logging_mixin.py:188} INFO - [2026-01-07T14:56:11.006+0000] {dagbag.py:538} INFO - Filling up the DagBag from /opt/airflow/dags/daily_revenue_etl_dag.py
[2026-01-07T14:56:11.019+0000] {processor.py:840} INFO - DAG(s) 'daily_revenue_etl_dag' retrieved from /opt/airflow/dags/daily_revenue_etl_dag.py
[2026-01-07T14:56:11.034+0000] {logging_mixin.py:188} INFO - [2026-01-07T14:56:11.034+0000] {dag.py:3036} INFO - Sync 1 DAGs
[2026-01-07T14:56:11.047+0000] {logging_mixin.py:188} INFO - [2026-01-07T14:56:11.047+0000] {dag.py:3823} INFO - Setting next_dagrun for daily_revenue_etl_dag to 2026-01-07 00:00:00+00:00, run_after=2026-01-08 00:00:00+00:00
[2026-01-07T14:56:11.058+0000] {processor.py:183} INFO - Processing /opt/airflow/dags/daily_revenue_etl_dag.py took 0.055 seconds
[2026-01-07T14:56:11.078+0000] {processor.py:161} INFO - Started process (PID=1922) to work on /opt/airflow/dags/daily_revenue_etl_dag.py
[2026-01-07T14:56:11.079+0000] {processor.py:830} INFO - Processing file /opt/airflow/dags/daily_revenue_etl_dag.py for tasks to queue
[2026-01-07T14:56:11.079+0000] {logging_mixin.py:188} INFO - [2026-01-07T14:56:11.079+0000] {dagbag.py:538} INFO - Filling up the DagBag from /opt/airflow/dags/daily_revenue_etl_dag.py
[2026-01-07T14:56:11.096+0000] {processor.py:840} INFO - DAG(s) 'daily_revenue_etl_dag' retrieved from /opt/airflow/dags/daily_revenue_etl_dag.py
[2026-01-07T14:56:11.111+0000] {logging_mixin.py:188} INFO - [2026-01-07T14:56:11.111+0000] {dag.py:3036} INFO - Sync 1 DAGs
[2026-01-07T14:56:11.124+0000] {logging_mixin.py:188} INFO - [2026-01-07T14:56:11.124+0000] {dag.py:3823} INFO - Setting next_dagrun for daily_revenue_etl_dag to 2026-01-07 00:00:00+00:00, run_after=2026-01-08 00:00:00+00:00
[2026-01-07T14:56:11.134+0000] {processor.py:183} INFO - Processing /opt/airflow/dags/daily_revenue_etl_dag.py took 0.058 seconds
[2026-01-07T14:56:11.159+0000] {processor.py:161} INFO - Started process (PID=1927) to work on /opt/airflow/dags/daily_revenue_etl_dag.py
[2026-01-07T14:56:11.160+0000] {processor.py:830} INFO - Processing file /opt/airflow/dags/daily_revenue_etl_dag.py for tasks to queue
[2026-01-07T14:56:11.160+0000] {logging_mixin.py:188} INFO - [2026-01-07T14:56:11.160+0000] {dagbag.py:538} INFO - Filling up the DagBag from /opt/airflow/dags/daily_revenue_etl_dag.py
[2026-01-07T14:56:11.180+0000] {processor.py:840} INFO - DAG(s) 'daily_revenue_etl_dag' retrieved from /opt/airflow/dags/daily_revenue_etl_dag.py
[2026-01-07T14:56:11.199+0000] {logging_mixin.py:188} INFO - [2026-01-07T14:56:11.199+0000] {dag.py:3036} INFO - Sync 1 DAGs
[2026-01-07T14:56:11.216+0000] {logging_mixin.py:188} INFO - [2026-01-07T14:56:11.215+0000] {dag.py:3823} INFO - Setting next_dagrun for daily_revenue_etl_dag to 2026-01-07 00:00:00+00:00, run_after=2026-01-08 00:00:00+00:00
[2026-01-07T14:56:11.227+0000] {processor.py:183} INFO - Processing /opt/airflow/dags/daily_revenue_etl_dag.py took 0.071 seconds
[2026-01-07T14:56:11.250+0000] {processor.py:161} INFO - Started process (PID=1932) to work on /opt/airflow/dags/daily_revenue_etl_dag.py
[2026-01-07T14:56:11.251+0000] {processor.py:830} INFO - Processing file /opt/airflow/dags/daily_revenue_etl_dag.py for tasks to queue
[2026-01-07T14:56:11.251+0000] {logging_mixin.py:188} INFO - [2026-01-07T14:56:11.251+0000] {dagbag.py:538} INFO - Filling up the DagBag from /opt/airflow/dags/daily_revenue_etl_dag.py
[2026-01-07T14:56:11.263+0000] {processor.py:840} INFO - DAG(s) 'daily_revenue_etl_dag' retrieved from /opt/airflow/dags/daily_revenue_etl_dag.py
[2026-01-07T14:56:11.279+0000] {logging_mixin.py:188} INFO - [2026-01-07T14:56:11.278+0000] {dag.py:3036} INFO - Sync 1 DAGs
[2026-01-07T14:56:11.292+0000] {logging_mixin.py:188} INFO - [2026-01-07T14:56:11.292+0000] {dag.py:3823} INFO - Setting next_dagrun for daily_revenue_etl_dag to 2026-01-07 00:00:00+00:00, run_after=2026-01-08 00:00:00+00:00
[2026-01-07T14:56:11.304+0000] {processor.py:183} INFO - Processing /opt/airflow/dags/daily_revenue_etl_dag.py took 0.057 seconds
[2026-01-07T14:56:11.324+0000] {processor.py:161} INFO - Started process (PID=1937) to work on /opt/airflow/dags/daily_revenue_etl_dag.py
[2026-01-07T14:56:11.325+0000] {processor.py:830} INFO - Processing file /opt/airflow/dags/daily_revenue_etl_dag.py for tasks to queue
[2026-01-07T14:56:11.325+0000] {logging_mixin.py:188} INFO - [2026-01-07T14:56:11.325+0000] {dagbag.py:538} INFO - Filling up the DagBag from /opt/airflow/dags/daily_revenue_etl_dag.py
[2026-01-07T14:56:11.336+0000] {processor.py:840} INFO - DAG(s) 'daily_revenue_etl_dag' retrieved from /opt/airflow/dags/daily_revenue_etl_dag.py
[2026-01-07T14:56:11.352+0000] {logging_mixin.py:188} INFO - [2026-01-07T14:56:11.352+0000] {dag.py:3036} INFO - Sync 1 DAGs
[2026-01-07T14:56:11.364+0000] {logging_mixin.py:188} INFO - [2026-01-07T14:56:11.364+0000] {dag.py:3823} INFO - Setting next_dagrun for daily_revenue_etl_dag to 2026-01-07 00:00:00+00:00, run_after=2026-01-08 00:00:00+00:00
[2026-01-07T14:56:11.374+0000] {processor.py:183} INFO - Processing /opt/airflow/dags/daily_revenue_etl_dag.py took 0.053 seconds
[2026-01-07T14:56:11.397+0000] {processor.py:161} INFO - Started process (PID=1942) to work on /opt/airflow/dags/daily_revenue_etl_dag.py
[2026-01-07T14:56:11.399+0000] {processor.py:830} INFO - Processing file /opt/airflow/dags/daily_revenue_etl_dag.py for tasks to queue
[2026-01-07T14:56:11.400+0000] {logging_mixin.py:188} INFO - [2026-01-07T14:56:11.400+0000] {dagbag.py:538} INFO - Filling up the DagBag from /opt/airflow/dags/daily_revenue_etl_dag.py
[2026-01-07T14:56:11.411+0000] {processor.py:840} INFO - DAG(s) 'daily_revenue_etl_dag' retrieved from /opt/airflow/dags/daily_revenue_etl_dag.py
[2026-01-07T14:56:11.426+0000] {logging_mixin.py:188} INFO - [2026-01-07T14:56:11.426+0000] {dag.py:3036} INFO - Sync 1 DAGs
[2026-01-07T14:56:11.439+0000] {logging_mixin.py:188} INFO - [2026-01-07T14:56:11.439+0000] {dag.py:3823} INFO - Setting next_dagrun for daily_revenue_etl_dag to 2026-01-07 00:00:00+00:00, run_after=2026-01-08 00:00:00+00:00
[2026-01-07T14:56:11.453+0000] {processor.py:183} INFO - Processing /opt/airflow/dags/daily_revenue_etl_dag.py took 0.058 seconds
[2026-01-07T14:56:11.479+0000] {processor.py:161} INFO - Started process (PID=1947) to work on /opt/airflow/dags/daily_revenue_etl_dag.py
[2026-01-07T14:56:11.479+0000] {processor.py:830} INFO - Processing file /opt/airflow/dags/daily_revenue_etl_dag.py for tasks to queue
[2026-01-07T14:56:11.480+0000] {logging_mixin.py:188} INFO - [2026-01-07T14:56:11.480+0000] {dagbag.py:538} INFO - Filling up the DagBag from /opt/airflow/dags/daily_revenue_etl_dag.py
[2026-01-07T14:56:11.492+0000] {processor.py:840} INFO - DAG(s) 'daily_revenue_etl_dag' retrieved from /opt/airflow/dags/daily_revenue_etl_dag.py
[2026-01-07T14:56:11.510+0000] {logging_mixin.py:188} INFO - [2026-01-07T14:56:11.509+0000] {dag.py:3036} INFO - Sync 1 DAGs
[2026-01-07T14:56:11.523+0000] {logging_mixin.py:188} INFO - [2026-01-07T14:56:11.523+0000] {dag.py:3823} INFO - Setting next_dagrun for daily_revenue_etl_dag to 2026-01-07 00:00:00+00:00, run_after=2026-01-08 00:00:00+00:00
[2026-01-07T14:56:11.535+0000] {processor.py:183} INFO - Processing /opt/airflow/dags/daily_revenue_etl_dag.py took 0.059 seconds
[2026-01-07T14:56:11.561+0000] {processor.py:161} INFO - Started process (PID=1952) to work on /opt/airflow/dags/daily_revenue_etl_dag.py
[2026-01-07T14:56:11.561+0000] {processor.py:830} INFO - Processing file /opt/airflow/dags/daily_revenue_etl_dag.py for tasks to queue
[2026-01-07T14:56:11.562+0000] {logging_mixin.py:188} INFO - [2026-01-07T14:56:11.562+0000] {dagbag.py:538} INFO - Filling up the DagBag from /opt/airflow/dags/daily_revenue_etl_dag.py
[2026-01-07T14:56:11.574+0000] {processor.py:840} INFO - DAG(s) 'daily_revenue_etl_dag' retrieved from /opt/airflow/dags/daily_revenue_etl_dag.py
[2026-01-07T14:56:11.591+0000] {logging_mixin.py:188} INFO - [2026-01-07T14:56:11.591+0000] {dag.py:3036} INFO - Sync 1 DAGs
[2026-01-07T14:56:11.606+0000] {logging_mixin.py:188} INFO - [2026-01-07T14:56:11.605+0000] {dag.py:3823} INFO - Setting next_dagrun for daily_revenue_etl_dag to 2026-01-07 00:00:00+00:00, run_after=2026-01-08 00:00:00+00:00
[2026-01-07T14:56:11.617+0000] {processor.py:183} INFO - Processing /opt/airflow/dags/daily_revenue_etl_dag.py took 0.059 seconds
[2026-01-07T14:56:11.637+0000] {processor.py:161} INFO - Started process (PID=1957) to work on /opt/airflow/dags/daily_revenue_etl_dag.py
[2026-01-07T14:56:11.637+0000] {processor.py:830} INFO - Processing file /opt/airflow/dags/daily_revenue_etl_dag.py for tasks to queue
[2026-01-07T14:56:11.638+0000] {logging_mixin.py:188} INFO - [2026-01-07T14:56:11.638+0000] {dagbag.py:538} INFO - Filling up the DagBag from /opt/airflow/dags/daily_revenue_etl_dag.py
[2026-01-07T14:56:11.649+0000] {processor.py:840} INFO - DAG(s) 'daily_revenue_etl_dag' retrieved from /opt/airflow/dags/daily_revenue_etl_dag.py
[2026-01-07T14:56:11.664+0000] {logging_mixin.py:188} INFO - [2026-01-07T14:56:11.664+0000] {dag.py:3036} INFO - Sync 1 DAGs
[2026-01-07T14:56:11.679+0000] {logging_mixin.py:188} INFO - [2026-01-07T14:56:11.679+0000] {dag.py:3823} INFO - Setting next_dagrun for daily_revenue_etl_dag to 2026-01-07 00:00:00+00:00, run_after=2026-01-08 00:00:00+00:00
[2026-01-07T14:56:11.698+0000] {processor.py:183} INFO - Processing /opt/airflow/dags/daily_revenue_etl_dag.py took 0.064 seconds
[2026-01-07T14:56:11.727+0000] {processor.py:161} INFO - Started process (PID=1962) to work on /opt/airflow/dags/daily_revenue_etl_dag.py
[2026-01-07T14:56:11.728+0000] {processor.py:830} INFO - Processing file /opt/airflow/dags/daily_revenue_etl_dag.py for tasks to queue
[2026-01-07T14:56:11.729+0000] {logging_mixin.py:188} INFO - [2026-01-07T14:56:11.729+0000] {dagbag.py:538} INFO - Filling up the DagBag from /opt/airflow/dags/daily_revenue_etl_dag.py
[2026-01-07T14:56:11.741+0000] {processor.py:840} INFO - DAG(s) 'daily_revenue_etl_dag' retrieved from /opt/airflow/dags/daily_revenue_etl_dag.py
[2026-01-07T14:56:11.757+0000] {logging_mixin.py:188} INFO - [2026-01-07T14:56:11.757+0000] {dag.py:3036} INFO - Sync 1 DAGs
[2026-01-07T14:56:11.771+0000] {logging_mixin.py:188} INFO - [2026-01-07T14:56:11.770+0000] {dag.py:3823} INFO - Setting next_dagrun for daily_revenue_etl_dag to 2026-01-07 00:00:00+00:00, run_after=2026-01-08 00:00:00+00:00
[2026-01-07T14:56:11.781+0000] {processor.py:183} INFO - Processing /opt/airflow/dags/daily_revenue_etl_dag.py took 0.057 seconds
[2026-01-07T14:56:11.806+0000] {processor.py:161} INFO - Started process (PID=1967) to work on /opt/airflow/dags/daily_revenue_etl_dag.py
[2026-01-07T14:56:11.807+0000] {processor.py:830} INFO - Processing file /opt/airflow/dags/daily_revenue_etl_dag.py for tasks to queue
[2026-01-07T14:56:11.808+0000] {logging_mixin.py:188} INFO - [2026-01-07T14:56:11.808+0000] {dagbag.py:538} INFO - Filling up the DagBag from /opt/airflow/dags/daily_revenue_etl_dag.py
[2026-01-07T14:56:11.822+0000] {processor.py:840} INFO - DAG(s) 'daily_revenue_etl_dag' retrieved from /opt/airflow/dags/daily_revenue_etl_dag.py
[2026-01-07T14:56:11.839+0000] {logging_mixin.py:188} INFO - [2026-01-07T14:56:11.839+0000] {dag.py:3036} INFO - Sync 1 DAGs
[2026-01-07T14:56:11.856+0000] {logging_mixin.py:188} INFO - [2026-01-07T14:56:11.856+0000] {dag.py:3823} INFO - Setting next_dagrun for daily_revenue_etl_dag to 2026-01-07 00:00:00+00:00, run_after=2026-01-08 00:00:00+00:00
[2026-01-07T14:56:11.869+0000] {processor.py:183} INFO - Processing /opt/airflow/dags/daily_revenue_etl_dag.py took 0.065 seconds
[2026-01-07T14:56:11.896+0000] {processor.py:161} INFO - Started process (PID=1972) to work on /opt/airflow/dags/daily_revenue_etl_dag.py
[2026-01-07T14:56:11.897+0000] {processor.py:830} INFO - Processing file /opt/airflow/dags/daily_revenue_etl_dag.py for tasks to queue
[2026-01-07T14:56:11.898+0000] {logging_mixin.py:188} INFO - [2026-01-07T14:56:11.898+0000] {dagbag.py:538} INFO - Filling up the DagBag from /opt/airflow/dags/daily_revenue_etl_dag.py
[2026-01-07T14:56:11.911+0000] {processor.py:840} INFO - DAG(s) 'daily_revenue_etl_dag' retrieved from /opt/airflow/dags/daily_revenue_etl_dag.py
[2026-01-07T14:56:11.927+0000] {logging_mixin.py:188} INFO - [2026-01-07T14:56:11.927+0000] {dag.py:3036} INFO - Sync 1 DAGs
[2026-01-07T14:56:11.940+0000] {logging_mixin.py:188} INFO - [2026-01-07T14:56:11.940+0000] {dag.py:3823} INFO - Setting next_dagrun for daily_revenue_etl_dag to 2026-01-07 00:00:00+00:00, run_after=2026-01-08 00:00:00+00:00
[2026-01-07T14:56:11.954+0000] {processor.py:183} INFO - Processing /opt/airflow/dags/daily_revenue_etl_dag.py took 0.061 seconds
[2026-01-07T14:56:11.978+0000] {processor.py:161} INFO - Started process (PID=1977) to work on /opt/airflow/dags/daily_revenue_etl_dag.py
[2026-01-07T14:56:11.978+0000] {processor.py:830} INFO - Processing file /opt/airflow/dags/daily_revenue_etl_dag.py for tasks to queue
[2026-01-07T14:56:11.979+0000] {logging_mixin.py:188} INFO - [2026-01-07T14:56:11.979+0000] {dagbag.py:538} INFO - Filling up the DagBag from /opt/airflow/dags/daily_revenue_etl_dag.py
[2026-01-07T14:56:11.993+0000] {processor.py:840} INFO - DAG(s) 'daily_revenue_etl_dag' retrieved from /opt/airflow/dags/daily_revenue_etl_dag.py
[2026-01-07T14:56:12.009+0000] {logging_mixin.py:188} INFO - [2026-01-07T14:56:12.009+0000] {dag.py:3036} INFO - Sync 1 DAGs
[2026-01-07T14:56:12.022+0000] {logging_mixin.py:188} INFO - [2026-01-07T14:56:12.022+0000] {dag.py:3823} INFO - Setting next_dagrun for daily_revenue_etl_dag to 2026-01-07 00:00:00+00:00, run_after=2026-01-08 00:00:00+00:00
[2026-01-07T14:56:12.033+0000] {processor.py:183} INFO - Processing /opt/airflow/dags/daily_revenue_etl_dag.py took 0.058 seconds
[2026-01-07T14:56:12.062+0000] {processor.py:161} INFO - Started process (PID=1982) to work on /opt/airflow/dags/daily_revenue_etl_dag.py
[2026-01-07T14:56:12.062+0000] {processor.py:830} INFO - Processing file /opt/airflow/dags/daily_revenue_etl_dag.py for tasks to queue
[2026-01-07T14:56:12.063+0000] {logging_mixin.py:188} INFO - [2026-01-07T14:56:12.063+0000] {dagbag.py:538} INFO - Filling up the DagBag from /opt/airflow/dags/daily_revenue_etl_dag.py
[2026-01-07T14:56:12.079+0000] {processor.py:840} INFO - DAG(s) 'daily_revenue_etl_dag' retrieved from /opt/airflow/dags/daily_revenue_etl_dag.py
[2026-01-07T14:56:12.097+0000] {logging_mixin.py:188} INFO - [2026-01-07T14:56:12.096+0000] {dag.py:3036} INFO - Sync 1 DAGs
[2026-01-07T14:56:12.110+0000] {logging_mixin.py:188} INFO - [2026-01-07T14:56:12.110+0000] {dag.py:3823} INFO - Setting next_dagrun for daily_revenue_etl_dag to 2026-01-07 00:00:00+00:00, run_after=2026-01-08 00:00:00+00:00
[2026-01-07T14:56:12.122+0000] {processor.py:183} INFO - Processing /opt/airflow/dags/daily_revenue_etl_dag.py took 0.062 seconds
[2026-01-07T14:56:12.147+0000] {processor.py:161} INFO - Started process (PID=1987) to work on /opt/airflow/dags/daily_revenue_etl_dag.py
[2026-01-07T14:56:12.148+0000] {processor.py:830} INFO - Processing file /opt/airflow/dags/daily_revenue_etl_dag.py for tasks to queue
[2026-01-07T14:56:12.149+0000] {logging_mixin.py:188} INFO - [2026-01-07T14:56:12.148+0000] {dagbag.py:538} INFO - Filling up the DagBag from /opt/airflow/dags/daily_revenue_etl_dag.py
[2026-01-07T14:56:12.161+0000] {processor.py:840} INFO - DAG(s) 'daily_revenue_etl_dag' retrieved from /opt/airflow/dags/daily_revenue_etl_dag.py
[2026-01-07T14:56:12.180+0000] {logging_mixin.py:188} INFO - [2026-01-07T14:56:12.179+0000] {dag.py:3036} INFO - Sync 1 DAGs
[2026-01-07T14:56:12.194+0000] {logging_mixin.py:188} INFO - [2026-01-07T14:56:12.194+0000] {dag.py:3823} INFO - Setting next_dagrun for daily_revenue_etl_dag to 2026-01-07 00:00:00+00:00, run_after=2026-01-08 00:00:00+00:00
[2026-01-07T14:56:12.205+0000] {processor.py:183} INFO - Processing /opt/airflow/dags/daily_revenue_etl_dag.py took 0.060 seconds
[2026-01-07T14:56:12.228+0000] {processor.py:161} INFO - Started process (PID=1992) to work on /opt/airflow/dags/daily_revenue_etl_dag.py
[2026-01-07T14:56:12.229+0000] {processor.py:830} INFO - Processing file /opt/airflow/dags/daily_revenue_etl_dag.py for tasks to queue
[2026-01-07T14:56:12.230+0000] {logging_mixin.py:188} INFO - [2026-01-07T14:56:12.229+0000] {dagbag.py:538} INFO - Filling up the DagBag from /opt/airflow/dags/daily_revenue_etl_dag.py
[2026-01-07T14:56:12.242+0000] {processor.py:840} INFO - DAG(s) 'daily_revenue_etl_dag' retrieved from /opt/airflow/dags/daily_revenue_etl_dag.py
[2026-01-07T14:56:12.259+0000] {logging_mixin.py:188} INFO - [2026-01-07T14:56:12.259+0000] {dag.py:3036} INFO - Sync 1 DAGs
[2026-01-07T14:56:12.273+0000] {logging_mixin.py:188} INFO - [2026-01-07T14:56:12.273+0000] {dag.py:3823} INFO - Setting next_dagrun for daily_revenue_etl_dag to 2026-01-07 00:00:00+00:00, run_after=2026-01-08 00:00:00+00:00
[2026-01-07T14:56:12.285+0000] {processor.py:183} INFO - Processing /opt/airflow/dags/daily_revenue_etl_dag.py took 0.059 seconds
[2026-01-07T14:56:12.306+0000] {processor.py:161} INFO - Started process (PID=1997) to work on /opt/airflow/dags/daily_revenue_etl_dag.py
[2026-01-07T14:56:12.307+0000] {processor.py:830} INFO - Processing file /opt/airflow/dags/daily_revenue_etl_dag.py for tasks to queue
[2026-01-07T14:56:12.308+0000] {logging_mixin.py:188} INFO - [2026-01-07T14:56:12.308+0000] {dagbag.py:538} INFO - Filling up the DagBag from /opt/airflow/dags/daily_revenue_etl_dag.py
[2026-01-07T14:56:12.322+0000] {processor.py:840} INFO - DAG(s) 'daily_revenue_etl_dag' retrieved from /opt/airflow/dags/daily_revenue_etl_dag.py
[2026-01-07T14:56:12.341+0000] {logging_mixin.py:188} INFO - [2026-01-07T14:56:12.340+0000] {dag.py:3036} INFO - Sync 1 DAGs
[2026-01-07T14:56:12.358+0000] {logging_mixin.py:188} INFO - [2026-01-07T14:56:12.358+0000] {dag.py:3823} INFO - Setting next_dagrun for daily_revenue_etl_dag to 2026-01-07 00:00:00+00:00, run_after=2026-01-08 00:00:00+00:00
[2026-01-07T14:56:12.371+0000] {processor.py:183} INFO - Processing /opt/airflow/dags/daily_revenue_etl_dag.py took 0.068 seconds
[2026-01-07T14:56:12.393+0000] {processor.py:161} INFO - Started process (PID=2002) to work on /opt/airflow/dags/daily_revenue_etl_dag.py
[2026-01-07T14:56:12.394+0000] {processor.py:830} INFO - Processing file /opt/airflow/dags/daily_revenue_etl_dag.py for tasks to queue
[2026-01-07T14:56:12.394+0000] {logging_mixin.py:188} INFO - [2026-01-07T14:56:12.394+0000] {dagbag.py:538} INFO - Filling up the DagBag from /opt/airflow/dags/daily_revenue_etl_dag.py
[2026-01-07T14:56:12.409+0000] {processor.py:840} INFO - DAG(s) 'daily_revenue_etl_dag' retrieved from /opt/airflow/dags/daily_revenue_etl_dag.py
[2026-01-07T14:56:12.427+0000] {logging_mixin.py:188} INFO - [2026-01-07T14:56:12.426+0000] {dag.py:3036} INFO - Sync 1 DAGs
[2026-01-07T14:56:12.440+0000] {logging_mixin.py:188} INFO - [2026-01-07T14:56:12.439+0000] {dag.py:3823} INFO - Setting next_dagrun for daily_revenue_etl_dag to 2026-01-07 00:00:00+00:00, run_after=2026-01-08 00:00:00+00:00
[2026-01-07T14:56:12.456+0000] {processor.py:183} INFO - Processing /opt/airflow/dags/daily_revenue_etl_dag.py took 0.065 seconds
[2026-01-07T14:56:12.480+0000] {processor.py:161} INFO - Started process (PID=2007) to work on /opt/airflow/dags/daily_revenue_etl_dag.py
[2026-01-07T14:56:12.481+0000] {processor.py:830} INFO - Processing file /opt/airflow/dags/daily_revenue_etl_dag.py for tasks to queue
[2026-01-07T14:56:12.482+0000] {logging_mixin.py:188} INFO - [2026-01-07T14:56:12.482+0000] {dagbag.py:538} INFO - Filling up the DagBag from /opt/airflow/dags/daily_revenue_etl_dag.py
[2026-01-07T14:56:12.495+0000] {processor.py:840} INFO - DAG(s) 'daily_revenue_etl_dag' retrieved from /opt/airflow/dags/daily_revenue_etl_dag.py
[2026-01-07T14:56:12.513+0000] {logging_mixin.py:188} INFO - [2026-01-07T14:56:12.512+0000] {dag.py:3036} INFO - Sync 1 DAGs
[2026-01-07T14:56:12.526+0000] {logging_mixin.py:188} INFO - [2026-01-07T14:56:12.526+0000] {dag.py:3823} INFO - Setting next_dagrun for daily_revenue_etl_dag to 2026-01-07 00:00:00+00:00, run_after=2026-01-08 00:00:00+00:00
[2026-01-07T14:56:12.538+0000] {processor.py:183} INFO - Processing /opt/airflow/dags/daily_revenue_etl_dag.py took 0.060 seconds
[2026-01-07T14:56:12.562+0000] {processor.py:161} INFO - Started process (PID=2012) to work on /opt/airflow/dags/daily_revenue_etl_dag.py
[2026-01-07T14:56:12.563+0000] {processor.py:830} INFO - Processing file /opt/airflow/dags/daily_revenue_etl_dag.py for tasks to queue
[2026-01-07T14:56:12.563+0000] {logging_mixin.py:188} INFO - [2026-01-07T14:56:12.563+0000] {dagbag.py:538} INFO - Filling up the DagBag from /opt/airflow/dags/daily_revenue_etl_dag.py
[2026-01-07T14:56:12.582+0000] {processor.py:840} INFO - DAG(s) 'daily_revenue_etl_dag' retrieved from /opt/airflow/dags/daily_revenue_etl_dag.py
[2026-01-07T14:56:12.601+0000] {logging_mixin.py:188} INFO - [2026-01-07T14:56:12.601+0000] {dag.py:3036} INFO - Sync 1 DAGs
[2026-01-07T14:56:12.616+0000] {logging_mixin.py:188} INFO - [2026-01-07T14:56:12.616+0000] {dag.py:3823} INFO - Setting next_dagrun for daily_revenue_etl_dag to 2026-01-07 00:00:00+00:00, run_after=2026-01-08 00:00:00+00:00
[2026-01-07T14:56:12.629+0000] {processor.py:183} INFO - Processing /opt/airflow/dags/daily_revenue_etl_dag.py took 0.069 seconds
[2026-01-07T14:56:12.653+0000] {processor.py:161} INFO - Started process (PID=2017) to work on /opt/airflow/dags/daily_revenue_etl_dag.py
[2026-01-07T14:56:12.654+0000] {processor.py:830} INFO - Processing file /opt/airflow/dags/daily_revenue_etl_dag.py for tasks to queue
[2026-01-07T14:56:12.654+0000] {logging_mixin.py:188} INFO - [2026-01-07T14:56:12.654+0000] {dagbag.py:538} INFO - Filling up the DagBag from /opt/airflow/dags/daily_revenue_etl_dag.py
[2026-01-07T14:56:12.667+0000] {processor.py:840} INFO - DAG(s) 'daily_revenue_etl_dag' retrieved from /opt/airflow/dags/daily_revenue_etl_dag.py
[2026-01-07T14:56:12.684+0000] {logging_mixin.py:188} INFO - [2026-01-07T14:56:12.684+0000] {dag.py:3036} INFO - Sync 1 DAGs
[2026-01-07T14:56:12.699+0000] {logging_mixin.py:188} INFO - [2026-01-07T14:56:12.698+0000] {dag.py:3823} INFO - Setting next_dagrun for daily_revenue_etl_dag to 2026-01-07 00:00:00+00:00, run_after=2026-01-08 00:00:00+00:00
[2026-01-07T14:56:12.712+0000] {processor.py:183} INFO - Processing /opt/airflow/dags/daily_revenue_etl_dag.py took 0.061 seconds
[2026-01-07T14:56:12.741+0000] {processor.py:161} INFO - Started process (PID=2022) to work on /opt/airflow/dags/daily_revenue_etl_dag.py
[2026-01-07T14:56:12.742+0000] {processor.py:830} INFO - Processing file /opt/airflow/dags/daily_revenue_etl_dag.py for tasks to queue
[2026-01-07T14:56:12.742+0000] {logging_mixin.py:188} INFO - [2026-01-07T14:56:12.742+0000] {dagbag.py:538} INFO - Filling up the DagBag from /opt/airflow/dags/daily_revenue_etl_dag.py
[2026-01-07T14:56:12.754+0000] {processor.py:840} INFO - DAG(s) 'daily_revenue_etl_dag' retrieved from /opt/airflow/dags/daily_revenue_etl_dag.py
[2026-01-07T14:56:12.770+0000] {logging_mixin.py:188} INFO - [2026-01-07T14:56:12.770+0000] {dag.py:3036} INFO - Sync 1 DAGs
[2026-01-07T14:56:12.785+0000] {logging_mixin.py:188} INFO - [2026-01-07T14:56:12.785+0000] {dag.py:3823} INFO - Setting next_dagrun for daily_revenue_etl_dag to 2026-01-07 00:00:00+00:00, run_after=2026-01-08 00:00:00+00:00
[2026-01-07T14:56:12.797+0000] {processor.py:183} INFO - Processing /opt/airflow/dags/daily_revenue_etl_dag.py took 0.058 seconds
[2026-01-07T14:56:12.819+0000] {processor.py:161} INFO - Started process (PID=2027) to work on /opt/airflow/dags/daily_revenue_etl_dag.py
[2026-01-07T14:56:12.820+0000] {processor.py:830} INFO - Processing file /opt/airflow/dags/daily_revenue_etl_dag.py for tasks to queue
[2026-01-07T14:56:12.821+0000] {logging_mixin.py:188} INFO - [2026-01-07T14:56:12.820+0000] {dagbag.py:538} INFO - Filling up the DagBag from /opt/airflow/dags/daily_revenue_etl_dag.py
[2026-01-07T14:56:12.833+0000] {processor.py:840} INFO - DAG(s) 'daily_revenue_etl_dag' retrieved from /opt/airflow/dags/daily_revenue_etl_dag.py
[2026-01-07T14:56:12.850+0000] {logging_mixin.py:188} INFO - [2026-01-07T14:56:12.850+0000] {dag.py:3036} INFO - Sync 1 DAGs
[2026-01-07T14:56:12.863+0000] {logging_mixin.py:188} INFO - [2026-01-07T14:56:12.863+0000] {dag.py:3823} INFO - Setting next_dagrun for daily_revenue_etl_dag to 2026-01-07 00:00:00+00:00, run_after=2026-01-08 00:00:00+00:00
[2026-01-07T14:56:12.874+0000] {processor.py:183} INFO - Processing /opt/airflow/dags/daily_revenue_etl_dag.py took 0.057 seconds
[2026-01-07T14:56:12.898+0000] {processor.py:161} INFO - Started process (PID=2032) to work on /opt/airflow/dags/daily_revenue_etl_dag.py
[2026-01-07T14:56:12.899+0000] {processor.py:830} INFO - Processing file /opt/airflow/dags/daily_revenue_etl_dag.py for tasks to queue
[2026-01-07T14:56:12.900+0000] {logging_mixin.py:188} INFO - [2026-01-07T14:56:12.899+0000] {dagbag.py:538} INFO - Filling up the DagBag from /opt/airflow/dags/daily_revenue_etl_dag.py
[2026-01-07T14:56:12.912+0000] {processor.py:840} INFO - DAG(s) 'daily_revenue_etl_dag' retrieved from /opt/airflow/dags/daily_revenue_etl_dag.py
[2026-01-07T14:56:12.932+0000] {logging_mixin.py:188} INFO - [2026-01-07T14:56:12.932+0000] {dag.py:3036} INFO - Sync 1 DAGs
[2026-01-07T14:56:12.948+0000] {logging_mixin.py:188} INFO - [2026-01-07T14:56:12.948+0000] {dag.py:3823} INFO - Setting next_dagrun for daily_revenue_etl_dag to 2026-01-07 00:00:00+00:00, run_after=2026-01-08 00:00:00+00:00
[2026-01-07T14:56:12.960+0000] {processor.py:183} INFO - Processing /opt/airflow/dags/daily_revenue_etl_dag.py took 0.064 seconds
[2026-01-07T14:56:12.985+0000] {processor.py:161} INFO - Started process (PID=2037) to work on /opt/airflow/dags/daily_revenue_etl_dag.py
[2026-01-07T14:56:12.986+0000] {processor.py:830} INFO - Processing file /opt/airflow/dags/daily_revenue_etl_dag.py for tasks to queue
[2026-01-07T14:56:12.987+0000] {logging_mixin.py:188} INFO - [2026-01-07T14:56:12.987+0000] {dagbag.py:538} INFO - Filling up the DagBag from /opt/airflow/dags/daily_revenue_etl_dag.py
[2026-01-07T14:56:12.997+0000] {processor.py:840} INFO - DAG(s) 'daily_revenue_etl_dag' retrieved from /opt/airflow/dags/daily_revenue_etl_dag.py
[2026-01-07T14:56:13.013+0000] {logging_mixin.py:188} INFO - [2026-01-07T14:56:13.013+0000] {dag.py:3036} INFO - Sync 1 DAGs
[2026-01-07T14:56:13.026+0000] {logging_mixin.py:188} INFO - [2026-01-07T14:56:13.026+0000] {dag.py:3823} INFO - Setting next_dagrun for daily_revenue_etl_dag to 2026-01-07 00:00:00+00:00, run_after=2026-01-08 00:00:00+00:00
[2026-01-07T14:56:13.037+0000] {processor.py:183} INFO - Processing /opt/airflow/dags/daily_revenue_etl_dag.py took 0.055 seconds
[2026-01-07T14:56:13.059+0000] {processor.py:161} INFO - Started process (PID=2042) to work on /opt/airflow/dags/daily_revenue_etl_dag.py
[2026-01-07T14:56:13.059+0000] {processor.py:830} INFO - Processing file /opt/airflow/dags/daily_revenue_etl_dag.py for tasks to queue
[2026-01-07T14:56:13.060+0000] {logging_mixin.py:188} INFO - [2026-01-07T14:56:13.060+0000] {dagbag.py:538} INFO - Filling up the DagBag from /opt/airflow/dags/daily_revenue_etl_dag.py
[2026-01-07T14:56:13.072+0000] {processor.py:840} INFO - DAG(s) 'daily_revenue_etl_dag' retrieved from /opt/airflow/dags/daily_revenue_etl_dag.py
[2026-01-07T14:56:13.088+0000] {logging_mixin.py:188} INFO - [2026-01-07T14:56:13.087+0000] {dag.py:3036} INFO - Sync 1 DAGs
[2026-01-07T14:56:13.100+0000] {logging_mixin.py:188} INFO - [2026-01-07T14:56:13.100+0000] {dag.py:3823} INFO - Setting next_dagrun for daily_revenue_etl_dag to 2026-01-07 00:00:00+00:00, run_after=2026-01-08 00:00:00+00:00
[2026-01-07T14:56:13.111+0000] {processor.py:183} INFO - Processing /opt/airflow/dags/daily_revenue_etl_dag.py took 0.055 seconds
[2026-01-07T14:56:13.136+0000] {processor.py:161} INFO - Started process (PID=2047) to work on /opt/airflow/dags/daily_revenue_etl_dag.py
[2026-01-07T14:56:13.137+0000] {processor.py:830} INFO - Processing file /opt/airflow/dags/daily_revenue_etl_dag.py for tasks to queue
[2026-01-07T14:56:13.138+0000] {logging_mixin.py:188} INFO - [2026-01-07T14:56:13.137+0000] {dagbag.py:538} INFO - Filling up the DagBag from /opt/airflow/dags/daily_revenue_etl_dag.py
[2026-01-07T14:56:13.150+0000] {processor.py:840} INFO - DAG(s) 'daily_revenue_etl_dag' retrieved from /opt/airflow/dags/daily_revenue_etl_dag.py
[2026-01-07T14:56:13.169+0000] {logging_mixin.py:188} INFO - [2026-01-07T14:56:13.168+0000] {dag.py:3036} INFO - Sync 1 DAGs
[2026-01-07T14:56:13.183+0000] {logging_mixin.py:188} INFO - [2026-01-07T14:56:13.183+0000] {dag.py:3823} INFO - Setting next_dagrun for daily_revenue_etl_dag to 2026-01-07 00:00:00+00:00, run_after=2026-01-08 00:00:00+00:00
[2026-01-07T14:56:13.202+0000] {processor.py:183} INFO - Processing /opt/airflow/dags/daily_revenue_etl_dag.py took 0.069 seconds
[2026-01-07T14:56:13.228+0000] {processor.py:161} INFO - Started process (PID=2052) to work on /opt/airflow/dags/daily_revenue_etl_dag.py
[2026-01-07T14:56:13.229+0000] {processor.py:830} INFO - Processing file /opt/airflow/dags/daily_revenue_etl_dag.py for tasks to queue
[2026-01-07T14:56:13.229+0000] {logging_mixin.py:188} INFO - [2026-01-07T14:56:13.229+0000] {dagbag.py:538} INFO - Filling up the DagBag from /opt/airflow/dags/daily_revenue_etl_dag.py
[2026-01-07T14:56:13.241+0000] {processor.py:840} INFO - DAG(s) 'daily_revenue_etl_dag' retrieved from /opt/airflow/dags/daily_revenue_etl_dag.py
[2026-01-07T14:56:13.258+0000] {logging_mixin.py:188} INFO - [2026-01-07T14:56:13.258+0000] {dag.py:3036} INFO - Sync 1 DAGs
[2026-01-07T14:56:13.271+0000] {logging_mixin.py:188} INFO - [2026-01-07T14:56:13.271+0000] {dag.py:3823} INFO - Setting next_dagrun for daily_revenue_etl_dag to 2026-01-07 00:00:00+00:00, run_after=2026-01-08 00:00:00+00:00
[2026-01-07T14:56:13.282+0000] {processor.py:183} INFO - Processing /opt/airflow/dags/daily_revenue_etl_dag.py took 0.057 seconds
[2026-01-07T14:56:13.307+0000] {processor.py:161} INFO - Started process (PID=2057) to work on /opt/airflow/dags/daily_revenue_etl_dag.py
[2026-01-07T14:56:13.308+0000] {processor.py:830} INFO - Processing file /opt/airflow/dags/daily_revenue_etl_dag.py for tasks to queue
[2026-01-07T14:56:13.308+0000] {logging_mixin.py:188} INFO - [2026-01-07T14:56:13.308+0000] {dagbag.py:538} INFO - Filling up the DagBag from /opt/airflow/dags/daily_revenue_etl_dag.py
[2026-01-07T14:56:13.321+0000] {processor.py:840} INFO - DAG(s) 'daily_revenue_etl_dag' retrieved from /opt/airflow/dags/daily_revenue_etl_dag.py
[2026-01-07T14:56:13.337+0000] {logging_mixin.py:188} INFO - [2026-01-07T14:56:13.337+0000] {dag.py:3036} INFO - Sync 1 DAGs
[2026-01-07T14:56:13.351+0000] {logging_mixin.py:188} INFO - [2026-01-07T14:56:13.351+0000] {dag.py:3823} INFO - Setting next_dagrun for daily_revenue_etl_dag to 2026-01-07 00:00:00+00:00, run_after=2026-01-08 00:00:00+00:00
[2026-01-07T14:56:13.362+0000] {processor.py:183} INFO - Processing /opt/airflow/dags/daily_revenue_etl_dag.py took 0.057 seconds
[2026-01-07T14:56:13.383+0000] {processor.py:161} INFO - Started process (PID=2062) to work on /opt/airflow/dags/daily_revenue_etl_dag.py
[2026-01-07T14:56:13.384+0000] {processor.py:830} INFO - Processing file /opt/airflow/dags/daily_revenue_etl_dag.py for tasks to queue
[2026-01-07T14:56:13.384+0000] {logging_mixin.py:188} INFO - [2026-01-07T14:56:13.384+0000] {dagbag.py:538} INFO - Filling up the DagBag from /opt/airflow/dags/daily_revenue_etl_dag.py
[2026-01-07T14:56:13.395+0000] {processor.py:840} INFO - DAG(s) 'daily_revenue_etl_dag' retrieved from /opt/airflow/dags/daily_revenue_etl_dag.py
[2026-01-07T14:56:13.411+0000] {logging_mixin.py:188} INFO - [2026-01-07T14:56:13.411+0000] {dag.py:3036} INFO - Sync 1 DAGs
[2026-01-07T14:56:13.423+0000] {logging_mixin.py:188} INFO - [2026-01-07T14:56:13.423+0000] {dag.py:3823} INFO - Setting next_dagrun for daily_revenue_etl_dag to 2026-01-07 00:00:00+00:00, run_after=2026-01-08 00:00:00+00:00
[2026-01-07T14:56:13.433+0000] {processor.py:183} INFO - Processing /opt/airflow/dags/daily_revenue_etl_dag.py took 0.052 seconds
[2026-01-07T14:56:13.454+0000] {processor.py:161} INFO - Started process (PID=2067) to work on /opt/airflow/dags/daily_revenue_etl_dag.py
[2026-01-07T14:56:13.455+0000] {processor.py:830} INFO - Processing file /opt/airflow/dags/daily_revenue_etl_dag.py for tasks to queue
[2026-01-07T14:56:13.455+0000] {logging_mixin.py:188} INFO - [2026-01-07T14:56:13.455+0000] {dagbag.py:538} INFO - Filling up the DagBag from /opt/airflow/dags/daily_revenue_etl_dag.py
[2026-01-07T14:56:13.467+0000] {processor.py:840} INFO - DAG(s) 'daily_revenue_etl_dag' retrieved from /opt/airflow/dags/daily_revenue_etl_dag.py
[2026-01-07T14:56:13.482+0000] {logging_mixin.py:188} INFO - [2026-01-07T14:56:13.482+0000] {dag.py:3036} INFO - Sync 1 DAGs
[2026-01-07T14:56:13.495+0000] {logging_mixin.py:188} INFO - [2026-01-07T14:56:13.495+0000] {dag.py:3823} INFO - Setting next_dagrun for daily_revenue_etl_dag to 2026-01-07 00:00:00+00:00, run_after=2026-01-08 00:00:00+00:00
[2026-01-07T14:56:13.509+0000] {processor.py:183} INFO - Processing /opt/airflow/dags/daily_revenue_etl_dag.py took 0.057 seconds
[2026-01-07T14:56:13.538+0000] {processor.py:161} INFO - Started process (PID=2072) to work on /opt/airflow/dags/daily_revenue_etl_dag.py
[2026-01-07T14:56:13.539+0000] {processor.py:830} INFO - Processing file /opt/airflow/dags/daily_revenue_etl_dag.py for tasks to queue
[2026-01-07T14:56:13.540+0000] {logging_mixin.py:188} INFO - [2026-01-07T14:56:13.539+0000] {dagbag.py:538} INFO - Filling up the DagBag from /opt/airflow/dags/daily_revenue_etl_dag.py
[2026-01-07T14:56:13.551+0000] {processor.py:840} INFO - DAG(s) 'daily_revenue_etl_dag' retrieved from /opt/airflow/dags/daily_revenue_etl_dag.py
[2026-01-07T14:56:13.567+0000] {logging_mixin.py:188} INFO - [2026-01-07T14:56:13.567+0000] {dag.py:3036} INFO - Sync 1 DAGs
[2026-01-07T14:56:13.580+0000] {logging_mixin.py:188} INFO - [2026-01-07T14:56:13.580+0000] {dag.py:3823} INFO - Setting next_dagrun for daily_revenue_etl_dag to 2026-01-07 00:00:00+00:00, run_after=2026-01-08 00:00:00+00:00
[2026-01-07T14:56:13.591+0000] {processor.py:183} INFO - Processing /opt/airflow/dags/daily_revenue_etl_dag.py took 0.055 seconds
[2026-01-07T14:56:13.615+0000] {processor.py:161} INFO - Started process (PID=2077) to work on /opt/airflow/dags/daily_revenue_etl_dag.py
[2026-01-07T14:56:13.616+0000] {processor.py:830} INFO - Processing file /opt/airflow/dags/daily_revenue_etl_dag.py for tasks to queue
[2026-01-07T14:56:13.616+0000] {logging_mixin.py:188} INFO - [2026-01-07T14:56:13.616+0000] {dagbag.py:538} INFO - Filling up the DagBag from /opt/airflow/dags/daily_revenue_etl_dag.py
[2026-01-07T14:56:13.630+0000] {processor.py:840} INFO - DAG(s) 'daily_revenue_etl_dag' retrieved from /opt/airflow/dags/daily_revenue_etl_dag.py
[2026-01-07T14:56:13.650+0000] {logging_mixin.py:188} INFO - [2026-01-07T14:56:13.650+0000] {dag.py:3036} INFO - Sync 1 DAGs
[2026-01-07T14:56:13.670+0000] {logging_mixin.py:188} INFO - [2026-01-07T14:56:13.669+0000] {dag.py:3823} INFO - Setting next_dagrun for daily_revenue_etl_dag to 2026-01-07 00:00:00+00:00, run_after=2026-01-08 00:00:00+00:00
[2026-01-07T14:56:13.683+0000] {processor.py:183} INFO - Processing /opt/airflow/dags/daily_revenue_etl_dag.py took 0.071 seconds
[2026-01-07T14:56:13.706+0000] {processor.py:161} INFO - Started process (PID=2082) to work on /opt/airflow/dags/daily_revenue_etl_dag.py
[2026-01-07T14:56:13.707+0000] {processor.py:830} INFO - Processing file /opt/airflow/dags/daily_revenue_etl_dag.py for tasks to queue
[2026-01-07T14:56:13.708+0000] {logging_mixin.py:188} INFO - [2026-01-07T14:56:13.707+0000] {dagbag.py:538} INFO - Filling up the DagBag from /opt/airflow/dags/daily_revenue_etl_dag.py
[2026-01-07T14:56:13.721+0000] {processor.py:840} INFO - DAG(s) 'daily_revenue_etl_dag' retrieved from /opt/airflow/dags/daily_revenue_etl_dag.py
[2026-01-07T14:56:13.740+0000] {logging_mixin.py:188} INFO - [2026-01-07T14:56:13.740+0000] {dag.py:3036} INFO - Sync 1 DAGs
[2026-01-07T14:56:13.754+0000] {logging_mixin.py:188} INFO - [2026-01-07T14:56:13.753+0000] {dag.py:3823} INFO - Setting next_dagrun for daily_revenue_etl_dag to 2026-01-07 00:00:00+00:00, run_after=2026-01-08 00:00:00+00:00
[2026-01-07T14:56:13.765+0000] {processor.py:183} INFO - Processing /opt/airflow/dags/daily_revenue_etl_dag.py took 0.061 seconds
[2026-01-07T14:56:13.790+0000] {processor.py:161} INFO - Started process (PID=2087) to work on /opt/airflow/dags/daily_revenue_etl_dag.py
[2026-01-07T14:56:13.791+0000] {processor.py:830} INFO - Processing file /opt/airflow/dags/daily_revenue_etl_dag.py for tasks to queue
[2026-01-07T14:56:13.791+0000] {logging_mixin.py:188} INFO - [2026-01-07T14:56:13.791+0000] {dagbag.py:538} INFO - Filling up the DagBag from /opt/airflow/dags/daily_revenue_etl_dag.py
[2026-01-07T14:56:13.804+0000] {processor.py:840} INFO - DAG(s) 'daily_revenue_etl_dag' retrieved from /opt/airflow/dags/daily_revenue_etl_dag.py
[2026-01-07T14:56:13.821+0000] {logging_mixin.py:188} INFO - [2026-01-07T14:56:13.821+0000] {dag.py:3036} INFO - Sync 1 DAGs
[2026-01-07T14:56:13.838+0000] {logging_mixin.py:188} INFO - [2026-01-07T14:56:13.838+0000] {dag.py:3823} INFO - Setting next_dagrun for daily_revenue_etl_dag to 2026-01-07 00:00:00+00:00, run_after=2026-01-08 00:00:00+00:00
[2026-01-07T14:56:13.850+0000] {processor.py:183} INFO - Processing /opt/airflow/dags/daily_revenue_etl_dag.py took 0.062 seconds
[2026-01-07T14:56:13.885+0000] {processor.py:161} INFO - Started process (PID=2092) to work on /opt/airflow/dags/daily_revenue_etl_dag.py
[2026-01-07T14:56:13.886+0000] {processor.py:830} INFO - Processing file /opt/airflow/dags/daily_revenue_etl_dag.py for tasks to queue
[2026-01-07T14:56:13.886+0000] {logging_mixin.py:188} INFO - [2026-01-07T14:56:13.886+0000] {dagbag.py:538} INFO - Filling up the DagBag from /opt/airflow/dags/daily_revenue_etl_dag.py
[2026-01-07T14:56:13.901+0000] {processor.py:840} INFO - DAG(s) 'daily_revenue_etl_dag' retrieved from /opt/airflow/dags/daily_revenue_etl_dag.py
[2026-01-07T14:56:13.917+0000] {logging_mixin.py:188} INFO - [2026-01-07T14:56:13.916+0000] {dag.py:3036} INFO - Sync 1 DAGs
[2026-01-07T14:56:13.931+0000] {logging_mixin.py:188} INFO - [2026-01-07T14:56:13.931+0000] {dag.py:3823} INFO - Setting next_dagrun for daily_revenue_etl_dag to 2026-01-07 00:00:00+00:00, run_after=2026-01-08 00:00:00+00:00
[2026-01-07T14:56:13.943+0000] {processor.py:183} INFO - Processing /opt/airflow/dags/daily_revenue_etl_dag.py took 0.061 seconds
[2026-01-07T14:56:13.967+0000] {processor.py:161} INFO - Started process (PID=2097) to work on /opt/airflow/dags/daily_revenue_etl_dag.py
[2026-01-07T14:56:13.968+0000] {processor.py:830} INFO - Processing file /opt/airflow/dags/daily_revenue_etl_dag.py for tasks to queue
[2026-01-07T14:56:13.969+0000] {logging_mixin.py:188} INFO - [2026-01-07T14:56:13.968+0000] {dagbag.py:538} INFO - Filling up the DagBag from /opt/airflow/dags/daily_revenue_etl_dag.py
[2026-01-07T14:56:13.989+0000] {processor.py:840} INFO - DAG(s) 'daily_revenue_etl_dag' retrieved from /opt/airflow/dags/daily_revenue_etl_dag.py
[2026-01-07T14:56:14.011+0000] {logging_mixin.py:188} INFO - [2026-01-07T14:56:14.010+0000] {dag.py:3036} INFO - Sync 1 DAGs
[2026-01-07T14:56:14.031+0000] {logging_mixin.py:188} INFO - [2026-01-07T14:56:14.031+0000] {dag.py:3823} INFO - Setting next_dagrun for daily_revenue_etl_dag to 2026-01-07 00:00:00+00:00, run_after=2026-01-08 00:00:00+00:00
[2026-01-07T14:56:14.044+0000] {processor.py:183} INFO - Processing /opt/airflow/dags/daily_revenue_etl_dag.py took 0.081 seconds
[2026-01-07T14:56:14.074+0000] {processor.py:161} INFO - Started process (PID=2102) to work on /opt/airflow/dags/daily_revenue_etl_dag.py
[2026-01-07T14:56:14.075+0000] {processor.py:830} INFO - Processing file /opt/airflow/dags/daily_revenue_etl_dag.py for tasks to queue
[2026-01-07T14:56:14.077+0000] {logging_mixin.py:188} INFO - [2026-01-07T14:56:14.076+0000] {dagbag.py:538} INFO - Filling up the DagBag from /opt/airflow/dags/daily_revenue_etl_dag.py
[2026-01-07T14:56:14.089+0000] {processor.py:840} INFO - DAG(s) 'daily_revenue_etl_dag' retrieved from /opt/airflow/dags/daily_revenue_etl_dag.py
[2026-01-07T14:56:14.109+0000] {logging_mixin.py:188} INFO - [2026-01-07T14:56:14.108+0000] {dag.py:3036} INFO - Sync 1 DAGs
[2026-01-07T14:56:14.122+0000] {logging_mixin.py:188} INFO - [2026-01-07T14:56:14.122+0000] {dag.py:3823} INFO - Setting next_dagrun for daily_revenue_etl_dag to 2026-01-07 00:00:00+00:00, run_after=2026-01-08 00:00:00+00:00
[2026-01-07T14:56:14.138+0000] {processor.py:183} INFO - Processing /opt/airflow/dags/daily_revenue_etl_dag.py took 0.066 seconds
[2026-01-07T14:56:14.161+0000] {processor.py:161} INFO - Started process (PID=2107) to work on /opt/airflow/dags/daily_revenue_etl_dag.py
[2026-01-07T14:56:14.162+0000] {processor.py:830} INFO - Processing file /opt/airflow/dags/daily_revenue_etl_dag.py for tasks to queue
[2026-01-07T14:56:14.163+0000] {logging_mixin.py:188} INFO - [2026-01-07T14:56:14.162+0000] {dagbag.py:538} INFO - Filling up the DagBag from /opt/airflow/dags/daily_revenue_etl_dag.py
[2026-01-07T14:56:14.174+0000] {processor.py:840} INFO - DAG(s) 'daily_revenue_etl_dag' retrieved from /opt/airflow/dags/daily_revenue_etl_dag.py
[2026-01-07T14:56:14.189+0000] {logging_mixin.py:188} INFO - [2026-01-07T14:56:14.189+0000] {dag.py:3036} INFO - Sync 1 DAGs
[2026-01-07T14:56:14.204+0000] {logging_mixin.py:188} INFO - [2026-01-07T14:56:14.204+0000] {dag.py:3823} INFO - Setting next_dagrun for daily_revenue_etl_dag to 2026-01-07 00:00:00+00:00, run_after=2026-01-08 00:00:00+00:00
[2026-01-07T14:56:14.216+0000] {processor.py:183} INFO - Processing /opt/airflow/dags/daily_revenue_etl_dag.py took 0.057 seconds
[2026-01-07T14:56:14.242+0000] {processor.py:161} INFO - Started process (PID=2112) to work on /opt/airflow/dags/daily_revenue_etl_dag.py
[2026-01-07T14:56:14.243+0000] {processor.py:830} INFO - Processing file /opt/airflow/dags/daily_revenue_etl_dag.py for tasks to queue
[2026-01-07T14:56:14.244+0000] {logging_mixin.py:188} INFO - [2026-01-07T14:56:14.243+0000] {dagbag.py:538} INFO - Filling up the DagBag from /opt/airflow/dags/daily_revenue_etl_dag.py
[2026-01-07T14:56:14.259+0000] {processor.py:840} INFO - DAG(s) 'daily_revenue_etl_dag' retrieved from /opt/airflow/dags/daily_revenue_etl_dag.py
[2026-01-07T14:56:14.277+0000] {logging_mixin.py:188} INFO - [2026-01-07T14:56:14.277+0000] {dag.py:3036} INFO - Sync 1 DAGs
[2026-01-07T14:56:14.291+0000] {logging_mixin.py:188} INFO - [2026-01-07T14:56:14.291+0000] {dag.py:3823} INFO - Setting next_dagrun for daily_revenue_etl_dag to 2026-01-07 00:00:00+00:00, run_after=2026-01-08 00:00:00+00:00
[2026-01-07T14:56:14.304+0000] {processor.py:183} INFO - Processing /opt/airflow/dags/daily_revenue_etl_dag.py took 0.064 seconds
[2026-01-07T14:56:14.325+0000] {processor.py:161} INFO - Started process (PID=2117) to work on /opt/airflow/dags/daily_revenue_etl_dag.py
[2026-01-07T14:56:14.326+0000] {processor.py:830} INFO - Processing file /opt/airflow/dags/daily_revenue_etl_dag.py for tasks to queue
[2026-01-07T14:56:14.326+0000] {logging_mixin.py:188} INFO - [2026-01-07T14:56:14.326+0000] {dagbag.py:538} INFO - Filling up the DagBag from /opt/airflow/dags/daily_revenue_etl_dag.py
[2026-01-07T14:56:14.339+0000] {processor.py:840} INFO - DAG(s) 'daily_revenue_etl_dag' retrieved from /opt/airflow/dags/daily_revenue_etl_dag.py
[2026-01-07T14:56:14.357+0000] {logging_mixin.py:188} INFO - [2026-01-07T14:56:14.357+0000] {dag.py:3036} INFO - Sync 1 DAGs
[2026-01-07T14:56:14.370+0000] {logging_mixin.py:188} INFO - [2026-01-07T14:56:14.370+0000] {dag.py:3823} INFO - Setting next_dagrun for daily_revenue_etl_dag to 2026-01-07 00:00:00+00:00, run_after=2026-01-08 00:00:00+00:00
[2026-01-07T14:56:14.381+0000] {processor.py:183} INFO - Processing /opt/airflow/dags/daily_revenue_etl_dag.py took 0.058 seconds
[2026-01-07T14:56:14.407+0000] {processor.py:161} INFO - Started process (PID=2122) to work on /opt/airflow/dags/daily_revenue_etl_dag.py
[2026-01-07T14:56:14.408+0000] {processor.py:830} INFO - Processing file /opt/airflow/dags/daily_revenue_etl_dag.py for tasks to queue
[2026-01-07T14:56:14.409+0000] {logging_mixin.py:188} INFO - [2026-01-07T14:56:14.409+0000] {dagbag.py:538} INFO - Filling up the DagBag from /opt/airflow/dags/daily_revenue_etl_dag.py
[2026-01-07T14:56:14.424+0000] {processor.py:840} INFO - DAG(s) 'daily_revenue_etl_dag' retrieved from /opt/airflow/dags/daily_revenue_etl_dag.py
[2026-01-07T14:56:14.444+0000] {logging_mixin.py:188} INFO - [2026-01-07T14:56:14.444+0000] {dag.py:3036} INFO - Sync 1 DAGs
[2026-01-07T14:56:14.461+0000] {logging_mixin.py:188} INFO - [2026-01-07T14:56:14.461+0000] {dag.py:3823} INFO - Setting next_dagrun for daily_revenue_etl_dag to 2026-01-07 00:00:00+00:00, run_after=2026-01-08 00:00:00+00:00
[2026-01-07T14:56:14.478+0000] {processor.py:183} INFO - Processing /opt/airflow/dags/daily_revenue_etl_dag.py took 0.074 seconds
[2026-01-07T14:56:14.509+0000] {processor.py:161} INFO - Started process (PID=2127) to work on /opt/airflow/dags/daily_revenue_etl_dag.py
[2026-01-07T14:56:14.510+0000] {processor.py:830} INFO - Processing file /opt/airflow/dags/daily_revenue_etl_dag.py for tasks to queue
[2026-01-07T14:56:14.511+0000] {logging_mixin.py:188} INFO - [2026-01-07T14:56:14.510+0000] {dagbag.py:538} INFO - Filling up the DagBag from /opt/airflow/dags/daily_revenue_etl_dag.py
[2026-01-07T14:56:14.527+0000] {processor.py:840} INFO - DAG(s) 'daily_revenue_etl_dag' retrieved from /opt/airflow/dags/daily_revenue_etl_dag.py
[2026-01-07T14:56:14.547+0000] {logging_mixin.py:188} INFO - [2026-01-07T14:56:14.546+0000] {dag.py:3036} INFO - Sync 1 DAGs
[2026-01-07T14:56:14.561+0000] {logging_mixin.py:188} INFO - [2026-01-07T14:56:14.561+0000] {dag.py:3823} INFO - Setting next_dagrun for daily_revenue_etl_dag to 2026-01-07 00:00:00+00:00, run_after=2026-01-08 00:00:00+00:00
[2026-01-07T14:56:14.575+0000] {processor.py:183} INFO - Processing /opt/airflow/dags/daily_revenue_etl_dag.py took 0.069 seconds
[2026-01-07T14:56:14.601+0000] {processor.py:161} INFO - Started process (PID=2132) to work on /opt/airflow/dags/daily_revenue_etl_dag.py
[2026-01-07T14:56:14.602+0000] {processor.py:830} INFO - Processing file /opt/airflow/dags/daily_revenue_etl_dag.py for tasks to queue
[2026-01-07T14:56:14.603+0000] {logging_mixin.py:188} INFO - [2026-01-07T14:56:14.602+0000] {dagbag.py:538} INFO - Filling up the DagBag from /opt/airflow/dags/daily_revenue_etl_dag.py
[2026-01-07T14:56:14.615+0000] {processor.py:840} INFO - DAG(s) 'daily_revenue_etl_dag' retrieved from /opt/airflow/dags/daily_revenue_etl_dag.py
[2026-01-07T14:56:14.634+0000] {logging_mixin.py:188} INFO - [2026-01-07T14:56:14.634+0000] {dag.py:3036} INFO - Sync 1 DAGs
[2026-01-07T14:56:14.647+0000] {logging_mixin.py:188} INFO - [2026-01-07T14:56:14.646+0000] {dag.py:3823} INFO - Setting next_dagrun for daily_revenue_etl_dag to 2026-01-07 00:00:00+00:00, run_after=2026-01-08 00:00:00+00:00
[2026-01-07T14:56:14.658+0000] {processor.py:183} INFO - Processing /opt/airflow/dags/daily_revenue_etl_dag.py took 0.060 seconds
[2026-01-07T14:56:14.683+0000] {processor.py:161} INFO - Started process (PID=2137) to work on /opt/airflow/dags/daily_revenue_etl_dag.py
[2026-01-07T14:56:14.684+0000] {processor.py:830} INFO - Processing file /opt/airflow/dags/daily_revenue_etl_dag.py for tasks to queue
[2026-01-07T14:56:14.684+0000] {logging_mixin.py:188} INFO - [2026-01-07T14:56:14.684+0000] {dagbag.py:538} INFO - Filling up the DagBag from /opt/airflow/dags/daily_revenue_etl_dag.py
[2026-01-07T14:56:14.697+0000] {processor.py:840} INFO - DAG(s) 'daily_revenue_etl_dag' retrieved from /opt/airflow/dags/daily_revenue_etl_dag.py
[2026-01-07T14:56:14.719+0000] {logging_mixin.py:188} INFO - [2026-01-07T14:56:14.719+0000] {dag.py:3036} INFO - Sync 1 DAGs
[2026-01-07T14:56:14.735+0000] {logging_mixin.py:188} INFO - [2026-01-07T14:56:14.735+0000] {dag.py:3823} INFO - Setting next_dagrun for daily_revenue_etl_dag to 2026-01-07 00:00:00+00:00, run_after=2026-01-08 00:00:00+00:00
[2026-01-07T14:56:14.747+0000] {processor.py:183} INFO - Processing /opt/airflow/dags/daily_revenue_etl_dag.py took 0.067 seconds
[2026-01-07T14:56:14.776+0000] {processor.py:161} INFO - Started process (PID=2142) to work on /opt/airflow/dags/daily_revenue_etl_dag.py
[2026-01-07T14:56:14.777+0000] {processor.py:830} INFO - Processing file /opt/airflow/dags/daily_revenue_etl_dag.py for tasks to queue
[2026-01-07T14:56:14.779+0000] {logging_mixin.py:188} INFO - [2026-01-07T14:56:14.778+0000] {dagbag.py:538} INFO - Filling up the DagBag from /opt/airflow/dags/daily_revenue_etl_dag.py
[2026-01-07T14:56:14.792+0000] {processor.py:840} INFO - DAG(s) 'daily_revenue_etl_dag' retrieved from /opt/airflow/dags/daily_revenue_etl_dag.py
[2026-01-07T14:56:14.808+0000] {logging_mixin.py:188} INFO - [2026-01-07T14:56:14.807+0000] {dag.py:3036} INFO - Sync 1 DAGs
[2026-01-07T14:56:14.822+0000] {logging_mixin.py:188} INFO - [2026-01-07T14:56:14.822+0000] {dag.py:3823} INFO - Setting next_dagrun for daily_revenue_etl_dag to 2026-01-07 00:00:00+00:00, run_after=2026-01-08 00:00:00+00:00
[2026-01-07T14:56:14.833+0000] {processor.py:183} INFO - Processing /opt/airflow/dags/daily_revenue_etl_dag.py took 0.059 seconds
[2026-01-07T14:56:14.856+0000] {processor.py:161} INFO - Started process (PID=2147) to work on /opt/airflow/dags/daily_revenue_etl_dag.py
[2026-01-07T14:56:14.857+0000] {processor.py:830} INFO - Processing file /opt/airflow/dags/daily_revenue_etl_dag.py for tasks to queue
[2026-01-07T14:56:14.857+0000] {logging_mixin.py:188} INFO - [2026-01-07T14:56:14.857+0000] {dagbag.py:538} INFO - Filling up the DagBag from /opt/airflow/dags/daily_revenue_etl_dag.py
[2026-01-07T14:56:14.868+0000] {processor.py:840} INFO - DAG(s) 'daily_revenue_etl_dag' retrieved from /opt/airflow/dags/daily_revenue_etl_dag.py
[2026-01-07T14:56:14.887+0000] {logging_mixin.py:188} INFO - [2026-01-07T14:56:14.887+0000] {dag.py:3036} INFO - Sync 1 DAGs
[2026-01-07T14:56:14.904+0000] {logging_mixin.py:188} INFO - [2026-01-07T14:56:14.904+0000] {dag.py:3823} INFO - Setting next_dagrun for daily_revenue_etl_dag to 2026-01-07 00:00:00+00:00, run_after=2026-01-08 00:00:00+00:00
[2026-01-07T14:56:14.920+0000] {processor.py:183} INFO - Processing /opt/airflow/dags/daily_revenue_etl_dag.py took 0.067 seconds
[2026-01-07T14:56:14.953+0000] {processor.py:161} INFO - Started process (PID=2152) to work on /opt/airflow/dags/daily_revenue_etl_dag.py
[2026-01-07T14:56:14.954+0000] {processor.py:830} INFO - Processing file /opt/airflow/dags/daily_revenue_etl_dag.py for tasks to queue
[2026-01-07T14:56:14.954+0000] {logging_mixin.py:188} INFO - [2026-01-07T14:56:14.954+0000] {dagbag.py:538} INFO - Filling up the DagBag from /opt/airflow/dags/daily_revenue_etl_dag.py
[2026-01-07T14:56:14.968+0000] {processor.py:840} INFO - DAG(s) 'daily_revenue_etl_dag' retrieved from /opt/airflow/dags/daily_revenue_etl_dag.py
[2026-01-07T14:56:14.984+0000] {logging_mixin.py:188} INFO - [2026-01-07T14:56:14.984+0000] {dag.py:3036} INFO - Sync 1 DAGs
[2026-01-07T14:56:14.999+0000] {logging_mixin.py:188} INFO - [2026-01-07T14:56:14.999+0000] {dag.py:3823} INFO - Setting next_dagrun for daily_revenue_etl_dag to 2026-01-07 00:00:00+00:00, run_after=2026-01-08 00:00:00+00:00
[2026-01-07T14:56:15.011+0000] {processor.py:183} INFO - Processing /opt/airflow/dags/daily_revenue_etl_dag.py took 0.061 seconds
[2026-01-07T14:56:15.033+0000] {processor.py:161} INFO - Started process (PID=2157) to work on /opt/airflow/dags/daily_revenue_etl_dag.py
[2026-01-07T14:56:15.034+0000] {processor.py:830} INFO - Processing file /opt/airflow/dags/daily_revenue_etl_dag.py for tasks to queue
[2026-01-07T14:56:15.035+0000] {logging_mixin.py:188} INFO - [2026-01-07T14:56:15.035+0000] {dagbag.py:538} INFO - Filling up the DagBag from /opt/airflow/dags/daily_revenue_etl_dag.py
[2026-01-07T14:56:15.049+0000] {processor.py:840} INFO - DAG(s) 'daily_revenue_etl_dag' retrieved from /opt/airflow/dags/daily_revenue_etl_dag.py
[2026-01-07T14:56:15.065+0000] {logging_mixin.py:188} INFO - [2026-01-07T14:56:15.065+0000] {dag.py:3036} INFO - Sync 1 DAGs
[2026-01-07T14:56:15.082+0000] {logging_mixin.py:188} INFO - [2026-01-07T14:56:15.082+0000] {dag.py:3823} INFO - Setting next_dagrun for daily_revenue_etl_dag to 2026-01-07 00:00:00+00:00, run_after=2026-01-08 00:00:00+00:00
[2026-01-07T14:56:15.094+0000] {processor.py:183} INFO - Processing /opt/airflow/dags/daily_revenue_etl_dag.py took 0.063 seconds
[2026-01-07T14:56:15.116+0000] {processor.py:161} INFO - Started process (PID=2162) to work on /opt/airflow/dags/daily_revenue_etl_dag.py
[2026-01-07T14:56:15.117+0000] {processor.py:830} INFO - Processing file /opt/airflow/dags/daily_revenue_etl_dag.py for tasks to queue
[2026-01-07T14:56:15.118+0000] {logging_mixin.py:188} INFO - [2026-01-07T14:56:15.118+0000] {dagbag.py:538} INFO - Filling up the DagBag from /opt/airflow/dags/daily_revenue_etl_dag.py
[2026-01-07T14:56:15.132+0000] {processor.py:840} INFO - DAG(s) 'daily_revenue_etl_dag' retrieved from /opt/airflow/dags/daily_revenue_etl_dag.py
[2026-01-07T14:56:15.150+0000] {logging_mixin.py:188} INFO - [2026-01-07T14:56:15.149+0000] {dag.py:3036} INFO - Sync 1 DAGs
[2026-01-07T14:56:15.165+0000] {logging_mixin.py:188} INFO - [2026-01-07T14:56:15.165+0000] {dag.py:3823} INFO - Setting next_dagrun for daily_revenue_etl_dag to 2026-01-07 00:00:00+00:00, run_after=2026-01-08 00:00:00+00:00
[2026-01-07T14:56:15.177+0000] {processor.py:183} INFO - Processing /opt/airflow/dags/daily_revenue_etl_dag.py took 0.063 seconds
[2026-01-07T14:56:15.200+0000] {processor.py:161} INFO - Started process (PID=2167) to work on /opt/airflow/dags/daily_revenue_etl_dag.py
[2026-01-07T14:56:15.200+0000] {processor.py:830} INFO - Processing file /opt/airflow/dags/daily_revenue_etl_dag.py for tasks to queue
[2026-01-07T14:56:15.201+0000] {logging_mixin.py:188} INFO - [2026-01-07T14:56:15.201+0000] {dagbag.py:538} INFO - Filling up the DagBag from /opt/airflow/dags/daily_revenue_etl_dag.py
[2026-01-07T14:56:15.212+0000] {processor.py:840} INFO - DAG(s) 'daily_revenue_etl_dag' retrieved from /opt/airflow/dags/daily_revenue_etl_dag.py
[2026-01-07T14:56:15.229+0000] {logging_mixin.py:188} INFO - [2026-01-07T14:56:15.229+0000] {dag.py:3036} INFO - Sync 1 DAGs
[2026-01-07T14:58:40.023+0000] {logging_mixin.py:188} INFO - [2026-01-07T14:58:40.022+0000] {dag.py:3823} INFO - Setting next_dagrun for daily_revenue_etl_dag to 2026-01-07 00:00:00+00:00, run_after=2026-01-08 00:00:00+00:00
[2026-01-07T14:58:40.036+0000] {processor.py:183} INFO - Processing /opt/airflow/dags/daily_revenue_etl_dag.py took 0.059 seconds
[2026-01-07T14:56:16.227+0000] {processor.py:161} INFO - Started process (PID=2172) to work on /opt/airflow/dags/daily_revenue_etl_dag.py
[2026-01-07T14:56:16.228+0000] {processor.py:830} INFO - Processing file /opt/airflow/dags/daily_revenue_etl_dag.py for tasks to queue
[2026-01-07T14:56:16.229+0000] {logging_mixin.py:188} INFO - [2026-01-07T14:56:16.229+0000] {dagbag.py:538} INFO - Filling up the DagBag from /opt/airflow/dags/daily_revenue_etl_dag.py
[2026-01-07T14:56:16.251+0000] {processor.py:840} INFO - DAG(s) 'daily_revenue_etl_dag' retrieved from /opt/airflow/dags/daily_revenue_etl_dag.py
[2026-01-07T14:56:16.320+0000] {logging_mixin.py:188} INFO - [2026-01-07T14:56:16.320+0000] {dag.py:3036} INFO - Sync 1 DAGs
[2026-01-07T14:56:16.336+0000] {logging_mixin.py:188} INFO - [2026-01-07T14:56:16.336+0000] {dag.py:3823} INFO - Setting next_dagrun for daily_revenue_etl_dag to 2026-01-07 00:00:00+00:00, run_after=2026-01-08 00:00:00+00:00
[2026-01-07T14:56:16.355+0000] {processor.py:183} INFO - Processing /opt/airflow/dags/daily_revenue_etl_dag.py took 0.131 seconds
[2026-01-07T14:56:16.382+0000] {processor.py:161} INFO - Started process (PID=2177) to work on /opt/airflow/dags/daily_revenue_etl_dag.py
[2026-01-07T14:56:16.383+0000] {processor.py:830} INFO - Processing file /opt/airflow/dags/daily_revenue_etl_dag.py for tasks to queue
[2026-01-07T14:56:16.384+0000] {logging_mixin.py:188} INFO - [2026-01-07T14:56:16.383+0000] {dagbag.py:538} INFO - Filling up the DagBag from /opt/airflow/dags/daily_revenue_etl_dag.py
[2026-01-07T14:56:16.396+0000] {processor.py:840} INFO - DAG(s) 'daily_revenue_etl_dag' retrieved from /opt/airflow/dags/daily_revenue_etl_dag.py
[2026-01-07T14:56:16.406+0000] {logging_mixin.py:188} INFO - [2026-01-07T14:56:16.405+0000] {dag.py:3036} INFO - Sync 1 DAGs
[2026-01-07T14:56:16.423+0000] {logging_mixin.py:188} INFO - [2026-01-07T14:56:16.423+0000] {dag.py:3823} INFO - Setting next_dagrun for daily_revenue_etl_dag to 2026-01-07 00:00:00+00:00, run_after=2026-01-08 00:00:00+00:00
[2026-01-07T14:56:16.435+0000] {processor.py:183} INFO - Processing /opt/airflow/dags/daily_revenue_etl_dag.py took 0.056 seconds
[2026-01-07T14:56:16.460+0000] {processor.py:161} INFO - Started process (PID=2182) to work on /opt/airflow/dags/daily_revenue_etl_dag.py
[2026-01-07T14:56:16.461+0000] {processor.py:830} INFO - Processing file /opt/airflow/dags/daily_revenue_etl_dag.py for tasks to queue
[2026-01-07T14:56:16.462+0000] {logging_mixin.py:188} INFO - [2026-01-07T14:56:16.462+0000] {dagbag.py:538} INFO - Filling up the DagBag from /opt/airflow/dags/daily_revenue_etl_dag.py
[2026-01-07T14:56:16.478+0000] {processor.py:840} INFO - DAG(s) 'daily_revenue_etl_dag' retrieved from /opt/airflow/dags/daily_revenue_etl_dag.py
[2026-01-07T14:56:16.485+0000] {logging_mixin.py:188} INFO - [2026-01-07T14:56:16.485+0000] {dag.py:3036} INFO - Sync 1 DAGs
[2026-01-07T14:56:16.499+0000] {logging_mixin.py:188} INFO - [2026-01-07T14:56:16.499+0000] {dag.py:3823} INFO - Setting next_dagrun for daily_revenue_etl_dag to 2026-01-07 00:00:00+00:00, run_after=2026-01-08 00:00:00+00:00
[2026-01-07T14:56:16.510+0000] {processor.py:183} INFO - Processing /opt/airflow/dags/daily_revenue_etl_dag.py took 0.053 seconds
[2026-01-07T14:56:16.532+0000] {processor.py:161} INFO - Started process (PID=2187) to work on /opt/airflow/dags/daily_revenue_etl_dag.py
[2026-01-07T14:56:16.533+0000] {processor.py:830} INFO - Processing file /opt/airflow/dags/daily_revenue_etl_dag.py for tasks to queue
[2026-01-07T14:56:16.534+0000] {logging_mixin.py:188} INFO - [2026-01-07T14:56:16.534+0000] {dagbag.py:538} INFO - Filling up the DagBag from /opt/airflow/dags/daily_revenue_etl_dag.py
[2026-01-07T14:56:16.548+0000] {processor.py:840} INFO - DAG(s) 'daily_revenue_etl_dag' retrieved from /opt/airflow/dags/daily_revenue_etl_dag.py
[2026-01-07T14:56:16.556+0000] {logging_mixin.py:188} INFO - [2026-01-07T14:56:16.556+0000] {dag.py:3036} INFO - Sync 1 DAGs
[2026-01-07T14:56:16.573+0000] {logging_mixin.py:188} INFO - [2026-01-07T14:56:16.573+0000] {dag.py:3823} INFO - Setting next_dagrun for daily_revenue_etl_dag to 2026-01-07 00:00:00+00:00, run_after=2026-01-08 00:00:00+00:00
[2026-01-07T14:56:16.585+0000] {processor.py:183} INFO - Processing /opt/airflow/dags/daily_revenue_etl_dag.py took 0.055 seconds
[2026-01-07T14:56:16.617+0000] {processor.py:161} INFO - Started process (PID=2192) to work on /opt/airflow/dags/daily_revenue_etl_dag.py
[2026-01-07T14:56:16.618+0000] {processor.py:830} INFO - Processing file /opt/airflow/dags/daily_revenue_etl_dag.py for tasks to queue
[2026-01-07T14:56:16.618+0000] {logging_mixin.py:188} INFO - [2026-01-07T14:56:16.618+0000] {dagbag.py:538} INFO - Filling up the DagBag from /opt/airflow/dags/daily_revenue_etl_dag.py
[2026-01-07T14:56:16.633+0000] {processor.py:840} INFO - DAG(s) 'daily_revenue_etl_dag' retrieved from /opt/airflow/dags/daily_revenue_etl_dag.py
[2026-01-07T14:56:16.641+0000] {logging_mixin.py:188} INFO - [2026-01-07T14:56:16.641+0000] {dag.py:3036} INFO - Sync 1 DAGs
[2026-01-07T14:56:16.656+0000] {logging_mixin.py:188} INFO - [2026-01-07T14:56:16.655+0000] {dag.py:3823} INFO - Setting next_dagrun for daily_revenue_etl_dag to 2026-01-07 00:00:00+00:00, run_after=2026-01-08 00:00:00+00:00
[2026-01-07T14:56:16.668+0000] {processor.py:183} INFO - Processing /opt/airflow/dags/daily_revenue_etl_dag.py took 0.054 seconds
[2026-01-07T14:56:16.699+0000] {processor.py:161} INFO - Started process (PID=2197) to work on /opt/airflow/dags/daily_revenue_etl_dag.py
[2026-01-07T14:56:16.699+0000] {processor.py:830} INFO - Processing file /opt/airflow/dags/daily_revenue_etl_dag.py for tasks to queue
[2026-01-07T14:56:16.700+0000] {logging_mixin.py:188} INFO - [2026-01-07T14:56:16.700+0000] {dagbag.py:538} INFO - Filling up the DagBag from /opt/airflow/dags/daily_revenue_etl_dag.py
[2026-01-07T14:56:16.715+0000] {processor.py:840} INFO - DAG(s) 'daily_revenue_etl_dag' retrieved from /opt/airflow/dags/daily_revenue_etl_dag.py
[2026-01-07T14:56:16.723+0000] {logging_mixin.py:188} INFO - [2026-01-07T14:56:16.723+0000] {dag.py:3036} INFO - Sync 1 DAGs
[2026-01-07T14:56:16.737+0000] {logging_mixin.py:188} INFO - [2026-01-07T14:56:16.737+0000] {dag.py:3823} INFO - Setting next_dagrun for daily_revenue_etl_dag to 2026-01-07 00:00:00+00:00, run_after=2026-01-08 00:00:00+00:00
[2026-01-07T14:56:16.751+0000] {processor.py:183} INFO - Processing /opt/airflow/dags/daily_revenue_etl_dag.py took 0.055 seconds
[2026-01-07T14:56:16.777+0000] {processor.py:161} INFO - Started process (PID=2202) to work on /opt/airflow/dags/daily_revenue_etl_dag.py
[2026-01-07T14:56:16.777+0000] {processor.py:830} INFO - Processing file /opt/airflow/dags/daily_revenue_etl_dag.py for tasks to queue
[2026-01-07T14:56:16.778+0000] {logging_mixin.py:188} INFO - [2026-01-07T14:56:16.778+0000] {dagbag.py:538} INFO - Filling up the DagBag from /opt/airflow/dags/daily_revenue_etl_dag.py
[2026-01-07T14:56:16.797+0000] {processor.py:840} INFO - DAG(s) 'daily_revenue_etl_dag' retrieved from /opt/airflow/dags/daily_revenue_etl_dag.py
[2026-01-07T14:56:16.805+0000] {logging_mixin.py:188} INFO - [2026-01-07T14:56:16.805+0000] {dag.py:3036} INFO - Sync 1 DAGs
[2026-01-07T14:56:16.819+0000] {logging_mixin.py:188} INFO - [2026-01-07T14:56:16.819+0000] {dag.py:3823} INFO - Setting next_dagrun for daily_revenue_etl_dag to 2026-01-07 00:00:00+00:00, run_after=2026-01-08 00:00:00+00:00
[2026-01-07T14:56:16.831+0000] {processor.py:183} INFO - Processing /opt/airflow/dags/daily_revenue_etl_dag.py took 0.057 seconds
[2026-01-07T14:56:16.853+0000] {processor.py:161} INFO - Started process (PID=2207) to work on /opt/airflow/dags/daily_revenue_etl_dag.py
[2026-01-07T14:56:16.854+0000] {processor.py:830} INFO - Processing file /opt/airflow/dags/daily_revenue_etl_dag.py for tasks to queue
[2026-01-07T14:56:16.855+0000] {logging_mixin.py:188} INFO - [2026-01-07T14:56:16.854+0000] {dagbag.py:538} INFO - Filling up the DagBag from /opt/airflow/dags/daily_revenue_etl_dag.py
[2026-01-07T14:56:16.867+0000] {processor.py:840} INFO - DAG(s) 'daily_revenue_etl_dag' retrieved from /opt/airflow/dags/daily_revenue_etl_dag.py
[2026-01-07T14:56:16.874+0000] {logging_mixin.py:188} INFO - [2026-01-07T14:56:16.874+0000] {dag.py:3036} INFO - Sync 1 DAGs
[2026-01-07T14:56:16.890+0000] {logging_mixin.py:188} INFO - [2026-01-07T14:56:16.890+0000] {dag.py:3823} INFO - Setting next_dagrun for daily_revenue_etl_dag to 2026-01-07 00:00:00+00:00, run_after=2026-01-08 00:00:00+00:00
[2026-01-07T14:56:16.903+0000] {processor.py:183} INFO - Processing /opt/airflow/dags/daily_revenue_etl_dag.py took 0.052 seconds
[2026-01-07T14:56:16.929+0000] {processor.py:161} INFO - Started process (PID=2212) to work on /opt/airflow/dags/daily_revenue_etl_dag.py
[2026-01-07T14:56:16.930+0000] {processor.py:830} INFO - Processing file /opt/airflow/dags/daily_revenue_etl_dag.py for tasks to queue
[2026-01-07T14:56:16.931+0000] {logging_mixin.py:188} INFO - [2026-01-07T14:56:16.931+0000] {dagbag.py:538} INFO - Filling up the DagBag from /opt/airflow/dags/daily_revenue_etl_dag.py
[2026-01-07T14:56:16.946+0000] {processor.py:840} INFO - DAG(s) 'daily_revenue_etl_dag' retrieved from /opt/airflow/dags/daily_revenue_etl_dag.py
[2026-01-07T14:56:16.955+0000] {logging_mixin.py:188} INFO - [2026-01-07T14:56:16.955+0000] {dag.py:3036} INFO - Sync 1 DAGs
[2026-01-07T14:56:16.971+0000] {logging_mixin.py:188} INFO - [2026-01-07T14:56:16.971+0000] {dag.py:3823} INFO - Setting next_dagrun for daily_revenue_etl_dag to 2026-01-07 00:00:00+00:00, run_after=2026-01-08 00:00:00+00:00
[2026-01-07T14:56:16.986+0000] {processor.py:183} INFO - Processing /opt/airflow/dags/daily_revenue_etl_dag.py took 0.060 seconds
[2026-01-07T14:56:17.010+0000] {processor.py:161} INFO - Started process (PID=2217) to work on /opt/airflow/dags/daily_revenue_etl_dag.py
[2026-01-07T14:56:17.011+0000] {processor.py:830} INFO - Processing file /opt/airflow/dags/daily_revenue_etl_dag.py for tasks to queue
[2026-01-07T14:56:17.011+0000] {logging_mixin.py:188} INFO - [2026-01-07T14:56:17.011+0000] {dagbag.py:538} INFO - Filling up the DagBag from /opt/airflow/dags/daily_revenue_etl_dag.py
[2026-01-07T14:56:17.027+0000] {processor.py:840} INFO - DAG(s) 'daily_revenue_etl_dag' retrieved from /opt/airflow/dags/daily_revenue_etl_dag.py
[2026-01-07T14:56:17.035+0000] {logging_mixin.py:188} INFO - [2026-01-07T14:56:17.035+0000] {dag.py:3036} INFO - Sync 1 DAGs
[2026-01-07T14:56:17.049+0000] {logging_mixin.py:188} INFO - [2026-01-07T14:56:17.049+0000] {dag.py:3823} INFO - Setting next_dagrun for daily_revenue_etl_dag to 2026-01-07 00:00:00+00:00, run_after=2026-01-08 00:00:00+00:00
[2026-01-07T14:56:17.061+0000] {processor.py:183} INFO - Processing /opt/airflow/dags/daily_revenue_etl_dag.py took 0.054 seconds
[2026-01-07T14:56:17.087+0000] {processor.py:161} INFO - Started process (PID=2222) to work on /opt/airflow/dags/daily_revenue_etl_dag.py
[2026-01-07T14:56:17.088+0000] {processor.py:830} INFO - Processing file /opt/airflow/dags/daily_revenue_etl_dag.py for tasks to queue
[2026-01-07T14:56:17.089+0000] {logging_mixin.py:188} INFO - [2026-01-07T14:56:17.088+0000] {dagbag.py:538} INFO - Filling up the DagBag from /opt/airflow/dags/daily_revenue_etl_dag.py
[2026-01-07T14:56:17.102+0000] {processor.py:840} INFO - DAG(s) 'daily_revenue_etl_dag' retrieved from /opt/airflow/dags/daily_revenue_etl_dag.py
[2026-01-07T14:56:17.110+0000] {logging_mixin.py:188} INFO - [2026-01-07T14:56:17.110+0000] {dag.py:3036} INFO - Sync 1 DAGs
[2026-01-07T14:56:17.126+0000] {logging_mixin.py:188} INFO - [2026-01-07T14:56:17.126+0000] {dag.py:3823} INFO - Setting next_dagrun for daily_revenue_etl_dag to 2026-01-07 00:00:00+00:00, run_after=2026-01-08 00:00:00+00:00
[2026-01-07T14:56:17.137+0000] {processor.py:183} INFO - Processing /opt/airflow/dags/daily_revenue_etl_dag.py took 0.054 seconds
[2026-01-07T14:56:17.164+0000] {processor.py:161} INFO - Started process (PID=2227) to work on /opt/airflow/dags/daily_revenue_etl_dag.py
[2026-01-07T14:56:17.165+0000] {processor.py:830} INFO - Processing file /opt/airflow/dags/daily_revenue_etl_dag.py for tasks to queue
[2026-01-07T14:56:17.166+0000] {logging_mixin.py:188} INFO - [2026-01-07T14:56:17.165+0000] {dagbag.py:538} INFO - Filling up the DagBag from /opt/airflow/dags/daily_revenue_etl_dag.py
[2026-01-07T14:56:17.180+0000] {processor.py:840} INFO - DAG(s) 'daily_revenue_etl_dag' retrieved from /opt/airflow/dags/daily_revenue_etl_dag.py
[2026-01-07T14:56:17.187+0000] {logging_mixin.py:188} INFO - [2026-01-07T14:56:17.187+0000] {dag.py:3036} INFO - Sync 1 DAGs
[2026-01-07T14:56:17.201+0000] {logging_mixin.py:188} INFO - [2026-01-07T14:56:17.201+0000] {dag.py:3823} INFO - Setting next_dagrun for daily_revenue_etl_dag to 2026-01-07 00:00:00+00:00, run_after=2026-01-08 00:00:00+00:00
[2026-01-07T14:56:17.212+0000] {processor.py:183} INFO - Processing /opt/airflow/dags/daily_revenue_etl_dag.py took 0.050 seconds
[2026-01-07T14:56:17.235+0000] {processor.py:161} INFO - Started process (PID=2232) to work on /opt/airflow/dags/daily_revenue_etl_dag.py
[2026-01-07T14:56:17.235+0000] {processor.py:830} INFO - Processing file /opt/airflow/dags/daily_revenue_etl_dag.py for tasks to queue
[2026-01-07T14:56:17.236+0000] {logging_mixin.py:188} INFO - [2026-01-07T14:56:17.236+0000] {dagbag.py:538} INFO - Filling up the DagBag from /opt/airflow/dags/daily_revenue_etl_dag.py
[2026-01-07T14:56:17.247+0000] {processor.py:840} INFO - DAG(s) 'daily_revenue_etl_dag' retrieved from /opt/airflow/dags/daily_revenue_etl_dag.py
[2026-01-07T14:56:17.257+0000] {logging_mixin.py:188} INFO - [2026-01-07T14:56:17.257+0000] {dag.py:3036} INFO - Sync 1 DAGs
[2026-01-07T14:56:17.271+0000] {logging_mixin.py:188} INFO - [2026-01-07T14:56:17.271+0000] {dag.py:3823} INFO - Setting next_dagrun for daily_revenue_etl_dag to 2026-01-07 00:00:00+00:00, run_after=2026-01-08 00:00:00+00:00
[2026-01-07T14:56:17.283+0000] {processor.py:183} INFO - Processing /opt/airflow/dags/daily_revenue_etl_dag.py took 0.050 seconds
[2026-01-07T14:56:17.305+0000] {processor.py:161} INFO - Started process (PID=2237) to work on /opt/airflow/dags/daily_revenue_etl_dag.py
[2026-01-07T14:56:17.306+0000] {processor.py:830} INFO - Processing file /opt/airflow/dags/daily_revenue_etl_dag.py for tasks to queue
[2026-01-07T14:56:17.308+0000] {logging_mixin.py:188} INFO - [2026-01-07T14:56:17.307+0000] {dagbag.py:538} INFO - Filling up the DagBag from /opt/airflow/dags/daily_revenue_etl_dag.py
[2026-01-07T14:56:17.319+0000] {processor.py:840} INFO - DAG(s) 'daily_revenue_etl_dag' retrieved from /opt/airflow/dags/daily_revenue_etl_dag.py
[2026-01-07T14:56:17.329+0000] {logging_mixin.py:188} INFO - [2026-01-07T14:56:17.329+0000] {dag.py:3036} INFO - Sync 1 DAGs
[2026-01-07T14:56:17.342+0000] {logging_mixin.py:188} INFO - [2026-01-07T14:56:17.342+0000] {dag.py:3823} INFO - Setting next_dagrun for daily_revenue_etl_dag to 2026-01-07 00:00:00+00:00, run_after=2026-01-08 00:00:00+00:00
[2026-01-07T14:56:17.354+0000] {processor.py:183} INFO - Processing /opt/airflow/dags/daily_revenue_etl_dag.py took 0.051 seconds
[2026-01-07T14:56:17.375+0000] {processor.py:161} INFO - Started process (PID=2242) to work on /opt/airflow/dags/daily_revenue_etl_dag.py
[2026-01-07T14:56:17.376+0000] {processor.py:830} INFO - Processing file /opt/airflow/dags/daily_revenue_etl_dag.py for tasks to queue
[2026-01-07T14:56:17.377+0000] {logging_mixin.py:188} INFO - [2026-01-07T14:56:17.376+0000] {dagbag.py:538} INFO - Filling up the DagBag from /opt/airflow/dags/daily_revenue_etl_dag.py
[2026-01-07T14:56:17.388+0000] {processor.py:840} INFO - DAG(s) 'daily_revenue_etl_dag' retrieved from /opt/airflow/dags/daily_revenue_etl_dag.py
[2026-01-07T14:56:17.397+0000] {logging_mixin.py:188} INFO - [2026-01-07T14:56:17.397+0000] {dag.py:3036} INFO - Sync 1 DAGs
[2026-01-07T14:56:17.411+0000] {logging_mixin.py:188} INFO - [2026-01-07T14:56:17.411+0000] {dag.py:3823} INFO - Setting next_dagrun for daily_revenue_etl_dag to 2026-01-07 00:00:00+00:00, run_after=2026-01-08 00:00:00+00:00
[2026-01-07T14:56:17.422+0000] {processor.py:183} INFO - Processing /opt/airflow/dags/daily_revenue_etl_dag.py took 0.050 seconds
[2026-01-07T14:56:17.444+0000] {processor.py:161} INFO - Started process (PID=2247) to work on /opt/airflow/dags/daily_revenue_etl_dag.py
[2026-01-07T14:56:17.444+0000] {processor.py:830} INFO - Processing file /opt/airflow/dags/daily_revenue_etl_dag.py for tasks to queue
[2026-01-07T14:56:17.445+0000] {logging_mixin.py:188} INFO - [2026-01-07T14:56:17.445+0000] {dagbag.py:538} INFO - Filling up the DagBag from /opt/airflow/dags/daily_revenue_etl_dag.py
[2026-01-07T14:56:17.459+0000] {processor.py:840} INFO - DAG(s) 'daily_revenue_etl_dag' retrieved from /opt/airflow/dags/daily_revenue_etl_dag.py
[2026-01-07T14:56:17.467+0000] {logging_mixin.py:188} INFO - [2026-01-07T14:56:17.467+0000] {dag.py:3036} INFO - Sync 1 DAGs
[2026-01-07T14:56:17.480+0000] {logging_mixin.py:188} INFO - [2026-01-07T14:56:17.480+0000] {dag.py:3823} INFO - Setting next_dagrun for daily_revenue_etl_dag to 2026-01-07 00:00:00+00:00, run_after=2026-01-08 00:00:00+00:00
[2026-01-07T14:56:17.496+0000] {processor.py:183} INFO - Processing /opt/airflow/dags/daily_revenue_etl_dag.py took 0.056 seconds
[2026-01-07T14:56:17.531+0000] {processor.py:161} INFO - Started process (PID=2252) to work on /opt/airflow/dags/daily_revenue_etl_dag.py
[2026-01-07T14:56:17.533+0000] {processor.py:830} INFO - Processing file /opt/airflow/dags/daily_revenue_etl_dag.py for tasks to queue
[2026-01-07T14:56:17.533+0000] {logging_mixin.py:188} INFO - [2026-01-07T14:56:17.533+0000] {dagbag.py:538} INFO - Filling up the DagBag from /opt/airflow/dags/daily_revenue_etl_dag.py
[2026-01-07T14:56:17.562+0000] {processor.py:840} INFO - DAG(s) 'daily_revenue_etl_dag' retrieved from /opt/airflow/dags/daily_revenue_etl_dag.py
[2026-01-07T14:56:17.571+0000] {logging_mixin.py:188} INFO - [2026-01-07T14:56:17.571+0000] {dag.py:3036} INFO - Sync 1 DAGs
[2026-01-07T14:56:17.591+0000] {logging_mixin.py:188} INFO - [2026-01-07T14:56:17.591+0000] {dag.py:3823} INFO - Setting next_dagrun for daily_revenue_etl_dag to 2026-01-07 00:00:00+00:00, run_after=2026-01-08 00:00:00+00:00
[2026-01-07T14:56:17.605+0000] {processor.py:183} INFO - Processing /opt/airflow/dags/daily_revenue_etl_dag.py took 0.078 seconds
[2026-01-07T14:56:17.638+0000] {processor.py:161} INFO - Started process (PID=2257) to work on /opt/airflow/dags/daily_revenue_etl_dag.py
[2026-01-07T14:56:17.639+0000] {processor.py:830} INFO - Processing file /opt/airflow/dags/daily_revenue_etl_dag.py for tasks to queue
[2026-01-07T14:56:17.640+0000] {logging_mixin.py:188} INFO - [2026-01-07T14:56:17.640+0000] {dagbag.py:538} INFO - Filling up the DagBag from /opt/airflow/dags/daily_revenue_etl_dag.py
[2026-01-07T14:56:17.655+0000] {processor.py:840} INFO - DAG(s) 'daily_revenue_etl_dag' retrieved from /opt/airflow/dags/daily_revenue_etl_dag.py
[2026-01-07T14:56:17.664+0000] {logging_mixin.py:188} INFO - [2026-01-07T14:56:17.664+0000] {dag.py:3036} INFO - Sync 1 DAGs
[2026-01-07T14:56:17.678+0000] {logging_mixin.py:188} INFO - [2026-01-07T14:56:17.678+0000] {dag.py:3823} INFO - Setting next_dagrun for daily_revenue_etl_dag to 2026-01-07 00:00:00+00:00, run_after=2026-01-08 00:00:00+00:00
[2026-01-07T14:56:17.691+0000] {processor.py:183} INFO - Processing /opt/airflow/dags/daily_revenue_etl_dag.py took 0.056 seconds
[2026-01-07T14:56:17.717+0000] {processor.py:161} INFO - Started process (PID=2262) to work on /opt/airflow/dags/daily_revenue_etl_dag.py
[2026-01-07T14:56:17.718+0000] {processor.py:830} INFO - Processing file /opt/airflow/dags/daily_revenue_etl_dag.py for tasks to queue
[2026-01-07T14:56:17.719+0000] {logging_mixin.py:188} INFO - [2026-01-07T14:56:17.718+0000] {dagbag.py:538} INFO - Filling up the DagBag from /opt/airflow/dags/daily_revenue_etl_dag.py
[2026-01-07T14:56:17.735+0000] {processor.py:840} INFO - DAG(s) 'daily_revenue_etl_dag' retrieved from /opt/airflow/dags/daily_revenue_etl_dag.py
[2026-01-07T14:56:17.743+0000] {logging_mixin.py:188} INFO - [2026-01-07T14:56:17.742+0000] {dag.py:3036} INFO - Sync 1 DAGs
[2026-01-07T14:56:17.757+0000] {logging_mixin.py:188} INFO - [2026-01-07T14:56:17.757+0000] {dag.py:3823} INFO - Setting next_dagrun for daily_revenue_etl_dag to 2026-01-07 00:00:00+00:00, run_after=2026-01-08 00:00:00+00:00
[2026-01-07T14:56:17.769+0000] {processor.py:183} INFO - Processing /opt/airflow/dags/daily_revenue_etl_dag.py took 0.055 seconds
[2026-01-07T14:56:17.799+0000] {processor.py:161} INFO - Started process (PID=2267) to work on /opt/airflow/dags/daily_revenue_etl_dag.py
[2026-01-07T14:56:17.799+0000] {processor.py:830} INFO - Processing file /opt/airflow/dags/daily_revenue_etl_dag.py for tasks to queue
[2026-01-07T14:56:17.800+0000] {logging_mixin.py:188} INFO - [2026-01-07T14:56:17.800+0000] {dagbag.py:538} INFO - Filling up the DagBag from /opt/airflow/dags/daily_revenue_etl_dag.py
[2026-01-07T14:56:17.814+0000] {processor.py:840} INFO - DAG(s) 'daily_revenue_etl_dag' retrieved from /opt/airflow/dags/daily_revenue_etl_dag.py
[2026-01-07T14:56:17.824+0000] {logging_mixin.py:188} INFO - [2026-01-07T14:56:17.824+0000] {dag.py:3036} INFO - Sync 1 DAGs
[2026-01-07T14:56:17.839+0000] {logging_mixin.py:188} INFO - [2026-01-07T14:56:17.839+0000] {dag.py:3823} INFO - Setting next_dagrun for daily_revenue_etl_dag to 2026-01-07 00:00:00+00:00, run_after=2026-01-08 00:00:00+00:00
[2026-01-07T14:56:17.851+0000] {processor.py:183} INFO - Processing /opt/airflow/dags/daily_revenue_etl_dag.py took 0.054 seconds
[2026-01-07T14:56:17.878+0000] {processor.py:161} INFO - Started process (PID=2272) to work on /opt/airflow/dags/daily_revenue_etl_dag.py
[2026-01-07T14:56:17.879+0000] {processor.py:830} INFO - Processing file /opt/airflow/dags/daily_revenue_etl_dag.py for tasks to queue
[2026-01-07T14:56:17.880+0000] {logging_mixin.py:188} INFO - [2026-01-07T14:56:17.880+0000] {dagbag.py:538} INFO - Filling up the DagBag from /opt/airflow/dags/daily_revenue_etl_dag.py
[2026-01-07T14:56:17.896+0000] {processor.py:840} INFO - DAG(s) 'daily_revenue_etl_dag' retrieved from /opt/airflow/dags/daily_revenue_etl_dag.py
[2026-01-07T14:56:17.904+0000] {logging_mixin.py:188} INFO - [2026-01-07T14:56:17.904+0000] {dag.py:3036} INFO - Sync 1 DAGs
[2026-01-07T14:56:17.920+0000] {logging_mixin.py:188} INFO - [2026-01-07T14:56:17.920+0000] {dag.py:3823} INFO - Setting next_dagrun for daily_revenue_etl_dag to 2026-01-07 00:00:00+00:00, run_after=2026-01-08 00:00:00+00:00
[2026-01-07T14:56:17.933+0000] {processor.py:183} INFO - Processing /opt/airflow/dags/daily_revenue_etl_dag.py took 0.058 seconds
[2026-01-07T14:56:17.966+0000] {processor.py:161} INFO - Started process (PID=2277) to work on /opt/airflow/dags/daily_revenue_etl_dag.py
[2026-01-07T14:56:17.967+0000] {processor.py:830} INFO - Processing file /opt/airflow/dags/daily_revenue_etl_dag.py for tasks to queue
[2026-01-07T14:56:17.967+0000] {logging_mixin.py:188} INFO - [2026-01-07T14:56:17.967+0000] {dagbag.py:538} INFO - Filling up the DagBag from /opt/airflow/dags/daily_revenue_etl_dag.py
[2026-01-07T14:56:17.983+0000] {processor.py:840} INFO - DAG(s) 'daily_revenue_etl_dag' retrieved from /opt/airflow/dags/daily_revenue_etl_dag.py
[2026-01-07T14:56:17.993+0000] {logging_mixin.py:188} INFO - [2026-01-07T14:56:17.993+0000] {dag.py:3036} INFO - Sync 1 DAGs
[2026-01-07T14:56:18.007+0000] {logging_mixin.py:188} INFO - [2026-01-07T14:56:18.007+0000] {dag.py:3823} INFO - Setting next_dagrun for daily_revenue_etl_dag to 2026-01-07 00:00:00+00:00, run_after=2026-01-08 00:00:00+00:00
[2026-01-07T14:56:18.021+0000] {processor.py:183} INFO - Processing /opt/airflow/dags/daily_revenue_etl_dag.py took 0.058 seconds
[2026-01-07T14:56:18.048+0000] {processor.py:161} INFO - Started process (PID=2282) to work on /opt/airflow/dags/daily_revenue_etl_dag.py
[2026-01-07T14:56:18.048+0000] {processor.py:830} INFO - Processing file /opt/airflow/dags/daily_revenue_etl_dag.py for tasks to queue
[2026-01-07T14:56:18.049+0000] {logging_mixin.py:188} INFO - [2026-01-07T14:56:18.049+0000] {dagbag.py:538} INFO - Filling up the DagBag from /opt/airflow/dags/daily_revenue_etl_dag.py
[2026-01-07T14:56:18.063+0000] {processor.py:840} INFO - DAG(s) 'daily_revenue_etl_dag' retrieved from /opt/airflow/dags/daily_revenue_etl_dag.py
[2026-01-07T14:56:18.072+0000] {logging_mixin.py:188} INFO - [2026-01-07T14:56:18.072+0000] {dag.py:3036} INFO - Sync 1 DAGs
[2026-01-07T14:56:18.088+0000] {logging_mixin.py:188} INFO - [2026-01-07T14:56:18.088+0000] {dag.py:3823} INFO - Setting next_dagrun for daily_revenue_etl_dag to 2026-01-07 00:00:00+00:00, run_after=2026-01-08 00:00:00+00:00
[2026-01-07T14:56:18.101+0000] {processor.py:183} INFO - Processing /opt/airflow/dags/daily_revenue_etl_dag.py took 0.056 seconds
[2026-01-07T14:56:18.130+0000] {processor.py:161} INFO - Started process (PID=2287) to work on /opt/airflow/dags/daily_revenue_etl_dag.py
[2026-01-07T14:56:18.130+0000] {processor.py:830} INFO - Processing file /opt/airflow/dags/daily_revenue_etl_dag.py for tasks to queue
[2026-01-07T14:56:18.131+0000] {logging_mixin.py:188} INFO - [2026-01-07T14:56:18.131+0000] {dagbag.py:538} INFO - Filling up the DagBag from /opt/airflow/dags/daily_revenue_etl_dag.py
[2026-01-07T14:56:18.146+0000] {processor.py:840} INFO - DAG(s) 'daily_revenue_etl_dag' retrieved from /opt/airflow/dags/daily_revenue_etl_dag.py
[2026-01-07T14:56:18.155+0000] {logging_mixin.py:188} INFO - [2026-01-07T14:56:18.155+0000] {dag.py:3036} INFO - Sync 1 DAGs
[2026-01-07T14:56:18.172+0000] {logging_mixin.py:188} INFO - [2026-01-07T14:56:18.172+0000] {dag.py:3823} INFO - Setting next_dagrun for daily_revenue_etl_dag to 2026-01-07 00:00:00+00:00, run_after=2026-01-08 00:00:00+00:00
[2026-01-07T14:56:18.185+0000] {processor.py:183} INFO - Processing /opt/airflow/dags/daily_revenue_etl_dag.py took 0.058 seconds
[2026-01-07T14:56:18.212+0000] {processor.py:161} INFO - Started process (PID=2292) to work on /opt/airflow/dags/daily_revenue_etl_dag.py
[2026-01-07T14:56:18.213+0000] {processor.py:830} INFO - Processing file /opt/airflow/dags/daily_revenue_etl_dag.py for tasks to queue
[2026-01-07T14:56:18.214+0000] {logging_mixin.py:188} INFO - [2026-01-07T14:56:18.213+0000] {dagbag.py:538} INFO - Filling up the DagBag from /opt/airflow/dags/daily_revenue_etl_dag.py
[2026-01-07T14:56:18.227+0000] {processor.py:840} INFO - DAG(s) 'daily_revenue_etl_dag' retrieved from /opt/airflow/dags/daily_revenue_etl_dag.py
[2026-01-07T14:56:18.235+0000] {logging_mixin.py:188} INFO - [2026-01-07T14:56:18.235+0000] {dag.py:3036} INFO - Sync 1 DAGs
[2026-01-07T14:56:18.250+0000] {logging_mixin.py:188} INFO - [2026-01-07T14:56:18.250+0000] {dag.py:3823} INFO - Setting next_dagrun for daily_revenue_etl_dag to 2026-01-07 00:00:00+00:00, run_after=2026-01-08 00:00:00+00:00
[2026-01-07T14:56:18.264+0000] {processor.py:183} INFO - Processing /opt/airflow/dags/daily_revenue_etl_dag.py took 0.055 seconds
[2026-01-07T14:56:18.289+0000] {processor.py:161} INFO - Started process (PID=2297) to work on /opt/airflow/dags/daily_revenue_etl_dag.py
[2026-01-07T14:56:18.290+0000] {processor.py:830} INFO - Processing file /opt/airflow/dags/daily_revenue_etl_dag.py for tasks to queue
[2026-01-07T14:56:18.291+0000] {logging_mixin.py:188} INFO - [2026-01-07T14:56:18.291+0000] {dagbag.py:538} INFO - Filling up the DagBag from /opt/airflow/dags/daily_revenue_etl_dag.py
[2026-01-07T14:56:18.306+0000] {processor.py:840} INFO - DAG(s) 'daily_revenue_etl_dag' retrieved from /opt/airflow/dags/daily_revenue_etl_dag.py
[2026-01-07T14:56:18.314+0000] {logging_mixin.py:188} INFO - [2026-01-07T14:56:18.314+0000] {dag.py:3036} INFO - Sync 1 DAGs
[2026-01-07T14:56:18.328+0000] {logging_mixin.py:188} INFO - [2026-01-07T14:56:18.328+0000] {dag.py:3823} INFO - Setting next_dagrun for daily_revenue_etl_dag to 2026-01-07 00:00:00+00:00, run_after=2026-01-08 00:00:00+00:00
[2026-01-07T14:56:18.345+0000] {processor.py:183} INFO - Processing /opt/airflow/dags/daily_revenue_etl_dag.py took 0.058 seconds
[2026-01-07T14:56:18.383+0000] {processor.py:161} INFO - Started process (PID=2302) to work on /opt/airflow/dags/daily_revenue_etl_dag.py
[2026-01-07T14:56:18.384+0000] {processor.py:830} INFO - Processing file /opt/airflow/dags/daily_revenue_etl_dag.py for tasks to queue
[2026-01-07T14:56:18.384+0000] {logging_mixin.py:188} INFO - [2026-01-07T14:56:18.384+0000] {dagbag.py:538} INFO - Filling up the DagBag from /opt/airflow/dags/daily_revenue_etl_dag.py
[2026-01-07T14:56:18.401+0000] {processor.py:840} INFO - DAG(s) 'daily_revenue_etl_dag' retrieved from /opt/airflow/dags/daily_revenue_etl_dag.py
[2026-01-07T14:56:18.410+0000] {logging_mixin.py:188} INFO - [2026-01-07T14:56:18.409+0000] {dag.py:3036} INFO - Sync 1 DAGs
[2026-01-07T14:56:18.427+0000] {logging_mixin.py:188} INFO - [2026-01-07T14:56:18.427+0000] {dag.py:3823} INFO - Setting next_dagrun for daily_revenue_etl_dag to 2026-01-07 00:00:00+00:00, run_after=2026-01-08 00:00:00+00:00
[2026-01-07T14:56:18.441+0000] {processor.py:183} INFO - Processing /opt/airflow/dags/daily_revenue_etl_dag.py took 0.061 seconds
[2026-01-07T14:56:18.471+0000] {processor.py:161} INFO - Started process (PID=2307) to work on /opt/airflow/dags/daily_revenue_etl_dag.py
[2026-01-07T14:56:18.473+0000] {processor.py:830} INFO - Processing file /opt/airflow/dags/daily_revenue_etl_dag.py for tasks to queue
[2026-01-07T14:56:18.473+0000] {logging_mixin.py:188} INFO - [2026-01-07T14:56:18.473+0000] {dagbag.py:538} INFO - Filling up the DagBag from /opt/airflow/dags/daily_revenue_etl_dag.py
[2026-01-07T14:56:18.491+0000] {processor.py:840} INFO - DAG(s) 'daily_revenue_etl_dag' retrieved from /opt/airflow/dags/daily_revenue_etl_dag.py
[2026-01-07T14:56:18.500+0000] {logging_mixin.py:188} INFO - [2026-01-07T14:56:18.500+0000] {dag.py:3036} INFO - Sync 1 DAGs
[2026-01-07T14:56:18.517+0000] {logging_mixin.py:188} INFO - [2026-01-07T14:56:18.517+0000] {dag.py:3823} INFO - Setting next_dagrun for daily_revenue_etl_dag to 2026-01-07 00:00:00+00:00, run_after=2026-01-08 00:00:00+00:00
[2026-01-07T14:56:18.535+0000] {processor.py:183} INFO - Processing /opt/airflow/dags/daily_revenue_etl_dag.py took 0.067 seconds
[2026-01-07T14:56:18.571+0000] {processor.py:161} INFO - Started process (PID=2312) to work on /opt/airflow/dags/daily_revenue_etl_dag.py
[2026-01-07T14:56:18.572+0000] {processor.py:830} INFO - Processing file /opt/airflow/dags/daily_revenue_etl_dag.py for tasks to queue
[2026-01-07T14:56:18.573+0000] {logging_mixin.py:188} INFO - [2026-01-07T14:56:18.572+0000] {dagbag.py:538} INFO - Filling up the DagBag from /opt/airflow/dags/daily_revenue_etl_dag.py
[2026-01-07T14:56:18.598+0000] {processor.py:840} INFO - DAG(s) 'daily_revenue_etl_dag' retrieved from /opt/airflow/dags/daily_revenue_etl_dag.py
[2026-01-07T14:56:18.606+0000] {logging_mixin.py:188} INFO - [2026-01-07T14:56:18.606+0000] {dag.py:3036} INFO - Sync 1 DAGs
[2026-01-07T14:56:18.623+0000] {logging_mixin.py:188} INFO - [2026-01-07T14:56:18.622+0000] {dag.py:3823} INFO - Setting next_dagrun for daily_revenue_etl_dag to 2026-01-07 00:00:00+00:00, run_after=2026-01-08 00:00:00+00:00
[2026-01-07T14:56:18.639+0000] {processor.py:183} INFO - Processing /opt/airflow/dags/daily_revenue_etl_dag.py took 0.071 seconds
[2026-01-07T14:56:18.669+0000] {processor.py:161} INFO - Started process (PID=2317) to work on /opt/airflow/dags/daily_revenue_etl_dag.py
[2026-01-07T14:56:18.670+0000] {processor.py:830} INFO - Processing file /opt/airflow/dags/daily_revenue_etl_dag.py for tasks to queue
[2026-01-07T14:56:18.671+0000] {logging_mixin.py:188} INFO - [2026-01-07T14:56:18.670+0000] {dagbag.py:538} INFO - Filling up the DagBag from /opt/airflow/dags/daily_revenue_etl_dag.py
[2026-01-07T14:56:18.688+0000] {processor.py:840} INFO - DAG(s) 'daily_revenue_etl_dag' retrieved from /opt/airflow/dags/daily_revenue_etl_dag.py
[2026-01-07T14:56:18.699+0000] {logging_mixin.py:188} INFO - [2026-01-07T14:56:18.699+0000] {dag.py:3036} INFO - Sync 1 DAGs
[2026-01-07T14:56:18.716+0000] {logging_mixin.py:188} INFO - [2026-01-07T14:56:18.716+0000] {dag.py:3823} INFO - Setting next_dagrun for daily_revenue_etl_dag to 2026-01-07 00:00:00+00:00, run_after=2026-01-08 00:00:00+00:00
[2026-01-07T14:56:18.734+0000] {processor.py:183} INFO - Processing /opt/airflow/dags/daily_revenue_etl_dag.py took 0.067 seconds
[2026-01-07T14:56:18.767+0000] {processor.py:161} INFO - Started process (PID=2322) to work on /opt/airflow/dags/daily_revenue_etl_dag.py
[2026-01-07T14:56:18.768+0000] {processor.py:830} INFO - Processing file /opt/airflow/dags/daily_revenue_etl_dag.py for tasks to queue
[2026-01-07T14:56:18.769+0000] {logging_mixin.py:188} INFO - [2026-01-07T14:56:18.769+0000] {dagbag.py:538} INFO - Filling up the DagBag from /opt/airflow/dags/daily_revenue_etl_dag.py
[2026-01-07T14:56:18.786+0000] {processor.py:840} INFO - DAG(s) 'daily_revenue_etl_dag' retrieved from /opt/airflow/dags/daily_revenue_etl_dag.py
[2026-01-07T14:56:18.797+0000] {logging_mixin.py:188} INFO - [2026-01-07T14:56:18.797+0000] {dag.py:3036} INFO - Sync 1 DAGs
[2026-01-07T14:56:18.814+0000] {logging_mixin.py:188} INFO - [2026-01-07T14:56:18.814+0000] {dag.py:3823} INFO - Setting next_dagrun for daily_revenue_etl_dag to 2026-01-07 00:00:00+00:00, run_after=2026-01-08 00:00:00+00:00
[2026-01-07T14:56:18.829+0000] {processor.py:183} INFO - Processing /opt/airflow/dags/daily_revenue_etl_dag.py took 0.065 seconds
[2026-01-07T14:56:18.859+0000] {processor.py:161} INFO - Started process (PID=2327) to work on /opt/airflow/dags/daily_revenue_etl_dag.py
[2026-01-07T14:56:18.861+0000] {processor.py:830} INFO - Processing file /opt/airflow/dags/daily_revenue_etl_dag.py for tasks to queue
[2026-01-07T14:56:18.862+0000] {logging_mixin.py:188} INFO - [2026-01-07T14:56:18.862+0000] {dagbag.py:538} INFO - Filling up the DagBag from /opt/airflow/dags/daily_revenue_etl_dag.py
[2026-01-07T14:56:18.879+0000] {processor.py:840} INFO - DAG(s) 'daily_revenue_etl_dag' retrieved from /opt/airflow/dags/daily_revenue_etl_dag.py
[2026-01-07T14:56:18.892+0000] {logging_mixin.py:188} INFO - [2026-01-07T14:56:18.892+0000] {dag.py:3036} INFO - Sync 1 DAGs
[2026-01-07T14:56:18.912+0000] {logging_mixin.py:188} INFO - [2026-01-07T14:56:18.911+0000] {dag.py:3823} INFO - Setting next_dagrun for daily_revenue_etl_dag to 2026-01-07 00:00:00+00:00, run_after=2026-01-08 00:00:00+00:00
[2026-01-07T14:56:18.927+0000] {processor.py:183} INFO - Processing /opt/airflow/dags/daily_revenue_etl_dag.py took 0.072 seconds
[2026-01-07T14:56:18.957+0000] {processor.py:161} INFO - Started process (PID=2332) to work on /opt/airflow/dags/daily_revenue_etl_dag.py
[2026-01-07T14:56:18.959+0000] {processor.py:830} INFO - Processing file /opt/airflow/dags/daily_revenue_etl_dag.py for tasks to queue
[2026-01-07T14:56:18.960+0000] {logging_mixin.py:188} INFO - [2026-01-07T14:56:18.960+0000] {dagbag.py:538} INFO - Filling up the DagBag from /opt/airflow/dags/daily_revenue_etl_dag.py
[2026-01-07T14:56:18.985+0000] {processor.py:840} INFO - DAG(s) 'daily_revenue_etl_dag' retrieved from /opt/airflow/dags/daily_revenue_etl_dag.py
[2026-01-07T14:56:18.997+0000] {logging_mixin.py:188} INFO - [2026-01-07T14:56:18.997+0000] {dag.py:3036} INFO - Sync 1 DAGs
[2026-01-07T14:56:19.015+0000] {logging_mixin.py:188} INFO - [2026-01-07T14:56:19.014+0000] {dag.py:3823} INFO - Setting next_dagrun for daily_revenue_etl_dag to 2026-01-07 00:00:00+00:00, run_after=2026-01-08 00:00:00+00:00
[2026-01-07T14:56:19.032+0000] {processor.py:183} INFO - Processing /opt/airflow/dags/daily_revenue_etl_dag.py took 0.078 seconds
[2026-01-07T14:56:19.067+0000] {processor.py:161} INFO - Started process (PID=2337) to work on /opt/airflow/dags/daily_revenue_etl_dag.py
[2026-01-07T14:56:19.068+0000] {processor.py:830} INFO - Processing file /opt/airflow/dags/daily_revenue_etl_dag.py for tasks to queue
[2026-01-07T14:56:19.069+0000] {logging_mixin.py:188} INFO - [2026-01-07T14:56:19.068+0000] {dagbag.py:538} INFO - Filling up the DagBag from /opt/airflow/dags/daily_revenue_etl_dag.py
[2026-01-07T14:56:19.087+0000] {processor.py:840} INFO - DAG(s) 'daily_revenue_etl_dag' retrieved from /opt/airflow/dags/daily_revenue_etl_dag.py
[2026-01-07T14:56:19.099+0000] {logging_mixin.py:188} INFO - [2026-01-07T14:56:19.098+0000] {dag.py:3036} INFO - Sync 1 DAGs
[2026-01-07T14:56:19.118+0000] {logging_mixin.py:188} INFO - [2026-01-07T14:56:19.118+0000] {dag.py:3823} INFO - Setting next_dagrun for daily_revenue_etl_dag to 2026-01-07 00:00:00+00:00, run_after=2026-01-08 00:00:00+00:00
[2026-01-07T14:56:19.136+0000] {processor.py:183} INFO - Processing /opt/airflow/dags/daily_revenue_etl_dag.py took 0.073 seconds
[2026-01-07T14:56:19.168+0000] {processor.py:161} INFO - Started process (PID=2342) to work on /opt/airflow/dags/daily_revenue_etl_dag.py
[2026-01-07T14:56:19.169+0000] {processor.py:830} INFO - Processing file /opt/airflow/dags/daily_revenue_etl_dag.py for tasks to queue
[2026-01-07T14:56:19.170+0000] {logging_mixin.py:188} INFO - [2026-01-07T14:56:19.169+0000] {dagbag.py:538} INFO - Filling up the DagBag from /opt/airflow/dags/daily_revenue_etl_dag.py
[2026-01-07T14:56:19.187+0000] {processor.py:840} INFO - DAG(s) 'daily_revenue_etl_dag' retrieved from /opt/airflow/dags/daily_revenue_etl_dag.py
[2026-01-07T14:56:19.199+0000] {logging_mixin.py:188} INFO - [2026-01-07T14:56:19.198+0000] {dag.py:3036} INFO - Sync 1 DAGs
[2026-01-07T14:56:19.216+0000] {logging_mixin.py:188} INFO - [2026-01-07T14:56:19.216+0000] {dag.py:3823} INFO - Setting next_dagrun for daily_revenue_etl_dag to 2026-01-07 00:00:00+00:00, run_after=2026-01-08 00:00:00+00:00
[2026-01-07T14:56:19.232+0000] {processor.py:183} INFO - Processing /opt/airflow/dags/daily_revenue_etl_dag.py took 0.067 seconds
[2026-01-07T14:56:19.262+0000] {processor.py:161} INFO - Started process (PID=2347) to work on /opt/airflow/dags/daily_revenue_etl_dag.py
[2026-01-07T14:56:19.263+0000] {processor.py:830} INFO - Processing file /opt/airflow/dags/daily_revenue_etl_dag.py for tasks to queue
[2026-01-07T14:56:19.264+0000] {logging_mixin.py:188} INFO - [2026-01-07T14:56:19.264+0000] {dagbag.py:538} INFO - Filling up the DagBag from /opt/airflow/dags/daily_revenue_etl_dag.py
[2026-01-07T14:56:19.281+0000] {processor.py:840} INFO - DAG(s) 'daily_revenue_etl_dag' retrieved from /opt/airflow/dags/daily_revenue_etl_dag.py
[2026-01-07T14:56:19.295+0000] {logging_mixin.py:188} INFO - [2026-01-07T14:56:19.295+0000] {dag.py:3036} INFO - Sync 1 DAGs
[2026-01-07T14:56:19.314+0000] {logging_mixin.py:188} INFO - [2026-01-07T14:56:19.314+0000] {dag.py:3823} INFO - Setting next_dagrun for daily_revenue_etl_dag to 2026-01-07 00:00:00+00:00, run_after=2026-01-08 00:00:00+00:00
[2026-01-07T14:56:19.334+0000] {processor.py:183} INFO - Processing /opt/airflow/dags/daily_revenue_etl_dag.py took 0.074 seconds
[2026-01-07T14:56:19.368+0000] {processor.py:161} INFO - Started process (PID=2352) to work on /opt/airflow/dags/daily_revenue_etl_dag.py
[2026-01-07T14:56:19.369+0000] {processor.py:830} INFO - Processing file /opt/airflow/dags/daily_revenue_etl_dag.py for tasks to queue
[2026-01-07T14:56:19.370+0000] {logging_mixin.py:188} INFO - [2026-01-07T14:56:19.370+0000] {dagbag.py:538} INFO - Filling up the DagBag from /opt/airflow/dags/daily_revenue_etl_dag.py
[2026-01-07T14:56:19.389+0000] {processor.py:840} INFO - DAG(s) 'daily_revenue_etl_dag' retrieved from /opt/airflow/dags/daily_revenue_etl_dag.py
[2026-01-07T14:56:19.400+0000] {logging_mixin.py:188} INFO - [2026-01-07T14:56:19.400+0000] {dag.py:3036} INFO - Sync 1 DAGs
[2026-01-07T14:56:19.420+0000] {logging_mixin.py:188} INFO - [2026-01-07T14:56:19.419+0000] {dag.py:3823} INFO - Setting next_dagrun for daily_revenue_etl_dag to 2026-01-07 00:00:00+00:00, run_after=2026-01-08 00:00:00+00:00
[2026-01-07T14:56:19.438+0000] {processor.py:183} INFO - Processing /opt/airflow/dags/daily_revenue_etl_dag.py took 0.073 seconds
[2026-01-07T14:56:19.473+0000] {processor.py:161} INFO - Started process (PID=2357) to work on /opt/airflow/dags/daily_revenue_etl_dag.py
[2026-01-07T14:56:19.475+0000] {processor.py:830} INFO - Processing file /opt/airflow/dags/daily_revenue_etl_dag.py for tasks to queue
[2026-01-07T14:56:19.476+0000] {logging_mixin.py:188} INFO - [2026-01-07T14:56:19.475+0000] {dagbag.py:538} INFO - Filling up the DagBag from /opt/airflow/dags/daily_revenue_etl_dag.py
[2026-01-07T14:56:19.491+0000] {processor.py:840} INFO - DAG(s) 'daily_revenue_etl_dag' retrieved from /opt/airflow/dags/daily_revenue_etl_dag.py
[2026-01-07T14:56:19.501+0000] {logging_mixin.py:188} INFO - [2026-01-07T14:56:19.501+0000] {dag.py:3036} INFO - Sync 1 DAGs
[2026-01-07T14:56:19.518+0000] {logging_mixin.py:188} INFO - [2026-01-07T14:56:19.518+0000] {dag.py:3823} INFO - Setting next_dagrun for daily_revenue_etl_dag to 2026-01-07 00:00:00+00:00, run_after=2026-01-08 00:00:00+00:00
[2026-01-07T14:56:19.532+0000] {processor.py:183} INFO - Processing /opt/airflow/dags/daily_revenue_etl_dag.py took 0.066 seconds
[2026-01-07T14:56:19.561+0000] {processor.py:161} INFO - Started process (PID=2362) to work on /opt/airflow/dags/daily_revenue_etl_dag.py
[2026-01-07T14:56:19.563+0000] {processor.py:830} INFO - Processing file /opt/airflow/dags/daily_revenue_etl_dag.py for tasks to queue
[2026-01-07T14:56:19.564+0000] {logging_mixin.py:188} INFO - [2026-01-07T14:56:19.564+0000] {dagbag.py:538} INFO - Filling up the DagBag from /opt/airflow/dags/daily_revenue_etl_dag.py
[2026-01-07T14:56:19.582+0000] {processor.py:840} INFO - DAG(s) 'daily_revenue_etl_dag' retrieved from /opt/airflow/dags/daily_revenue_etl_dag.py
[2026-01-07T14:56:19.591+0000] {logging_mixin.py:188} INFO - [2026-01-07T14:56:19.591+0000] {dag.py:3036} INFO - Sync 1 DAGs
[2026-01-07T14:56:19.609+0000] {logging_mixin.py:188} INFO - [2026-01-07T14:56:19.609+0000] {dag.py:3823} INFO - Setting next_dagrun for daily_revenue_etl_dag to 2026-01-07 00:00:00+00:00, run_after=2026-01-08 00:00:00+00:00
[2026-01-07T14:56:19.625+0000] {processor.py:183} INFO - Processing /opt/airflow/dags/daily_revenue_etl_dag.py took 0.067 seconds
[2026-01-07T14:56:19.657+0000] {processor.py:161} INFO - Started process (PID=2367) to work on /opt/airflow/dags/daily_revenue_etl_dag.py
[2026-01-07T14:56:19.660+0000] {processor.py:830} INFO - Processing file /opt/airflow/dags/daily_revenue_etl_dag.py for tasks to queue
[2026-01-07T14:56:19.661+0000] {logging_mixin.py:188} INFO - [2026-01-07T14:56:19.661+0000] {dagbag.py:538} INFO - Filling up the DagBag from /opt/airflow/dags/daily_revenue_etl_dag.py
[2026-01-07T14:56:19.682+0000] {processor.py:840} INFO - DAG(s) 'daily_revenue_etl_dag' retrieved from /opt/airflow/dags/daily_revenue_etl_dag.py
[2026-01-07T14:56:19.694+0000] {logging_mixin.py:188} INFO - [2026-01-07T14:56:19.694+0000] {dag.py:3036} INFO - Sync 1 DAGs
[2026-01-07T14:56:19.713+0000] {logging_mixin.py:188} INFO - [2026-01-07T14:56:19.712+0000] {dag.py:3823} INFO - Setting next_dagrun for daily_revenue_etl_dag to 2026-01-07 00:00:00+00:00, run_after=2026-01-08 00:00:00+00:00
[2026-01-07T14:56:19.728+0000] {processor.py:183} INFO - Processing /opt/airflow/dags/daily_revenue_etl_dag.py took 0.076 seconds
[2026-01-07T14:56:19.758+0000] {processor.py:161} INFO - Started process (PID=2372) to work on /opt/airflow/dags/daily_revenue_etl_dag.py
[2026-01-07T14:56:19.759+0000] {processor.py:830} INFO - Processing file /opt/airflow/dags/daily_revenue_etl_dag.py for tasks to queue
[2026-01-07T14:56:19.760+0000] {logging_mixin.py:188} INFO - [2026-01-07T14:56:19.760+0000] {dagbag.py:538} INFO - Filling up the DagBag from /opt/airflow/dags/daily_revenue_etl_dag.py
[2026-01-07T14:56:19.776+0000] {processor.py:840} INFO - DAG(s) 'daily_revenue_etl_dag' retrieved from /opt/airflow/dags/daily_revenue_etl_dag.py
[2026-01-07T14:56:19.786+0000] {logging_mixin.py:188} INFO - [2026-01-07T14:56:19.785+0000] {dag.py:3036} INFO - Sync 1 DAGs
[2026-01-07T14:56:19.803+0000] {logging_mixin.py:188} INFO - [2026-01-07T14:56:19.803+0000] {dag.py:3823} INFO - Setting next_dagrun for daily_revenue_etl_dag to 2026-01-07 00:00:00+00:00, run_after=2026-01-08 00:00:00+00:00
[2026-01-07T14:56:19.818+0000] {processor.py:183} INFO - Processing /opt/airflow/dags/daily_revenue_etl_dag.py took 0.063 seconds
[2026-01-07T14:56:19.848+0000] {processor.py:161} INFO - Started process (PID=2377) to work on /opt/airflow/dags/daily_revenue_etl_dag.py
[2026-01-07T14:56:19.849+0000] {processor.py:830} INFO - Processing file /opt/airflow/dags/daily_revenue_etl_dag.py for tasks to queue
[2026-01-07T14:56:19.849+0000] {logging_mixin.py:188} INFO - [2026-01-07T14:56:19.849+0000] {dagbag.py:538} INFO - Filling up the DagBag from /opt/airflow/dags/daily_revenue_etl_dag.py
[2026-01-07T14:56:19.869+0000] {processor.py:840} INFO - DAG(s) 'daily_revenue_etl_dag' retrieved from /opt/airflow/dags/daily_revenue_etl_dag.py
[2026-01-07T14:56:19.883+0000] {logging_mixin.py:188} INFO - [2026-01-07T14:56:19.882+0000] {dag.py:3036} INFO - Sync 1 DAGs
[2026-01-07T14:56:19.902+0000] {logging_mixin.py:188} INFO - [2026-01-07T14:56:19.902+0000] {dag.py:3823} INFO - Setting next_dagrun for daily_revenue_etl_dag to 2026-01-07 00:00:00+00:00, run_after=2026-01-08 00:00:00+00:00
[2026-01-07T14:56:19.919+0000] {processor.py:183} INFO - Processing /opt/airflow/dags/daily_revenue_etl_dag.py took 0.074 seconds
[2026-01-07T14:56:19.961+0000] {processor.py:161} INFO - Started process (PID=2382) to work on /opt/airflow/dags/daily_revenue_etl_dag.py
[2026-01-07T14:56:19.963+0000] {processor.py:830} INFO - Processing file /opt/airflow/dags/daily_revenue_etl_dag.py for tasks to queue
[2026-01-07T14:56:19.965+0000] {logging_mixin.py:188} INFO - [2026-01-07T14:56:19.965+0000] {dagbag.py:538} INFO - Filling up the DagBag from /opt/airflow/dags/daily_revenue_etl_dag.py
[2026-01-07T14:56:19.997+0000] {processor.py:840} INFO - DAG(s) 'daily_revenue_etl_dag' retrieved from /opt/airflow/dags/daily_revenue_etl_dag.py
[2026-01-07T14:56:20.007+0000] {logging_mixin.py:188} INFO - [2026-01-07T14:56:20.007+0000] {dag.py:3036} INFO - Sync 1 DAGs
[2026-01-07T14:56:20.023+0000] {logging_mixin.py:188} INFO - [2026-01-07T14:56:20.023+0000] {dag.py:3823} INFO - Setting next_dagrun for daily_revenue_etl_dag to 2026-01-07 00:00:00+00:00, run_after=2026-01-08 00:00:00+00:00
[2026-01-07T14:56:20.039+0000] {processor.py:183} INFO - Processing /opt/airflow/dags/daily_revenue_etl_dag.py took 0.081 seconds
[2026-01-07T14:56:20.068+0000] {processor.py:161} INFO - Started process (PID=2387) to work on /opt/airflow/dags/daily_revenue_etl_dag.py
[2026-01-07T14:56:20.069+0000] {processor.py:830} INFO - Processing file /opt/airflow/dags/daily_revenue_etl_dag.py for tasks to queue
[2026-01-07T14:56:20.070+0000] {logging_mixin.py:188} INFO - [2026-01-07T14:56:20.070+0000] {dagbag.py:538} INFO - Filling up the DagBag from /opt/airflow/dags/daily_revenue_etl_dag.py
[2026-01-07T14:56:20.087+0000] {processor.py:840} INFO - DAG(s) 'daily_revenue_etl_dag' retrieved from /opt/airflow/dags/daily_revenue_etl_dag.py
[2026-01-07T14:56:20.098+0000] {logging_mixin.py:188} INFO - [2026-01-07T14:56:20.098+0000] {dag.py:3036} INFO - Sync 1 DAGs
[2026-01-07T14:56:20.116+0000] {logging_mixin.py:188} INFO - [2026-01-07T14:56:20.115+0000] {dag.py:3823} INFO - Setting next_dagrun for daily_revenue_etl_dag to 2026-01-07 00:00:00+00:00, run_after=2026-01-08 00:00:00+00:00
[2026-01-07T14:56:20.129+0000] {processor.py:183} INFO - Processing /opt/airflow/dags/daily_revenue_etl_dag.py took 0.064 seconds
[2026-01-07T14:56:20.157+0000] {processor.py:161} INFO - Started process (PID=2392) to work on /opt/airflow/dags/daily_revenue_etl_dag.py
[2026-01-07T14:56:20.158+0000] {processor.py:830} INFO - Processing file /opt/airflow/dags/daily_revenue_etl_dag.py for tasks to queue
[2026-01-07T14:56:20.159+0000] {logging_mixin.py:188} INFO - [2026-01-07T14:56:20.159+0000] {dagbag.py:538} INFO - Filling up the DagBag from /opt/airflow/dags/daily_revenue_etl_dag.py
[2026-01-07T14:56:20.175+0000] {processor.py:840} INFO - DAG(s) 'daily_revenue_etl_dag' retrieved from /opt/airflow/dags/daily_revenue_etl_dag.py
[2026-01-07T14:56:20.185+0000] {logging_mixin.py:188} INFO - [2026-01-07T14:56:20.185+0000] {dag.py:3036} INFO - Sync 1 DAGs
[2026-01-07T14:56:20.201+0000] {logging_mixin.py:188} INFO - [2026-01-07T14:56:20.201+0000] {dag.py:3823} INFO - Setting next_dagrun for daily_revenue_etl_dag to 2026-01-07 00:00:00+00:00, run_after=2026-01-08 00:00:00+00:00
[2026-01-07T14:56:20.215+0000] {processor.py:183} INFO - Processing /opt/airflow/dags/daily_revenue_etl_dag.py took 0.060 seconds
[2026-01-07T14:58:45.019+0000] {processor.py:161} INFO - Started process (PID=2397) to work on /opt/airflow/dags/daily_revenue_etl_dag.py
[2026-01-07T14:58:45.020+0000] {processor.py:830} INFO - Processing file /opt/airflow/dags/daily_revenue_etl_dag.py for tasks to queue
[2026-01-07T14:58:45.020+0000] {logging_mixin.py:188} INFO - [2026-01-07T14:58:45.020+0000] {dagbag.py:538} INFO - Filling up the DagBag from /opt/airflow/dags/daily_revenue_etl_dag.py
[2026-01-07T14:58:45.035+0000] {processor.py:840} INFO - DAG(s) 'daily_revenue_etl_dag' retrieved from /opt/airflow/dags/daily_revenue_etl_dag.py
[2026-01-07T14:58:45.054+0000] {logging_mixin.py:188} INFO - [2026-01-07T14:58:45.054+0000] {dag.py:3036} INFO - Sync 1 DAGs
[2026-01-07T14:58:45.069+0000] {logging_mixin.py:188} INFO - [2026-01-07T14:58:45.069+0000] {dag.py:3823} INFO - Setting next_dagrun for daily_revenue_etl_dag to 2026-01-07 00:00:00+00:00, run_after=2026-01-08 00:00:00+00:00
[2026-01-07T14:58:45.083+0000] {processor.py:183} INFO - Processing /opt/airflow/dags/daily_revenue_etl_dag.py took 0.067 seconds
[2026-01-07T14:59:15.243+0000] {processor.py:161} INFO - Started process (PID=2402) to work on /opt/airflow/dags/daily_revenue_etl_dag.py
[2026-01-07T14:59:15.244+0000] {processor.py:830} INFO - Processing file /opt/airflow/dags/daily_revenue_etl_dag.py for tasks to queue
[2026-01-07T14:59:15.245+0000] {logging_mixin.py:188} INFO - [2026-01-07T14:59:15.245+0000] {dagbag.py:538} INFO - Filling up the DagBag from /opt/airflow/dags/daily_revenue_etl_dag.py
[2026-01-07T14:56:50.504+0000] {processor.py:840} INFO - DAG(s) 'daily_revenue_etl_dag' retrieved from /opt/airflow/dags/daily_revenue_etl_dag.py
[2026-01-07T14:56:50.526+0000] {logging_mixin.py:188} INFO - [2026-01-07T14:56:50.526+0000] {dag.py:3036} INFO - Sync 1 DAGs
[2026-01-07T14:56:50.543+0000] {logging_mixin.py:188} INFO - [2026-01-07T14:56:50.543+0000] {dag.py:3823} INFO - Setting next_dagrun for daily_revenue_etl_dag to 2026-01-07 00:00:00+00:00, run_after=2026-01-08 00:00:00+00:00
[2026-01-07T14:56:50.559+0000] {processor.py:183} INFO - Processing /opt/airflow/dags/daily_revenue_etl_dag.py took 0.085 seconds
[2026-01-07T14:56:50.587+0000] {processor.py:161} INFO - Started process (PID=2407) to work on /opt/airflow/dags/daily_revenue_etl_dag.py
[2026-01-07T14:56:50.588+0000] {processor.py:830} INFO - Processing file /opt/airflow/dags/daily_revenue_etl_dag.py for tasks to queue
[2026-01-07T14:56:50.589+0000] {logging_mixin.py:188} INFO - [2026-01-07T14:56:50.589+0000] {dagbag.py:538} INFO - Filling up the DagBag from /opt/airflow/dags/daily_revenue_etl_dag.py
[2026-01-07T14:56:50.605+0000] {processor.py:840} INFO - DAG(s) 'daily_revenue_etl_dag' retrieved from /opt/airflow/dags/daily_revenue_etl_dag.py
[2026-01-07T14:56:50.622+0000] {logging_mixin.py:188} INFO - [2026-01-07T14:56:50.622+0000] {dag.py:3036} INFO - Sync 1 DAGs
[2026-01-07T14:56:50.640+0000] {logging_mixin.py:188} INFO - [2026-01-07T14:56:50.639+0000] {dag.py:3823} INFO - Setting next_dagrun for daily_revenue_etl_dag to 2026-01-07 00:00:00+00:00, run_after=2026-01-08 00:00:00+00:00
[2026-01-07T14:56:50.652+0000] {processor.py:183} INFO - Processing /opt/airflow/dags/daily_revenue_etl_dag.py took 0.068 seconds
[2026-01-07T14:56:50.679+0000] {processor.py:161} INFO - Started process (PID=2412) to work on /opt/airflow/dags/daily_revenue_etl_dag.py
[2026-01-07T14:56:50.679+0000] {processor.py:830} INFO - Processing file /opt/airflow/dags/daily_revenue_etl_dag.py for tasks to queue
[2026-01-07T14:56:50.680+0000] {logging_mixin.py:188} INFO - [2026-01-07T14:56:50.680+0000] {dagbag.py:538} INFO - Filling up the DagBag from /opt/airflow/dags/daily_revenue_etl_dag.py
[2026-01-07T14:56:50.696+0000] {processor.py:840} INFO - DAG(s) 'daily_revenue_etl_dag' retrieved from /opt/airflow/dags/daily_revenue_etl_dag.py
[2026-01-07T14:56:50.712+0000] {logging_mixin.py:188} INFO - [2026-01-07T14:56:50.712+0000] {dag.py:3036} INFO - Sync 1 DAGs
[2026-01-07T14:56:50.727+0000] {logging_mixin.py:188} INFO - [2026-01-07T14:56:50.727+0000] {dag.py:3823} INFO - Setting next_dagrun for daily_revenue_etl_dag to 2026-01-07 00:00:00+00:00, run_after=2026-01-08 00:00:00+00:00
[2026-01-07T14:56:50.740+0000] {processor.py:183} INFO - Processing /opt/airflow/dags/daily_revenue_etl_dag.py took 0.063 seconds
[2026-01-07T14:56:50.768+0000] {processor.py:161} INFO - Started process (PID=2417) to work on /opt/airflow/dags/daily_revenue_etl_dag.py
[2026-01-07T14:56:50.769+0000] {processor.py:830} INFO - Processing file /opt/airflow/dags/daily_revenue_etl_dag.py for tasks to queue
[2026-01-07T14:56:50.769+0000] {logging_mixin.py:188} INFO - [2026-01-07T14:56:50.769+0000] {dagbag.py:538} INFO - Filling up the DagBag from /opt/airflow/dags/daily_revenue_etl_dag.py
[2026-01-07T14:56:50.785+0000] {processor.py:840} INFO - DAG(s) 'daily_revenue_etl_dag' retrieved from /opt/airflow/dags/daily_revenue_etl_dag.py
[2026-01-07T14:56:50.803+0000] {logging_mixin.py:188} INFO - [2026-01-07T14:56:50.803+0000] {dag.py:3036} INFO - Sync 1 DAGs
[2026-01-07T14:56:50.817+0000] {logging_mixin.py:188} INFO - [2026-01-07T14:56:50.817+0000] {dag.py:3823} INFO - Setting next_dagrun for daily_revenue_etl_dag to 2026-01-07 00:00:00+00:00, run_after=2026-01-08 00:00:00+00:00
[2026-01-07T14:56:50.830+0000] {processor.py:183} INFO - Processing /opt/airflow/dags/daily_revenue_etl_dag.py took 0.064 seconds
[2026-01-07T14:56:50.856+0000] {processor.py:161} INFO - Started process (PID=2422) to work on /opt/airflow/dags/daily_revenue_etl_dag.py
[2026-01-07T14:56:50.857+0000] {processor.py:830} INFO - Processing file /opt/airflow/dags/daily_revenue_etl_dag.py for tasks to queue
[2026-01-07T14:56:50.858+0000] {logging_mixin.py:188} INFO - [2026-01-07T14:56:50.858+0000] {dagbag.py:538} INFO - Filling up the DagBag from /opt/airflow/dags/daily_revenue_etl_dag.py
[2026-01-07T14:56:50.873+0000] {processor.py:840} INFO - DAG(s) 'daily_revenue_etl_dag' retrieved from /opt/airflow/dags/daily_revenue_etl_dag.py
[2026-01-07T14:56:50.891+0000] {logging_mixin.py:188} INFO - [2026-01-07T14:56:50.890+0000] {dag.py:3036} INFO - Sync 1 DAGs
[2026-01-07T14:56:50.905+0000] {logging_mixin.py:188} INFO - [2026-01-07T14:56:50.904+0000] {dag.py:3823} INFO - Setting next_dagrun for daily_revenue_etl_dag to 2026-01-07 00:00:00+00:00, run_after=2026-01-08 00:00:00+00:00
[2026-01-07T14:56:50.916+0000] {processor.py:183} INFO - Processing /opt/airflow/dags/daily_revenue_etl_dag.py took 0.063 seconds
[2026-01-07T14:56:50.943+0000] {processor.py:161} INFO - Started process (PID=2427) to work on /opt/airflow/dags/daily_revenue_etl_dag.py
[2026-01-07T14:56:50.944+0000] {processor.py:830} INFO - Processing file /opt/airflow/dags/daily_revenue_etl_dag.py for tasks to queue
[2026-01-07T14:56:50.945+0000] {logging_mixin.py:188} INFO - [2026-01-07T14:56:50.945+0000] {dagbag.py:538} INFO - Filling up the DagBag from /opt/airflow/dags/daily_revenue_etl_dag.py
[2026-01-07T14:56:50.960+0000] {processor.py:840} INFO - DAG(s) 'daily_revenue_etl_dag' retrieved from /opt/airflow/dags/daily_revenue_etl_dag.py
[2026-01-07T14:56:50.979+0000] {logging_mixin.py:188} INFO - [2026-01-07T14:56:50.979+0000] {dag.py:3036} INFO - Sync 1 DAGs
[2026-01-07T14:56:50.993+0000] {logging_mixin.py:188} INFO - [2026-01-07T14:56:50.993+0000] {dag.py:3823} INFO - Setting next_dagrun for daily_revenue_etl_dag to 2026-01-07 00:00:00+00:00, run_after=2026-01-08 00:00:00+00:00
[2026-01-07T14:56:51.005+0000] {processor.py:183} INFO - Processing /opt/airflow/dags/daily_revenue_etl_dag.py took 0.065 seconds
[2026-01-07T14:56:51.034+0000] {processor.py:161} INFO - Started process (PID=2432) to work on /opt/airflow/dags/daily_revenue_etl_dag.py
[2026-01-07T14:56:51.035+0000] {processor.py:830} INFO - Processing file /opt/airflow/dags/daily_revenue_etl_dag.py for tasks to queue
[2026-01-07T14:56:51.036+0000] {logging_mixin.py:188} INFO - [2026-01-07T14:56:51.035+0000] {dagbag.py:538} INFO - Filling up the DagBag from /opt/airflow/dags/daily_revenue_etl_dag.py
[2026-01-07T14:56:51.050+0000] {processor.py:840} INFO - DAG(s) 'daily_revenue_etl_dag' retrieved from /opt/airflow/dags/daily_revenue_etl_dag.py
[2026-01-07T14:56:51.070+0000] {logging_mixin.py:188} INFO - [2026-01-07T14:56:51.069+0000] {dag.py:3036} INFO - Sync 1 DAGs
[2026-01-07T14:56:51.085+0000] {logging_mixin.py:188} INFO - [2026-01-07T14:56:51.085+0000] {dag.py:3823} INFO - Setting next_dagrun for daily_revenue_etl_dag to 2026-01-07 00:00:00+00:00, run_after=2026-01-08 00:00:00+00:00
[2026-01-07T14:56:51.098+0000] {processor.py:183} INFO - Processing /opt/airflow/dags/daily_revenue_etl_dag.py took 0.067 seconds
[2026-01-07T14:56:51.127+0000] {processor.py:161} INFO - Started process (PID=2437) to work on /opt/airflow/dags/daily_revenue_etl_dag.py
[2026-01-07T14:56:51.128+0000] {processor.py:830} INFO - Processing file /opt/airflow/dags/daily_revenue_etl_dag.py for tasks to queue
[2026-01-07T14:56:51.129+0000] {logging_mixin.py:188} INFO - [2026-01-07T14:56:51.129+0000] {dagbag.py:538} INFO - Filling up the DagBag from /opt/airflow/dags/daily_revenue_etl_dag.py
[2026-01-07T14:56:51.145+0000] {processor.py:840} INFO - DAG(s) 'daily_revenue_etl_dag' retrieved from /opt/airflow/dags/daily_revenue_etl_dag.py
[2026-01-07T14:56:51.163+0000] {logging_mixin.py:188} INFO - [2026-01-07T14:56:51.163+0000] {dag.py:3036} INFO - Sync 1 DAGs
[2026-01-07T14:56:51.177+0000] {logging_mixin.py:188} INFO - [2026-01-07T14:56:51.177+0000] {dag.py:3823} INFO - Setting next_dagrun for daily_revenue_etl_dag to 2026-01-07 00:00:00+00:00, run_after=2026-01-08 00:00:00+00:00
[2026-01-07T14:56:51.189+0000] {processor.py:183} INFO - Processing /opt/airflow/dags/daily_revenue_etl_dag.py took 0.063 seconds
[2026-01-07T14:56:51.275+0000] {processor.py:161} INFO - Started process (PID=2442) to work on /opt/airflow/dags/daily_revenue_etl_dag.py
[2026-01-07T14:56:51.276+0000] {processor.py:830} INFO - Processing file /opt/airflow/dags/daily_revenue_etl_dag.py for tasks to queue
[2026-01-07T14:56:51.277+0000] {logging_mixin.py:188} INFO - [2026-01-07T14:56:51.277+0000] {dagbag.py:538} INFO - Filling up the DagBag from /opt/airflow/dags/daily_revenue_etl_dag.py
[2026-01-07T14:56:51.295+0000] {processor.py:840} INFO - DAG(s) 'daily_revenue_etl_dag' retrieved from /opt/airflow/dags/daily_revenue_etl_dag.py
[2026-01-07T14:56:51.312+0000] {logging_mixin.py:188} INFO - [2026-01-07T14:56:51.312+0000] {dag.py:3036} INFO - Sync 1 DAGs
[2026-01-07T14:56:51.326+0000] {logging_mixin.py:188} INFO - [2026-01-07T14:56:51.325+0000] {dag.py:3823} INFO - Setting next_dagrun for daily_revenue_etl_dag to 2026-01-07 00:00:00+00:00, run_after=2026-01-08 00:00:00+00:00
[2026-01-07T14:56:51.338+0000] {processor.py:183} INFO - Processing /opt/airflow/dags/daily_revenue_etl_dag.py took 0.065 seconds
[2026-01-07T14:56:51.364+0000] {processor.py:161} INFO - Started process (PID=2447) to work on /opt/airflow/dags/daily_revenue_etl_dag.py
[2026-01-07T14:56:51.365+0000] {processor.py:830} INFO - Processing file /opt/airflow/dags/daily_revenue_etl_dag.py for tasks to queue
[2026-01-07T14:56:51.365+0000] {logging_mixin.py:188} INFO - [2026-01-07T14:56:51.365+0000] {dagbag.py:538} INFO - Filling up the DagBag from /opt/airflow/dags/daily_revenue_etl_dag.py
[2026-01-07T14:56:51.379+0000] {processor.py:840} INFO - DAG(s) 'daily_revenue_etl_dag' retrieved from /opt/airflow/dags/daily_revenue_etl_dag.py
[2026-01-07T14:56:51.394+0000] {logging_mixin.py:188} INFO - [2026-01-07T14:56:51.394+0000] {dag.py:3036} INFO - Sync 1 DAGs
[2026-01-07T14:56:51.408+0000] {logging_mixin.py:188} INFO - [2026-01-07T14:56:51.408+0000] {dag.py:3823} INFO - Setting next_dagrun for daily_revenue_etl_dag to 2026-01-07 00:00:00+00:00, run_after=2026-01-08 00:00:00+00:00
[2026-01-07T14:56:51.421+0000] {processor.py:183} INFO - Processing /opt/airflow/dags/daily_revenue_etl_dag.py took 0.059 seconds
[2026-01-07T14:56:51.448+0000] {processor.py:161} INFO - Started process (PID=2452) to work on /opt/airflow/dags/daily_revenue_etl_dag.py
[2026-01-07T14:56:51.449+0000] {processor.py:830} INFO - Processing file /opt/airflow/dags/daily_revenue_etl_dag.py for tasks to queue
[2026-01-07T14:56:51.449+0000] {logging_mixin.py:188} INFO - [2026-01-07T14:56:51.449+0000] {dagbag.py:538} INFO - Filling up the DagBag from /opt/airflow/dags/daily_revenue_etl_dag.py
[2026-01-07T14:56:51.462+0000] {processor.py:840} INFO - DAG(s) 'daily_revenue_etl_dag' retrieved from /opt/airflow/dags/daily_revenue_etl_dag.py
[2026-01-07T14:56:51.480+0000] {logging_mixin.py:188} INFO - [2026-01-07T14:56:51.479+0000] {dag.py:3036} INFO - Sync 1 DAGs
[2026-01-07T14:56:51.495+0000] {logging_mixin.py:188} INFO - [2026-01-07T14:56:51.495+0000] {dag.py:3823} INFO - Setting next_dagrun for daily_revenue_etl_dag to 2026-01-07 00:00:00+00:00, run_after=2026-01-08 00:00:00+00:00
[2026-01-07T14:56:51.507+0000] {processor.py:183} INFO - Processing /opt/airflow/dags/daily_revenue_etl_dag.py took 0.063 seconds
[2026-01-07T14:56:51.533+0000] {processor.py:161} INFO - Started process (PID=2457) to work on /opt/airflow/dags/daily_revenue_etl_dag.py
[2026-01-07T14:56:51.534+0000] {processor.py:830} INFO - Processing file /opt/airflow/dags/daily_revenue_etl_dag.py for tasks to queue
[2026-01-07T14:56:51.534+0000] {logging_mixin.py:188} INFO - [2026-01-07T14:56:51.534+0000] {dagbag.py:538} INFO - Filling up the DagBag from /opt/airflow/dags/daily_revenue_etl_dag.py
[2026-01-07T14:56:51.546+0000] {processor.py:840} INFO - DAG(s) 'daily_revenue_etl_dag' retrieved from /opt/airflow/dags/daily_revenue_etl_dag.py
[2026-01-07T14:56:51.563+0000] {logging_mixin.py:188} INFO - [2026-01-07T14:56:51.563+0000] {dag.py:3036} INFO - Sync 1 DAGs
[2026-01-07T14:56:51.577+0000] {logging_mixin.py:188} INFO - [2026-01-07T14:56:51.577+0000] {dag.py:3823} INFO - Setting next_dagrun for daily_revenue_etl_dag to 2026-01-07 00:00:00+00:00, run_after=2026-01-08 00:00:00+00:00
[2026-01-07T14:56:51.588+0000] {processor.py:183} INFO - Processing /opt/airflow/dags/daily_revenue_etl_dag.py took 0.058 seconds
[2026-01-07T14:56:51.610+0000] {processor.py:161} INFO - Started process (PID=2462) to work on /opt/airflow/dags/daily_revenue_etl_dag.py
[2026-01-07T14:56:51.611+0000] {processor.py:830} INFO - Processing file /opt/airflow/dags/daily_revenue_etl_dag.py for tasks to queue
[2026-01-07T14:56:51.611+0000] {logging_mixin.py:188} INFO - [2026-01-07T14:56:51.611+0000] {dagbag.py:538} INFO - Filling up the DagBag from /opt/airflow/dags/daily_revenue_etl_dag.py
[2026-01-07T14:56:51.626+0000] {processor.py:840} INFO - DAG(s) 'daily_revenue_etl_dag' retrieved from /opt/airflow/dags/daily_revenue_etl_dag.py
[2026-01-07T14:56:51.643+0000] {logging_mixin.py:188} INFO - [2026-01-07T14:56:51.643+0000] {dag.py:3036} INFO - Sync 1 DAGs
[2026-01-07T14:56:51.659+0000] {logging_mixin.py:188} INFO - [2026-01-07T14:56:51.659+0000] {dag.py:3823} INFO - Setting next_dagrun for daily_revenue_etl_dag to 2026-01-07 00:00:00+00:00, run_after=2026-01-08 00:00:00+00:00
[2026-01-07T14:56:51.672+0000] {processor.py:183} INFO - Processing /opt/airflow/dags/daily_revenue_etl_dag.py took 0.064 seconds
[2026-01-07T14:56:51.694+0000] {processor.py:161} INFO - Started process (PID=2467) to work on /opt/airflow/dags/daily_revenue_etl_dag.py
[2026-01-07T14:56:51.695+0000] {processor.py:830} INFO - Processing file /opt/airflow/dags/daily_revenue_etl_dag.py for tasks to queue
[2026-01-07T14:56:51.695+0000] {logging_mixin.py:188} INFO - [2026-01-07T14:56:51.695+0000] {dagbag.py:538} INFO - Filling up the DagBag from /opt/airflow/dags/daily_revenue_etl_dag.py
[2026-01-07T14:56:51.709+0000] {processor.py:840} INFO - DAG(s) 'daily_revenue_etl_dag' retrieved from /opt/airflow/dags/daily_revenue_etl_dag.py
[2026-01-07T14:56:51.728+0000] {logging_mixin.py:188} INFO - [2026-01-07T14:56:51.728+0000] {dag.py:3036} INFO - Sync 1 DAGs
[2026-01-07T14:56:51.743+0000] {logging_mixin.py:188} INFO - [2026-01-07T14:56:51.743+0000] {dag.py:3823} INFO - Setting next_dagrun for daily_revenue_etl_dag to 2026-01-07 00:00:00+00:00, run_after=2026-01-08 00:00:00+00:00
[2026-01-07T14:56:51.757+0000] {processor.py:183} INFO - Processing /opt/airflow/dags/daily_revenue_etl_dag.py took 0.065 seconds
[2026-01-07T14:56:51.780+0000] {processor.py:161} INFO - Started process (PID=2472) to work on /opt/airflow/dags/daily_revenue_etl_dag.py
[2026-01-07T14:56:51.781+0000] {processor.py:830} INFO - Processing file /opt/airflow/dags/daily_revenue_etl_dag.py for tasks to queue
[2026-01-07T14:56:51.781+0000] {logging_mixin.py:188} INFO - [2026-01-07T14:56:51.781+0000] {dagbag.py:538} INFO - Filling up the DagBag from /opt/airflow/dags/daily_revenue_etl_dag.py
[2026-01-07T14:56:51.792+0000] {processor.py:840} INFO - DAG(s) 'daily_revenue_etl_dag' retrieved from /opt/airflow/dags/daily_revenue_etl_dag.py
[2026-01-07T14:56:51.809+0000] {logging_mixin.py:188} INFO - [2026-01-07T14:56:51.809+0000] {dag.py:3036} INFO - Sync 1 DAGs
[2026-01-07T14:56:51.823+0000] {logging_mixin.py:188} INFO - [2026-01-07T14:56:51.823+0000] {dag.py:3823} INFO - Setting next_dagrun for daily_revenue_etl_dag to 2026-01-07 00:00:00+00:00, run_after=2026-01-08 00:00:00+00:00
[2026-01-07T14:56:51.835+0000] {processor.py:183} INFO - Processing /opt/airflow/dags/daily_revenue_etl_dag.py took 0.058 seconds
[2026-01-07T14:56:51.858+0000] {processor.py:161} INFO - Started process (PID=2477) to work on /opt/airflow/dags/daily_revenue_etl_dag.py
[2026-01-07T14:56:51.859+0000] {processor.py:830} INFO - Processing file /opt/airflow/dags/daily_revenue_etl_dag.py for tasks to queue
[2026-01-07T14:56:51.860+0000] {logging_mixin.py:188} INFO - [2026-01-07T14:56:51.860+0000] {dagbag.py:538} INFO - Filling up the DagBag from /opt/airflow/dags/daily_revenue_etl_dag.py
[2026-01-07T14:56:51.873+0000] {processor.py:840} INFO - DAG(s) 'daily_revenue_etl_dag' retrieved from /opt/airflow/dags/daily_revenue_etl_dag.py
[2026-01-07T14:56:51.891+0000] {logging_mixin.py:188} INFO - [2026-01-07T14:56:51.890+0000] {dag.py:3036} INFO - Sync 1 DAGs
[2026-01-07T14:56:51.912+0000] {logging_mixin.py:188} INFO - [2026-01-07T14:56:51.912+0000] {dag.py:3823} INFO - Setting next_dagrun for daily_revenue_etl_dag to 2026-01-07 00:00:00+00:00, run_after=2026-01-08 00:00:00+00:00
[2026-01-07T14:56:51.923+0000] {processor.py:183} INFO - Processing /opt/airflow/dags/daily_revenue_etl_dag.py took 0.068 seconds
[2026-01-07T14:56:51.954+0000] {processor.py:161} INFO - Started process (PID=2482) to work on /opt/airflow/dags/daily_revenue_etl_dag.py
[2026-01-07T14:56:51.955+0000] {processor.py:830} INFO - Processing file /opt/airflow/dags/daily_revenue_etl_dag.py for tasks to queue
[2026-01-07T14:56:51.956+0000] {logging_mixin.py:188} INFO - [2026-01-07T14:56:51.956+0000] {dagbag.py:538} INFO - Filling up the DagBag from /opt/airflow/dags/daily_revenue_etl_dag.py
[2026-01-07T14:56:51.973+0000] {processor.py:840} INFO - DAG(s) 'daily_revenue_etl_dag' retrieved from /opt/airflow/dags/daily_revenue_etl_dag.py
[2026-01-07T14:56:51.991+0000] {logging_mixin.py:188} INFO - [2026-01-07T14:56:51.991+0000] {dag.py:3036} INFO - Sync 1 DAGs
[2026-01-07T14:56:52.006+0000] {logging_mixin.py:188} INFO - [2026-01-07T14:56:52.006+0000] {dag.py:3823} INFO - Setting next_dagrun for daily_revenue_etl_dag to 2026-01-07 00:00:00+00:00, run_after=2026-01-08 00:00:00+00:00
[2026-01-07T14:56:52.017+0000] {processor.py:183} INFO - Processing /opt/airflow/dags/daily_revenue_etl_dag.py took 0.065 seconds
[2026-01-07T14:56:52.047+0000] {processor.py:161} INFO - Started process (PID=2487) to work on /opt/airflow/dags/daily_revenue_etl_dag.py
[2026-01-07T14:56:52.048+0000] {processor.py:830} INFO - Processing file /opt/airflow/dags/daily_revenue_etl_dag.py for tasks to queue
[2026-01-07T14:56:52.048+0000] {logging_mixin.py:188} INFO - [2026-01-07T14:56:52.048+0000] {dagbag.py:538} INFO - Filling up the DagBag from /opt/airflow/dags/daily_revenue_etl_dag.py
[2026-01-07T14:56:52.060+0000] {processor.py:840} INFO - DAG(s) 'daily_revenue_etl_dag' retrieved from /opt/airflow/dags/daily_revenue_etl_dag.py
[2026-01-07T14:56:52.076+0000] {logging_mixin.py:188} INFO - [2026-01-07T14:56:52.076+0000] {dag.py:3036} INFO - Sync 1 DAGs
[2026-01-07T14:56:52.090+0000] {logging_mixin.py:188} INFO - [2026-01-07T14:56:52.090+0000] {dag.py:3823} INFO - Setting next_dagrun for daily_revenue_etl_dag to 2026-01-07 00:00:00+00:00, run_after=2026-01-08 00:00:00+00:00
[2026-01-07T14:56:52.101+0000] {processor.py:183} INFO - Processing /opt/airflow/dags/daily_revenue_etl_dag.py took 0.057 seconds
[2026-01-07T14:56:52.124+0000] {processor.py:161} INFO - Started process (PID=2492) to work on /opt/airflow/dags/daily_revenue_etl_dag.py
[2026-01-07T14:56:52.125+0000] {processor.py:830} INFO - Processing file /opt/airflow/dags/daily_revenue_etl_dag.py for tasks to queue
[2026-01-07T14:56:52.125+0000] {logging_mixin.py:188} INFO - [2026-01-07T14:56:52.125+0000] {dagbag.py:538} INFO - Filling up the DagBag from /opt/airflow/dags/daily_revenue_etl_dag.py
[2026-01-07T14:56:52.139+0000] {processor.py:840} INFO - DAG(s) 'daily_revenue_etl_dag' retrieved from /opt/airflow/dags/daily_revenue_etl_dag.py
[2026-01-07T14:56:52.155+0000] {logging_mixin.py:188} INFO - [2026-01-07T14:56:52.155+0000] {dag.py:3036} INFO - Sync 1 DAGs
[2026-01-07T14:56:52.170+0000] {logging_mixin.py:188} INFO - [2026-01-07T14:56:52.169+0000] {dag.py:3823} INFO - Setting next_dagrun for daily_revenue_etl_dag to 2026-01-07 00:00:00+00:00, run_after=2026-01-08 00:00:00+00:00
[2026-01-07T14:56:52.181+0000] {processor.py:183} INFO - Processing /opt/airflow/dags/daily_revenue_etl_dag.py took 0.059 seconds
[2026-01-07T14:56:52.204+0000] {processor.py:161} INFO - Started process (PID=2497) to work on /opt/airflow/dags/daily_revenue_etl_dag.py
[2026-01-07T14:56:52.205+0000] {processor.py:830} INFO - Processing file /opt/airflow/dags/daily_revenue_etl_dag.py for tasks to queue
[2026-01-07T14:56:52.206+0000] {logging_mixin.py:188} INFO - [2026-01-07T14:56:52.205+0000] {dagbag.py:538} INFO - Filling up the DagBag from /opt/airflow/dags/daily_revenue_etl_dag.py
[2026-01-07T14:56:52.217+0000] {processor.py:840} INFO - DAG(s) 'daily_revenue_etl_dag' retrieved from /opt/airflow/dags/daily_revenue_etl_dag.py
[2026-01-07T14:56:52.234+0000] {logging_mixin.py:188} INFO - [2026-01-07T14:56:52.234+0000] {dag.py:3036} INFO - Sync 1 DAGs
[2026-01-07T14:56:52.247+0000] {logging_mixin.py:188} INFO - [2026-01-07T14:56:52.247+0000] {dag.py:3823} INFO - Setting next_dagrun for daily_revenue_etl_dag to 2026-01-07 00:00:00+00:00, run_after=2026-01-08 00:00:00+00:00
[2026-01-07T14:56:52.257+0000] {processor.py:183} INFO - Processing /opt/airflow/dags/daily_revenue_etl_dag.py took 0.055 seconds
[2026-01-07T14:56:52.281+0000] {processor.py:161} INFO - Started process (PID=2502) to work on /opt/airflow/dags/daily_revenue_etl_dag.py
[2026-01-07T14:56:52.282+0000] {processor.py:830} INFO - Processing file /opt/airflow/dags/daily_revenue_etl_dag.py for tasks to queue
[2026-01-07T14:56:52.283+0000] {logging_mixin.py:188} INFO - [2026-01-07T14:56:52.283+0000] {dagbag.py:538} INFO - Filling up the DagBag from /opt/airflow/dags/daily_revenue_etl_dag.py
[2026-01-07T14:56:52.295+0000] {processor.py:840} INFO - DAG(s) 'daily_revenue_etl_dag' retrieved from /opt/airflow/dags/daily_revenue_etl_dag.py
[2026-01-07T14:56:52.311+0000] {logging_mixin.py:188} INFO - [2026-01-07T14:56:52.311+0000] {dag.py:3036} INFO - Sync 1 DAGs
[2026-01-07T14:56:52.327+0000] {logging_mixin.py:188} INFO - [2026-01-07T14:56:52.327+0000] {dag.py:3823} INFO - Setting next_dagrun for daily_revenue_etl_dag to 2026-01-07 00:00:00+00:00, run_after=2026-01-08 00:00:00+00:00
[2026-01-07T14:56:52.338+0000] {processor.py:183} INFO - Processing /opt/airflow/dags/daily_revenue_etl_dag.py took 0.059 seconds
[2026-01-07T14:56:52.359+0000] {processor.py:161} INFO - Started process (PID=2507) to work on /opt/airflow/dags/daily_revenue_etl_dag.py
[2026-01-07T14:56:52.360+0000] {processor.py:830} INFO - Processing file /opt/airflow/dags/daily_revenue_etl_dag.py for tasks to queue
[2026-01-07T14:56:52.361+0000] {logging_mixin.py:188} INFO - [2026-01-07T14:56:52.360+0000] {dagbag.py:538} INFO - Filling up the DagBag from /opt/airflow/dags/daily_revenue_etl_dag.py
[2026-01-07T14:56:52.373+0000] {processor.py:840} INFO - DAG(s) 'daily_revenue_etl_dag' retrieved from /opt/airflow/dags/daily_revenue_etl_dag.py
[2026-01-07T14:56:52.390+0000] {logging_mixin.py:188} INFO - [2026-01-07T14:56:52.389+0000] {dag.py:3036} INFO - Sync 1 DAGs
[2026-01-07T14:56:52.403+0000] {logging_mixin.py:188} INFO - [2026-01-07T14:56:52.403+0000] {dag.py:3823} INFO - Setting next_dagrun for daily_revenue_etl_dag to 2026-01-07 00:00:00+00:00, run_after=2026-01-08 00:00:00+00:00
[2026-01-07T14:56:52.413+0000] {processor.py:183} INFO - Processing /opt/airflow/dags/daily_revenue_etl_dag.py took 0.056 seconds
[2026-01-07T14:56:52.435+0000] {processor.py:161} INFO - Started process (PID=2512) to work on /opt/airflow/dags/daily_revenue_etl_dag.py
[2026-01-07T14:56:52.436+0000] {processor.py:830} INFO - Processing file /opt/airflow/dags/daily_revenue_etl_dag.py for tasks to queue
[2026-01-07T14:56:52.437+0000] {logging_mixin.py:188} INFO - [2026-01-07T14:56:52.436+0000] {dagbag.py:538} INFO - Filling up the DagBag from /opt/airflow/dags/daily_revenue_etl_dag.py
[2026-01-07T14:56:52.448+0000] {processor.py:840} INFO - DAG(s) 'daily_revenue_etl_dag' retrieved from /opt/airflow/dags/daily_revenue_etl_dag.py
[2026-01-07T14:56:52.465+0000] {logging_mixin.py:188} INFO - [2026-01-07T14:56:52.465+0000] {dag.py:3036} INFO - Sync 1 DAGs
[2026-01-07T14:56:52.478+0000] {logging_mixin.py:188} INFO - [2026-01-07T14:56:52.478+0000] {dag.py:3823} INFO - Setting next_dagrun for daily_revenue_etl_dag to 2026-01-07 00:00:00+00:00, run_after=2026-01-08 00:00:00+00:00
[2026-01-07T14:56:52.489+0000] {processor.py:183} INFO - Processing /opt/airflow/dags/daily_revenue_etl_dag.py took 0.057 seconds
[2026-01-07T14:56:52.511+0000] {processor.py:161} INFO - Started process (PID=2517) to work on /opt/airflow/dags/daily_revenue_etl_dag.py
[2026-01-07T14:56:52.511+0000] {processor.py:830} INFO - Processing file /opt/airflow/dags/daily_revenue_etl_dag.py for tasks to queue
[2026-01-07T14:56:52.512+0000] {logging_mixin.py:188} INFO - [2026-01-07T14:56:52.512+0000] {dagbag.py:538} INFO - Filling up the DagBag from /opt/airflow/dags/daily_revenue_etl_dag.py
[2026-01-07T14:56:52.523+0000] {processor.py:840} INFO - DAG(s) 'daily_revenue_etl_dag' retrieved from /opt/airflow/dags/daily_revenue_etl_dag.py
[2026-01-07T14:56:52.539+0000] {logging_mixin.py:188} INFO - [2026-01-07T14:56:52.539+0000] {dag.py:3036} INFO - Sync 1 DAGs
[2026-01-07T14:56:52.552+0000] {logging_mixin.py:188} INFO - [2026-01-07T14:56:52.551+0000] {dag.py:3823} INFO - Setting next_dagrun for daily_revenue_etl_dag to 2026-01-07 00:00:00+00:00, run_after=2026-01-08 00:00:00+00:00
[2026-01-07T14:56:52.565+0000] {processor.py:183} INFO - Processing /opt/airflow/dags/daily_revenue_etl_dag.py took 0.057 seconds
[2026-01-07T14:56:52.593+0000] {processor.py:161} INFO - Started process (PID=2522) to work on /opt/airflow/dags/daily_revenue_etl_dag.py
[2026-01-07T14:56:52.594+0000] {processor.py:830} INFO - Processing file /opt/airflow/dags/daily_revenue_etl_dag.py for tasks to queue
[2026-01-07T14:56:52.596+0000] {logging_mixin.py:188} INFO - [2026-01-07T14:56:52.595+0000] {dagbag.py:538} INFO - Filling up the DagBag from /opt/airflow/dags/daily_revenue_etl_dag.py
[2026-01-07T14:56:52.610+0000] {processor.py:840} INFO - DAG(s) 'daily_revenue_etl_dag' retrieved from /opt/airflow/dags/daily_revenue_etl_dag.py
[2026-01-07T14:56:52.629+0000] {logging_mixin.py:188} INFO - [2026-01-07T14:56:52.629+0000] {dag.py:3036} INFO - Sync 1 DAGs
[2026-01-07T14:56:52.643+0000] {logging_mixin.py:188} INFO - [2026-01-07T14:56:52.643+0000] {dag.py:3823} INFO - Setting next_dagrun for daily_revenue_etl_dag to 2026-01-07 00:00:00+00:00, run_after=2026-01-08 00:00:00+00:00
[2026-01-07T14:56:52.658+0000] {processor.py:183} INFO - Processing /opt/airflow/dags/daily_revenue_etl_dag.py took 0.067 seconds
[2026-01-07T14:56:52.683+0000] {processor.py:161} INFO - Started process (PID=2527) to work on /opt/airflow/dags/daily_revenue_etl_dag.py
[2026-01-07T14:56:52.684+0000] {processor.py:830} INFO - Processing file /opt/airflow/dags/daily_revenue_etl_dag.py for tasks to queue
[2026-01-07T14:56:52.685+0000] {logging_mixin.py:188} INFO - [2026-01-07T14:56:52.684+0000] {dagbag.py:538} INFO - Filling up the DagBag from /opt/airflow/dags/daily_revenue_etl_dag.py
[2026-01-07T14:56:52.700+0000] {processor.py:840} INFO - DAG(s) 'daily_revenue_etl_dag' retrieved from /opt/airflow/dags/daily_revenue_etl_dag.py
[2026-01-07T14:56:52.716+0000] {logging_mixin.py:188} INFO - [2026-01-07T14:56:52.715+0000] {dag.py:3036} INFO - Sync 1 DAGs
[2026-01-07T14:56:52.729+0000] {logging_mixin.py:188} INFO - [2026-01-07T14:56:52.729+0000] {dag.py:3823} INFO - Setting next_dagrun for daily_revenue_etl_dag to 2026-01-07 00:00:00+00:00, run_after=2026-01-08 00:00:00+00:00
[2026-01-07T14:56:52.741+0000] {processor.py:183} INFO - Processing /opt/airflow/dags/daily_revenue_etl_dag.py took 0.060 seconds
[2026-01-07T14:56:52.769+0000] {processor.py:161} INFO - Started process (PID=2532) to work on /opt/airflow/dags/daily_revenue_etl_dag.py
[2026-01-07T14:56:52.770+0000] {processor.py:830} INFO - Processing file /opt/airflow/dags/daily_revenue_etl_dag.py for tasks to queue
[2026-01-07T14:56:52.770+0000] {logging_mixin.py:188} INFO - [2026-01-07T14:56:52.770+0000] {dagbag.py:538} INFO - Filling up the DagBag from /opt/airflow/dags/daily_revenue_etl_dag.py
[2026-01-07T14:56:52.783+0000] {processor.py:840} INFO - DAG(s) 'daily_revenue_etl_dag' retrieved from /opt/airflow/dags/daily_revenue_etl_dag.py
[2026-01-07T14:56:52.801+0000] {logging_mixin.py:188} INFO - [2026-01-07T14:56:52.801+0000] {dag.py:3036} INFO - Sync 1 DAGs
[2026-01-07T14:56:52.815+0000] {logging_mixin.py:188} INFO - [2026-01-07T14:56:52.814+0000] {dag.py:3823} INFO - Setting next_dagrun for daily_revenue_etl_dag to 2026-01-07 00:00:00+00:00, run_after=2026-01-08 00:00:00+00:00
[2026-01-07T14:56:52.828+0000] {processor.py:183} INFO - Processing /opt/airflow/dags/daily_revenue_etl_dag.py took 0.062 seconds
[2026-01-07T14:56:52.862+0000] {processor.py:161} INFO - Started process (PID=2537) to work on /opt/airflow/dags/daily_revenue_etl_dag.py
[2026-01-07T14:56:52.863+0000] {processor.py:830} INFO - Processing file /opt/airflow/dags/daily_revenue_etl_dag.py for tasks to queue
[2026-01-07T14:56:52.864+0000] {logging_mixin.py:188} INFO - [2026-01-07T14:56:52.863+0000] {dagbag.py:538} INFO - Filling up the DagBag from /opt/airflow/dags/daily_revenue_etl_dag.py
[2026-01-07T14:56:52.879+0000] {processor.py:840} INFO - DAG(s) 'daily_revenue_etl_dag' retrieved from /opt/airflow/dags/daily_revenue_etl_dag.py
[2026-01-07T14:56:52.897+0000] {logging_mixin.py:188} INFO - [2026-01-07T14:56:52.896+0000] {dag.py:3036} INFO - Sync 1 DAGs
[2026-01-07T14:56:52.909+0000] {logging_mixin.py:188} INFO - [2026-01-07T14:56:52.909+0000] {dag.py:3823} INFO - Setting next_dagrun for daily_revenue_etl_dag to 2026-01-07 00:00:00+00:00, run_after=2026-01-08 00:00:00+00:00
[2026-01-07T14:56:52.921+0000] {processor.py:183} INFO - Processing /opt/airflow/dags/daily_revenue_etl_dag.py took 0.062 seconds
[2026-01-07T14:56:52.945+0000] {processor.py:161} INFO - Started process (PID=2542) to work on /opt/airflow/dags/daily_revenue_etl_dag.py
[2026-01-07T14:56:52.946+0000] {processor.py:830} INFO - Processing file /opt/airflow/dags/daily_revenue_etl_dag.py for tasks to queue
[2026-01-07T14:56:52.947+0000] {logging_mixin.py:188} INFO - [2026-01-07T14:56:52.946+0000] {dagbag.py:538} INFO - Filling up the DagBag from /opt/airflow/dags/daily_revenue_etl_dag.py
[2026-01-07T14:56:52.963+0000] {processor.py:840} INFO - DAG(s) 'daily_revenue_etl_dag' retrieved from /opt/airflow/dags/daily_revenue_etl_dag.py
[2026-01-07T14:56:52.981+0000] {logging_mixin.py:188} INFO - [2026-01-07T14:56:52.981+0000] {dag.py:3036} INFO - Sync 1 DAGs
[2026-01-07T14:56:52.995+0000] {logging_mixin.py:188} INFO - [2026-01-07T14:56:52.995+0000] {dag.py:3823} INFO - Setting next_dagrun for daily_revenue_etl_dag to 2026-01-07 00:00:00+00:00, run_after=2026-01-08 00:00:00+00:00
[2026-01-07T14:56:53.008+0000] {processor.py:183} INFO - Processing /opt/airflow/dags/daily_revenue_etl_dag.py took 0.065 seconds
[2026-01-07T14:56:53.034+0000] {processor.py:161} INFO - Started process (PID=2547) to work on /opt/airflow/dags/daily_revenue_etl_dag.py
[2026-01-07T14:56:53.035+0000] {processor.py:830} INFO - Processing file /opt/airflow/dags/daily_revenue_etl_dag.py for tasks to queue
[2026-01-07T14:56:53.036+0000] {logging_mixin.py:188} INFO - [2026-01-07T14:56:53.035+0000] {dagbag.py:538} INFO - Filling up the DagBag from /opt/airflow/dags/daily_revenue_etl_dag.py
[2026-01-07T14:56:53.050+0000] {processor.py:840} INFO - DAG(s) 'daily_revenue_etl_dag' retrieved from /opt/airflow/dags/daily_revenue_etl_dag.py
[2026-01-07T14:56:53.065+0000] {logging_mixin.py:188} INFO - [2026-01-07T14:56:53.065+0000] {dag.py:3036} INFO - Sync 1 DAGs
[2026-01-07T14:56:53.079+0000] {logging_mixin.py:188} INFO - [2026-01-07T14:56:53.079+0000] {dag.py:3823} INFO - Setting next_dagrun for daily_revenue_etl_dag to 2026-01-07 00:00:00+00:00, run_after=2026-01-08 00:00:00+00:00
[2026-01-07T14:56:53.090+0000] {processor.py:183} INFO - Processing /opt/airflow/dags/daily_revenue_etl_dag.py took 0.059 seconds
[2026-01-07T14:56:53.112+0000] {processor.py:161} INFO - Started process (PID=2552) to work on /opt/airflow/dags/daily_revenue_etl_dag.py
[2026-01-07T14:56:53.112+0000] {processor.py:830} INFO - Processing file /opt/airflow/dags/daily_revenue_etl_dag.py for tasks to queue
[2026-01-07T14:56:53.113+0000] {logging_mixin.py:188} INFO - [2026-01-07T14:56:53.113+0000] {dagbag.py:538} INFO - Filling up the DagBag from /opt/airflow/dags/daily_revenue_etl_dag.py
[2026-01-07T14:56:53.125+0000] {processor.py:840} INFO - DAG(s) 'daily_revenue_etl_dag' retrieved from /opt/airflow/dags/daily_revenue_etl_dag.py
[2026-01-07T14:56:53.142+0000] {logging_mixin.py:188} INFO - [2026-01-07T14:56:53.142+0000] {dag.py:3036} INFO - Sync 1 DAGs
[2026-01-07T14:56:53.156+0000] {logging_mixin.py:188} INFO - [2026-01-07T14:56:53.155+0000] {dag.py:3823} INFO - Setting next_dagrun for daily_revenue_etl_dag to 2026-01-07 00:00:00+00:00, run_after=2026-01-08 00:00:00+00:00
[2026-01-07T14:56:53.166+0000] {processor.py:183} INFO - Processing /opt/airflow/dags/daily_revenue_etl_dag.py took 0.056 seconds
[2026-01-07T14:56:53.188+0000] {processor.py:161} INFO - Started process (PID=2557) to work on /opt/airflow/dags/daily_revenue_etl_dag.py
[2026-01-07T14:56:53.189+0000] {processor.py:830} INFO - Processing file /opt/airflow/dags/daily_revenue_etl_dag.py for tasks to queue
[2026-01-07T14:56:53.190+0000] {logging_mixin.py:188} INFO - [2026-01-07T14:56:53.190+0000] {dagbag.py:538} INFO - Filling up the DagBag from /opt/airflow/dags/daily_revenue_etl_dag.py
[2026-01-07T14:56:53.204+0000] {processor.py:840} INFO - DAG(s) 'daily_revenue_etl_dag' retrieved from /opt/airflow/dags/daily_revenue_etl_dag.py
[2026-01-07T14:56:53.222+0000] {logging_mixin.py:188} INFO - [2026-01-07T14:56:53.222+0000] {dag.py:3036} INFO - Sync 1 DAGs
[2026-01-07T14:56:53.238+0000] {logging_mixin.py:188} INFO - [2026-01-07T14:56:53.238+0000] {dag.py:3823} INFO - Setting next_dagrun for daily_revenue_etl_dag to 2026-01-07 00:00:00+00:00, run_after=2026-01-08 00:00:00+00:00
[2026-01-07T14:56:53.249+0000] {processor.py:183} INFO - Processing /opt/airflow/dags/daily_revenue_etl_dag.py took 0.064 seconds
[2026-01-07T14:56:53.279+0000] {processor.py:161} INFO - Started process (PID=2562) to work on /opt/airflow/dags/daily_revenue_etl_dag.py
[2026-01-07T14:56:53.280+0000] {processor.py:830} INFO - Processing file /opt/airflow/dags/daily_revenue_etl_dag.py for tasks to queue
[2026-01-07T14:56:53.281+0000] {logging_mixin.py:188} INFO - [2026-01-07T14:56:53.281+0000] {dagbag.py:538} INFO - Filling up the DagBag from /opt/airflow/dags/daily_revenue_etl_dag.py
[2026-01-07T14:56:53.294+0000] {processor.py:840} INFO - DAG(s) 'daily_revenue_etl_dag' retrieved from /opt/airflow/dags/daily_revenue_etl_dag.py
[2026-01-07T14:56:53.312+0000] {logging_mixin.py:188} INFO - [2026-01-07T14:56:53.312+0000] {dag.py:3036} INFO - Sync 1 DAGs
[2026-01-07T14:56:53.327+0000] {logging_mixin.py:188} INFO - [2026-01-07T14:56:53.327+0000] {dag.py:3823} INFO - Setting next_dagrun for daily_revenue_etl_dag to 2026-01-07 00:00:00+00:00, run_after=2026-01-08 00:00:00+00:00
[2026-01-07T14:56:53.339+0000] {processor.py:183} INFO - Processing /opt/airflow/dags/daily_revenue_etl_dag.py took 0.062 seconds
[2026-01-07T14:56:53.363+0000] {processor.py:161} INFO - Started process (PID=2567) to work on /opt/airflow/dags/daily_revenue_etl_dag.py
[2026-01-07T14:56:53.365+0000] {processor.py:830} INFO - Processing file /opt/airflow/dags/daily_revenue_etl_dag.py for tasks to queue
[2026-01-07T14:56:53.366+0000] {logging_mixin.py:188} INFO - [2026-01-07T14:56:53.365+0000] {dagbag.py:538} INFO - Filling up the DagBag from /opt/airflow/dags/daily_revenue_etl_dag.py
[2026-01-07T14:56:53.377+0000] {processor.py:840} INFO - DAG(s) 'daily_revenue_etl_dag' retrieved from /opt/airflow/dags/daily_revenue_etl_dag.py
[2026-01-07T14:56:53.394+0000] {logging_mixin.py:188} INFO - [2026-01-07T14:56:53.394+0000] {dag.py:3036} INFO - Sync 1 DAGs
[2026-01-07T14:56:53.412+0000] {logging_mixin.py:188} INFO - [2026-01-07T14:56:53.412+0000] {dag.py:3823} INFO - Setting next_dagrun for daily_revenue_etl_dag to 2026-01-07 00:00:00+00:00, run_after=2026-01-08 00:00:00+00:00
[2026-01-07T14:56:53.423+0000] {processor.py:183} INFO - Processing /opt/airflow/dags/daily_revenue_etl_dag.py took 0.064 seconds
[2026-01-07T14:56:53.445+0000] {processor.py:161} INFO - Started process (PID=2572) to work on /opt/airflow/dags/daily_revenue_etl_dag.py
[2026-01-07T14:56:53.446+0000] {processor.py:830} INFO - Processing file /opt/airflow/dags/daily_revenue_etl_dag.py for tasks to queue
[2026-01-07T14:56:53.447+0000] {logging_mixin.py:188} INFO - [2026-01-07T14:56:53.446+0000] {dagbag.py:538} INFO - Filling up the DagBag from /opt/airflow/dags/daily_revenue_etl_dag.py
[2026-01-07T14:56:53.459+0000] {processor.py:840} INFO - DAG(s) 'daily_revenue_etl_dag' retrieved from /opt/airflow/dags/daily_revenue_etl_dag.py
[2026-01-07T14:56:53.475+0000] {logging_mixin.py:188} INFO - [2026-01-07T14:56:53.474+0000] {dag.py:3036} INFO - Sync 1 DAGs
[2026-01-07T14:56:53.488+0000] {logging_mixin.py:188} INFO - [2026-01-07T14:56:53.487+0000] {dag.py:3823} INFO - Setting next_dagrun for daily_revenue_etl_dag to 2026-01-07 00:00:00+00:00, run_after=2026-01-08 00:00:00+00:00
[2026-01-07T14:56:53.498+0000] {processor.py:183} INFO - Processing /opt/airflow/dags/daily_revenue_etl_dag.py took 0.055 seconds
[2026-01-07T14:56:53.518+0000] {processor.py:161} INFO - Started process (PID=2577) to work on /opt/airflow/dags/daily_revenue_etl_dag.py
[2026-01-07T14:56:53.519+0000] {processor.py:830} INFO - Processing file /opt/airflow/dags/daily_revenue_etl_dag.py for tasks to queue
[2026-01-07T14:56:53.519+0000] {logging_mixin.py:188} INFO - [2026-01-07T14:56:53.519+0000] {dagbag.py:538} INFO - Filling up the DagBag from /opt/airflow/dags/daily_revenue_etl_dag.py
[2026-01-07T14:56:53.530+0000] {processor.py:840} INFO - DAG(s) 'daily_revenue_etl_dag' retrieved from /opt/airflow/dags/daily_revenue_etl_dag.py
[2026-01-07T14:56:53.545+0000] {logging_mixin.py:188} INFO - [2026-01-07T14:56:53.545+0000] {dag.py:3036} INFO - Sync 1 DAGs
[2026-01-07T14:56:53.558+0000] {logging_mixin.py:188} INFO - [2026-01-07T14:56:53.558+0000] {dag.py:3823} INFO - Setting next_dagrun for daily_revenue_etl_dag to 2026-01-07 00:00:00+00:00, run_after=2026-01-08 00:00:00+00:00
[2026-01-07T14:56:53.569+0000] {processor.py:183} INFO - Processing /opt/airflow/dags/daily_revenue_etl_dag.py took 0.053 seconds
[2026-01-07T14:56:53.589+0000] {processor.py:161} INFO - Started process (PID=2582) to work on /opt/airflow/dags/daily_revenue_etl_dag.py
[2026-01-07T14:56:53.590+0000] {processor.py:830} INFO - Processing file /opt/airflow/dags/daily_revenue_etl_dag.py for tasks to queue
[2026-01-07T14:56:53.591+0000] {logging_mixin.py:188} INFO - [2026-01-07T14:56:53.590+0000] {dagbag.py:538} INFO - Filling up the DagBag from /opt/airflow/dags/daily_revenue_etl_dag.py
[2026-01-07T14:56:53.602+0000] {processor.py:840} INFO - DAG(s) 'daily_revenue_etl_dag' retrieved from /opt/airflow/dags/daily_revenue_etl_dag.py
[2026-01-07T14:56:53.617+0000] {logging_mixin.py:188} INFO - [2026-01-07T14:56:53.617+0000] {dag.py:3036} INFO - Sync 1 DAGs
[2026-01-07T14:56:53.631+0000] {logging_mixin.py:188} INFO - [2026-01-07T14:56:53.630+0000] {dag.py:3823} INFO - Setting next_dagrun for daily_revenue_etl_dag to 2026-01-07 00:00:00+00:00, run_after=2026-01-08 00:00:00+00:00
[2026-01-07T14:56:53.640+0000] {processor.py:183} INFO - Processing /opt/airflow/dags/daily_revenue_etl_dag.py took 0.053 seconds
[2026-01-07T14:56:53.667+0000] {processor.py:161} INFO - Started process (PID=2587) to work on /opt/airflow/dags/daily_revenue_etl_dag.py
[2026-01-07T14:56:53.668+0000] {processor.py:830} INFO - Processing file /opt/airflow/dags/daily_revenue_etl_dag.py for tasks to queue
[2026-01-07T14:56:53.669+0000] {logging_mixin.py:188} INFO - [2026-01-07T14:56:53.669+0000] {dagbag.py:538} INFO - Filling up the DagBag from /opt/airflow/dags/daily_revenue_etl_dag.py
[2026-01-07T14:56:53.684+0000] {processor.py:840} INFO - DAG(s) 'daily_revenue_etl_dag' retrieved from /opt/airflow/dags/daily_revenue_etl_dag.py
[2026-01-07T14:56:53.701+0000] {logging_mixin.py:188} INFO - [2026-01-07T14:56:53.700+0000] {dag.py:3036} INFO - Sync 1 DAGs
[2026-01-07T14:56:53.715+0000] {logging_mixin.py:188} INFO - [2026-01-07T14:56:53.715+0000] {dag.py:3823} INFO - Setting next_dagrun for daily_revenue_etl_dag to 2026-01-07 00:00:00+00:00, run_after=2026-01-08 00:00:00+00:00
[2026-01-07T14:56:53.727+0000] {processor.py:183} INFO - Processing /opt/airflow/dags/daily_revenue_etl_dag.py took 0.062 seconds
[2026-01-07T14:56:53.751+0000] {processor.py:161} INFO - Started process (PID=2592) to work on /opt/airflow/dags/daily_revenue_etl_dag.py
[2026-01-07T14:56:53.752+0000] {processor.py:830} INFO - Processing file /opt/airflow/dags/daily_revenue_etl_dag.py for tasks to queue
[2026-01-07T14:56:53.754+0000] {logging_mixin.py:188} INFO - [2026-01-07T14:56:53.753+0000] {dagbag.py:538} INFO - Filling up the DagBag from /opt/airflow/dags/daily_revenue_etl_dag.py
[2026-01-07T14:56:53.768+0000] {processor.py:840} INFO - DAG(s) 'daily_revenue_etl_dag' retrieved from /opt/airflow/dags/daily_revenue_etl_dag.py
[2026-01-07T14:56:53.788+0000] {logging_mixin.py:188} INFO - [2026-01-07T14:56:53.788+0000] {dag.py:3036} INFO - Sync 1 DAGs
[2026-01-07T14:56:53.807+0000] {logging_mixin.py:188} INFO - [2026-01-07T14:56:53.807+0000] {dag.py:3823} INFO - Setting next_dagrun for daily_revenue_etl_dag to 2026-01-07 00:00:00+00:00, run_after=2026-01-08 00:00:00+00:00
[2026-01-07T14:56:53.820+0000] {processor.py:183} INFO - Processing /opt/airflow/dags/daily_revenue_etl_dag.py took 0.071 seconds
[2026-01-07T14:56:53.843+0000] {processor.py:161} INFO - Started process (PID=2597) to work on /opt/airflow/dags/daily_revenue_etl_dag.py
[2026-01-07T14:56:53.843+0000] {processor.py:830} INFO - Processing file /opt/airflow/dags/daily_revenue_etl_dag.py for tasks to queue
[2026-01-07T14:56:53.844+0000] {logging_mixin.py:188} INFO - [2026-01-07T14:56:53.844+0000] {dagbag.py:538} INFO - Filling up the DagBag from /opt/airflow/dags/daily_revenue_etl_dag.py
[2026-01-07T14:56:53.856+0000] {processor.py:840} INFO - DAG(s) 'daily_revenue_etl_dag' retrieved from /opt/airflow/dags/daily_revenue_etl_dag.py
[2026-01-07T14:56:53.872+0000] {logging_mixin.py:188} INFO - [2026-01-07T14:56:53.872+0000] {dag.py:3036} INFO - Sync 1 DAGs
[2026-01-07T14:56:53.887+0000] {logging_mixin.py:188} INFO - [2026-01-07T14:56:53.887+0000] {dag.py:3823} INFO - Setting next_dagrun for daily_revenue_etl_dag to 2026-01-07 00:00:00+00:00, run_after=2026-01-08 00:00:00+00:00
[2026-01-07T14:56:53.898+0000] {processor.py:183} INFO - Processing /opt/airflow/dags/daily_revenue_etl_dag.py took 0.058 seconds
[2026-01-07T14:56:53.922+0000] {processor.py:161} INFO - Started process (PID=2602) to work on /opt/airflow/dags/daily_revenue_etl_dag.py
[2026-01-07T14:56:53.922+0000] {processor.py:830} INFO - Processing file /opt/airflow/dags/daily_revenue_etl_dag.py for tasks to queue
[2026-01-07T14:56:53.923+0000] {logging_mixin.py:188} INFO - [2026-01-07T14:56:53.923+0000] {dagbag.py:538} INFO - Filling up the DagBag from /opt/airflow/dags/daily_revenue_etl_dag.py
[2026-01-07T14:56:53.937+0000] {processor.py:840} INFO - DAG(s) 'daily_revenue_etl_dag' retrieved from /opt/airflow/dags/daily_revenue_etl_dag.py
[2026-01-07T14:56:53.962+0000] {logging_mixin.py:188} INFO - [2026-01-07T14:56:53.962+0000] {dag.py:3036} INFO - Sync 1 DAGs
[2026-01-07T14:56:53.980+0000] {logging_mixin.py:188} INFO - [2026-01-07T14:56:53.979+0000] {dag.py:3823} INFO - Setting next_dagrun for daily_revenue_etl_dag to 2026-01-07 00:00:00+00:00, run_after=2026-01-08 00:00:00+00:00
[2026-01-07T14:56:53.993+0000] {processor.py:183} INFO - Processing /opt/airflow/dags/daily_revenue_etl_dag.py took 0.074 seconds
[2026-01-07T14:56:54.016+0000] {processor.py:161} INFO - Started process (PID=2607) to work on /opt/airflow/dags/daily_revenue_etl_dag.py
[2026-01-07T14:56:54.017+0000] {processor.py:830} INFO - Processing file /opt/airflow/dags/daily_revenue_etl_dag.py for tasks to queue
[2026-01-07T14:56:54.018+0000] {logging_mixin.py:188} INFO - [2026-01-07T14:56:54.017+0000] {dagbag.py:538} INFO - Filling up the DagBag from /opt/airflow/dags/daily_revenue_etl_dag.py
[2026-01-07T14:56:54.034+0000] {processor.py:840} INFO - DAG(s) 'daily_revenue_etl_dag' retrieved from /opt/airflow/dags/daily_revenue_etl_dag.py
[2026-01-07T14:56:54.053+0000] {logging_mixin.py:188} INFO - [2026-01-07T14:56:54.053+0000] {dag.py:3036} INFO - Sync 1 DAGs
[2026-01-07T14:56:54.070+0000] {logging_mixin.py:188} INFO - [2026-01-07T14:56:54.070+0000] {dag.py:3823} INFO - Setting next_dagrun for daily_revenue_etl_dag to 2026-01-07 00:00:00+00:00, run_after=2026-01-08 00:00:00+00:00
[2026-01-07T14:56:54.083+0000] {processor.py:183} INFO - Processing /opt/airflow/dags/daily_revenue_etl_dag.py took 0.069 seconds
[2026-01-07T14:56:54.107+0000] {processor.py:161} INFO - Started process (PID=2612) to work on /opt/airflow/dags/daily_revenue_etl_dag.py
[2026-01-07T14:56:54.107+0000] {processor.py:830} INFO - Processing file /opt/airflow/dags/daily_revenue_etl_dag.py for tasks to queue
[2026-01-07T14:56:54.108+0000] {logging_mixin.py:188} INFO - [2026-01-07T14:56:54.108+0000] {dagbag.py:538} INFO - Filling up the DagBag from /opt/airflow/dags/daily_revenue_etl_dag.py
[2026-01-07T14:56:54.122+0000] {processor.py:840} INFO - DAG(s) 'daily_revenue_etl_dag' retrieved from /opt/airflow/dags/daily_revenue_etl_dag.py
[2026-01-07T14:56:54.143+0000] {logging_mixin.py:188} INFO - [2026-01-07T14:56:54.142+0000] {dag.py:3036} INFO - Sync 1 DAGs
[2026-01-07T14:56:54.158+0000] {logging_mixin.py:188} INFO - [2026-01-07T14:56:54.157+0000] {dag.py:3823} INFO - Setting next_dagrun for daily_revenue_etl_dag to 2026-01-07 00:00:00+00:00, run_after=2026-01-08 00:00:00+00:00
[2026-01-07T14:56:54.170+0000] {processor.py:183} INFO - Processing /opt/airflow/dags/daily_revenue_etl_dag.py took 0.066 seconds
[2026-01-07T14:56:54.190+0000] {processor.py:161} INFO - Started process (PID=2617) to work on /opt/airflow/dags/daily_revenue_etl_dag.py
[2026-01-07T14:56:54.194+0000] {processor.py:830} INFO - Processing file /opt/airflow/dags/daily_revenue_etl_dag.py for tasks to queue
[2026-01-07T14:56:54.195+0000] {logging_mixin.py:188} INFO - [2026-01-07T14:56:54.195+0000] {dagbag.py:538} INFO - Filling up the DagBag from /opt/airflow/dags/daily_revenue_etl_dag.py
[2026-01-07T14:56:54.208+0000] {processor.py:840} INFO - DAG(s) 'daily_revenue_etl_dag' retrieved from /opt/airflow/dags/daily_revenue_etl_dag.py
[2026-01-07T14:56:54.226+0000] {logging_mixin.py:188} INFO - [2026-01-07T14:56:54.225+0000] {dag.py:3036} INFO - Sync 1 DAGs
[2026-01-07T14:56:54.240+0000] {logging_mixin.py:188} INFO - [2026-01-07T14:56:54.240+0000] {dag.py:3823} INFO - Setting next_dagrun for daily_revenue_etl_dag to 2026-01-07 00:00:00+00:00, run_after=2026-01-08 00:00:00+00:00
[2026-01-07T14:56:54.250+0000] {processor.py:183} INFO - Processing /opt/airflow/dags/daily_revenue_etl_dag.py took 0.063 seconds
[2026-01-07T14:56:54.274+0000] {processor.py:161} INFO - Started process (PID=2622) to work on /opt/airflow/dags/daily_revenue_etl_dag.py
[2026-01-07T14:56:54.275+0000] {processor.py:830} INFO - Processing file /opt/airflow/dags/daily_revenue_etl_dag.py for tasks to queue
[2026-01-07T14:56:54.276+0000] {logging_mixin.py:188} INFO - [2026-01-07T14:56:54.275+0000] {dagbag.py:538} INFO - Filling up the DagBag from /opt/airflow/dags/daily_revenue_etl_dag.py
[2026-01-07T14:56:54.288+0000] {processor.py:840} INFO - DAG(s) 'daily_revenue_etl_dag' retrieved from /opt/airflow/dags/daily_revenue_etl_dag.py
[2026-01-07T14:56:54.307+0000] {logging_mixin.py:188} INFO - [2026-01-07T14:56:54.307+0000] {dag.py:3036} INFO - Sync 1 DAGs
[2026-01-07T14:56:54.325+0000] {logging_mixin.py:188} INFO - [2026-01-07T14:56:54.324+0000] {dag.py:3823} INFO - Setting next_dagrun for daily_revenue_etl_dag to 2026-01-07 00:00:00+00:00, run_after=2026-01-08 00:00:00+00:00
[2026-01-07T14:56:54.336+0000] {processor.py:183} INFO - Processing /opt/airflow/dags/daily_revenue_etl_dag.py took 0.064 seconds
[2026-01-07T14:56:54.362+0000] {processor.py:161} INFO - Started process (PID=2627) to work on /opt/airflow/dags/daily_revenue_etl_dag.py
[2026-01-07T14:56:54.363+0000] {processor.py:830} INFO - Processing file /opt/airflow/dags/daily_revenue_etl_dag.py for tasks to queue
[2026-01-07T14:56:54.364+0000] {logging_mixin.py:188} INFO - [2026-01-07T14:56:54.364+0000] {dagbag.py:538} INFO - Filling up the DagBag from /opt/airflow/dags/daily_revenue_etl_dag.py
[2026-01-07T14:56:54.377+0000] {processor.py:840} INFO - DAG(s) 'daily_revenue_etl_dag' retrieved from /opt/airflow/dags/daily_revenue_etl_dag.py
[2026-01-07T14:56:54.396+0000] {logging_mixin.py:188} INFO - [2026-01-07T14:56:54.396+0000] {dag.py:3036} INFO - Sync 1 DAGs
[2026-01-07T14:56:54.413+0000] {logging_mixin.py:188} INFO - [2026-01-07T14:56:54.412+0000] {dag.py:3823} INFO - Setting next_dagrun for daily_revenue_etl_dag to 2026-01-07 00:00:00+00:00, run_after=2026-01-08 00:00:00+00:00
[2026-01-07T14:56:54.425+0000] {processor.py:183} INFO - Processing /opt/airflow/dags/daily_revenue_etl_dag.py took 0.066 seconds
[2026-01-07T14:56:54.449+0000] {processor.py:161} INFO - Started process (PID=2632) to work on /opt/airflow/dags/daily_revenue_etl_dag.py
[2026-01-07T14:56:54.450+0000] {processor.py:830} INFO - Processing file /opt/airflow/dags/daily_revenue_etl_dag.py for tasks to queue
[2026-01-07T14:56:54.451+0000] {logging_mixin.py:188} INFO - [2026-01-07T14:56:54.451+0000] {dagbag.py:538} INFO - Filling up the DagBag from /opt/airflow/dags/daily_revenue_etl_dag.py
[2026-01-07T14:56:54.463+0000] {processor.py:840} INFO - DAG(s) 'daily_revenue_etl_dag' retrieved from /opt/airflow/dags/daily_revenue_etl_dag.py
[2026-01-07T14:56:54.480+0000] {logging_mixin.py:188} INFO - [2026-01-07T14:56:54.480+0000] {dag.py:3036} INFO - Sync 1 DAGs
[2026-01-07T14:56:54.496+0000] {logging_mixin.py:188} INFO - [2026-01-07T14:56:54.495+0000] {dag.py:3823} INFO - Setting next_dagrun for daily_revenue_etl_dag to 2026-01-07 00:00:00+00:00, run_after=2026-01-08 00:00:00+00:00
[2026-01-07T14:56:54.512+0000] {processor.py:183} INFO - Processing /opt/airflow/dags/daily_revenue_etl_dag.py took 0.065 seconds
[2026-01-07T14:56:54.546+0000] {processor.py:161} INFO - Started process (PID=2637) to work on /opt/airflow/dags/daily_revenue_etl_dag.py
[2026-01-07T14:56:54.547+0000] {processor.py:830} INFO - Processing file /opt/airflow/dags/daily_revenue_etl_dag.py for tasks to queue
[2026-01-07T14:56:54.547+0000] {logging_mixin.py:188} INFO - [2026-01-07T14:56:54.547+0000] {dagbag.py:538} INFO - Filling up the DagBag from /opt/airflow/dags/daily_revenue_etl_dag.py
[2026-01-07T14:56:54.566+0000] {processor.py:840} INFO - DAG(s) 'daily_revenue_etl_dag' retrieved from /opt/airflow/dags/daily_revenue_etl_dag.py
[2026-01-07T14:56:54.587+0000] {logging_mixin.py:188} INFO - [2026-01-07T14:56:54.587+0000] {dag.py:3036} INFO - Sync 1 DAGs
[2026-01-07T14:56:54.603+0000] {logging_mixin.py:188} INFO - [2026-01-07T14:56:54.602+0000] {dag.py:3823} INFO - Setting next_dagrun for daily_revenue_etl_dag to 2026-01-07 00:00:00+00:00, run_after=2026-01-08 00:00:00+00:00
[2026-01-07T14:56:54.615+0000] {processor.py:183} INFO - Processing /opt/airflow/dags/daily_revenue_etl_dag.py took 0.072 seconds
[2026-01-07T14:56:54.641+0000] {processor.py:161} INFO - Started process (PID=2642) to work on /opt/airflow/dags/daily_revenue_etl_dag.py
[2026-01-07T14:56:54.642+0000] {processor.py:830} INFO - Processing file /opt/airflow/dags/daily_revenue_etl_dag.py for tasks to queue
[2026-01-07T14:56:54.642+0000] {logging_mixin.py:188} INFO - [2026-01-07T14:56:54.642+0000] {dagbag.py:538} INFO - Filling up the DagBag from /opt/airflow/dags/daily_revenue_etl_dag.py
[2026-01-07T14:56:54.656+0000] {processor.py:840} INFO - DAG(s) 'daily_revenue_etl_dag' retrieved from /opt/airflow/dags/daily_revenue_etl_dag.py
[2026-01-07T14:56:54.676+0000] {logging_mixin.py:188} INFO - [2026-01-07T14:56:54.675+0000] {dag.py:3036} INFO - Sync 1 DAGs
[2026-01-07T14:56:54.691+0000] {logging_mixin.py:188} INFO - [2026-01-07T14:56:54.691+0000] {dag.py:3823} INFO - Setting next_dagrun for daily_revenue_etl_dag to 2026-01-07 00:00:00+00:00, run_after=2026-01-08 00:00:00+00:00
[2026-01-07T14:56:54.705+0000] {processor.py:183} INFO - Processing /opt/airflow/dags/daily_revenue_etl_dag.py took 0.066 seconds
[2026-01-07T14:56:54.728+0000] {processor.py:161} INFO - Started process (PID=2647) to work on /opt/airflow/dags/daily_revenue_etl_dag.py
[2026-01-07T14:56:54.729+0000] {processor.py:830} INFO - Processing file /opt/airflow/dags/daily_revenue_etl_dag.py for tasks to queue
[2026-01-07T14:56:54.730+0000] {logging_mixin.py:188} INFO - [2026-01-07T14:56:54.730+0000] {dagbag.py:538} INFO - Filling up the DagBag from /opt/airflow/dags/daily_revenue_etl_dag.py
[2026-01-07T14:56:54.743+0000] {processor.py:840} INFO - DAG(s) 'daily_revenue_etl_dag' retrieved from /opt/airflow/dags/daily_revenue_etl_dag.py
[2026-01-07T14:56:54.762+0000] {logging_mixin.py:188} INFO - [2026-01-07T14:56:54.761+0000] {dag.py:3036} INFO - Sync 1 DAGs
[2026-01-07T14:56:54.779+0000] {logging_mixin.py:188} INFO - [2026-01-07T14:56:54.779+0000] {dag.py:3823} INFO - Setting next_dagrun for daily_revenue_etl_dag to 2026-01-07 00:00:00+00:00, run_after=2026-01-08 00:00:00+00:00
[2026-01-07T14:56:54.792+0000] {processor.py:183} INFO - Processing /opt/airflow/dags/daily_revenue_etl_dag.py took 0.067 seconds
[2026-01-07T14:56:54.816+0000] {processor.py:161} INFO - Started process (PID=2652) to work on /opt/airflow/dags/daily_revenue_etl_dag.py
[2026-01-07T14:56:54.817+0000] {processor.py:830} INFO - Processing file /opt/airflow/dags/daily_revenue_etl_dag.py for tasks to queue
[2026-01-07T14:56:54.818+0000] {logging_mixin.py:188} INFO - [2026-01-07T14:56:54.818+0000] {dagbag.py:538} INFO - Filling up the DagBag from /opt/airflow/dags/daily_revenue_etl_dag.py
[2026-01-07T14:56:54.830+0000] {processor.py:840} INFO - DAG(s) 'daily_revenue_etl_dag' retrieved from /opt/airflow/dags/daily_revenue_etl_dag.py
[2026-01-07T14:56:54.847+0000] {logging_mixin.py:188} INFO - [2026-01-07T14:56:54.847+0000] {dag.py:3036} INFO - Sync 1 DAGs
[2026-01-07T14:56:54.862+0000] {logging_mixin.py:188} INFO - [2026-01-07T14:56:54.862+0000] {dag.py:3823} INFO - Setting next_dagrun for daily_revenue_etl_dag to 2026-01-07 00:00:00+00:00, run_after=2026-01-08 00:00:00+00:00
[2026-01-07T14:56:54.875+0000] {processor.py:183} INFO - Processing /opt/airflow/dags/daily_revenue_etl_dag.py took 0.061 seconds
[2026-01-07T14:56:54.900+0000] {processor.py:161} INFO - Started process (PID=2657) to work on /opt/airflow/dags/daily_revenue_etl_dag.py
[2026-01-07T14:56:54.901+0000] {processor.py:830} INFO - Processing file /opt/airflow/dags/daily_revenue_etl_dag.py for tasks to queue
[2026-01-07T14:56:54.902+0000] {logging_mixin.py:188} INFO - [2026-01-07T14:56:54.902+0000] {dagbag.py:538} INFO - Filling up the DagBag from /opt/airflow/dags/daily_revenue_etl_dag.py
[2026-01-07T14:56:54.915+0000] {processor.py:840} INFO - DAG(s) 'daily_revenue_etl_dag' retrieved from /opt/airflow/dags/daily_revenue_etl_dag.py
[2026-01-07T14:56:54.933+0000] {logging_mixin.py:188} INFO - [2026-01-07T14:56:54.932+0000] {dag.py:3036} INFO - Sync 1 DAGs
[2026-01-07T14:56:54.947+0000] {logging_mixin.py:188} INFO - [2026-01-07T14:56:54.946+0000] {dag.py:3823} INFO - Setting next_dagrun for daily_revenue_etl_dag to 2026-01-07 00:00:00+00:00, run_after=2026-01-08 00:00:00+00:00
[2026-01-07T14:56:54.958+0000] {processor.py:183} INFO - Processing /opt/airflow/dags/daily_revenue_etl_dag.py took 0.061 seconds
[2026-01-07T14:56:54.986+0000] {processor.py:161} INFO - Started process (PID=2662) to work on /opt/airflow/dags/daily_revenue_etl_dag.py
[2026-01-07T14:56:54.987+0000] {processor.py:830} INFO - Processing file /opt/airflow/dags/daily_revenue_etl_dag.py for tasks to queue
[2026-01-07T14:56:54.988+0000] {logging_mixin.py:188} INFO - [2026-01-07T14:56:54.988+0000] {dagbag.py:538} INFO - Filling up the DagBag from /opt/airflow/dags/daily_revenue_etl_dag.py
[2026-01-07T14:56:55.001+0000] {processor.py:840} INFO - DAG(s) 'daily_revenue_etl_dag' retrieved from /opt/airflow/dags/daily_revenue_etl_dag.py
[2026-01-07T14:56:55.019+0000] {logging_mixin.py:188} INFO - [2026-01-07T14:56:55.019+0000] {dag.py:3036} INFO - Sync 1 DAGs
[2026-01-07T14:56:55.034+0000] {logging_mixin.py:188} INFO - [2026-01-07T14:56:55.034+0000] {dag.py:3823} INFO - Setting next_dagrun for daily_revenue_etl_dag to 2026-01-07 00:00:00+00:00, run_after=2026-01-08 00:00:00+00:00
[2026-01-07T14:56:55.045+0000] {processor.py:183} INFO - Processing /opt/airflow/dags/daily_revenue_etl_dag.py took 0.061 seconds
[2026-01-07T14:56:55.068+0000] {processor.py:161} INFO - Started process (PID=2667) to work on /opt/airflow/dags/daily_revenue_etl_dag.py
[2026-01-07T14:56:55.069+0000] {processor.py:830} INFO - Processing file /opt/airflow/dags/daily_revenue_etl_dag.py for tasks to queue
[2026-01-07T14:56:55.070+0000] {logging_mixin.py:188} INFO - [2026-01-07T14:56:55.069+0000] {dagbag.py:538} INFO - Filling up the DagBag from /opt/airflow/dags/daily_revenue_etl_dag.py
[2026-01-07T14:56:55.083+0000] {processor.py:840} INFO - DAG(s) 'daily_revenue_etl_dag' retrieved from /opt/airflow/dags/daily_revenue_etl_dag.py
[2026-01-07T14:56:55.102+0000] {logging_mixin.py:188} INFO - [2026-01-07T14:56:55.102+0000] {dag.py:3036} INFO - Sync 1 DAGs
[2026-01-07T14:56:55.117+0000] {logging_mixin.py:188} INFO - [2026-01-07T14:56:55.117+0000] {dag.py:3823} INFO - Setting next_dagrun for daily_revenue_etl_dag to 2026-01-07 00:00:00+00:00, run_after=2026-01-08 00:00:00+00:00
[2026-01-07T14:56:55.129+0000] {processor.py:183} INFO - Processing /opt/airflow/dags/daily_revenue_etl_dag.py took 0.064 seconds
[2026-01-07T14:56:55.156+0000] {processor.py:161} INFO - Started process (PID=2672) to work on /opt/airflow/dags/daily_revenue_etl_dag.py
[2026-01-07T14:56:55.157+0000] {processor.py:830} INFO - Processing file /opt/airflow/dags/daily_revenue_etl_dag.py for tasks to queue
[2026-01-07T14:56:55.158+0000] {logging_mixin.py:188} INFO - [2026-01-07T14:56:55.158+0000] {dagbag.py:538} INFO - Filling up the DagBag from /opt/airflow/dags/daily_revenue_etl_dag.py
[2026-01-07T14:56:55.170+0000] {processor.py:840} INFO - DAG(s) 'daily_revenue_etl_dag' retrieved from /opt/airflow/dags/daily_revenue_etl_dag.py
[2026-01-07T14:56:55.187+0000] {logging_mixin.py:188} INFO - [2026-01-07T14:56:55.187+0000] {dag.py:3036} INFO - Sync 1 DAGs
[2026-01-07T14:56:55.202+0000] {logging_mixin.py:188} INFO - [2026-01-07T14:56:55.202+0000] {dag.py:3823} INFO - Setting next_dagrun for daily_revenue_etl_dag to 2026-01-07 00:00:00+00:00, run_after=2026-01-08 00:00:00+00:00
[2026-01-07T14:56:55.216+0000] {processor.py:183} INFO - Processing /opt/airflow/dags/daily_revenue_etl_dag.py took 0.063 seconds
[2026-01-07T14:56:55.244+0000] {processor.py:161} INFO - Started process (PID=2677) to work on /opt/airflow/dags/daily_revenue_etl_dag.py
[2026-01-07T14:56:55.245+0000] {processor.py:830} INFO - Processing file /opt/airflow/dags/daily_revenue_etl_dag.py for tasks to queue
[2026-01-07T14:56:55.246+0000] {logging_mixin.py:188} INFO - [2026-01-07T14:56:55.246+0000] {dagbag.py:538} INFO - Filling up the DagBag from /opt/airflow/dags/daily_revenue_etl_dag.py
[2026-01-07T14:56:55.262+0000] {processor.py:840} INFO - DAG(s) 'daily_revenue_etl_dag' retrieved from /opt/airflow/dags/daily_revenue_etl_dag.py
[2026-01-07T14:56:55.279+0000] {logging_mixin.py:188} INFO - [2026-01-07T14:56:55.279+0000] {dag.py:3036} INFO - Sync 1 DAGs
[2026-01-07T14:56:55.297+0000] {logging_mixin.py:188} INFO - [2026-01-07T14:56:55.297+0000] {dag.py:3823} INFO - Setting next_dagrun for daily_revenue_etl_dag to 2026-01-07 00:00:00+00:00, run_after=2026-01-08 00:00:00+00:00
[2026-01-07T14:59:20.076+0000] {processor.py:183} INFO - Processing /opt/airflow/dags/daily_revenue_etl_dag.py took 0.068 seconds
[2026-01-07T14:59:50.157+0000] {processor.py:161} INFO - Started process (PID=2682) to work on /opt/airflow/dags/daily_revenue_etl_dag.py
[2026-01-07T14:59:50.157+0000] {processor.py:830} INFO - Processing file /opt/airflow/dags/daily_revenue_etl_dag.py for tasks to queue
[2026-01-07T14:59:50.158+0000] {logging_mixin.py:188} INFO - [2026-01-07T14:59:50.158+0000] {dagbag.py:538} INFO - Filling up the DagBag from /opt/airflow/dags/daily_revenue_etl_dag.py
[2026-01-07T14:59:50.171+0000] {processor.py:840} INFO - DAG(s) 'daily_revenue_etl_dag' retrieved from /opt/airflow/dags/daily_revenue_etl_dag.py
[2026-01-07T14:59:50.253+0000] {logging_mixin.py:188} INFO - [2026-01-07T14:59:50.253+0000] {dag.py:3036} INFO - Sync 1 DAGs
[2026-01-07T14:59:50.266+0000] {logging_mixin.py:188} INFO - [2026-01-07T14:59:50.265+0000] {dag.py:3823} INFO - Setting next_dagrun for daily_revenue_etl_dag to 2026-01-07 00:00:00+00:00, run_after=2026-01-08 00:00:00+00:00
[2026-01-07T14:59:50.284+0000] {processor.py:183} INFO - Processing /opt/airflow/dags/daily_revenue_etl_dag.py took 0.130 seconds
[2026-01-07T15:01:50.291+0000] {processor.py:161} INFO - Started process (PID=2714) to work on /opt/airflow/dags/daily_revenue_etl_dag.py
[2026-01-07T15:01:50.291+0000] {processor.py:830} INFO - Processing file /opt/airflow/dags/daily_revenue_etl_dag.py for tasks to queue
[2026-01-07T15:01:50.292+0000] {logging_mixin.py:188} INFO - [2026-01-07T15:01:50.292+0000] {dagbag.py:538} INFO - Filling up the DagBag from /opt/airflow/dags/daily_revenue_etl_dag.py
[2026-01-07T15:01:50.307+0000] {processor.py:840} INFO - DAG(s) 'daily_revenue_etl_dag' retrieved from /opt/airflow/dags/daily_revenue_etl_dag.py
[2026-01-07T15:01:50.326+0000] {logging_mixin.py:188} INFO - [2026-01-07T15:01:50.325+0000] {dag.py:3036} INFO - Sync 1 DAGs
[2026-01-07T15:01:50.339+0000] {logging_mixin.py:188} INFO - [2026-01-07T15:01:50.338+0000] {dag.py:3823} INFO - Setting next_dagrun for daily_revenue_etl_dag to 2026-01-07 00:00:00+00:00, run_after=2026-01-08 00:00:00+00:00
[2026-01-07T15:01:50.349+0000] {processor.py:183} INFO - Processing /opt/airflow/dags/daily_revenue_etl_dag.py took 0.061 seconds
[2026-01-07T15:02:20.499+0000] {processor.py:161} INFO - Started process (PID=2720) to work on /opt/airflow/dags/daily_revenue_etl_dag.py
[2026-01-07T15:02:20.500+0000] {processor.py:830} INFO - Processing file /opt/airflow/dags/daily_revenue_etl_dag.py for tasks to queue
[2026-01-07T15:02:20.501+0000] {logging_mixin.py:188} INFO - [2026-01-07T15:02:20.501+0000] {dagbag.py:538} INFO - Filling up the DagBag from /opt/airflow/dags/daily_revenue_etl_dag.py
[2026-01-07T15:02:20.520+0000] {processor.py:840} INFO - DAG(s) 'daily_revenue_etl_dag' retrieved from /opt/airflow/dags/daily_revenue_etl_dag.py
[2026-01-07T15:02:20.539+0000] {logging_mixin.py:188} INFO - [2026-01-07T15:02:20.539+0000] {dag.py:3036} INFO - Sync 1 DAGs
[2026-01-07T15:02:20.552+0000] {logging_mixin.py:188} INFO - [2026-01-07T15:02:20.551+0000] {dag.py:3823} INFO - Setting next_dagrun for daily_revenue_etl_dag to 2026-01-07 00:00:00+00:00, run_after=2026-01-08 00:00:00+00:00
[2026-01-07T15:02:20.562+0000] {processor.py:183} INFO - Processing /opt/airflow/dags/daily_revenue_etl_dag.py took 0.066 seconds
[2026-01-07T15:02:50.706+0000] {processor.py:161} INFO - Started process (PID=2725) to work on /opt/airflow/dags/daily_revenue_etl_dag.py
[2026-01-07T15:02:50.707+0000] {processor.py:830} INFO - Processing file /opt/airflow/dags/daily_revenue_etl_dag.py for tasks to queue
[2026-01-07T15:02:50.707+0000] {logging_mixin.py:188} INFO - [2026-01-07T15:02:50.707+0000] {dagbag.py:538} INFO - Filling up the DagBag from /opt/airflow/dags/daily_revenue_etl_dag.py
[2026-01-07T15:00:25.941+0000] {processor.py:840} INFO - DAG(s) 'daily_revenue_etl_dag' retrieved from /opt/airflow/dags/daily_revenue_etl_dag.py
[2026-01-07T15:00:25.958+0000] {logging_mixin.py:188} INFO - [2026-01-07T15:00:25.958+0000] {dag.py:3036} INFO - Sync 1 DAGs
[2026-01-07T15:00:25.971+0000] {logging_mixin.py:188} INFO - [2026-01-07T15:00:25.970+0000] {dag.py:3823} INFO - Setting next_dagrun for daily_revenue_etl_dag to 2026-01-07 00:00:00+00:00, run_after=2026-01-08 00:00:00+00:00
[2026-01-07T15:00:25.981+0000] {processor.py:183} INFO - Processing /opt/airflow/dags/daily_revenue_etl_dag.py took 0.058 seconds
[2026-01-07T15:00:56.159+0000] {processor.py:161} INFO - Started process (PID=2730) to work on /opt/airflow/dags/daily_revenue_etl_dag.py
[2026-01-07T15:00:56.160+0000] {processor.py:830} INFO - Processing file /opt/airflow/dags/daily_revenue_etl_dag.py for tasks to queue
[2026-01-07T15:00:56.161+0000] {logging_mixin.py:188} INFO - [2026-01-07T15:00:56.161+0000] {dagbag.py:538} INFO - Filling up the DagBag from /opt/airflow/dags/daily_revenue_etl_dag.py
[2026-01-07T15:00:56.180+0000] {processor.py:840} INFO - DAG(s) 'daily_revenue_etl_dag' retrieved from /opt/airflow/dags/daily_revenue_etl_dag.py
[2026-01-07T15:00:56.205+0000] {logging_mixin.py:188} INFO - [2026-01-07T15:00:56.205+0000] {dag.py:3036} INFO - Sync 1 DAGs
[2026-01-07T15:00:56.227+0000] {logging_mixin.py:188} INFO - [2026-01-07T15:00:56.226+0000] {dag.py:3823} INFO - Setting next_dagrun for daily_revenue_etl_dag to 2026-01-07 00:00:00+00:00, run_after=2026-01-08 00:00:00+00:00
[2026-01-07T15:00:56.246+0000] {processor.py:183} INFO - Processing /opt/airflow/dags/daily_revenue_etl_dag.py took 0.089 seconds
[2026-01-07T15:03:50.220+0000] {processor.py:161} INFO - Started process (PID=2735) to work on /opt/airflow/dags/daily_revenue_etl_dag.py
[2026-01-07T15:03:50.221+0000] {processor.py:830} INFO - Processing file /opt/airflow/dags/daily_revenue_etl_dag.py for tasks to queue
[2026-01-07T15:03:50.222+0000] {logging_mixin.py:188} INFO - [2026-01-07T15:03:50.221+0000] {dagbag.py:538} INFO - Filling up the DagBag from /opt/airflow/dags/daily_revenue_etl_dag.py
[2026-01-07T15:03:50.233+0000] {processor.py:840} INFO - DAG(s) 'daily_revenue_etl_dag' retrieved from /opt/airflow/dags/daily_revenue_etl_dag.py
[2026-01-07T15:03:50.248+0000] {logging_mixin.py:188} INFO - [2026-01-07T15:03:50.248+0000] {dag.py:3036} INFO - Sync 1 DAGs
[2026-01-07T15:03:50.261+0000] {logging_mixin.py:188} INFO - [2026-01-07T15:03:50.261+0000] {dag.py:3823} INFO - Setting next_dagrun for daily_revenue_etl_dag to 2026-01-07 00:00:00+00:00, run_after=2026-01-08 00:00:00+00:00
[2026-01-07T15:03:50.273+0000] {processor.py:183} INFO - Processing /opt/airflow/dags/daily_revenue_etl_dag.py took 0.055 seconds
[2026-01-07T15:05:05.740+0000] {processor.py:161} INFO - Started process (PID=2740) to work on /opt/airflow/dags/daily_revenue_etl_dag.py
[2026-01-07T15:05:05.740+0000] {processor.py:830} INFO - Processing file /opt/airflow/dags/daily_revenue_etl_dag.py for tasks to queue
[2026-01-07T15:05:05.741+0000] {logging_mixin.py:188} INFO - [2026-01-07T15:05:05.741+0000] {dagbag.py:538} INFO - Filling up the DagBag from /opt/airflow/dags/daily_revenue_etl_dag.py
[2026-01-07T15:05:05.757+0000] {processor.py:840} INFO - DAG(s) 'daily_revenue_etl_dag' retrieved from /opt/airflow/dags/daily_revenue_etl_dag.py
[2026-01-07T15:05:05.776+0000] {logging_mixin.py:188} INFO - [2026-01-07T15:05:05.776+0000] {dag.py:3036} INFO - Sync 1 DAGs
[2026-01-07T15:05:05.791+0000] {logging_mixin.py:188} INFO - [2026-01-07T15:05:05.791+0000] {dag.py:3823} INFO - Setting next_dagrun for daily_revenue_etl_dag to 2026-01-07 00:00:00+00:00, run_after=2026-01-08 00:00:00+00:00
[2026-01-07T15:05:05.803+0000] {processor.py:183} INFO - Processing /opt/airflow/dags/daily_revenue_etl_dag.py took 0.065 seconds
[2026-01-07T15:05:35.942+0000] {processor.py:161} INFO - Started process (PID=2745) to work on /opt/airflow/dags/daily_revenue_etl_dag.py
[2026-01-07T15:05:35.943+0000] {processor.py:830} INFO - Processing file /opt/airflow/dags/daily_revenue_etl_dag.py for tasks to queue
[2026-01-07T15:05:35.944+0000] {logging_mixin.py:188} INFO - [2026-01-07T15:05:35.943+0000] {dagbag.py:538} INFO - Filling up the DagBag from /opt/airflow/dags/daily_revenue_etl_dag.py
[2026-01-07T15:05:35.958+0000] {processor.py:840} INFO - DAG(s) 'daily_revenue_etl_dag' retrieved from /opt/airflow/dags/daily_revenue_etl_dag.py
[2026-01-07T15:05:35.974+0000] {logging_mixin.py:188} INFO - [2026-01-07T15:05:35.974+0000] {dag.py:3036} INFO - Sync 1 DAGs
[2026-01-07T15:05:35.986+0000] {logging_mixin.py:188} INFO - [2026-01-07T15:05:35.986+0000] {dag.py:3823} INFO - Setting next_dagrun for daily_revenue_etl_dag to 2026-01-07 00:00:00+00:00, run_after=2026-01-08 00:00:00+00:00
[2026-01-07T15:03:11.225+0000] {processor.py:183} INFO - Processing /opt/airflow/dags/daily_revenue_etl_dag.py took 0.059 seconds
[2026-01-07T15:03:41.467+0000] {processor.py:161} INFO - Started process (PID=2750) to work on /opt/airflow/dags/daily_revenue_etl_dag.py
[2026-01-07T15:03:41.468+0000] {processor.py:830} INFO - Processing file /opt/airflow/dags/daily_revenue_etl_dag.py for tasks to queue
[2026-01-07T15:03:41.469+0000] {logging_mixin.py:188} INFO - [2026-01-07T15:03:41.469+0000] {dagbag.py:538} INFO - Filling up the DagBag from /opt/airflow/dags/daily_revenue_etl_dag.py
[2026-01-07T15:03:41.503+0000] {processor.py:840} INFO - DAG(s) 'daily_revenue_etl_dag' retrieved from /opt/airflow/dags/daily_revenue_etl_dag.py
[2026-01-07T15:03:41.522+0000] {logging_mixin.py:188} INFO - [2026-01-07T15:03:41.522+0000] {dag.py:3036} INFO - Sync 1 DAGs
[2026-01-07T15:03:41.538+0000] {logging_mixin.py:188} INFO - [2026-01-07T15:03:41.538+0000] {dag.py:3823} INFO - Setting next_dagrun for daily_revenue_etl_dag to 2026-01-07 00:00:00+00:00, run_after=2026-01-08 00:00:00+00:00
[2026-01-07T15:03:41.552+0000] {processor.py:183} INFO - Processing /opt/airflow/dags/daily_revenue_etl_dag.py took 0.087 seconds
[2026-01-07T15:06:20.373+0000] {processor.py:161} INFO - Started process (PID=2755) to work on /opt/airflow/dags/daily_revenue_etl_dag.py
[2026-01-07T15:06:20.374+0000] {processor.py:830} INFO - Processing file /opt/airflow/dags/daily_revenue_etl_dag.py for tasks to queue
[2026-01-07T15:06:20.375+0000] {logging_mixin.py:188} INFO - [2026-01-07T15:06:20.375+0000] {dagbag.py:538} INFO - Filling up the DagBag from /opt/airflow/dags/daily_revenue_etl_dag.py
[2026-01-07T15:06:20.389+0000] {processor.py:840} INFO - DAG(s) 'daily_revenue_etl_dag' retrieved from /opt/airflow/dags/daily_revenue_etl_dag.py
[2026-01-07T15:06:20.404+0000] {logging_mixin.py:188} INFO - [2026-01-07T15:06:20.404+0000] {dag.py:3036} INFO - Sync 1 DAGs
[2026-01-07T15:06:20.417+0000] {logging_mixin.py:188} INFO - [2026-01-07T15:06:20.417+0000] {dag.py:3823} INFO - Setting next_dagrun for daily_revenue_etl_dag to 2026-01-07 00:00:00+00:00, run_after=2026-01-08 00:00:00+00:00
[2026-01-07T15:06:20.427+0000] {processor.py:183} INFO - Processing /opt/airflow/dags/daily_revenue_etl_dag.py took 0.057 seconds
[2026-01-07T15:07:51.052+0000] {processor.py:161} INFO - Started process (PID=2760) to work on /opt/airflow/dags/daily_revenue_etl_dag.py
[2026-01-07T15:07:51.053+0000] {processor.py:830} INFO - Processing file /opt/airflow/dags/daily_revenue_etl_dag.py for tasks to queue
[2026-01-07T15:07:51.054+0000] {logging_mixin.py:188} INFO - [2026-01-07T15:07:51.054+0000] {dagbag.py:538} INFO - Filling up the DagBag from /opt/airflow/dags/daily_revenue_etl_dag.py
[2026-01-07T15:07:51.071+0000] {processor.py:840} INFO - DAG(s) 'daily_revenue_etl_dag' retrieved from /opt/airflow/dags/daily_revenue_etl_dag.py
[2026-01-07T15:07:51.088+0000] {logging_mixin.py:188} INFO - [2026-01-07T15:07:51.088+0000] {dag.py:3036} INFO - Sync 1 DAGs
[2026-01-07T15:07:51.103+0000] {logging_mixin.py:188} INFO - [2026-01-07T15:07:51.102+0000] {dag.py:3823} INFO - Setting next_dagrun for daily_revenue_etl_dag to 2026-01-07 00:00:00+00:00, run_after=2026-01-08 00:00:00+00:00
[2026-01-07T15:07:51.114+0000] {processor.py:183} INFO - Processing /opt/airflow/dags/daily_revenue_etl_dag.py took 0.064 seconds
[2026-01-07T15:08:21.337+0000] {processor.py:161} INFO - Started process (PID=2765) to work on /opt/airflow/dags/daily_revenue_etl_dag.py
[2026-01-07T15:08:21.337+0000] {processor.py:830} INFO - Processing file /opt/airflow/dags/daily_revenue_etl_dag.py for tasks to queue
[2026-01-07T15:08:21.338+0000] {logging_mixin.py:188} INFO - [2026-01-07T15:08:21.338+0000] {dagbag.py:538} INFO - Filling up the DagBag from /opt/airflow/dags/daily_revenue_etl_dag.py
[2026-01-07T15:05:56.565+0000] {processor.py:840} INFO - DAG(s) 'daily_revenue_etl_dag' retrieved from /opt/airflow/dags/daily_revenue_etl_dag.py
[2026-01-07T15:05:56.582+0000] {logging_mixin.py:188} INFO - [2026-01-07T15:05:56.582+0000] {dag.py:3036} INFO - Sync 1 DAGs
[2026-01-07T15:05:56.595+0000] {logging_mixin.py:188} INFO - [2026-01-07T15:05:56.595+0000] {dag.py:3823} INFO - Setting next_dagrun for daily_revenue_etl_dag to 2026-01-07 00:00:00+00:00, run_after=2026-01-08 00:00:00+00:00
[2026-01-07T15:05:56.605+0000] {processor.py:183} INFO - Processing /opt/airflow/dags/daily_revenue_etl_dag.py took 0.056 seconds
[2026-01-07T15:06:26.864+0000] {processor.py:161} INFO - Started process (PID=2770) to work on /opt/airflow/dags/daily_revenue_etl_dag.py
[2026-01-07T15:06:26.865+0000] {processor.py:830} INFO - Processing file /opt/airflow/dags/daily_revenue_etl_dag.py for tasks to queue
[2026-01-07T15:06:26.866+0000] {logging_mixin.py:188} INFO - [2026-01-07T15:06:26.865+0000] {dagbag.py:538} INFO - Filling up the DagBag from /opt/airflow/dags/daily_revenue_etl_dag.py
[2026-01-07T15:06:26.878+0000] {processor.py:840} INFO - DAG(s) 'daily_revenue_etl_dag' retrieved from /opt/airflow/dags/daily_revenue_etl_dag.py
[2026-01-07T15:06:26.892+0000] {logging_mixin.py:188} INFO - [2026-01-07T15:06:26.892+0000] {dag.py:3036} INFO - Sync 1 DAGs
[2026-01-07T15:06:26.905+0000] {logging_mixin.py:188} INFO - [2026-01-07T15:06:26.905+0000] {dag.py:3823} INFO - Setting next_dagrun for daily_revenue_etl_dag to 2026-01-07 00:00:00+00:00, run_after=2026-01-08 00:00:00+00:00
[2026-01-07T15:06:26.915+0000] {processor.py:183} INFO - Processing /opt/airflow/dags/daily_revenue_etl_dag.py took 0.054 seconds
[2026-01-07T15:06:57.189+0000] {processor.py:161} INFO - Started process (PID=2775) to work on /opt/airflow/dags/daily_revenue_etl_dag.py
[2026-01-07T15:06:57.189+0000] {processor.py:830} INFO - Processing file /opt/airflow/dags/daily_revenue_etl_dag.py for tasks to queue
[2026-01-07T15:06:57.190+0000] {logging_mixin.py:188} INFO - [2026-01-07T15:06:57.190+0000] {dagbag.py:538} INFO - Filling up the DagBag from /opt/airflow/dags/daily_revenue_etl_dag.py
[2026-01-07T15:06:57.211+0000] {processor.py:840} INFO - DAG(s) 'daily_revenue_etl_dag' retrieved from /opt/airflow/dags/daily_revenue_etl_dag.py
[2026-01-07T15:06:57.226+0000] {logging_mixin.py:188} INFO - [2026-01-07T15:06:57.226+0000] {dag.py:3036} INFO - Sync 1 DAGs
[2026-01-07T15:06:57.240+0000] {logging_mixin.py:188} INFO - [2026-01-07T15:06:57.240+0000] {dag.py:3823} INFO - Setting next_dagrun for daily_revenue_etl_dag to 2026-01-07 00:00:00+00:00, run_after=2026-01-08 00:00:00+00:00
[2026-01-07T15:06:57.253+0000] {processor.py:183} INFO - Processing /opt/airflow/dags/daily_revenue_etl_dag.py took 0.066 seconds
[2026-01-07T15:09:50.389+0000] {processor.py:161} INFO - Started process (PID=2780) to work on /opt/airflow/dags/daily_revenue_etl_dag.py
[2026-01-07T15:09:50.390+0000] {processor.py:830} INFO - Processing file /opt/airflow/dags/daily_revenue_etl_dag.py for tasks to queue
[2026-01-07T15:09:50.390+0000] {logging_mixin.py:188} INFO - [2026-01-07T15:09:50.390+0000] {dagbag.py:538} INFO - Filling up the DagBag from /opt/airflow/dags/daily_revenue_etl_dag.py
[2026-01-07T15:09:50.403+0000] {processor.py:840} INFO - DAG(s) 'daily_revenue_etl_dag' retrieved from /opt/airflow/dags/daily_revenue_etl_dag.py
[2026-01-07T15:09:50.418+0000] {logging_mixin.py:188} INFO - [2026-01-07T15:09:50.418+0000] {dag.py:3036} INFO - Sync 1 DAGs
[2026-01-07T15:09:50.431+0000] {logging_mixin.py:188} INFO - [2026-01-07T15:09:50.431+0000] {dag.py:3823} INFO - Setting next_dagrun for daily_revenue_etl_dag to 2026-01-07 00:00:00+00:00, run_after=2026-01-08 00:00:00+00:00
[2026-01-07T15:09:50.443+0000] {processor.py:183} INFO - Processing /opt/airflow/dags/daily_revenue_etl_dag.py took 0.056 seconds
[2026-01-07T15:07:56.853+0000] {processor.py:161} INFO - Started process (PID=2785) to work on /opt/airflow/dags/daily_revenue_etl_dag.py
[2026-01-07T15:07:56.854+0000] {processor.py:830} INFO - Processing file /opt/airflow/dags/daily_revenue_etl_dag.py for tasks to queue
[2026-01-07T15:07:56.855+0000] {logging_mixin.py:188} INFO - [2026-01-07T15:07:56.854+0000] {dagbag.py:538} INFO - Filling up the DagBag from /opt/airflow/dags/daily_revenue_etl_dag.py
[2026-01-07T15:07:56.866+0000] {processor.py:840} INFO - DAG(s) 'daily_revenue_etl_dag' retrieved from /opt/airflow/dags/daily_revenue_etl_dag.py
[2026-01-07T15:07:56.883+0000] {logging_mixin.py:188} INFO - [2026-01-07T15:07:56.883+0000] {dag.py:3036} INFO - Sync 1 DAGs
[2026-01-07T15:07:56.897+0000] {logging_mixin.py:188} INFO - [2026-01-07T15:07:56.897+0000] {dag.py:3823} INFO - Setting next_dagrun for daily_revenue_etl_dag to 2026-01-07 00:00:00+00:00, run_after=2026-01-08 00:00:00+00:00
[2026-01-07T15:07:56.911+0000] {processor.py:183} INFO - Processing /opt/airflow/dags/daily_revenue_etl_dag.py took 0.061 seconds
[2026-01-07T15:08:27.229+0000] {processor.py:161} INFO - Started process (PID=2790) to work on /opt/airflow/dags/daily_revenue_etl_dag.py
[2026-01-07T15:08:27.230+0000] {processor.py:830} INFO - Processing file /opt/airflow/dags/daily_revenue_etl_dag.py for tasks to queue
[2026-01-07T15:08:27.232+0000] {logging_mixin.py:188} INFO - [2026-01-07T15:08:27.231+0000] {dagbag.py:538} INFO - Filling up the DagBag from /opt/airflow/dags/daily_revenue_etl_dag.py
[2026-01-07T15:08:27.252+0000] {processor.py:840} INFO - DAG(s) 'daily_revenue_etl_dag' retrieved from /opt/airflow/dags/daily_revenue_etl_dag.py
[2026-01-07T15:08:27.271+0000] {logging_mixin.py:188} INFO - [2026-01-07T15:08:27.270+0000] {dag.py:3036} INFO - Sync 1 DAGs
[2026-01-07T15:08:27.283+0000] {logging_mixin.py:188} INFO - [2026-01-07T15:08:27.283+0000] {dag.py:3823} INFO - Setting next_dagrun for daily_revenue_etl_dag to 2026-01-07 00:00:00+00:00, run_after=2026-01-08 00:00:00+00:00
[2026-01-07T15:08:27.293+0000] {processor.py:183} INFO - Processing /opt/airflow/dags/daily_revenue_etl_dag.py took 0.066 seconds
[2026-01-07T15:11:20.334+0000] {processor.py:161} INFO - Started process (PID=2795) to work on /opt/airflow/dags/daily_revenue_etl_dag.py
[2026-01-07T15:11:20.335+0000] {processor.py:830} INFO - Processing file /opt/airflow/dags/daily_revenue_etl_dag.py for tasks to queue
[2026-01-07T15:11:20.336+0000] {logging_mixin.py:188} INFO - [2026-01-07T15:11:20.336+0000] {dagbag.py:538} INFO - Filling up the DagBag from /opt/airflow/dags/daily_revenue_etl_dag.py
[2026-01-07T15:11:20.352+0000] {processor.py:840} INFO - DAG(s) 'daily_revenue_etl_dag' retrieved from /opt/airflow/dags/daily_revenue_etl_dag.py
[2026-01-07T15:11:20.371+0000] {logging_mixin.py:188} INFO - [2026-01-07T15:11:20.371+0000] {dag.py:3036} INFO - Sync 1 DAGs
[2026-01-07T15:11:20.388+0000] {logging_mixin.py:188} INFO - [2026-01-07T15:11:20.388+0000] {dag.py:3823} INFO - Setting next_dagrun for daily_revenue_etl_dag to 2026-01-07 00:00:00+00:00, run_after=2026-01-08 00:00:00+00:00
[2026-01-07T15:11:20.403+0000] {processor.py:183} INFO - Processing /opt/airflow/dags/daily_revenue_etl_dag.py took 0.072 seconds
[2026-01-07T15:08:56.612+0000] {processor.py:161} INFO - Started process (PID=2800) to work on /opt/airflow/dags/daily_revenue_etl_dag.py
[2026-01-07T15:08:56.615+0000] {processor.py:830} INFO - Processing file /opt/airflow/dags/daily_revenue_etl_dag.py for tasks to queue
[2026-01-07T15:08:56.616+0000] {logging_mixin.py:188} INFO - [2026-01-07T15:08:56.616+0000] {dagbag.py:538} INFO - Filling up the DagBag from /opt/airflow/dags/daily_revenue_etl_dag.py
[2026-01-07T15:08:56.682+0000] {processor.py:840} INFO - DAG(s) 'daily_revenue_etl_dag' retrieved from /opt/airflow/dags/daily_revenue_etl_dag.py
[2026-01-07T15:11:21.539+0000] {logging_mixin.py:188} INFO - [2026-01-07T15:11:21.539+0000] {dag.py:3036} INFO - Sync 1 DAGs
[2026-01-07T15:11:21.552+0000] {logging_mixin.py:188} INFO - [2026-01-07T15:11:21.552+0000] {dag.py:3823} INFO - Setting next_dagrun for daily_revenue_etl_dag to 2026-01-07 00:00:00+00:00, run_after=2026-01-08 00:00:00+00:00
[2026-01-07T15:11:21.570+0000] {processor.py:183} INFO - Processing /opt/airflow/dags/daily_revenue_etl_dag.py took 0.196 seconds
[2026-01-07T15:11:51.768+0000] {processor.py:161} INFO - Started process (PID=2805) to work on /opt/airflow/dags/daily_revenue_etl_dag.py
[2026-01-07T15:11:51.768+0000] {processor.py:830} INFO - Processing file /opt/airflow/dags/daily_revenue_etl_dag.py for tasks to queue
[2026-01-07T15:11:51.769+0000] {logging_mixin.py:188} INFO - [2026-01-07T15:11:51.769+0000] {dagbag.py:538} INFO - Filling up the DagBag from /opt/airflow/dags/daily_revenue_etl_dag.py
[2026-01-07T15:11:51.790+0000] {processor.py:840} INFO - DAG(s) 'daily_revenue_etl_dag' retrieved from /opt/airflow/dags/daily_revenue_etl_dag.py
[2026-01-07T15:11:51.805+0000] {logging_mixin.py:188} INFO - [2026-01-07T15:11:51.805+0000] {dag.py:3036} INFO - Sync 1 DAGs
[2026-01-07T15:09:27.045+0000] {logging_mixin.py:188} INFO - [2026-01-07T15:09:27.045+0000] {dag.py:3823} INFO - Setting next_dagrun for daily_revenue_etl_dag to 2026-01-07 00:00:00+00:00, run_after=2026-01-08 00:00:00+00:00
[2026-01-07T15:09:27.056+0000] {processor.py:183} INFO - Processing /opt/airflow/dags/daily_revenue_etl_dag.py took 0.065 seconds
[2026-01-07T15:09:27.077+0000] {processor.py:161} INFO - Started process (PID=2810) to work on /opt/airflow/dags/daily_revenue_etl_dag.py
[2026-01-07T15:09:27.077+0000] {processor.py:830} INFO - Processing file /opt/airflow/dags/daily_revenue_etl_dag.py for tasks to queue
[2026-01-07T15:09:27.078+0000] {logging_mixin.py:188} INFO - [2026-01-07T15:09:27.078+0000] {dagbag.py:538} INFO - Filling up the DagBag from /opt/airflow/dags/daily_revenue_etl_dag.py
[2026-01-07T15:09:27.091+0000] {processor.py:840} INFO - DAG(s) 'daily_revenue_etl_dag' retrieved from /opt/airflow/dags/daily_revenue_etl_dag.py
[2026-01-07T15:09:27.106+0000] {logging_mixin.py:188} INFO - [2026-01-07T15:09:27.106+0000] {dag.py:3036} INFO - Sync 1 DAGs
[2026-01-07T15:09:27.120+0000] {logging_mixin.py:188} INFO - [2026-01-07T15:09:27.120+0000] {dag.py:3823} INFO - Setting next_dagrun for daily_revenue_etl_dag to 2026-01-07 00:00:00+00:00, run_after=2026-01-08 00:00:00+00:00
[2026-01-07T15:09:27.131+0000] {processor.py:183} INFO - Processing /opt/airflow/dags/daily_revenue_etl_dag.py took 0.056 seconds
[2026-01-07T15:09:27.151+0000] {processor.py:161} INFO - Started process (PID=2815) to work on /opt/airflow/dags/daily_revenue_etl_dag.py
[2026-01-07T15:09:27.151+0000] {processor.py:830} INFO - Processing file /opt/airflow/dags/daily_revenue_etl_dag.py for tasks to queue
[2026-01-07T15:09:27.152+0000] {logging_mixin.py:188} INFO - [2026-01-07T15:09:27.152+0000] {dagbag.py:538} INFO - Filling up the DagBag from /opt/airflow/dags/daily_revenue_etl_dag.py
[2026-01-07T15:09:27.163+0000] {processor.py:840} INFO - DAG(s) 'daily_revenue_etl_dag' retrieved from /opt/airflow/dags/daily_revenue_etl_dag.py
[2026-01-07T15:09:27.178+0000] {logging_mixin.py:188} INFO - [2026-01-07T15:09:27.178+0000] {dag.py:3036} INFO - Sync 1 DAGs
[2026-01-07T15:09:27.190+0000] {logging_mixin.py:188} INFO - [2026-01-07T15:09:27.190+0000] {dag.py:3823} INFO - Setting next_dagrun for daily_revenue_etl_dag to 2026-01-07 00:00:00+00:00, run_after=2026-01-08 00:00:00+00:00
[2026-01-07T15:09:27.201+0000] {processor.py:183} INFO - Processing /opt/airflow/dags/daily_revenue_etl_dag.py took 0.052 seconds
[2026-01-07T15:09:27.224+0000] {processor.py:161} INFO - Started process (PID=2820) to work on /opt/airflow/dags/daily_revenue_etl_dag.py
[2026-01-07T15:09:27.224+0000] {processor.py:830} INFO - Processing file /opt/airflow/dags/daily_revenue_etl_dag.py for tasks to queue
[2026-01-07T15:09:27.225+0000] {logging_mixin.py:188} INFO - [2026-01-07T15:09:27.225+0000] {dagbag.py:538} INFO - Filling up the DagBag from /opt/airflow/dags/daily_revenue_etl_dag.py
[2026-01-07T15:09:27.237+0000] {processor.py:840} INFO - DAG(s) 'daily_revenue_etl_dag' retrieved from /opt/airflow/dags/daily_revenue_etl_dag.py
[2026-01-07T15:09:27.252+0000] {logging_mixin.py:188} INFO - [2026-01-07T15:09:27.252+0000] {dag.py:3036} INFO - Sync 1 DAGs
[2026-01-07T15:09:27.264+0000] {logging_mixin.py:188} INFO - [2026-01-07T15:09:27.264+0000] {dag.py:3823} INFO - Setting next_dagrun for daily_revenue_etl_dag to 2026-01-07 00:00:00+00:00, run_after=2026-01-08 00:00:00+00:00
[2026-01-07T15:09:27.277+0000] {processor.py:183} INFO - Processing /opt/airflow/dags/daily_revenue_etl_dag.py took 0.055 seconds
[2026-01-07T15:09:27.298+0000] {processor.py:161} INFO - Started process (PID=2825) to work on /opt/airflow/dags/daily_revenue_etl_dag.py
[2026-01-07T15:09:27.299+0000] {processor.py:830} INFO - Processing file /opt/airflow/dags/daily_revenue_etl_dag.py for tasks to queue
[2026-01-07T15:09:27.300+0000] {logging_mixin.py:188} INFO - [2026-01-07T15:09:27.300+0000] {dagbag.py:538} INFO - Filling up the DagBag from /opt/airflow/dags/daily_revenue_etl_dag.py
[2026-01-07T15:09:27.322+0000] {processor.py:840} INFO - DAG(s) 'daily_revenue_etl_dag' retrieved from /opt/airflow/dags/daily_revenue_etl_dag.py
[2026-01-07T15:09:27.339+0000] {logging_mixin.py:188} INFO - [2026-01-07T15:09:27.338+0000] {dag.py:3036} INFO - Sync 1 DAGs
[2026-01-07T15:09:27.351+0000] {logging_mixin.py:188} INFO - [2026-01-07T15:09:27.351+0000] {dag.py:3823} INFO - Setting next_dagrun for daily_revenue_etl_dag to 2026-01-07 00:00:00+00:00, run_after=2026-01-08 00:00:00+00:00
[2026-01-07T15:09:27.362+0000] {processor.py:183} INFO - Processing /opt/airflow/dags/daily_revenue_etl_dag.py took 0.066 seconds
[2026-01-07T15:09:27.382+0000] {processor.py:161} INFO - Started process (PID=2830) to work on /opt/airflow/dags/daily_revenue_etl_dag.py
[2026-01-07T15:09:27.383+0000] {processor.py:830} INFO - Processing file /opt/airflow/dags/daily_revenue_etl_dag.py for tasks to queue
[2026-01-07T15:09:27.384+0000] {logging_mixin.py:188} INFO - [2026-01-07T15:09:27.383+0000] {dagbag.py:538} INFO - Filling up the DagBag from /opt/airflow/dags/daily_revenue_etl_dag.py
[2026-01-07T15:09:27.397+0000] {processor.py:840} INFO - DAG(s) 'daily_revenue_etl_dag' retrieved from /opt/airflow/dags/daily_revenue_etl_dag.py
[2026-01-07T15:09:27.412+0000] {logging_mixin.py:188} INFO - [2026-01-07T15:09:27.411+0000] {dag.py:3036} INFO - Sync 1 DAGs
[2026-01-07T15:09:27.424+0000] {logging_mixin.py:188} INFO - [2026-01-07T15:09:27.424+0000] {dag.py:3823} INFO - Setting next_dagrun for daily_revenue_etl_dag to 2026-01-07 00:00:00+00:00, run_after=2026-01-08 00:00:00+00:00
[2026-01-07T15:09:27.434+0000] {processor.py:183} INFO - Processing /opt/airflow/dags/daily_revenue_etl_dag.py took 0.054 seconds
[2026-01-07T15:09:27.455+0000] {processor.py:161} INFO - Started process (PID=2835) to work on /opt/airflow/dags/daily_revenue_etl_dag.py
[2026-01-07T15:09:27.456+0000] {processor.py:830} INFO - Processing file /opt/airflow/dags/daily_revenue_etl_dag.py for tasks to queue
[2026-01-07T15:09:27.457+0000] {logging_mixin.py:188} INFO - [2026-01-07T15:09:27.456+0000] {dagbag.py:538} INFO - Filling up the DagBag from /opt/airflow/dags/daily_revenue_etl_dag.py
[2026-01-07T15:09:27.468+0000] {processor.py:840} INFO - DAG(s) 'daily_revenue_etl_dag' retrieved from /opt/airflow/dags/daily_revenue_etl_dag.py
[2026-01-07T15:09:27.484+0000] {logging_mixin.py:188} INFO - [2026-01-07T15:09:27.483+0000] {dag.py:3036} INFO - Sync 1 DAGs
[2026-01-07T15:09:27.496+0000] {logging_mixin.py:188} INFO - [2026-01-07T15:09:27.496+0000] {dag.py:3823} INFO - Setting next_dagrun for daily_revenue_etl_dag to 2026-01-07 00:00:00+00:00, run_after=2026-01-08 00:00:00+00:00
[2026-01-07T15:09:27.506+0000] {processor.py:183} INFO - Processing /opt/airflow/dags/daily_revenue_etl_dag.py took 0.053 seconds
[2026-01-07T15:09:27.528+0000] {processor.py:161} INFO - Started process (PID=2840) to work on /opt/airflow/dags/daily_revenue_etl_dag.py
[2026-01-07T15:09:27.529+0000] {processor.py:830} INFO - Processing file /opt/airflow/dags/daily_revenue_etl_dag.py for tasks to queue
[2026-01-07T15:09:27.530+0000] {logging_mixin.py:188} INFO - [2026-01-07T15:09:27.530+0000] {dagbag.py:538} INFO - Filling up the DagBag from /opt/airflow/dags/daily_revenue_etl_dag.py
[2026-01-07T15:09:27.541+0000] {processor.py:840} INFO - DAG(s) 'daily_revenue_etl_dag' retrieved from /opt/airflow/dags/daily_revenue_etl_dag.py
[2026-01-07T15:09:27.556+0000] {logging_mixin.py:188} INFO - [2026-01-07T15:09:27.556+0000] {dag.py:3036} INFO - Sync 1 DAGs
[2026-01-07T15:09:27.569+0000] {logging_mixin.py:188} INFO - [2026-01-07T15:09:27.569+0000] {dag.py:3823} INFO - Setting next_dagrun for daily_revenue_etl_dag to 2026-01-07 00:00:00+00:00, run_after=2026-01-08 00:00:00+00:00
[2026-01-07T15:09:27.579+0000] {processor.py:183} INFO - Processing /opt/airflow/dags/daily_revenue_etl_dag.py took 0.054 seconds
[2026-01-07T15:09:27.603+0000] {processor.py:161} INFO - Started process (PID=2845) to work on /opt/airflow/dags/daily_revenue_etl_dag.py
[2026-01-07T15:09:27.604+0000] {processor.py:830} INFO - Processing file /opt/airflow/dags/daily_revenue_etl_dag.py for tasks to queue
[2026-01-07T15:09:27.604+0000] {logging_mixin.py:188} INFO - [2026-01-07T15:09:27.604+0000] {dagbag.py:538} INFO - Filling up the DagBag from /opt/airflow/dags/daily_revenue_etl_dag.py
[2026-01-07T15:09:27.616+0000] {processor.py:840} INFO - DAG(s) 'daily_revenue_etl_dag' retrieved from /opt/airflow/dags/daily_revenue_etl_dag.py
[2026-01-07T15:09:27.632+0000] {logging_mixin.py:188} INFO - [2026-01-07T15:09:27.632+0000] {dag.py:3036} INFO - Sync 1 DAGs
[2026-01-07T15:09:27.647+0000] {logging_mixin.py:188} INFO - [2026-01-07T15:09:27.647+0000] {dag.py:3823} INFO - Setting next_dagrun for daily_revenue_etl_dag to 2026-01-07 00:00:00+00:00, run_after=2026-01-08 00:00:00+00:00
[2026-01-07T15:09:27.658+0000] {processor.py:183} INFO - Processing /opt/airflow/dags/daily_revenue_etl_dag.py took 0.057 seconds
[2026-01-07T15:09:27.681+0000] {processor.py:161} INFO - Started process (PID=2850) to work on /opt/airflow/dags/daily_revenue_etl_dag.py
[2026-01-07T15:09:27.682+0000] {processor.py:830} INFO - Processing file /opt/airflow/dags/daily_revenue_etl_dag.py for tasks to queue
[2026-01-07T15:09:27.683+0000] {logging_mixin.py:188} INFO - [2026-01-07T15:09:27.682+0000] {dagbag.py:538} INFO - Filling up the DagBag from /opt/airflow/dags/daily_revenue_etl_dag.py
[2026-01-07T15:09:27.695+0000] {processor.py:840} INFO - DAG(s) 'daily_revenue_etl_dag' retrieved from /opt/airflow/dags/daily_revenue_etl_dag.py
[2026-01-07T15:09:27.710+0000] {logging_mixin.py:188} INFO - [2026-01-07T15:09:27.710+0000] {dag.py:3036} INFO - Sync 1 DAGs
[2026-01-07T15:09:27.722+0000] {logging_mixin.py:188} INFO - [2026-01-07T15:09:27.722+0000] {dag.py:3823} INFO - Setting next_dagrun for daily_revenue_etl_dag to 2026-01-07 00:00:00+00:00, run_after=2026-01-08 00:00:00+00:00
[2026-01-07T15:09:27.733+0000] {processor.py:183} INFO - Processing /opt/airflow/dags/daily_revenue_etl_dag.py took 0.054 seconds
[2026-01-07T15:09:27.755+0000] {processor.py:161} INFO - Started process (PID=2855) to work on /opt/airflow/dags/daily_revenue_etl_dag.py
[2026-01-07T15:09:27.756+0000] {processor.py:830} INFO - Processing file /opt/airflow/dags/daily_revenue_etl_dag.py for tasks to queue
[2026-01-07T15:09:27.756+0000] {logging_mixin.py:188} INFO - [2026-01-07T15:09:27.756+0000] {dagbag.py:538} INFO - Filling up the DagBag from /opt/airflow/dags/daily_revenue_etl_dag.py
[2026-01-07T15:09:27.768+0000] {processor.py:840} INFO - DAG(s) 'daily_revenue_etl_dag' retrieved from /opt/airflow/dags/daily_revenue_etl_dag.py
[2026-01-07T15:09:27.784+0000] {logging_mixin.py:188} INFO - [2026-01-07T15:09:27.784+0000] {dag.py:3036} INFO - Sync 1 DAGs
[2026-01-07T15:09:27.797+0000] {logging_mixin.py:188} INFO - [2026-01-07T15:09:27.796+0000] {dag.py:3823} INFO - Setting next_dagrun for daily_revenue_etl_dag to 2026-01-07 00:00:00+00:00, run_after=2026-01-08 00:00:00+00:00
[2026-01-07T15:09:27.807+0000] {processor.py:183} INFO - Processing /opt/airflow/dags/daily_revenue_etl_dag.py took 0.054 seconds
[2026-01-07T15:09:27.827+0000] {processor.py:161} INFO - Started process (PID=2860) to work on /opt/airflow/dags/daily_revenue_etl_dag.py
[2026-01-07T15:09:27.828+0000] {processor.py:830} INFO - Processing file /opt/airflow/dags/daily_revenue_etl_dag.py for tasks to queue
[2026-01-07T15:09:27.828+0000] {logging_mixin.py:188} INFO - [2026-01-07T15:09:27.828+0000] {dagbag.py:538} INFO - Filling up the DagBag from /opt/airflow/dags/daily_revenue_etl_dag.py
[2026-01-07T15:09:27.840+0000] {processor.py:840} INFO - DAG(s) 'daily_revenue_etl_dag' retrieved from /opt/airflow/dags/daily_revenue_etl_dag.py
[2026-01-07T15:09:27.855+0000] {logging_mixin.py:188} INFO - [2026-01-07T15:09:27.854+0000] {dag.py:3036} INFO - Sync 1 DAGs
[2026-01-07T15:09:27.867+0000] {logging_mixin.py:188} INFO - [2026-01-07T15:09:27.867+0000] {dag.py:3823} INFO - Setting next_dagrun for daily_revenue_etl_dag to 2026-01-07 00:00:00+00:00, run_after=2026-01-08 00:00:00+00:00
[2026-01-07T15:09:27.877+0000] {processor.py:183} INFO - Processing /opt/airflow/dags/daily_revenue_etl_dag.py took 0.052 seconds
[2026-01-07T15:09:27.898+0000] {processor.py:161} INFO - Started process (PID=2865) to work on /opt/airflow/dags/daily_revenue_etl_dag.py
[2026-01-07T15:09:27.899+0000] {processor.py:830} INFO - Processing file /opt/airflow/dags/daily_revenue_etl_dag.py for tasks to queue
[2026-01-07T15:09:27.899+0000] {logging_mixin.py:188} INFO - [2026-01-07T15:09:27.899+0000] {dagbag.py:538} INFO - Filling up the DagBag from /opt/airflow/dags/daily_revenue_etl_dag.py
[2026-01-07T15:09:27.911+0000] {processor.py:840} INFO - DAG(s) 'daily_revenue_etl_dag' retrieved from /opt/airflow/dags/daily_revenue_etl_dag.py
[2026-01-07T15:09:27.926+0000] {logging_mixin.py:188} INFO - [2026-01-07T15:09:27.926+0000] {dag.py:3036} INFO - Sync 1 DAGs
[2026-01-07T15:09:27.939+0000] {logging_mixin.py:188} INFO - [2026-01-07T15:09:27.939+0000] {dag.py:3823} INFO - Setting next_dagrun for daily_revenue_etl_dag to 2026-01-07 00:00:00+00:00, run_after=2026-01-08 00:00:00+00:00
[2026-01-07T15:09:27.950+0000] {processor.py:183} INFO - Processing /opt/airflow/dags/daily_revenue_etl_dag.py took 0.054 seconds
[2026-01-07T15:09:27.972+0000] {processor.py:161} INFO - Started process (PID=2870) to work on /opt/airflow/dags/daily_revenue_etl_dag.py
[2026-01-07T15:09:27.972+0000] {processor.py:830} INFO - Processing file /opt/airflow/dags/daily_revenue_etl_dag.py for tasks to queue
[2026-01-07T15:09:27.973+0000] {logging_mixin.py:188} INFO - [2026-01-07T15:09:27.973+0000] {dagbag.py:538} INFO - Filling up the DagBag from /opt/airflow/dags/daily_revenue_etl_dag.py
[2026-01-07T15:09:27.986+0000] {processor.py:840} INFO - DAG(s) 'daily_revenue_etl_dag' retrieved from /opt/airflow/dags/daily_revenue_etl_dag.py
[2026-01-07T15:09:28.001+0000] {logging_mixin.py:188} INFO - [2026-01-07T15:09:28.001+0000] {dag.py:3036} INFO - Sync 1 DAGs
[2026-01-07T15:09:28.013+0000] {logging_mixin.py:188} INFO - [2026-01-07T15:09:28.013+0000] {dag.py:3823} INFO - Setting next_dagrun for daily_revenue_etl_dag to 2026-01-07 00:00:00+00:00, run_after=2026-01-08 00:00:00+00:00
[2026-01-07T15:09:28.024+0000] {processor.py:183} INFO - Processing /opt/airflow/dags/daily_revenue_etl_dag.py took 0.054 seconds
[2026-01-07T15:09:28.046+0000] {processor.py:161} INFO - Started process (PID=2875) to work on /opt/airflow/dags/daily_revenue_etl_dag.py
[2026-01-07T15:09:28.047+0000] {processor.py:830} INFO - Processing file /opt/airflow/dags/daily_revenue_etl_dag.py for tasks to queue
[2026-01-07T15:09:28.048+0000] {logging_mixin.py:188} INFO - [2026-01-07T15:09:28.048+0000] {dagbag.py:538} INFO - Filling up the DagBag from /opt/airflow/dags/daily_revenue_etl_dag.py
[2026-01-07T15:09:28.059+0000] {processor.py:840} INFO - DAG(s) 'daily_revenue_etl_dag' retrieved from /opt/airflow/dags/daily_revenue_etl_dag.py
[2026-01-07T15:09:28.074+0000] {logging_mixin.py:188} INFO - [2026-01-07T15:09:28.074+0000] {dag.py:3036} INFO - Sync 1 DAGs
[2026-01-07T15:09:28.087+0000] {logging_mixin.py:188} INFO - [2026-01-07T15:09:28.087+0000] {dag.py:3823} INFO - Setting next_dagrun for daily_revenue_etl_dag to 2026-01-07 00:00:00+00:00, run_after=2026-01-08 00:00:00+00:00
[2026-01-07T15:09:28.098+0000] {processor.py:183} INFO - Processing /opt/airflow/dags/daily_revenue_etl_dag.py took 0.054 seconds
[2026-01-07T15:09:28.121+0000] {processor.py:161} INFO - Started process (PID=2880) to work on /opt/airflow/dags/daily_revenue_etl_dag.py
[2026-01-07T15:09:28.121+0000] {processor.py:830} INFO - Processing file /opt/airflow/dags/daily_revenue_etl_dag.py for tasks to queue
[2026-01-07T15:09:28.122+0000] {logging_mixin.py:188} INFO - [2026-01-07T15:09:28.122+0000] {dagbag.py:538} INFO - Filling up the DagBag from /opt/airflow/dags/daily_revenue_etl_dag.py
[2026-01-07T15:09:28.136+0000] {processor.py:840} INFO - DAG(s) 'daily_revenue_etl_dag' retrieved from /opt/airflow/dags/daily_revenue_etl_dag.py
[2026-01-07T15:09:28.154+0000] {logging_mixin.py:188} INFO - [2026-01-07T15:09:28.154+0000] {dag.py:3036} INFO - Sync 1 DAGs
[2026-01-07T15:09:28.168+0000] {logging_mixin.py:188} INFO - [2026-01-07T15:09:28.168+0000] {dag.py:3823} INFO - Setting next_dagrun for daily_revenue_etl_dag to 2026-01-07 00:00:00+00:00, run_after=2026-01-08 00:00:00+00:00
[2026-01-07T15:09:28.178+0000] {processor.py:183} INFO - Processing /opt/airflow/dags/daily_revenue_etl_dag.py took 0.060 seconds
[2026-01-07T15:09:28.199+0000] {processor.py:161} INFO - Started process (PID=2885) to work on /opt/airflow/dags/daily_revenue_etl_dag.py
[2026-01-07T15:09:28.199+0000] {processor.py:830} INFO - Processing file /opt/airflow/dags/daily_revenue_etl_dag.py for tasks to queue
[2026-01-07T15:09:28.200+0000] {logging_mixin.py:188} INFO - [2026-01-07T15:09:28.200+0000] {dagbag.py:538} INFO - Filling up the DagBag from /opt/airflow/dags/daily_revenue_etl_dag.py
[2026-01-07T15:09:28.211+0000] {processor.py:840} INFO - DAG(s) 'daily_revenue_etl_dag' retrieved from /opt/airflow/dags/daily_revenue_etl_dag.py
[2026-01-07T15:09:28.227+0000] {logging_mixin.py:188} INFO - [2026-01-07T15:09:28.227+0000] {dag.py:3036} INFO - Sync 1 DAGs
[2026-01-07T15:09:28.239+0000] {logging_mixin.py:188} INFO - [2026-01-07T15:09:28.239+0000] {dag.py:3823} INFO - Setting next_dagrun for daily_revenue_etl_dag to 2026-01-07 00:00:00+00:00, run_after=2026-01-08 00:00:00+00:00
[2026-01-07T15:09:28.249+0000] {processor.py:183} INFO - Processing /opt/airflow/dags/daily_revenue_etl_dag.py took 0.053 seconds
[2026-01-07T15:09:28.269+0000] {processor.py:161} INFO - Started process (PID=2890) to work on /opt/airflow/dags/daily_revenue_etl_dag.py
[2026-01-07T15:09:28.270+0000] {processor.py:830} INFO - Processing file /opt/airflow/dags/daily_revenue_etl_dag.py for tasks to queue
[2026-01-07T15:09:28.271+0000] {logging_mixin.py:188} INFO - [2026-01-07T15:09:28.271+0000] {dagbag.py:538} INFO - Filling up the DagBag from /opt/airflow/dags/daily_revenue_etl_dag.py
[2026-01-07T15:09:28.283+0000] {processor.py:840} INFO - DAG(s) 'daily_revenue_etl_dag' retrieved from /opt/airflow/dags/daily_revenue_etl_dag.py
[2026-01-07T15:09:28.298+0000] {logging_mixin.py:188} INFO - [2026-01-07T15:09:28.298+0000] {dag.py:3036} INFO - Sync 1 DAGs
[2026-01-07T15:09:28.311+0000] {logging_mixin.py:188} INFO - [2026-01-07T15:09:28.310+0000] {dag.py:3823} INFO - Setting next_dagrun for daily_revenue_etl_dag to 2026-01-07 00:00:00+00:00, run_after=2026-01-08 00:00:00+00:00
[2026-01-07T15:09:28.321+0000] {processor.py:183} INFO - Processing /opt/airflow/dags/daily_revenue_etl_dag.py took 0.054 seconds
[2026-01-07T15:09:28.349+0000] {processor.py:161} INFO - Started process (PID=2895) to work on /opt/airflow/dags/daily_revenue_etl_dag.py
[2026-01-07T15:09:28.349+0000] {processor.py:830} INFO - Processing file /opt/airflow/dags/daily_revenue_etl_dag.py for tasks to queue
[2026-01-07T15:09:28.350+0000] {logging_mixin.py:188} INFO - [2026-01-07T15:09:28.350+0000] {dagbag.py:538} INFO - Filling up the DagBag from /opt/airflow/dags/daily_revenue_etl_dag.py
[2026-01-07T15:09:28.362+0000] {processor.py:840} INFO - DAG(s) 'daily_revenue_etl_dag' retrieved from /opt/airflow/dags/daily_revenue_etl_dag.py
[2026-01-07T15:09:28.377+0000] {logging_mixin.py:188} INFO - [2026-01-07T15:09:28.377+0000] {dag.py:3036} INFO - Sync 1 DAGs
[2026-01-07T15:09:28.390+0000] {logging_mixin.py:188} INFO - [2026-01-07T15:09:28.390+0000] {dag.py:3823} INFO - Setting next_dagrun for daily_revenue_etl_dag to 2026-01-07 00:00:00+00:00, run_after=2026-01-08 00:00:00+00:00
[2026-01-07T15:09:28.400+0000] {processor.py:183} INFO - Processing /opt/airflow/dags/daily_revenue_etl_dag.py took 0.054 seconds
[2026-01-07T15:09:28.423+0000] {processor.py:161} INFO - Started process (PID=2900) to work on /opt/airflow/dags/daily_revenue_etl_dag.py
[2026-01-07T15:09:28.423+0000] {processor.py:830} INFO - Processing file /opt/airflow/dags/daily_revenue_etl_dag.py for tasks to queue
[2026-01-07T15:09:28.424+0000] {logging_mixin.py:188} INFO - [2026-01-07T15:09:28.424+0000] {dagbag.py:538} INFO - Filling up the DagBag from /opt/airflow/dags/daily_revenue_etl_dag.py
[2026-01-07T15:09:28.436+0000] {processor.py:840} INFO - DAG(s) 'daily_revenue_etl_dag' retrieved from /opt/airflow/dags/daily_revenue_etl_dag.py
[2026-01-07T15:09:28.453+0000] {logging_mixin.py:188} INFO - [2026-01-07T15:09:28.453+0000] {dag.py:3036} INFO - Sync 1 DAGs
[2026-01-07T15:09:28.467+0000] {logging_mixin.py:188} INFO - [2026-01-07T15:09:28.467+0000] {dag.py:3823} INFO - Setting next_dagrun for daily_revenue_etl_dag to 2026-01-07 00:00:00+00:00, run_after=2026-01-08 00:00:00+00:00
[2026-01-07T15:09:28.477+0000] {processor.py:183} INFO - Processing /opt/airflow/dags/daily_revenue_etl_dag.py took 0.057 seconds
[2026-01-07T15:09:28.501+0000] {processor.py:161} INFO - Started process (PID=2905) to work on /opt/airflow/dags/daily_revenue_etl_dag.py
[2026-01-07T15:09:28.502+0000] {processor.py:830} INFO - Processing file /opt/airflow/dags/daily_revenue_etl_dag.py for tasks to queue
[2026-01-07T15:09:28.502+0000] {logging_mixin.py:188} INFO - [2026-01-07T15:09:28.502+0000] {dagbag.py:538} INFO - Filling up the DagBag from /opt/airflow/dags/daily_revenue_etl_dag.py
[2026-01-07T15:09:28.516+0000] {processor.py:840} INFO - DAG(s) 'daily_revenue_etl_dag' retrieved from /opt/airflow/dags/daily_revenue_etl_dag.py
[2026-01-07T15:09:28.532+0000] {logging_mixin.py:188} INFO - [2026-01-07T15:09:28.532+0000] {dag.py:3036} INFO - Sync 1 DAGs
[2026-01-07T15:09:28.545+0000] {logging_mixin.py:188} INFO - [2026-01-07T15:09:28.545+0000] {dag.py:3823} INFO - Setting next_dagrun for daily_revenue_etl_dag to 2026-01-07 00:00:00+00:00, run_after=2026-01-08 00:00:00+00:00
[2026-01-07T15:09:28.556+0000] {processor.py:183} INFO - Processing /opt/airflow/dags/daily_revenue_etl_dag.py took 0.057 seconds
[2026-01-07T15:09:28.578+0000] {processor.py:161} INFO - Started process (PID=2910) to work on /opt/airflow/dags/daily_revenue_etl_dag.py
[2026-01-07T15:09:28.578+0000] {processor.py:830} INFO - Processing file /opt/airflow/dags/daily_revenue_etl_dag.py for tasks to queue
[2026-01-07T15:09:28.579+0000] {logging_mixin.py:188} INFO - [2026-01-07T15:09:28.579+0000] {dagbag.py:538} INFO - Filling up the DagBag from /opt/airflow/dags/daily_revenue_etl_dag.py
[2026-01-07T15:09:28.592+0000] {processor.py:840} INFO - DAG(s) 'daily_revenue_etl_dag' retrieved from /opt/airflow/dags/daily_revenue_etl_dag.py
[2026-01-07T15:09:28.608+0000] {logging_mixin.py:188} INFO - [2026-01-07T15:09:28.607+0000] {dag.py:3036} INFO - Sync 1 DAGs
[2026-01-07T15:09:28.620+0000] {logging_mixin.py:188} INFO - [2026-01-07T15:09:28.620+0000] {dag.py:3823} INFO - Setting next_dagrun for daily_revenue_etl_dag to 2026-01-07 00:00:00+00:00, run_after=2026-01-08 00:00:00+00:00
[2026-01-07T15:09:28.630+0000] {processor.py:183} INFO - Processing /opt/airflow/dags/daily_revenue_etl_dag.py took 0.056 seconds
[2026-01-07T15:09:28.652+0000] {processor.py:161} INFO - Started process (PID=2915) to work on /opt/airflow/dags/daily_revenue_etl_dag.py
[2026-01-07T15:09:28.653+0000] {processor.py:830} INFO - Processing file /opt/airflow/dags/daily_revenue_etl_dag.py for tasks to queue
[2026-01-07T15:09:28.654+0000] {logging_mixin.py:188} INFO - [2026-01-07T15:09:28.654+0000] {dagbag.py:538} INFO - Filling up the DagBag from /opt/airflow/dags/daily_revenue_etl_dag.py
[2026-01-07T15:09:28.667+0000] {processor.py:840} INFO - DAG(s) 'daily_revenue_etl_dag' retrieved from /opt/airflow/dags/daily_revenue_etl_dag.py
[2026-01-07T15:09:28.683+0000] {logging_mixin.py:188} INFO - [2026-01-07T15:09:28.683+0000] {dag.py:3036} INFO - Sync 1 DAGs
[2026-01-07T15:09:28.697+0000] {logging_mixin.py:188} INFO - [2026-01-07T15:09:28.697+0000] {dag.py:3823} INFO - Setting next_dagrun for daily_revenue_etl_dag to 2026-01-07 00:00:00+00:00, run_after=2026-01-08 00:00:00+00:00
[2026-01-07T15:09:28.708+0000] {processor.py:183} INFO - Processing /opt/airflow/dags/daily_revenue_etl_dag.py took 0.058 seconds
[2026-01-07T15:09:28.730+0000] {processor.py:161} INFO - Started process (PID=2920) to work on /opt/airflow/dags/daily_revenue_etl_dag.py
[2026-01-07T15:09:28.731+0000] {processor.py:830} INFO - Processing file /opt/airflow/dags/daily_revenue_etl_dag.py for tasks to queue
[2026-01-07T15:09:28.731+0000] {logging_mixin.py:188} INFO - [2026-01-07T15:09:28.731+0000] {dagbag.py:538} INFO - Filling up the DagBag from /opt/airflow/dags/daily_revenue_etl_dag.py
[2026-01-07T15:09:28.744+0000] {processor.py:840} INFO - DAG(s) 'daily_revenue_etl_dag' retrieved from /opt/airflow/dags/daily_revenue_etl_dag.py
[2026-01-07T15:09:28.763+0000] {logging_mixin.py:188} INFO - [2026-01-07T15:09:28.763+0000] {dag.py:3036} INFO - Sync 1 DAGs
[2026-01-07T15:09:28.778+0000] {logging_mixin.py:188} INFO - [2026-01-07T15:09:28.778+0000] {dag.py:3823} INFO - Setting next_dagrun for daily_revenue_etl_dag to 2026-01-07 00:00:00+00:00, run_after=2026-01-08 00:00:00+00:00
[2026-01-07T15:09:28.789+0000] {processor.py:183} INFO - Processing /opt/airflow/dags/daily_revenue_etl_dag.py took 0.061 seconds
[2026-01-07T15:09:28.811+0000] {processor.py:161} INFO - Started process (PID=2925) to work on /opt/airflow/dags/daily_revenue_etl_dag.py
[2026-01-07T15:09:28.811+0000] {processor.py:830} INFO - Processing file /opt/airflow/dags/daily_revenue_etl_dag.py for tasks to queue
[2026-01-07T15:09:28.812+0000] {logging_mixin.py:188} INFO - [2026-01-07T15:09:28.812+0000] {dagbag.py:538} INFO - Filling up the DagBag from /opt/airflow/dags/daily_revenue_etl_dag.py
[2026-01-07T15:09:28.824+0000] {processor.py:840} INFO - DAG(s) 'daily_revenue_etl_dag' retrieved from /opt/airflow/dags/daily_revenue_etl_dag.py
[2026-01-07T15:09:28.839+0000] {logging_mixin.py:188} INFO - [2026-01-07T15:09:28.839+0000] {dag.py:3036} INFO - Sync 1 DAGs
[2026-01-07T15:09:28.852+0000] {logging_mixin.py:188} INFO - [2026-01-07T15:09:28.852+0000] {dag.py:3823} INFO - Setting next_dagrun for daily_revenue_etl_dag to 2026-01-07 00:00:00+00:00, run_after=2026-01-08 00:00:00+00:00
[2026-01-07T15:09:28.863+0000] {processor.py:183} INFO - Processing /opt/airflow/dags/daily_revenue_etl_dag.py took 0.054 seconds
[2026-01-07T15:09:28.883+0000] {processor.py:161} INFO - Started process (PID=2930) to work on /opt/airflow/dags/daily_revenue_etl_dag.py
[2026-01-07T15:09:28.884+0000] {processor.py:830} INFO - Processing file /opt/airflow/dags/daily_revenue_etl_dag.py for tasks to queue
[2026-01-07T15:09:28.885+0000] {logging_mixin.py:188} INFO - [2026-01-07T15:09:28.885+0000] {dagbag.py:538} INFO - Filling up the DagBag from /opt/airflow/dags/daily_revenue_etl_dag.py
[2026-01-07T15:09:28.896+0000] {processor.py:840} INFO - DAG(s) 'daily_revenue_etl_dag' retrieved from /opt/airflow/dags/daily_revenue_etl_dag.py
[2026-01-07T15:09:28.911+0000] {logging_mixin.py:188} INFO - [2026-01-07T15:09:28.911+0000] {dag.py:3036} INFO - Sync 1 DAGs
[2026-01-07T15:09:28.924+0000] {logging_mixin.py:188} INFO - [2026-01-07T15:09:28.923+0000] {dag.py:3823} INFO - Setting next_dagrun for daily_revenue_etl_dag to 2026-01-07 00:00:00+00:00, run_after=2026-01-08 00:00:00+00:00
[2026-01-07T15:09:28.934+0000] {processor.py:183} INFO - Processing /opt/airflow/dags/daily_revenue_etl_dag.py took 0.053 seconds
[2026-01-07T15:09:28.957+0000] {processor.py:161} INFO - Started process (PID=2935) to work on /opt/airflow/dags/daily_revenue_etl_dag.py
[2026-01-07T15:09:28.958+0000] {processor.py:830} INFO - Processing file /opt/airflow/dags/daily_revenue_etl_dag.py for tasks to queue
[2026-01-07T15:09:28.959+0000] {logging_mixin.py:188} INFO - [2026-01-07T15:09:28.959+0000] {dagbag.py:538} INFO - Filling up the DagBag from /opt/airflow/dags/daily_revenue_etl_dag.py
[2026-01-07T15:09:28.976+0000] {processor.py:840} INFO - DAG(s) 'daily_revenue_etl_dag' retrieved from /opt/airflow/dags/daily_revenue_etl_dag.py
[2026-01-07T15:09:28.991+0000] {logging_mixin.py:188} INFO - [2026-01-07T15:09:28.990+0000] {dag.py:3036} INFO - Sync 1 DAGs
[2026-01-07T15:09:29.002+0000] {logging_mixin.py:188} INFO - [2026-01-07T15:09:29.002+0000] {dag.py:3823} INFO - Setting next_dagrun for daily_revenue_etl_dag to 2026-01-07 00:00:00+00:00, run_after=2026-01-08 00:00:00+00:00
[2026-01-07T15:09:29.013+0000] {processor.py:183} INFO - Processing /opt/airflow/dags/daily_revenue_etl_dag.py took 0.059 seconds
[2026-01-07T15:09:29.035+0000] {processor.py:161} INFO - Started process (PID=2940) to work on /opt/airflow/dags/daily_revenue_etl_dag.py
[2026-01-07T15:09:29.035+0000] {processor.py:830} INFO - Processing file /opt/airflow/dags/daily_revenue_etl_dag.py for tasks to queue
[2026-01-07T15:09:29.037+0000] {logging_mixin.py:188} INFO - [2026-01-07T15:09:29.037+0000] {dagbag.py:538} INFO - Filling up the DagBag from /opt/airflow/dags/daily_revenue_etl_dag.py
[2026-01-07T15:09:29.049+0000] {processor.py:840} INFO - DAG(s) 'daily_revenue_etl_dag' retrieved from /opt/airflow/dags/daily_revenue_etl_dag.py
[2026-01-07T15:09:29.065+0000] {logging_mixin.py:188} INFO - [2026-01-07T15:09:29.064+0000] {dag.py:3036} INFO - Sync 1 DAGs
[2026-01-07T15:09:29.077+0000] {logging_mixin.py:188} INFO - [2026-01-07T15:09:29.077+0000] {dag.py:3823} INFO - Setting next_dagrun for daily_revenue_etl_dag to 2026-01-07 00:00:00+00:00, run_after=2026-01-08 00:00:00+00:00
[2026-01-07T15:09:29.089+0000] {processor.py:183} INFO - Processing /opt/airflow/dags/daily_revenue_etl_dag.py took 0.056 seconds
[2026-01-07T15:09:29.113+0000] {processor.py:161} INFO - Started process (PID=2945) to work on /opt/airflow/dags/daily_revenue_etl_dag.py
[2026-01-07T15:09:29.113+0000] {processor.py:830} INFO - Processing file /opt/airflow/dags/daily_revenue_etl_dag.py for tasks to queue
[2026-01-07T15:09:29.115+0000] {logging_mixin.py:188} INFO - [2026-01-07T15:09:29.115+0000] {dagbag.py:538} INFO - Filling up the DagBag from /opt/airflow/dags/daily_revenue_etl_dag.py
[2026-01-07T15:09:29.132+0000] {processor.py:840} INFO - DAG(s) 'daily_revenue_etl_dag' retrieved from /opt/airflow/dags/daily_revenue_etl_dag.py
[2026-01-07T15:09:29.148+0000] {logging_mixin.py:188} INFO - [2026-01-07T15:09:29.147+0000] {dag.py:3036} INFO - Sync 1 DAGs
[2026-01-07T15:09:29.160+0000] {logging_mixin.py:188} INFO - [2026-01-07T15:09:29.160+0000] {dag.py:3823} INFO - Setting next_dagrun for daily_revenue_etl_dag to 2026-01-07 00:00:00+00:00, run_after=2026-01-08 00:00:00+00:00
[2026-01-07T15:09:29.171+0000] {processor.py:183} INFO - Processing /opt/airflow/dags/daily_revenue_etl_dag.py took 0.061 seconds
[2026-01-07T15:09:29.196+0000] {processor.py:161} INFO - Started process (PID=2950) to work on /opt/airflow/dags/daily_revenue_etl_dag.py
[2026-01-07T15:09:29.197+0000] {processor.py:830} INFO - Processing file /opt/airflow/dags/daily_revenue_etl_dag.py for tasks to queue
[2026-01-07T15:09:29.198+0000] {logging_mixin.py:188} INFO - [2026-01-07T15:09:29.198+0000] {dagbag.py:538} INFO - Filling up the DagBag from /opt/airflow/dags/daily_revenue_etl_dag.py
[2026-01-07T15:09:29.209+0000] {processor.py:840} INFO - DAG(s) 'daily_revenue_etl_dag' retrieved from /opt/airflow/dags/daily_revenue_etl_dag.py
[2026-01-07T15:09:29.224+0000] {logging_mixin.py:188} INFO - [2026-01-07T15:09:29.224+0000] {dag.py:3036} INFO - Sync 1 DAGs
[2026-01-07T15:09:29.238+0000] {logging_mixin.py:188} INFO - [2026-01-07T15:09:29.238+0000] {dag.py:3823} INFO - Setting next_dagrun for daily_revenue_etl_dag to 2026-01-07 00:00:00+00:00, run_after=2026-01-08 00:00:00+00:00
[2026-01-07T15:09:29.248+0000] {processor.py:183} INFO - Processing /opt/airflow/dags/daily_revenue_etl_dag.py took 0.055 seconds
[2026-01-07T15:09:29.269+0000] {processor.py:161} INFO - Started process (PID=2955) to work on /opt/airflow/dags/daily_revenue_etl_dag.py
[2026-01-07T15:09:29.269+0000] {processor.py:830} INFO - Processing file /opt/airflow/dags/daily_revenue_etl_dag.py for tasks to queue
[2026-01-07T15:09:29.270+0000] {logging_mixin.py:188} INFO - [2026-01-07T15:09:29.270+0000] {dagbag.py:538} INFO - Filling up the DagBag from /opt/airflow/dags/daily_revenue_etl_dag.py
[2026-01-07T15:09:29.282+0000] {processor.py:840} INFO - DAG(s) 'daily_revenue_etl_dag' retrieved from /opt/airflow/dags/daily_revenue_etl_dag.py
[2026-01-07T15:09:29.299+0000] {logging_mixin.py:188} INFO - [2026-01-07T15:09:29.299+0000] {dag.py:3036} INFO - Sync 1 DAGs
[2026-01-07T15:09:29.312+0000] {logging_mixin.py:188} INFO - [2026-01-07T15:09:29.312+0000] {dag.py:3823} INFO - Setting next_dagrun for daily_revenue_etl_dag to 2026-01-07 00:00:00+00:00, run_after=2026-01-08 00:00:00+00:00
[2026-01-07T15:09:29.324+0000] {processor.py:183} INFO - Processing /opt/airflow/dags/daily_revenue_etl_dag.py took 0.058 seconds
[2026-01-07T15:09:29.344+0000] {processor.py:161} INFO - Started process (PID=2960) to work on /opt/airflow/dags/daily_revenue_etl_dag.py
[2026-01-07T15:09:29.344+0000] {processor.py:830} INFO - Processing file /opt/airflow/dags/daily_revenue_etl_dag.py for tasks to queue
[2026-01-07T15:09:29.345+0000] {logging_mixin.py:188} INFO - [2026-01-07T15:09:29.345+0000] {dagbag.py:538} INFO - Filling up the DagBag from /opt/airflow/dags/daily_revenue_etl_dag.py
[2026-01-07T15:09:29.364+0000] {processor.py:840} INFO - DAG(s) 'daily_revenue_etl_dag' retrieved from /opt/airflow/dags/daily_revenue_etl_dag.py
[2026-01-07T15:09:29.381+0000] {logging_mixin.py:188} INFO - [2026-01-07T15:09:29.381+0000] {dag.py:3036} INFO - Sync 1 DAGs
[2026-01-07T15:09:29.394+0000] {logging_mixin.py:188} INFO - [2026-01-07T15:09:29.394+0000] {dag.py:3823} INFO - Setting next_dagrun for daily_revenue_etl_dag to 2026-01-07 00:00:00+00:00, run_after=2026-01-08 00:00:00+00:00
[2026-01-07T15:09:29.405+0000] {processor.py:183} INFO - Processing /opt/airflow/dags/daily_revenue_etl_dag.py took 0.064 seconds
[2026-01-07T15:09:29.427+0000] {processor.py:161} INFO - Started process (PID=2965) to work on /opt/airflow/dags/daily_revenue_etl_dag.py
[2026-01-07T15:09:29.428+0000] {processor.py:830} INFO - Processing file /opt/airflow/dags/daily_revenue_etl_dag.py for tasks to queue
[2026-01-07T15:09:29.428+0000] {logging_mixin.py:188} INFO - [2026-01-07T15:09:29.428+0000] {dagbag.py:538} INFO - Filling up the DagBag from /opt/airflow/dags/daily_revenue_etl_dag.py
[2026-01-07T15:09:29.442+0000] {processor.py:840} INFO - DAG(s) 'daily_revenue_etl_dag' retrieved from /opt/airflow/dags/daily_revenue_etl_dag.py
[2026-01-07T15:09:29.457+0000] {logging_mixin.py:188} INFO - [2026-01-07T15:09:29.457+0000] {dag.py:3036} INFO - Sync 1 DAGs
[2026-01-07T15:09:29.470+0000] {logging_mixin.py:188} INFO - [2026-01-07T15:09:29.470+0000] {dag.py:3823} INFO - Setting next_dagrun for daily_revenue_etl_dag to 2026-01-07 00:00:00+00:00, run_after=2026-01-08 00:00:00+00:00
[2026-01-07T15:09:29.483+0000] {processor.py:183} INFO - Processing /opt/airflow/dags/daily_revenue_etl_dag.py took 0.058 seconds
[2026-01-07T15:09:29.509+0000] {processor.py:161} INFO - Started process (PID=2970) to work on /opt/airflow/dags/daily_revenue_etl_dag.py
[2026-01-07T15:09:29.510+0000] {processor.py:830} INFO - Processing file /opt/airflow/dags/daily_revenue_etl_dag.py for tasks to queue
[2026-01-07T15:09:29.510+0000] {logging_mixin.py:188} INFO - [2026-01-07T15:09:29.510+0000] {dagbag.py:538} INFO - Filling up the DagBag from /opt/airflow/dags/daily_revenue_etl_dag.py
[2026-01-07T15:09:29.523+0000] {processor.py:840} INFO - DAG(s) 'daily_revenue_etl_dag' retrieved from /opt/airflow/dags/daily_revenue_etl_dag.py
[2026-01-07T15:09:29.538+0000] {logging_mixin.py:188} INFO - [2026-01-07T15:09:29.538+0000] {dag.py:3036} INFO - Sync 1 DAGs
[2026-01-07T15:09:29.554+0000] {logging_mixin.py:188} INFO - [2026-01-07T15:09:29.553+0000] {dag.py:3823} INFO - Setting next_dagrun for daily_revenue_etl_dag to 2026-01-07 00:00:00+00:00, run_after=2026-01-08 00:00:00+00:00
[2026-01-07T15:09:29.564+0000] {processor.py:183} INFO - Processing /opt/airflow/dags/daily_revenue_etl_dag.py took 0.058 seconds
[2026-01-07T15:09:29.587+0000] {processor.py:161} INFO - Started process (PID=2975) to work on /opt/airflow/dags/daily_revenue_etl_dag.py
[2026-01-07T15:09:29.588+0000] {processor.py:830} INFO - Processing file /opt/airflow/dags/daily_revenue_etl_dag.py for tasks to queue
[2026-01-07T15:09:29.588+0000] {logging_mixin.py:188} INFO - [2026-01-07T15:09:29.588+0000] {dagbag.py:538} INFO - Filling up the DagBag from /opt/airflow/dags/daily_revenue_etl_dag.py
[2026-01-07T15:09:29.601+0000] {processor.py:840} INFO - DAG(s) 'daily_revenue_etl_dag' retrieved from /opt/airflow/dags/daily_revenue_etl_dag.py
[2026-01-07T15:09:29.616+0000] {logging_mixin.py:188} INFO - [2026-01-07T15:09:29.616+0000] {dag.py:3036} INFO - Sync 1 DAGs
[2026-01-07T15:09:29.628+0000] {logging_mixin.py:188} INFO - [2026-01-07T15:09:29.628+0000] {dag.py:3823} INFO - Setting next_dagrun for daily_revenue_etl_dag to 2026-01-07 00:00:00+00:00, run_after=2026-01-08 00:00:00+00:00
[2026-01-07T15:09:29.638+0000] {processor.py:183} INFO - Processing /opt/airflow/dags/daily_revenue_etl_dag.py took 0.053 seconds
[2026-01-07T15:09:29.659+0000] {processor.py:161} INFO - Started process (PID=2980) to work on /opt/airflow/dags/daily_revenue_etl_dag.py
[2026-01-07T15:09:29.660+0000] {processor.py:830} INFO - Processing file /opt/airflow/dags/daily_revenue_etl_dag.py for tasks to queue
[2026-01-07T15:09:29.660+0000] {logging_mixin.py:188} INFO - [2026-01-07T15:09:29.660+0000] {dagbag.py:538} INFO - Filling up the DagBag from /opt/airflow/dags/daily_revenue_etl_dag.py
[2026-01-07T15:09:29.671+0000] {processor.py:840} INFO - DAG(s) 'daily_revenue_etl_dag' retrieved from /opt/airflow/dags/daily_revenue_etl_dag.py
[2026-01-07T15:09:29.686+0000] {logging_mixin.py:188} INFO - [2026-01-07T15:09:29.686+0000] {dag.py:3036} INFO - Sync 1 DAGs
[2026-01-07T15:09:29.700+0000] {logging_mixin.py:188} INFO - [2026-01-07T15:09:29.699+0000] {dag.py:3823} INFO - Setting next_dagrun for daily_revenue_etl_dag to 2026-01-07 00:00:00+00:00, run_after=2026-01-08 00:00:00+00:00
[2026-01-07T15:09:29.711+0000] {processor.py:183} INFO - Processing /opt/airflow/dags/daily_revenue_etl_dag.py took 0.054 seconds
[2026-01-07T15:09:29.732+0000] {processor.py:161} INFO - Started process (PID=2985) to work on /opt/airflow/dags/daily_revenue_etl_dag.py
[2026-01-07T15:09:29.732+0000] {processor.py:830} INFO - Processing file /opt/airflow/dags/daily_revenue_etl_dag.py for tasks to queue
[2026-01-07T15:09:29.733+0000] {logging_mixin.py:188} INFO - [2026-01-07T15:09:29.733+0000] {dagbag.py:538} INFO - Filling up the DagBag from /opt/airflow/dags/daily_revenue_etl_dag.py
[2026-01-07T15:09:29.744+0000] {processor.py:840} INFO - DAG(s) 'daily_revenue_etl_dag' retrieved from /opt/airflow/dags/daily_revenue_etl_dag.py
[2026-01-07T15:09:29.758+0000] {logging_mixin.py:188} INFO - [2026-01-07T15:09:29.758+0000] {dag.py:3036} INFO - Sync 1 DAGs
[2026-01-07T15:09:29.771+0000] {logging_mixin.py:188} INFO - [2026-01-07T15:09:29.771+0000] {dag.py:3823} INFO - Setting next_dagrun for daily_revenue_etl_dag to 2026-01-07 00:00:00+00:00, run_after=2026-01-08 00:00:00+00:00
[2026-01-07T15:09:29.781+0000] {processor.py:183} INFO - Processing /opt/airflow/dags/daily_revenue_etl_dag.py took 0.052 seconds
[2026-01-07T15:09:29.804+0000] {processor.py:161} INFO - Started process (PID=2990) to work on /opt/airflow/dags/daily_revenue_etl_dag.py
[2026-01-07T15:09:29.805+0000] {processor.py:830} INFO - Processing file /opt/airflow/dags/daily_revenue_etl_dag.py for tasks to queue
[2026-01-07T15:09:29.806+0000] {logging_mixin.py:188} INFO - [2026-01-07T15:09:29.806+0000] {dagbag.py:538} INFO - Filling up the DagBag from /opt/airflow/dags/daily_revenue_etl_dag.py
[2026-01-07T15:09:29.818+0000] {processor.py:840} INFO - DAG(s) 'daily_revenue_etl_dag' retrieved from /opt/airflow/dags/daily_revenue_etl_dag.py
[2026-01-07T15:09:29.834+0000] {logging_mixin.py:188} INFO - [2026-01-07T15:09:29.834+0000] {dag.py:3036} INFO - Sync 1 DAGs
[2026-01-07T15:09:29.846+0000] {logging_mixin.py:188} INFO - [2026-01-07T15:09:29.846+0000] {dag.py:3823} INFO - Setting next_dagrun for daily_revenue_etl_dag to 2026-01-07 00:00:00+00:00, run_after=2026-01-08 00:00:00+00:00
[2026-01-07T15:09:29.857+0000] {processor.py:183} INFO - Processing /opt/airflow/dags/daily_revenue_etl_dag.py took 0.054 seconds
[2026-01-07T15:09:29.878+0000] {processor.py:161} INFO - Started process (PID=2995) to work on /opt/airflow/dags/daily_revenue_etl_dag.py
[2026-01-07T15:09:29.879+0000] {processor.py:830} INFO - Processing file /opt/airflow/dags/daily_revenue_etl_dag.py for tasks to queue
[2026-01-07T15:09:29.880+0000] {logging_mixin.py:188} INFO - [2026-01-07T15:09:29.880+0000] {dagbag.py:538} INFO - Filling up the DagBag from /opt/airflow/dags/daily_revenue_etl_dag.py
[2026-01-07T15:09:29.892+0000] {processor.py:840} INFO - DAG(s) 'daily_revenue_etl_dag' retrieved from /opt/airflow/dags/daily_revenue_etl_dag.py
[2026-01-07T15:09:29.907+0000] {logging_mixin.py:188} INFO - [2026-01-07T15:09:29.907+0000] {dag.py:3036} INFO - Sync 1 DAGs
[2026-01-07T15:09:29.919+0000] {logging_mixin.py:188} INFO - [2026-01-07T15:09:29.919+0000] {dag.py:3823} INFO - Setting next_dagrun for daily_revenue_etl_dag to 2026-01-07 00:00:00+00:00, run_after=2026-01-08 00:00:00+00:00
[2026-01-07T15:09:29.930+0000] {processor.py:183} INFO - Processing /opt/airflow/dags/daily_revenue_etl_dag.py took 0.054 seconds
[2026-01-07T15:09:29.952+0000] {processor.py:161} INFO - Started process (PID=3000) to work on /opt/airflow/dags/daily_revenue_etl_dag.py
[2026-01-07T15:09:29.953+0000] {processor.py:830} INFO - Processing file /opt/airflow/dags/daily_revenue_etl_dag.py for tasks to queue
[2026-01-07T15:09:29.953+0000] {logging_mixin.py:188} INFO - [2026-01-07T15:09:29.953+0000] {dagbag.py:538} INFO - Filling up the DagBag from /opt/airflow/dags/daily_revenue_etl_dag.py
[2026-01-07T15:09:29.964+0000] {processor.py:840} INFO - DAG(s) 'daily_revenue_etl_dag' retrieved from /opt/airflow/dags/daily_revenue_etl_dag.py
[2026-01-07T15:09:29.980+0000] {logging_mixin.py:188} INFO - [2026-01-07T15:09:29.980+0000] {dag.py:3036} INFO - Sync 1 DAGs
[2026-01-07T15:09:29.992+0000] {logging_mixin.py:188} INFO - [2026-01-07T15:09:29.992+0000] {dag.py:3823} INFO - Setting next_dagrun for daily_revenue_etl_dag to 2026-01-07 00:00:00+00:00, run_after=2026-01-08 00:00:00+00:00
[2026-01-07T15:09:30.003+0000] {processor.py:183} INFO - Processing /opt/airflow/dags/daily_revenue_etl_dag.py took 0.053 seconds
[2026-01-07T15:09:30.026+0000] {processor.py:161} INFO - Started process (PID=3005) to work on /opt/airflow/dags/daily_revenue_etl_dag.py
[2026-01-07T15:09:30.027+0000] {processor.py:830} INFO - Processing file /opt/airflow/dags/daily_revenue_etl_dag.py for tasks to queue
[2026-01-07T15:09:30.028+0000] {logging_mixin.py:188} INFO - [2026-01-07T15:09:30.027+0000] {dagbag.py:538} INFO - Filling up the DagBag from /opt/airflow/dags/daily_revenue_etl_dag.py
[2026-01-07T15:09:30.040+0000] {processor.py:840} INFO - DAG(s) 'daily_revenue_etl_dag' retrieved from /opt/airflow/dags/daily_revenue_etl_dag.py
[2026-01-07T15:09:30.055+0000] {logging_mixin.py:188} INFO - [2026-01-07T15:09:30.055+0000] {dag.py:3036} INFO - Sync 1 DAGs
[2026-01-07T15:09:30.068+0000] {logging_mixin.py:188} INFO - [2026-01-07T15:09:30.068+0000] {dag.py:3823} INFO - Setting next_dagrun for daily_revenue_etl_dag to 2026-01-07 00:00:00+00:00, run_after=2026-01-08 00:00:00+00:00
[2026-01-07T15:09:30.079+0000] {processor.py:183} INFO - Processing /opt/airflow/dags/daily_revenue_etl_dag.py took 0.055 seconds
[2026-01-07T15:09:30.104+0000] {processor.py:161} INFO - Started process (PID=3010) to work on /opt/airflow/dags/daily_revenue_etl_dag.py
[2026-01-07T15:09:30.105+0000] {processor.py:830} INFO - Processing file /opt/airflow/dags/daily_revenue_etl_dag.py for tasks to queue
[2026-01-07T15:09:30.105+0000] {logging_mixin.py:188} INFO - [2026-01-07T15:09:30.105+0000] {dagbag.py:538} INFO - Filling up the DagBag from /opt/airflow/dags/daily_revenue_etl_dag.py
[2026-01-07T15:09:30.120+0000] {processor.py:840} INFO - DAG(s) 'daily_revenue_etl_dag' retrieved from /opt/airflow/dags/daily_revenue_etl_dag.py
[2026-01-07T15:09:30.135+0000] {logging_mixin.py:188} INFO - [2026-01-07T15:09:30.135+0000] {dag.py:3036} INFO - Sync 1 DAGs
[2026-01-07T15:09:30.150+0000] {logging_mixin.py:188} INFO - [2026-01-07T15:09:30.150+0000] {dag.py:3823} INFO - Setting next_dagrun for daily_revenue_etl_dag to 2026-01-07 00:00:00+00:00, run_after=2026-01-08 00:00:00+00:00
[2026-01-07T15:09:30.161+0000] {processor.py:183} INFO - Processing /opt/airflow/dags/daily_revenue_etl_dag.py took 0.059 seconds
[2026-01-07T15:09:30.183+0000] {processor.py:161} INFO - Started process (PID=3015) to work on /opt/airflow/dags/daily_revenue_etl_dag.py
[2026-01-07T15:09:30.183+0000] {processor.py:830} INFO - Processing file /opt/airflow/dags/daily_revenue_etl_dag.py for tasks to queue
[2026-01-07T15:09:30.184+0000] {logging_mixin.py:188} INFO - [2026-01-07T15:09:30.184+0000] {dagbag.py:538} INFO - Filling up the DagBag from /opt/airflow/dags/daily_revenue_etl_dag.py
[2026-01-07T15:09:30.208+0000] {processor.py:840} INFO - DAG(s) 'daily_revenue_etl_dag' retrieved from /opt/airflow/dags/daily_revenue_etl_dag.py
[2026-01-07T15:09:30.225+0000] {logging_mixin.py:188} INFO - [2026-01-07T15:09:30.225+0000] {dag.py:3036} INFO - Sync 1 DAGs
[2026-01-07T15:09:30.238+0000] {logging_mixin.py:188} INFO - [2026-01-07T15:09:30.238+0000] {dag.py:3823} INFO - Setting next_dagrun for daily_revenue_etl_dag to 2026-01-07 00:00:00+00:00, run_after=2026-01-08 00:00:00+00:00
[2026-01-07T15:09:30.249+0000] {processor.py:183} INFO - Processing /opt/airflow/dags/daily_revenue_etl_dag.py took 0.069 seconds
[2026-01-07T15:09:30.284+0000] {processor.py:161} INFO - Started process (PID=3020) to work on /opt/airflow/dags/daily_revenue_etl_dag.py
[2026-01-07T15:09:30.284+0000] {processor.py:830} INFO - Processing file /opt/airflow/dags/daily_revenue_etl_dag.py for tasks to queue
[2026-01-07T15:09:30.285+0000] {logging_mixin.py:188} INFO - [2026-01-07T15:09:30.285+0000] {dagbag.py:538} INFO - Filling up the DagBag from /opt/airflow/dags/daily_revenue_etl_dag.py
[2026-01-07T15:09:30.301+0000] {processor.py:840} INFO - DAG(s) 'daily_revenue_etl_dag' retrieved from /opt/airflow/dags/daily_revenue_etl_dag.py
[2026-01-07T15:09:30.316+0000] {logging_mixin.py:188} INFO - [2026-01-07T15:09:30.316+0000] {dag.py:3036} INFO - Sync 1 DAGs
[2026-01-07T15:09:30.328+0000] {logging_mixin.py:188} INFO - [2026-01-07T15:09:30.328+0000] {dag.py:3823} INFO - Setting next_dagrun for daily_revenue_etl_dag to 2026-01-07 00:00:00+00:00, run_after=2026-01-08 00:00:00+00:00
[2026-01-07T15:09:30.339+0000] {processor.py:183} INFO - Processing /opt/airflow/dags/daily_revenue_etl_dag.py took 0.058 seconds
[2026-01-07T15:09:30.361+0000] {processor.py:161} INFO - Started process (PID=3025) to work on /opt/airflow/dags/daily_revenue_etl_dag.py
[2026-01-07T15:09:30.361+0000] {processor.py:830} INFO - Processing file /opt/airflow/dags/daily_revenue_etl_dag.py for tasks to queue
[2026-01-07T15:09:30.366+0000] {logging_mixin.py:188} INFO - [2026-01-07T15:09:30.366+0000] {dagbag.py:538} INFO - Filling up the DagBag from /opt/airflow/dags/daily_revenue_etl_dag.py
[2026-01-07T15:09:30.377+0000] {processor.py:840} INFO - DAG(s) 'daily_revenue_etl_dag' retrieved from /opt/airflow/dags/daily_revenue_etl_dag.py
[2026-01-07T15:09:30.392+0000] {logging_mixin.py:188} INFO - [2026-01-07T15:09:30.392+0000] {dag.py:3036} INFO - Sync 1 DAGs
[2026-01-07T15:09:30.404+0000] {logging_mixin.py:188} INFO - [2026-01-07T15:09:30.404+0000] {dag.py:3823} INFO - Setting next_dagrun for daily_revenue_etl_dag to 2026-01-07 00:00:00+00:00, run_after=2026-01-08 00:00:00+00:00
[2026-01-07T15:09:30.415+0000] {processor.py:183} INFO - Processing /opt/airflow/dags/daily_revenue_etl_dag.py took 0.056 seconds
[2026-01-07T15:09:30.439+0000] {processor.py:161} INFO - Started process (PID=3030) to work on /opt/airflow/dags/daily_revenue_etl_dag.py
[2026-01-07T15:09:30.440+0000] {processor.py:830} INFO - Processing file /opt/airflow/dags/daily_revenue_etl_dag.py for tasks to queue
[2026-01-07T15:09:30.440+0000] {logging_mixin.py:188} INFO - [2026-01-07T15:09:30.440+0000] {dagbag.py:538} INFO - Filling up the DagBag from /opt/airflow/dags/daily_revenue_etl_dag.py
[2026-01-07T15:09:30.453+0000] {processor.py:840} INFO - DAG(s) 'daily_revenue_etl_dag' retrieved from /opt/airflow/dags/daily_revenue_etl_dag.py
[2026-01-07T15:09:30.468+0000] {logging_mixin.py:188} INFO - [2026-01-07T15:09:30.468+0000] {dag.py:3036} INFO - Sync 1 DAGs
[2026-01-07T15:09:30.481+0000] {logging_mixin.py:188} INFO - [2026-01-07T15:09:30.481+0000] {dag.py:3823} INFO - Setting next_dagrun for daily_revenue_etl_dag to 2026-01-07 00:00:00+00:00, run_after=2026-01-08 00:00:00+00:00
[2026-01-07T15:09:30.491+0000] {processor.py:183} INFO - Processing /opt/airflow/dags/daily_revenue_etl_dag.py took 0.055 seconds
[2026-01-07T15:09:30.515+0000] {processor.py:161} INFO - Started process (PID=3035) to work on /opt/airflow/dags/daily_revenue_etl_dag.py
[2026-01-07T15:09:30.515+0000] {processor.py:830} INFO - Processing file /opt/airflow/dags/daily_revenue_etl_dag.py for tasks to queue
[2026-01-07T15:09:30.516+0000] {logging_mixin.py:188} INFO - [2026-01-07T15:09:30.516+0000] {dagbag.py:538} INFO - Filling up the DagBag from /opt/airflow/dags/daily_revenue_etl_dag.py
[2026-01-07T15:09:30.529+0000] {processor.py:840} INFO - DAG(s) 'daily_revenue_etl_dag' retrieved from /opt/airflow/dags/daily_revenue_etl_dag.py
[2026-01-07T15:09:30.543+0000] {logging_mixin.py:188} INFO - [2026-01-07T15:09:30.543+0000] {dag.py:3036} INFO - Sync 1 DAGs
[2026-01-07T15:09:30.556+0000] {logging_mixin.py:188} INFO - [2026-01-07T15:09:30.556+0000] {dag.py:3823} INFO - Setting next_dagrun for daily_revenue_etl_dag to 2026-01-07 00:00:00+00:00, run_after=2026-01-08 00:00:00+00:00
[2026-01-07T15:09:30.566+0000] {processor.py:183} INFO - Processing /opt/airflow/dags/daily_revenue_etl_dag.py took 0.054 seconds
[2026-01-07T15:09:30.586+0000] {processor.py:161} INFO - Started process (PID=3040) to work on /opt/airflow/dags/daily_revenue_etl_dag.py
[2026-01-07T15:09:30.587+0000] {processor.py:830} INFO - Processing file /opt/airflow/dags/daily_revenue_etl_dag.py for tasks to queue
[2026-01-07T15:09:30.588+0000] {logging_mixin.py:188} INFO - [2026-01-07T15:09:30.587+0000] {dagbag.py:538} INFO - Filling up the DagBag from /opt/airflow/dags/daily_revenue_etl_dag.py
[2026-01-07T15:09:30.599+0000] {processor.py:840} INFO - DAG(s) 'daily_revenue_etl_dag' retrieved from /opt/airflow/dags/daily_revenue_etl_dag.py
[2026-01-07T15:09:30.613+0000] {logging_mixin.py:188} INFO - [2026-01-07T15:09:30.613+0000] {dag.py:3036} INFO - Sync 1 DAGs
[2026-01-07T15:09:30.626+0000] {logging_mixin.py:188} INFO - [2026-01-07T15:09:30.625+0000] {dag.py:3823} INFO - Setting next_dagrun for daily_revenue_etl_dag to 2026-01-07 00:00:00+00:00, run_after=2026-01-08 00:00:00+00:00
[2026-01-07T15:09:30.636+0000] {processor.py:183} INFO - Processing /opt/airflow/dags/daily_revenue_etl_dag.py took 0.052 seconds
[2026-01-07T15:09:30.658+0000] {processor.py:161} INFO - Started process (PID=3045) to work on /opt/airflow/dags/daily_revenue_etl_dag.py
[2026-01-07T15:09:30.659+0000] {processor.py:830} INFO - Processing file /opt/airflow/dags/daily_revenue_etl_dag.py for tasks to queue
[2026-01-07T15:09:30.660+0000] {logging_mixin.py:188} INFO - [2026-01-07T15:09:30.660+0000] {dagbag.py:538} INFO - Filling up the DagBag from /opt/airflow/dags/daily_revenue_etl_dag.py
[2026-01-07T15:09:30.671+0000] {processor.py:840} INFO - DAG(s) 'daily_revenue_etl_dag' retrieved from /opt/airflow/dags/daily_revenue_etl_dag.py
[2026-01-07T15:09:30.686+0000] {logging_mixin.py:188} INFO - [2026-01-07T15:09:30.686+0000] {dag.py:3036} INFO - Sync 1 DAGs
[2026-01-07T15:09:30.698+0000] {logging_mixin.py:188} INFO - [2026-01-07T15:09:30.698+0000] {dag.py:3823} INFO - Setting next_dagrun for daily_revenue_etl_dag to 2026-01-07 00:00:00+00:00, run_after=2026-01-08 00:00:00+00:00
[2026-01-07T15:09:30.709+0000] {processor.py:183} INFO - Processing /opt/airflow/dags/daily_revenue_etl_dag.py took 0.053 seconds
[2026-01-07T15:09:30.729+0000] {processor.py:161} INFO - Started process (PID=3050) to work on /opt/airflow/dags/daily_revenue_etl_dag.py
[2026-01-07T15:09:30.730+0000] {processor.py:830} INFO - Processing file /opt/airflow/dags/daily_revenue_etl_dag.py for tasks to queue
[2026-01-07T15:09:30.731+0000] {logging_mixin.py:188} INFO - [2026-01-07T15:09:30.731+0000] {dagbag.py:538} INFO - Filling up the DagBag from /opt/airflow/dags/daily_revenue_etl_dag.py
[2026-01-07T15:09:30.743+0000] {processor.py:840} INFO - DAG(s) 'daily_revenue_etl_dag' retrieved from /opt/airflow/dags/daily_revenue_etl_dag.py
[2026-01-07T15:09:30.759+0000] {logging_mixin.py:188} INFO - [2026-01-07T15:09:30.759+0000] {dag.py:3036} INFO - Sync 1 DAGs
[2026-01-07T15:09:30.772+0000] {logging_mixin.py:188} INFO - [2026-01-07T15:09:30.771+0000] {dag.py:3823} INFO - Setting next_dagrun for daily_revenue_etl_dag to 2026-01-07 00:00:00+00:00, run_after=2026-01-08 00:00:00+00:00
[2026-01-07T15:09:30.782+0000] {processor.py:183} INFO - Processing /opt/airflow/dags/daily_revenue_etl_dag.py took 0.054 seconds
[2026-01-07T15:09:30.804+0000] {processor.py:161} INFO - Started process (PID=3055) to work on /opt/airflow/dags/daily_revenue_etl_dag.py
[2026-01-07T15:09:30.805+0000] {processor.py:830} INFO - Processing file /opt/airflow/dags/daily_revenue_etl_dag.py for tasks to queue
[2026-01-07T15:09:30.806+0000] {logging_mixin.py:188} INFO - [2026-01-07T15:09:30.806+0000] {dagbag.py:538} INFO - Filling up the DagBag from /opt/airflow/dags/daily_revenue_etl_dag.py
[2026-01-07T15:09:30.819+0000] {processor.py:840} INFO - DAG(s) 'daily_revenue_etl_dag' retrieved from /opt/airflow/dags/daily_revenue_etl_dag.py
[2026-01-07T15:09:30.834+0000] {logging_mixin.py:188} INFO - [2026-01-07T15:09:30.834+0000] {dag.py:3036} INFO - Sync 1 DAGs
[2026-01-07T15:09:30.846+0000] {logging_mixin.py:188} INFO - [2026-01-07T15:09:30.846+0000] {dag.py:3823} INFO - Setting next_dagrun for daily_revenue_etl_dag to 2026-01-07 00:00:00+00:00, run_after=2026-01-08 00:00:00+00:00
[2026-01-07T15:09:30.857+0000] {processor.py:183} INFO - Processing /opt/airflow/dags/daily_revenue_etl_dag.py took 0.055 seconds
[2026-01-07T15:09:30.880+0000] {processor.py:161} INFO - Started process (PID=3060) to work on /opt/airflow/dags/daily_revenue_etl_dag.py
[2026-01-07T15:09:30.881+0000] {processor.py:830} INFO - Processing file /opt/airflow/dags/daily_revenue_etl_dag.py for tasks to queue
[2026-01-07T15:09:30.881+0000] {logging_mixin.py:188} INFO - [2026-01-07T15:09:30.881+0000] {dagbag.py:538} INFO - Filling up the DagBag from /opt/airflow/dags/daily_revenue_etl_dag.py
[2026-01-07T15:09:30.893+0000] {processor.py:840} INFO - DAG(s) 'daily_revenue_etl_dag' retrieved from /opt/airflow/dags/daily_revenue_etl_dag.py
[2026-01-07T15:09:30.909+0000] {logging_mixin.py:188} INFO - [2026-01-07T15:09:30.908+0000] {dag.py:3036} INFO - Sync 1 DAGs
[2026-01-07T15:09:30.924+0000] {logging_mixin.py:188} INFO - [2026-01-07T15:09:30.923+0000] {dag.py:3823} INFO - Setting next_dagrun for daily_revenue_etl_dag to 2026-01-07 00:00:00+00:00, run_after=2026-01-08 00:00:00+00:00
[2026-01-07T15:09:30.934+0000] {processor.py:183} INFO - Processing /opt/airflow/dags/daily_revenue_etl_dag.py took 0.057 seconds
[2026-01-07T15:09:30.963+0000] {processor.py:161} INFO - Started process (PID=3065) to work on /opt/airflow/dags/daily_revenue_etl_dag.py
[2026-01-07T15:09:30.963+0000] {processor.py:830} INFO - Processing file /opt/airflow/dags/daily_revenue_etl_dag.py for tasks to queue
[2026-01-07T15:09:30.964+0000] {logging_mixin.py:188} INFO - [2026-01-07T15:09:30.964+0000] {dagbag.py:538} INFO - Filling up the DagBag from /opt/airflow/dags/daily_revenue_etl_dag.py
[2026-01-07T15:09:30.977+0000] {processor.py:840} INFO - DAG(s) 'daily_revenue_etl_dag' retrieved from /opt/airflow/dags/daily_revenue_etl_dag.py
[2026-01-07T15:09:30.994+0000] {logging_mixin.py:188} INFO - [2026-01-07T15:09:30.994+0000] {dag.py:3036} INFO - Sync 1 DAGs
[2026-01-07T15:09:31.007+0000] {logging_mixin.py:188} INFO - [2026-01-07T15:09:31.007+0000] {dag.py:3823} INFO - Setting next_dagrun for daily_revenue_etl_dag to 2026-01-07 00:00:00+00:00, run_after=2026-01-08 00:00:00+00:00
[2026-01-07T15:09:31.018+0000] {processor.py:183} INFO - Processing /opt/airflow/dags/daily_revenue_etl_dag.py took 0.058 seconds
[2026-01-07T15:09:31.042+0000] {processor.py:161} INFO - Started process (PID=3070) to work on /opt/airflow/dags/daily_revenue_etl_dag.py
[2026-01-07T15:09:31.042+0000] {processor.py:830} INFO - Processing file /opt/airflow/dags/daily_revenue_etl_dag.py for tasks to queue
[2026-01-07T15:09:31.043+0000] {logging_mixin.py:188} INFO - [2026-01-07T15:09:31.043+0000] {dagbag.py:538} INFO - Filling up the DagBag from /opt/airflow/dags/daily_revenue_etl_dag.py
[2026-01-07T15:09:31.057+0000] {processor.py:840} INFO - DAG(s) 'daily_revenue_etl_dag' retrieved from /opt/airflow/dags/daily_revenue_etl_dag.py
[2026-01-07T15:09:31.072+0000] {logging_mixin.py:188} INFO - [2026-01-07T15:09:31.072+0000] {dag.py:3036} INFO - Sync 1 DAGs
[2026-01-07T15:09:31.085+0000] {logging_mixin.py:188} INFO - [2026-01-07T15:09:31.085+0000] {dag.py:3823} INFO - Setting next_dagrun for daily_revenue_etl_dag to 2026-01-07 00:00:00+00:00, run_after=2026-01-08 00:00:00+00:00
[2026-01-07T15:09:31.096+0000] {processor.py:183} INFO - Processing /opt/airflow/dags/daily_revenue_etl_dag.py took 0.056 seconds
[2026-01-07T15:09:31.117+0000] {processor.py:161} INFO - Started process (PID=3075) to work on /opt/airflow/dags/daily_revenue_etl_dag.py
[2026-01-07T15:09:31.118+0000] {processor.py:830} INFO - Processing file /opt/airflow/dags/daily_revenue_etl_dag.py for tasks to queue
[2026-01-07T15:09:31.119+0000] {logging_mixin.py:188} INFO - [2026-01-07T15:09:31.118+0000] {dagbag.py:538} INFO - Filling up the DagBag from /opt/airflow/dags/daily_revenue_etl_dag.py
[2026-01-07T15:09:31.132+0000] {processor.py:840} INFO - DAG(s) 'daily_revenue_etl_dag' retrieved from /opt/airflow/dags/daily_revenue_etl_dag.py
[2026-01-07T15:09:31.150+0000] {logging_mixin.py:188} INFO - [2026-01-07T15:09:31.150+0000] {dag.py:3036} INFO - Sync 1 DAGs
[2026-01-07T15:09:31.164+0000] {logging_mixin.py:188} INFO - [2026-01-07T15:09:31.164+0000] {dag.py:3823} INFO - Setting next_dagrun for daily_revenue_etl_dag to 2026-01-07 00:00:00+00:00, run_after=2026-01-08 00:00:00+00:00
[2026-01-07T15:09:31.175+0000] {processor.py:183} INFO - Processing /opt/airflow/dags/daily_revenue_etl_dag.py took 0.060 seconds
[2026-01-07T15:09:31.199+0000] {processor.py:161} INFO - Started process (PID=3080) to work on /opt/airflow/dags/daily_revenue_etl_dag.py
[2026-01-07T15:09:31.199+0000] {processor.py:830} INFO - Processing file /opt/airflow/dags/daily_revenue_etl_dag.py for tasks to queue
[2026-01-07T15:09:31.200+0000] {logging_mixin.py:188} INFO - [2026-01-07T15:09:31.200+0000] {dagbag.py:538} INFO - Filling up the DagBag from /opt/airflow/dags/daily_revenue_etl_dag.py
[2026-01-07T15:09:31.214+0000] {processor.py:840} INFO - DAG(s) 'daily_revenue_etl_dag' retrieved from /opt/airflow/dags/daily_revenue_etl_dag.py
[2026-01-07T15:09:31.230+0000] {logging_mixin.py:188} INFO - [2026-01-07T15:09:31.230+0000] {dag.py:3036} INFO - Sync 1 DAGs
[2026-01-07T15:09:31.243+0000] {logging_mixin.py:188} INFO - [2026-01-07T15:09:31.243+0000] {dag.py:3823} INFO - Setting next_dagrun for daily_revenue_etl_dag to 2026-01-07 00:00:00+00:00, run_after=2026-01-08 00:00:00+00:00
[2026-01-07T15:09:31.254+0000] {processor.py:183} INFO - Processing /opt/airflow/dags/daily_revenue_etl_dag.py took 0.057 seconds
[2026-01-07T15:09:31.278+0000] {processor.py:161} INFO - Started process (PID=3085) to work on /opt/airflow/dags/daily_revenue_etl_dag.py
[2026-01-07T15:09:31.279+0000] {processor.py:830} INFO - Processing file /opt/airflow/dags/daily_revenue_etl_dag.py for tasks to queue
[2026-01-07T15:09:31.280+0000] {logging_mixin.py:188} INFO - [2026-01-07T15:09:31.279+0000] {dagbag.py:538} INFO - Filling up the DagBag from /opt/airflow/dags/daily_revenue_etl_dag.py
[2026-01-07T15:09:31.293+0000] {processor.py:840} INFO - DAG(s) 'daily_revenue_etl_dag' retrieved from /opt/airflow/dags/daily_revenue_etl_dag.py
[2026-01-07T15:09:31.309+0000] {logging_mixin.py:188} INFO - [2026-01-07T15:09:31.309+0000] {dag.py:3036} INFO - Sync 1 DAGs
[2026-01-07T15:09:31.323+0000] {logging_mixin.py:188} INFO - [2026-01-07T15:09:31.323+0000] {dag.py:3823} INFO - Setting next_dagrun for daily_revenue_etl_dag to 2026-01-07 00:00:00+00:00, run_after=2026-01-08 00:00:00+00:00
[2026-01-07T15:09:31.334+0000] {processor.py:183} INFO - Processing /opt/airflow/dags/daily_revenue_etl_dag.py took 0.060 seconds
[2026-01-07T15:09:31.356+0000] {processor.py:161} INFO - Started process (PID=3090) to work on /opt/airflow/dags/daily_revenue_etl_dag.py
[2026-01-07T15:09:31.356+0000] {processor.py:830} INFO - Processing file /opt/airflow/dags/daily_revenue_etl_dag.py for tasks to queue
[2026-01-07T15:09:31.357+0000] {logging_mixin.py:188} INFO - [2026-01-07T15:09:31.357+0000] {dagbag.py:538} INFO - Filling up the DagBag from /opt/airflow/dags/daily_revenue_etl_dag.py
[2026-01-07T15:09:31.371+0000] {processor.py:840} INFO - DAG(s) 'daily_revenue_etl_dag' retrieved from /opt/airflow/dags/daily_revenue_etl_dag.py
[2026-01-07T15:09:31.386+0000] {logging_mixin.py:188} INFO - [2026-01-07T15:09:31.386+0000] {dag.py:3036} INFO - Sync 1 DAGs
[2026-01-07T15:09:31.400+0000] {logging_mixin.py:188} INFO - [2026-01-07T15:09:31.400+0000] {dag.py:3823} INFO - Setting next_dagrun for daily_revenue_etl_dag to 2026-01-07 00:00:00+00:00, run_after=2026-01-08 00:00:00+00:00
[2026-01-07T15:09:31.416+0000] {processor.py:183} INFO - Processing /opt/airflow/dags/daily_revenue_etl_dag.py took 0.062 seconds
[2026-01-07T15:09:31.514+0000] {processor.py:161} INFO - Started process (PID=3095) to work on /opt/airflow/dags/daily_revenue_etl_dag.py
[2026-01-07T15:09:31.515+0000] {processor.py:830} INFO - Processing file /opt/airflow/dags/daily_revenue_etl_dag.py for tasks to queue
[2026-01-07T15:09:31.516+0000] {logging_mixin.py:188} INFO - [2026-01-07T15:09:31.516+0000] {dagbag.py:538} INFO - Filling up the DagBag from /opt/airflow/dags/daily_revenue_etl_dag.py
[2026-01-07T15:09:31.536+0000] {processor.py:840} INFO - DAG(s) 'daily_revenue_etl_dag' retrieved from /opt/airflow/dags/daily_revenue_etl_dag.py
[2026-01-07T15:09:31.553+0000] {logging_mixin.py:188} INFO - [2026-01-07T15:09:31.553+0000] {dag.py:3036} INFO - Sync 1 DAGs
[2026-01-07T15:09:31.568+0000] {logging_mixin.py:188} INFO - [2026-01-07T15:09:31.568+0000] {dag.py:3823} INFO - Setting next_dagrun for daily_revenue_etl_dag to 2026-01-07 00:00:00+00:00, run_after=2026-01-08 00:00:00+00:00
[2026-01-07T15:09:31.578+0000] {processor.py:183} INFO - Processing /opt/airflow/dags/daily_revenue_etl_dag.py took 0.067 seconds
[2026-01-07T15:09:31.600+0000] {processor.py:161} INFO - Started process (PID=3100) to work on /opt/airflow/dags/daily_revenue_etl_dag.py
[2026-01-07T15:09:31.601+0000] {processor.py:830} INFO - Processing file /opt/airflow/dags/daily_revenue_etl_dag.py for tasks to queue
[2026-01-07T15:09:31.601+0000] {logging_mixin.py:188} INFO - [2026-01-07T15:09:31.601+0000] {dagbag.py:538} INFO - Filling up the DagBag from /opt/airflow/dags/daily_revenue_etl_dag.py
[2026-01-07T15:09:31.613+0000] {processor.py:840} INFO - DAG(s) 'daily_revenue_etl_dag' retrieved from /opt/airflow/dags/daily_revenue_etl_dag.py
[2026-01-07T15:09:31.629+0000] {logging_mixin.py:188} INFO - [2026-01-07T15:09:31.629+0000] {dag.py:3036} INFO - Sync 1 DAGs
[2026-01-07T15:09:31.642+0000] {logging_mixin.py:188} INFO - [2026-01-07T15:09:31.641+0000] {dag.py:3823} INFO - Setting next_dagrun for daily_revenue_etl_dag to 2026-01-07 00:00:00+00:00, run_after=2026-01-08 00:00:00+00:00
[2026-01-07T15:09:31.651+0000] {processor.py:183} INFO - Processing /opt/airflow/dags/daily_revenue_etl_dag.py took 0.054 seconds
[2026-01-07T15:09:31.672+0000] {processor.py:161} INFO - Started process (PID=3105) to work on /opt/airflow/dags/daily_revenue_etl_dag.py
[2026-01-07T15:09:31.673+0000] {processor.py:830} INFO - Processing file /opt/airflow/dags/daily_revenue_etl_dag.py for tasks to queue
[2026-01-07T15:09:31.673+0000] {logging_mixin.py:188} INFO - [2026-01-07T15:09:31.673+0000] {dagbag.py:538} INFO - Filling up the DagBag from /opt/airflow/dags/daily_revenue_etl_dag.py
[2026-01-07T15:09:31.684+0000] {processor.py:840} INFO - DAG(s) 'daily_revenue_etl_dag' retrieved from /opt/airflow/dags/daily_revenue_etl_dag.py
[2026-01-07T15:09:31.699+0000] {logging_mixin.py:188} INFO - [2026-01-07T15:09:31.699+0000] {dag.py:3036} INFO - Sync 1 DAGs
[2026-01-07T15:09:31.712+0000] {logging_mixin.py:188} INFO - [2026-01-07T15:09:31.712+0000] {dag.py:3823} INFO - Setting next_dagrun for daily_revenue_etl_dag to 2026-01-07 00:00:00+00:00, run_after=2026-01-08 00:00:00+00:00
[2026-01-07T15:09:31.723+0000] {processor.py:183} INFO - Processing /opt/airflow/dags/daily_revenue_etl_dag.py took 0.053 seconds
[2026-01-07T15:09:31.744+0000] {processor.py:161} INFO - Started process (PID=3110) to work on /opt/airflow/dags/daily_revenue_etl_dag.py
[2026-01-07T15:09:31.744+0000] {processor.py:830} INFO - Processing file /opt/airflow/dags/daily_revenue_etl_dag.py for tasks to queue
[2026-01-07T15:09:31.745+0000] {logging_mixin.py:188} INFO - [2026-01-07T15:09:31.745+0000] {dagbag.py:538} INFO - Filling up the DagBag from /opt/airflow/dags/daily_revenue_etl_dag.py
[2026-01-07T15:09:31.756+0000] {processor.py:840} INFO - DAG(s) 'daily_revenue_etl_dag' retrieved from /opt/airflow/dags/daily_revenue_etl_dag.py
[2026-01-07T15:09:31.772+0000] {logging_mixin.py:188} INFO - [2026-01-07T15:09:31.771+0000] {dag.py:3036} INFO - Sync 1 DAGs
[2026-01-07T15:09:31.784+0000] {logging_mixin.py:188} INFO - [2026-01-07T15:09:31.784+0000] {dag.py:3823} INFO - Setting next_dagrun for daily_revenue_etl_dag to 2026-01-07 00:00:00+00:00, run_after=2026-01-08 00:00:00+00:00
[2026-01-07T15:09:31.795+0000] {processor.py:183} INFO - Processing /opt/airflow/dags/daily_revenue_etl_dag.py took 0.053 seconds
[2026-01-07T15:11:56.593+0000] {processor.py:161} INFO - Started process (PID=3115) to work on /opt/airflow/dags/daily_revenue_etl_dag.py
[2026-01-07T15:11:56.593+0000] {processor.py:830} INFO - Processing file /opt/airflow/dags/daily_revenue_etl_dag.py for tasks to queue
[2026-01-07T15:11:56.594+0000] {logging_mixin.py:188} INFO - [2026-01-07T15:11:56.594+0000] {dagbag.py:538} INFO - Filling up the DagBag from /opt/airflow/dags/daily_revenue_etl_dag.py
[2026-01-07T15:11:56.606+0000] {processor.py:840} INFO - DAG(s) 'daily_revenue_etl_dag' retrieved from /opt/airflow/dags/daily_revenue_etl_dag.py
[2026-01-07T15:11:56.621+0000] {logging_mixin.py:188} INFO - [2026-01-07T15:11:56.621+0000] {dag.py:3036} INFO - Sync 1 DAGs
[2026-01-07T15:11:56.634+0000] {logging_mixin.py:188} INFO - [2026-01-07T15:11:56.634+0000] {dag.py:3823} INFO - Setting next_dagrun for daily_revenue_etl_dag to 2026-01-07 00:00:00+00:00, run_after=2026-01-08 00:00:00+00:00
[2026-01-07T15:11:56.644+0000] {processor.py:183} INFO - Processing /opt/airflow/dags/daily_revenue_etl_dag.py took 0.054 seconds
[2026-01-07T15:12:26.802+0000] {processor.py:161} INFO - Started process (PID=3120) to work on /opt/airflow/dags/daily_revenue_etl_dag.py
[2026-01-07T15:12:26.803+0000] {processor.py:830} INFO - Processing file /opt/airflow/dags/daily_revenue_etl_dag.py for tasks to queue
[2026-01-07T15:12:26.804+0000] {logging_mixin.py:188} INFO - [2026-01-07T15:12:26.804+0000] {dagbag.py:538} INFO - Filling up the DagBag from /opt/airflow/dags/daily_revenue_etl_dag.py
[2026-01-07T15:12:26.818+0000] {processor.py:840} INFO - DAG(s) 'daily_revenue_etl_dag' retrieved from /opt/airflow/dags/daily_revenue_etl_dag.py
[2026-01-07T15:12:26.835+0000] {logging_mixin.py:188} INFO - [2026-01-07T15:12:26.835+0000] {dag.py:3036} INFO - Sync 1 DAGs
[2026-01-07T15:12:26.849+0000] {logging_mixin.py:188} INFO - [2026-01-07T15:12:26.849+0000] {dag.py:3823} INFO - Setting next_dagrun for daily_revenue_etl_dag to 2026-01-07 00:00:00+00:00, run_after=2026-01-08 00:00:00+00:00
[2026-01-07T15:12:26.861+0000] {processor.py:183} INFO - Processing /opt/airflow/dags/daily_revenue_etl_dag.py took 0.062 seconds
[2026-01-07T15:10:02.127+0000] {processor.py:161} INFO - Started process (PID=3125) to work on /opt/airflow/dags/daily_revenue_etl_dag.py
[2026-01-07T15:10:02.127+0000] {processor.py:830} INFO - Processing file /opt/airflow/dags/daily_revenue_etl_dag.py for tasks to queue
[2026-01-07T15:10:02.128+0000] {logging_mixin.py:188} INFO - [2026-01-07T15:10:02.128+0000] {dagbag.py:538} INFO - Filling up the DagBag from /opt/airflow/dags/daily_revenue_etl_dag.py
[2026-01-07T15:10:02.142+0000] {processor.py:840} INFO - DAG(s) 'daily_revenue_etl_dag' retrieved from /opt/airflow/dags/daily_revenue_etl_dag.py
[2026-01-07T15:10:02.160+0000] {logging_mixin.py:188} INFO - [2026-01-07T15:10:02.160+0000] {dag.py:3036} INFO - Sync 1 DAGs
[2026-01-07T15:10:02.175+0000] {logging_mixin.py:188} INFO - [2026-01-07T15:10:02.175+0000] {dag.py:3823} INFO - Setting next_dagrun for daily_revenue_etl_dag to 2026-01-07 00:00:00+00:00, run_after=2026-01-08 00:00:00+00:00
[2026-01-07T15:10:02.189+0000] {processor.py:183} INFO - Processing /opt/airflow/dags/daily_revenue_etl_dag.py took 0.064 seconds
[2026-01-07T15:10:02.216+0000] {processor.py:161} INFO - Started process (PID=3130) to work on /opt/airflow/dags/daily_revenue_etl_dag.py
[2026-01-07T15:10:02.217+0000] {processor.py:830} INFO - Processing file /opt/airflow/dags/daily_revenue_etl_dag.py for tasks to queue
[2026-01-07T15:10:02.217+0000] {logging_mixin.py:188} INFO - [2026-01-07T15:10:02.217+0000] {dagbag.py:538} INFO - Filling up the DagBag from /opt/airflow/dags/daily_revenue_etl_dag.py
[2026-01-07T15:10:02.234+0000] {processor.py:840} INFO - DAG(s) 'daily_revenue_etl_dag' retrieved from /opt/airflow/dags/daily_revenue_etl_dag.py
[2026-01-07T15:10:02.256+0000] {logging_mixin.py:188} INFO - [2026-01-07T15:10:02.256+0000] {dag.py:3036} INFO - Sync 1 DAGs
[2026-01-07T15:10:02.271+0000] {logging_mixin.py:188} INFO - [2026-01-07T15:10:02.271+0000] {dag.py:3823} INFO - Setting next_dagrun for daily_revenue_etl_dag to 2026-01-07 00:00:00+00:00, run_after=2026-01-08 00:00:00+00:00
[2026-01-07T15:10:02.284+0000] {processor.py:183} INFO - Processing /opt/airflow/dags/daily_revenue_etl_dag.py took 0.071 seconds
[2026-01-07T15:10:02.312+0000] {processor.py:161} INFO - Started process (PID=3135) to work on /opt/airflow/dags/daily_revenue_etl_dag.py
[2026-01-07T15:10:02.313+0000] {processor.py:830} INFO - Processing file /opt/airflow/dags/daily_revenue_etl_dag.py for tasks to queue
[2026-01-07T15:10:02.314+0000] {logging_mixin.py:188} INFO - [2026-01-07T15:10:02.313+0000] {dagbag.py:538} INFO - Filling up the DagBag from /opt/airflow/dags/daily_revenue_etl_dag.py
[2026-01-07T15:10:02.327+0000] {processor.py:840} INFO - DAG(s) 'daily_revenue_etl_dag' retrieved from /opt/airflow/dags/daily_revenue_etl_dag.py
[2026-01-07T15:10:02.343+0000] {logging_mixin.py:188} INFO - [2026-01-07T15:10:02.343+0000] {dag.py:3036} INFO - Sync 1 DAGs
[2026-01-07T15:10:02.358+0000] {logging_mixin.py:188} INFO - [2026-01-07T15:10:02.358+0000] {dag.py:3823} INFO - Setting next_dagrun for daily_revenue_etl_dag to 2026-01-07 00:00:00+00:00, run_after=2026-01-08 00:00:00+00:00
[2026-01-07T15:10:02.371+0000] {processor.py:183} INFO - Processing /opt/airflow/dags/daily_revenue_etl_dag.py took 0.062 seconds
[2026-01-07T15:10:02.397+0000] {processor.py:161} INFO - Started process (PID=3140) to work on /opt/airflow/dags/daily_revenue_etl_dag.py
[2026-01-07T15:10:02.398+0000] {processor.py:830} INFO - Processing file /opt/airflow/dags/daily_revenue_etl_dag.py for tasks to queue
[2026-01-07T15:10:02.399+0000] {logging_mixin.py:188} INFO - [2026-01-07T15:10:02.398+0000] {dagbag.py:538} INFO - Filling up the DagBag from /opt/airflow/dags/daily_revenue_etl_dag.py
[2026-01-07T15:10:02.411+0000] {processor.py:840} INFO - DAG(s) 'daily_revenue_etl_dag' retrieved from /opt/airflow/dags/daily_revenue_etl_dag.py
[2026-01-07T15:10:02.427+0000] {logging_mixin.py:188} INFO - [2026-01-07T15:10:02.427+0000] {dag.py:3036} INFO - Sync 1 DAGs
[2026-01-07T15:10:02.441+0000] {logging_mixin.py:188} INFO - [2026-01-07T15:10:02.441+0000] {dag.py:3823} INFO - Setting next_dagrun for daily_revenue_etl_dag to 2026-01-07 00:00:00+00:00, run_after=2026-01-08 00:00:00+00:00
[2026-01-07T15:10:02.453+0000] {processor.py:183} INFO - Processing /opt/airflow/dags/daily_revenue_etl_dag.py took 0.059 seconds
[2026-01-07T15:10:02.476+0000] {processor.py:161} INFO - Started process (PID=3145) to work on /opt/airflow/dags/daily_revenue_etl_dag.py
[2026-01-07T15:10:02.477+0000] {processor.py:830} INFO - Processing file /opt/airflow/dags/daily_revenue_etl_dag.py for tasks to queue
[2026-01-07T15:10:02.477+0000] {logging_mixin.py:188} INFO - [2026-01-07T15:10:02.477+0000] {dagbag.py:538} INFO - Filling up the DagBag from /opt/airflow/dags/daily_revenue_etl_dag.py
[2026-01-07T15:10:02.489+0000] {processor.py:840} INFO - DAG(s) 'daily_revenue_etl_dag' retrieved from /opt/airflow/dags/daily_revenue_etl_dag.py
[2026-01-07T15:10:02.507+0000] {logging_mixin.py:188} INFO - [2026-01-07T15:10:02.507+0000] {dag.py:3036} INFO - Sync 1 DAGs
[2026-01-07T15:10:02.523+0000] {logging_mixin.py:188} INFO - [2026-01-07T15:10:02.523+0000] {dag.py:3823} INFO - Setting next_dagrun for daily_revenue_etl_dag to 2026-01-07 00:00:00+00:00, run_after=2026-01-08 00:00:00+00:00
[2026-01-07T15:10:02.537+0000] {processor.py:183} INFO - Processing /opt/airflow/dags/daily_revenue_etl_dag.py took 0.063 seconds
[2026-01-07T15:10:02.562+0000] {processor.py:161} INFO - Started process (PID=3150) to work on /opt/airflow/dags/daily_revenue_etl_dag.py
[2026-01-07T15:10:02.563+0000] {processor.py:830} INFO - Processing file /opt/airflow/dags/daily_revenue_etl_dag.py for tasks to queue
[2026-01-07T15:10:02.564+0000] {logging_mixin.py:188} INFO - [2026-01-07T15:10:02.564+0000] {dagbag.py:538} INFO - Filling up the DagBag from /opt/airflow/dags/daily_revenue_etl_dag.py
[2026-01-07T15:10:02.576+0000] {processor.py:840} INFO - DAG(s) 'daily_revenue_etl_dag' retrieved from /opt/airflow/dags/daily_revenue_etl_dag.py
[2026-01-07T15:10:02.594+0000] {logging_mixin.py:188} INFO - [2026-01-07T15:10:02.594+0000] {dag.py:3036} INFO - Sync 1 DAGs
[2026-01-07T15:10:02.612+0000] {logging_mixin.py:188} INFO - [2026-01-07T15:10:02.612+0000] {dag.py:3823} INFO - Setting next_dagrun for daily_revenue_etl_dag to 2026-01-07 00:00:00+00:00, run_after=2026-01-08 00:00:00+00:00
[2026-01-07T15:10:02.623+0000] {processor.py:183} INFO - Processing /opt/airflow/dags/daily_revenue_etl_dag.py took 0.065 seconds
[2026-01-07T15:10:02.646+0000] {processor.py:161} INFO - Started process (PID=3155) to work on /opt/airflow/dags/daily_revenue_etl_dag.py
[2026-01-07T15:10:02.647+0000] {processor.py:830} INFO - Processing file /opt/airflow/dags/daily_revenue_etl_dag.py for tasks to queue
[2026-01-07T15:10:02.648+0000] {logging_mixin.py:188} INFO - [2026-01-07T15:10:02.647+0000] {dagbag.py:538} INFO - Filling up the DagBag from /opt/airflow/dags/daily_revenue_etl_dag.py
[2026-01-07T15:10:02.659+0000] {processor.py:840} INFO - DAG(s) 'daily_revenue_etl_dag' retrieved from /opt/airflow/dags/daily_revenue_etl_dag.py
[2026-01-07T15:10:02.676+0000] {logging_mixin.py:188} INFO - [2026-01-07T15:10:02.676+0000] {dag.py:3036} INFO - Sync 1 DAGs
[2026-01-07T15:10:02.690+0000] {logging_mixin.py:188} INFO - [2026-01-07T15:10:02.689+0000] {dag.py:3823} INFO - Setting next_dagrun for daily_revenue_etl_dag to 2026-01-07 00:00:00+00:00, run_after=2026-01-08 00:00:00+00:00
[2026-01-07T15:10:02.704+0000] {processor.py:183} INFO - Processing /opt/airflow/dags/daily_revenue_etl_dag.py took 0.060 seconds
[2026-01-07T15:10:02.726+0000] {processor.py:161} INFO - Started process (PID=3160) to work on /opt/airflow/dags/daily_revenue_etl_dag.py
[2026-01-07T15:10:02.726+0000] {processor.py:830} INFO - Processing file /opt/airflow/dags/daily_revenue_etl_dag.py for tasks to queue
[2026-01-07T15:10:02.727+0000] {logging_mixin.py:188} INFO - [2026-01-07T15:10:02.727+0000] {dagbag.py:538} INFO - Filling up the DagBag from /opt/airflow/dags/daily_revenue_etl_dag.py
[2026-01-07T15:10:02.739+0000] {processor.py:840} INFO - DAG(s) 'daily_revenue_etl_dag' retrieved from /opt/airflow/dags/daily_revenue_etl_dag.py
[2026-01-07T15:10:02.754+0000] {logging_mixin.py:188} INFO - [2026-01-07T15:10:02.754+0000] {dag.py:3036} INFO - Sync 1 DAGs
[2026-01-07T15:10:02.768+0000] {logging_mixin.py:188} INFO - [2026-01-07T15:10:02.768+0000] {dag.py:3823} INFO - Setting next_dagrun for daily_revenue_etl_dag to 2026-01-07 00:00:00+00:00, run_after=2026-01-08 00:00:00+00:00
[2026-01-07T15:10:02.778+0000] {processor.py:183} INFO - Processing /opt/airflow/dags/daily_revenue_etl_dag.py took 0.055 seconds
[2026-01-07T15:10:02.799+0000] {processor.py:161} INFO - Started process (PID=3165) to work on /opt/airflow/dags/daily_revenue_etl_dag.py
[2026-01-07T15:10:02.800+0000] {processor.py:830} INFO - Processing file /opt/airflow/dags/daily_revenue_etl_dag.py for tasks to queue
[2026-01-07T15:10:02.800+0000] {logging_mixin.py:188} INFO - [2026-01-07T15:10:02.800+0000] {dagbag.py:538} INFO - Filling up the DagBag from /opt/airflow/dags/daily_revenue_etl_dag.py
[2026-01-07T15:10:02.811+0000] {processor.py:840} INFO - DAG(s) 'daily_revenue_etl_dag' retrieved from /opt/airflow/dags/daily_revenue_etl_dag.py
[2026-01-07T15:10:02.827+0000] {logging_mixin.py:188} INFO - [2026-01-07T15:10:02.827+0000] {dag.py:3036} INFO - Sync 1 DAGs
[2026-01-07T15:10:02.840+0000] {logging_mixin.py:188} INFO - [2026-01-07T15:10:02.840+0000] {dag.py:3823} INFO - Setting next_dagrun for daily_revenue_etl_dag to 2026-01-07 00:00:00+00:00, run_after=2026-01-08 00:00:00+00:00
[2026-01-07T15:10:02.850+0000] {processor.py:183} INFO - Processing /opt/airflow/dags/daily_revenue_etl_dag.py took 0.054 seconds
[2026-01-07T15:10:02.873+0000] {processor.py:161} INFO - Started process (PID=3170) to work on /opt/airflow/dags/daily_revenue_etl_dag.py
[2026-01-07T15:10:02.873+0000] {processor.py:830} INFO - Processing file /opt/airflow/dags/daily_revenue_etl_dag.py for tasks to queue
[2026-01-07T15:10:02.874+0000] {logging_mixin.py:188} INFO - [2026-01-07T15:10:02.874+0000] {dagbag.py:538} INFO - Filling up the DagBag from /opt/airflow/dags/daily_revenue_etl_dag.py
[2026-01-07T15:10:02.887+0000] {processor.py:840} INFO - DAG(s) 'daily_revenue_etl_dag' retrieved from /opt/airflow/dags/daily_revenue_etl_dag.py
[2026-01-07T15:10:02.903+0000] {logging_mixin.py:188} INFO - [2026-01-07T15:10:02.903+0000] {dag.py:3036} INFO - Sync 1 DAGs
[2026-01-07T15:10:02.919+0000] {logging_mixin.py:188} INFO - [2026-01-07T15:10:02.918+0000] {dag.py:3823} INFO - Setting next_dagrun for daily_revenue_etl_dag to 2026-01-07 00:00:00+00:00, run_after=2026-01-08 00:00:00+00:00
[2026-01-07T15:10:02.931+0000] {processor.py:183} INFO - Processing /opt/airflow/dags/daily_revenue_etl_dag.py took 0.061 seconds
[2026-01-07T15:10:02.959+0000] {processor.py:161} INFO - Started process (PID=3175) to work on /opt/airflow/dags/daily_revenue_etl_dag.py
[2026-01-07T15:10:02.961+0000] {processor.py:830} INFO - Processing file /opt/airflow/dags/daily_revenue_etl_dag.py for tasks to queue
[2026-01-07T15:10:02.963+0000] {logging_mixin.py:188} INFO - [2026-01-07T15:10:02.963+0000] {dagbag.py:538} INFO - Filling up the DagBag from /opt/airflow/dags/daily_revenue_etl_dag.py
[2026-01-07T15:10:02.983+0000] {processor.py:840} INFO - DAG(s) 'daily_revenue_etl_dag' retrieved from /opt/airflow/dags/daily_revenue_etl_dag.py
[2026-01-07T15:10:03.000+0000] {logging_mixin.py:188} INFO - [2026-01-07T15:10:03.000+0000] {dag.py:3036} INFO - Sync 1 DAGs
[2026-01-07T15:10:03.016+0000] {logging_mixin.py:188} INFO - [2026-01-07T15:10:03.016+0000] {dag.py:3823} INFO - Setting next_dagrun for daily_revenue_etl_dag to 2026-01-07 00:00:00+00:00, run_after=2026-01-08 00:00:00+00:00
[2026-01-07T15:10:03.029+0000] {processor.py:183} INFO - Processing /opt/airflow/dags/daily_revenue_etl_dag.py took 0.074 seconds
[2026-01-07T15:10:03.052+0000] {processor.py:161} INFO - Started process (PID=3180) to work on /opt/airflow/dags/daily_revenue_etl_dag.py
[2026-01-07T15:10:03.053+0000] {processor.py:830} INFO - Processing file /opt/airflow/dags/daily_revenue_etl_dag.py for tasks to queue
[2026-01-07T15:10:03.054+0000] {logging_mixin.py:188} INFO - [2026-01-07T15:10:03.053+0000] {dagbag.py:538} INFO - Filling up the DagBag from /opt/airflow/dags/daily_revenue_etl_dag.py
[2026-01-07T15:10:03.066+0000] {processor.py:840} INFO - DAG(s) 'daily_revenue_etl_dag' retrieved from /opt/airflow/dags/daily_revenue_etl_dag.py
[2026-01-07T15:10:03.084+0000] {logging_mixin.py:188} INFO - [2026-01-07T15:10:03.084+0000] {dag.py:3036} INFO - Sync 1 DAGs
[2026-01-07T15:10:03.099+0000] {logging_mixin.py:188} INFO - [2026-01-07T15:10:03.099+0000] {dag.py:3823} INFO - Setting next_dagrun for daily_revenue_etl_dag to 2026-01-07 00:00:00+00:00, run_after=2026-01-08 00:00:00+00:00
[2026-01-07T15:10:03.110+0000] {processor.py:183} INFO - Processing /opt/airflow/dags/daily_revenue_etl_dag.py took 0.060 seconds
[2026-01-07T15:10:03.131+0000] {processor.py:161} INFO - Started process (PID=3185) to work on /opt/airflow/dags/daily_revenue_etl_dag.py
[2026-01-07T15:10:03.132+0000] {processor.py:830} INFO - Processing file /opt/airflow/dags/daily_revenue_etl_dag.py for tasks to queue
[2026-01-07T15:10:03.133+0000] {logging_mixin.py:188} INFO - [2026-01-07T15:10:03.132+0000] {dagbag.py:538} INFO - Filling up the DagBag from /opt/airflow/dags/daily_revenue_etl_dag.py
[2026-01-07T15:10:03.145+0000] {processor.py:840} INFO - DAG(s) 'daily_revenue_etl_dag' retrieved from /opt/airflow/dags/daily_revenue_etl_dag.py
[2026-01-07T15:10:03.160+0000] {logging_mixin.py:188} INFO - [2026-01-07T15:10:03.160+0000] {dag.py:3036} INFO - Sync 1 DAGs
[2026-01-07T15:10:03.173+0000] {logging_mixin.py:188} INFO - [2026-01-07T15:10:03.173+0000] {dag.py:3823} INFO - Setting next_dagrun for daily_revenue_etl_dag to 2026-01-07 00:00:00+00:00, run_after=2026-01-08 00:00:00+00:00
[2026-01-07T15:10:03.184+0000] {processor.py:183} INFO - Processing /opt/airflow/dags/daily_revenue_etl_dag.py took 0.055 seconds
[2026-01-07T15:10:03.206+0000] {processor.py:161} INFO - Started process (PID=3190) to work on /opt/airflow/dags/daily_revenue_etl_dag.py
[2026-01-07T15:10:03.207+0000] {processor.py:830} INFO - Processing file /opt/airflow/dags/daily_revenue_etl_dag.py for tasks to queue
[2026-01-07T15:10:03.208+0000] {logging_mixin.py:188} INFO - [2026-01-07T15:10:03.207+0000] {dagbag.py:538} INFO - Filling up the DagBag from /opt/airflow/dags/daily_revenue_etl_dag.py
[2026-01-07T15:10:03.223+0000] {processor.py:840} INFO - DAG(s) 'daily_revenue_etl_dag' retrieved from /opt/airflow/dags/daily_revenue_etl_dag.py
[2026-01-07T15:10:03.241+0000] {logging_mixin.py:188} INFO - [2026-01-07T15:10:03.241+0000] {dag.py:3036} INFO - Sync 1 DAGs
[2026-01-07T15:10:03.258+0000] {logging_mixin.py:188} INFO - [2026-01-07T15:10:03.258+0000] {dag.py:3823} INFO - Setting next_dagrun for daily_revenue_etl_dag to 2026-01-07 00:00:00+00:00, run_after=2026-01-08 00:00:00+00:00
[2026-01-07T15:10:03.269+0000] {processor.py:183} INFO - Processing /opt/airflow/dags/daily_revenue_etl_dag.py took 0.066 seconds
[2026-01-07T15:10:03.299+0000] {processor.py:161} INFO - Started process (PID=3195) to work on /opt/airflow/dags/daily_revenue_etl_dag.py
[2026-01-07T15:10:03.300+0000] {processor.py:830} INFO - Processing file /opt/airflow/dags/daily_revenue_etl_dag.py for tasks to queue
[2026-01-07T15:10:03.301+0000] {logging_mixin.py:188} INFO - [2026-01-07T15:10:03.301+0000] {dagbag.py:538} INFO - Filling up the DagBag from /opt/airflow/dags/daily_revenue_etl_dag.py
[2026-01-07T15:10:03.315+0000] {processor.py:840} INFO - DAG(s) 'daily_revenue_etl_dag' retrieved from /opt/airflow/dags/daily_revenue_etl_dag.py
[2026-01-07T15:10:03.335+0000] {logging_mixin.py:188} INFO - [2026-01-07T15:10:03.335+0000] {dag.py:3036} INFO - Sync 1 DAGs
[2026-01-07T15:10:03.349+0000] {logging_mixin.py:188} INFO - [2026-01-07T15:10:03.349+0000] {dag.py:3823} INFO - Setting next_dagrun for daily_revenue_etl_dag to 2026-01-07 00:00:00+00:00, run_after=2026-01-08 00:00:00+00:00
[2026-01-07T15:10:03.363+0000] {processor.py:183} INFO - Processing /opt/airflow/dags/daily_revenue_etl_dag.py took 0.068 seconds
[2026-01-07T15:10:03.389+0000] {processor.py:161} INFO - Started process (PID=3200) to work on /opt/airflow/dags/daily_revenue_etl_dag.py
[2026-01-07T15:10:03.390+0000] {processor.py:830} INFO - Processing file /opt/airflow/dags/daily_revenue_etl_dag.py for tasks to queue
[2026-01-07T15:10:03.392+0000] {logging_mixin.py:188} INFO - [2026-01-07T15:10:03.392+0000] {dagbag.py:538} INFO - Filling up the DagBag from /opt/airflow/dags/daily_revenue_etl_dag.py
[2026-01-07T15:10:03.404+0000] {processor.py:840} INFO - DAG(s) 'daily_revenue_etl_dag' retrieved from /opt/airflow/dags/daily_revenue_etl_dag.py
[2026-01-07T15:10:03.421+0000] {logging_mixin.py:188} INFO - [2026-01-07T15:10:03.421+0000] {dag.py:3036} INFO - Sync 1 DAGs
[2026-01-07T15:10:03.440+0000] {logging_mixin.py:188} INFO - [2026-01-07T15:10:03.439+0000] {dag.py:3823} INFO - Setting next_dagrun for daily_revenue_etl_dag to 2026-01-07 00:00:00+00:00, run_after=2026-01-08 00:00:00+00:00
[2026-01-07T15:10:03.454+0000] {processor.py:183} INFO - Processing /opt/airflow/dags/daily_revenue_etl_dag.py took 0.068 seconds
[2026-01-07T15:10:03.481+0000] {processor.py:161} INFO - Started process (PID=3205) to work on /opt/airflow/dags/daily_revenue_etl_dag.py
[2026-01-07T15:10:03.482+0000] {processor.py:830} INFO - Processing file /opt/airflow/dags/daily_revenue_etl_dag.py for tasks to queue
[2026-01-07T15:10:03.482+0000] {logging_mixin.py:188} INFO - [2026-01-07T15:10:03.482+0000] {dagbag.py:538} INFO - Filling up the DagBag from /opt/airflow/dags/daily_revenue_etl_dag.py
[2026-01-07T15:10:03.495+0000] {processor.py:840} INFO - DAG(s) 'daily_revenue_etl_dag' retrieved from /opt/airflow/dags/daily_revenue_etl_dag.py
[2026-01-07T15:10:03.512+0000] {logging_mixin.py:188} INFO - [2026-01-07T15:10:03.512+0000] {dag.py:3036} INFO - Sync 1 DAGs
[2026-01-07T15:10:03.528+0000] {logging_mixin.py:188} INFO - [2026-01-07T15:10:03.528+0000] {dag.py:3823} INFO - Setting next_dagrun for daily_revenue_etl_dag to 2026-01-07 00:00:00+00:00, run_after=2026-01-08 00:00:00+00:00
[2026-01-07T15:10:03.540+0000] {processor.py:183} INFO - Processing /opt/airflow/dags/daily_revenue_etl_dag.py took 0.062 seconds
[2026-01-07T15:10:03.566+0000] {processor.py:161} INFO - Started process (PID=3210) to work on /opt/airflow/dags/daily_revenue_etl_dag.py
[2026-01-07T15:10:03.567+0000] {processor.py:830} INFO - Processing file /opt/airflow/dags/daily_revenue_etl_dag.py for tasks to queue
[2026-01-07T15:10:03.568+0000] {logging_mixin.py:188} INFO - [2026-01-07T15:10:03.567+0000] {dagbag.py:538} INFO - Filling up the DagBag from /opt/airflow/dags/daily_revenue_etl_dag.py
[2026-01-07T15:10:03.580+0000] {processor.py:840} INFO - DAG(s) 'daily_revenue_etl_dag' retrieved from /opt/airflow/dags/daily_revenue_etl_dag.py
[2026-01-07T15:10:03.599+0000] {logging_mixin.py:188} INFO - [2026-01-07T15:10:03.599+0000] {dag.py:3036} INFO - Sync 1 DAGs
[2026-01-07T15:10:03.613+0000] {logging_mixin.py:188} INFO - [2026-01-07T15:10:03.612+0000] {dag.py:3823} INFO - Setting next_dagrun for daily_revenue_etl_dag to 2026-01-07 00:00:00+00:00, run_after=2026-01-08 00:00:00+00:00
[2026-01-07T15:10:03.624+0000] {processor.py:183} INFO - Processing /opt/airflow/dags/daily_revenue_etl_dag.py took 0.060 seconds
[2026-01-07T15:10:03.647+0000] {processor.py:161} INFO - Started process (PID=3215) to work on /opt/airflow/dags/daily_revenue_etl_dag.py
[2026-01-07T15:10:03.648+0000] {processor.py:830} INFO - Processing file /opt/airflow/dags/daily_revenue_etl_dag.py for tasks to queue
[2026-01-07T15:10:03.648+0000] {logging_mixin.py:188} INFO - [2026-01-07T15:10:03.648+0000] {dagbag.py:538} INFO - Filling up the DagBag from /opt/airflow/dags/daily_revenue_etl_dag.py
[2026-01-07T15:10:03.659+0000] {processor.py:840} INFO - DAG(s) 'daily_revenue_etl_dag' retrieved from /opt/airflow/dags/daily_revenue_etl_dag.py
[2026-01-07T15:10:03.674+0000] {logging_mixin.py:188} INFO - [2026-01-07T15:10:03.674+0000] {dag.py:3036} INFO - Sync 1 DAGs
[2026-01-07T15:10:03.687+0000] {logging_mixin.py:188} INFO - [2026-01-07T15:10:03.687+0000] {dag.py:3823} INFO - Setting next_dagrun for daily_revenue_etl_dag to 2026-01-07 00:00:00+00:00, run_after=2026-01-08 00:00:00+00:00
[2026-01-07T15:10:03.698+0000] {processor.py:183} INFO - Processing /opt/airflow/dags/daily_revenue_etl_dag.py took 0.053 seconds
[2026-01-07T15:10:03.719+0000] {processor.py:161} INFO - Started process (PID=3220) to work on /opt/airflow/dags/daily_revenue_etl_dag.py
[2026-01-07T15:10:03.722+0000] {processor.py:830} INFO - Processing file /opt/airflow/dags/daily_revenue_etl_dag.py for tasks to queue
[2026-01-07T15:10:03.723+0000] {logging_mixin.py:188} INFO - [2026-01-07T15:10:03.722+0000] {dagbag.py:538} INFO - Filling up the DagBag from /opt/airflow/dags/daily_revenue_etl_dag.py
[2026-01-07T15:10:03.734+0000] {processor.py:840} INFO - DAG(s) 'daily_revenue_etl_dag' retrieved from /opt/airflow/dags/daily_revenue_etl_dag.py
[2026-01-07T15:10:03.753+0000] {logging_mixin.py:188} INFO - [2026-01-07T15:10:03.753+0000] {dag.py:3036} INFO - Sync 1 DAGs
[2026-01-07T15:10:03.767+0000] {logging_mixin.py:188} INFO - [2026-01-07T15:10:03.767+0000] {dag.py:3823} INFO - Setting next_dagrun for daily_revenue_etl_dag to 2026-01-07 00:00:00+00:00, run_after=2026-01-08 00:00:00+00:00
[2026-01-07T15:10:03.779+0000] {processor.py:183} INFO - Processing /opt/airflow/dags/daily_revenue_etl_dag.py took 0.063 seconds
[2026-01-07T15:10:03.809+0000] {processor.py:161} INFO - Started process (PID=3225) to work on /opt/airflow/dags/daily_revenue_etl_dag.py
[2026-01-07T15:10:03.810+0000] {processor.py:830} INFO - Processing file /opt/airflow/dags/daily_revenue_etl_dag.py for tasks to queue
[2026-01-07T15:10:03.811+0000] {logging_mixin.py:188} INFO - [2026-01-07T15:10:03.810+0000] {dagbag.py:538} INFO - Filling up the DagBag from /opt/airflow/dags/daily_revenue_etl_dag.py
[2026-01-07T15:10:03.822+0000] {processor.py:840} INFO - DAG(s) 'daily_revenue_etl_dag' retrieved from /opt/airflow/dags/daily_revenue_etl_dag.py
[2026-01-07T15:10:03.837+0000] {logging_mixin.py:188} INFO - [2026-01-07T15:10:03.837+0000] {dag.py:3036} INFO - Sync 1 DAGs
[2026-01-07T15:10:03.851+0000] {logging_mixin.py:188} INFO - [2026-01-07T15:10:03.851+0000] {dag.py:3823} INFO - Setting next_dagrun for daily_revenue_etl_dag to 2026-01-07 00:00:00+00:00, run_after=2026-01-08 00:00:00+00:00
[2026-01-07T15:10:03.862+0000] {processor.py:183} INFO - Processing /opt/airflow/dags/daily_revenue_etl_dag.py took 0.056 seconds
[2026-01-07T15:10:03.888+0000] {processor.py:161} INFO - Started process (PID=3230) to work on /opt/airflow/dags/daily_revenue_etl_dag.py
[2026-01-07T15:10:03.889+0000] {processor.py:830} INFO - Processing file /opt/airflow/dags/daily_revenue_etl_dag.py for tasks to queue
[2026-01-07T15:10:03.890+0000] {logging_mixin.py:188} INFO - [2026-01-07T15:10:03.890+0000] {dagbag.py:538} INFO - Filling up the DagBag from /opt/airflow/dags/daily_revenue_etl_dag.py
[2026-01-07T15:10:03.904+0000] {processor.py:840} INFO - DAG(s) 'daily_revenue_etl_dag' retrieved from /opt/airflow/dags/daily_revenue_etl_dag.py
[2026-01-07T15:10:03.922+0000] {logging_mixin.py:188} INFO - [2026-01-07T15:10:03.921+0000] {dag.py:3036} INFO - Sync 1 DAGs
[2026-01-07T15:10:03.936+0000] {logging_mixin.py:188} INFO - [2026-01-07T15:10:03.936+0000] {dag.py:3823} INFO - Setting next_dagrun for daily_revenue_etl_dag to 2026-01-07 00:00:00+00:00, run_after=2026-01-08 00:00:00+00:00
[2026-01-07T15:10:03.950+0000] {processor.py:183} INFO - Processing /opt/airflow/dags/daily_revenue_etl_dag.py took 0.064 seconds
[2026-01-07T15:10:03.980+0000] {processor.py:161} INFO - Started process (PID=3235) to work on /opt/airflow/dags/daily_revenue_etl_dag.py
[2026-01-07T15:10:03.981+0000] {processor.py:830} INFO - Processing file /opt/airflow/dags/daily_revenue_etl_dag.py for tasks to queue
[2026-01-07T15:10:03.982+0000] {logging_mixin.py:188} INFO - [2026-01-07T15:10:03.982+0000] {dagbag.py:538} INFO - Filling up the DagBag from /opt/airflow/dags/daily_revenue_etl_dag.py
[2026-01-07T15:10:03.997+0000] {processor.py:840} INFO - DAG(s) 'daily_revenue_etl_dag' retrieved from /opt/airflow/dags/daily_revenue_etl_dag.py
[2026-01-07T15:10:04.017+0000] {logging_mixin.py:188} INFO - [2026-01-07T15:10:04.017+0000] {dag.py:3036} INFO - Sync 1 DAGs
[2026-01-07T15:10:04.034+0000] {logging_mixin.py:188} INFO - [2026-01-07T15:10:04.034+0000] {dag.py:3823} INFO - Setting next_dagrun for daily_revenue_etl_dag to 2026-01-07 00:00:00+00:00, run_after=2026-01-08 00:00:00+00:00
[2026-01-07T15:10:04.048+0000] {processor.py:183} INFO - Processing /opt/airflow/dags/daily_revenue_etl_dag.py took 0.070 seconds
[2026-01-07T15:10:04.085+0000] {processor.py:161} INFO - Started process (PID=3240) to work on /opt/airflow/dags/daily_revenue_etl_dag.py
[2026-01-07T15:10:04.086+0000] {processor.py:830} INFO - Processing file /opt/airflow/dags/daily_revenue_etl_dag.py for tasks to queue
[2026-01-07T15:10:04.086+0000] {logging_mixin.py:188} INFO - [2026-01-07T15:10:04.086+0000] {dagbag.py:538} INFO - Filling up the DagBag from /opt/airflow/dags/daily_revenue_etl_dag.py
[2026-01-07T15:10:04.104+0000] {processor.py:840} INFO - DAG(s) 'daily_revenue_etl_dag' retrieved from /opt/airflow/dags/daily_revenue_etl_dag.py
[2026-01-07T15:10:04.123+0000] {logging_mixin.py:188} INFO - [2026-01-07T15:10:04.123+0000] {dag.py:3036} INFO - Sync 1 DAGs
[2026-01-07T15:10:04.138+0000] {logging_mixin.py:188} INFO - [2026-01-07T15:10:04.138+0000] {dag.py:3823} INFO - Setting next_dagrun for daily_revenue_etl_dag to 2026-01-07 00:00:00+00:00, run_after=2026-01-08 00:00:00+00:00
[2026-01-07T15:10:04.149+0000] {processor.py:183} INFO - Processing /opt/airflow/dags/daily_revenue_etl_dag.py took 0.067 seconds
[2026-01-07T15:10:04.190+0000] {processor.py:161} INFO - Started process (PID=3245) to work on /opt/airflow/dags/daily_revenue_etl_dag.py
[2026-01-07T15:10:04.191+0000] {processor.py:830} INFO - Processing file /opt/airflow/dags/daily_revenue_etl_dag.py for tasks to queue
[2026-01-07T15:10:04.192+0000] {logging_mixin.py:188} INFO - [2026-01-07T15:10:04.192+0000] {dagbag.py:538} INFO - Filling up the DagBag from /opt/airflow/dags/daily_revenue_etl_dag.py
[2026-01-07T15:10:04.209+0000] {processor.py:840} INFO - DAG(s) 'daily_revenue_etl_dag' retrieved from /opt/airflow/dags/daily_revenue_etl_dag.py
[2026-01-07T15:10:04.226+0000] {logging_mixin.py:188} INFO - [2026-01-07T15:10:04.226+0000] {dag.py:3036} INFO - Sync 1 DAGs
[2026-01-07T15:10:04.242+0000] {logging_mixin.py:188} INFO - [2026-01-07T15:10:04.242+0000] {dag.py:3823} INFO - Setting next_dagrun for daily_revenue_etl_dag to 2026-01-07 00:00:00+00:00, run_after=2026-01-08 00:00:00+00:00
[2026-01-07T15:10:04.253+0000] {processor.py:183} INFO - Processing /opt/airflow/dags/daily_revenue_etl_dag.py took 0.066 seconds
[2026-01-07T15:10:04.277+0000] {processor.py:161} INFO - Started process (PID=3250) to work on /opt/airflow/dags/daily_revenue_etl_dag.py
[2026-01-07T15:10:04.279+0000] {processor.py:830} INFO - Processing file /opt/airflow/dags/daily_revenue_etl_dag.py for tasks to queue
[2026-01-07T15:10:04.280+0000] {logging_mixin.py:188} INFO - [2026-01-07T15:10:04.279+0000] {dagbag.py:538} INFO - Filling up the DagBag from /opt/airflow/dags/daily_revenue_etl_dag.py
[2026-01-07T15:10:04.291+0000] {processor.py:840} INFO - DAG(s) 'daily_revenue_etl_dag' retrieved from /opt/airflow/dags/daily_revenue_etl_dag.py
[2026-01-07T15:10:04.312+0000] {logging_mixin.py:188} INFO - [2026-01-07T15:10:04.311+0000] {dag.py:3036} INFO - Sync 1 DAGs
[2026-01-07T15:10:04.327+0000] {logging_mixin.py:188} INFO - [2026-01-07T15:10:04.327+0000] {dag.py:3823} INFO - Setting next_dagrun for daily_revenue_etl_dag to 2026-01-07 00:00:00+00:00, run_after=2026-01-08 00:00:00+00:00
[2026-01-07T15:10:04.338+0000] {processor.py:183} INFO - Processing /opt/airflow/dags/daily_revenue_etl_dag.py took 0.063 seconds
[2026-01-07T15:10:04.362+0000] {processor.py:161} INFO - Started process (PID=3255) to work on /opt/airflow/dags/daily_revenue_etl_dag.py
[2026-01-07T15:10:04.363+0000] {processor.py:830} INFO - Processing file /opt/airflow/dags/daily_revenue_etl_dag.py for tasks to queue
[2026-01-07T15:10:04.363+0000] {logging_mixin.py:188} INFO - [2026-01-07T15:10:04.363+0000] {dagbag.py:538} INFO - Filling up the DagBag from /opt/airflow/dags/daily_revenue_etl_dag.py
[2026-01-07T15:10:04.376+0000] {processor.py:840} INFO - DAG(s) 'daily_revenue_etl_dag' retrieved from /opt/airflow/dags/daily_revenue_etl_dag.py
[2026-01-07T15:10:04.392+0000] {logging_mixin.py:188} INFO - [2026-01-07T15:10:04.392+0000] {dag.py:3036} INFO - Sync 1 DAGs
[2026-01-07T15:10:04.405+0000] {logging_mixin.py:188} INFO - [2026-01-07T15:10:04.405+0000] {dag.py:3823} INFO - Setting next_dagrun for daily_revenue_etl_dag to 2026-01-07 00:00:00+00:00, run_after=2026-01-08 00:00:00+00:00
[2026-01-07T15:10:04.415+0000] {processor.py:183} INFO - Processing /opt/airflow/dags/daily_revenue_etl_dag.py took 0.055 seconds
[2026-01-07T15:10:04.436+0000] {processor.py:161} INFO - Started process (PID=3260) to work on /opt/airflow/dags/daily_revenue_etl_dag.py
[2026-01-07T15:10:04.437+0000] {processor.py:830} INFO - Processing file /opt/airflow/dags/daily_revenue_etl_dag.py for tasks to queue
[2026-01-07T15:10:04.437+0000] {logging_mixin.py:188} INFO - [2026-01-07T15:10:04.437+0000] {dagbag.py:538} INFO - Filling up the DagBag from /opt/airflow/dags/daily_revenue_etl_dag.py
[2026-01-07T15:10:04.448+0000] {processor.py:840} INFO - DAG(s) 'daily_revenue_etl_dag' retrieved from /opt/airflow/dags/daily_revenue_etl_dag.py
[2026-01-07T15:10:04.464+0000] {logging_mixin.py:188} INFO - [2026-01-07T15:10:04.464+0000] {dag.py:3036} INFO - Sync 1 DAGs
[2026-01-07T15:10:04.477+0000] {logging_mixin.py:188} INFO - [2026-01-07T15:10:04.477+0000] {dag.py:3823} INFO - Setting next_dagrun for daily_revenue_etl_dag to 2026-01-07 00:00:00+00:00, run_after=2026-01-08 00:00:00+00:00
[2026-01-07T15:10:04.491+0000] {processor.py:183} INFO - Processing /opt/airflow/dags/daily_revenue_etl_dag.py took 0.057 seconds
[2026-01-07T15:10:04.515+0000] {processor.py:161} INFO - Started process (PID=3265) to work on /opt/airflow/dags/daily_revenue_etl_dag.py
[2026-01-07T15:10:04.516+0000] {processor.py:830} INFO - Processing file /opt/airflow/dags/daily_revenue_etl_dag.py for tasks to queue
[2026-01-07T15:10:04.517+0000] {logging_mixin.py:188} INFO - [2026-01-07T15:10:04.516+0000] {dagbag.py:538} INFO - Filling up the DagBag from /opt/airflow/dags/daily_revenue_etl_dag.py
[2026-01-07T15:10:04.531+0000] {processor.py:840} INFO - DAG(s) 'daily_revenue_etl_dag' retrieved from /opt/airflow/dags/daily_revenue_etl_dag.py
[2026-01-07T15:10:04.546+0000] {logging_mixin.py:188} INFO - [2026-01-07T15:10:04.546+0000] {dag.py:3036} INFO - Sync 1 DAGs
[2026-01-07T15:10:04.560+0000] {logging_mixin.py:188} INFO - [2026-01-07T15:10:04.560+0000] {dag.py:3823} INFO - Setting next_dagrun for daily_revenue_etl_dag to 2026-01-07 00:00:00+00:00, run_after=2026-01-08 00:00:00+00:00
[2026-01-07T15:10:04.571+0000] {processor.py:183} INFO - Processing /opt/airflow/dags/daily_revenue_etl_dag.py took 0.058 seconds
[2026-01-07T15:10:04.593+0000] {processor.py:161} INFO - Started process (PID=3270) to work on /opt/airflow/dags/daily_revenue_etl_dag.py
[2026-01-07T15:10:04.594+0000] {processor.py:830} INFO - Processing file /opt/airflow/dags/daily_revenue_etl_dag.py for tasks to queue
[2026-01-07T15:10:04.595+0000] {logging_mixin.py:188} INFO - [2026-01-07T15:10:04.595+0000] {dagbag.py:538} INFO - Filling up the DagBag from /opt/airflow/dags/daily_revenue_etl_dag.py
[2026-01-07T15:10:04.607+0000] {processor.py:840} INFO - DAG(s) 'daily_revenue_etl_dag' retrieved from /opt/airflow/dags/daily_revenue_etl_dag.py
[2026-01-07T15:10:04.624+0000] {logging_mixin.py:188} INFO - [2026-01-07T15:10:04.624+0000] {dag.py:3036} INFO - Sync 1 DAGs
[2026-01-07T15:10:04.640+0000] {logging_mixin.py:188} INFO - [2026-01-07T15:10:04.640+0000] {dag.py:3823} INFO - Setting next_dagrun for daily_revenue_etl_dag to 2026-01-07 00:00:00+00:00, run_after=2026-01-08 00:00:00+00:00
[2026-01-07T15:10:04.651+0000] {processor.py:183} INFO - Processing /opt/airflow/dags/daily_revenue_etl_dag.py took 0.060 seconds
[2026-01-07T15:10:04.675+0000] {processor.py:161} INFO - Started process (PID=3275) to work on /opt/airflow/dags/daily_revenue_etl_dag.py
[2026-01-07T15:10:04.675+0000] {processor.py:830} INFO - Processing file /opt/airflow/dags/daily_revenue_etl_dag.py for tasks to queue
[2026-01-07T15:10:04.676+0000] {logging_mixin.py:188} INFO - [2026-01-07T15:10:04.676+0000] {dagbag.py:538} INFO - Filling up the DagBag from /opt/airflow/dags/daily_revenue_etl_dag.py
[2026-01-07T15:10:04.692+0000] {processor.py:840} INFO - DAG(s) 'daily_revenue_etl_dag' retrieved from /opt/airflow/dags/daily_revenue_etl_dag.py
[2026-01-07T15:10:04.710+0000] {logging_mixin.py:188} INFO - [2026-01-07T15:10:04.709+0000] {dag.py:3036} INFO - Sync 1 DAGs
[2026-01-07T15:10:04.725+0000] {logging_mixin.py:188} INFO - [2026-01-07T15:10:04.724+0000] {dag.py:3823} INFO - Setting next_dagrun for daily_revenue_etl_dag to 2026-01-07 00:00:00+00:00, run_after=2026-01-08 00:00:00+00:00
[2026-01-07T15:10:04.737+0000] {processor.py:183} INFO - Processing /opt/airflow/dags/daily_revenue_etl_dag.py took 0.065 seconds
[2026-01-07T15:10:04.766+0000] {processor.py:161} INFO - Started process (PID=3280) to work on /opt/airflow/dags/daily_revenue_etl_dag.py
[2026-01-07T15:10:04.767+0000] {processor.py:830} INFO - Processing file /opt/airflow/dags/daily_revenue_etl_dag.py for tasks to queue
[2026-01-07T15:10:04.768+0000] {logging_mixin.py:188} INFO - [2026-01-07T15:10:04.767+0000] {dagbag.py:538} INFO - Filling up the DagBag from /opt/airflow/dags/daily_revenue_etl_dag.py
[2026-01-07T15:10:04.782+0000] {processor.py:840} INFO - DAG(s) 'daily_revenue_etl_dag' retrieved from /opt/airflow/dags/daily_revenue_etl_dag.py
[2026-01-07T15:10:04.799+0000] {logging_mixin.py:188} INFO - [2026-01-07T15:10:04.799+0000] {dag.py:3036} INFO - Sync 1 DAGs
[2026-01-07T15:10:04.815+0000] {logging_mixin.py:188} INFO - [2026-01-07T15:10:04.815+0000] {dag.py:3823} INFO - Setting next_dagrun for daily_revenue_etl_dag to 2026-01-07 00:00:00+00:00, run_after=2026-01-08 00:00:00+00:00
[2026-01-07T15:10:04.828+0000] {processor.py:183} INFO - Processing /opt/airflow/dags/daily_revenue_etl_dag.py took 0.064 seconds
[2026-01-07T15:10:04.851+0000] {processor.py:161} INFO - Started process (PID=3285) to work on /opt/airflow/dags/daily_revenue_etl_dag.py
[2026-01-07T15:10:04.851+0000] {processor.py:830} INFO - Processing file /opt/airflow/dags/daily_revenue_etl_dag.py for tasks to queue
[2026-01-07T15:10:04.852+0000] {logging_mixin.py:188} INFO - [2026-01-07T15:10:04.852+0000] {dagbag.py:538} INFO - Filling up the DagBag from /opt/airflow/dags/daily_revenue_etl_dag.py
[2026-01-07T15:10:04.868+0000] {processor.py:840} INFO - DAG(s) 'daily_revenue_etl_dag' retrieved from /opt/airflow/dags/daily_revenue_etl_dag.py
[2026-01-07T15:10:04.888+0000] {logging_mixin.py:188} INFO - [2026-01-07T15:10:04.888+0000] {dag.py:3036} INFO - Sync 1 DAGs
[2026-01-07T15:10:04.903+0000] {logging_mixin.py:188} INFO - [2026-01-07T15:10:04.903+0000] {dag.py:3823} INFO - Setting next_dagrun for daily_revenue_etl_dag to 2026-01-07 00:00:00+00:00, run_after=2026-01-08 00:00:00+00:00
[2026-01-07T15:10:04.916+0000] {processor.py:183} INFO - Processing /opt/airflow/dags/daily_revenue_etl_dag.py took 0.067 seconds
[2026-01-07T15:10:04.939+0000] {processor.py:161} INFO - Started process (PID=3290) to work on /opt/airflow/dags/daily_revenue_etl_dag.py
[2026-01-07T15:10:04.939+0000] {processor.py:830} INFO - Processing file /opt/airflow/dags/daily_revenue_etl_dag.py for tasks to queue
[2026-01-07T15:10:04.940+0000] {logging_mixin.py:188} INFO - [2026-01-07T15:10:04.940+0000] {dagbag.py:538} INFO - Filling up the DagBag from /opt/airflow/dags/daily_revenue_etl_dag.py
[2026-01-07T15:10:04.951+0000] {processor.py:840} INFO - DAG(s) 'daily_revenue_etl_dag' retrieved from /opt/airflow/dags/daily_revenue_etl_dag.py
[2026-01-07T15:10:04.969+0000] {logging_mixin.py:188} INFO - [2026-01-07T15:10:04.968+0000] {dag.py:3036} INFO - Sync 1 DAGs
[2026-01-07T15:10:04.982+0000] {logging_mixin.py:188} INFO - [2026-01-07T15:10:04.982+0000] {dag.py:3823} INFO - Setting next_dagrun for daily_revenue_etl_dag to 2026-01-07 00:00:00+00:00, run_after=2026-01-08 00:00:00+00:00
[2026-01-07T15:10:04.994+0000] {processor.py:183} INFO - Processing /opt/airflow/dags/daily_revenue_etl_dag.py took 0.058 seconds
[2026-01-07T15:10:05.015+0000] {processor.py:161} INFO - Started process (PID=3295) to work on /opt/airflow/dags/daily_revenue_etl_dag.py
[2026-01-07T15:10:05.016+0000] {processor.py:830} INFO - Processing file /opt/airflow/dags/daily_revenue_etl_dag.py for tasks to queue
[2026-01-07T15:10:05.016+0000] {logging_mixin.py:188} INFO - [2026-01-07T15:10:05.016+0000] {dagbag.py:538} INFO - Filling up the DagBag from /opt/airflow/dags/daily_revenue_etl_dag.py
[2026-01-07T15:10:05.029+0000] {processor.py:840} INFO - DAG(s) 'daily_revenue_etl_dag' retrieved from /opt/airflow/dags/daily_revenue_etl_dag.py
[2026-01-07T15:10:05.048+0000] {logging_mixin.py:188} INFO - [2026-01-07T15:10:05.047+0000] {dag.py:3036} INFO - Sync 1 DAGs
[2026-01-07T15:10:05.061+0000] {logging_mixin.py:188} INFO - [2026-01-07T15:10:05.061+0000] {dag.py:3823} INFO - Setting next_dagrun for daily_revenue_etl_dag to 2026-01-07 00:00:00+00:00, run_after=2026-01-08 00:00:00+00:00
[2026-01-07T15:10:05.075+0000] {processor.py:183} INFO - Processing /opt/airflow/dags/daily_revenue_etl_dag.py took 0.063 seconds
[2026-01-07T15:10:05.109+0000] {processor.py:161} INFO - Started process (PID=3300) to work on /opt/airflow/dags/daily_revenue_etl_dag.py
[2026-01-07T15:10:05.112+0000] {processor.py:830} INFO - Processing file /opt/airflow/dags/daily_revenue_etl_dag.py for tasks to queue
[2026-01-07T15:10:05.113+0000] {logging_mixin.py:188} INFO - [2026-01-07T15:10:05.113+0000] {dagbag.py:538} INFO - Filling up the DagBag from /opt/airflow/dags/daily_revenue_etl_dag.py
[2026-01-07T15:10:05.129+0000] {processor.py:840} INFO - DAG(s) 'daily_revenue_etl_dag' retrieved from /opt/airflow/dags/daily_revenue_etl_dag.py
[2026-01-07T15:10:05.151+0000] {logging_mixin.py:188} INFO - [2026-01-07T15:10:05.151+0000] {dag.py:3036} INFO - Sync 1 DAGs
[2026-01-07T15:10:05.168+0000] {logging_mixin.py:188} INFO - [2026-01-07T15:10:05.168+0000] {dag.py:3823} INFO - Setting next_dagrun for daily_revenue_etl_dag to 2026-01-07 00:00:00+00:00, run_after=2026-01-08 00:00:00+00:00
[2026-01-07T15:10:05.182+0000] {processor.py:183} INFO - Processing /opt/airflow/dags/daily_revenue_etl_dag.py took 0.076 seconds
[2026-01-07T15:10:05.212+0000] {processor.py:161} INFO - Started process (PID=3305) to work on /opt/airflow/dags/daily_revenue_etl_dag.py
[2026-01-07T15:10:05.213+0000] {processor.py:830} INFO - Processing file /opt/airflow/dags/daily_revenue_etl_dag.py for tasks to queue
[2026-01-07T15:10:05.214+0000] {logging_mixin.py:188} INFO - [2026-01-07T15:10:05.213+0000] {dagbag.py:538} INFO - Filling up the DagBag from /opt/airflow/dags/daily_revenue_etl_dag.py
[2026-01-07T15:10:05.231+0000] {processor.py:840} INFO - DAG(s) 'daily_revenue_etl_dag' retrieved from /opt/airflow/dags/daily_revenue_etl_dag.py
[2026-01-07T15:10:05.250+0000] {logging_mixin.py:188} INFO - [2026-01-07T15:10:05.250+0000] {dag.py:3036} INFO - Sync 1 DAGs
[2026-01-07T15:10:05.266+0000] {logging_mixin.py:188} INFO - [2026-01-07T15:10:05.265+0000] {dag.py:3823} INFO - Setting next_dagrun for daily_revenue_etl_dag to 2026-01-07 00:00:00+00:00, run_after=2026-01-08 00:00:00+00:00
[2026-01-07T15:10:05.284+0000] {processor.py:183} INFO - Processing /opt/airflow/dags/daily_revenue_etl_dag.py took 0.075 seconds
[2026-01-07T15:10:05.318+0000] {processor.py:161} INFO - Started process (PID=3310) to work on /opt/airflow/dags/daily_revenue_etl_dag.py
[2026-01-07T15:10:05.319+0000] {processor.py:830} INFO - Processing file /opt/airflow/dags/daily_revenue_etl_dag.py for tasks to queue
[2026-01-07T15:10:05.320+0000] {logging_mixin.py:188} INFO - [2026-01-07T15:10:05.319+0000] {dagbag.py:538} INFO - Filling up the DagBag from /opt/airflow/dags/daily_revenue_etl_dag.py
[2026-01-07T15:10:05.334+0000] {processor.py:840} INFO - DAG(s) 'daily_revenue_etl_dag' retrieved from /opt/airflow/dags/daily_revenue_etl_dag.py
[2026-01-07T15:10:05.352+0000] {logging_mixin.py:188} INFO - [2026-01-07T15:10:05.352+0000] {dag.py:3036} INFO - Sync 1 DAGs
[2026-01-07T15:10:05.368+0000] {logging_mixin.py:188} INFO - [2026-01-07T15:10:05.368+0000] {dag.py:3823} INFO - Setting next_dagrun for daily_revenue_etl_dag to 2026-01-07 00:00:00+00:00, run_after=2026-01-08 00:00:00+00:00
[2026-01-07T15:10:05.382+0000] {processor.py:183} INFO - Processing /opt/airflow/dags/daily_revenue_etl_dag.py took 0.067 seconds
[2026-01-07T15:10:05.413+0000] {processor.py:161} INFO - Started process (PID=3315) to work on /opt/airflow/dags/daily_revenue_etl_dag.py
[2026-01-07T15:10:05.414+0000] {processor.py:830} INFO - Processing file /opt/airflow/dags/daily_revenue_etl_dag.py for tasks to queue
[2026-01-07T15:10:05.415+0000] {logging_mixin.py:188} INFO - [2026-01-07T15:10:05.415+0000] {dagbag.py:538} INFO - Filling up the DagBag from /opt/airflow/dags/daily_revenue_etl_dag.py
[2026-01-07T15:10:05.431+0000] {processor.py:840} INFO - DAG(s) 'daily_revenue_etl_dag' retrieved from /opt/airflow/dags/daily_revenue_etl_dag.py
[2026-01-07T15:10:05.450+0000] {logging_mixin.py:188} INFO - [2026-01-07T15:10:05.450+0000] {dag.py:3036} INFO - Sync 1 DAGs
[2026-01-07T15:10:05.465+0000] {logging_mixin.py:188} INFO - [2026-01-07T15:10:05.465+0000] {dag.py:3823} INFO - Setting next_dagrun for daily_revenue_etl_dag to 2026-01-07 00:00:00+00:00, run_after=2026-01-08 00:00:00+00:00
[2026-01-07T15:10:05.477+0000] {processor.py:183} INFO - Processing /opt/airflow/dags/daily_revenue_etl_dag.py took 0.066 seconds
[2026-01-07T15:10:05.504+0000] {processor.py:161} INFO - Started process (PID=3320) to work on /opt/airflow/dags/daily_revenue_etl_dag.py
[2026-01-07T15:10:05.505+0000] {processor.py:830} INFO - Processing file /opt/airflow/dags/daily_revenue_etl_dag.py for tasks to queue
[2026-01-07T15:10:05.507+0000] {logging_mixin.py:188} INFO - [2026-01-07T15:10:05.506+0000] {dagbag.py:538} INFO - Filling up the DagBag from /opt/airflow/dags/daily_revenue_etl_dag.py
[2026-01-07T15:10:05.540+0000] {processor.py:840} INFO - DAG(s) 'daily_revenue_etl_dag' retrieved from /opt/airflow/dags/daily_revenue_etl_dag.py
[2026-01-07T15:10:05.557+0000] {logging_mixin.py:188} INFO - [2026-01-07T15:10:05.557+0000] {dag.py:3036} INFO - Sync 1 DAGs
[2026-01-07T15:10:05.572+0000] {logging_mixin.py:188} INFO - [2026-01-07T15:10:05.571+0000] {dag.py:3823} INFO - Setting next_dagrun for daily_revenue_etl_dag to 2026-01-07 00:00:00+00:00, run_after=2026-01-08 00:00:00+00:00
[2026-01-07T15:10:05.584+0000] {processor.py:183} INFO - Processing /opt/airflow/dags/daily_revenue_etl_dag.py took 0.082 seconds
[2026-01-07T15:10:05.619+0000] {processor.py:161} INFO - Started process (PID=3325) to work on /opt/airflow/dags/daily_revenue_etl_dag.py
[2026-01-07T15:10:05.620+0000] {processor.py:830} INFO - Processing file /opt/airflow/dags/daily_revenue_etl_dag.py for tasks to queue
[2026-01-07T15:10:05.621+0000] {logging_mixin.py:188} INFO - [2026-01-07T15:10:05.621+0000] {dagbag.py:538} INFO - Filling up the DagBag from /opt/airflow/dags/daily_revenue_etl_dag.py
[2026-01-07T15:10:05.639+0000] {processor.py:840} INFO - DAG(s) 'daily_revenue_etl_dag' retrieved from /opt/airflow/dags/daily_revenue_etl_dag.py
[2026-01-07T15:10:05.657+0000] {logging_mixin.py:188} INFO - [2026-01-07T15:10:05.657+0000] {dag.py:3036} INFO - Sync 1 DAGs
[2026-01-07T15:10:05.673+0000] {logging_mixin.py:188} INFO - [2026-01-07T15:10:05.673+0000] {dag.py:3823} INFO - Setting next_dagrun for daily_revenue_etl_dag to 2026-01-07 00:00:00+00:00, run_after=2026-01-08 00:00:00+00:00
[2026-01-07T15:10:05.687+0000] {processor.py:183} INFO - Processing /opt/airflow/dags/daily_revenue_etl_dag.py took 0.072 seconds
[2026-01-07T15:10:05.713+0000] {processor.py:161} INFO - Started process (PID=3330) to work on /opt/airflow/dags/daily_revenue_etl_dag.py
[2026-01-07T15:10:05.714+0000] {processor.py:830} INFO - Processing file /opt/airflow/dags/daily_revenue_etl_dag.py for tasks to queue
[2026-01-07T15:10:05.715+0000] {logging_mixin.py:188} INFO - [2026-01-07T15:10:05.715+0000] {dagbag.py:538} INFO - Filling up the DagBag from /opt/airflow/dags/daily_revenue_etl_dag.py
[2026-01-07T15:10:05.729+0000] {processor.py:840} INFO - DAG(s) 'daily_revenue_etl_dag' retrieved from /opt/airflow/dags/daily_revenue_etl_dag.py
[2026-01-07T15:10:05.747+0000] {logging_mixin.py:188} INFO - [2026-01-07T15:10:05.747+0000] {dag.py:3036} INFO - Sync 1 DAGs
[2026-01-07T15:10:05.762+0000] {logging_mixin.py:188} INFO - [2026-01-07T15:10:05.762+0000] {dag.py:3823} INFO - Setting next_dagrun for daily_revenue_etl_dag to 2026-01-07 00:00:00+00:00, run_after=2026-01-08 00:00:00+00:00
[2026-01-07T15:10:05.776+0000] {processor.py:183} INFO - Processing /opt/airflow/dags/daily_revenue_etl_dag.py took 0.065 seconds
[2026-01-07T15:10:05.809+0000] {processor.py:161} INFO - Started process (PID=3335) to work on /opt/airflow/dags/daily_revenue_etl_dag.py
[2026-01-07T15:10:05.810+0000] {processor.py:830} INFO - Processing file /opt/airflow/dags/daily_revenue_etl_dag.py for tasks to queue
[2026-01-07T15:10:05.811+0000] {logging_mixin.py:188} INFO - [2026-01-07T15:10:05.811+0000] {dagbag.py:538} INFO - Filling up the DagBag from /opt/airflow/dags/daily_revenue_etl_dag.py
[2026-01-07T15:10:05.836+0000] {processor.py:840} INFO - DAG(s) 'daily_revenue_etl_dag' retrieved from /opt/airflow/dags/daily_revenue_etl_dag.py
[2026-01-07T15:10:05.854+0000] {logging_mixin.py:188} INFO - [2026-01-07T15:10:05.854+0000] {dag.py:3036} INFO - Sync 1 DAGs
[2026-01-07T15:10:05.868+0000] {logging_mixin.py:188} INFO - [2026-01-07T15:10:05.868+0000] {dag.py:3823} INFO - Setting next_dagrun for daily_revenue_etl_dag to 2026-01-07 00:00:00+00:00, run_after=2026-01-08 00:00:00+00:00
[2026-01-07T15:10:05.882+0000] {processor.py:183} INFO - Processing /opt/airflow/dags/daily_revenue_etl_dag.py took 0.076 seconds
[2026-01-07T15:10:05.911+0000] {processor.py:161} INFO - Started process (PID=3340) to work on /opt/airflow/dags/daily_revenue_etl_dag.py
[2026-01-07T15:10:05.912+0000] {processor.py:830} INFO - Processing file /opt/airflow/dags/daily_revenue_etl_dag.py for tasks to queue
[2026-01-07T15:10:05.912+0000] {logging_mixin.py:188} INFO - [2026-01-07T15:10:05.912+0000] {dagbag.py:538} INFO - Filling up the DagBag from /opt/airflow/dags/daily_revenue_etl_dag.py
[2026-01-07T15:10:05.926+0000] {processor.py:840} INFO - DAG(s) 'daily_revenue_etl_dag' retrieved from /opt/airflow/dags/daily_revenue_etl_dag.py
[2026-01-07T15:10:05.943+0000] {logging_mixin.py:188} INFO - [2026-01-07T15:10:05.943+0000] {dag.py:3036} INFO - Sync 1 DAGs
[2026-01-07T15:10:05.961+0000] {logging_mixin.py:188} INFO - [2026-01-07T15:10:05.961+0000] {dag.py:3823} INFO - Setting next_dagrun for daily_revenue_etl_dag to 2026-01-07 00:00:00+00:00, run_after=2026-01-08 00:00:00+00:00
[2026-01-07T15:10:05.972+0000] {processor.py:183} INFO - Processing /opt/airflow/dags/daily_revenue_etl_dag.py took 0.064 seconds
[2026-01-07T15:10:05.998+0000] {processor.py:161} INFO - Started process (PID=3345) to work on /opt/airflow/dags/daily_revenue_etl_dag.py
[2026-01-07T15:10:05.998+0000] {processor.py:830} INFO - Processing file /opt/airflow/dags/daily_revenue_etl_dag.py for tasks to queue
[2026-01-07T15:10:05.999+0000] {logging_mixin.py:188} INFO - [2026-01-07T15:10:05.999+0000] {dagbag.py:538} INFO - Filling up the DagBag from /opt/airflow/dags/daily_revenue_etl_dag.py
[2026-01-07T15:10:06.015+0000] {processor.py:840} INFO - DAG(s) 'daily_revenue_etl_dag' retrieved from /opt/airflow/dags/daily_revenue_etl_dag.py
[2026-01-07T15:10:06.033+0000] {logging_mixin.py:188} INFO - [2026-01-07T15:10:06.033+0000] {dag.py:3036} INFO - Sync 1 DAGs
[2026-01-07T15:10:06.048+0000] {logging_mixin.py:188} INFO - [2026-01-07T15:10:06.048+0000] {dag.py:3823} INFO - Setting next_dagrun for daily_revenue_etl_dag to 2026-01-07 00:00:00+00:00, run_after=2026-01-08 00:00:00+00:00
[2026-01-07T15:10:06.060+0000] {processor.py:183} INFO - Processing /opt/airflow/dags/daily_revenue_etl_dag.py took 0.065 seconds
[2026-01-07T15:10:06.084+0000] {processor.py:161} INFO - Started process (PID=3350) to work on /opt/airflow/dags/daily_revenue_etl_dag.py
[2026-01-07T15:10:06.084+0000] {processor.py:830} INFO - Processing file /opt/airflow/dags/daily_revenue_etl_dag.py for tasks to queue
[2026-01-07T15:10:06.085+0000] {logging_mixin.py:188} INFO - [2026-01-07T15:10:06.085+0000] {dagbag.py:538} INFO - Filling up the DagBag from /opt/airflow/dags/daily_revenue_etl_dag.py
[2026-01-07T15:10:06.100+0000] {processor.py:840} INFO - DAG(s) 'daily_revenue_etl_dag' retrieved from /opt/airflow/dags/daily_revenue_etl_dag.py
[2026-01-07T15:10:06.119+0000] {logging_mixin.py:188} INFO - [2026-01-07T15:10:06.119+0000] {dag.py:3036} INFO - Sync 1 DAGs
[2026-01-07T15:10:06.134+0000] {logging_mixin.py:188} INFO - [2026-01-07T15:10:06.133+0000] {dag.py:3823} INFO - Setting next_dagrun for daily_revenue_etl_dag to 2026-01-07 00:00:00+00:00, run_after=2026-01-08 00:00:00+00:00
[2026-01-07T15:10:06.147+0000] {processor.py:183} INFO - Processing /opt/airflow/dags/daily_revenue_etl_dag.py took 0.066 seconds
[2026-01-07T15:10:06.183+0000] {processor.py:161} INFO - Started process (PID=3355) to work on /opt/airflow/dags/daily_revenue_etl_dag.py
[2026-01-07T15:10:06.184+0000] {processor.py:830} INFO - Processing file /opt/airflow/dags/daily_revenue_etl_dag.py for tasks to queue
[2026-01-07T15:10:06.185+0000] {logging_mixin.py:188} INFO - [2026-01-07T15:10:06.184+0000] {dagbag.py:538} INFO - Filling up the DagBag from /opt/airflow/dags/daily_revenue_etl_dag.py
[2026-01-07T15:10:06.199+0000] {processor.py:840} INFO - DAG(s) 'daily_revenue_etl_dag' retrieved from /opt/airflow/dags/daily_revenue_etl_dag.py
[2026-01-07T15:10:06.217+0000] {logging_mixin.py:188} INFO - [2026-01-07T15:10:06.217+0000] {dag.py:3036} INFO - Sync 1 DAGs
[2026-01-07T15:10:06.231+0000] {logging_mixin.py:188} INFO - [2026-01-07T15:10:06.230+0000] {dag.py:3823} INFO - Setting next_dagrun for daily_revenue_etl_dag to 2026-01-07 00:00:00+00:00, run_after=2026-01-08 00:00:00+00:00
[2026-01-07T15:10:06.243+0000] {processor.py:183} INFO - Processing /opt/airflow/dags/daily_revenue_etl_dag.py took 0.063 seconds
[2026-01-07T15:10:06.267+0000] {processor.py:161} INFO - Started process (PID=3360) to work on /opt/airflow/dags/daily_revenue_etl_dag.py
[2026-01-07T15:10:06.268+0000] {processor.py:830} INFO - Processing file /opt/airflow/dags/daily_revenue_etl_dag.py for tasks to queue
[2026-01-07T15:10:06.269+0000] {logging_mixin.py:188} INFO - [2026-01-07T15:10:06.269+0000] {dagbag.py:538} INFO - Filling up the DagBag from /opt/airflow/dags/daily_revenue_etl_dag.py
[2026-01-07T15:10:06.282+0000] {processor.py:840} INFO - DAG(s) 'daily_revenue_etl_dag' retrieved from /opt/airflow/dags/daily_revenue_etl_dag.py
[2026-01-07T15:10:06.299+0000] {logging_mixin.py:188} INFO - [2026-01-07T15:10:06.299+0000] {dag.py:3036} INFO - Sync 1 DAGs
[2026-01-07T15:10:06.314+0000] {logging_mixin.py:188} INFO - [2026-01-07T15:10:06.314+0000] {dag.py:3823} INFO - Setting next_dagrun for daily_revenue_etl_dag to 2026-01-07 00:00:00+00:00, run_after=2026-01-08 00:00:00+00:00
[2026-01-07T15:10:06.326+0000] {processor.py:183} INFO - Processing /opt/airflow/dags/daily_revenue_etl_dag.py took 0.061 seconds
[2026-01-07T15:10:06.355+0000] {processor.py:161} INFO - Started process (PID=3365) to work on /opt/airflow/dags/daily_revenue_etl_dag.py
[2026-01-07T15:10:06.356+0000] {processor.py:830} INFO - Processing file /opt/airflow/dags/daily_revenue_etl_dag.py for tasks to queue
[2026-01-07T15:10:06.358+0000] {logging_mixin.py:188} INFO - [2026-01-07T15:10:06.357+0000] {dagbag.py:538} INFO - Filling up the DagBag from /opt/airflow/dags/daily_revenue_etl_dag.py
[2026-01-07T15:10:06.377+0000] {processor.py:840} INFO - DAG(s) 'daily_revenue_etl_dag' retrieved from /opt/airflow/dags/daily_revenue_etl_dag.py
[2026-01-07T15:10:06.396+0000] {logging_mixin.py:188} INFO - [2026-01-07T15:10:06.396+0000] {dag.py:3036} INFO - Sync 1 DAGs
[2026-01-07T15:10:06.410+0000] {logging_mixin.py:188} INFO - [2026-01-07T15:10:06.409+0000] {dag.py:3823} INFO - Setting next_dagrun for daily_revenue_etl_dag to 2026-01-07 00:00:00+00:00, run_after=2026-01-08 00:00:00+00:00
[2026-01-07T15:10:06.422+0000] {processor.py:183} INFO - Processing /opt/airflow/dags/daily_revenue_etl_dag.py took 0.070 seconds
[2026-01-07T15:10:06.446+0000] {processor.py:161} INFO - Started process (PID=3370) to work on /opt/airflow/dags/daily_revenue_etl_dag.py
[2026-01-07T15:10:06.447+0000] {processor.py:830} INFO - Processing file /opt/airflow/dags/daily_revenue_etl_dag.py for tasks to queue
[2026-01-07T15:10:06.448+0000] {logging_mixin.py:188} INFO - [2026-01-07T15:10:06.447+0000] {dagbag.py:538} INFO - Filling up the DagBag from /opt/airflow/dags/daily_revenue_etl_dag.py
[2026-01-07T15:10:06.460+0000] {processor.py:840} INFO - DAG(s) 'daily_revenue_etl_dag' retrieved from /opt/airflow/dags/daily_revenue_etl_dag.py
[2026-01-07T15:10:06.476+0000] {logging_mixin.py:188} INFO - [2026-01-07T15:10:06.476+0000] {dag.py:3036} INFO - Sync 1 DAGs
[2026-01-07T15:10:06.495+0000] {logging_mixin.py:188} INFO - [2026-01-07T15:10:06.494+0000] {dag.py:3823} INFO - Setting next_dagrun for daily_revenue_etl_dag to 2026-01-07 00:00:00+00:00, run_after=2026-01-08 00:00:00+00:00
[2026-01-07T15:10:06.505+0000] {processor.py:183} INFO - Processing /opt/airflow/dags/daily_revenue_etl_dag.py took 0.062 seconds
[2026-01-07T15:10:06.529+0000] {processor.py:161} INFO - Started process (PID=3375) to work on /opt/airflow/dags/daily_revenue_etl_dag.py
[2026-01-07T15:10:06.530+0000] {processor.py:830} INFO - Processing file /opt/airflow/dags/daily_revenue_etl_dag.py for tasks to queue
[2026-01-07T15:10:06.531+0000] {logging_mixin.py:188} INFO - [2026-01-07T15:10:06.531+0000] {dagbag.py:538} INFO - Filling up the DagBag from /opt/airflow/dags/daily_revenue_etl_dag.py
[2026-01-07T15:10:06.547+0000] {processor.py:840} INFO - DAG(s) 'daily_revenue_etl_dag' retrieved from /opt/airflow/dags/daily_revenue_etl_dag.py
[2026-01-07T15:10:06.565+0000] {logging_mixin.py:188} INFO - [2026-01-07T15:10:06.564+0000] {dag.py:3036} INFO - Sync 1 DAGs
[2026-01-07T15:10:06.578+0000] {logging_mixin.py:188} INFO - [2026-01-07T15:10:06.578+0000] {dag.py:3823} INFO - Setting next_dagrun for daily_revenue_etl_dag to 2026-01-07 00:00:00+00:00, run_after=2026-01-08 00:00:00+00:00
[2026-01-07T15:10:06.594+0000] {processor.py:183} INFO - Processing /opt/airflow/dags/daily_revenue_etl_dag.py took 0.067 seconds
[2026-01-07T15:10:06.615+0000] {processor.py:161} INFO - Started process (PID=3380) to work on /opt/airflow/dags/daily_revenue_etl_dag.py
[2026-01-07T15:10:06.616+0000] {processor.py:830} INFO - Processing file /opt/airflow/dags/daily_revenue_etl_dag.py for tasks to queue
[2026-01-07T15:10:06.617+0000] {logging_mixin.py:188} INFO - [2026-01-07T15:10:06.617+0000] {dagbag.py:538} INFO - Filling up the DagBag from /opt/airflow/dags/daily_revenue_etl_dag.py
[2026-01-07T15:10:06.631+0000] {processor.py:840} INFO - DAG(s) 'daily_revenue_etl_dag' retrieved from /opt/airflow/dags/daily_revenue_etl_dag.py
[2026-01-07T15:10:06.648+0000] {logging_mixin.py:188} INFO - [2026-01-07T15:10:06.648+0000] {dag.py:3036} INFO - Sync 1 DAGs
[2026-01-07T15:10:06.663+0000] {logging_mixin.py:188} INFO - [2026-01-07T15:10:06.663+0000] {dag.py:3823} INFO - Setting next_dagrun for daily_revenue_etl_dag to 2026-01-07 00:00:00+00:00, run_after=2026-01-08 00:00:00+00:00
[2026-01-07T15:10:06.675+0000] {processor.py:183} INFO - Processing /opt/airflow/dags/daily_revenue_etl_dag.py took 0.062 seconds
[2026-01-07T15:10:06.699+0000] {processor.py:161} INFO - Started process (PID=3385) to work on /opt/airflow/dags/daily_revenue_etl_dag.py
[2026-01-07T15:10:06.699+0000] {processor.py:830} INFO - Processing file /opt/airflow/dags/daily_revenue_etl_dag.py for tasks to queue
[2026-01-07T15:10:06.700+0000] {logging_mixin.py:188} INFO - [2026-01-07T15:10:06.700+0000] {dagbag.py:538} INFO - Filling up the DagBag from /opt/airflow/dags/daily_revenue_etl_dag.py
[2026-01-07T15:10:06.713+0000] {processor.py:840} INFO - DAG(s) 'daily_revenue_etl_dag' retrieved from /opt/airflow/dags/daily_revenue_etl_dag.py
[2026-01-07T15:10:06.731+0000] {logging_mixin.py:188} INFO - [2026-01-07T15:10:06.731+0000] {dag.py:3036} INFO - Sync 1 DAGs
[2026-01-07T15:10:06.745+0000] {logging_mixin.py:188} INFO - [2026-01-07T15:10:06.745+0000] {dag.py:3823} INFO - Setting next_dagrun for daily_revenue_etl_dag to 2026-01-07 00:00:00+00:00, run_after=2026-01-08 00:00:00+00:00
[2026-01-07T15:10:06.757+0000] {processor.py:183} INFO - Processing /opt/airflow/dags/daily_revenue_etl_dag.py took 0.061 seconds
[2026-01-07T15:10:06.781+0000] {processor.py:161} INFO - Started process (PID=3390) to work on /opt/airflow/dags/daily_revenue_etl_dag.py
[2026-01-07T15:10:06.782+0000] {processor.py:830} INFO - Processing file /opt/airflow/dags/daily_revenue_etl_dag.py for tasks to queue
[2026-01-07T15:10:06.783+0000] {logging_mixin.py:188} INFO - [2026-01-07T15:10:06.782+0000] {dagbag.py:538} INFO - Filling up the DagBag from /opt/airflow/dags/daily_revenue_etl_dag.py
[2026-01-07T15:10:06.798+0000] {processor.py:840} INFO - DAG(s) 'daily_revenue_etl_dag' retrieved from /opt/airflow/dags/daily_revenue_etl_dag.py
[2026-01-07T15:10:06.815+0000] {logging_mixin.py:188} INFO - [2026-01-07T15:10:06.815+0000] {dag.py:3036} INFO - Sync 1 DAGs
[2026-01-07T15:10:06.831+0000] {logging_mixin.py:188} INFO - [2026-01-07T15:10:06.831+0000] {dag.py:3823} INFO - Setting next_dagrun for daily_revenue_etl_dag to 2026-01-07 00:00:00+00:00, run_after=2026-01-08 00:00:00+00:00
[2026-01-07T15:10:06.845+0000] {processor.py:183} INFO - Processing /opt/airflow/dags/daily_revenue_etl_dag.py took 0.066 seconds
[2026-01-07T15:10:06.876+0000] {processor.py:161} INFO - Started process (PID=3395) to work on /opt/airflow/dags/daily_revenue_etl_dag.py
[2026-01-07T15:10:06.877+0000] {processor.py:830} INFO - Processing file /opt/airflow/dags/daily_revenue_etl_dag.py for tasks to queue
[2026-01-07T15:10:06.878+0000] {logging_mixin.py:188} INFO - [2026-01-07T15:10:06.878+0000] {dagbag.py:538} INFO - Filling up the DagBag from /opt/airflow/dags/daily_revenue_etl_dag.py
[2026-01-07T15:10:06.892+0000] {processor.py:840} INFO - DAG(s) 'daily_revenue_etl_dag' retrieved from /opt/airflow/dags/daily_revenue_etl_dag.py
[2026-01-07T15:12:31.675+0000] {logging_mixin.py:188} INFO - [2026-01-07T15:12:31.675+0000] {dag.py:3036} INFO - Sync 1 DAGs
[2026-01-07T15:12:31.689+0000] {logging_mixin.py:188} INFO - [2026-01-07T15:12:31.689+0000] {dag.py:3823} INFO - Setting next_dagrun for daily_revenue_etl_dag to 2026-01-07 00:00:00+00:00, run_after=2026-01-08 00:00:00+00:00
[2026-01-07T15:12:31.703+0000] {processor.py:183} INFO - Processing /opt/airflow/dags/daily_revenue_etl_dag.py took 0.064 seconds
[2026-01-07T15:13:01.837+0000] {processor.py:161} INFO - Started process (PID=3400) to work on /opt/airflow/dags/daily_revenue_etl_dag.py
[2026-01-07T15:13:01.838+0000] {processor.py:830} INFO - Processing file /opt/airflow/dags/daily_revenue_etl_dag.py for tasks to queue
[2026-01-07T15:13:01.839+0000] {logging_mixin.py:188} INFO - [2026-01-07T15:13:01.838+0000] {dagbag.py:538} INFO - Filling up the DagBag from /opt/airflow/dags/daily_revenue_etl_dag.py
[2026-01-07T15:13:01.852+0000] {processor.py:840} INFO - DAG(s) 'daily_revenue_etl_dag' retrieved from /opt/airflow/dags/daily_revenue_etl_dag.py
[2026-01-07T15:13:01.869+0000] {logging_mixin.py:188} INFO - [2026-01-07T15:13:01.869+0000] {dag.py:3036} INFO - Sync 1 DAGs
[2026-01-07T15:13:01.885+0000] {logging_mixin.py:188} INFO - [2026-01-07T15:13:01.885+0000] {dag.py:3823} INFO - Setting next_dagrun for daily_revenue_etl_dag to 2026-01-07 00:00:00+00:00, run_after=2026-01-08 00:00:00+00:00
[2026-01-07T15:13:01.898+0000] {processor.py:183} INFO - Processing /opt/airflow/dags/daily_revenue_etl_dag.py took 0.063 seconds
[2026-01-07T15:11:07.233+0000] {processor.py:161} INFO - Started process (PID=3405) to work on /opt/airflow/dags/daily_revenue_etl_dag.py
[2026-01-07T15:11:07.234+0000] {processor.py:830} INFO - Processing file /opt/airflow/dags/daily_revenue_etl_dag.py for tasks to queue
[2026-01-07T15:11:07.235+0000] {logging_mixin.py:188} INFO - [2026-01-07T15:11:07.235+0000] {dagbag.py:538} INFO - Filling up the DagBag from /opt/airflow/dags/daily_revenue_etl_dag.py
[2026-01-07T15:11:07.247+0000] {processor.py:840} INFO - DAG(s) 'daily_revenue_etl_dag' retrieved from /opt/airflow/dags/daily_revenue_etl_dag.py
[2026-01-07T15:11:07.267+0000] {logging_mixin.py:188} INFO - [2026-01-07T15:11:07.267+0000] {dag.py:3036} INFO - Sync 1 DAGs
[2026-01-07T15:11:07.282+0000] {logging_mixin.py:188} INFO - [2026-01-07T15:11:07.281+0000] {dag.py:3823} INFO - Setting next_dagrun for daily_revenue_etl_dag to 2026-01-07 00:00:00+00:00, run_after=2026-01-08 00:00:00+00:00
[2026-01-07T15:11:07.294+0000] {processor.py:183} INFO - Processing /opt/airflow/dags/daily_revenue_etl_dag.py took 0.064 seconds
[2026-01-07T15:11:07.318+0000] {processor.py:161} INFO - Started process (PID=3410) to work on /opt/airflow/dags/daily_revenue_etl_dag.py
[2026-01-07T15:11:07.319+0000] {processor.py:830} INFO - Processing file /opt/airflow/dags/daily_revenue_etl_dag.py for tasks to queue
[2026-01-07T15:11:07.319+0000] {logging_mixin.py:188} INFO - [2026-01-07T15:11:07.319+0000] {dagbag.py:538} INFO - Filling up the DagBag from /opt/airflow/dags/daily_revenue_etl_dag.py
[2026-01-07T15:11:07.331+0000] {processor.py:840} INFO - DAG(s) 'daily_revenue_etl_dag' retrieved from /opt/airflow/dags/daily_revenue_etl_dag.py
[2026-01-07T15:11:07.348+0000] {logging_mixin.py:188} INFO - [2026-01-07T15:11:07.348+0000] {dag.py:3036} INFO - Sync 1 DAGs
[2026-01-07T15:11:07.364+0000] {logging_mixin.py:188} INFO - [2026-01-07T15:11:07.364+0000] {dag.py:3823} INFO - Setting next_dagrun for daily_revenue_etl_dag to 2026-01-07 00:00:00+00:00, run_after=2026-01-08 00:00:00+00:00
[2026-01-07T15:11:07.378+0000] {processor.py:183} INFO - Processing /opt/airflow/dags/daily_revenue_etl_dag.py took 0.063 seconds
[2026-01-07T15:11:07.407+0000] {processor.py:161} INFO - Started process (PID=3415) to work on /opt/airflow/dags/daily_revenue_etl_dag.py
[2026-01-07T15:11:07.408+0000] {processor.py:830} INFO - Processing file /opt/airflow/dags/daily_revenue_etl_dag.py for tasks to queue
[2026-01-07T15:11:07.409+0000] {logging_mixin.py:188} INFO - [2026-01-07T15:11:07.408+0000] {dagbag.py:538} INFO - Filling up the DagBag from /opt/airflow/dags/daily_revenue_etl_dag.py
[2026-01-07T15:11:07.424+0000] {processor.py:840} INFO - DAG(s) 'daily_revenue_etl_dag' retrieved from /opt/airflow/dags/daily_revenue_etl_dag.py
[2026-01-07T15:11:07.441+0000] {logging_mixin.py:188} INFO - [2026-01-07T15:11:07.441+0000] {dag.py:3036} INFO - Sync 1 DAGs
[2026-01-07T15:11:07.455+0000] {logging_mixin.py:188} INFO - [2026-01-07T15:11:07.455+0000] {dag.py:3823} INFO - Setting next_dagrun for daily_revenue_etl_dag to 2026-01-07 00:00:00+00:00, run_after=2026-01-08 00:00:00+00:00
[2026-01-07T15:11:07.467+0000] {processor.py:183} INFO - Processing /opt/airflow/dags/daily_revenue_etl_dag.py took 0.062 seconds
[2026-01-07T15:11:07.496+0000] {processor.py:161} INFO - Started process (PID=3420) to work on /opt/airflow/dags/daily_revenue_etl_dag.py
[2026-01-07T15:11:07.497+0000] {processor.py:830} INFO - Processing file /opt/airflow/dags/daily_revenue_etl_dag.py for tasks to queue
[2026-01-07T15:11:07.498+0000] {logging_mixin.py:188} INFO - [2026-01-07T15:11:07.497+0000] {dagbag.py:538} INFO - Filling up the DagBag from /opt/airflow/dags/daily_revenue_etl_dag.py
[2026-01-07T15:11:07.511+0000] {processor.py:840} INFO - DAG(s) 'daily_revenue_etl_dag' retrieved from /opt/airflow/dags/daily_revenue_etl_dag.py
[2026-01-07T15:11:07.530+0000] {logging_mixin.py:188} INFO - [2026-01-07T15:11:07.530+0000] {dag.py:3036} INFO - Sync 1 DAGs
[2026-01-07T15:11:07.544+0000] {logging_mixin.py:188} INFO - [2026-01-07T15:11:07.544+0000] {dag.py:3823} INFO - Setting next_dagrun for daily_revenue_etl_dag to 2026-01-07 00:00:00+00:00, run_after=2026-01-08 00:00:00+00:00
[2026-01-07T15:11:07.555+0000] {processor.py:183} INFO - Processing /opt/airflow/dags/daily_revenue_etl_dag.py took 0.062 seconds
[2026-01-07T15:11:07.579+0000] {processor.py:161} INFO - Started process (PID=3425) to work on /opt/airflow/dags/daily_revenue_etl_dag.py
[2026-01-07T15:11:07.580+0000] {processor.py:830} INFO - Processing file /opt/airflow/dags/daily_revenue_etl_dag.py for tasks to queue
[2026-01-07T15:11:07.580+0000] {logging_mixin.py:188} INFO - [2026-01-07T15:11:07.580+0000] {dagbag.py:538} INFO - Filling up the DagBag from /opt/airflow/dags/daily_revenue_etl_dag.py
[2026-01-07T15:11:07.592+0000] {processor.py:840} INFO - DAG(s) 'daily_revenue_etl_dag' retrieved from /opt/airflow/dags/daily_revenue_etl_dag.py
[2026-01-07T15:11:07.610+0000] {logging_mixin.py:188} INFO - [2026-01-07T15:11:07.610+0000] {dag.py:3036} INFO - Sync 1 DAGs
[2026-01-07T15:11:07.624+0000] {logging_mixin.py:188} INFO - [2026-01-07T15:11:07.623+0000] {dag.py:3823} INFO - Setting next_dagrun for daily_revenue_etl_dag to 2026-01-07 00:00:00+00:00, run_after=2026-01-08 00:00:00+00:00
[2026-01-07T15:11:07.636+0000] {processor.py:183} INFO - Processing /opt/airflow/dags/daily_revenue_etl_dag.py took 0.060 seconds
[2026-01-07T15:11:07.662+0000] {processor.py:161} INFO - Started process (PID=3430) to work on /opt/airflow/dags/daily_revenue_etl_dag.py
[2026-01-07T15:11:07.663+0000] {processor.py:830} INFO - Processing file /opt/airflow/dags/daily_revenue_etl_dag.py for tasks to queue
[2026-01-07T15:11:07.664+0000] {logging_mixin.py:188} INFO - [2026-01-07T15:11:07.663+0000] {dagbag.py:538} INFO - Filling up the DagBag from /opt/airflow/dags/daily_revenue_etl_dag.py
[2026-01-07T15:11:07.677+0000] {processor.py:840} INFO - DAG(s) 'daily_revenue_etl_dag' retrieved from /opt/airflow/dags/daily_revenue_etl_dag.py
[2026-01-07T15:11:07.696+0000] {logging_mixin.py:188} INFO - [2026-01-07T15:11:07.696+0000] {dag.py:3036} INFO - Sync 1 DAGs
[2026-01-07T15:11:07.712+0000] {logging_mixin.py:188} INFO - [2026-01-07T15:11:07.712+0000] {dag.py:3823} INFO - Setting next_dagrun for daily_revenue_etl_dag to 2026-01-07 00:00:00+00:00, run_after=2026-01-08 00:00:00+00:00
[2026-01-07T15:11:07.725+0000] {processor.py:183} INFO - Processing /opt/airflow/dags/daily_revenue_etl_dag.py took 0.067 seconds
[2026-01-07T15:11:07.751+0000] {processor.py:161} INFO - Started process (PID=3435) to work on /opt/airflow/dags/daily_revenue_etl_dag.py
[2026-01-07T15:11:07.752+0000] {processor.py:830} INFO - Processing file /opt/airflow/dags/daily_revenue_etl_dag.py for tasks to queue
[2026-01-07T15:11:07.753+0000] {logging_mixin.py:188} INFO - [2026-01-07T15:11:07.752+0000] {dagbag.py:538} INFO - Filling up the DagBag from /opt/airflow/dags/daily_revenue_etl_dag.py
[2026-01-07T15:11:07.768+0000] {processor.py:840} INFO - DAG(s) 'daily_revenue_etl_dag' retrieved from /opt/airflow/dags/daily_revenue_etl_dag.py
[2026-01-07T15:11:07.786+0000] {logging_mixin.py:188} INFO - [2026-01-07T15:11:07.785+0000] {dag.py:3036} INFO - Sync 1 DAGs
[2026-01-07T15:11:07.800+0000] {logging_mixin.py:188} INFO - [2026-01-07T15:11:07.800+0000] {dag.py:3823} INFO - Setting next_dagrun for daily_revenue_etl_dag to 2026-01-07 00:00:00+00:00, run_after=2026-01-08 00:00:00+00:00
[2026-01-07T15:11:07.812+0000] {processor.py:183} INFO - Processing /opt/airflow/dags/daily_revenue_etl_dag.py took 0.064 seconds
[2026-01-07T15:11:07.835+0000] {processor.py:161} INFO - Started process (PID=3440) to work on /opt/airflow/dags/daily_revenue_etl_dag.py
[2026-01-07T15:11:07.835+0000] {processor.py:830} INFO - Processing file /opt/airflow/dags/daily_revenue_etl_dag.py for tasks to queue
[2026-01-07T15:11:07.836+0000] {logging_mixin.py:188} INFO - [2026-01-07T15:11:07.836+0000] {dagbag.py:538} INFO - Filling up the DagBag from /opt/airflow/dags/daily_revenue_etl_dag.py
[2026-01-07T15:11:07.851+0000] {processor.py:840} INFO - DAG(s) 'daily_revenue_etl_dag' retrieved from /opt/airflow/dags/daily_revenue_etl_dag.py
[2026-01-07T15:11:07.868+0000] {logging_mixin.py:188} INFO - [2026-01-07T15:11:07.868+0000] {dag.py:3036} INFO - Sync 1 DAGs
[2026-01-07T15:11:07.883+0000] {logging_mixin.py:188} INFO - [2026-01-07T15:11:07.883+0000] {dag.py:3823} INFO - Setting next_dagrun for daily_revenue_etl_dag to 2026-01-07 00:00:00+00:00, run_after=2026-01-08 00:00:00+00:00
[2026-01-07T15:11:07.894+0000] {processor.py:183} INFO - Processing /opt/airflow/dags/daily_revenue_etl_dag.py took 0.062 seconds
[2026-01-07T15:11:07.917+0000] {processor.py:161} INFO - Started process (PID=3445) to work on /opt/airflow/dags/daily_revenue_etl_dag.py
[2026-01-07T15:11:07.919+0000] {processor.py:830} INFO - Processing file /opt/airflow/dags/daily_revenue_etl_dag.py for tasks to queue
[2026-01-07T15:11:07.920+0000] {logging_mixin.py:188} INFO - [2026-01-07T15:11:07.920+0000] {dagbag.py:538} INFO - Filling up the DagBag from /opt/airflow/dags/daily_revenue_etl_dag.py
[2026-01-07T15:11:07.932+0000] {processor.py:840} INFO - DAG(s) 'daily_revenue_etl_dag' retrieved from /opt/airflow/dags/daily_revenue_etl_dag.py
[2026-01-07T15:11:07.950+0000] {logging_mixin.py:188} INFO - [2026-01-07T15:11:07.950+0000] {dag.py:3036} INFO - Sync 1 DAGs
[2026-01-07T15:11:07.967+0000] {logging_mixin.py:188} INFO - [2026-01-07T15:11:07.967+0000] {dag.py:3823} INFO - Setting next_dagrun for daily_revenue_etl_dag to 2026-01-07 00:00:00+00:00, run_after=2026-01-08 00:00:00+00:00
[2026-01-07T15:11:07.981+0000] {processor.py:183} INFO - Processing /opt/airflow/dags/daily_revenue_etl_dag.py took 0.066 seconds
[2026-01-07T15:11:08.005+0000] {processor.py:161} INFO - Started process (PID=3450) to work on /opt/airflow/dags/daily_revenue_etl_dag.py
[2026-01-07T15:11:08.006+0000] {processor.py:830} INFO - Processing file /opt/airflow/dags/daily_revenue_etl_dag.py for tasks to queue
[2026-01-07T15:11:08.006+0000] {logging_mixin.py:188} INFO - [2026-01-07T15:11:08.006+0000] {dagbag.py:538} INFO - Filling up the DagBag from /opt/airflow/dags/daily_revenue_etl_dag.py
[2026-01-07T15:11:08.020+0000] {processor.py:840} INFO - DAG(s) 'daily_revenue_etl_dag' retrieved from /opt/airflow/dags/daily_revenue_etl_dag.py
[2026-01-07T15:11:08.037+0000] {logging_mixin.py:188} INFO - [2026-01-07T15:11:08.037+0000] {dag.py:3036} INFO - Sync 1 DAGs
[2026-01-07T15:11:08.052+0000] {logging_mixin.py:188} INFO - [2026-01-07T15:11:08.052+0000] {dag.py:3823} INFO - Setting next_dagrun for daily_revenue_etl_dag to 2026-01-07 00:00:00+00:00, run_after=2026-01-08 00:00:00+00:00
[2026-01-07T15:11:08.063+0000] {processor.py:183} INFO - Processing /opt/airflow/dags/daily_revenue_etl_dag.py took 0.061 seconds
[2026-01-07T15:11:08.088+0000] {processor.py:161} INFO - Started process (PID=3455) to work on /opt/airflow/dags/daily_revenue_etl_dag.py
[2026-01-07T15:11:08.089+0000] {processor.py:830} INFO - Processing file /opt/airflow/dags/daily_revenue_etl_dag.py for tasks to queue
[2026-01-07T15:11:08.089+0000] {logging_mixin.py:188} INFO - [2026-01-07T15:11:08.089+0000] {dagbag.py:538} INFO - Filling up the DagBag from /opt/airflow/dags/daily_revenue_etl_dag.py
[2026-01-07T15:11:08.102+0000] {processor.py:840} INFO - DAG(s) 'daily_revenue_etl_dag' retrieved from /opt/airflow/dags/daily_revenue_etl_dag.py
[2026-01-07T15:11:08.121+0000] {logging_mixin.py:188} INFO - [2026-01-07T15:11:08.120+0000] {dag.py:3036} INFO - Sync 1 DAGs
[2026-01-07T15:11:08.134+0000] {logging_mixin.py:188} INFO - [2026-01-07T15:11:08.134+0000] {dag.py:3823} INFO - Setting next_dagrun for daily_revenue_etl_dag to 2026-01-07 00:00:00+00:00, run_after=2026-01-08 00:00:00+00:00
[2026-01-07T15:11:08.146+0000] {processor.py:183} INFO - Processing /opt/airflow/dags/daily_revenue_etl_dag.py took 0.061 seconds
[2026-01-07T15:11:08.172+0000] {processor.py:161} INFO - Started process (PID=3460) to work on /opt/airflow/dags/daily_revenue_etl_dag.py
[2026-01-07T15:11:08.173+0000] {processor.py:830} INFO - Processing file /opt/airflow/dags/daily_revenue_etl_dag.py for tasks to queue
[2026-01-07T15:11:08.174+0000] {logging_mixin.py:188} INFO - [2026-01-07T15:11:08.174+0000] {dagbag.py:538} INFO - Filling up the DagBag from /opt/airflow/dags/daily_revenue_etl_dag.py
[2026-01-07T15:11:08.189+0000] {processor.py:840} INFO - DAG(s) 'daily_revenue_etl_dag' retrieved from /opt/airflow/dags/daily_revenue_etl_dag.py
[2026-01-07T15:11:08.208+0000] {logging_mixin.py:188} INFO - [2026-01-07T15:11:08.208+0000] {dag.py:3036} INFO - Sync 1 DAGs
[2026-01-07T15:11:08.224+0000] {logging_mixin.py:188} INFO - [2026-01-07T15:11:08.224+0000] {dag.py:3823} INFO - Setting next_dagrun for daily_revenue_etl_dag to 2026-01-07 00:00:00+00:00, run_after=2026-01-08 00:00:00+00:00
[2026-01-07T15:11:08.236+0000] {processor.py:183} INFO - Processing /opt/airflow/dags/daily_revenue_etl_dag.py took 0.066 seconds
[2026-01-07T15:11:08.260+0000] {processor.py:161} INFO - Started process (PID=3465) to work on /opt/airflow/dags/daily_revenue_etl_dag.py
[2026-01-07T15:11:08.261+0000] {processor.py:830} INFO - Processing file /opt/airflow/dags/daily_revenue_etl_dag.py for tasks to queue
[2026-01-07T15:11:08.262+0000] {logging_mixin.py:188} INFO - [2026-01-07T15:11:08.261+0000] {dagbag.py:538} INFO - Filling up the DagBag from /opt/airflow/dags/daily_revenue_etl_dag.py
[2026-01-07T15:11:08.273+0000] {processor.py:840} INFO - DAG(s) 'daily_revenue_etl_dag' retrieved from /opt/airflow/dags/daily_revenue_etl_dag.py
[2026-01-07T15:11:08.295+0000] {logging_mixin.py:188} INFO - [2026-01-07T15:11:08.295+0000] {dag.py:3036} INFO - Sync 1 DAGs
[2026-01-07T15:11:08.309+0000] {logging_mixin.py:188} INFO - [2026-01-07T15:11:08.309+0000] {dag.py:3823} INFO - Setting next_dagrun for daily_revenue_etl_dag to 2026-01-07 00:00:00+00:00, run_after=2026-01-08 00:00:00+00:00
[2026-01-07T15:11:08.327+0000] {processor.py:183} INFO - Processing /opt/airflow/dags/daily_revenue_etl_dag.py took 0.070 seconds
[2026-01-07T15:11:08.353+0000] {processor.py:161} INFO - Started process (PID=3470) to work on /opt/airflow/dags/daily_revenue_etl_dag.py
[2026-01-07T15:11:08.354+0000] {processor.py:830} INFO - Processing file /opt/airflow/dags/daily_revenue_etl_dag.py for tasks to queue
[2026-01-07T15:11:08.355+0000] {logging_mixin.py:188} INFO - [2026-01-07T15:11:08.355+0000] {dagbag.py:538} INFO - Filling up the DagBag from /opt/airflow/dags/daily_revenue_etl_dag.py
[2026-01-07T15:11:08.370+0000] {processor.py:840} INFO - DAG(s) 'daily_revenue_etl_dag' retrieved from /opt/airflow/dags/daily_revenue_etl_dag.py
[2026-01-07T15:11:08.388+0000] {logging_mixin.py:188} INFO - [2026-01-07T15:11:08.387+0000] {dag.py:3036} INFO - Sync 1 DAGs
[2026-01-07T15:11:08.401+0000] {logging_mixin.py:188} INFO - [2026-01-07T15:11:08.401+0000] {dag.py:3823} INFO - Setting next_dagrun for daily_revenue_etl_dag to 2026-01-07 00:00:00+00:00, run_after=2026-01-08 00:00:00+00:00
[2026-01-07T15:11:08.412+0000] {processor.py:183} INFO - Processing /opt/airflow/dags/daily_revenue_etl_dag.py took 0.062 seconds
[2026-01-07T15:11:08.440+0000] {processor.py:161} INFO - Started process (PID=3475) to work on /opt/airflow/dags/daily_revenue_etl_dag.py
[2026-01-07T15:11:08.441+0000] {processor.py:830} INFO - Processing file /opt/airflow/dags/daily_revenue_etl_dag.py for tasks to queue
[2026-01-07T15:11:08.443+0000] {logging_mixin.py:188} INFO - [2026-01-07T15:11:08.441+0000] {dagbag.py:538} INFO - Filling up the DagBag from /opt/airflow/dags/daily_revenue_etl_dag.py
[2026-01-07T15:11:08.463+0000] {processor.py:840} INFO - DAG(s) 'daily_revenue_etl_dag' retrieved from /opt/airflow/dags/daily_revenue_etl_dag.py
[2026-01-07T15:11:08.484+0000] {logging_mixin.py:188} INFO - [2026-01-07T15:11:08.484+0000] {dag.py:3036} INFO - Sync 1 DAGs
[2026-01-07T15:11:08.502+0000] {logging_mixin.py:188} INFO - [2026-01-07T15:11:08.501+0000] {dag.py:3823} INFO - Setting next_dagrun for daily_revenue_etl_dag to 2026-01-07 00:00:00+00:00, run_after=2026-01-08 00:00:00+00:00
[2026-01-07T15:11:08.515+0000] {processor.py:183} INFO - Processing /opt/airflow/dags/daily_revenue_etl_dag.py took 0.078 seconds
[2026-01-07T15:11:08.542+0000] {processor.py:161} INFO - Started process (PID=3480) to work on /opt/airflow/dags/daily_revenue_etl_dag.py
[2026-01-07T15:11:08.543+0000] {processor.py:830} INFO - Processing file /opt/airflow/dags/daily_revenue_etl_dag.py for tasks to queue
[2026-01-07T15:11:08.544+0000] {logging_mixin.py:188} INFO - [2026-01-07T15:11:08.543+0000] {dagbag.py:538} INFO - Filling up the DagBag from /opt/airflow/dags/daily_revenue_etl_dag.py
[2026-01-07T15:11:08.556+0000] {processor.py:840} INFO - DAG(s) 'daily_revenue_etl_dag' retrieved from /opt/airflow/dags/daily_revenue_etl_dag.py
[2026-01-07T15:11:08.572+0000] {logging_mixin.py:188} INFO - [2026-01-07T15:11:08.572+0000] {dag.py:3036} INFO - Sync 1 DAGs
[2026-01-07T15:11:08.586+0000] {logging_mixin.py:188} INFO - [2026-01-07T15:11:08.585+0000] {dag.py:3823} INFO - Setting next_dagrun for daily_revenue_etl_dag to 2026-01-07 00:00:00+00:00, run_after=2026-01-08 00:00:00+00:00
[2026-01-07T15:11:08.598+0000] {processor.py:183} INFO - Processing /opt/airflow/dags/daily_revenue_etl_dag.py took 0.059 seconds
[2026-01-07T15:11:08.624+0000] {processor.py:161} INFO - Started process (PID=3485) to work on /opt/airflow/dags/daily_revenue_etl_dag.py
[2026-01-07T15:11:08.626+0000] {processor.py:830} INFO - Processing file /opt/airflow/dags/daily_revenue_etl_dag.py for tasks to queue
[2026-01-07T15:11:08.626+0000] {logging_mixin.py:188} INFO - [2026-01-07T15:11:08.626+0000] {dagbag.py:538} INFO - Filling up the DagBag from /opt/airflow/dags/daily_revenue_etl_dag.py
[2026-01-07T15:11:08.641+0000] {processor.py:840} INFO - DAG(s) 'daily_revenue_etl_dag' retrieved from /opt/airflow/dags/daily_revenue_etl_dag.py
[2026-01-07T15:11:08.660+0000] {logging_mixin.py:188} INFO - [2026-01-07T15:11:08.660+0000] {dag.py:3036} INFO - Sync 1 DAGs
[2026-01-07T15:11:08.675+0000] {logging_mixin.py:188} INFO - [2026-01-07T15:11:08.675+0000] {dag.py:3823} INFO - Setting next_dagrun for daily_revenue_etl_dag to 2026-01-07 00:00:00+00:00, run_after=2026-01-08 00:00:00+00:00
[2026-01-07T15:11:08.688+0000] {processor.py:183} INFO - Processing /opt/airflow/dags/daily_revenue_etl_dag.py took 0.067 seconds
[2026-01-07T15:11:08.713+0000] {processor.py:161} INFO - Started process (PID=3490) to work on /opt/airflow/dags/daily_revenue_etl_dag.py
[2026-01-07T15:11:08.714+0000] {processor.py:830} INFO - Processing file /opt/airflow/dags/daily_revenue_etl_dag.py for tasks to queue
[2026-01-07T15:11:08.715+0000] {logging_mixin.py:188} INFO - [2026-01-07T15:11:08.715+0000] {dagbag.py:538} INFO - Filling up the DagBag from /opt/airflow/dags/daily_revenue_etl_dag.py
[2026-01-07T15:11:08.728+0000] {processor.py:840} INFO - DAG(s) 'daily_revenue_etl_dag' retrieved from /opt/airflow/dags/daily_revenue_etl_dag.py
[2026-01-07T15:11:08.744+0000] {logging_mixin.py:188} INFO - [2026-01-07T15:11:08.744+0000] {dag.py:3036} INFO - Sync 1 DAGs
[2026-01-07T15:11:08.758+0000] {logging_mixin.py:188} INFO - [2026-01-07T15:11:08.758+0000] {dag.py:3823} INFO - Setting next_dagrun for daily_revenue_etl_dag to 2026-01-07 00:00:00+00:00, run_after=2026-01-08 00:00:00+00:00
[2026-01-07T15:11:08.769+0000] {processor.py:183} INFO - Processing /opt/airflow/dags/daily_revenue_etl_dag.py took 0.058 seconds
[2026-01-07T15:11:08.798+0000] {processor.py:161} INFO - Started process (PID=3495) to work on /opt/airflow/dags/daily_revenue_etl_dag.py
[2026-01-07T15:11:08.799+0000] {processor.py:830} INFO - Processing file /opt/airflow/dags/daily_revenue_etl_dag.py for tasks to queue
[2026-01-07T15:11:08.799+0000] {logging_mixin.py:188} INFO - [2026-01-07T15:11:08.799+0000] {dagbag.py:538} INFO - Filling up the DagBag from /opt/airflow/dags/daily_revenue_etl_dag.py
[2026-01-07T15:11:08.811+0000] {processor.py:840} INFO - DAG(s) 'daily_revenue_etl_dag' retrieved from /opt/airflow/dags/daily_revenue_etl_dag.py
[2026-01-07T15:11:08.827+0000] {logging_mixin.py:188} INFO - [2026-01-07T15:11:08.827+0000] {dag.py:3036} INFO - Sync 1 DAGs
[2026-01-07T15:11:08.840+0000] {logging_mixin.py:188} INFO - [2026-01-07T15:11:08.840+0000] {dag.py:3823} INFO - Setting next_dagrun for daily_revenue_etl_dag to 2026-01-07 00:00:00+00:00, run_after=2026-01-08 00:00:00+00:00
[2026-01-07T15:11:08.852+0000] {processor.py:183} INFO - Processing /opt/airflow/dags/daily_revenue_etl_dag.py took 0.056 seconds
[2026-01-07T15:11:08.875+0000] {processor.py:161} INFO - Started process (PID=3500) to work on /opt/airflow/dags/daily_revenue_etl_dag.py
[2026-01-07T15:11:08.876+0000] {processor.py:830} INFO - Processing file /opt/airflow/dags/daily_revenue_etl_dag.py for tasks to queue
[2026-01-07T15:11:08.876+0000] {logging_mixin.py:188} INFO - [2026-01-07T15:11:08.876+0000] {dagbag.py:538} INFO - Filling up the DagBag from /opt/airflow/dags/daily_revenue_etl_dag.py
[2026-01-07T15:11:08.891+0000] {processor.py:840} INFO - DAG(s) 'daily_revenue_etl_dag' retrieved from /opt/airflow/dags/daily_revenue_etl_dag.py
[2026-01-07T15:11:08.907+0000] {logging_mixin.py:188} INFO - [2026-01-07T15:11:08.906+0000] {dag.py:3036} INFO - Sync 1 DAGs
[2026-01-07T15:11:08.924+0000] {logging_mixin.py:188} INFO - [2026-01-07T15:11:08.924+0000] {dag.py:3823} INFO - Setting next_dagrun for daily_revenue_etl_dag to 2026-01-07 00:00:00+00:00, run_after=2026-01-08 00:00:00+00:00
[2026-01-07T15:11:08.937+0000] {processor.py:183} INFO - Processing /opt/airflow/dags/daily_revenue_etl_dag.py took 0.064 seconds
[2026-01-07T15:11:08.967+0000] {processor.py:161} INFO - Started process (PID=3505) to work on /opt/airflow/dags/daily_revenue_etl_dag.py
[2026-01-07T15:11:08.968+0000] {processor.py:830} INFO - Processing file /opt/airflow/dags/daily_revenue_etl_dag.py for tasks to queue
[2026-01-07T15:11:08.969+0000] {logging_mixin.py:188} INFO - [2026-01-07T15:11:08.969+0000] {dagbag.py:538} INFO - Filling up the DagBag from /opt/airflow/dags/daily_revenue_etl_dag.py
[2026-01-07T15:11:08.984+0000] {processor.py:840} INFO - DAG(s) 'daily_revenue_etl_dag' retrieved from /opt/airflow/dags/daily_revenue_etl_dag.py
[2026-01-07T15:11:09.002+0000] {logging_mixin.py:188} INFO - [2026-01-07T15:11:09.002+0000] {dag.py:3036} INFO - Sync 1 DAGs
[2026-01-07T15:11:09.017+0000] {logging_mixin.py:188} INFO - [2026-01-07T15:11:09.017+0000] {dag.py:3823} INFO - Setting next_dagrun for daily_revenue_etl_dag to 2026-01-07 00:00:00+00:00, run_after=2026-01-08 00:00:00+00:00
[2026-01-07T15:11:09.030+0000] {processor.py:183} INFO - Processing /opt/airflow/dags/daily_revenue_etl_dag.py took 0.065 seconds
[2026-01-07T15:11:09.053+0000] {processor.py:161} INFO - Started process (PID=3510) to work on /opt/airflow/dags/daily_revenue_etl_dag.py
[2026-01-07T15:11:09.054+0000] {processor.py:830} INFO - Processing file /opt/airflow/dags/daily_revenue_etl_dag.py for tasks to queue
[2026-01-07T15:11:09.055+0000] {logging_mixin.py:188} INFO - [2026-01-07T15:11:09.055+0000] {dagbag.py:538} INFO - Filling up the DagBag from /opt/airflow/dags/daily_revenue_etl_dag.py
[2026-01-07T15:11:09.068+0000] {processor.py:840} INFO - DAG(s) 'daily_revenue_etl_dag' retrieved from /opt/airflow/dags/daily_revenue_etl_dag.py
[2026-01-07T15:11:09.086+0000] {logging_mixin.py:188} INFO - [2026-01-07T15:11:09.086+0000] {dag.py:3036} INFO - Sync 1 DAGs
[2026-01-07T15:11:09.101+0000] {logging_mixin.py:188} INFO - [2026-01-07T15:11:09.101+0000] {dag.py:3823} INFO - Setting next_dagrun for daily_revenue_etl_dag to 2026-01-07 00:00:00+00:00, run_after=2026-01-08 00:00:00+00:00
[2026-01-07T15:11:09.114+0000] {processor.py:183} INFO - Processing /opt/airflow/dags/daily_revenue_etl_dag.py took 0.063 seconds
[2026-01-07T15:11:09.142+0000] {processor.py:161} INFO - Started process (PID=3515) to work on /opt/airflow/dags/daily_revenue_etl_dag.py
[2026-01-07T15:11:09.143+0000] {processor.py:830} INFO - Processing file /opt/airflow/dags/daily_revenue_etl_dag.py for tasks to queue
[2026-01-07T15:11:09.144+0000] {logging_mixin.py:188} INFO - [2026-01-07T15:11:09.143+0000] {dagbag.py:538} INFO - Filling up the DagBag from /opt/airflow/dags/daily_revenue_etl_dag.py
[2026-01-07T15:11:09.159+0000] {processor.py:840} INFO - DAG(s) 'daily_revenue_etl_dag' retrieved from /opt/airflow/dags/daily_revenue_etl_dag.py
[2026-01-07T15:11:09.176+0000] {logging_mixin.py:188} INFO - [2026-01-07T15:11:09.176+0000] {dag.py:3036} INFO - Sync 1 DAGs
[2026-01-07T15:11:09.190+0000] {logging_mixin.py:188} INFO - [2026-01-07T15:11:09.190+0000] {dag.py:3823} INFO - Setting next_dagrun for daily_revenue_etl_dag to 2026-01-07 00:00:00+00:00, run_after=2026-01-08 00:00:00+00:00
[2026-01-07T15:11:09.200+0000] {processor.py:183} INFO - Processing /opt/airflow/dags/daily_revenue_etl_dag.py took 0.061 seconds
[2026-01-07T15:11:09.221+0000] {processor.py:161} INFO - Started process (PID=3520) to work on /opt/airflow/dags/daily_revenue_etl_dag.py
[2026-01-07T15:11:09.221+0000] {processor.py:830} INFO - Processing file /opt/airflow/dags/daily_revenue_etl_dag.py for tasks to queue
[2026-01-07T15:11:09.222+0000] {logging_mixin.py:188} INFO - [2026-01-07T15:11:09.222+0000] {dagbag.py:538} INFO - Filling up the DagBag from /opt/airflow/dags/daily_revenue_etl_dag.py
[2026-01-07T15:11:09.233+0000] {processor.py:840} INFO - DAG(s) 'daily_revenue_etl_dag' retrieved from /opt/airflow/dags/daily_revenue_etl_dag.py
[2026-01-07T15:11:09.249+0000] {logging_mixin.py:188} INFO - [2026-01-07T15:11:09.248+0000] {dag.py:3036} INFO - Sync 1 DAGs
[2026-01-07T15:11:09.262+0000] {logging_mixin.py:188} INFO - [2026-01-07T15:11:09.262+0000] {dag.py:3823} INFO - Setting next_dagrun for daily_revenue_etl_dag to 2026-01-07 00:00:00+00:00, run_after=2026-01-08 00:00:00+00:00
[2026-01-07T15:11:09.273+0000] {processor.py:183} INFO - Processing /opt/airflow/dags/daily_revenue_etl_dag.py took 0.055 seconds
[2026-01-07T15:11:09.293+0000] {processor.py:161} INFO - Started process (PID=3525) to work on /opt/airflow/dags/daily_revenue_etl_dag.py
[2026-01-07T15:11:09.294+0000] {processor.py:830} INFO - Processing file /opt/airflow/dags/daily_revenue_etl_dag.py for tasks to queue
[2026-01-07T15:11:09.295+0000] {logging_mixin.py:188} INFO - [2026-01-07T15:11:09.295+0000] {dagbag.py:538} INFO - Filling up the DagBag from /opt/airflow/dags/daily_revenue_etl_dag.py
[2026-01-07T15:11:09.307+0000] {processor.py:840} INFO - DAG(s) 'daily_revenue_etl_dag' retrieved from /opt/airflow/dags/daily_revenue_etl_dag.py
[2026-01-07T15:11:09.326+0000] {logging_mixin.py:188} INFO - [2026-01-07T15:11:09.326+0000] {dag.py:3036} INFO - Sync 1 DAGs
[2026-01-07T15:11:09.342+0000] {logging_mixin.py:188} INFO - [2026-01-07T15:11:09.342+0000] {dag.py:3823} INFO - Setting next_dagrun for daily_revenue_etl_dag to 2026-01-07 00:00:00+00:00, run_after=2026-01-08 00:00:00+00:00
[2026-01-07T15:11:09.355+0000] {processor.py:183} INFO - Processing /opt/airflow/dags/daily_revenue_etl_dag.py took 0.064 seconds
[2026-01-07T15:11:09.380+0000] {processor.py:161} INFO - Started process (PID=3530) to work on /opt/airflow/dags/daily_revenue_etl_dag.py
[2026-01-07T15:11:09.380+0000] {processor.py:830} INFO - Processing file /opt/airflow/dags/daily_revenue_etl_dag.py for tasks to queue
[2026-01-07T15:11:09.381+0000] {logging_mixin.py:188} INFO - [2026-01-07T15:11:09.381+0000] {dagbag.py:538} INFO - Filling up the DagBag from /opt/airflow/dags/daily_revenue_etl_dag.py
[2026-01-07T15:11:09.393+0000] {processor.py:840} INFO - DAG(s) 'daily_revenue_etl_dag' retrieved from /opt/airflow/dags/daily_revenue_etl_dag.py
[2026-01-07T15:11:09.411+0000] {logging_mixin.py:188} INFO - [2026-01-07T15:11:09.411+0000] {dag.py:3036} INFO - Sync 1 DAGs
[2026-01-07T15:11:09.425+0000] {logging_mixin.py:188} INFO - [2026-01-07T15:11:09.425+0000] {dag.py:3823} INFO - Setting next_dagrun for daily_revenue_etl_dag to 2026-01-07 00:00:00+00:00, run_after=2026-01-08 00:00:00+00:00
[2026-01-07T15:11:09.441+0000] {processor.py:183} INFO - Processing /opt/airflow/dags/daily_revenue_etl_dag.py took 0.064 seconds
[2026-01-07T15:11:09.465+0000] {processor.py:161} INFO - Started process (PID=3535) to work on /opt/airflow/dags/daily_revenue_etl_dag.py
[2026-01-07T15:11:09.466+0000] {processor.py:830} INFO - Processing file /opt/airflow/dags/daily_revenue_etl_dag.py for tasks to queue
[2026-01-07T15:11:09.467+0000] {logging_mixin.py:188} INFO - [2026-01-07T15:11:09.467+0000] {dagbag.py:538} INFO - Filling up the DagBag from /opt/airflow/dags/daily_revenue_etl_dag.py
[2026-01-07T15:11:09.480+0000] {processor.py:840} INFO - DAG(s) 'daily_revenue_etl_dag' retrieved from /opt/airflow/dags/daily_revenue_etl_dag.py
[2026-01-07T15:11:09.497+0000] {logging_mixin.py:188} INFO - [2026-01-07T15:11:09.497+0000] {dag.py:3036} INFO - Sync 1 DAGs
[2026-01-07T15:11:09.511+0000] {logging_mixin.py:188} INFO - [2026-01-07T15:11:09.511+0000] {dag.py:3823} INFO - Setting next_dagrun for daily_revenue_etl_dag to 2026-01-07 00:00:00+00:00, run_after=2026-01-08 00:00:00+00:00
[2026-01-07T15:11:09.523+0000] {processor.py:183} INFO - Processing /opt/airflow/dags/daily_revenue_etl_dag.py took 0.061 seconds
[2026-01-07T15:11:09.550+0000] {processor.py:161} INFO - Started process (PID=3540) to work on /opt/airflow/dags/daily_revenue_etl_dag.py
[2026-01-07T15:11:09.552+0000] {processor.py:830} INFO - Processing file /opt/airflow/dags/daily_revenue_etl_dag.py for tasks to queue
[2026-01-07T15:11:09.553+0000] {logging_mixin.py:188} INFO - [2026-01-07T15:11:09.552+0000] {dagbag.py:538} INFO - Filling up the DagBag from /opt/airflow/dags/daily_revenue_etl_dag.py
[2026-01-07T15:11:09.564+0000] {processor.py:840} INFO - DAG(s) 'daily_revenue_etl_dag' retrieved from /opt/airflow/dags/daily_revenue_etl_dag.py
[2026-01-07T15:11:09.581+0000] {logging_mixin.py:188} INFO - [2026-01-07T15:11:09.581+0000] {dag.py:3036} INFO - Sync 1 DAGs
[2026-01-07T15:11:09.595+0000] {logging_mixin.py:188} INFO - [2026-01-07T15:11:09.595+0000] {dag.py:3823} INFO - Setting next_dagrun for daily_revenue_etl_dag to 2026-01-07 00:00:00+00:00, run_after=2026-01-08 00:00:00+00:00
[2026-01-07T15:11:09.607+0000] {processor.py:183} INFO - Processing /opt/airflow/dags/daily_revenue_etl_dag.py took 0.060 seconds
[2026-01-07T15:11:09.631+0000] {processor.py:161} INFO - Started process (PID=3545) to work on /opt/airflow/dags/daily_revenue_etl_dag.py
[2026-01-07T15:11:09.632+0000] {processor.py:830} INFO - Processing file /opt/airflow/dags/daily_revenue_etl_dag.py for tasks to queue
[2026-01-07T15:11:09.633+0000] {logging_mixin.py:188} INFO - [2026-01-07T15:11:09.633+0000] {dagbag.py:538} INFO - Filling up the DagBag from /opt/airflow/dags/daily_revenue_etl_dag.py
[2026-01-07T15:11:09.645+0000] {processor.py:840} INFO - DAG(s) 'daily_revenue_etl_dag' retrieved from /opt/airflow/dags/daily_revenue_etl_dag.py
[2026-01-07T15:11:09.662+0000] {logging_mixin.py:188} INFO - [2026-01-07T15:11:09.662+0000] {dag.py:3036} INFO - Sync 1 DAGs
[2026-01-07T15:11:09.676+0000] {logging_mixin.py:188} INFO - [2026-01-07T15:11:09.675+0000] {dag.py:3823} INFO - Setting next_dagrun for daily_revenue_etl_dag to 2026-01-07 00:00:00+00:00, run_after=2026-01-08 00:00:00+00:00
[2026-01-07T15:11:09.687+0000] {processor.py:183} INFO - Processing /opt/airflow/dags/daily_revenue_etl_dag.py took 0.060 seconds
[2026-01-07T15:11:09.708+0000] {processor.py:161} INFO - Started process (PID=3550) to work on /opt/airflow/dags/daily_revenue_etl_dag.py
[2026-01-07T15:11:09.708+0000] {processor.py:830} INFO - Processing file /opt/airflow/dags/daily_revenue_etl_dag.py for tasks to queue
[2026-01-07T15:11:09.709+0000] {logging_mixin.py:188} INFO - [2026-01-07T15:11:09.709+0000] {dagbag.py:538} INFO - Filling up the DagBag from /opt/airflow/dags/daily_revenue_etl_dag.py
[2026-01-07T15:11:09.721+0000] {processor.py:840} INFO - DAG(s) 'daily_revenue_etl_dag' retrieved from /opt/airflow/dags/daily_revenue_etl_dag.py
[2026-01-07T15:11:09.737+0000] {logging_mixin.py:188} INFO - [2026-01-07T15:11:09.737+0000] {dag.py:3036} INFO - Sync 1 DAGs
[2026-01-07T15:11:09.754+0000] {logging_mixin.py:188} INFO - [2026-01-07T15:11:09.754+0000] {dag.py:3823} INFO - Setting next_dagrun for daily_revenue_etl_dag to 2026-01-07 00:00:00+00:00, run_after=2026-01-08 00:00:00+00:00
[2026-01-07T15:11:09.768+0000] {processor.py:183} INFO - Processing /opt/airflow/dags/daily_revenue_etl_dag.py took 0.063 seconds
[2026-01-07T15:11:09.797+0000] {processor.py:161} INFO - Started process (PID=3555) to work on /opt/airflow/dags/daily_revenue_etl_dag.py
[2026-01-07T15:11:09.798+0000] {processor.py:830} INFO - Processing file /opt/airflow/dags/daily_revenue_etl_dag.py for tasks to queue
[2026-01-07T15:11:09.799+0000] {logging_mixin.py:188} INFO - [2026-01-07T15:11:09.798+0000] {dagbag.py:538} INFO - Filling up the DagBag from /opt/airflow/dags/daily_revenue_etl_dag.py
[2026-01-07T15:11:09.815+0000] {processor.py:840} INFO - DAG(s) 'daily_revenue_etl_dag' retrieved from /opt/airflow/dags/daily_revenue_etl_dag.py
[2026-01-07T15:11:09.834+0000] {logging_mixin.py:188} INFO - [2026-01-07T15:11:09.834+0000] {dag.py:3036} INFO - Sync 1 DAGs
[2026-01-07T15:11:09.848+0000] {logging_mixin.py:188} INFO - [2026-01-07T15:11:09.848+0000] {dag.py:3823} INFO - Setting next_dagrun for daily_revenue_etl_dag to 2026-01-07 00:00:00+00:00, run_after=2026-01-08 00:00:00+00:00
[2026-01-07T15:11:09.859+0000] {processor.py:183} INFO - Processing /opt/airflow/dags/daily_revenue_etl_dag.py took 0.066 seconds
[2026-01-07T15:11:09.884+0000] {processor.py:161} INFO - Started process (PID=3560) to work on /opt/airflow/dags/daily_revenue_etl_dag.py
[2026-01-07T15:11:09.885+0000] {processor.py:830} INFO - Processing file /opt/airflow/dags/daily_revenue_etl_dag.py for tasks to queue
[2026-01-07T15:11:09.886+0000] {logging_mixin.py:188} INFO - [2026-01-07T15:11:09.886+0000] {dagbag.py:538} INFO - Filling up the DagBag from /opt/airflow/dags/daily_revenue_etl_dag.py
[2026-01-07T15:11:09.900+0000] {processor.py:840} INFO - DAG(s) 'daily_revenue_etl_dag' retrieved from /opt/airflow/dags/daily_revenue_etl_dag.py
[2026-01-07T15:11:09.916+0000] {logging_mixin.py:188} INFO - [2026-01-07T15:11:09.916+0000] {dag.py:3036} INFO - Sync 1 DAGs
[2026-01-07T15:11:09.931+0000] {logging_mixin.py:188} INFO - [2026-01-07T15:11:09.931+0000] {dag.py:3823} INFO - Setting next_dagrun for daily_revenue_etl_dag to 2026-01-07 00:00:00+00:00, run_after=2026-01-08 00:00:00+00:00
[2026-01-07T15:11:09.943+0000] {processor.py:183} INFO - Processing /opt/airflow/dags/daily_revenue_etl_dag.py took 0.062 seconds
[2026-01-07T15:11:09.981+0000] {processor.py:161} INFO - Started process (PID=3565) to work on /opt/airflow/dags/daily_revenue_etl_dag.py
[2026-01-07T15:11:09.982+0000] {processor.py:830} INFO - Processing file /opt/airflow/dags/daily_revenue_etl_dag.py for tasks to queue
[2026-01-07T15:11:09.983+0000] {logging_mixin.py:188} INFO - [2026-01-07T15:11:09.983+0000] {dagbag.py:538} INFO - Filling up the DagBag from /opt/airflow/dags/daily_revenue_etl_dag.py
[2026-01-07T15:11:10.000+0000] {processor.py:840} INFO - DAG(s) 'daily_revenue_etl_dag' retrieved from /opt/airflow/dags/daily_revenue_etl_dag.py
[2026-01-07T15:11:10.017+0000] {logging_mixin.py:188} INFO - [2026-01-07T15:11:10.017+0000] {dag.py:3036} INFO - Sync 1 DAGs
[2026-01-07T15:11:10.032+0000] {logging_mixin.py:188} INFO - [2026-01-07T15:11:10.031+0000] {dag.py:3823} INFO - Setting next_dagrun for daily_revenue_etl_dag to 2026-01-07 00:00:00+00:00, run_after=2026-01-08 00:00:00+00:00
[2026-01-07T15:11:10.046+0000] {processor.py:183} INFO - Processing /opt/airflow/dags/daily_revenue_etl_dag.py took 0.067 seconds
[2026-01-07T15:11:10.072+0000] {processor.py:161} INFO - Started process (PID=3570) to work on /opt/airflow/dags/daily_revenue_etl_dag.py
[2026-01-07T15:11:10.073+0000] {processor.py:830} INFO - Processing file /opt/airflow/dags/daily_revenue_etl_dag.py for tasks to queue
[2026-01-07T15:11:10.074+0000] {logging_mixin.py:188} INFO - [2026-01-07T15:11:10.073+0000] {dagbag.py:538} INFO - Filling up the DagBag from /opt/airflow/dags/daily_revenue_etl_dag.py
[2026-01-07T15:11:10.090+0000] {processor.py:840} INFO - DAG(s) 'daily_revenue_etl_dag' retrieved from /opt/airflow/dags/daily_revenue_etl_dag.py
[2026-01-07T15:11:10.108+0000] {logging_mixin.py:188} INFO - [2026-01-07T15:11:10.108+0000] {dag.py:3036} INFO - Sync 1 DAGs
[2026-01-07T15:11:10.122+0000] {logging_mixin.py:188} INFO - [2026-01-07T15:11:10.122+0000] {dag.py:3823} INFO - Setting next_dagrun for daily_revenue_etl_dag to 2026-01-07 00:00:00+00:00, run_after=2026-01-08 00:00:00+00:00
[2026-01-07T15:11:10.133+0000] {processor.py:183} INFO - Processing /opt/airflow/dags/daily_revenue_etl_dag.py took 0.064 seconds
[2026-01-07T15:11:10.158+0000] {processor.py:161} INFO - Started process (PID=3575) to work on /opt/airflow/dags/daily_revenue_etl_dag.py
[2026-01-07T15:11:10.160+0000] {processor.py:830} INFO - Processing file /opt/airflow/dags/daily_revenue_etl_dag.py for tasks to queue
[2026-01-07T15:11:10.160+0000] {logging_mixin.py:188} INFO - [2026-01-07T15:11:10.160+0000] {dagbag.py:538} INFO - Filling up the DagBag from /opt/airflow/dags/daily_revenue_etl_dag.py
[2026-01-07T15:11:10.172+0000] {processor.py:840} INFO - DAG(s) 'daily_revenue_etl_dag' retrieved from /opt/airflow/dags/daily_revenue_etl_dag.py
[2026-01-07T15:11:10.191+0000] {logging_mixin.py:188} INFO - [2026-01-07T15:11:10.191+0000] {dag.py:3036} INFO - Sync 1 DAGs
[2026-01-07T15:11:10.205+0000] {logging_mixin.py:188} INFO - [2026-01-07T15:11:10.205+0000] {dag.py:3823} INFO - Setting next_dagrun for daily_revenue_etl_dag to 2026-01-07 00:00:00+00:00, run_after=2026-01-08 00:00:00+00:00
[2026-01-07T15:11:10.217+0000] {processor.py:183} INFO - Processing /opt/airflow/dags/daily_revenue_etl_dag.py took 0.062 seconds
[2026-01-07T15:11:10.241+0000] {processor.py:161} INFO - Started process (PID=3580) to work on /opt/airflow/dags/daily_revenue_etl_dag.py
[2026-01-07T15:11:10.242+0000] {processor.py:830} INFO - Processing file /opt/airflow/dags/daily_revenue_etl_dag.py for tasks to queue
[2026-01-07T15:11:10.243+0000] {logging_mixin.py:188} INFO - [2026-01-07T15:11:10.243+0000] {dagbag.py:538} INFO - Filling up the DagBag from /opt/airflow/dags/daily_revenue_etl_dag.py
[2026-01-07T15:11:10.256+0000] {processor.py:840} INFO - DAG(s) 'daily_revenue_etl_dag' retrieved from /opt/airflow/dags/daily_revenue_etl_dag.py
[2026-01-07T15:11:10.274+0000] {logging_mixin.py:188} INFO - [2026-01-07T15:11:10.274+0000] {dag.py:3036} INFO - Sync 1 DAGs
[2026-01-07T15:11:10.289+0000] {logging_mixin.py:188} INFO - [2026-01-07T15:11:10.289+0000] {dag.py:3823} INFO - Setting next_dagrun for daily_revenue_etl_dag to 2026-01-07 00:00:00+00:00, run_after=2026-01-08 00:00:00+00:00
[2026-01-07T15:11:10.303+0000] {processor.py:183} INFO - Processing /opt/airflow/dags/daily_revenue_etl_dag.py took 0.065 seconds
[2026-01-07T15:11:10.329+0000] {processor.py:161} INFO - Started process (PID=3585) to work on /opt/airflow/dags/daily_revenue_etl_dag.py
[2026-01-07T15:11:10.330+0000] {processor.py:830} INFO - Processing file /opt/airflow/dags/daily_revenue_etl_dag.py for tasks to queue
[2026-01-07T15:11:10.332+0000] {logging_mixin.py:188} INFO - [2026-01-07T15:11:10.331+0000] {dagbag.py:538} INFO - Filling up the DagBag from /opt/airflow/dags/daily_revenue_etl_dag.py
[2026-01-07T15:11:10.346+0000] {processor.py:840} INFO - DAG(s) 'daily_revenue_etl_dag' retrieved from /opt/airflow/dags/daily_revenue_etl_dag.py
[2026-01-07T15:11:10.367+0000] {logging_mixin.py:188} INFO - [2026-01-07T15:11:10.366+0000] {dag.py:3036} INFO - Sync 1 DAGs
[2026-01-07T15:11:10.382+0000] {logging_mixin.py:188} INFO - [2026-01-07T15:11:10.381+0000] {dag.py:3823} INFO - Setting next_dagrun for daily_revenue_etl_dag to 2026-01-07 00:00:00+00:00, run_after=2026-01-08 00:00:00+00:00
[2026-01-07T15:11:10.394+0000] {processor.py:183} INFO - Processing /opt/airflow/dags/daily_revenue_etl_dag.py took 0.067 seconds
[2026-01-07T15:11:10.420+0000] {processor.py:161} INFO - Started process (PID=3590) to work on /opt/airflow/dags/daily_revenue_etl_dag.py
[2026-01-07T15:11:10.421+0000] {processor.py:830} INFO - Processing file /opt/airflow/dags/daily_revenue_etl_dag.py for tasks to queue
[2026-01-07T15:11:10.421+0000] {logging_mixin.py:188} INFO - [2026-01-07T15:11:10.421+0000] {dagbag.py:538} INFO - Filling up the DagBag from /opt/airflow/dags/daily_revenue_etl_dag.py
[2026-01-07T15:11:10.434+0000] {processor.py:840} INFO - DAG(s) 'daily_revenue_etl_dag' retrieved from /opt/airflow/dags/daily_revenue_etl_dag.py
[2026-01-07T15:11:10.452+0000] {logging_mixin.py:188} INFO - [2026-01-07T15:11:10.451+0000] {dag.py:3036} INFO - Sync 1 DAGs
[2026-01-07T15:11:10.464+0000] {logging_mixin.py:188} INFO - [2026-01-07T15:11:10.464+0000] {dag.py:3823} INFO - Setting next_dagrun for daily_revenue_etl_dag to 2026-01-07 00:00:00+00:00, run_after=2026-01-08 00:00:00+00:00
[2026-01-07T15:11:10.475+0000] {processor.py:183} INFO - Processing /opt/airflow/dags/daily_revenue_etl_dag.py took 0.058 seconds
[2026-01-07T15:11:10.502+0000] {processor.py:161} INFO - Started process (PID=3595) to work on /opt/airflow/dags/daily_revenue_etl_dag.py
[2026-01-07T15:11:10.503+0000] {processor.py:830} INFO - Processing file /opt/airflow/dags/daily_revenue_etl_dag.py for tasks to queue
[2026-01-07T15:11:10.503+0000] {logging_mixin.py:188} INFO - [2026-01-07T15:11:10.503+0000] {dagbag.py:538} INFO - Filling up the DagBag from /opt/airflow/dags/daily_revenue_etl_dag.py
[2026-01-07T15:11:10.516+0000] {processor.py:840} INFO - DAG(s) 'daily_revenue_etl_dag' retrieved from /opt/airflow/dags/daily_revenue_etl_dag.py
[2026-01-07T15:11:10.532+0000] {logging_mixin.py:188} INFO - [2026-01-07T15:11:10.532+0000] {dag.py:3036} INFO - Sync 1 DAGs
[2026-01-07T15:11:10.545+0000] {logging_mixin.py:188} INFO - [2026-01-07T15:11:10.545+0000] {dag.py:3823} INFO - Setting next_dagrun for daily_revenue_etl_dag to 2026-01-07 00:00:00+00:00, run_after=2026-01-08 00:00:00+00:00
[2026-01-07T15:11:10.555+0000] {processor.py:183} INFO - Processing /opt/airflow/dags/daily_revenue_etl_dag.py took 0.056 seconds
[2026-01-07T15:11:10.579+0000] {processor.py:161} INFO - Started process (PID=3600) to work on /opt/airflow/dags/daily_revenue_etl_dag.py
[2026-01-07T15:11:10.579+0000] {processor.py:830} INFO - Processing file /opt/airflow/dags/daily_revenue_etl_dag.py for tasks to queue
[2026-01-07T15:11:10.580+0000] {logging_mixin.py:188} INFO - [2026-01-07T15:11:10.580+0000] {dagbag.py:538} INFO - Filling up the DagBag from /opt/airflow/dags/daily_revenue_etl_dag.py
[2026-01-07T15:11:10.592+0000] {processor.py:840} INFO - DAG(s) 'daily_revenue_etl_dag' retrieved from /opt/airflow/dags/daily_revenue_etl_dag.py
[2026-01-07T15:11:10.607+0000] {logging_mixin.py:188} INFO - [2026-01-07T15:11:10.607+0000] {dag.py:3036} INFO - Sync 1 DAGs
[2026-01-07T15:11:10.620+0000] {logging_mixin.py:188} INFO - [2026-01-07T15:11:10.620+0000] {dag.py:3823} INFO - Setting next_dagrun for daily_revenue_etl_dag to 2026-01-07 00:00:00+00:00, run_after=2026-01-08 00:00:00+00:00
[2026-01-07T15:11:10.630+0000] {processor.py:183} INFO - Processing /opt/airflow/dags/daily_revenue_etl_dag.py took 0.054 seconds
[2026-01-07T15:11:10.651+0000] {processor.py:161} INFO - Started process (PID=3605) to work on /opt/airflow/dags/daily_revenue_etl_dag.py
[2026-01-07T15:11:10.651+0000] {processor.py:830} INFO - Processing file /opt/airflow/dags/daily_revenue_etl_dag.py for tasks to queue
[2026-01-07T15:11:10.652+0000] {logging_mixin.py:188} INFO - [2026-01-07T15:11:10.652+0000] {dagbag.py:538} INFO - Filling up the DagBag from /opt/airflow/dags/daily_revenue_etl_dag.py
[2026-01-07T15:11:10.663+0000] {processor.py:840} INFO - DAG(s) 'daily_revenue_etl_dag' retrieved from /opt/airflow/dags/daily_revenue_etl_dag.py
[2026-01-07T15:11:10.679+0000] {logging_mixin.py:188} INFO - [2026-01-07T15:11:10.679+0000] {dag.py:3036} INFO - Sync 1 DAGs
[2026-01-07T15:11:10.692+0000] {logging_mixin.py:188} INFO - [2026-01-07T15:11:10.692+0000] {dag.py:3823} INFO - Setting next_dagrun for daily_revenue_etl_dag to 2026-01-07 00:00:00+00:00, run_after=2026-01-08 00:00:00+00:00
[2026-01-07T15:11:10.702+0000] {processor.py:183} INFO - Processing /opt/airflow/dags/daily_revenue_etl_dag.py took 0.053 seconds
[2026-01-07T15:11:10.723+0000] {processor.py:161} INFO - Started process (PID=3610) to work on /opt/airflow/dags/daily_revenue_etl_dag.py
[2026-01-07T15:11:10.724+0000] {processor.py:830} INFO - Processing file /opt/airflow/dags/daily_revenue_etl_dag.py for tasks to queue
[2026-01-07T15:11:10.725+0000] {logging_mixin.py:188} INFO - [2026-01-07T15:11:10.724+0000] {dagbag.py:538} INFO - Filling up the DagBag from /opt/airflow/dags/daily_revenue_etl_dag.py
[2026-01-07T15:11:10.736+0000] {processor.py:840} INFO - DAG(s) 'daily_revenue_etl_dag' retrieved from /opt/airflow/dags/daily_revenue_etl_dag.py
[2026-01-07T15:11:10.751+0000] {logging_mixin.py:188} INFO - [2026-01-07T15:11:10.751+0000] {dag.py:3036} INFO - Sync 1 DAGs
[2026-01-07T15:11:10.764+0000] {logging_mixin.py:188} INFO - [2026-01-07T15:11:10.764+0000] {dag.py:3823} INFO - Setting next_dagrun for daily_revenue_etl_dag to 2026-01-07 00:00:00+00:00, run_after=2026-01-08 00:00:00+00:00
[2026-01-07T15:11:10.774+0000] {processor.py:183} INFO - Processing /opt/airflow/dags/daily_revenue_etl_dag.py took 0.053 seconds
[2026-01-07T15:11:10.798+0000] {processor.py:161} INFO - Started process (PID=3615) to work on /opt/airflow/dags/daily_revenue_etl_dag.py
[2026-01-07T15:11:10.799+0000] {processor.py:830} INFO - Processing file /opt/airflow/dags/daily_revenue_etl_dag.py for tasks to queue
[2026-01-07T15:11:10.799+0000] {logging_mixin.py:188} INFO - [2026-01-07T15:11:10.799+0000] {dagbag.py:538} INFO - Filling up the DagBag from /opt/airflow/dags/daily_revenue_etl_dag.py
[2026-01-07T15:11:10.812+0000] {processor.py:840} INFO - DAG(s) 'daily_revenue_etl_dag' retrieved from /opt/airflow/dags/daily_revenue_etl_dag.py
[2026-01-07T15:11:10.827+0000] {logging_mixin.py:188} INFO - [2026-01-07T15:11:10.827+0000] {dag.py:3036} INFO - Sync 1 DAGs
[2026-01-07T15:11:10.840+0000] {logging_mixin.py:188} INFO - [2026-01-07T15:11:10.840+0000] {dag.py:3823} INFO - Setting next_dagrun for daily_revenue_etl_dag to 2026-01-07 00:00:00+00:00, run_after=2026-01-08 00:00:00+00:00
[2026-01-07T15:11:10.850+0000] {processor.py:183} INFO - Processing /opt/airflow/dags/daily_revenue_etl_dag.py took 0.055 seconds
[2026-01-07T15:11:10.872+0000] {processor.py:161} INFO - Started process (PID=3620) to work on /opt/airflow/dags/daily_revenue_etl_dag.py
[2026-01-07T15:11:10.872+0000] {processor.py:830} INFO - Processing file /opt/airflow/dags/daily_revenue_etl_dag.py for tasks to queue
[2026-01-07T15:11:10.873+0000] {logging_mixin.py:188} INFO - [2026-01-07T15:11:10.873+0000] {dagbag.py:538} INFO - Filling up the DagBag from /opt/airflow/dags/daily_revenue_etl_dag.py
[2026-01-07T15:11:10.886+0000] {processor.py:840} INFO - DAG(s) 'daily_revenue_etl_dag' retrieved from /opt/airflow/dags/daily_revenue_etl_dag.py
[2026-01-07T15:11:10.902+0000] {logging_mixin.py:188} INFO - [2026-01-07T15:11:10.901+0000] {dag.py:3036} INFO - Sync 1 DAGs
[2026-01-07T15:11:10.914+0000] {logging_mixin.py:188} INFO - [2026-01-07T15:11:10.914+0000] {dag.py:3823} INFO - Setting next_dagrun for daily_revenue_etl_dag to 2026-01-07 00:00:00+00:00, run_after=2026-01-08 00:00:00+00:00
[2026-01-07T15:11:10.924+0000] {processor.py:183} INFO - Processing /opt/airflow/dags/daily_revenue_etl_dag.py took 0.055 seconds
[2026-01-07T15:11:10.947+0000] {processor.py:161} INFO - Started process (PID=3625) to work on /opt/airflow/dags/daily_revenue_etl_dag.py
[2026-01-07T15:11:10.947+0000] {processor.py:830} INFO - Processing file /opt/airflow/dags/daily_revenue_etl_dag.py for tasks to queue
[2026-01-07T15:11:10.948+0000] {logging_mixin.py:188} INFO - [2026-01-07T15:11:10.948+0000] {dagbag.py:538} INFO - Filling up the DagBag from /opt/airflow/dags/daily_revenue_etl_dag.py
[2026-01-07T15:11:10.961+0000] {processor.py:840} INFO - DAG(s) 'daily_revenue_etl_dag' retrieved from /opt/airflow/dags/daily_revenue_etl_dag.py
[2026-01-07T15:11:10.978+0000] {logging_mixin.py:188} INFO - [2026-01-07T15:11:10.978+0000] {dag.py:3036} INFO - Sync 1 DAGs
[2026-01-07T15:11:10.993+0000] {logging_mixin.py:188} INFO - [2026-01-07T15:11:10.993+0000] {dag.py:3823} INFO - Setting next_dagrun for daily_revenue_etl_dag to 2026-01-07 00:00:00+00:00, run_after=2026-01-08 00:00:00+00:00
[2026-01-07T15:11:11.005+0000] {processor.py:183} INFO - Processing /opt/airflow/dags/daily_revenue_etl_dag.py took 0.061 seconds
[2026-01-07T15:11:11.029+0000] {processor.py:161} INFO - Started process (PID=3630) to work on /opt/airflow/dags/daily_revenue_etl_dag.py
[2026-01-07T15:11:11.030+0000] {processor.py:830} INFO - Processing file /opt/airflow/dags/daily_revenue_etl_dag.py for tasks to queue
[2026-01-07T15:11:11.030+0000] {logging_mixin.py:188} INFO - [2026-01-07T15:11:11.030+0000] {dagbag.py:538} INFO - Filling up the DagBag from /opt/airflow/dags/daily_revenue_etl_dag.py
[2026-01-07T15:11:11.045+0000] {processor.py:840} INFO - DAG(s) 'daily_revenue_etl_dag' retrieved from /opt/airflow/dags/daily_revenue_etl_dag.py
[2026-01-07T15:11:11.061+0000] {logging_mixin.py:188} INFO - [2026-01-07T15:11:11.060+0000] {dag.py:3036} INFO - Sync 1 DAGs
[2026-01-07T15:11:11.073+0000] {logging_mixin.py:188} INFO - [2026-01-07T15:11:11.073+0000] {dag.py:3823} INFO - Setting next_dagrun for daily_revenue_etl_dag to 2026-01-07 00:00:00+00:00, run_after=2026-01-08 00:00:00+00:00
[2026-01-07T15:11:11.085+0000] {processor.py:183} INFO - Processing /opt/airflow/dags/daily_revenue_etl_dag.py took 0.058 seconds
[2026-01-07T15:11:11.106+0000] {processor.py:161} INFO - Started process (PID=3635) to work on /opt/airflow/dags/daily_revenue_etl_dag.py
[2026-01-07T15:11:11.106+0000] {processor.py:830} INFO - Processing file /opt/airflow/dags/daily_revenue_etl_dag.py for tasks to queue
[2026-01-07T15:11:11.107+0000] {logging_mixin.py:188} INFO - [2026-01-07T15:11:11.107+0000] {dagbag.py:538} INFO - Filling up the DagBag from /opt/airflow/dags/daily_revenue_etl_dag.py
[2026-01-07T15:11:11.122+0000] {processor.py:840} INFO - DAG(s) 'daily_revenue_etl_dag' retrieved from /opt/airflow/dags/daily_revenue_etl_dag.py
[2026-01-07T15:11:11.138+0000] {logging_mixin.py:188} INFO - [2026-01-07T15:11:11.137+0000] {dag.py:3036} INFO - Sync 1 DAGs
[2026-01-07T15:11:11.150+0000] {logging_mixin.py:188} INFO - [2026-01-07T15:11:11.150+0000] {dag.py:3823} INFO - Setting next_dagrun for daily_revenue_etl_dag to 2026-01-07 00:00:00+00:00, run_after=2026-01-08 00:00:00+00:00
[2026-01-07T15:11:11.169+0000] {processor.py:183} INFO - Processing /opt/airflow/dags/daily_revenue_etl_dag.py took 0.065 seconds
[2026-01-07T15:11:11.194+0000] {processor.py:161} INFO - Started process (PID=3640) to work on /opt/airflow/dags/daily_revenue_etl_dag.py
[2026-01-07T15:11:11.195+0000] {processor.py:830} INFO - Processing file /opt/airflow/dags/daily_revenue_etl_dag.py for tasks to queue
[2026-01-07T15:11:11.195+0000] {logging_mixin.py:188} INFO - [2026-01-07T15:11:11.195+0000] {dagbag.py:538} INFO - Filling up the DagBag from /opt/airflow/dags/daily_revenue_etl_dag.py
[2026-01-07T15:11:11.207+0000] {processor.py:840} INFO - DAG(s) 'daily_revenue_etl_dag' retrieved from /opt/airflow/dags/daily_revenue_etl_dag.py
[2026-01-07T15:11:11.222+0000] {logging_mixin.py:188} INFO - [2026-01-07T15:11:11.221+0000] {dag.py:3036} INFO - Sync 1 DAGs
[2026-01-07T15:11:11.234+0000] {logging_mixin.py:188} INFO - [2026-01-07T15:11:11.234+0000] {dag.py:3823} INFO - Setting next_dagrun for daily_revenue_etl_dag to 2026-01-07 00:00:00+00:00, run_after=2026-01-08 00:00:00+00:00
[2026-01-07T15:11:11.245+0000] {processor.py:183} INFO - Processing /opt/airflow/dags/daily_revenue_etl_dag.py took 0.053 seconds
[2026-01-07T15:11:11.265+0000] {processor.py:161} INFO - Started process (PID=3645) to work on /opt/airflow/dags/daily_revenue_etl_dag.py
[2026-01-07T15:11:11.266+0000] {processor.py:830} INFO - Processing file /opt/airflow/dags/daily_revenue_etl_dag.py for tasks to queue
[2026-01-07T15:11:11.267+0000] {logging_mixin.py:188} INFO - [2026-01-07T15:11:11.267+0000] {dagbag.py:538} INFO - Filling up the DagBag from /opt/airflow/dags/daily_revenue_etl_dag.py
[2026-01-07T15:11:11.278+0000] {processor.py:840} INFO - DAG(s) 'daily_revenue_etl_dag' retrieved from /opt/airflow/dags/daily_revenue_etl_dag.py
[2026-01-07T15:11:11.294+0000] {logging_mixin.py:188} INFO - [2026-01-07T15:11:11.293+0000] {dag.py:3036} INFO - Sync 1 DAGs
[2026-01-07T15:11:11.307+0000] {logging_mixin.py:188} INFO - [2026-01-07T15:11:11.307+0000] {dag.py:3823} INFO - Setting next_dagrun for daily_revenue_etl_dag to 2026-01-07 00:00:00+00:00, run_after=2026-01-08 00:00:00+00:00
[2026-01-07T15:11:11.318+0000] {processor.py:183} INFO - Processing /opt/airflow/dags/daily_revenue_etl_dag.py took 0.055 seconds
[2026-01-07T15:11:11.339+0000] {processor.py:161} INFO - Started process (PID=3650) to work on /opt/airflow/dags/daily_revenue_etl_dag.py
[2026-01-07T15:11:11.340+0000] {processor.py:830} INFO - Processing file /opt/airflow/dags/daily_revenue_etl_dag.py for tasks to queue
[2026-01-07T15:11:11.341+0000] {logging_mixin.py:188} INFO - [2026-01-07T15:11:11.341+0000] {dagbag.py:538} INFO - Filling up the DagBag from /opt/airflow/dags/daily_revenue_etl_dag.py
[2026-01-07T15:11:11.352+0000] {processor.py:840} INFO - DAG(s) 'daily_revenue_etl_dag' retrieved from /opt/airflow/dags/daily_revenue_etl_dag.py
[2026-01-07T15:11:11.367+0000] {logging_mixin.py:188} INFO - [2026-01-07T15:11:11.367+0000] {dag.py:3036} INFO - Sync 1 DAGs
[2026-01-07T15:11:11.380+0000] {logging_mixin.py:188} INFO - [2026-01-07T15:11:11.380+0000] {dag.py:3823} INFO - Setting next_dagrun for daily_revenue_etl_dag to 2026-01-07 00:00:00+00:00, run_after=2026-01-08 00:00:00+00:00
[2026-01-07T15:11:11.391+0000] {processor.py:183} INFO - Processing /opt/airflow/dags/daily_revenue_etl_dag.py took 0.054 seconds
[2026-01-07T15:11:11.411+0000] {processor.py:161} INFO - Started process (PID=3655) to work on /opt/airflow/dags/daily_revenue_etl_dag.py
[2026-01-07T15:11:11.412+0000] {processor.py:830} INFO - Processing file /opt/airflow/dags/daily_revenue_etl_dag.py for tasks to queue
[2026-01-07T15:11:11.413+0000] {logging_mixin.py:188} INFO - [2026-01-07T15:11:11.412+0000] {dagbag.py:538} INFO - Filling up the DagBag from /opt/airflow/dags/daily_revenue_etl_dag.py
[2026-01-07T15:11:11.424+0000] {processor.py:840} INFO - DAG(s) 'daily_revenue_etl_dag' retrieved from /opt/airflow/dags/daily_revenue_etl_dag.py
[2026-01-07T15:11:11.440+0000] {logging_mixin.py:188} INFO - [2026-01-07T15:11:11.439+0000] {dag.py:3036} INFO - Sync 1 DAGs
[2026-01-07T15:11:11.452+0000] {logging_mixin.py:188} INFO - [2026-01-07T15:11:11.452+0000] {dag.py:3823} INFO - Setting next_dagrun for daily_revenue_etl_dag to 2026-01-07 00:00:00+00:00, run_after=2026-01-08 00:00:00+00:00
[2026-01-07T15:11:11.463+0000] {processor.py:183} INFO - Processing /opt/airflow/dags/daily_revenue_etl_dag.py took 0.054 seconds
[2026-01-07T15:11:11.486+0000] {processor.py:161} INFO - Started process (PID=3660) to work on /opt/airflow/dags/daily_revenue_etl_dag.py
[2026-01-07T15:11:11.487+0000] {processor.py:830} INFO - Processing file /opt/airflow/dags/daily_revenue_etl_dag.py for tasks to queue
[2026-01-07T15:11:11.488+0000] {logging_mixin.py:188} INFO - [2026-01-07T15:11:11.487+0000] {dagbag.py:538} INFO - Filling up the DagBag from /opt/airflow/dags/daily_revenue_etl_dag.py
[2026-01-07T15:11:11.499+0000] {processor.py:840} INFO - DAG(s) 'daily_revenue_etl_dag' retrieved from /opt/airflow/dags/daily_revenue_etl_dag.py
[2026-01-07T15:11:11.514+0000] {logging_mixin.py:188} INFO - [2026-01-07T15:11:11.514+0000] {dag.py:3036} INFO - Sync 1 DAGs
[2026-01-07T15:11:11.527+0000] {logging_mixin.py:188} INFO - [2026-01-07T15:11:11.527+0000] {dag.py:3823} INFO - Setting next_dagrun for daily_revenue_etl_dag to 2026-01-07 00:00:00+00:00, run_after=2026-01-08 00:00:00+00:00
[2026-01-07T15:11:11.537+0000] {processor.py:183} INFO - Processing /opt/airflow/dags/daily_revenue_etl_dag.py took 0.053 seconds
[2026-01-07T15:11:11.559+0000] {processor.py:161} INFO - Started process (PID=3665) to work on /opt/airflow/dags/daily_revenue_etl_dag.py
[2026-01-07T15:11:11.559+0000] {processor.py:830} INFO - Processing file /opt/airflow/dags/daily_revenue_etl_dag.py for tasks to queue
[2026-01-07T15:11:11.560+0000] {logging_mixin.py:188} INFO - [2026-01-07T15:11:11.560+0000] {dagbag.py:538} INFO - Filling up the DagBag from /opt/airflow/dags/daily_revenue_etl_dag.py
[2026-01-07T15:11:11.571+0000] {processor.py:840} INFO - DAG(s) 'daily_revenue_etl_dag' retrieved from /opt/airflow/dags/daily_revenue_etl_dag.py
[2026-01-07T15:11:11.587+0000] {logging_mixin.py:188} INFO - [2026-01-07T15:11:11.587+0000] {dag.py:3036} INFO - Sync 1 DAGs
[2026-01-07T15:11:11.599+0000] {logging_mixin.py:188} INFO - [2026-01-07T15:11:11.599+0000] {dag.py:3823} INFO - Setting next_dagrun for daily_revenue_etl_dag to 2026-01-07 00:00:00+00:00, run_after=2026-01-08 00:00:00+00:00
[2026-01-07T15:11:11.609+0000] {processor.py:183} INFO - Processing /opt/airflow/dags/daily_revenue_etl_dag.py took 0.053 seconds
[2026-01-07T15:11:11.630+0000] {processor.py:161} INFO - Started process (PID=3670) to work on /opt/airflow/dags/daily_revenue_etl_dag.py
[2026-01-07T15:11:11.631+0000] {processor.py:830} INFO - Processing file /opt/airflow/dags/daily_revenue_etl_dag.py for tasks to queue
[2026-01-07T15:11:11.632+0000] {logging_mixin.py:188} INFO - [2026-01-07T15:11:11.631+0000] {dagbag.py:538} INFO - Filling up the DagBag from /opt/airflow/dags/daily_revenue_etl_dag.py
[2026-01-07T15:11:11.643+0000] {processor.py:840} INFO - DAG(s) 'daily_revenue_etl_dag' retrieved from /opt/airflow/dags/daily_revenue_etl_dag.py
[2026-01-07T15:11:11.658+0000] {logging_mixin.py:188} INFO - [2026-01-07T15:11:11.658+0000] {dag.py:3036} INFO - Sync 1 DAGs
[2026-01-07T15:11:11.670+0000] {logging_mixin.py:188} INFO - [2026-01-07T15:11:11.670+0000] {dag.py:3823} INFO - Setting next_dagrun for daily_revenue_etl_dag to 2026-01-07 00:00:00+00:00, run_after=2026-01-08 00:00:00+00:00
[2026-01-07T15:11:11.680+0000] {processor.py:183} INFO - Processing /opt/airflow/dags/daily_revenue_etl_dag.py took 0.053 seconds
[2026-01-07T15:11:11.701+0000] {processor.py:161} INFO - Started process (PID=3675) to work on /opt/airflow/dags/daily_revenue_etl_dag.py
[2026-01-07T15:11:11.701+0000] {processor.py:830} INFO - Processing file /opt/airflow/dags/daily_revenue_etl_dag.py for tasks to queue
[2026-01-07T15:11:11.702+0000] {logging_mixin.py:188} INFO - [2026-01-07T15:11:11.702+0000] {dagbag.py:538} INFO - Filling up the DagBag from /opt/airflow/dags/daily_revenue_etl_dag.py
[2026-01-07T15:11:11.713+0000] {processor.py:840} INFO - DAG(s) 'daily_revenue_etl_dag' retrieved from /opt/airflow/dags/daily_revenue_etl_dag.py
[2026-01-07T15:11:11.728+0000] {logging_mixin.py:188} INFO - [2026-01-07T15:11:11.728+0000] {dag.py:3036} INFO - Sync 1 DAGs
[2026-01-07T15:11:11.741+0000] {logging_mixin.py:188} INFO - [2026-01-07T15:11:11.740+0000] {dag.py:3823} INFO - Setting next_dagrun for daily_revenue_etl_dag to 2026-01-07 00:00:00+00:00, run_after=2026-01-08 00:00:00+00:00
[2026-01-07T15:11:11.751+0000] {processor.py:183} INFO - Processing /opt/airflow/dags/daily_revenue_etl_dag.py took 0.053 seconds
[2026-01-07T15:11:11.772+0000] {processor.py:161} INFO - Started process (PID=3680) to work on /opt/airflow/dags/daily_revenue_etl_dag.py
[2026-01-07T15:11:11.772+0000] {processor.py:830} INFO - Processing file /opt/airflow/dags/daily_revenue_etl_dag.py for tasks to queue
[2026-01-07T15:11:11.773+0000] {logging_mixin.py:188} INFO - [2026-01-07T15:11:11.773+0000] {dagbag.py:538} INFO - Filling up the DagBag from /opt/airflow/dags/daily_revenue_etl_dag.py
[2026-01-07T15:11:11.784+0000] {processor.py:840} INFO - DAG(s) 'daily_revenue_etl_dag' retrieved from /opt/airflow/dags/daily_revenue_etl_dag.py
[2026-01-07T15:11:11.800+0000] {logging_mixin.py:188} INFO - [2026-01-07T15:11:11.800+0000] {dag.py:3036} INFO - Sync 1 DAGs
[2026-01-07T15:11:11.812+0000] {logging_mixin.py:188} INFO - [2026-01-07T15:11:11.812+0000] {dag.py:3823} INFO - Setting next_dagrun for daily_revenue_etl_dag to 2026-01-07 00:00:00+00:00, run_after=2026-01-08 00:00:00+00:00
[2026-01-07T15:11:11.826+0000] {processor.py:183} INFO - Processing /opt/airflow/dags/daily_revenue_etl_dag.py took 0.057 seconds
[2026-01-07T15:11:11.847+0000] {processor.py:161} INFO - Started process (PID=3685) to work on /opt/airflow/dags/daily_revenue_etl_dag.py
[2026-01-07T15:11:11.848+0000] {processor.py:830} INFO - Processing file /opt/airflow/dags/daily_revenue_etl_dag.py for tasks to queue
[2026-01-07T15:11:11.848+0000] {logging_mixin.py:188} INFO - [2026-01-07T15:11:11.848+0000] {dagbag.py:538} INFO - Filling up the DagBag from /opt/airflow/dags/daily_revenue_etl_dag.py
[2026-01-07T15:11:11.859+0000] {processor.py:840} INFO - DAG(s) 'daily_revenue_etl_dag' retrieved from /opt/airflow/dags/daily_revenue_etl_dag.py
[2026-01-07T15:11:11.874+0000] {logging_mixin.py:188} INFO - [2026-01-07T15:11:11.874+0000] {dag.py:3036} INFO - Sync 1 DAGs
[2026-01-07T15:11:11.887+0000] {logging_mixin.py:188} INFO - [2026-01-07T15:11:11.886+0000] {dag.py:3823} INFO - Setting next_dagrun for daily_revenue_etl_dag to 2026-01-07 00:00:00+00:00, run_after=2026-01-08 00:00:00+00:00
[2026-01-07T15:11:11.897+0000] {processor.py:183} INFO - Processing /opt/airflow/dags/daily_revenue_etl_dag.py took 0.052 seconds
[2026-01-07T15:11:11.921+0000] {processor.py:161} INFO - Started process (PID=3690) to work on /opt/airflow/dags/daily_revenue_etl_dag.py
[2026-01-07T15:11:11.921+0000] {processor.py:830} INFO - Processing file /opt/airflow/dags/daily_revenue_etl_dag.py for tasks to queue
[2026-01-07T15:11:11.922+0000] {logging_mixin.py:188} INFO - [2026-01-07T15:11:11.922+0000] {dagbag.py:538} INFO - Filling up the DagBag from /opt/airflow/dags/daily_revenue_etl_dag.py
[2026-01-07T15:11:11.933+0000] {processor.py:840} INFO - DAG(s) 'daily_revenue_etl_dag' retrieved from /opt/airflow/dags/daily_revenue_etl_dag.py
[2026-01-07T15:11:11.948+0000] {logging_mixin.py:188} INFO - [2026-01-07T15:11:11.948+0000] {dag.py:3036} INFO - Sync 1 DAGs
[2026-01-07T15:11:11.962+0000] {logging_mixin.py:188} INFO - [2026-01-07T15:11:11.962+0000] {dag.py:3823} INFO - Setting next_dagrun for daily_revenue_etl_dag to 2026-01-07 00:00:00+00:00, run_after=2026-01-08 00:00:00+00:00
[2026-01-07T15:11:11.973+0000] {processor.py:183} INFO - Processing /opt/airflow/dags/daily_revenue_etl_dag.py took 0.055 seconds
[2026-01-07T15:11:11.998+0000] {processor.py:161} INFO - Started process (PID=3695) to work on /opt/airflow/dags/daily_revenue_etl_dag.py
[2026-01-07T15:11:11.999+0000] {processor.py:830} INFO - Processing file /opt/airflow/dags/daily_revenue_etl_dag.py for tasks to queue
[2026-01-07T15:11:12.000+0000] {logging_mixin.py:188} INFO - [2026-01-07T15:11:12.000+0000] {dagbag.py:538} INFO - Filling up the DagBag from /opt/airflow/dags/daily_revenue_etl_dag.py
[2026-01-07T15:11:12.010+0000] {processor.py:840} INFO - DAG(s) 'daily_revenue_etl_dag' retrieved from /opt/airflow/dags/daily_revenue_etl_dag.py
[2026-01-07T15:13:36.790+0000] {logging_mixin.py:188} INFO - [2026-01-07T15:13:36.790+0000] {dag.py:3036} INFO - Sync 1 DAGs
[2026-01-07T15:13:36.803+0000] {logging_mixin.py:188} INFO - [2026-01-07T15:13:36.803+0000] {dag.py:3823} INFO - Setting next_dagrun for daily_revenue_etl_dag to 2026-01-07 00:00:00+00:00, run_after=2026-01-08 00:00:00+00:00
[2026-01-07T15:13:36.815+0000] {processor.py:183} INFO - Processing /opt/airflow/dags/daily_revenue_etl_dag.py took 0.057 seconds
[2026-01-07T15:11:50.066+0000] {processor.py:161} INFO - Started process (PID=3702) to work on /opt/airflow/dags/daily_revenue_etl_dag.py
[2026-01-07T15:11:50.067+0000] {processor.py:830} INFO - Processing file /opt/airflow/dags/daily_revenue_etl_dag.py for tasks to queue
[2026-01-07T15:11:50.068+0000] {logging_mixin.py:188} INFO - [2026-01-07T15:11:50.067+0000] {dagbag.py:538} INFO - Filling up the DagBag from /opt/airflow/dags/daily_revenue_etl_dag.py
[2026-01-07T15:11:50.090+0000] {processor.py:840} INFO - DAG(s) 'daily_revenue_etl_dag' retrieved from /opt/airflow/dags/daily_revenue_etl_dag.py
[2026-01-07T15:11:50.107+0000] {logging_mixin.py:188} INFO - [2026-01-07T15:11:50.107+0000] {dag.py:3036} INFO - Sync 1 DAGs
[2026-01-07T15:11:50.122+0000] {logging_mixin.py:188} INFO - [2026-01-07T15:11:50.122+0000] {dag.py:3823} INFO - Setting next_dagrun for daily_revenue_etl_dag to 2026-01-07 00:00:00+00:00, run_after=2026-01-08 00:00:00+00:00
[2026-01-07T15:11:50.135+0000] {processor.py:183} INFO - Processing /opt/airflow/dags/daily_revenue_etl_dag.py took 0.071 seconds
[2026-01-07T15:11:50.160+0000] {processor.py:161} INFO - Started process (PID=3707) to work on /opt/airflow/dags/daily_revenue_etl_dag.py
[2026-01-07T15:11:50.161+0000] {processor.py:830} INFO - Processing file /opt/airflow/dags/daily_revenue_etl_dag.py for tasks to queue
[2026-01-07T15:11:50.162+0000] {logging_mixin.py:188} INFO - [2026-01-07T15:11:50.162+0000] {dagbag.py:538} INFO - Filling up the DagBag from /opt/airflow/dags/daily_revenue_etl_dag.py
[2026-01-07T15:11:50.176+0000] {processor.py:840} INFO - DAG(s) 'daily_revenue_etl_dag' retrieved from /opt/airflow/dags/daily_revenue_etl_dag.py
[2026-01-07T15:11:50.193+0000] {logging_mixin.py:188} INFO - [2026-01-07T15:11:50.193+0000] {dag.py:3036} INFO - Sync 1 DAGs
[2026-01-07T15:11:50.206+0000] {logging_mixin.py:188} INFO - [2026-01-07T15:11:50.206+0000] {dag.py:3823} INFO - Setting next_dagrun for daily_revenue_etl_dag to 2026-01-07 00:00:00+00:00, run_after=2026-01-08 00:00:00+00:00
[2026-01-07T15:11:50.216+0000] {processor.py:183} INFO - Processing /opt/airflow/dags/daily_revenue_etl_dag.py took 0.059 seconds
[2026-01-07T15:11:50.246+0000] {processor.py:161} INFO - Started process (PID=3712) to work on /opt/airflow/dags/daily_revenue_etl_dag.py
[2026-01-07T15:11:50.247+0000] {processor.py:830} INFO - Processing file /opt/airflow/dags/daily_revenue_etl_dag.py for tasks to queue
[2026-01-07T15:11:50.248+0000] {logging_mixin.py:188} INFO - [2026-01-07T15:11:50.248+0000] {dagbag.py:538} INFO - Filling up the DagBag from /opt/airflow/dags/daily_revenue_etl_dag.py
[2026-01-07T15:11:50.262+0000] {processor.py:840} INFO - DAG(s) 'daily_revenue_etl_dag' retrieved from /opt/airflow/dags/daily_revenue_etl_dag.py
[2026-01-07T15:11:50.283+0000] {logging_mixin.py:188} INFO - [2026-01-07T15:11:50.283+0000] {dag.py:3036} INFO - Sync 1 DAGs
[2026-01-07T15:11:50.299+0000] {logging_mixin.py:188} INFO - [2026-01-07T15:11:50.299+0000] {dag.py:3823} INFO - Setting next_dagrun for daily_revenue_etl_dag to 2026-01-07 00:00:00+00:00, run_after=2026-01-08 00:00:00+00:00
[2026-01-07T15:11:50.313+0000] {processor.py:183} INFO - Processing /opt/airflow/dags/daily_revenue_etl_dag.py took 0.069 seconds
[2026-01-07T15:11:50.341+0000] {processor.py:161} INFO - Started process (PID=3717) to work on /opt/airflow/dags/daily_revenue_etl_dag.py
[2026-01-07T15:11:50.342+0000] {processor.py:830} INFO - Processing file /opt/airflow/dags/daily_revenue_etl_dag.py for tasks to queue
[2026-01-07T15:11:50.342+0000] {logging_mixin.py:188} INFO - [2026-01-07T15:11:50.342+0000] {dagbag.py:538} INFO - Filling up the DagBag from /opt/airflow/dags/daily_revenue_etl_dag.py
[2026-01-07T15:11:50.356+0000] {processor.py:840} INFO - DAG(s) 'daily_revenue_etl_dag' retrieved from /opt/airflow/dags/daily_revenue_etl_dag.py
[2026-01-07T15:11:50.372+0000] {logging_mixin.py:188} INFO - [2026-01-07T15:11:50.372+0000] {dag.py:3036} INFO - Sync 1 DAGs
[2026-01-07T15:11:50.387+0000] {logging_mixin.py:188} INFO - [2026-01-07T15:11:50.386+0000] {dag.py:3823} INFO - Setting next_dagrun for daily_revenue_etl_dag to 2026-01-07 00:00:00+00:00, run_after=2026-01-08 00:00:00+00:00
[2026-01-07T15:11:50.397+0000] {processor.py:183} INFO - Processing /opt/airflow/dags/daily_revenue_etl_dag.py took 0.059 seconds
[2026-01-07T15:11:50.427+0000] {processor.py:161} INFO - Started process (PID=3722) to work on /opt/airflow/dags/daily_revenue_etl_dag.py
[2026-01-07T15:11:50.429+0000] {processor.py:830} INFO - Processing file /opt/airflow/dags/daily_revenue_etl_dag.py for tasks to queue
[2026-01-07T15:11:50.430+0000] {logging_mixin.py:188} INFO - [2026-01-07T15:11:50.430+0000] {dagbag.py:538} INFO - Filling up the DagBag from /opt/airflow/dags/daily_revenue_etl_dag.py
[2026-01-07T15:11:50.444+0000] {processor.py:840} INFO - DAG(s) 'daily_revenue_etl_dag' retrieved from /opt/airflow/dags/daily_revenue_etl_dag.py
[2026-01-07T15:11:50.460+0000] {logging_mixin.py:188} INFO - [2026-01-07T15:11:50.460+0000] {dag.py:3036} INFO - Sync 1 DAGs
[2026-01-07T15:11:50.475+0000] {logging_mixin.py:188} INFO - [2026-01-07T15:11:50.475+0000] {dag.py:3823} INFO - Setting next_dagrun for daily_revenue_etl_dag to 2026-01-07 00:00:00+00:00, run_after=2026-01-08 00:00:00+00:00
[2026-01-07T15:11:50.487+0000] {processor.py:183} INFO - Processing /opt/airflow/dags/daily_revenue_etl_dag.py took 0.062 seconds
[2026-01-07T15:11:50.514+0000] {processor.py:161} INFO - Started process (PID=3727) to work on /opt/airflow/dags/daily_revenue_etl_dag.py
[2026-01-07T15:11:50.514+0000] {processor.py:830} INFO - Processing file /opt/airflow/dags/daily_revenue_etl_dag.py for tasks to queue
[2026-01-07T15:11:50.515+0000] {logging_mixin.py:188} INFO - [2026-01-07T15:11:50.515+0000] {dagbag.py:538} INFO - Filling up the DagBag from /opt/airflow/dags/daily_revenue_etl_dag.py
[2026-01-07T15:11:50.529+0000] {processor.py:840} INFO - DAG(s) 'daily_revenue_etl_dag' retrieved from /opt/airflow/dags/daily_revenue_etl_dag.py
[2026-01-07T15:11:50.546+0000] {logging_mixin.py:188} INFO - [2026-01-07T15:11:50.546+0000] {dag.py:3036} INFO - Sync 1 DAGs
[2026-01-07T15:11:50.562+0000] {logging_mixin.py:188} INFO - [2026-01-07T15:11:50.561+0000] {dag.py:3823} INFO - Setting next_dagrun for daily_revenue_etl_dag to 2026-01-07 00:00:00+00:00, run_after=2026-01-08 00:00:00+00:00
[2026-01-07T15:11:50.572+0000] {processor.py:183} INFO - Processing /opt/airflow/dags/daily_revenue_etl_dag.py took 0.061 seconds
[2026-01-07T15:11:50.602+0000] {processor.py:161} INFO - Started process (PID=3732) to work on /opt/airflow/dags/daily_revenue_etl_dag.py
[2026-01-07T15:11:50.603+0000] {processor.py:830} INFO - Processing file /opt/airflow/dags/daily_revenue_etl_dag.py for tasks to queue
[2026-01-07T15:11:50.604+0000] {logging_mixin.py:188} INFO - [2026-01-07T15:11:50.603+0000] {dagbag.py:538} INFO - Filling up the DagBag from /opt/airflow/dags/daily_revenue_etl_dag.py
[2026-01-07T15:11:50.618+0000] {processor.py:840} INFO - DAG(s) 'daily_revenue_etl_dag' retrieved from /opt/airflow/dags/daily_revenue_etl_dag.py
[2026-01-07T15:11:50.635+0000] {logging_mixin.py:188} INFO - [2026-01-07T15:11:50.635+0000] {dag.py:3036} INFO - Sync 1 DAGs
[2026-01-07T15:11:50.650+0000] {logging_mixin.py:188} INFO - [2026-01-07T15:11:50.650+0000] {dag.py:3823} INFO - Setting next_dagrun for daily_revenue_etl_dag to 2026-01-07 00:00:00+00:00, run_after=2026-01-08 00:00:00+00:00
[2026-01-07T15:11:50.661+0000] {processor.py:183} INFO - Processing /opt/airflow/dags/daily_revenue_etl_dag.py took 0.061 seconds
[2026-01-07T15:11:50.690+0000] {processor.py:161} INFO - Started process (PID=3737) to work on /opt/airflow/dags/daily_revenue_etl_dag.py
[2026-01-07T15:11:50.691+0000] {processor.py:830} INFO - Processing file /opt/airflow/dags/daily_revenue_etl_dag.py for tasks to queue
[2026-01-07T15:11:50.692+0000] {logging_mixin.py:188} INFO - [2026-01-07T15:11:50.692+0000] {dagbag.py:538} INFO - Filling up the DagBag from /opt/airflow/dags/daily_revenue_etl_dag.py
[2026-01-07T15:11:50.708+0000] {processor.py:840} INFO - DAG(s) 'daily_revenue_etl_dag' retrieved from /opt/airflow/dags/daily_revenue_etl_dag.py
[2026-01-07T15:11:50.727+0000] {logging_mixin.py:188} INFO - [2026-01-07T15:11:50.726+0000] {dag.py:3036} INFO - Sync 1 DAGs
[2026-01-07T15:11:50.740+0000] {logging_mixin.py:188} INFO - [2026-01-07T15:11:50.740+0000] {dag.py:3823} INFO - Setting next_dagrun for daily_revenue_etl_dag to 2026-01-07 00:00:00+00:00, run_after=2026-01-08 00:00:00+00:00
[2026-01-07T15:11:50.752+0000] {processor.py:183} INFO - Processing /opt/airflow/dags/daily_revenue_etl_dag.py took 0.065 seconds
[2026-01-07T15:11:50.778+0000] {processor.py:161} INFO - Started process (PID=3742) to work on /opt/airflow/dags/daily_revenue_etl_dag.py
[2026-01-07T15:11:50.779+0000] {processor.py:830} INFO - Processing file /opt/airflow/dags/daily_revenue_etl_dag.py for tasks to queue
[2026-01-07T15:11:50.780+0000] {logging_mixin.py:188} INFO - [2026-01-07T15:11:50.780+0000] {dagbag.py:538} INFO - Filling up the DagBag from /opt/airflow/dags/daily_revenue_etl_dag.py
[2026-01-07T15:11:50.795+0000] {processor.py:840} INFO - DAG(s) 'daily_revenue_etl_dag' retrieved from /opt/airflow/dags/daily_revenue_etl_dag.py
[2026-01-07T15:11:50.814+0000] {logging_mixin.py:188} INFO - [2026-01-07T15:11:50.814+0000] {dag.py:3036} INFO - Sync 1 DAGs
[2026-01-07T15:11:50.828+0000] {logging_mixin.py:188} INFO - [2026-01-07T15:11:50.827+0000] {dag.py:3823} INFO - Setting next_dagrun for daily_revenue_etl_dag to 2026-01-07 00:00:00+00:00, run_after=2026-01-08 00:00:00+00:00
[2026-01-07T15:11:50.839+0000] {processor.py:183} INFO - Processing /opt/airflow/dags/daily_revenue_etl_dag.py took 0.063 seconds
[2026-01-07T15:11:50.864+0000] {processor.py:161} INFO - Started process (PID=3747) to work on /opt/airflow/dags/daily_revenue_etl_dag.py
[2026-01-07T15:11:50.864+0000] {processor.py:830} INFO - Processing file /opt/airflow/dags/daily_revenue_etl_dag.py for tasks to queue
[2026-01-07T15:11:50.866+0000] {logging_mixin.py:188} INFO - [2026-01-07T15:11:50.865+0000] {dagbag.py:538} INFO - Filling up the DagBag from /opt/airflow/dags/daily_revenue_etl_dag.py
[2026-01-07T15:11:50.879+0000] {processor.py:840} INFO - DAG(s) 'daily_revenue_etl_dag' retrieved from /opt/airflow/dags/daily_revenue_etl_dag.py
[2026-01-07T15:11:50.896+0000] {logging_mixin.py:188} INFO - [2026-01-07T15:11:50.895+0000] {dag.py:3036} INFO - Sync 1 DAGs
[2026-01-07T15:11:50.909+0000] {logging_mixin.py:188} INFO - [2026-01-07T15:11:50.909+0000] {dag.py:3823} INFO - Setting next_dagrun for daily_revenue_etl_dag to 2026-01-07 00:00:00+00:00, run_after=2026-01-08 00:00:00+00:00
[2026-01-07T15:11:50.920+0000] {processor.py:183} INFO - Processing /opt/airflow/dags/daily_revenue_etl_dag.py took 0.059 seconds
[2026-01-07T15:11:50.950+0000] {processor.py:161} INFO - Started process (PID=3752) to work on /opt/airflow/dags/daily_revenue_etl_dag.py
[2026-01-07T15:11:50.951+0000] {processor.py:830} INFO - Processing file /opt/airflow/dags/daily_revenue_etl_dag.py for tasks to queue
[2026-01-07T15:11:50.952+0000] {logging_mixin.py:188} INFO - [2026-01-07T15:11:50.951+0000] {dagbag.py:538} INFO - Filling up the DagBag from /opt/airflow/dags/daily_revenue_etl_dag.py
[2026-01-07T15:11:50.967+0000] {processor.py:840} INFO - DAG(s) 'daily_revenue_etl_dag' retrieved from /opt/airflow/dags/daily_revenue_etl_dag.py
[2026-01-07T15:11:50.985+0000] {logging_mixin.py:188} INFO - [2026-01-07T15:11:50.985+0000] {dag.py:3036} INFO - Sync 1 DAGs
[2026-01-07T15:11:50.999+0000] {logging_mixin.py:188} INFO - [2026-01-07T15:11:50.999+0000] {dag.py:3823} INFO - Setting next_dagrun for daily_revenue_etl_dag to 2026-01-07 00:00:00+00:00, run_after=2026-01-08 00:00:00+00:00
[2026-01-07T15:11:51.011+0000] {processor.py:183} INFO - Processing /opt/airflow/dags/daily_revenue_etl_dag.py took 0.064 seconds
[2026-01-07T15:11:51.036+0000] {processor.py:161} INFO - Started process (PID=3757) to work on /opt/airflow/dags/daily_revenue_etl_dag.py
[2026-01-07T15:11:51.037+0000] {processor.py:830} INFO - Processing file /opt/airflow/dags/daily_revenue_etl_dag.py for tasks to queue
[2026-01-07T15:11:51.038+0000] {logging_mixin.py:188} INFO - [2026-01-07T15:11:51.038+0000] {dagbag.py:538} INFO - Filling up the DagBag from /opt/airflow/dags/daily_revenue_etl_dag.py
[2026-01-07T15:11:51.052+0000] {processor.py:840} INFO - DAG(s) 'daily_revenue_etl_dag' retrieved from /opt/airflow/dags/daily_revenue_etl_dag.py
[2026-01-07T15:11:51.070+0000] {logging_mixin.py:188} INFO - [2026-01-07T15:11:51.070+0000] {dag.py:3036} INFO - Sync 1 DAGs
[2026-01-07T15:11:51.086+0000] {logging_mixin.py:188} INFO - [2026-01-07T15:11:51.086+0000] {dag.py:3823} INFO - Setting next_dagrun for daily_revenue_etl_dag to 2026-01-07 00:00:00+00:00, run_after=2026-01-08 00:00:00+00:00
[2026-01-07T15:11:51.099+0000] {processor.py:183} INFO - Processing /opt/airflow/dags/daily_revenue_etl_dag.py took 0.065 seconds
[2026-01-07T15:11:51.131+0000] {processor.py:161} INFO - Started process (PID=3762) to work on /opt/airflow/dags/daily_revenue_etl_dag.py
[2026-01-07T15:11:51.132+0000] {processor.py:830} INFO - Processing file /opt/airflow/dags/daily_revenue_etl_dag.py for tasks to queue
[2026-01-07T15:11:51.133+0000] {logging_mixin.py:188} INFO - [2026-01-07T15:11:51.133+0000] {dagbag.py:538} INFO - Filling up the DagBag from /opt/airflow/dags/daily_revenue_etl_dag.py
[2026-01-07T15:11:51.148+0000] {processor.py:840} INFO - DAG(s) 'daily_revenue_etl_dag' retrieved from /opt/airflow/dags/daily_revenue_etl_dag.py
[2026-01-07T15:11:51.167+0000] {logging_mixin.py:188} INFO - [2026-01-07T15:11:51.167+0000] {dag.py:3036} INFO - Sync 1 DAGs
[2026-01-07T15:11:51.184+0000] {logging_mixin.py:188} INFO - [2026-01-07T15:11:51.183+0000] {dag.py:3823} INFO - Setting next_dagrun for daily_revenue_etl_dag to 2026-01-07 00:00:00+00:00, run_after=2026-01-08 00:00:00+00:00
[2026-01-07T15:11:51.197+0000] {processor.py:183} INFO - Processing /opt/airflow/dags/daily_revenue_etl_dag.py took 0.070 seconds
[2026-01-07T15:11:51.226+0000] {processor.py:161} INFO - Started process (PID=3767) to work on /opt/airflow/dags/daily_revenue_etl_dag.py
[2026-01-07T15:11:51.227+0000] {processor.py:830} INFO - Processing file /opt/airflow/dags/daily_revenue_etl_dag.py for tasks to queue
[2026-01-07T15:11:51.228+0000] {logging_mixin.py:188} INFO - [2026-01-07T15:11:51.228+0000] {dagbag.py:538} INFO - Filling up the DagBag from /opt/airflow/dags/daily_revenue_etl_dag.py
[2026-01-07T15:11:51.244+0000] {processor.py:840} INFO - DAG(s) 'daily_revenue_etl_dag' retrieved from /opt/airflow/dags/daily_revenue_etl_dag.py
[2026-01-07T15:11:51.264+0000] {logging_mixin.py:188} INFO - [2026-01-07T15:11:51.264+0000] {dag.py:3036} INFO - Sync 1 DAGs
[2026-01-07T15:11:51.282+0000] {logging_mixin.py:188} INFO - [2026-01-07T15:11:51.282+0000] {dag.py:3823} INFO - Setting next_dagrun for daily_revenue_etl_dag to 2026-01-07 00:00:00+00:00, run_after=2026-01-08 00:00:00+00:00
[2026-01-07T15:11:51.298+0000] {processor.py:183} INFO - Processing /opt/airflow/dags/daily_revenue_etl_dag.py took 0.074 seconds
[2026-01-07T15:11:51.328+0000] {processor.py:161} INFO - Started process (PID=3772) to work on /opt/airflow/dags/daily_revenue_etl_dag.py
[2026-01-07T15:11:51.329+0000] {processor.py:830} INFO - Processing file /opt/airflow/dags/daily_revenue_etl_dag.py for tasks to queue
[2026-01-07T15:11:51.330+0000] {logging_mixin.py:188} INFO - [2026-01-07T15:11:51.330+0000] {dagbag.py:538} INFO - Filling up the DagBag from /opt/airflow/dags/daily_revenue_etl_dag.py
[2026-01-07T15:11:51.347+0000] {processor.py:840} INFO - DAG(s) 'daily_revenue_etl_dag' retrieved from /opt/airflow/dags/daily_revenue_etl_dag.py
[2026-01-07T15:11:51.369+0000] {logging_mixin.py:188} INFO - [2026-01-07T15:11:51.368+0000] {dag.py:3036} INFO - Sync 1 DAGs
[2026-01-07T15:11:51.385+0000] {logging_mixin.py:188} INFO - [2026-01-07T15:11:51.384+0000] {dag.py:3823} INFO - Setting next_dagrun for daily_revenue_etl_dag to 2026-01-07 00:00:00+00:00, run_after=2026-01-08 00:00:00+00:00
[2026-01-07T15:11:51.398+0000] {processor.py:183} INFO - Processing /opt/airflow/dags/daily_revenue_etl_dag.py took 0.073 seconds
[2026-01-07T15:11:51.441+0000] {processor.py:161} INFO - Started process (PID=3777) to work on /opt/airflow/dags/daily_revenue_etl_dag.py
[2026-01-07T15:11:51.442+0000] {processor.py:830} INFO - Processing file /opt/airflow/dags/daily_revenue_etl_dag.py for tasks to queue
[2026-01-07T15:11:51.443+0000] {logging_mixin.py:188} INFO - [2026-01-07T15:11:51.442+0000] {dagbag.py:538} INFO - Filling up the DagBag from /opt/airflow/dags/daily_revenue_etl_dag.py
[2026-01-07T15:11:51.463+0000] {processor.py:840} INFO - DAG(s) 'daily_revenue_etl_dag' retrieved from /opt/airflow/dags/daily_revenue_etl_dag.py
[2026-01-07T15:11:51.483+0000] {logging_mixin.py:188} INFO - [2026-01-07T15:11:51.483+0000] {dag.py:3036} INFO - Sync 1 DAGs
[2026-01-07T15:11:51.499+0000] {logging_mixin.py:188} INFO - [2026-01-07T15:11:51.499+0000] {dag.py:3823} INFO - Setting next_dagrun for daily_revenue_etl_dag to 2026-01-07 00:00:00+00:00, run_after=2026-01-08 00:00:00+00:00
[2026-01-07T15:11:51.513+0000] {processor.py:183} INFO - Processing /opt/airflow/dags/daily_revenue_etl_dag.py took 0.075 seconds
[2026-01-07T15:11:51.539+0000] {processor.py:161} INFO - Started process (PID=3782) to work on /opt/airflow/dags/daily_revenue_etl_dag.py
[2026-01-07T15:11:51.540+0000] {processor.py:830} INFO - Processing file /opt/airflow/dags/daily_revenue_etl_dag.py for tasks to queue
[2026-01-07T15:11:51.541+0000] {logging_mixin.py:188} INFO - [2026-01-07T15:11:51.540+0000] {dagbag.py:538} INFO - Filling up the DagBag from /opt/airflow/dags/daily_revenue_etl_dag.py
[2026-01-07T15:11:51.556+0000] {processor.py:840} INFO - DAG(s) 'daily_revenue_etl_dag' retrieved from /opt/airflow/dags/daily_revenue_etl_dag.py
[2026-01-07T15:11:51.575+0000] {logging_mixin.py:188} INFO - [2026-01-07T15:11:51.574+0000] {dag.py:3036} INFO - Sync 1 DAGs
[2026-01-07T15:11:51.589+0000] {logging_mixin.py:188} INFO - [2026-01-07T15:11:51.589+0000] {dag.py:3823} INFO - Setting next_dagrun for daily_revenue_etl_dag to 2026-01-07 00:00:00+00:00, run_after=2026-01-08 00:00:00+00:00
[2026-01-07T15:11:51.602+0000] {processor.py:183} INFO - Processing /opt/airflow/dags/daily_revenue_etl_dag.py took 0.066 seconds
[2026-01-07T15:11:51.634+0000] {processor.py:161} INFO - Started process (PID=3787) to work on /opt/airflow/dags/daily_revenue_etl_dag.py
[2026-01-07T15:11:51.635+0000] {processor.py:830} INFO - Processing file /opt/airflow/dags/daily_revenue_etl_dag.py for tasks to queue
[2026-01-07T15:11:51.636+0000] {logging_mixin.py:188} INFO - [2026-01-07T15:11:51.635+0000] {dagbag.py:538} INFO - Filling up the DagBag from /opt/airflow/dags/daily_revenue_etl_dag.py
[2026-01-07T15:11:51.651+0000] {processor.py:840} INFO - DAG(s) 'daily_revenue_etl_dag' retrieved from /opt/airflow/dags/daily_revenue_etl_dag.py
[2026-01-07T15:11:51.671+0000] {logging_mixin.py:188} INFO - [2026-01-07T15:11:51.671+0000] {dag.py:3036} INFO - Sync 1 DAGs
[2026-01-07T15:11:51.690+0000] {logging_mixin.py:188} INFO - [2026-01-07T15:11:51.690+0000] {dag.py:3823} INFO - Setting next_dagrun for daily_revenue_etl_dag to 2026-01-07 00:00:00+00:00, run_after=2026-01-08 00:00:00+00:00
[2026-01-07T15:11:51.702+0000] {processor.py:183} INFO - Processing /opt/airflow/dags/daily_revenue_etl_dag.py took 0.070 seconds
[2026-01-07T15:11:51.727+0000] {processor.py:161} INFO - Started process (PID=3792) to work on /opt/airflow/dags/daily_revenue_etl_dag.py
[2026-01-07T15:11:51.727+0000] {processor.py:830} INFO - Processing file /opt/airflow/dags/daily_revenue_etl_dag.py for tasks to queue
[2026-01-07T15:11:51.728+0000] {logging_mixin.py:188} INFO - [2026-01-07T15:11:51.728+0000] {dagbag.py:538} INFO - Filling up the DagBag from /opt/airflow/dags/daily_revenue_etl_dag.py
[2026-01-07T15:11:51.741+0000] {processor.py:840} INFO - DAG(s) 'daily_revenue_etl_dag' retrieved from /opt/airflow/dags/daily_revenue_etl_dag.py
[2026-01-07T15:11:51.760+0000] {logging_mixin.py:188} INFO - [2026-01-07T15:11:51.760+0000] {dag.py:3036} INFO - Sync 1 DAGs
[2026-01-07T15:11:51.774+0000] {logging_mixin.py:188} INFO - [2026-01-07T15:11:51.774+0000] {dag.py:3823} INFO - Setting next_dagrun for daily_revenue_etl_dag to 2026-01-07 00:00:00+00:00, run_after=2026-01-08 00:00:00+00:00
[2026-01-07T15:11:51.786+0000] {processor.py:183} INFO - Processing /opt/airflow/dags/daily_revenue_etl_dag.py took 0.062 seconds
[2026-01-07T15:11:51.810+0000] {processor.py:161} INFO - Started process (PID=3797) to work on /opt/airflow/dags/daily_revenue_etl_dag.py
[2026-01-07T15:11:51.811+0000] {processor.py:830} INFO - Processing file /opt/airflow/dags/daily_revenue_etl_dag.py for tasks to queue
[2026-01-07T15:11:51.812+0000] {logging_mixin.py:188} INFO - [2026-01-07T15:11:51.812+0000] {dagbag.py:538} INFO - Filling up the DagBag from /opt/airflow/dags/daily_revenue_etl_dag.py
[2026-01-07T15:11:51.824+0000] {processor.py:840} INFO - DAG(s) 'daily_revenue_etl_dag' retrieved from /opt/airflow/dags/daily_revenue_etl_dag.py
[2026-01-07T15:11:51.841+0000] {logging_mixin.py:188} INFO - [2026-01-07T15:11:51.841+0000] {dag.py:3036} INFO - Sync 1 DAGs
[2026-01-07T15:11:51.856+0000] {logging_mixin.py:188} INFO - [2026-01-07T15:11:51.856+0000] {dag.py:3823} INFO - Setting next_dagrun for daily_revenue_etl_dag to 2026-01-07 00:00:00+00:00, run_after=2026-01-08 00:00:00+00:00
[2026-01-07T15:11:51.868+0000] {processor.py:183} INFO - Processing /opt/airflow/dags/daily_revenue_etl_dag.py took 0.061 seconds
[2026-01-07T15:11:51.893+0000] {processor.py:161} INFO - Started process (PID=3802) to work on /opt/airflow/dags/daily_revenue_etl_dag.py
[2026-01-07T15:11:51.894+0000] {processor.py:830} INFO - Processing file /opt/airflow/dags/daily_revenue_etl_dag.py for tasks to queue
[2026-01-07T15:11:51.894+0000] {logging_mixin.py:188} INFO - [2026-01-07T15:11:51.894+0000] {dagbag.py:538} INFO - Filling up the DagBag from /opt/airflow/dags/daily_revenue_etl_dag.py
[2026-01-07T15:11:51.906+0000] {processor.py:840} INFO - DAG(s) 'daily_revenue_etl_dag' retrieved from /opt/airflow/dags/daily_revenue_etl_dag.py
[2026-01-07T15:11:51.926+0000] {logging_mixin.py:188} INFO - [2026-01-07T15:11:51.925+0000] {dag.py:3036} INFO - Sync 1 DAGs
[2026-01-07T15:11:51.940+0000] {logging_mixin.py:188} INFO - [2026-01-07T15:11:51.940+0000] {dag.py:3823} INFO - Setting next_dagrun for daily_revenue_etl_dag to 2026-01-07 00:00:00+00:00, run_after=2026-01-08 00:00:00+00:00
[2026-01-07T15:11:51.951+0000] {processor.py:183} INFO - Processing /opt/airflow/dags/daily_revenue_etl_dag.py took 0.060 seconds
[2026-01-07T15:11:51.973+0000] {processor.py:161} INFO - Started process (PID=3807) to work on /opt/airflow/dags/daily_revenue_etl_dag.py
[2026-01-07T15:11:51.974+0000] {processor.py:830} INFO - Processing file /opt/airflow/dags/daily_revenue_etl_dag.py for tasks to queue
[2026-01-07T15:11:51.975+0000] {logging_mixin.py:188} INFO - [2026-01-07T15:11:51.975+0000] {dagbag.py:538} INFO - Filling up the DagBag from /opt/airflow/dags/daily_revenue_etl_dag.py
[2026-01-07T15:11:51.986+0000] {processor.py:840} INFO - DAG(s) 'daily_revenue_etl_dag' retrieved from /opt/airflow/dags/daily_revenue_etl_dag.py
[2026-01-07T15:11:52.003+0000] {logging_mixin.py:188} INFO - [2026-01-07T15:11:52.003+0000] {dag.py:3036} INFO - Sync 1 DAGs
[2026-01-07T15:11:52.016+0000] {logging_mixin.py:188} INFO - [2026-01-07T15:11:52.016+0000] {dag.py:3823} INFO - Setting next_dagrun for daily_revenue_etl_dag to 2026-01-07 00:00:00+00:00, run_after=2026-01-08 00:00:00+00:00
[2026-01-07T15:11:52.026+0000] {processor.py:183} INFO - Processing /opt/airflow/dags/daily_revenue_etl_dag.py took 0.055 seconds
[2026-01-07T15:11:52.051+0000] {processor.py:161} INFO - Started process (PID=3812) to work on /opt/airflow/dags/daily_revenue_etl_dag.py
[2026-01-07T15:11:52.052+0000] {processor.py:830} INFO - Processing file /opt/airflow/dags/daily_revenue_etl_dag.py for tasks to queue
[2026-01-07T15:11:52.053+0000] {logging_mixin.py:188} INFO - [2026-01-07T15:11:52.053+0000] {dagbag.py:538} INFO - Filling up the DagBag from /opt/airflow/dags/daily_revenue_etl_dag.py
[2026-01-07T15:11:52.065+0000] {processor.py:840} INFO - DAG(s) 'daily_revenue_etl_dag' retrieved from /opt/airflow/dags/daily_revenue_etl_dag.py
[2026-01-07T15:11:52.080+0000] {logging_mixin.py:188} INFO - [2026-01-07T15:11:52.080+0000] {dag.py:3036} INFO - Sync 1 DAGs
[2026-01-07T15:14:16.861+0000] {logging_mixin.py:188} INFO - [2026-01-07T15:14:16.861+0000] {dag.py:3823} INFO - Setting next_dagrun for daily_revenue_etl_dag to 2026-01-07 00:00:00+00:00, run_after=2026-01-08 00:00:00+00:00
[2026-01-07T15:14:16.871+0000] {processor.py:183} INFO - Processing /opt/airflow/dags/daily_revenue_etl_dag.py took 0.057 seconds
[2026-01-07T15:14:47.033+0000] {processor.py:161} INFO - Started process (PID=3819) to work on /opt/airflow/dags/daily_revenue_etl_dag.py
[2026-01-07T15:14:47.034+0000] {processor.py:830} INFO - Processing file /opt/airflow/dags/daily_revenue_etl_dag.py for tasks to queue
[2026-01-07T15:14:47.035+0000] {logging_mixin.py:188} INFO - [2026-01-07T15:14:47.034+0000] {dagbag.py:538} INFO - Filling up the DagBag from /opt/airflow/dags/daily_revenue_etl_dag.py
[2026-01-07T15:14:47.051+0000] {processor.py:840} INFO - DAG(s) 'daily_revenue_etl_dag' retrieved from /opt/airflow/dags/daily_revenue_etl_dag.py
[2026-01-07T15:14:47.065+0000] {logging_mixin.py:188} INFO - [2026-01-07T15:14:47.065+0000] {dag.py:3036} INFO - Sync 1 DAGs
[2026-01-07T15:14:47.078+0000] {logging_mixin.py:188} INFO - [2026-01-07T15:14:47.078+0000] {dag.py:3823} INFO - Setting next_dagrun for daily_revenue_etl_dag to 2026-01-07 00:00:00+00:00, run_after=2026-01-08 00:00:00+00:00
[2026-01-07T15:14:47.088+0000] {processor.py:183} INFO - Processing /opt/airflow/dags/daily_revenue_etl_dag.py took 0.058 seconds
[2026-01-07T15:12:28.359+0000] {processor.py:161} INFO - Started process (PID=3824) to work on /opt/airflow/dags/daily_revenue_etl_dag.py
[2026-01-07T15:12:28.360+0000] {processor.py:830} INFO - Processing file /opt/airflow/dags/daily_revenue_etl_dag.py for tasks to queue
[2026-01-07T15:12:28.361+0000] {logging_mixin.py:188} INFO - [2026-01-07T15:12:28.361+0000] {dagbag.py:538} INFO - Filling up the DagBag from /opt/airflow/dags/daily_revenue_etl_dag.py
[2026-01-07T15:12:28.378+0000] {processor.py:840} INFO - DAG(s) 'daily_revenue_etl_dag' retrieved from /opt/airflow/dags/daily_revenue_etl_dag.py
[2026-01-07T15:12:28.394+0000] {logging_mixin.py:188} INFO - [2026-01-07T15:12:28.393+0000] {dag.py:3036} INFO - Sync 1 DAGs
[2026-01-07T15:12:28.408+0000] {logging_mixin.py:188} INFO - [2026-01-07T15:12:28.408+0000] {dag.py:3823} INFO - Setting next_dagrun for daily_revenue_etl_dag to 2026-01-07 00:00:00+00:00, run_after=2026-01-08 00:00:00+00:00
[2026-01-07T15:12:28.422+0000] {processor.py:183} INFO - Processing /opt/airflow/dags/daily_revenue_etl_dag.py took 0.065 seconds
[2026-01-07T15:12:28.453+0000] {processor.py:161} INFO - Started process (PID=3829) to work on /opt/airflow/dags/daily_revenue_etl_dag.py
[2026-01-07T15:12:28.454+0000] {processor.py:830} INFO - Processing file /opt/airflow/dags/daily_revenue_etl_dag.py for tasks to queue
[2026-01-07T15:12:28.455+0000] {logging_mixin.py:188} INFO - [2026-01-07T15:12:28.455+0000] {dagbag.py:538} INFO - Filling up the DagBag from /opt/airflow/dags/daily_revenue_etl_dag.py
[2026-01-07T15:12:28.475+0000] {processor.py:840} INFO - DAG(s) 'daily_revenue_etl_dag' retrieved from /opt/airflow/dags/daily_revenue_etl_dag.py
[2026-01-07T15:12:28.491+0000] {logging_mixin.py:188} INFO - [2026-01-07T15:12:28.491+0000] {dag.py:3036} INFO - Sync 1 DAGs
[2026-01-07T15:12:28.505+0000] {logging_mixin.py:188} INFO - [2026-01-07T15:12:28.505+0000] {dag.py:3823} INFO - Setting next_dagrun for daily_revenue_etl_dag to 2026-01-07 00:00:00+00:00, run_after=2026-01-08 00:00:00+00:00
[2026-01-07T15:12:28.518+0000] {processor.py:183} INFO - Processing /opt/airflow/dags/daily_revenue_etl_dag.py took 0.067 seconds
[2026-01-07T15:12:28.545+0000] {processor.py:161} INFO - Started process (PID=3834) to work on /opt/airflow/dags/daily_revenue_etl_dag.py
[2026-01-07T15:12:28.546+0000] {processor.py:830} INFO - Processing file /opt/airflow/dags/daily_revenue_etl_dag.py for tasks to queue
[2026-01-07T15:12:28.546+0000] {logging_mixin.py:188} INFO - [2026-01-07T15:12:28.546+0000] {dagbag.py:538} INFO - Filling up the DagBag from /opt/airflow/dags/daily_revenue_etl_dag.py
[2026-01-07T15:12:28.559+0000] {processor.py:840} INFO - DAG(s) 'daily_revenue_etl_dag' retrieved from /opt/airflow/dags/daily_revenue_etl_dag.py
[2026-01-07T15:12:28.576+0000] {logging_mixin.py:188} INFO - [2026-01-07T15:12:28.576+0000] {dag.py:3036} INFO - Sync 1 DAGs
[2026-01-07T15:12:28.589+0000] {logging_mixin.py:188} INFO - [2026-01-07T15:12:28.589+0000] {dag.py:3823} INFO - Setting next_dagrun for daily_revenue_etl_dag to 2026-01-07 00:00:00+00:00, run_after=2026-01-08 00:00:00+00:00
[2026-01-07T15:12:28.600+0000] {processor.py:183} INFO - Processing /opt/airflow/dags/daily_revenue_etl_dag.py took 0.058 seconds
[2026-01-07T15:12:28.623+0000] {processor.py:161} INFO - Started process (PID=3839) to work on /opt/airflow/dags/daily_revenue_etl_dag.py
[2026-01-07T15:12:28.623+0000] {processor.py:830} INFO - Processing file /opt/airflow/dags/daily_revenue_etl_dag.py for tasks to queue
[2026-01-07T15:12:28.624+0000] {logging_mixin.py:188} INFO - [2026-01-07T15:12:28.624+0000] {dagbag.py:538} INFO - Filling up the DagBag from /opt/airflow/dags/daily_revenue_etl_dag.py
[2026-01-07T15:12:28.638+0000] {processor.py:840} INFO - DAG(s) 'daily_revenue_etl_dag' retrieved from /opt/airflow/dags/daily_revenue_etl_dag.py
[2026-01-07T15:12:28.655+0000] {logging_mixin.py:188} INFO - [2026-01-07T15:12:28.655+0000] {dag.py:3036} INFO - Sync 1 DAGs
[2026-01-07T15:12:28.671+0000] {logging_mixin.py:188} INFO - [2026-01-07T15:12:28.671+0000] {dag.py:3823} INFO - Setting next_dagrun for daily_revenue_etl_dag to 2026-01-07 00:00:00+00:00, run_after=2026-01-08 00:00:00+00:00
[2026-01-07T15:12:28.684+0000] {processor.py:183} INFO - Processing /opt/airflow/dags/daily_revenue_etl_dag.py took 0.064 seconds
[2026-01-07T15:12:28.710+0000] {processor.py:161} INFO - Started process (PID=3844) to work on /opt/airflow/dags/daily_revenue_etl_dag.py
[2026-01-07T15:12:28.711+0000] {processor.py:830} INFO - Processing file /opt/airflow/dags/daily_revenue_etl_dag.py for tasks to queue
[2026-01-07T15:12:28.711+0000] {logging_mixin.py:188} INFO - [2026-01-07T15:12:28.711+0000] {dagbag.py:538} INFO - Filling up the DagBag from /opt/airflow/dags/daily_revenue_etl_dag.py
[2026-01-07T15:12:28.723+0000] {processor.py:840} INFO - DAG(s) 'daily_revenue_etl_dag' retrieved from /opt/airflow/dags/daily_revenue_etl_dag.py
[2026-01-07T15:12:28.740+0000] {logging_mixin.py:188} INFO - [2026-01-07T15:12:28.740+0000] {dag.py:3036} INFO - Sync 1 DAGs
[2026-01-07T15:12:28.755+0000] {logging_mixin.py:188} INFO - [2026-01-07T15:12:28.755+0000] {dag.py:3823} INFO - Setting next_dagrun for daily_revenue_etl_dag to 2026-01-07 00:00:00+00:00, run_after=2026-01-08 00:00:00+00:00
[2026-01-07T15:12:28.766+0000] {processor.py:183} INFO - Processing /opt/airflow/dags/daily_revenue_etl_dag.py took 0.059 seconds
[2026-01-07T15:12:28.789+0000] {processor.py:161} INFO - Started process (PID=3849) to work on /opt/airflow/dags/daily_revenue_etl_dag.py
[2026-01-07T15:12:28.790+0000] {processor.py:830} INFO - Processing file /opt/airflow/dags/daily_revenue_etl_dag.py for tasks to queue
[2026-01-07T15:12:28.791+0000] {logging_mixin.py:188} INFO - [2026-01-07T15:12:28.790+0000] {dagbag.py:538} INFO - Filling up the DagBag from /opt/airflow/dags/daily_revenue_etl_dag.py
[2026-01-07T15:12:28.803+0000] {processor.py:840} INFO - DAG(s) 'daily_revenue_etl_dag' retrieved from /opt/airflow/dags/daily_revenue_etl_dag.py
[2026-01-07T15:12:28.821+0000] {logging_mixin.py:188} INFO - [2026-01-07T15:12:28.821+0000] {dag.py:3036} INFO - Sync 1 DAGs
[2026-01-07T15:12:28.840+0000] {logging_mixin.py:188} INFO - [2026-01-07T15:12:28.839+0000] {dag.py:3823} INFO - Setting next_dagrun for daily_revenue_etl_dag to 2026-01-07 00:00:00+00:00, run_after=2026-01-08 00:00:00+00:00
[2026-01-07T15:12:28.857+0000] {processor.py:183} INFO - Processing /opt/airflow/dags/daily_revenue_etl_dag.py took 0.070 seconds
[2026-01-07T15:12:28.884+0000] {processor.py:161} INFO - Started process (PID=3854) to work on /opt/airflow/dags/daily_revenue_etl_dag.py
[2026-01-07T15:12:28.885+0000] {processor.py:830} INFO - Processing file /opt/airflow/dags/daily_revenue_etl_dag.py for tasks to queue
[2026-01-07T15:12:28.885+0000] {logging_mixin.py:188} INFO - [2026-01-07T15:12:28.885+0000] {dagbag.py:538} INFO - Filling up the DagBag from /opt/airflow/dags/daily_revenue_etl_dag.py
[2026-01-07T15:12:28.897+0000] {processor.py:840} INFO - DAG(s) 'daily_revenue_etl_dag' retrieved from /opt/airflow/dags/daily_revenue_etl_dag.py
[2026-01-07T15:12:28.914+0000] {logging_mixin.py:188} INFO - [2026-01-07T15:12:28.914+0000] {dag.py:3036} INFO - Sync 1 DAGs
[2026-01-07T15:12:28.927+0000] {logging_mixin.py:188} INFO - [2026-01-07T15:12:28.927+0000] {dag.py:3823} INFO - Setting next_dagrun for daily_revenue_etl_dag to 2026-01-07 00:00:00+00:00, run_after=2026-01-08 00:00:00+00:00
[2026-01-07T15:12:28.938+0000] {processor.py:183} INFO - Processing /opt/airflow/dags/daily_revenue_etl_dag.py took 0.056 seconds
[2026-01-07T15:12:28.960+0000] {processor.py:161} INFO - Started process (PID=3859) to work on /opt/airflow/dags/daily_revenue_etl_dag.py
[2026-01-07T15:12:28.961+0000] {processor.py:830} INFO - Processing file /opt/airflow/dags/daily_revenue_etl_dag.py for tasks to queue
[2026-01-07T15:12:28.962+0000] {logging_mixin.py:188} INFO - [2026-01-07T15:12:28.962+0000] {dagbag.py:538} INFO - Filling up the DagBag from /opt/airflow/dags/daily_revenue_etl_dag.py
[2026-01-07T15:12:28.975+0000] {processor.py:840} INFO - DAG(s) 'daily_revenue_etl_dag' retrieved from /opt/airflow/dags/daily_revenue_etl_dag.py
[2026-01-07T15:12:28.992+0000] {logging_mixin.py:188} INFO - [2026-01-07T15:12:28.991+0000] {dag.py:3036} INFO - Sync 1 DAGs
[2026-01-07T15:12:29.005+0000] {logging_mixin.py:188} INFO - [2026-01-07T15:12:29.004+0000] {dag.py:3823} INFO - Setting next_dagrun for daily_revenue_etl_dag to 2026-01-07 00:00:00+00:00, run_after=2026-01-08 00:00:00+00:00
[2026-01-07T15:12:29.016+0000] {processor.py:183} INFO - Processing /opt/airflow/dags/daily_revenue_etl_dag.py took 0.059 seconds
[2026-01-07T15:12:29.037+0000] {processor.py:161} INFO - Started process (PID=3864) to work on /opt/airflow/dags/daily_revenue_etl_dag.py
[2026-01-07T15:12:29.039+0000] {processor.py:830} INFO - Processing file /opt/airflow/dags/daily_revenue_etl_dag.py for tasks to queue
[2026-01-07T15:12:29.039+0000] {logging_mixin.py:188} INFO - [2026-01-07T15:12:29.039+0000] {dagbag.py:538} INFO - Filling up the DagBag from /opt/airflow/dags/daily_revenue_etl_dag.py
[2026-01-07T15:12:29.052+0000] {processor.py:840} INFO - DAG(s) 'daily_revenue_etl_dag' retrieved from /opt/airflow/dags/daily_revenue_etl_dag.py
[2026-01-07T15:12:29.068+0000] {logging_mixin.py:188} INFO - [2026-01-07T15:12:29.067+0000] {dag.py:3036} INFO - Sync 1 DAGs
[2026-01-07T15:12:29.081+0000] {logging_mixin.py:188} INFO - [2026-01-07T15:12:29.081+0000] {dag.py:3823} INFO - Setting next_dagrun for daily_revenue_etl_dag to 2026-01-07 00:00:00+00:00, run_after=2026-01-08 00:00:00+00:00
[2026-01-07T15:12:29.094+0000] {processor.py:183} INFO - Processing /opt/airflow/dags/daily_revenue_etl_dag.py took 0.060 seconds
[2026-01-07T15:12:29.118+0000] {processor.py:161} INFO - Started process (PID=3869) to work on /opt/airflow/dags/daily_revenue_etl_dag.py
[2026-01-07T15:12:29.119+0000] {processor.py:830} INFO - Processing file /opt/airflow/dags/daily_revenue_etl_dag.py for tasks to queue
[2026-01-07T15:12:29.119+0000] {logging_mixin.py:188} INFO - [2026-01-07T15:12:29.119+0000] {dagbag.py:538} INFO - Filling up the DagBag from /opt/airflow/dags/daily_revenue_etl_dag.py
[2026-01-07T15:12:29.132+0000] {processor.py:840} INFO - DAG(s) 'daily_revenue_etl_dag' retrieved from /opt/airflow/dags/daily_revenue_etl_dag.py
[2026-01-07T15:12:29.149+0000] {logging_mixin.py:188} INFO - [2026-01-07T15:12:29.149+0000] {dag.py:3036} INFO - Sync 1 DAGs
[2026-01-07T15:12:29.163+0000] {logging_mixin.py:188} INFO - [2026-01-07T15:12:29.162+0000] {dag.py:3823} INFO - Setting next_dagrun for daily_revenue_etl_dag to 2026-01-07 00:00:00+00:00, run_after=2026-01-08 00:00:00+00:00
[2026-01-07T15:12:29.173+0000] {processor.py:183} INFO - Processing /opt/airflow/dags/daily_revenue_etl_dag.py took 0.058 seconds
[2026-01-07T15:12:29.197+0000] {processor.py:161} INFO - Started process (PID=3874) to work on /opt/airflow/dags/daily_revenue_etl_dag.py
[2026-01-07T15:12:29.198+0000] {processor.py:830} INFO - Processing file /opt/airflow/dags/daily_revenue_etl_dag.py for tasks to queue
[2026-01-07T15:12:29.198+0000] {logging_mixin.py:188} INFO - [2026-01-07T15:12:29.198+0000] {dagbag.py:538} INFO - Filling up the DagBag from /opt/airflow/dags/daily_revenue_etl_dag.py
[2026-01-07T15:12:29.211+0000] {processor.py:840} INFO - DAG(s) 'daily_revenue_etl_dag' retrieved from /opt/airflow/dags/daily_revenue_etl_dag.py
[2026-01-07T15:12:29.227+0000] {logging_mixin.py:188} INFO - [2026-01-07T15:12:29.227+0000] {dag.py:3036} INFO - Sync 1 DAGs
[2026-01-07T15:12:29.242+0000] {logging_mixin.py:188} INFO - [2026-01-07T15:12:29.242+0000] {dag.py:3823} INFO - Setting next_dagrun for daily_revenue_etl_dag to 2026-01-07 00:00:00+00:00, run_after=2026-01-08 00:00:00+00:00
[2026-01-07T15:12:29.254+0000] {processor.py:183} INFO - Processing /opt/airflow/dags/daily_revenue_etl_dag.py took 0.060 seconds
[2026-01-07T15:12:29.280+0000] {processor.py:161} INFO - Started process (PID=3879) to work on /opt/airflow/dags/daily_revenue_etl_dag.py
[2026-01-07T15:12:29.281+0000] {processor.py:830} INFO - Processing file /opt/airflow/dags/daily_revenue_etl_dag.py for tasks to queue
[2026-01-07T15:12:29.281+0000] {logging_mixin.py:188} INFO - [2026-01-07T15:12:29.281+0000] {dagbag.py:538} INFO - Filling up the DagBag from /opt/airflow/dags/daily_revenue_etl_dag.py
[2026-01-07T15:12:29.301+0000] {processor.py:840} INFO - DAG(s) 'daily_revenue_etl_dag' retrieved from /opt/airflow/dags/daily_revenue_etl_dag.py
[2026-01-07T15:12:29.319+0000] {logging_mixin.py:188} INFO - [2026-01-07T15:12:29.318+0000] {dag.py:3036} INFO - Sync 1 DAGs
[2026-01-07T15:12:29.333+0000] {logging_mixin.py:188} INFO - [2026-01-07T15:12:29.333+0000] {dag.py:3823} INFO - Setting next_dagrun for daily_revenue_etl_dag to 2026-01-07 00:00:00+00:00, run_after=2026-01-08 00:00:00+00:00
[2026-01-07T15:12:29.346+0000] {processor.py:183} INFO - Processing /opt/airflow/dags/daily_revenue_etl_dag.py took 0.068 seconds
[2026-01-07T15:12:29.378+0000] {processor.py:161} INFO - Started process (PID=3884) to work on /opt/airflow/dags/daily_revenue_etl_dag.py
[2026-01-07T15:12:29.379+0000] {processor.py:830} INFO - Processing file /opt/airflow/dags/daily_revenue_etl_dag.py for tasks to queue
[2026-01-07T15:12:29.380+0000] {logging_mixin.py:188} INFO - [2026-01-07T15:12:29.379+0000] {dagbag.py:538} INFO - Filling up the DagBag from /opt/airflow/dags/daily_revenue_etl_dag.py
[2026-01-07T15:12:29.392+0000] {processor.py:840} INFO - DAG(s) 'daily_revenue_etl_dag' retrieved from /opt/airflow/dags/daily_revenue_etl_dag.py
[2026-01-07T15:12:29.413+0000] {logging_mixin.py:188} INFO - [2026-01-07T15:12:29.413+0000] {dag.py:3036} INFO - Sync 1 DAGs
[2026-01-07T15:12:29.428+0000] {logging_mixin.py:188} INFO - [2026-01-07T15:12:29.428+0000] {dag.py:3823} INFO - Setting next_dagrun for daily_revenue_etl_dag to 2026-01-07 00:00:00+00:00, run_after=2026-01-08 00:00:00+00:00
[2026-01-07T15:12:29.443+0000] {processor.py:183} INFO - Processing /opt/airflow/dags/daily_revenue_etl_dag.py took 0.068 seconds
[2026-01-07T15:12:29.471+0000] {processor.py:161} INFO - Started process (PID=3889) to work on /opt/airflow/dags/daily_revenue_etl_dag.py
[2026-01-07T15:12:29.473+0000] {processor.py:830} INFO - Processing file /opt/airflow/dags/daily_revenue_etl_dag.py for tasks to queue
[2026-01-07T15:12:29.473+0000] {logging_mixin.py:188} INFO - [2026-01-07T15:12:29.473+0000] {dagbag.py:538} INFO - Filling up the DagBag from /opt/airflow/dags/daily_revenue_etl_dag.py
[2026-01-07T15:12:29.488+0000] {processor.py:840} INFO - DAG(s) 'daily_revenue_etl_dag' retrieved from /opt/airflow/dags/daily_revenue_etl_dag.py
[2026-01-07T15:12:29.505+0000] {logging_mixin.py:188} INFO - [2026-01-07T15:12:29.505+0000] {dag.py:3036} INFO - Sync 1 DAGs
[2026-01-07T15:12:29.521+0000] {logging_mixin.py:188} INFO - [2026-01-07T15:12:29.521+0000] {dag.py:3823} INFO - Setting next_dagrun for daily_revenue_etl_dag to 2026-01-07 00:00:00+00:00, run_after=2026-01-08 00:00:00+00:00
[2026-01-07T15:12:29.534+0000] {processor.py:183} INFO - Processing /opt/airflow/dags/daily_revenue_etl_dag.py took 0.066 seconds
[2026-01-07T15:12:29.561+0000] {processor.py:161} INFO - Started process (PID=3894) to work on /opt/airflow/dags/daily_revenue_etl_dag.py
[2026-01-07T15:12:29.563+0000] {processor.py:830} INFO - Processing file /opt/airflow/dags/daily_revenue_etl_dag.py for tasks to queue
[2026-01-07T15:12:29.564+0000] {logging_mixin.py:188} INFO - [2026-01-07T15:12:29.564+0000] {dagbag.py:538} INFO - Filling up the DagBag from /opt/airflow/dags/daily_revenue_etl_dag.py
[2026-01-07T15:12:29.576+0000] {processor.py:840} INFO - DAG(s) 'daily_revenue_etl_dag' retrieved from /opt/airflow/dags/daily_revenue_etl_dag.py
[2026-01-07T15:12:29.595+0000] {logging_mixin.py:188} INFO - [2026-01-07T15:12:29.595+0000] {dag.py:3036} INFO - Sync 1 DAGs
[2026-01-07T15:12:29.610+0000] {logging_mixin.py:188} INFO - [2026-01-07T15:12:29.609+0000] {dag.py:3823} INFO - Setting next_dagrun for daily_revenue_etl_dag to 2026-01-07 00:00:00+00:00, run_after=2026-01-08 00:00:00+00:00
[2026-01-07T15:12:29.623+0000] {processor.py:183} INFO - Processing /opt/airflow/dags/daily_revenue_etl_dag.py took 0.065 seconds
[2026-01-07T15:12:29.648+0000] {processor.py:161} INFO - Started process (PID=3899) to work on /opt/airflow/dags/daily_revenue_etl_dag.py
[2026-01-07T15:12:29.649+0000] {processor.py:830} INFO - Processing file /opt/airflow/dags/daily_revenue_etl_dag.py for tasks to queue
[2026-01-07T15:12:29.649+0000] {logging_mixin.py:188} INFO - [2026-01-07T15:12:29.649+0000] {dagbag.py:538} INFO - Filling up the DagBag from /opt/airflow/dags/daily_revenue_etl_dag.py
[2026-01-07T15:12:29.664+0000] {processor.py:840} INFO - DAG(s) 'daily_revenue_etl_dag' retrieved from /opt/airflow/dags/daily_revenue_etl_dag.py
[2026-01-07T15:12:29.682+0000] {logging_mixin.py:188} INFO - [2026-01-07T15:12:29.682+0000] {dag.py:3036} INFO - Sync 1 DAGs
[2026-01-07T15:12:29.699+0000] {logging_mixin.py:188} INFO - [2026-01-07T15:12:29.699+0000] {dag.py:3823} INFO - Setting next_dagrun for daily_revenue_etl_dag to 2026-01-07 00:00:00+00:00, run_after=2026-01-08 00:00:00+00:00
[2026-01-07T15:12:29.715+0000] {processor.py:183} INFO - Processing /opt/airflow/dags/daily_revenue_etl_dag.py took 0.069 seconds
[2026-01-07T15:12:29.743+0000] {processor.py:161} INFO - Started process (PID=3904) to work on /opt/airflow/dags/daily_revenue_etl_dag.py
[2026-01-07T15:12:29.744+0000] {processor.py:830} INFO - Processing file /opt/airflow/dags/daily_revenue_etl_dag.py for tasks to queue
[2026-01-07T15:12:29.745+0000] {logging_mixin.py:188} INFO - [2026-01-07T15:12:29.745+0000] {dagbag.py:538} INFO - Filling up the DagBag from /opt/airflow/dags/daily_revenue_etl_dag.py
[2026-01-07T15:12:29.761+0000] {processor.py:840} INFO - DAG(s) 'daily_revenue_etl_dag' retrieved from /opt/airflow/dags/daily_revenue_etl_dag.py
[2026-01-07T15:12:29.780+0000] {logging_mixin.py:188} INFO - [2026-01-07T15:12:29.780+0000] {dag.py:3036} INFO - Sync 1 DAGs
[2026-01-07T15:12:29.795+0000] {logging_mixin.py:188} INFO - [2026-01-07T15:12:29.794+0000] {dag.py:3823} INFO - Setting next_dagrun for daily_revenue_etl_dag to 2026-01-07 00:00:00+00:00, run_after=2026-01-08 00:00:00+00:00
[2026-01-07T15:12:29.806+0000] {processor.py:183} INFO - Processing /opt/airflow/dags/daily_revenue_etl_dag.py took 0.067 seconds
[2026-01-07T15:12:29.832+0000] {processor.py:161} INFO - Started process (PID=3909) to work on /opt/airflow/dags/daily_revenue_etl_dag.py
[2026-01-07T15:12:29.833+0000] {processor.py:830} INFO - Processing file /opt/airflow/dags/daily_revenue_etl_dag.py for tasks to queue
[2026-01-07T15:12:29.834+0000] {logging_mixin.py:188} INFO - [2026-01-07T15:12:29.833+0000] {dagbag.py:538} INFO - Filling up the DagBag from /opt/airflow/dags/daily_revenue_etl_dag.py
[2026-01-07T15:12:29.847+0000] {processor.py:840} INFO - DAG(s) 'daily_revenue_etl_dag' retrieved from /opt/airflow/dags/daily_revenue_etl_dag.py
[2026-01-07T15:12:29.865+0000] {logging_mixin.py:188} INFO - [2026-01-07T15:12:29.865+0000] {dag.py:3036} INFO - Sync 1 DAGs
[2026-01-07T15:12:29.879+0000] {logging_mixin.py:188} INFO - [2026-01-07T15:12:29.879+0000] {dag.py:3823} INFO - Setting next_dagrun for daily_revenue_etl_dag to 2026-01-07 00:00:00+00:00, run_after=2026-01-08 00:00:00+00:00
[2026-01-07T15:12:29.891+0000] {processor.py:183} INFO - Processing /opt/airflow/dags/daily_revenue_etl_dag.py took 0.061 seconds
[2026-01-07T15:12:29.923+0000] {processor.py:161} INFO - Started process (PID=3914) to work on /opt/airflow/dags/daily_revenue_etl_dag.py
[2026-01-07T15:12:29.924+0000] {processor.py:830} INFO - Processing file /opt/airflow/dags/daily_revenue_etl_dag.py for tasks to queue
[2026-01-07T15:12:29.925+0000] {logging_mixin.py:188} INFO - [2026-01-07T15:12:29.925+0000] {dagbag.py:538} INFO - Filling up the DagBag from /opt/airflow/dags/daily_revenue_etl_dag.py
[2026-01-07T15:12:29.942+0000] {processor.py:840} INFO - DAG(s) 'daily_revenue_etl_dag' retrieved from /opt/airflow/dags/daily_revenue_etl_dag.py
[2026-01-07T15:12:29.961+0000] {logging_mixin.py:188} INFO - [2026-01-07T15:12:29.961+0000] {dag.py:3036} INFO - Sync 1 DAGs
[2026-01-07T15:12:29.975+0000] {logging_mixin.py:188} INFO - [2026-01-07T15:12:29.975+0000] {dag.py:3823} INFO - Setting next_dagrun for daily_revenue_etl_dag to 2026-01-07 00:00:00+00:00, run_after=2026-01-08 00:00:00+00:00
[2026-01-07T15:12:29.987+0000] {processor.py:183} INFO - Processing /opt/airflow/dags/daily_revenue_etl_dag.py took 0.068 seconds
[2026-01-07T15:12:30.016+0000] {processor.py:161} INFO - Started process (PID=3919) to work on /opt/airflow/dags/daily_revenue_etl_dag.py
[2026-01-07T15:12:30.017+0000] {processor.py:830} INFO - Processing file /opt/airflow/dags/daily_revenue_etl_dag.py for tasks to queue
[2026-01-07T15:12:30.018+0000] {logging_mixin.py:188} INFO - [2026-01-07T15:12:30.017+0000] {dagbag.py:538} INFO - Filling up the DagBag from /opt/airflow/dags/daily_revenue_etl_dag.py
[2026-01-07T15:12:30.029+0000] {processor.py:840} INFO - DAG(s) 'daily_revenue_etl_dag' retrieved from /opt/airflow/dags/daily_revenue_etl_dag.py
[2026-01-07T15:12:30.050+0000] {logging_mixin.py:188} INFO - [2026-01-07T15:12:30.050+0000] {dag.py:3036} INFO - Sync 1 DAGs
[2026-01-07T15:12:30.064+0000] {logging_mixin.py:188} INFO - [2026-01-07T15:12:30.064+0000] {dag.py:3823} INFO - Setting next_dagrun for daily_revenue_etl_dag to 2026-01-07 00:00:00+00:00, run_after=2026-01-08 00:00:00+00:00
[2026-01-07T15:12:30.077+0000] {processor.py:183} INFO - Processing /opt/airflow/dags/daily_revenue_etl_dag.py took 0.063 seconds
[2026-01-07T15:12:30.101+0000] {processor.py:161} INFO - Started process (PID=3924) to work on /opt/airflow/dags/daily_revenue_etl_dag.py
[2026-01-07T15:12:30.101+0000] {processor.py:830} INFO - Processing file /opt/airflow/dags/daily_revenue_etl_dag.py for tasks to queue
[2026-01-07T15:12:30.102+0000] {logging_mixin.py:188} INFO - [2026-01-07T15:12:30.102+0000] {dagbag.py:538} INFO - Filling up the DagBag from /opt/airflow/dags/daily_revenue_etl_dag.py
[2026-01-07T15:12:30.115+0000] {processor.py:840} INFO - DAG(s) 'daily_revenue_etl_dag' retrieved from /opt/airflow/dags/daily_revenue_etl_dag.py
[2026-01-07T15:12:30.132+0000] {logging_mixin.py:188} INFO - [2026-01-07T15:12:30.131+0000] {dag.py:3036} INFO - Sync 1 DAGs
[2026-01-07T15:12:30.146+0000] {logging_mixin.py:188} INFO - [2026-01-07T15:12:30.146+0000] {dag.py:3823} INFO - Setting next_dagrun for daily_revenue_etl_dag to 2026-01-07 00:00:00+00:00, run_after=2026-01-08 00:00:00+00:00
[2026-01-07T15:12:30.157+0000] {processor.py:183} INFO - Processing /opt/airflow/dags/daily_revenue_etl_dag.py took 0.059 seconds
[2026-01-07T15:12:30.180+0000] {processor.py:161} INFO - Started process (PID=3929) to work on /opt/airflow/dags/daily_revenue_etl_dag.py
[2026-01-07T15:12:30.181+0000] {processor.py:830} INFO - Processing file /opt/airflow/dags/daily_revenue_etl_dag.py for tasks to queue
[2026-01-07T15:12:30.181+0000] {logging_mixin.py:188} INFO - [2026-01-07T15:12:30.181+0000] {dagbag.py:538} INFO - Filling up the DagBag from /opt/airflow/dags/daily_revenue_etl_dag.py
[2026-01-07T15:12:30.195+0000] {processor.py:840} INFO - DAG(s) 'daily_revenue_etl_dag' retrieved from /opt/airflow/dags/daily_revenue_etl_dag.py
[2026-01-07T15:12:30.214+0000] {logging_mixin.py:188} INFO - [2026-01-07T15:12:30.214+0000] {dag.py:3036} INFO - Sync 1 DAGs
[2026-01-07T15:12:30.227+0000] {logging_mixin.py:188} INFO - [2026-01-07T15:12:30.227+0000] {dag.py:3823} INFO - Setting next_dagrun for daily_revenue_etl_dag to 2026-01-07 00:00:00+00:00, run_after=2026-01-08 00:00:00+00:00
[2026-01-07T15:12:30.240+0000] {processor.py:183} INFO - Processing /opt/airflow/dags/daily_revenue_etl_dag.py took 0.063 seconds
[2026-01-07T15:12:30.261+0000] {processor.py:161} INFO - Started process (PID=3934) to work on /opt/airflow/dags/daily_revenue_etl_dag.py
[2026-01-07T15:12:30.262+0000] {processor.py:830} INFO - Processing file /opt/airflow/dags/daily_revenue_etl_dag.py for tasks to queue
[2026-01-07T15:12:30.263+0000] {logging_mixin.py:188} INFO - [2026-01-07T15:12:30.262+0000] {dagbag.py:538} INFO - Filling up the DagBag from /opt/airflow/dags/daily_revenue_etl_dag.py
[2026-01-07T15:12:30.284+0000] {processor.py:840} INFO - DAG(s) 'daily_revenue_etl_dag' retrieved from /opt/airflow/dags/daily_revenue_etl_dag.py
[2026-01-07T15:12:30.301+0000] {logging_mixin.py:188} INFO - [2026-01-07T15:12:30.301+0000] {dag.py:3036} INFO - Sync 1 DAGs
[2026-01-07T15:12:30.316+0000] {logging_mixin.py:188} INFO - [2026-01-07T15:12:30.316+0000] {dag.py:3823} INFO - Setting next_dagrun for daily_revenue_etl_dag to 2026-01-07 00:00:00+00:00, run_after=2026-01-08 00:00:00+00:00
[2026-01-07T15:12:30.327+0000] {processor.py:183} INFO - Processing /opt/airflow/dags/daily_revenue_etl_dag.py took 0.068 seconds
[2026-01-07T15:12:30.349+0000] {processor.py:161} INFO - Started process (PID=3939) to work on /opt/airflow/dags/daily_revenue_etl_dag.py
[2026-01-07T15:12:30.349+0000] {processor.py:830} INFO - Processing file /opt/airflow/dags/daily_revenue_etl_dag.py for tasks to queue
[2026-01-07T15:12:30.350+0000] {logging_mixin.py:188} INFO - [2026-01-07T15:12:30.350+0000] {dagbag.py:538} INFO - Filling up the DagBag from /opt/airflow/dags/daily_revenue_etl_dag.py
[2026-01-07T15:12:30.364+0000] {processor.py:840} INFO - DAG(s) 'daily_revenue_etl_dag' retrieved from /opt/airflow/dags/daily_revenue_etl_dag.py
[2026-01-07T15:12:30.381+0000] {logging_mixin.py:188} INFO - [2026-01-07T15:12:30.381+0000] {dag.py:3036} INFO - Sync 1 DAGs
[2026-01-07T15:12:30.394+0000] {logging_mixin.py:188} INFO - [2026-01-07T15:12:30.394+0000] {dag.py:3823} INFO - Setting next_dagrun for daily_revenue_etl_dag to 2026-01-07 00:00:00+00:00, run_after=2026-01-08 00:00:00+00:00
[2026-01-07T15:12:30.407+0000] {processor.py:183} INFO - Processing /opt/airflow/dags/daily_revenue_etl_dag.py took 0.061 seconds
[2026-01-07T15:12:30.434+0000] {processor.py:161} INFO - Started process (PID=3944) to work on /opt/airflow/dags/daily_revenue_etl_dag.py
[2026-01-07T15:12:30.435+0000] {processor.py:830} INFO - Processing file /opt/airflow/dags/daily_revenue_etl_dag.py for tasks to queue
[2026-01-07T15:12:30.436+0000] {logging_mixin.py:188} INFO - [2026-01-07T15:12:30.436+0000] {dagbag.py:538} INFO - Filling up the DagBag from /opt/airflow/dags/daily_revenue_etl_dag.py
[2026-01-07T15:12:30.448+0000] {processor.py:840} INFO - DAG(s) 'daily_revenue_etl_dag' retrieved from /opt/airflow/dags/daily_revenue_etl_dag.py
[2026-01-07T15:12:30.464+0000] {logging_mixin.py:188} INFO - [2026-01-07T15:12:30.464+0000] {dag.py:3036} INFO - Sync 1 DAGs
[2026-01-07T15:12:30.477+0000] {logging_mixin.py:188} INFO - [2026-01-07T15:12:30.477+0000] {dag.py:3823} INFO - Setting next_dagrun for daily_revenue_etl_dag to 2026-01-07 00:00:00+00:00, run_after=2026-01-08 00:00:00+00:00
[2026-01-07T15:12:30.489+0000] {processor.py:183} INFO - Processing /opt/airflow/dags/daily_revenue_etl_dag.py took 0.059 seconds
[2026-01-07T15:12:30.514+0000] {processor.py:161} INFO - Started process (PID=3949) to work on /opt/airflow/dags/daily_revenue_etl_dag.py
[2026-01-07T15:12:30.514+0000] {processor.py:830} INFO - Processing file /opt/airflow/dags/daily_revenue_etl_dag.py for tasks to queue
[2026-01-07T15:12:30.515+0000] {logging_mixin.py:188} INFO - [2026-01-07T15:12:30.515+0000] {dagbag.py:538} INFO - Filling up the DagBag from /opt/airflow/dags/daily_revenue_etl_dag.py
[2026-01-07T15:12:30.526+0000] {processor.py:840} INFO - DAG(s) 'daily_revenue_etl_dag' retrieved from /opt/airflow/dags/daily_revenue_etl_dag.py
[2026-01-07T15:12:30.546+0000] {logging_mixin.py:188} INFO - [2026-01-07T15:12:30.546+0000] {dag.py:3036} INFO - Sync 1 DAGs
[2026-01-07T15:12:30.560+0000] {logging_mixin.py:188} INFO - [2026-01-07T15:12:30.560+0000] {dag.py:3823} INFO - Setting next_dagrun for daily_revenue_etl_dag to 2026-01-07 00:00:00+00:00, run_after=2026-01-08 00:00:00+00:00
[2026-01-07T15:12:30.573+0000] {processor.py:183} INFO - Processing /opt/airflow/dags/daily_revenue_etl_dag.py took 0.063 seconds
[2026-01-07T15:12:30.597+0000] {processor.py:161} INFO - Started process (PID=3954) to work on /opt/airflow/dags/daily_revenue_etl_dag.py
[2026-01-07T15:12:30.598+0000] {processor.py:830} INFO - Processing file /opt/airflow/dags/daily_revenue_etl_dag.py for tasks to queue
[2026-01-07T15:12:30.599+0000] {logging_mixin.py:188} INFO - [2026-01-07T15:12:30.598+0000] {dagbag.py:538} INFO - Filling up the DagBag from /opt/airflow/dags/daily_revenue_etl_dag.py
[2026-01-07T15:12:30.611+0000] {processor.py:840} INFO - DAG(s) 'daily_revenue_etl_dag' retrieved from /opt/airflow/dags/daily_revenue_etl_dag.py
[2026-01-07T15:12:30.627+0000] {logging_mixin.py:188} INFO - [2026-01-07T15:12:30.627+0000] {dag.py:3036} INFO - Sync 1 DAGs
[2026-01-07T15:12:30.642+0000] {logging_mixin.py:188} INFO - [2026-01-07T15:12:30.642+0000] {dag.py:3823} INFO - Setting next_dagrun for daily_revenue_etl_dag to 2026-01-07 00:00:00+00:00, run_after=2026-01-08 00:00:00+00:00
[2026-01-07T15:12:30.653+0000] {processor.py:183} INFO - Processing /opt/airflow/dags/daily_revenue_etl_dag.py took 0.058 seconds
[2026-01-07T15:12:30.679+0000] {processor.py:161} INFO - Started process (PID=3959) to work on /opt/airflow/dags/daily_revenue_etl_dag.py
[2026-01-07T15:12:30.679+0000] {processor.py:830} INFO - Processing file /opt/airflow/dags/daily_revenue_etl_dag.py for tasks to queue
[2026-01-07T15:12:30.680+0000] {logging_mixin.py:188} INFO - [2026-01-07T15:12:30.680+0000] {dagbag.py:538} INFO - Filling up the DagBag from /opt/airflow/dags/daily_revenue_etl_dag.py
[2026-01-07T15:12:30.702+0000] {processor.py:840} INFO - DAG(s) 'daily_revenue_etl_dag' retrieved from /opt/airflow/dags/daily_revenue_etl_dag.py
[2026-01-07T15:12:30.722+0000] {logging_mixin.py:188} INFO - [2026-01-07T15:12:30.721+0000] {dag.py:3036} INFO - Sync 1 DAGs
[2026-01-07T15:12:30.739+0000] {logging_mixin.py:188} INFO - [2026-01-07T15:12:30.738+0000] {dag.py:3823} INFO - Setting next_dagrun for daily_revenue_etl_dag to 2026-01-07 00:00:00+00:00, run_after=2026-01-08 00:00:00+00:00
[2026-01-07T15:12:30.752+0000] {processor.py:183} INFO - Processing /opt/airflow/dags/daily_revenue_etl_dag.py took 0.076 seconds
[2026-01-07T15:12:30.780+0000] {processor.py:161} INFO - Started process (PID=3964) to work on /opt/airflow/dags/daily_revenue_etl_dag.py
[2026-01-07T15:12:30.781+0000] {processor.py:830} INFO - Processing file /opt/airflow/dags/daily_revenue_etl_dag.py for tasks to queue
[2026-01-07T15:12:30.782+0000] {logging_mixin.py:188} INFO - [2026-01-07T15:12:30.781+0000] {dagbag.py:538} INFO - Filling up the DagBag from /opt/airflow/dags/daily_revenue_etl_dag.py
[2026-01-07T15:12:30.797+0000] {processor.py:840} INFO - DAG(s) 'daily_revenue_etl_dag' retrieved from /opt/airflow/dags/daily_revenue_etl_dag.py
[2026-01-07T15:12:30.819+0000] {logging_mixin.py:188} INFO - [2026-01-07T15:12:30.819+0000] {dag.py:3036} INFO - Sync 1 DAGs
[2026-01-07T15:12:30.836+0000] {logging_mixin.py:188} INFO - [2026-01-07T15:12:30.835+0000] {dag.py:3823} INFO - Setting next_dagrun for daily_revenue_etl_dag to 2026-01-07 00:00:00+00:00, run_after=2026-01-08 00:00:00+00:00
[2026-01-07T15:12:30.851+0000] {processor.py:183} INFO - Processing /opt/airflow/dags/daily_revenue_etl_dag.py took 0.073 seconds
[2026-01-07T15:12:30.881+0000] {processor.py:161} INFO - Started process (PID=3969) to work on /opt/airflow/dags/daily_revenue_etl_dag.py
[2026-01-07T15:12:30.883+0000] {processor.py:830} INFO - Processing file /opt/airflow/dags/daily_revenue_etl_dag.py for tasks to queue
[2026-01-07T15:12:30.883+0000] {logging_mixin.py:188} INFO - [2026-01-07T15:12:30.883+0000] {dagbag.py:538} INFO - Filling up the DagBag from /opt/airflow/dags/daily_revenue_etl_dag.py
[2026-01-07T15:12:30.900+0000] {processor.py:840} INFO - DAG(s) 'daily_revenue_etl_dag' retrieved from /opt/airflow/dags/daily_revenue_etl_dag.py
[2026-01-07T15:12:30.922+0000] {logging_mixin.py:188} INFO - [2026-01-07T15:12:30.922+0000] {dag.py:3036} INFO - Sync 1 DAGs
[2026-01-07T15:12:30.937+0000] {logging_mixin.py:188} INFO - [2026-01-07T15:12:30.937+0000] {dag.py:3823} INFO - Setting next_dagrun for daily_revenue_etl_dag to 2026-01-07 00:00:00+00:00, run_after=2026-01-08 00:00:00+00:00
[2026-01-07T15:12:30.950+0000] {processor.py:183} INFO - Processing /opt/airflow/dags/daily_revenue_etl_dag.py took 0.072 seconds
[2026-01-07T15:12:30.972+0000] {processor.py:161} INFO - Started process (PID=3974) to work on /opt/airflow/dags/daily_revenue_etl_dag.py
[2026-01-07T15:12:30.973+0000] {processor.py:830} INFO - Processing file /opt/airflow/dags/daily_revenue_etl_dag.py for tasks to queue
[2026-01-07T15:12:30.974+0000] {logging_mixin.py:188} INFO - [2026-01-07T15:12:30.973+0000] {dagbag.py:538} INFO - Filling up the DagBag from /opt/airflow/dags/daily_revenue_etl_dag.py
[2026-01-07T15:12:30.985+0000] {processor.py:840} INFO - DAG(s) 'daily_revenue_etl_dag' retrieved from /opt/airflow/dags/daily_revenue_etl_dag.py
[2026-01-07T15:12:31.003+0000] {logging_mixin.py:188} INFO - [2026-01-07T15:12:31.003+0000] {dag.py:3036} INFO - Sync 1 DAGs
[2026-01-07T15:12:31.017+0000] {logging_mixin.py:188} INFO - [2026-01-07T15:12:31.017+0000] {dag.py:3823} INFO - Setting next_dagrun for daily_revenue_etl_dag to 2026-01-07 00:00:00+00:00, run_after=2026-01-08 00:00:00+00:00
[2026-01-07T15:12:31.028+0000] {processor.py:183} INFO - Processing /opt/airflow/dags/daily_revenue_etl_dag.py took 0.058 seconds
[2026-01-07T15:12:31.051+0000] {processor.py:161} INFO - Started process (PID=3979) to work on /opt/airflow/dags/daily_revenue_etl_dag.py
[2026-01-07T15:12:31.052+0000] {processor.py:830} INFO - Processing file /opt/airflow/dags/daily_revenue_etl_dag.py for tasks to queue
[2026-01-07T15:12:31.052+0000] {logging_mixin.py:188} INFO - [2026-01-07T15:12:31.052+0000] {dagbag.py:538} INFO - Filling up the DagBag from /opt/airflow/dags/daily_revenue_etl_dag.py
[2026-01-07T15:12:31.066+0000] {processor.py:840} INFO - DAG(s) 'daily_revenue_etl_dag' retrieved from /opt/airflow/dags/daily_revenue_etl_dag.py
[2026-01-07T15:12:31.083+0000] {logging_mixin.py:188} INFO - [2026-01-07T15:12:31.083+0000] {dag.py:3036} INFO - Sync 1 DAGs
[2026-01-07T15:12:31.096+0000] {logging_mixin.py:188} INFO - [2026-01-07T15:12:31.096+0000] {dag.py:3823} INFO - Setting next_dagrun for daily_revenue_etl_dag to 2026-01-07 00:00:00+00:00, run_after=2026-01-08 00:00:00+00:00
[2026-01-07T15:12:31.106+0000] {processor.py:183} INFO - Processing /opt/airflow/dags/daily_revenue_etl_dag.py took 0.058 seconds
[2026-01-07T15:12:31.128+0000] {processor.py:161} INFO - Started process (PID=3984) to work on /opt/airflow/dags/daily_revenue_etl_dag.py
[2026-01-07T15:12:31.129+0000] {processor.py:830} INFO - Processing file /opt/airflow/dags/daily_revenue_etl_dag.py for tasks to queue
[2026-01-07T15:12:31.130+0000] {logging_mixin.py:188} INFO - [2026-01-07T15:12:31.129+0000] {dagbag.py:538} INFO - Filling up the DagBag from /opt/airflow/dags/daily_revenue_etl_dag.py
[2026-01-07T15:12:31.143+0000] {processor.py:840} INFO - DAG(s) 'daily_revenue_etl_dag' retrieved from /opt/airflow/dags/daily_revenue_etl_dag.py
[2026-01-07T15:12:31.159+0000] {logging_mixin.py:188} INFO - [2026-01-07T15:12:31.159+0000] {dag.py:3036} INFO - Sync 1 DAGs
[2026-01-07T15:12:31.174+0000] {logging_mixin.py:188} INFO - [2026-01-07T15:12:31.173+0000] {dag.py:3823} INFO - Setting next_dagrun for daily_revenue_etl_dag to 2026-01-07 00:00:00+00:00, run_after=2026-01-08 00:00:00+00:00
[2026-01-07T15:12:31.185+0000] {processor.py:183} INFO - Processing /opt/airflow/dags/daily_revenue_etl_dag.py took 0.059 seconds
[2026-01-07T15:12:31.210+0000] {processor.py:161} INFO - Started process (PID=3989) to work on /opt/airflow/dags/daily_revenue_etl_dag.py
[2026-01-07T15:12:31.211+0000] {processor.py:830} INFO - Processing file /opt/airflow/dags/daily_revenue_etl_dag.py for tasks to queue
[2026-01-07T15:12:31.211+0000] {logging_mixin.py:188} INFO - [2026-01-07T15:12:31.211+0000] {dagbag.py:538} INFO - Filling up the DagBag from /opt/airflow/dags/daily_revenue_etl_dag.py
[2026-01-07T15:12:31.225+0000] {processor.py:840} INFO - DAG(s) 'daily_revenue_etl_dag' retrieved from /opt/airflow/dags/daily_revenue_etl_dag.py
[2026-01-07T15:12:31.244+0000] {logging_mixin.py:188} INFO - [2026-01-07T15:12:31.244+0000] {dag.py:3036} INFO - Sync 1 DAGs
[2026-01-07T15:12:31.257+0000] {logging_mixin.py:188} INFO - [2026-01-07T15:12:31.257+0000] {dag.py:3823} INFO - Setting next_dagrun for daily_revenue_etl_dag to 2026-01-07 00:00:00+00:00, run_after=2026-01-08 00:00:00+00:00
[2026-01-07T15:12:31.269+0000] {processor.py:183} INFO - Processing /opt/airflow/dags/daily_revenue_etl_dag.py took 0.062 seconds
[2026-01-07T15:12:31.293+0000] {processor.py:161} INFO - Started process (PID=3994) to work on /opt/airflow/dags/daily_revenue_etl_dag.py
[2026-01-07T15:12:31.293+0000] {processor.py:830} INFO - Processing file /opt/airflow/dags/daily_revenue_etl_dag.py for tasks to queue
[2026-01-07T15:12:31.294+0000] {logging_mixin.py:188} INFO - [2026-01-07T15:12:31.294+0000] {dagbag.py:538} INFO - Filling up the DagBag from /opt/airflow/dags/daily_revenue_etl_dag.py
[2026-01-07T15:12:31.305+0000] {processor.py:840} INFO - DAG(s) 'daily_revenue_etl_dag' retrieved from /opt/airflow/dags/daily_revenue_etl_dag.py
[2026-01-07T15:12:31.322+0000] {logging_mixin.py:188} INFO - [2026-01-07T15:12:31.322+0000] {dag.py:3036} INFO - Sync 1 DAGs
[2026-01-07T15:12:31.338+0000] {logging_mixin.py:188} INFO - [2026-01-07T15:12:31.338+0000] {dag.py:3823} INFO - Setting next_dagrun for daily_revenue_etl_dag to 2026-01-07 00:00:00+00:00, run_after=2026-01-08 00:00:00+00:00
[2026-01-07T15:12:31.352+0000] {processor.py:183} INFO - Processing /opt/airflow/dags/daily_revenue_etl_dag.py took 0.062 seconds
[2026-01-07T15:12:31.378+0000] {processor.py:161} INFO - Started process (PID=3999) to work on /opt/airflow/dags/daily_revenue_etl_dag.py
[2026-01-07T15:12:31.379+0000] {processor.py:830} INFO - Processing file /opt/airflow/dags/daily_revenue_etl_dag.py for tasks to queue
[2026-01-07T15:12:31.379+0000] {logging_mixin.py:188} INFO - [2026-01-07T15:12:31.379+0000] {dagbag.py:538} INFO - Filling up the DagBag from /opt/airflow/dags/daily_revenue_etl_dag.py
[2026-01-07T15:12:31.391+0000] {processor.py:840} INFO - DAG(s) 'daily_revenue_etl_dag' retrieved from /opt/airflow/dags/daily_revenue_etl_dag.py
[2026-01-07T15:12:31.409+0000] {logging_mixin.py:188} INFO - [2026-01-07T15:12:31.409+0000] {dag.py:3036} INFO - Sync 1 DAGs
[2026-01-07T15:12:31.423+0000] {logging_mixin.py:188} INFO - [2026-01-07T15:12:31.422+0000] {dag.py:3823} INFO - Setting next_dagrun for daily_revenue_etl_dag to 2026-01-07 00:00:00+00:00, run_after=2026-01-08 00:00:00+00:00
[2026-01-07T15:12:31.438+0000] {processor.py:183} INFO - Processing /opt/airflow/dags/daily_revenue_etl_dag.py took 0.062 seconds
[2026-01-07T15:12:31.479+0000] {processor.py:161} INFO - Started process (PID=4004) to work on /opt/airflow/dags/daily_revenue_etl_dag.py
[2026-01-07T15:12:31.480+0000] {processor.py:830} INFO - Processing file /opt/airflow/dags/daily_revenue_etl_dag.py for tasks to queue
[2026-01-07T15:12:31.481+0000] {logging_mixin.py:188} INFO - [2026-01-07T15:12:31.480+0000] {dagbag.py:538} INFO - Filling up the DagBag from /opt/airflow/dags/daily_revenue_etl_dag.py
[2026-01-07T15:12:31.493+0000] {processor.py:840} INFO - DAG(s) 'daily_revenue_etl_dag' retrieved from /opt/airflow/dags/daily_revenue_etl_dag.py
[2026-01-07T15:12:31.510+0000] {logging_mixin.py:188} INFO - [2026-01-07T15:12:31.510+0000] {dag.py:3036} INFO - Sync 1 DAGs
[2026-01-07T15:12:31.524+0000] {logging_mixin.py:188} INFO - [2026-01-07T15:12:31.524+0000] {dag.py:3823} INFO - Setting next_dagrun for daily_revenue_etl_dag to 2026-01-07 00:00:00+00:00, run_after=2026-01-08 00:00:00+00:00
[2026-01-07T15:12:31.535+0000] {processor.py:183} INFO - Processing /opt/airflow/dags/daily_revenue_etl_dag.py took 0.059 seconds
[2026-01-07T15:12:31.559+0000] {processor.py:161} INFO - Started process (PID=4009) to work on /opt/airflow/dags/daily_revenue_etl_dag.py
[2026-01-07T15:12:31.560+0000] {processor.py:830} INFO - Processing file /opt/airflow/dags/daily_revenue_etl_dag.py for tasks to queue
[2026-01-07T15:12:31.561+0000] {logging_mixin.py:188} INFO - [2026-01-07T15:12:31.561+0000] {dagbag.py:538} INFO - Filling up the DagBag from /opt/airflow/dags/daily_revenue_etl_dag.py
[2026-01-07T15:12:31.573+0000] {processor.py:840} INFO - DAG(s) 'daily_revenue_etl_dag' retrieved from /opt/airflow/dags/daily_revenue_etl_dag.py
[2026-01-07T15:12:31.589+0000] {logging_mixin.py:188} INFO - [2026-01-07T15:12:31.589+0000] {dag.py:3036} INFO - Sync 1 DAGs
[2026-01-07T15:12:31.603+0000] {logging_mixin.py:188} INFO - [2026-01-07T15:12:31.603+0000] {dag.py:3823} INFO - Setting next_dagrun for daily_revenue_etl_dag to 2026-01-07 00:00:00+00:00, run_after=2026-01-08 00:00:00+00:00
[2026-01-07T15:12:31.614+0000] {processor.py:183} INFO - Processing /opt/airflow/dags/daily_revenue_etl_dag.py took 0.058 seconds
[2026-01-07T15:12:31.639+0000] {processor.py:161} INFO - Started process (PID=4014) to work on /opt/airflow/dags/daily_revenue_etl_dag.py
[2026-01-07T15:12:31.640+0000] {processor.py:830} INFO - Processing file /opt/airflow/dags/daily_revenue_etl_dag.py for tasks to queue
[2026-01-07T15:12:31.640+0000] {logging_mixin.py:188} INFO - [2026-01-07T15:12:31.640+0000] {dagbag.py:538} INFO - Filling up the DagBag from /opt/airflow/dags/daily_revenue_etl_dag.py
[2026-01-07T15:12:31.652+0000] {processor.py:840} INFO - DAG(s) 'daily_revenue_etl_dag' retrieved from /opt/airflow/dags/daily_revenue_etl_dag.py
[2026-01-07T15:12:31.672+0000] {logging_mixin.py:188} INFO - [2026-01-07T15:12:31.672+0000] {dag.py:3036} INFO - Sync 1 DAGs
[2026-01-07T15:12:31.686+0000] {logging_mixin.py:188} INFO - [2026-01-07T15:12:31.686+0000] {dag.py:3823} INFO - Setting next_dagrun for daily_revenue_etl_dag to 2026-01-07 00:00:00+00:00, run_after=2026-01-08 00:00:00+00:00
[2026-01-07T15:12:31.697+0000] {processor.py:183} INFO - Processing /opt/airflow/dags/daily_revenue_etl_dag.py took 0.062 seconds
[2026-01-07T15:12:31.720+0000] {processor.py:161} INFO - Started process (PID=4019) to work on /opt/airflow/dags/daily_revenue_etl_dag.py
[2026-01-07T15:12:31.721+0000] {processor.py:830} INFO - Processing file /opt/airflow/dags/daily_revenue_etl_dag.py for tasks to queue
[2026-01-07T15:12:31.721+0000] {logging_mixin.py:188} INFO - [2026-01-07T15:12:31.721+0000] {dagbag.py:538} INFO - Filling up the DagBag from /opt/airflow/dags/daily_revenue_etl_dag.py
[2026-01-07T15:12:31.734+0000] {processor.py:840} INFO - DAG(s) 'daily_revenue_etl_dag' retrieved from /opt/airflow/dags/daily_revenue_etl_dag.py
[2026-01-07T15:12:31.750+0000] {logging_mixin.py:188} INFO - [2026-01-07T15:12:31.750+0000] {dag.py:3036} INFO - Sync 1 DAGs
[2026-01-07T15:12:31.764+0000] {logging_mixin.py:188} INFO - [2026-01-07T15:12:31.764+0000] {dag.py:3823} INFO - Setting next_dagrun for daily_revenue_etl_dag to 2026-01-07 00:00:00+00:00, run_after=2026-01-08 00:00:00+00:00
[2026-01-07T15:12:31.777+0000] {processor.py:183} INFO - Processing /opt/airflow/dags/daily_revenue_etl_dag.py took 0.060 seconds
[2026-01-07T15:12:31.799+0000] {processor.py:161} INFO - Started process (PID=4024) to work on /opt/airflow/dags/daily_revenue_etl_dag.py
[2026-01-07T15:12:31.800+0000] {processor.py:830} INFO - Processing file /opt/airflow/dags/daily_revenue_etl_dag.py for tasks to queue
[2026-01-07T15:12:31.801+0000] {logging_mixin.py:188} INFO - [2026-01-07T15:12:31.801+0000] {dagbag.py:538} INFO - Filling up the DagBag from /opt/airflow/dags/daily_revenue_etl_dag.py
[2026-01-07T15:12:31.814+0000] {processor.py:840} INFO - DAG(s) 'daily_revenue_etl_dag' retrieved from /opt/airflow/dags/daily_revenue_etl_dag.py
[2026-01-07T15:12:31.830+0000] {logging_mixin.py:188} INFO - [2026-01-07T15:12:31.830+0000] {dag.py:3036} INFO - Sync 1 DAGs
[2026-01-07T15:12:31.845+0000] {logging_mixin.py:188} INFO - [2026-01-07T15:12:31.844+0000] {dag.py:3823} INFO - Setting next_dagrun for daily_revenue_etl_dag to 2026-01-07 00:00:00+00:00, run_after=2026-01-08 00:00:00+00:00
[2026-01-07T15:12:31.856+0000] {processor.py:183} INFO - Processing /opt/airflow/dags/daily_revenue_etl_dag.py took 0.059 seconds
[2026-01-07T15:12:31.881+0000] {processor.py:161} INFO - Started process (PID=4029) to work on /opt/airflow/dags/daily_revenue_etl_dag.py
[2026-01-07T15:12:31.882+0000] {processor.py:830} INFO - Processing file /opt/airflow/dags/daily_revenue_etl_dag.py for tasks to queue
[2026-01-07T15:12:31.883+0000] {logging_mixin.py:188} INFO - [2026-01-07T15:12:31.882+0000] {dagbag.py:538} INFO - Filling up the DagBag from /opt/airflow/dags/daily_revenue_etl_dag.py
[2026-01-07T15:12:31.896+0000] {processor.py:840} INFO - DAG(s) 'daily_revenue_etl_dag' retrieved from /opt/airflow/dags/daily_revenue_etl_dag.py
[2026-01-07T15:12:31.911+0000] {logging_mixin.py:188} INFO - [2026-01-07T15:12:31.911+0000] {dag.py:3036} INFO - Sync 1 DAGs
[2026-01-07T15:12:31.927+0000] {logging_mixin.py:188} INFO - [2026-01-07T15:12:31.927+0000] {dag.py:3823} INFO - Setting next_dagrun for daily_revenue_etl_dag to 2026-01-07 00:00:00+00:00, run_after=2026-01-08 00:00:00+00:00
[2026-01-07T15:12:31.938+0000] {processor.py:183} INFO - Processing /opt/airflow/dags/daily_revenue_etl_dag.py took 0.059 seconds
[2026-01-07T15:12:31.965+0000] {processor.py:161} INFO - Started process (PID=4034) to work on /opt/airflow/dags/daily_revenue_etl_dag.py
[2026-01-07T15:12:31.966+0000] {processor.py:830} INFO - Processing file /opt/airflow/dags/daily_revenue_etl_dag.py for tasks to queue
[2026-01-07T15:12:31.967+0000] {logging_mixin.py:188} INFO - [2026-01-07T15:12:31.967+0000] {dagbag.py:538} INFO - Filling up the DagBag from /opt/airflow/dags/daily_revenue_etl_dag.py
[2026-01-07T15:12:31.978+0000] {processor.py:840} INFO - DAG(s) 'daily_revenue_etl_dag' retrieved from /opt/airflow/dags/daily_revenue_etl_dag.py
[2026-01-07T15:12:31.996+0000] {logging_mixin.py:188} INFO - [2026-01-07T15:12:31.995+0000] {dag.py:3036} INFO - Sync 1 DAGs
[2026-01-07T15:12:32.009+0000] {logging_mixin.py:188} INFO - [2026-01-07T15:12:32.009+0000] {dag.py:3823} INFO - Setting next_dagrun for daily_revenue_etl_dag to 2026-01-07 00:00:00+00:00, run_after=2026-01-08 00:00:00+00:00
[2026-01-07T15:12:32.020+0000] {processor.py:183} INFO - Processing /opt/airflow/dags/daily_revenue_etl_dag.py took 0.058 seconds
[2026-01-07T15:12:32.043+0000] {processor.py:161} INFO - Started process (PID=4039) to work on /opt/airflow/dags/daily_revenue_etl_dag.py
[2026-01-07T15:12:32.044+0000] {processor.py:830} INFO - Processing file /opt/airflow/dags/daily_revenue_etl_dag.py for tasks to queue
[2026-01-07T15:12:32.045+0000] {logging_mixin.py:188} INFO - [2026-01-07T15:12:32.045+0000] {dagbag.py:538} INFO - Filling up the DagBag from /opt/airflow/dags/daily_revenue_etl_dag.py
[2026-01-07T15:12:32.057+0000] {processor.py:840} INFO - DAG(s) 'daily_revenue_etl_dag' retrieved from /opt/airflow/dags/daily_revenue_etl_dag.py
[2026-01-07T15:12:32.075+0000] {logging_mixin.py:188} INFO - [2026-01-07T15:12:32.075+0000] {dag.py:3036} INFO - Sync 1 DAGs
[2026-01-07T15:12:32.089+0000] {logging_mixin.py:188} INFO - [2026-01-07T15:12:32.088+0000] {dag.py:3823} INFO - Setting next_dagrun for daily_revenue_etl_dag to 2026-01-07 00:00:00+00:00, run_after=2026-01-08 00:00:00+00:00
[2026-01-07T15:12:32.102+0000] {processor.py:183} INFO - Processing /opt/airflow/dags/daily_revenue_etl_dag.py took 0.062 seconds
[2026-01-07T15:12:32.126+0000] {processor.py:161} INFO - Started process (PID=4044) to work on /opt/airflow/dags/daily_revenue_etl_dag.py
[2026-01-07T15:12:32.127+0000] {processor.py:830} INFO - Processing file /opt/airflow/dags/daily_revenue_etl_dag.py for tasks to queue
[2026-01-07T15:12:32.128+0000] {logging_mixin.py:188} INFO - [2026-01-07T15:12:32.128+0000] {dagbag.py:538} INFO - Filling up the DagBag from /opt/airflow/dags/daily_revenue_etl_dag.py
[2026-01-07T15:12:32.142+0000] {processor.py:840} INFO - DAG(s) 'daily_revenue_etl_dag' retrieved from /opt/airflow/dags/daily_revenue_etl_dag.py
[2026-01-07T15:12:32.162+0000] {logging_mixin.py:188} INFO - [2026-01-07T15:12:32.161+0000] {dag.py:3036} INFO - Sync 1 DAGs
[2026-01-07T15:14:56.939+0000] {logging_mixin.py:188} INFO - [2026-01-07T15:14:56.939+0000] {dag.py:3823} INFO - Setting next_dagrun for daily_revenue_etl_dag to 2026-01-07 00:00:00+00:00, run_after=2026-01-08 00:00:00+00:00
[2026-01-07T15:14:56.951+0000] {processor.py:183} INFO - Processing /opt/airflow/dags/daily_revenue_etl_dag.py took 0.064 seconds
[2026-01-07T15:15:27.111+0000] {processor.py:161} INFO - Started process (PID=4049) to work on /opt/airflow/dags/daily_revenue_etl_dag.py
[2026-01-07T15:15:27.112+0000] {processor.py:830} INFO - Processing file /opt/airflow/dags/daily_revenue_etl_dag.py for tasks to queue
[2026-01-07T15:15:27.113+0000] {logging_mixin.py:188} INFO - [2026-01-07T15:15:27.112+0000] {dagbag.py:538} INFO - Filling up the DagBag from /opt/airflow/dags/daily_revenue_etl_dag.py
[2026-01-07T15:15:27.129+0000] {processor.py:840} INFO - DAG(s) 'daily_revenue_etl_dag' retrieved from /opt/airflow/dags/daily_revenue_etl_dag.py
[2026-01-07T15:15:27.148+0000] {logging_mixin.py:188} INFO - [2026-01-07T15:15:27.147+0000] {dag.py:3036} INFO - Sync 1 DAGs
[2026-01-07T15:15:27.164+0000] {logging_mixin.py:188} INFO - [2026-01-07T15:15:27.164+0000] {dag.py:3823} INFO - Setting next_dagrun for daily_revenue_etl_dag to 2026-01-07 00:00:00+00:00, run_after=2026-01-08 00:00:00+00:00
[2026-01-07T15:15:27.176+0000] {processor.py:183} INFO - Processing /opt/airflow/dags/daily_revenue_etl_dag.py took 0.068 seconds
[2026-01-07T15:13:02.439+0000] {processor.py:161} INFO - Started process (PID=4054) to work on /opt/airflow/dags/daily_revenue_etl_dag.py
[2026-01-07T15:13:02.440+0000] {processor.py:830} INFO - Processing file /opt/airflow/dags/daily_revenue_etl_dag.py for tasks to queue
[2026-01-07T15:13:02.441+0000] {logging_mixin.py:188} INFO - [2026-01-07T15:13:02.440+0000] {dagbag.py:538} INFO - Filling up the DagBag from /opt/airflow/dags/daily_revenue_etl_dag.py
[2026-01-07T15:13:02.455+0000] {processor.py:840} INFO - DAG(s) 'daily_revenue_etl_dag' retrieved from /opt/airflow/dags/daily_revenue_etl_dag.py
[2026-01-07T15:13:02.472+0000] {logging_mixin.py:188} INFO - [2026-01-07T15:13:02.472+0000] {dag.py:3036} INFO - Sync 1 DAGs
[2026-01-07T15:13:02.486+0000] {logging_mixin.py:188} INFO - [2026-01-07T15:13:02.486+0000] {dag.py:3823} INFO - Setting next_dagrun for daily_revenue_etl_dag to 2026-01-07 00:00:00+00:00, run_after=2026-01-08 00:00:00+00:00
[2026-01-07T15:13:02.498+0000] {processor.py:183} INFO - Processing /opt/airflow/dags/daily_revenue_etl_dag.py took 0.061 seconds
[2026-01-07T15:13:02.520+0000] {processor.py:161} INFO - Started process (PID=4059) to work on /opt/airflow/dags/daily_revenue_etl_dag.py
[2026-01-07T15:13:02.520+0000] {processor.py:830} INFO - Processing file /opt/airflow/dags/daily_revenue_etl_dag.py for tasks to queue
[2026-01-07T15:13:02.521+0000] {logging_mixin.py:188} INFO - [2026-01-07T15:13:02.521+0000] {dagbag.py:538} INFO - Filling up the DagBag from /opt/airflow/dags/daily_revenue_etl_dag.py
[2026-01-07T15:13:02.535+0000] {processor.py:840} INFO - DAG(s) 'daily_revenue_etl_dag' retrieved from /opt/airflow/dags/daily_revenue_etl_dag.py
[2026-01-07T15:13:02.550+0000] {logging_mixin.py:188} INFO - [2026-01-07T15:13:02.550+0000] {dag.py:3036} INFO - Sync 1 DAGs
[2026-01-07T15:13:02.565+0000] {logging_mixin.py:188} INFO - [2026-01-07T15:13:02.565+0000] {dag.py:3823} INFO - Setting next_dagrun for daily_revenue_etl_dag to 2026-01-07 00:00:00+00:00, run_after=2026-01-08 00:00:00+00:00
[2026-01-07T15:13:02.577+0000] {processor.py:183} INFO - Processing /opt/airflow/dags/daily_revenue_etl_dag.py took 0.060 seconds
[2026-01-07T15:13:02.604+0000] {processor.py:161} INFO - Started process (PID=4064) to work on /opt/airflow/dags/daily_revenue_etl_dag.py
[2026-01-07T15:13:02.605+0000] {processor.py:830} INFO - Processing file /opt/airflow/dags/daily_revenue_etl_dag.py for tasks to queue
[2026-01-07T15:13:02.605+0000] {logging_mixin.py:188} INFO - [2026-01-07T15:13:02.605+0000] {dagbag.py:538} INFO - Filling up the DagBag from /opt/airflow/dags/daily_revenue_etl_dag.py
[2026-01-07T15:13:02.617+0000] {processor.py:840} INFO - DAG(s) 'daily_revenue_etl_dag' retrieved from /opt/airflow/dags/daily_revenue_etl_dag.py
[2026-01-07T15:13:02.635+0000] {logging_mixin.py:188} INFO - [2026-01-07T15:13:02.635+0000] {dag.py:3036} INFO - Sync 1 DAGs
[2026-01-07T15:13:02.650+0000] {logging_mixin.py:188} INFO - [2026-01-07T15:13:02.650+0000] {dag.py:3823} INFO - Setting next_dagrun for daily_revenue_etl_dag to 2026-01-07 00:00:00+00:00, run_after=2026-01-08 00:00:00+00:00
[2026-01-07T15:13:02.663+0000] {processor.py:183} INFO - Processing /opt/airflow/dags/daily_revenue_etl_dag.py took 0.062 seconds
[2026-01-07T15:13:02.689+0000] {processor.py:161} INFO - Started process (PID=4069) to work on /opt/airflow/dags/daily_revenue_etl_dag.py
[2026-01-07T15:13:02.690+0000] {processor.py:830} INFO - Processing file /opt/airflow/dags/daily_revenue_etl_dag.py for tasks to queue
[2026-01-07T15:13:02.691+0000] {logging_mixin.py:188} INFO - [2026-01-07T15:13:02.691+0000] {dagbag.py:538} INFO - Filling up the DagBag from /opt/airflow/dags/daily_revenue_etl_dag.py
[2026-01-07T15:13:02.702+0000] {processor.py:840} INFO - DAG(s) 'daily_revenue_etl_dag' retrieved from /opt/airflow/dags/daily_revenue_etl_dag.py
[2026-01-07T15:13:02.718+0000] {logging_mixin.py:188} INFO - [2026-01-07T15:13:02.718+0000] {dag.py:3036} INFO - Sync 1 DAGs
[2026-01-07T15:13:02.733+0000] {logging_mixin.py:188} INFO - [2026-01-07T15:13:02.733+0000] {dag.py:3823} INFO - Setting next_dagrun for daily_revenue_etl_dag to 2026-01-07 00:00:00+00:00, run_after=2026-01-08 00:00:00+00:00
[2026-01-07T15:13:02.745+0000] {processor.py:183} INFO - Processing /opt/airflow/dags/daily_revenue_etl_dag.py took 0.058 seconds
[2026-01-07T15:13:02.768+0000] {processor.py:161} INFO - Started process (PID=4074) to work on /opt/airflow/dags/daily_revenue_etl_dag.py
[2026-01-07T15:13:02.769+0000] {processor.py:830} INFO - Processing file /opt/airflow/dags/daily_revenue_etl_dag.py for tasks to queue
[2026-01-07T15:13:02.770+0000] {logging_mixin.py:188} INFO - [2026-01-07T15:13:02.770+0000] {dagbag.py:538} INFO - Filling up the DagBag from /opt/airflow/dags/daily_revenue_etl_dag.py
[2026-01-07T15:13:02.782+0000] {processor.py:840} INFO - DAG(s) 'daily_revenue_etl_dag' retrieved from /opt/airflow/dags/daily_revenue_etl_dag.py
[2026-01-07T15:13:02.797+0000] {logging_mixin.py:188} INFO - [2026-01-07T15:13:02.797+0000] {dag.py:3036} INFO - Sync 1 DAGs
[2026-01-07T15:13:02.810+0000] {logging_mixin.py:188} INFO - [2026-01-07T15:13:02.810+0000] {dag.py:3823} INFO - Setting next_dagrun for daily_revenue_etl_dag to 2026-01-07 00:00:00+00:00, run_after=2026-01-08 00:00:00+00:00
[2026-01-07T15:13:02.822+0000] {processor.py:183} INFO - Processing /opt/airflow/dags/daily_revenue_etl_dag.py took 0.056 seconds
[2026-01-07T15:13:02.848+0000] {processor.py:161} INFO - Started process (PID=4079) to work on /opt/airflow/dags/daily_revenue_etl_dag.py
[2026-01-07T15:13:02.849+0000] {processor.py:830} INFO - Processing file /opt/airflow/dags/daily_revenue_etl_dag.py for tasks to queue
[2026-01-07T15:13:02.850+0000] {logging_mixin.py:188} INFO - [2026-01-07T15:13:02.850+0000] {dagbag.py:538} INFO - Filling up the DagBag from /opt/airflow/dags/daily_revenue_etl_dag.py
[2026-01-07T15:13:02.863+0000] {processor.py:840} INFO - DAG(s) 'daily_revenue_etl_dag' retrieved from /opt/airflow/dags/daily_revenue_etl_dag.py
[2026-01-07T15:13:02.879+0000] {logging_mixin.py:188} INFO - [2026-01-07T15:13:02.879+0000] {dag.py:3036} INFO - Sync 1 DAGs
[2026-01-07T15:13:02.893+0000] {logging_mixin.py:188} INFO - [2026-01-07T15:13:02.893+0000] {dag.py:3823} INFO - Setting next_dagrun for daily_revenue_etl_dag to 2026-01-07 00:00:00+00:00, run_after=2026-01-08 00:00:00+00:00
[2026-01-07T15:13:02.904+0000] {processor.py:183} INFO - Processing /opt/airflow/dags/daily_revenue_etl_dag.py took 0.059 seconds
[2026-01-07T15:13:02.927+0000] {processor.py:161} INFO - Started process (PID=4084) to work on /opt/airflow/dags/daily_revenue_etl_dag.py
[2026-01-07T15:13:02.928+0000] {processor.py:830} INFO - Processing file /opt/airflow/dags/daily_revenue_etl_dag.py for tasks to queue
[2026-01-07T15:13:02.930+0000] {logging_mixin.py:188} INFO - [2026-01-07T15:13:02.929+0000] {dagbag.py:538} INFO - Filling up the DagBag from /opt/airflow/dags/daily_revenue_etl_dag.py
[2026-01-07T15:13:02.941+0000] {processor.py:840} INFO - DAG(s) 'daily_revenue_etl_dag' retrieved from /opt/airflow/dags/daily_revenue_etl_dag.py
[2026-01-07T15:13:02.957+0000] {logging_mixin.py:188} INFO - [2026-01-07T15:13:02.957+0000] {dag.py:3036} INFO - Sync 1 DAGs
[2026-01-07T15:13:02.971+0000] {logging_mixin.py:188} INFO - [2026-01-07T15:13:02.971+0000] {dag.py:3823} INFO - Setting next_dagrun for daily_revenue_etl_dag to 2026-01-07 00:00:00+00:00, run_after=2026-01-08 00:00:00+00:00
[2026-01-07T15:13:02.983+0000] {processor.py:183} INFO - Processing /opt/airflow/dags/daily_revenue_etl_dag.py took 0.058 seconds
[2026-01-07T15:13:03.004+0000] {processor.py:161} INFO - Started process (PID=4089) to work on /opt/airflow/dags/daily_revenue_etl_dag.py
[2026-01-07T15:13:03.004+0000] {processor.py:830} INFO - Processing file /opt/airflow/dags/daily_revenue_etl_dag.py for tasks to queue
[2026-01-07T15:13:03.005+0000] {logging_mixin.py:188} INFO - [2026-01-07T15:13:03.005+0000] {dagbag.py:538} INFO - Filling up the DagBag from /opt/airflow/dags/daily_revenue_etl_dag.py
[2026-01-07T15:13:03.018+0000] {processor.py:840} INFO - DAG(s) 'daily_revenue_etl_dag' retrieved from /opt/airflow/dags/daily_revenue_etl_dag.py
[2026-01-07T15:13:03.036+0000] {logging_mixin.py:188} INFO - [2026-01-07T15:13:03.036+0000] {dag.py:3036} INFO - Sync 1 DAGs
[2026-01-07T15:13:03.051+0000] {logging_mixin.py:188} INFO - [2026-01-07T15:13:03.051+0000] {dag.py:3823} INFO - Setting next_dagrun for daily_revenue_etl_dag to 2026-01-07 00:00:00+00:00, run_after=2026-01-08 00:00:00+00:00
[2026-01-07T15:13:03.061+0000] {processor.py:183} INFO - Processing /opt/airflow/dags/daily_revenue_etl_dag.py took 0.060 seconds
[2026-01-07T15:13:03.084+0000] {processor.py:161} INFO - Started process (PID=4094) to work on /opt/airflow/dags/daily_revenue_etl_dag.py
[2026-01-07T15:13:03.086+0000] {processor.py:830} INFO - Processing file /opt/airflow/dags/daily_revenue_etl_dag.py for tasks to queue
[2026-01-07T15:13:03.087+0000] {logging_mixin.py:188} INFO - [2026-01-07T15:13:03.086+0000] {dagbag.py:538} INFO - Filling up the DagBag from /opt/airflow/dags/daily_revenue_etl_dag.py
[2026-01-07T15:13:03.098+0000] {processor.py:840} INFO - DAG(s) 'daily_revenue_etl_dag' retrieved from /opt/airflow/dags/daily_revenue_etl_dag.py
[2026-01-07T15:13:03.114+0000] {logging_mixin.py:188} INFO - [2026-01-07T15:13:03.114+0000] {dag.py:3036} INFO - Sync 1 DAGs
[2026-01-07T15:13:03.128+0000] {logging_mixin.py:188} INFO - [2026-01-07T15:13:03.128+0000] {dag.py:3823} INFO - Setting next_dagrun for daily_revenue_etl_dag to 2026-01-07 00:00:00+00:00, run_after=2026-01-08 00:00:00+00:00
[2026-01-07T15:13:03.140+0000] {processor.py:183} INFO - Processing /opt/airflow/dags/daily_revenue_etl_dag.py took 0.058 seconds
[2026-01-07T15:13:03.160+0000] {processor.py:161} INFO - Started process (PID=4099) to work on /opt/airflow/dags/daily_revenue_etl_dag.py
[2026-01-07T15:13:03.163+0000] {processor.py:830} INFO - Processing file /opt/airflow/dags/daily_revenue_etl_dag.py for tasks to queue
[2026-01-07T15:13:03.164+0000] {logging_mixin.py:188} INFO - [2026-01-07T15:13:03.163+0000] {dagbag.py:538} INFO - Filling up the DagBag from /opt/airflow/dags/daily_revenue_etl_dag.py
[2026-01-07T15:13:03.174+0000] {processor.py:840} INFO - DAG(s) 'daily_revenue_etl_dag' retrieved from /opt/airflow/dags/daily_revenue_etl_dag.py
[2026-01-07T15:13:03.189+0000] {logging_mixin.py:188} INFO - [2026-01-07T15:13:03.189+0000] {dag.py:3036} INFO - Sync 1 DAGs
[2026-01-07T15:13:03.202+0000] {logging_mixin.py:188} INFO - [2026-01-07T15:13:03.202+0000] {dag.py:3823} INFO - Setting next_dagrun for daily_revenue_etl_dag to 2026-01-07 00:00:00+00:00, run_after=2026-01-08 00:00:00+00:00
[2026-01-07T15:13:03.213+0000] {processor.py:183} INFO - Processing /opt/airflow/dags/daily_revenue_etl_dag.py took 0.055 seconds
[2026-01-07T15:13:03.234+0000] {processor.py:161} INFO - Started process (PID=4104) to work on /opt/airflow/dags/daily_revenue_etl_dag.py
[2026-01-07T15:13:03.235+0000] {processor.py:830} INFO - Processing file /opt/airflow/dags/daily_revenue_etl_dag.py for tasks to queue
[2026-01-07T15:13:03.236+0000] {logging_mixin.py:188} INFO - [2026-01-07T15:13:03.235+0000] {dagbag.py:538} INFO - Filling up the DagBag from /opt/airflow/dags/daily_revenue_etl_dag.py
[2026-01-07T15:13:03.253+0000] {processor.py:840} INFO - DAG(s) 'daily_revenue_etl_dag' retrieved from /opt/airflow/dags/daily_revenue_etl_dag.py
[2026-01-07T15:13:03.270+0000] {logging_mixin.py:188} INFO - [2026-01-07T15:13:03.270+0000] {dag.py:3036} INFO - Sync 1 DAGs
[2026-01-07T15:13:03.284+0000] {logging_mixin.py:188} INFO - [2026-01-07T15:13:03.284+0000] {dag.py:3823} INFO - Setting next_dagrun for daily_revenue_etl_dag to 2026-01-07 00:00:00+00:00, run_after=2026-01-08 00:00:00+00:00
[2026-01-07T15:13:03.296+0000] {processor.py:183} INFO - Processing /opt/airflow/dags/daily_revenue_etl_dag.py took 0.064 seconds
[2026-01-07T15:13:03.320+0000] {processor.py:161} INFO - Started process (PID=4109) to work on /opt/airflow/dags/daily_revenue_etl_dag.py
[2026-01-07T15:13:03.321+0000] {processor.py:830} INFO - Processing file /opt/airflow/dags/daily_revenue_etl_dag.py for tasks to queue
[2026-01-07T15:13:03.322+0000] {logging_mixin.py:188} INFO - [2026-01-07T15:13:03.321+0000] {dagbag.py:538} INFO - Filling up the DagBag from /opt/airflow/dags/daily_revenue_etl_dag.py
[2026-01-07T15:13:03.334+0000] {processor.py:840} INFO - DAG(s) 'daily_revenue_etl_dag' retrieved from /opt/airflow/dags/daily_revenue_etl_dag.py
[2026-01-07T15:13:03.349+0000] {logging_mixin.py:188} INFO - [2026-01-07T15:13:03.349+0000] {dag.py:3036} INFO - Sync 1 DAGs
[2026-01-07T15:13:03.362+0000] {logging_mixin.py:188} INFO - [2026-01-07T15:13:03.362+0000] {dag.py:3823} INFO - Setting next_dagrun for daily_revenue_etl_dag to 2026-01-07 00:00:00+00:00, run_after=2026-01-08 00:00:00+00:00
[2026-01-07T15:13:03.374+0000] {processor.py:183} INFO - Processing /opt/airflow/dags/daily_revenue_etl_dag.py took 0.057 seconds
[2026-01-07T15:13:03.394+0000] {processor.py:161} INFO - Started process (PID=4114) to work on /opt/airflow/dags/daily_revenue_etl_dag.py
[2026-01-07T15:13:03.394+0000] {processor.py:830} INFO - Processing file /opt/airflow/dags/daily_revenue_etl_dag.py for tasks to queue
[2026-01-07T15:13:03.395+0000] {logging_mixin.py:188} INFO - [2026-01-07T15:13:03.395+0000] {dagbag.py:538} INFO - Filling up the DagBag from /opt/airflow/dags/daily_revenue_etl_dag.py
[2026-01-07T15:13:03.406+0000] {processor.py:840} INFO - DAG(s) 'daily_revenue_etl_dag' retrieved from /opt/airflow/dags/daily_revenue_etl_dag.py
[2026-01-07T15:13:03.421+0000] {logging_mixin.py:188} INFO - [2026-01-07T15:13:03.421+0000] {dag.py:3036} INFO - Sync 1 DAGs
[2026-01-07T15:13:03.434+0000] {logging_mixin.py:188} INFO - [2026-01-07T15:13:03.433+0000] {dag.py:3823} INFO - Setting next_dagrun for daily_revenue_etl_dag to 2026-01-07 00:00:00+00:00, run_after=2026-01-08 00:00:00+00:00
[2026-01-07T15:13:03.444+0000] {processor.py:183} INFO - Processing /opt/airflow/dags/daily_revenue_etl_dag.py took 0.052 seconds
[2026-01-07T15:13:03.465+0000] {processor.py:161} INFO - Started process (PID=4119) to work on /opt/airflow/dags/daily_revenue_etl_dag.py
[2026-01-07T15:13:03.466+0000] {processor.py:830} INFO - Processing file /opt/airflow/dags/daily_revenue_etl_dag.py for tasks to queue
[2026-01-07T15:13:03.467+0000] {logging_mixin.py:188} INFO - [2026-01-07T15:13:03.466+0000] {dagbag.py:538} INFO - Filling up the DagBag from /opt/airflow/dags/daily_revenue_etl_dag.py
[2026-01-07T15:13:03.478+0000] {processor.py:840} INFO - DAG(s) 'daily_revenue_etl_dag' retrieved from /opt/airflow/dags/daily_revenue_etl_dag.py
[2026-01-07T15:13:03.495+0000] {logging_mixin.py:188} INFO - [2026-01-07T15:13:03.495+0000] {dag.py:3036} INFO - Sync 1 DAGs
[2026-01-07T15:13:03.509+0000] {logging_mixin.py:188} INFO - [2026-01-07T15:13:03.509+0000] {dag.py:3823} INFO - Setting next_dagrun for daily_revenue_etl_dag to 2026-01-07 00:00:00+00:00, run_after=2026-01-08 00:00:00+00:00
[2026-01-07T15:13:03.519+0000] {processor.py:183} INFO - Processing /opt/airflow/dags/daily_revenue_etl_dag.py took 0.056 seconds
[2026-01-07T15:13:03.541+0000] {processor.py:161} INFO - Started process (PID=4124) to work on /opt/airflow/dags/daily_revenue_etl_dag.py
[2026-01-07T15:13:03.542+0000] {processor.py:830} INFO - Processing file /opt/airflow/dags/daily_revenue_etl_dag.py for tasks to queue
[2026-01-07T15:13:03.543+0000] {logging_mixin.py:188} INFO - [2026-01-07T15:13:03.542+0000] {dagbag.py:538} INFO - Filling up the DagBag from /opt/airflow/dags/daily_revenue_etl_dag.py
[2026-01-07T15:13:03.554+0000] {processor.py:840} INFO - DAG(s) 'daily_revenue_etl_dag' retrieved from /opt/airflow/dags/daily_revenue_etl_dag.py
[2026-01-07T15:13:03.569+0000] {logging_mixin.py:188} INFO - [2026-01-07T15:13:03.569+0000] {dag.py:3036} INFO - Sync 1 DAGs
[2026-01-07T15:13:03.581+0000] {logging_mixin.py:188} INFO - [2026-01-07T15:13:03.581+0000] {dag.py:3823} INFO - Setting next_dagrun for daily_revenue_etl_dag to 2026-01-07 00:00:00+00:00, run_after=2026-01-08 00:00:00+00:00
[2026-01-07T15:13:03.591+0000] {processor.py:183} INFO - Processing /opt/airflow/dags/daily_revenue_etl_dag.py took 0.052 seconds
[2026-01-07T15:13:03.611+0000] {processor.py:161} INFO - Started process (PID=4129) to work on /opt/airflow/dags/daily_revenue_etl_dag.py
[2026-01-07T15:13:03.612+0000] {processor.py:830} INFO - Processing file /opt/airflow/dags/daily_revenue_etl_dag.py for tasks to queue
[2026-01-07T15:13:03.612+0000] {logging_mixin.py:188} INFO - [2026-01-07T15:13:03.612+0000] {dagbag.py:538} INFO - Filling up the DagBag from /opt/airflow/dags/daily_revenue_etl_dag.py
[2026-01-07T15:13:03.624+0000] {processor.py:840} INFO - DAG(s) 'daily_revenue_etl_dag' retrieved from /opt/airflow/dags/daily_revenue_etl_dag.py
[2026-01-07T15:13:03.641+0000] {logging_mixin.py:188} INFO - [2026-01-07T15:13:03.641+0000] {dag.py:3036} INFO - Sync 1 DAGs
[2026-01-07T15:13:03.655+0000] {logging_mixin.py:188} INFO - [2026-01-07T15:13:03.655+0000] {dag.py:3823} INFO - Setting next_dagrun for daily_revenue_etl_dag to 2026-01-07 00:00:00+00:00, run_after=2026-01-08 00:00:00+00:00
[2026-01-07T15:13:03.666+0000] {processor.py:183} INFO - Processing /opt/airflow/dags/daily_revenue_etl_dag.py took 0.057 seconds
[2026-01-07T15:13:03.686+0000] {processor.py:161} INFO - Started process (PID=4134) to work on /opt/airflow/dags/daily_revenue_etl_dag.py
[2026-01-07T15:13:03.687+0000] {processor.py:830} INFO - Processing file /opt/airflow/dags/daily_revenue_etl_dag.py for tasks to queue
[2026-01-07T15:13:03.687+0000] {logging_mixin.py:188} INFO - [2026-01-07T15:13:03.687+0000] {dagbag.py:538} INFO - Filling up the DagBag from /opt/airflow/dags/daily_revenue_etl_dag.py
[2026-01-07T15:13:03.703+0000] {processor.py:840} INFO - DAG(s) 'daily_revenue_etl_dag' retrieved from /opt/airflow/dags/daily_revenue_etl_dag.py
[2026-01-07T15:13:03.718+0000] {logging_mixin.py:188} INFO - [2026-01-07T15:13:03.718+0000] {dag.py:3036} INFO - Sync 1 DAGs
[2026-01-07T15:13:03.731+0000] {logging_mixin.py:188} INFO - [2026-01-07T15:13:03.730+0000] {dag.py:3823} INFO - Setting next_dagrun for daily_revenue_etl_dag to 2026-01-07 00:00:00+00:00, run_after=2026-01-08 00:00:00+00:00
[2026-01-07T15:13:03.741+0000] {processor.py:183} INFO - Processing /opt/airflow/dags/daily_revenue_etl_dag.py took 0.058 seconds
[2026-01-07T15:13:03.763+0000] {processor.py:161} INFO - Started process (PID=4139) to work on /opt/airflow/dags/daily_revenue_etl_dag.py
[2026-01-07T15:13:03.764+0000] {processor.py:830} INFO - Processing file /opt/airflow/dags/daily_revenue_etl_dag.py for tasks to queue
[2026-01-07T15:13:03.765+0000] {logging_mixin.py:188} INFO - [2026-01-07T15:13:03.765+0000] {dagbag.py:538} INFO - Filling up the DagBag from /opt/airflow/dags/daily_revenue_etl_dag.py
[2026-01-07T15:13:03.776+0000] {processor.py:840} INFO - DAG(s) 'daily_revenue_etl_dag' retrieved from /opt/airflow/dags/daily_revenue_etl_dag.py
[2026-01-07T15:13:03.792+0000] {logging_mixin.py:188} INFO - [2026-01-07T15:13:03.792+0000] {dag.py:3036} INFO - Sync 1 DAGs
[2026-01-07T15:13:03.806+0000] {logging_mixin.py:188} INFO - [2026-01-07T15:13:03.805+0000] {dag.py:3823} INFO - Setting next_dagrun for daily_revenue_etl_dag to 2026-01-07 00:00:00+00:00, run_after=2026-01-08 00:00:00+00:00
[2026-01-07T15:13:03.817+0000] {processor.py:183} INFO - Processing /opt/airflow/dags/daily_revenue_etl_dag.py took 0.056 seconds
[2026-01-07T15:13:03.845+0000] {processor.py:161} INFO - Started process (PID=4144) to work on /opt/airflow/dags/daily_revenue_etl_dag.py
[2026-01-07T15:13:03.845+0000] {processor.py:830} INFO - Processing file /opt/airflow/dags/daily_revenue_etl_dag.py for tasks to queue
[2026-01-07T15:13:03.846+0000] {logging_mixin.py:188} INFO - [2026-01-07T15:13:03.846+0000] {dagbag.py:538} INFO - Filling up the DagBag from /opt/airflow/dags/daily_revenue_etl_dag.py
[2026-01-07T15:13:03.860+0000] {processor.py:840} INFO - DAG(s) 'daily_revenue_etl_dag' retrieved from /opt/airflow/dags/daily_revenue_etl_dag.py
[2026-01-07T15:13:03.876+0000] {logging_mixin.py:188} INFO - [2026-01-07T15:13:03.876+0000] {dag.py:3036} INFO - Sync 1 DAGs
[2026-01-07T15:13:03.891+0000] {logging_mixin.py:188} INFO - [2026-01-07T15:13:03.891+0000] {dag.py:3823} INFO - Setting next_dagrun for daily_revenue_etl_dag to 2026-01-07 00:00:00+00:00, run_after=2026-01-08 00:00:00+00:00
[2026-01-07T15:13:03.903+0000] {processor.py:183} INFO - Processing /opt/airflow/dags/daily_revenue_etl_dag.py took 0.061 seconds
[2026-01-07T15:13:03.927+0000] {processor.py:161} INFO - Started process (PID=4149) to work on /opt/airflow/dags/daily_revenue_etl_dag.py
[2026-01-07T15:13:03.928+0000] {processor.py:830} INFO - Processing file /opt/airflow/dags/daily_revenue_etl_dag.py for tasks to queue
[2026-01-07T15:13:03.929+0000] {logging_mixin.py:188} INFO - [2026-01-07T15:13:03.929+0000] {dagbag.py:538} INFO - Filling up the DagBag from /opt/airflow/dags/daily_revenue_etl_dag.py
[2026-01-07T15:13:03.941+0000] {processor.py:840} INFO - DAG(s) 'daily_revenue_etl_dag' retrieved from /opt/airflow/dags/daily_revenue_etl_dag.py
[2026-01-07T15:13:03.958+0000] {logging_mixin.py:188} INFO - [2026-01-07T15:13:03.957+0000] {dag.py:3036} INFO - Sync 1 DAGs
[2026-01-07T15:13:03.973+0000] {logging_mixin.py:188} INFO - [2026-01-07T15:13:03.973+0000] {dag.py:3823} INFO - Setting next_dagrun for daily_revenue_etl_dag to 2026-01-07 00:00:00+00:00, run_after=2026-01-08 00:00:00+00:00
[2026-01-07T15:13:03.988+0000] {processor.py:183} INFO - Processing /opt/airflow/dags/daily_revenue_etl_dag.py took 0.063 seconds
[2026-01-07T15:13:04.012+0000] {processor.py:161} INFO - Started process (PID=4154) to work on /opt/airflow/dags/daily_revenue_etl_dag.py
[2026-01-07T15:13:04.013+0000] {processor.py:830} INFO - Processing file /opt/airflow/dags/daily_revenue_etl_dag.py for tasks to queue
[2026-01-07T15:13:04.013+0000] {logging_mixin.py:188} INFO - [2026-01-07T15:13:04.013+0000] {dagbag.py:538} INFO - Filling up the DagBag from /opt/airflow/dags/daily_revenue_etl_dag.py
[2026-01-07T15:13:04.026+0000] {processor.py:840} INFO - DAG(s) 'daily_revenue_etl_dag' retrieved from /opt/airflow/dags/daily_revenue_etl_dag.py
[2026-01-07T15:13:04.043+0000] {logging_mixin.py:188} INFO - [2026-01-07T15:13:04.043+0000] {dag.py:3036} INFO - Sync 1 DAGs
[2026-01-07T15:13:04.057+0000] {logging_mixin.py:188} INFO - [2026-01-07T15:13:04.056+0000] {dag.py:3823} INFO - Setting next_dagrun for daily_revenue_etl_dag to 2026-01-07 00:00:00+00:00, run_after=2026-01-08 00:00:00+00:00
[2026-01-07T15:13:04.068+0000] {processor.py:183} INFO - Processing /opt/airflow/dags/daily_revenue_etl_dag.py took 0.058 seconds
[2026-01-07T15:13:04.094+0000] {processor.py:161} INFO - Started process (PID=4159) to work on /opt/airflow/dags/daily_revenue_etl_dag.py
[2026-01-07T15:13:04.095+0000] {processor.py:830} INFO - Processing file /opt/airflow/dags/daily_revenue_etl_dag.py for tasks to queue
[2026-01-07T15:13:04.096+0000] {logging_mixin.py:188} INFO - [2026-01-07T15:13:04.096+0000] {dagbag.py:538} INFO - Filling up the DagBag from /opt/airflow/dags/daily_revenue_etl_dag.py
[2026-01-07T15:13:04.108+0000] {processor.py:840} INFO - DAG(s) 'daily_revenue_etl_dag' retrieved from /opt/airflow/dags/daily_revenue_etl_dag.py
[2026-01-07T15:13:04.127+0000] {logging_mixin.py:188} INFO - [2026-01-07T15:13:04.127+0000] {dag.py:3036} INFO - Sync 1 DAGs
[2026-01-07T15:13:04.141+0000] {logging_mixin.py:188} INFO - [2026-01-07T15:13:04.141+0000] {dag.py:3823} INFO - Setting next_dagrun for daily_revenue_etl_dag to 2026-01-07 00:00:00+00:00, run_after=2026-01-08 00:00:00+00:00
[2026-01-07T15:13:04.152+0000] {processor.py:183} INFO - Processing /opt/airflow/dags/daily_revenue_etl_dag.py took 0.060 seconds
[2026-01-07T15:13:04.176+0000] {processor.py:161} INFO - Started process (PID=4164) to work on /opt/airflow/dags/daily_revenue_etl_dag.py
[2026-01-07T15:13:04.176+0000] {processor.py:830} INFO - Processing file /opt/airflow/dags/daily_revenue_etl_dag.py for tasks to queue
[2026-01-07T15:13:04.177+0000] {logging_mixin.py:188} INFO - [2026-01-07T15:13:04.177+0000] {dagbag.py:538} INFO - Filling up the DagBag from /opt/airflow/dags/daily_revenue_etl_dag.py
[2026-01-07T15:13:04.191+0000] {processor.py:840} INFO - DAG(s) 'daily_revenue_etl_dag' retrieved from /opt/airflow/dags/daily_revenue_etl_dag.py
[2026-01-07T15:13:04.209+0000] {logging_mixin.py:188} INFO - [2026-01-07T15:13:04.209+0000] {dag.py:3036} INFO - Sync 1 DAGs
[2026-01-07T15:13:04.223+0000] {logging_mixin.py:188} INFO - [2026-01-07T15:13:04.223+0000] {dag.py:3823} INFO - Setting next_dagrun for daily_revenue_etl_dag to 2026-01-07 00:00:00+00:00, run_after=2026-01-08 00:00:00+00:00
[2026-01-07T15:13:04.234+0000] {processor.py:183} INFO - Processing /opt/airflow/dags/daily_revenue_etl_dag.py took 0.061 seconds
[2026-01-07T15:13:04.262+0000] {processor.py:161} INFO - Started process (PID=4169) to work on /opt/airflow/dags/daily_revenue_etl_dag.py
[2026-01-07T15:13:04.263+0000] {processor.py:830} INFO - Processing file /opt/airflow/dags/daily_revenue_etl_dag.py for tasks to queue
[2026-01-07T15:13:04.264+0000] {logging_mixin.py:188} INFO - [2026-01-07T15:13:04.264+0000] {dagbag.py:538} INFO - Filling up the DagBag from /opt/airflow/dags/daily_revenue_etl_dag.py
[2026-01-07T15:13:04.277+0000] {processor.py:840} INFO - DAG(s) 'daily_revenue_etl_dag' retrieved from /opt/airflow/dags/daily_revenue_etl_dag.py
[2026-01-07T15:13:04.294+0000] {logging_mixin.py:188} INFO - [2026-01-07T15:13:04.294+0000] {dag.py:3036} INFO - Sync 1 DAGs
[2026-01-07T15:13:04.308+0000] {logging_mixin.py:188} INFO - [2026-01-07T15:13:04.308+0000] {dag.py:3823} INFO - Setting next_dagrun for daily_revenue_etl_dag to 2026-01-07 00:00:00+00:00, run_after=2026-01-08 00:00:00+00:00
[2026-01-07T15:13:04.320+0000] {processor.py:183} INFO - Processing /opt/airflow/dags/daily_revenue_etl_dag.py took 0.060 seconds
[2026-01-07T15:13:04.343+0000] {processor.py:161} INFO - Started process (PID=4174) to work on /opt/airflow/dags/daily_revenue_etl_dag.py
[2026-01-07T15:13:04.343+0000] {processor.py:830} INFO - Processing file /opt/airflow/dags/daily_revenue_etl_dag.py for tasks to queue
[2026-01-07T15:13:04.344+0000] {logging_mixin.py:188} INFO - [2026-01-07T15:13:04.344+0000] {dagbag.py:538} INFO - Filling up the DagBag from /opt/airflow/dags/daily_revenue_etl_dag.py
[2026-01-07T15:13:04.359+0000] {processor.py:840} INFO - DAG(s) 'daily_revenue_etl_dag' retrieved from /opt/airflow/dags/daily_revenue_etl_dag.py
[2026-01-07T15:13:04.378+0000] {logging_mixin.py:188} INFO - [2026-01-07T15:13:04.378+0000] {dag.py:3036} INFO - Sync 1 DAGs
[2026-01-07T15:13:04.394+0000] {logging_mixin.py:188} INFO - [2026-01-07T15:13:04.394+0000] {dag.py:3823} INFO - Setting next_dagrun for daily_revenue_etl_dag to 2026-01-07 00:00:00+00:00, run_after=2026-01-08 00:00:00+00:00
[2026-01-07T15:13:04.408+0000] {processor.py:183} INFO - Processing /opt/airflow/dags/daily_revenue_etl_dag.py took 0.068 seconds
[2026-01-07T15:13:04.433+0000] {processor.py:161} INFO - Started process (PID=4179) to work on /opt/airflow/dags/daily_revenue_etl_dag.py
[2026-01-07T15:13:04.434+0000] {processor.py:830} INFO - Processing file /opt/airflow/dags/daily_revenue_etl_dag.py for tasks to queue
[2026-01-07T15:13:04.435+0000] {logging_mixin.py:188} INFO - [2026-01-07T15:13:04.434+0000] {dagbag.py:538} INFO - Filling up the DagBag from /opt/airflow/dags/daily_revenue_etl_dag.py
[2026-01-07T15:13:04.448+0000] {processor.py:840} INFO - DAG(s) 'daily_revenue_etl_dag' retrieved from /opt/airflow/dags/daily_revenue_etl_dag.py
[2026-01-07T15:13:04.467+0000] {logging_mixin.py:188} INFO - [2026-01-07T15:13:04.467+0000] {dag.py:3036} INFO - Sync 1 DAGs
[2026-01-07T15:13:04.482+0000] {logging_mixin.py:188} INFO - [2026-01-07T15:13:04.482+0000] {dag.py:3823} INFO - Setting next_dagrun for daily_revenue_etl_dag to 2026-01-07 00:00:00+00:00, run_after=2026-01-08 00:00:00+00:00
[2026-01-07T15:13:04.495+0000] {processor.py:183} INFO - Processing /opt/airflow/dags/daily_revenue_etl_dag.py took 0.064 seconds
[2026-01-07T15:13:04.521+0000] {processor.py:161} INFO - Started process (PID=4184) to work on /opt/airflow/dags/daily_revenue_etl_dag.py
[2026-01-07T15:13:04.522+0000] {processor.py:830} INFO - Processing file /opt/airflow/dags/daily_revenue_etl_dag.py for tasks to queue
[2026-01-07T15:13:04.523+0000] {logging_mixin.py:188} INFO - [2026-01-07T15:13:04.523+0000] {dagbag.py:538} INFO - Filling up the DagBag from /opt/airflow/dags/daily_revenue_etl_dag.py
[2026-01-07T15:13:04.535+0000] {processor.py:840} INFO - DAG(s) 'daily_revenue_etl_dag' retrieved from /opt/airflow/dags/daily_revenue_etl_dag.py
[2026-01-07T15:13:04.552+0000] {logging_mixin.py:188} INFO - [2026-01-07T15:13:04.552+0000] {dag.py:3036} INFO - Sync 1 DAGs
[2026-01-07T15:13:04.568+0000] {logging_mixin.py:188} INFO - [2026-01-07T15:13:04.568+0000] {dag.py:3823} INFO - Setting next_dagrun for daily_revenue_etl_dag to 2026-01-07 00:00:00+00:00, run_after=2026-01-08 00:00:00+00:00
[2026-01-07T15:13:04.589+0000] {processor.py:183} INFO - Processing /opt/airflow/dags/daily_revenue_etl_dag.py took 0.070 seconds
[2026-01-07T15:13:04.636+0000] {processor.py:161} INFO - Started process (PID=4189) to work on /opt/airflow/dags/daily_revenue_etl_dag.py
[2026-01-07T15:13:04.637+0000] {processor.py:830} INFO - Processing file /opt/airflow/dags/daily_revenue_etl_dag.py for tasks to queue
[2026-01-07T15:13:04.640+0000] {logging_mixin.py:188} INFO - [2026-01-07T15:13:04.639+0000] {dagbag.py:538} INFO - Filling up the DagBag from /opt/airflow/dags/daily_revenue_etl_dag.py
[2026-01-07T15:13:04.689+0000] {processor.py:840} INFO - DAG(s) 'daily_revenue_etl_dag' retrieved from /opt/airflow/dags/daily_revenue_etl_dag.py
[2026-01-07T15:13:04.706+0000] {logging_mixin.py:188} INFO - [2026-01-07T15:13:04.706+0000] {dag.py:3036} INFO - Sync 1 DAGs
[2026-01-07T15:13:04.721+0000] {logging_mixin.py:188} INFO - [2026-01-07T15:13:04.720+0000] {dag.py:3823} INFO - Setting next_dagrun for daily_revenue_etl_dag to 2026-01-07 00:00:00+00:00, run_after=2026-01-08 00:00:00+00:00
[2026-01-07T15:13:04.732+0000] {processor.py:183} INFO - Processing /opt/airflow/dags/daily_revenue_etl_dag.py took 0.100 seconds
[2026-01-07T15:13:04.756+0000] {processor.py:161} INFO - Started process (PID=4194) to work on /opt/airflow/dags/daily_revenue_etl_dag.py
[2026-01-07T15:13:04.757+0000] {processor.py:830} INFO - Processing file /opt/airflow/dags/daily_revenue_etl_dag.py for tasks to queue
[2026-01-07T15:13:04.758+0000] {logging_mixin.py:188} INFO - [2026-01-07T15:13:04.758+0000] {dagbag.py:538} INFO - Filling up the DagBag from /opt/airflow/dags/daily_revenue_etl_dag.py
[2026-01-07T15:13:04.771+0000] {processor.py:840} INFO - DAG(s) 'daily_revenue_etl_dag' retrieved from /opt/airflow/dags/daily_revenue_etl_dag.py
[2026-01-07T15:13:04.788+0000] {logging_mixin.py:188} INFO - [2026-01-07T15:13:04.788+0000] {dag.py:3036} INFO - Sync 1 DAGs
[2026-01-07T15:13:04.803+0000] {logging_mixin.py:188} INFO - [2026-01-07T15:13:04.803+0000] {dag.py:3823} INFO - Setting next_dagrun for daily_revenue_etl_dag to 2026-01-07 00:00:00+00:00, run_after=2026-01-08 00:00:00+00:00
[2026-01-07T15:13:04.814+0000] {processor.py:183} INFO - Processing /opt/airflow/dags/daily_revenue_etl_dag.py took 0.061 seconds
[2026-01-07T15:13:04.846+0000] {processor.py:161} INFO - Started process (PID=4199) to work on /opt/airflow/dags/daily_revenue_etl_dag.py
[2026-01-07T15:13:04.847+0000] {processor.py:830} INFO - Processing file /opt/airflow/dags/daily_revenue_etl_dag.py for tasks to queue
[2026-01-07T15:13:04.848+0000] {logging_mixin.py:188} INFO - [2026-01-07T15:13:04.848+0000] {dagbag.py:538} INFO - Filling up the DagBag from /opt/airflow/dags/daily_revenue_etl_dag.py
[2026-01-07T15:13:04.863+0000] {processor.py:840} INFO - DAG(s) 'daily_revenue_etl_dag' retrieved from /opt/airflow/dags/daily_revenue_etl_dag.py
[2026-01-07T15:13:04.881+0000] {logging_mixin.py:188} INFO - [2026-01-07T15:13:04.881+0000] {dag.py:3036} INFO - Sync 1 DAGs
[2026-01-07T15:13:04.896+0000] {logging_mixin.py:188} INFO - [2026-01-07T15:13:04.896+0000] {dag.py:3823} INFO - Setting next_dagrun for daily_revenue_etl_dag to 2026-01-07 00:00:00+00:00, run_after=2026-01-08 00:00:00+00:00
[2026-01-07T15:13:04.908+0000] {processor.py:183} INFO - Processing /opt/airflow/dags/daily_revenue_etl_dag.py took 0.065 seconds
[2026-01-07T15:13:04.936+0000] {processor.py:161} INFO - Started process (PID=4204) to work on /opt/airflow/dags/daily_revenue_etl_dag.py
[2026-01-07T15:13:04.937+0000] {processor.py:830} INFO - Processing file /opt/airflow/dags/daily_revenue_etl_dag.py for tasks to queue
[2026-01-07T15:13:04.938+0000] {logging_mixin.py:188} INFO - [2026-01-07T15:13:04.937+0000] {dagbag.py:538} INFO - Filling up the DagBag from /opt/airflow/dags/daily_revenue_etl_dag.py
[2026-01-07T15:13:04.951+0000] {processor.py:840} INFO - DAG(s) 'daily_revenue_etl_dag' retrieved from /opt/airflow/dags/daily_revenue_etl_dag.py
[2026-01-07T15:13:04.970+0000] {logging_mixin.py:188} INFO - [2026-01-07T15:13:04.970+0000] {dag.py:3036} INFO - Sync 1 DAGs
[2026-01-07T15:13:04.987+0000] {logging_mixin.py:188} INFO - [2026-01-07T15:13:04.987+0000] {dag.py:3823} INFO - Setting next_dagrun for daily_revenue_etl_dag to 2026-01-07 00:00:00+00:00, run_after=2026-01-08 00:00:00+00:00
[2026-01-07T15:13:05.003+0000] {processor.py:183} INFO - Processing /opt/airflow/dags/daily_revenue_etl_dag.py took 0.072 seconds
[2026-01-07T15:13:05.048+0000] {processor.py:161} INFO - Started process (PID=4209) to work on /opt/airflow/dags/daily_revenue_etl_dag.py
[2026-01-07T15:13:05.049+0000] {processor.py:830} INFO - Processing file /opt/airflow/dags/daily_revenue_etl_dag.py for tasks to queue
[2026-01-07T15:13:05.050+0000] {logging_mixin.py:188} INFO - [2026-01-07T15:13:05.050+0000] {dagbag.py:538} INFO - Filling up the DagBag from /opt/airflow/dags/daily_revenue_etl_dag.py
[2026-01-07T15:13:05.068+0000] {processor.py:840} INFO - DAG(s) 'daily_revenue_etl_dag' retrieved from /opt/airflow/dags/daily_revenue_etl_dag.py
[2026-01-07T15:13:05.083+0000] {logging_mixin.py:188} INFO - [2026-01-07T15:13:05.083+0000] {dag.py:3036} INFO - Sync 1 DAGs
[2026-01-07T15:13:05.096+0000] {logging_mixin.py:188} INFO - [2026-01-07T15:13:05.095+0000] {dag.py:3823} INFO - Setting next_dagrun for daily_revenue_etl_dag to 2026-01-07 00:00:00+00:00, run_after=2026-01-08 00:00:00+00:00
[2026-01-07T15:13:05.106+0000] {processor.py:183} INFO - Processing /opt/airflow/dags/daily_revenue_etl_dag.py took 0.061 seconds
[2026-01-07T15:13:05.128+0000] {processor.py:161} INFO - Started process (PID=4214) to work on /opt/airflow/dags/daily_revenue_etl_dag.py
[2026-01-07T15:13:05.129+0000] {processor.py:830} INFO - Processing file /opt/airflow/dags/daily_revenue_etl_dag.py for tasks to queue
[2026-01-07T15:13:05.129+0000] {logging_mixin.py:188} INFO - [2026-01-07T15:13:05.129+0000] {dagbag.py:538} INFO - Filling up the DagBag from /opt/airflow/dags/daily_revenue_etl_dag.py
[2026-01-07T15:13:05.141+0000] {processor.py:840} INFO - DAG(s) 'daily_revenue_etl_dag' retrieved from /opt/airflow/dags/daily_revenue_etl_dag.py
[2026-01-07T15:13:05.157+0000] {logging_mixin.py:188} INFO - [2026-01-07T15:13:05.157+0000] {dag.py:3036} INFO - Sync 1 DAGs
[2026-01-07T15:13:05.169+0000] {logging_mixin.py:188} INFO - [2026-01-07T15:13:05.169+0000] {dag.py:3823} INFO - Setting next_dagrun for daily_revenue_etl_dag to 2026-01-07 00:00:00+00:00, run_after=2026-01-08 00:00:00+00:00
[2026-01-07T15:13:05.179+0000] {processor.py:183} INFO - Processing /opt/airflow/dags/daily_revenue_etl_dag.py took 0.053 seconds
[2026-01-07T15:13:05.199+0000] {processor.py:161} INFO - Started process (PID=4219) to work on /opt/airflow/dags/daily_revenue_etl_dag.py
[2026-01-07T15:13:05.199+0000] {processor.py:830} INFO - Processing file /opt/airflow/dags/daily_revenue_etl_dag.py for tasks to queue
[2026-01-07T15:13:05.200+0000] {logging_mixin.py:188} INFO - [2026-01-07T15:13:05.200+0000] {dagbag.py:538} INFO - Filling up the DagBag from /opt/airflow/dags/daily_revenue_etl_dag.py
[2026-01-07T15:13:05.211+0000] {processor.py:840} INFO - DAG(s) 'daily_revenue_etl_dag' retrieved from /opt/airflow/dags/daily_revenue_etl_dag.py
[2026-01-07T15:13:05.226+0000] {logging_mixin.py:188} INFO - [2026-01-07T15:13:05.226+0000] {dag.py:3036} INFO - Sync 1 DAGs
[2026-01-07T15:13:05.239+0000] {logging_mixin.py:188} INFO - [2026-01-07T15:13:05.238+0000] {dag.py:3823} INFO - Setting next_dagrun for daily_revenue_etl_dag to 2026-01-07 00:00:00+00:00, run_after=2026-01-08 00:00:00+00:00
[2026-01-07T15:13:05.250+0000] {processor.py:183} INFO - Processing /opt/airflow/dags/daily_revenue_etl_dag.py took 0.053 seconds
[2026-01-07T15:13:05.278+0000] {processor.py:161} INFO - Started process (PID=4224) to work on /opt/airflow/dags/daily_revenue_etl_dag.py
[2026-01-07T15:13:05.279+0000] {processor.py:830} INFO - Processing file /opt/airflow/dags/daily_revenue_etl_dag.py for tasks to queue
[2026-01-07T15:13:05.280+0000] {logging_mixin.py:188} INFO - [2026-01-07T15:13:05.279+0000] {dagbag.py:538} INFO - Filling up the DagBag from /opt/airflow/dags/daily_revenue_etl_dag.py
[2026-01-07T15:13:05.293+0000] {processor.py:840} INFO - DAG(s) 'daily_revenue_etl_dag' retrieved from /opt/airflow/dags/daily_revenue_etl_dag.py
[2026-01-07T15:13:05.311+0000] {logging_mixin.py:188} INFO - [2026-01-07T15:13:05.311+0000] {dag.py:3036} INFO - Sync 1 DAGs
[2026-01-07T15:13:05.326+0000] {logging_mixin.py:188} INFO - [2026-01-07T15:13:05.326+0000] {dag.py:3823} INFO - Setting next_dagrun for daily_revenue_etl_dag to 2026-01-07 00:00:00+00:00, run_after=2026-01-08 00:00:00+00:00
[2026-01-07T15:13:05.339+0000] {processor.py:183} INFO - Processing /opt/airflow/dags/daily_revenue_etl_dag.py took 0.063 seconds
[2026-01-07T15:13:05.363+0000] {processor.py:161} INFO - Started process (PID=4229) to work on /opt/airflow/dags/daily_revenue_etl_dag.py
[2026-01-07T15:13:05.364+0000] {processor.py:830} INFO - Processing file /opt/airflow/dags/daily_revenue_etl_dag.py for tasks to queue
[2026-01-07T15:13:05.364+0000] {logging_mixin.py:188} INFO - [2026-01-07T15:13:05.364+0000] {dagbag.py:538} INFO - Filling up the DagBag from /opt/airflow/dags/daily_revenue_etl_dag.py
[2026-01-07T15:13:05.379+0000] {processor.py:840} INFO - DAG(s) 'daily_revenue_etl_dag' retrieved from /opt/airflow/dags/daily_revenue_etl_dag.py
[2026-01-07T15:13:05.396+0000] {logging_mixin.py:188} INFO - [2026-01-07T15:13:05.395+0000] {dag.py:3036} INFO - Sync 1 DAGs
[2026-01-07T15:13:05.411+0000] {logging_mixin.py:188} INFO - [2026-01-07T15:13:05.411+0000] {dag.py:3823} INFO - Setting next_dagrun for daily_revenue_etl_dag to 2026-01-07 00:00:00+00:00, run_after=2026-01-08 00:00:00+00:00
[2026-01-07T15:13:05.426+0000] {processor.py:183} INFO - Processing /opt/airflow/dags/daily_revenue_etl_dag.py took 0.065 seconds
[2026-01-07T15:13:05.454+0000] {processor.py:161} INFO - Started process (PID=4234) to work on /opt/airflow/dags/daily_revenue_etl_dag.py
[2026-01-07T15:13:05.455+0000] {processor.py:830} INFO - Processing file /opt/airflow/dags/daily_revenue_etl_dag.py for tasks to queue
[2026-01-07T15:13:05.455+0000] {logging_mixin.py:188} INFO - [2026-01-07T15:13:05.455+0000] {dagbag.py:538} INFO - Filling up the DagBag from /opt/airflow/dags/daily_revenue_etl_dag.py
[2026-01-07T15:13:05.472+0000] {processor.py:840} INFO - DAG(s) 'daily_revenue_etl_dag' retrieved from /opt/airflow/dags/daily_revenue_etl_dag.py
[2026-01-07T15:13:05.492+0000] {logging_mixin.py:188} INFO - [2026-01-07T15:13:05.491+0000] {dag.py:3036} INFO - Sync 1 DAGs
[2026-01-07T15:13:05.505+0000] {logging_mixin.py:188} INFO - [2026-01-07T15:13:05.505+0000] {dag.py:3823} INFO - Setting next_dagrun for daily_revenue_etl_dag to 2026-01-07 00:00:00+00:00, run_after=2026-01-08 00:00:00+00:00
[2026-01-07T15:13:05.518+0000] {processor.py:183} INFO - Processing /opt/airflow/dags/daily_revenue_etl_dag.py took 0.066 seconds
[2026-01-07T15:13:05.544+0000] {processor.py:161} INFO - Started process (PID=4239) to work on /opt/airflow/dags/daily_revenue_etl_dag.py
[2026-01-07T15:13:05.545+0000] {processor.py:830} INFO - Processing file /opt/airflow/dags/daily_revenue_etl_dag.py for tasks to queue
[2026-01-07T15:13:05.546+0000] {logging_mixin.py:188} INFO - [2026-01-07T15:13:05.546+0000] {dagbag.py:538} INFO - Filling up the DagBag from /opt/airflow/dags/daily_revenue_etl_dag.py
[2026-01-07T15:13:05.561+0000] {processor.py:840} INFO - DAG(s) 'daily_revenue_etl_dag' retrieved from /opt/airflow/dags/daily_revenue_etl_dag.py
[2026-01-07T15:13:05.579+0000] {logging_mixin.py:188} INFO - [2026-01-07T15:13:05.578+0000] {dag.py:3036} INFO - Sync 1 DAGs
[2026-01-07T15:13:05.592+0000] {logging_mixin.py:188} INFO - [2026-01-07T15:13:05.592+0000] {dag.py:3823} INFO - Setting next_dagrun for daily_revenue_etl_dag to 2026-01-07 00:00:00+00:00, run_after=2026-01-08 00:00:00+00:00
[2026-01-07T15:13:05.605+0000] {processor.py:183} INFO - Processing /opt/airflow/dags/daily_revenue_etl_dag.py took 0.063 seconds
[2026-01-07T15:13:05.628+0000] {processor.py:161} INFO - Started process (PID=4244) to work on /opt/airflow/dags/daily_revenue_etl_dag.py
[2026-01-07T15:13:05.629+0000] {processor.py:830} INFO - Processing file /opt/airflow/dags/daily_revenue_etl_dag.py for tasks to queue
[2026-01-07T15:13:05.629+0000] {logging_mixin.py:188} INFO - [2026-01-07T15:13:05.629+0000] {dagbag.py:538} INFO - Filling up the DagBag from /opt/airflow/dags/daily_revenue_etl_dag.py
[2026-01-07T15:13:05.646+0000] {processor.py:840} INFO - DAG(s) 'daily_revenue_etl_dag' retrieved from /opt/airflow/dags/daily_revenue_etl_dag.py
[2026-01-07T15:13:05.665+0000] {logging_mixin.py:188} INFO - [2026-01-07T15:13:05.665+0000] {dag.py:3036} INFO - Sync 1 DAGs
[2026-01-07T15:13:05.685+0000] {logging_mixin.py:188} INFO - [2026-01-07T15:13:05.685+0000] {dag.py:3823} INFO - Setting next_dagrun for daily_revenue_etl_dag to 2026-01-07 00:00:00+00:00, run_after=2026-01-08 00:00:00+00:00
[2026-01-07T15:13:05.697+0000] {processor.py:183} INFO - Processing /opt/airflow/dags/daily_revenue_etl_dag.py took 0.072 seconds
[2026-01-07T15:13:05.721+0000] {processor.py:161} INFO - Started process (PID=4249) to work on /opt/airflow/dags/daily_revenue_etl_dag.py
[2026-01-07T15:13:05.722+0000] {processor.py:830} INFO - Processing file /opt/airflow/dags/daily_revenue_etl_dag.py for tasks to queue
[2026-01-07T15:13:05.722+0000] {logging_mixin.py:188} INFO - [2026-01-07T15:13:05.722+0000] {dagbag.py:538} INFO - Filling up the DagBag from /opt/airflow/dags/daily_revenue_etl_dag.py
[2026-01-07T15:13:05.736+0000] {processor.py:840} INFO - DAG(s) 'daily_revenue_etl_dag' retrieved from /opt/airflow/dags/daily_revenue_etl_dag.py
[2026-01-07T15:13:05.754+0000] {logging_mixin.py:188} INFO - [2026-01-07T15:13:05.754+0000] {dag.py:3036} INFO - Sync 1 DAGs
[2026-01-07T15:13:05.767+0000] {logging_mixin.py:188} INFO - [2026-01-07T15:13:05.767+0000] {dag.py:3823} INFO - Setting next_dagrun for daily_revenue_etl_dag to 2026-01-07 00:00:00+00:00, run_after=2026-01-08 00:00:00+00:00
[2026-01-07T15:13:05.779+0000] {processor.py:183} INFO - Processing /opt/airflow/dags/daily_revenue_etl_dag.py took 0.060 seconds
[2026-01-07T15:13:05.802+0000] {processor.py:161} INFO - Started process (PID=4254) to work on /opt/airflow/dags/daily_revenue_etl_dag.py
[2026-01-07T15:13:05.803+0000] {processor.py:830} INFO - Processing file /opt/airflow/dags/daily_revenue_etl_dag.py for tasks to queue
[2026-01-07T15:13:05.804+0000] {logging_mixin.py:188} INFO - [2026-01-07T15:13:05.804+0000] {dagbag.py:538} INFO - Filling up the DagBag from /opt/airflow/dags/daily_revenue_etl_dag.py
[2026-01-07T15:13:05.817+0000] {processor.py:840} INFO - DAG(s) 'daily_revenue_etl_dag' retrieved from /opt/airflow/dags/daily_revenue_etl_dag.py
[2026-01-07T15:13:05.834+0000] {logging_mixin.py:188} INFO - [2026-01-07T15:13:05.833+0000] {dag.py:3036} INFO - Sync 1 DAGs
[2026-01-07T15:13:05.849+0000] {logging_mixin.py:188} INFO - [2026-01-07T15:13:05.849+0000] {dag.py:3823} INFO - Setting next_dagrun for daily_revenue_etl_dag to 2026-01-07 00:00:00+00:00, run_after=2026-01-08 00:00:00+00:00
[2026-01-07T15:13:05.861+0000] {processor.py:183} INFO - Processing /opt/airflow/dags/daily_revenue_etl_dag.py took 0.061 seconds
[2026-01-07T15:13:05.902+0000] {processor.py:161} INFO - Started process (PID=4259) to work on /opt/airflow/dags/daily_revenue_etl_dag.py
[2026-01-07T15:13:05.903+0000] {processor.py:830} INFO - Processing file /opt/airflow/dags/daily_revenue_etl_dag.py for tasks to queue
[2026-01-07T15:13:05.904+0000] {logging_mixin.py:188} INFO - [2026-01-07T15:13:05.904+0000] {dagbag.py:538} INFO - Filling up the DagBag from /opt/airflow/dags/daily_revenue_etl_dag.py
[2026-01-07T15:13:05.923+0000] {processor.py:840} INFO - DAG(s) 'daily_revenue_etl_dag' retrieved from /opt/airflow/dags/daily_revenue_etl_dag.py
[2026-01-07T15:13:05.940+0000] {logging_mixin.py:188} INFO - [2026-01-07T15:13:05.940+0000] {dag.py:3036} INFO - Sync 1 DAGs
[2026-01-07T15:13:05.954+0000] {logging_mixin.py:188} INFO - [2026-01-07T15:13:05.954+0000] {dag.py:3823} INFO - Setting next_dagrun for daily_revenue_etl_dag to 2026-01-07 00:00:00+00:00, run_after=2026-01-08 00:00:00+00:00
[2026-01-07T15:13:05.966+0000] {processor.py:183} INFO - Processing /opt/airflow/dags/daily_revenue_etl_dag.py took 0.066 seconds
[2026-01-07T15:13:05.990+0000] {processor.py:161} INFO - Started process (PID=4264) to work on /opt/airflow/dags/daily_revenue_etl_dag.py
[2026-01-07T15:13:05.991+0000] {processor.py:830} INFO - Processing file /opt/airflow/dags/daily_revenue_etl_dag.py for tasks to queue
[2026-01-07T15:13:05.992+0000] {logging_mixin.py:188} INFO - [2026-01-07T15:13:05.992+0000] {dagbag.py:538} INFO - Filling up the DagBag from /opt/airflow/dags/daily_revenue_etl_dag.py
[2026-01-07T15:13:06.004+0000] {processor.py:840} INFO - DAG(s) 'daily_revenue_etl_dag' retrieved from /opt/airflow/dags/daily_revenue_etl_dag.py
[2026-01-07T15:13:06.023+0000] {logging_mixin.py:188} INFO - [2026-01-07T15:13:06.023+0000] {dag.py:3036} INFO - Sync 1 DAGs
[2026-01-07T15:13:06.037+0000] {logging_mixin.py:188} INFO - [2026-01-07T15:13:06.037+0000] {dag.py:3823} INFO - Setting next_dagrun for daily_revenue_etl_dag to 2026-01-07 00:00:00+00:00, run_after=2026-01-08 00:00:00+00:00
[2026-01-07T15:13:06.051+0000] {processor.py:183} INFO - Processing /opt/airflow/dags/daily_revenue_etl_dag.py took 0.063 seconds
[2026-01-07T15:13:06.075+0000] {processor.py:161} INFO - Started process (PID=4269) to work on /opt/airflow/dags/daily_revenue_etl_dag.py
[2026-01-07T15:13:06.076+0000] {processor.py:830} INFO - Processing file /opt/airflow/dags/daily_revenue_etl_dag.py for tasks to queue
[2026-01-07T15:13:06.076+0000] {logging_mixin.py:188} INFO - [2026-01-07T15:13:06.076+0000] {dagbag.py:538} INFO - Filling up the DagBag from /opt/airflow/dags/daily_revenue_etl_dag.py
[2026-01-07T15:13:06.090+0000] {processor.py:840} INFO - DAG(s) 'daily_revenue_etl_dag' retrieved from /opt/airflow/dags/daily_revenue_etl_dag.py
[2026-01-07T15:13:06.108+0000] {logging_mixin.py:188} INFO - [2026-01-07T15:13:06.108+0000] {dag.py:3036} INFO - Sync 1 DAGs
[2026-01-07T15:13:06.122+0000] {logging_mixin.py:188} INFO - [2026-01-07T15:13:06.121+0000] {dag.py:3823} INFO - Setting next_dagrun for daily_revenue_etl_dag to 2026-01-07 00:00:00+00:00, run_after=2026-01-08 00:00:00+00:00
[2026-01-07T15:13:06.133+0000] {processor.py:183} INFO - Processing /opt/airflow/dags/daily_revenue_etl_dag.py took 0.060 seconds
[2026-01-07T15:13:06.156+0000] {processor.py:161} INFO - Started process (PID=4274) to work on /opt/airflow/dags/daily_revenue_etl_dag.py
[2026-01-07T15:13:06.157+0000] {processor.py:830} INFO - Processing file /opt/airflow/dags/daily_revenue_etl_dag.py for tasks to queue
[2026-01-07T15:13:06.158+0000] {logging_mixin.py:188} INFO - [2026-01-07T15:13:06.157+0000] {dagbag.py:538} INFO - Filling up the DagBag from /opt/airflow/dags/daily_revenue_etl_dag.py
[2026-01-07T15:13:06.171+0000] {processor.py:840} INFO - DAG(s) 'daily_revenue_etl_dag' retrieved from /opt/airflow/dags/daily_revenue_etl_dag.py
[2026-01-07T15:13:06.189+0000] {logging_mixin.py:188} INFO - [2026-01-07T15:13:06.189+0000] {dag.py:3036} INFO - Sync 1 DAGs
[2026-01-07T15:13:06.207+0000] {logging_mixin.py:188} INFO - [2026-01-07T15:13:06.207+0000] {dag.py:3823} INFO - Setting next_dagrun for daily_revenue_etl_dag to 2026-01-07 00:00:00+00:00, run_after=2026-01-08 00:00:00+00:00
[2026-01-07T15:13:06.218+0000] {processor.py:183} INFO - Processing /opt/airflow/dags/daily_revenue_etl_dag.py took 0.064 seconds
[2026-01-07T15:13:06.241+0000] {processor.py:161} INFO - Started process (PID=4279) to work on /opt/airflow/dags/daily_revenue_etl_dag.py
[2026-01-07T15:13:06.244+0000] {processor.py:830} INFO - Processing file /opt/airflow/dags/daily_revenue_etl_dag.py for tasks to queue
[2026-01-07T15:13:06.246+0000] {logging_mixin.py:188} INFO - [2026-01-07T15:13:06.246+0000] {dagbag.py:538} INFO - Filling up the DagBag from /opt/airflow/dags/daily_revenue_etl_dag.py
[2026-01-07T15:13:06.260+0000] {processor.py:840} INFO - DAG(s) 'daily_revenue_etl_dag' retrieved from /opt/airflow/dags/daily_revenue_etl_dag.py
[2026-01-07T15:13:06.278+0000] {logging_mixin.py:188} INFO - [2026-01-07T15:13:06.278+0000] {dag.py:3036} INFO - Sync 1 DAGs
[2026-01-07T15:13:06.292+0000] {logging_mixin.py:188} INFO - [2026-01-07T15:13:06.292+0000] {dag.py:3823} INFO - Setting next_dagrun for daily_revenue_etl_dag to 2026-01-07 00:00:00+00:00, run_after=2026-01-08 00:00:00+00:00
[2026-01-07T15:13:06.304+0000] {processor.py:183} INFO - Processing /opt/airflow/dags/daily_revenue_etl_dag.py took 0.065 seconds
[2026-01-07T15:13:06.329+0000] {processor.py:161} INFO - Started process (PID=4284) to work on /opt/airflow/dags/daily_revenue_etl_dag.py
[2026-01-07T15:13:06.330+0000] {processor.py:830} INFO - Processing file /opt/airflow/dags/daily_revenue_etl_dag.py for tasks to queue
[2026-01-07T15:13:06.331+0000] {logging_mixin.py:188} INFO - [2026-01-07T15:13:06.331+0000] {dagbag.py:538} INFO - Filling up the DagBag from /opt/airflow/dags/daily_revenue_etl_dag.py
[2026-01-07T15:13:06.343+0000] {processor.py:840} INFO - DAG(s) 'daily_revenue_etl_dag' retrieved from /opt/airflow/dags/daily_revenue_etl_dag.py
[2026-01-07T15:13:06.360+0000] {logging_mixin.py:188} INFO - [2026-01-07T15:13:06.360+0000] {dag.py:3036} INFO - Sync 1 DAGs
[2026-01-07T15:13:06.375+0000] {logging_mixin.py:188} INFO - [2026-01-07T15:13:06.375+0000] {dag.py:3823} INFO - Setting next_dagrun for daily_revenue_etl_dag to 2026-01-07 00:00:00+00:00, run_after=2026-01-08 00:00:00+00:00
[2026-01-07T15:13:06.386+0000] {processor.py:183} INFO - Processing /opt/airflow/dags/daily_revenue_etl_dag.py took 0.059 seconds
[2026-01-07T15:13:06.414+0000] {processor.py:161} INFO - Started process (PID=4289) to work on /opt/airflow/dags/daily_revenue_etl_dag.py
[2026-01-07T15:13:06.415+0000] {processor.py:830} INFO - Processing file /opt/airflow/dags/daily_revenue_etl_dag.py for tasks to queue
[2026-01-07T15:13:06.416+0000] {logging_mixin.py:188} INFO - [2026-01-07T15:13:06.416+0000] {dagbag.py:538} INFO - Filling up the DagBag from /opt/airflow/dags/daily_revenue_etl_dag.py
[2026-01-07T15:13:06.428+0000] {processor.py:840} INFO - DAG(s) 'daily_revenue_etl_dag' retrieved from /opt/airflow/dags/daily_revenue_etl_dag.py
[2026-01-07T15:13:06.448+0000] {logging_mixin.py:188} INFO - [2026-01-07T15:13:06.448+0000] {dag.py:3036} INFO - Sync 1 DAGs
[2026-01-07T15:13:06.464+0000] {logging_mixin.py:188} INFO - [2026-01-07T15:13:06.463+0000] {dag.py:3823} INFO - Setting next_dagrun for daily_revenue_etl_dag to 2026-01-07 00:00:00+00:00, run_after=2026-01-08 00:00:00+00:00
[2026-01-07T15:13:06.480+0000] {processor.py:183} INFO - Processing /opt/airflow/dags/daily_revenue_etl_dag.py took 0.069 seconds
[2026-01-07T15:13:06.508+0000] {processor.py:161} INFO - Started process (PID=4294) to work on /opt/airflow/dags/daily_revenue_etl_dag.py
[2026-01-07T15:13:06.509+0000] {processor.py:830} INFO - Processing file /opt/airflow/dags/daily_revenue_etl_dag.py for tasks to queue
[2026-01-07T15:13:06.510+0000] {logging_mixin.py:188} INFO - [2026-01-07T15:13:06.510+0000] {dagbag.py:538} INFO - Filling up the DagBag from /opt/airflow/dags/daily_revenue_etl_dag.py
[2026-01-07T15:13:06.526+0000] {processor.py:840} INFO - DAG(s) 'daily_revenue_etl_dag' retrieved from /opt/airflow/dags/daily_revenue_etl_dag.py
[2026-01-07T15:13:06.544+0000] {logging_mixin.py:188} INFO - [2026-01-07T15:13:06.543+0000] {dag.py:3036} INFO - Sync 1 DAGs
[2026-01-07T15:13:06.559+0000] {logging_mixin.py:188} INFO - [2026-01-07T15:13:06.559+0000] {dag.py:3823} INFO - Setting next_dagrun for daily_revenue_etl_dag to 2026-01-07 00:00:00+00:00, run_after=2026-01-08 00:00:00+00:00
[2026-01-07T15:13:06.572+0000] {processor.py:183} INFO - Processing /opt/airflow/dags/daily_revenue_etl_dag.py took 0.066 seconds
[2026-01-07T15:13:06.594+0000] {processor.py:161} INFO - Started process (PID=4299) to work on /opt/airflow/dags/daily_revenue_etl_dag.py
[2026-01-07T15:13:06.595+0000] {processor.py:830} INFO - Processing file /opt/airflow/dags/daily_revenue_etl_dag.py for tasks to queue
[2026-01-07T15:13:06.596+0000] {logging_mixin.py:188} INFO - [2026-01-07T15:13:06.596+0000] {dagbag.py:538} INFO - Filling up the DagBag from /opt/airflow/dags/daily_revenue_etl_dag.py
[2026-01-07T15:13:06.612+0000] {processor.py:840} INFO - DAG(s) 'daily_revenue_etl_dag' retrieved from /opt/airflow/dags/daily_revenue_etl_dag.py
[2026-01-07T15:13:06.631+0000] {logging_mixin.py:188} INFO - [2026-01-07T15:13:06.631+0000] {dag.py:3036} INFO - Sync 1 DAGs
[2026-01-07T15:13:06.651+0000] {logging_mixin.py:188} INFO - [2026-01-07T15:13:06.651+0000] {dag.py:3823} INFO - Setting next_dagrun for daily_revenue_etl_dag to 2026-01-07 00:00:00+00:00, run_after=2026-01-08 00:00:00+00:00
[2026-01-07T15:13:06.664+0000] {processor.py:183} INFO - Processing /opt/airflow/dags/daily_revenue_etl_dag.py took 0.072 seconds
[2026-01-07T15:13:06.687+0000] {processor.py:161} INFO - Started process (PID=4304) to work on /opt/airflow/dags/daily_revenue_etl_dag.py
[2026-01-07T15:13:06.688+0000] {processor.py:830} INFO - Processing file /opt/airflow/dags/daily_revenue_etl_dag.py for tasks to queue
[2026-01-07T15:13:06.688+0000] {logging_mixin.py:188} INFO - [2026-01-07T15:13:06.688+0000] {dagbag.py:538} INFO - Filling up the DagBag from /opt/airflow/dags/daily_revenue_etl_dag.py
[2026-01-07T15:13:06.700+0000] {processor.py:840} INFO - DAG(s) 'daily_revenue_etl_dag' retrieved from /opt/airflow/dags/daily_revenue_etl_dag.py
[2026-01-07T15:13:06.718+0000] {logging_mixin.py:188} INFO - [2026-01-07T15:13:06.718+0000] {dag.py:3036} INFO - Sync 1 DAGs
[2026-01-07T15:13:06.733+0000] {logging_mixin.py:188} INFO - [2026-01-07T15:13:06.733+0000] {dag.py:3823} INFO - Setting next_dagrun for daily_revenue_etl_dag to 2026-01-07 00:00:00+00:00, run_after=2026-01-08 00:00:00+00:00
[2026-01-07T15:13:06.749+0000] {processor.py:183} INFO - Processing /opt/airflow/dags/daily_revenue_etl_dag.py took 0.064 seconds
[2026-01-07T15:13:06.771+0000] {processor.py:161} INFO - Started process (PID=4309) to work on /opt/airflow/dags/daily_revenue_etl_dag.py
[2026-01-07T15:13:06.772+0000] {processor.py:830} INFO - Processing file /opt/airflow/dags/daily_revenue_etl_dag.py for tasks to queue
[2026-01-07T15:13:06.773+0000] {logging_mixin.py:188} INFO - [2026-01-07T15:13:06.773+0000] {dagbag.py:538} INFO - Filling up the DagBag from /opt/airflow/dags/daily_revenue_etl_dag.py
[2026-01-07T15:13:06.786+0000] {processor.py:840} INFO - DAG(s) 'daily_revenue_etl_dag' retrieved from /opt/airflow/dags/daily_revenue_etl_dag.py
[2026-01-07T15:13:06.803+0000] {logging_mixin.py:188} INFO - [2026-01-07T15:13:06.803+0000] {dag.py:3036} INFO - Sync 1 DAGs
[2026-01-07T15:13:06.819+0000] {logging_mixin.py:188} INFO - [2026-01-07T15:13:06.819+0000] {dag.py:3823} INFO - Setting next_dagrun for daily_revenue_etl_dag to 2026-01-07 00:00:00+00:00, run_after=2026-01-08 00:00:00+00:00
[2026-01-07T15:13:06.831+0000] {processor.py:183} INFO - Processing /opt/airflow/dags/daily_revenue_etl_dag.py took 0.062 seconds
[2026-01-07T15:13:06.867+0000] {processor.py:161} INFO - Started process (PID=4314) to work on /opt/airflow/dags/daily_revenue_etl_dag.py
[2026-01-07T15:13:06.868+0000] {processor.py:830} INFO - Processing file /opt/airflow/dags/daily_revenue_etl_dag.py for tasks to queue
[2026-01-07T15:13:06.869+0000] {logging_mixin.py:188} INFO - [2026-01-07T15:13:06.868+0000] {dagbag.py:538} INFO - Filling up the DagBag from /opt/airflow/dags/daily_revenue_etl_dag.py
[2026-01-07T15:13:06.884+0000] {processor.py:840} INFO - DAG(s) 'daily_revenue_etl_dag' retrieved from /opt/airflow/dags/daily_revenue_etl_dag.py
[2026-01-07T15:13:06.899+0000] {logging_mixin.py:188} INFO - [2026-01-07T15:13:06.899+0000] {dag.py:3036} INFO - Sync 1 DAGs
[2026-01-07T15:13:06.912+0000] {logging_mixin.py:188} INFO - [2026-01-07T15:13:06.912+0000] {dag.py:3823} INFO - Setting next_dagrun for daily_revenue_etl_dag to 2026-01-07 00:00:00+00:00, run_after=2026-01-08 00:00:00+00:00
[2026-01-07T15:13:06.924+0000] {processor.py:183} INFO - Processing /opt/airflow/dags/daily_revenue_etl_dag.py took 0.060 seconds
[2026-01-07T15:13:06.948+0000] {processor.py:161} INFO - Started process (PID=4319) to work on /opt/airflow/dags/daily_revenue_etl_dag.py
[2026-01-07T15:13:06.949+0000] {processor.py:830} INFO - Processing file /opt/airflow/dags/daily_revenue_etl_dag.py for tasks to queue
[2026-01-07T15:13:06.949+0000] {logging_mixin.py:188} INFO - [2026-01-07T15:13:06.949+0000] {dagbag.py:538} INFO - Filling up the DagBag from /opt/airflow/dags/daily_revenue_etl_dag.py
[2026-01-07T15:13:06.963+0000] {processor.py:840} INFO - DAG(s) 'daily_revenue_etl_dag' retrieved from /opt/airflow/dags/daily_revenue_etl_dag.py
[2026-01-07T15:13:06.981+0000] {logging_mixin.py:188} INFO - [2026-01-07T15:13:06.980+0000] {dag.py:3036} INFO - Sync 1 DAGs
[2026-01-07T15:13:06.994+0000] {logging_mixin.py:188} INFO - [2026-01-07T15:13:06.994+0000] {dag.py:3823} INFO - Setting next_dagrun for daily_revenue_etl_dag to 2026-01-07 00:00:00+00:00, run_after=2026-01-08 00:00:00+00:00
[2026-01-07T15:13:07.007+0000] {processor.py:183} INFO - Processing /opt/airflow/dags/daily_revenue_etl_dag.py took 0.062 seconds
[2026-01-07T15:13:07.031+0000] {processor.py:161} INFO - Started process (PID=4324) to work on /opt/airflow/dags/daily_revenue_etl_dag.py
[2026-01-07T15:13:07.032+0000] {processor.py:830} INFO - Processing file /opt/airflow/dags/daily_revenue_etl_dag.py for tasks to queue
[2026-01-07T15:13:07.033+0000] {logging_mixin.py:188} INFO - [2026-01-07T15:13:07.032+0000] {dagbag.py:538} INFO - Filling up the DagBag from /opt/airflow/dags/daily_revenue_etl_dag.py
[2026-01-07T15:13:07.046+0000] {processor.py:840} INFO - DAG(s) 'daily_revenue_etl_dag' retrieved from /opt/airflow/dags/daily_revenue_etl_dag.py
[2026-01-07T15:13:07.065+0000] {logging_mixin.py:188} INFO - [2026-01-07T15:13:07.065+0000] {dag.py:3036} INFO - Sync 1 DAGs
[2026-01-07T15:13:07.084+0000] {logging_mixin.py:188} INFO - [2026-01-07T15:13:07.084+0000] {dag.py:3823} INFO - Setting next_dagrun for daily_revenue_etl_dag to 2026-01-07 00:00:00+00:00, run_after=2026-01-08 00:00:00+00:00
[2026-01-07T15:13:07.102+0000] {processor.py:183} INFO - Processing /opt/airflow/dags/daily_revenue_etl_dag.py took 0.073 seconds
[2026-01-07T15:13:07.176+0000] {processor.py:161} INFO - Started process (PID=4329) to work on /opt/airflow/dags/daily_revenue_etl_dag.py
[2026-01-07T15:13:07.177+0000] {processor.py:830} INFO - Processing file /opt/airflow/dags/daily_revenue_etl_dag.py for tasks to queue
[2026-01-07T15:13:07.178+0000] {logging_mixin.py:188} INFO - [2026-01-07T15:13:07.178+0000] {dagbag.py:538} INFO - Filling up the DagBag from /opt/airflow/dags/daily_revenue_etl_dag.py
[2026-01-07T15:15:31.987+0000] {processor.py:840} INFO - DAG(s) 'daily_revenue_etl_dag' retrieved from /opt/airflow/dags/daily_revenue_etl_dag.py
[2026-01-07T15:15:32.008+0000] {logging_mixin.py:188} INFO - [2026-01-07T15:15:32.007+0000] {dag.py:3036} INFO - Sync 1 DAGs
[2026-01-07T15:15:32.023+0000] {logging_mixin.py:188} INFO - [2026-01-07T15:15:32.023+0000] {dag.py:3823} INFO - Setting next_dagrun for daily_revenue_etl_dag to 2026-01-07 00:00:00+00:00, run_after=2026-01-08 00:00:00+00:00
[2026-01-07T15:15:32.039+0000] {processor.py:183} INFO - Processing /opt/airflow/dags/daily_revenue_etl_dag.py took 0.107 seconds
[2026-01-07T15:16:02.113+0000] {processor.py:161} INFO - Started process (PID=4334) to work on /opt/airflow/dags/daily_revenue_etl_dag.py
[2026-01-07T15:16:02.114+0000] {processor.py:830} INFO - Processing file /opt/airflow/dags/daily_revenue_etl_dag.py for tasks to queue
[2026-01-07T15:16:02.115+0000] {logging_mixin.py:188} INFO - [2026-01-07T15:16:02.115+0000] {dagbag.py:538} INFO - Filling up the DagBag from /opt/airflow/dags/daily_revenue_etl_dag.py
[2026-01-07T15:16:02.130+0000] {processor.py:840} INFO - DAG(s) 'daily_revenue_etl_dag' retrieved from /opt/airflow/dags/daily_revenue_etl_dag.py
[2026-01-07T15:16:02.151+0000] {logging_mixin.py:188} INFO - [2026-01-07T15:16:02.150+0000] {dag.py:3036} INFO - Sync 1 DAGs
[2026-01-07T15:16:02.167+0000] {logging_mixin.py:188} INFO - [2026-01-07T15:16:02.167+0000] {dag.py:3823} INFO - Setting next_dagrun for daily_revenue_etl_dag to 2026-01-07 00:00:00+00:00, run_after=2026-01-08 00:00:00+00:00
[2026-01-07T15:16:02.180+0000] {processor.py:183} INFO - Processing /opt/airflow/dags/daily_revenue_etl_dag.py took 0.069 seconds
[2026-01-07T15:18:20.248+0000] {processor.py:161} INFO - Started process (PID=4342) to work on /opt/airflow/dags/daily_revenue_etl_dag.py
[2026-01-07T15:18:20.249+0000] {processor.py:830} INFO - Processing file /opt/airflow/dags/daily_revenue_etl_dag.py for tasks to queue
[2026-01-07T15:18:20.250+0000] {logging_mixin.py:188} INFO - [2026-01-07T15:18:20.250+0000] {dagbag.py:538} INFO - Filling up the DagBag from /opt/airflow/dags/daily_revenue_etl_dag.py
[2026-01-07T15:18:20.263+0000] {processor.py:840} INFO - DAG(s) 'daily_revenue_etl_dag' retrieved from /opt/airflow/dags/daily_revenue_etl_dag.py
[2026-01-07T15:18:20.278+0000] {logging_mixin.py:188} INFO - [2026-01-07T15:18:20.278+0000] {dag.py:3036} INFO - Sync 1 DAGs
[2026-01-07T15:18:20.291+0000] {logging_mixin.py:188} INFO - [2026-01-07T15:18:20.291+0000] {dag.py:3823} INFO - Setting next_dagrun for daily_revenue_etl_dag to 2026-01-07 00:00:00+00:00, run_after=2026-01-08 00:00:00+00:00
[2026-01-07T15:18:20.309+0000] {processor.py:183} INFO - Processing /opt/airflow/dags/daily_revenue_etl_dag.py took 0.063 seconds
[2026-01-07T15:18:52.505+0000] {processor.py:161} INFO - Started process (PID=4347) to work on /opt/airflow/dags/daily_revenue_etl_dag.py
[2026-01-07T15:18:52.505+0000] {processor.py:830} INFO - Processing file /opt/airflow/dags/daily_revenue_etl_dag.py for tasks to queue
[2026-01-07T15:18:52.506+0000] {logging_mixin.py:188} INFO - [2026-01-07T15:18:52.506+0000] {dagbag.py:538} INFO - Filling up the DagBag from /opt/airflow/dags/daily_revenue_etl_dag.py
[2026-01-07T15:18:52.519+0000] {processor.py:840} INFO - DAG(s) 'daily_revenue_etl_dag' retrieved from /opt/airflow/dags/daily_revenue_etl_dag.py
[2026-01-07T15:18:52.536+0000] {logging_mixin.py:188} INFO - [2026-01-07T15:18:52.536+0000] {dag.py:3036} INFO - Sync 1 DAGs
[2026-01-07T15:18:52.551+0000] {logging_mixin.py:188} INFO - [2026-01-07T15:18:52.550+0000] {dag.py:3823} INFO - Setting next_dagrun for daily_revenue_etl_dag to 2026-01-07 00:00:00+00:00, run_after=2026-01-08 00:00:00+00:00
[2026-01-07T15:16:27.805+0000] {processor.py:183} INFO - Processing /opt/airflow/dags/daily_revenue_etl_dag.py took 0.061 seconds
[2026-01-07T15:18:57.543+0000] {processor.py:161} INFO - Started process (PID=4352) to work on /opt/airflow/dags/daily_revenue_etl_dag.py
[2026-01-07T15:18:57.544+0000] {processor.py:830} INFO - Processing file /opt/airflow/dags/daily_revenue_etl_dag.py for tasks to queue
[2026-01-07T15:18:57.545+0000] {logging_mixin.py:188} INFO - [2026-01-07T15:18:57.545+0000] {dagbag.py:538} INFO - Filling up the DagBag from /opt/airflow/dags/daily_revenue_etl_dag.py
[2026-01-07T15:18:57.560+0000] {processor.py:840} INFO - DAG(s) 'daily_revenue_etl_dag' retrieved from /opt/airflow/dags/daily_revenue_etl_dag.py
[2026-01-07T15:18:57.575+0000] {logging_mixin.py:188} INFO - [2026-01-07T15:18:57.575+0000] {dag.py:3036} INFO - Sync 1 DAGs
[2026-01-07T15:18:57.588+0000] {logging_mixin.py:188} INFO - [2026-01-07T15:18:57.588+0000] {dag.py:3823} INFO - Setting next_dagrun for daily_revenue_etl_dag to 2026-01-07 00:00:00+00:00, run_after=2026-01-08 00:00:00+00:00
[2026-01-07T15:16:32.818+0000] {processor.py:183} INFO - Processing /opt/airflow/dags/daily_revenue_etl_dag.py took 0.060 seconds
