[2026-04-09T06:32:55.460+0000] {processor.py:161} INFO - Started process (PID=173) to work on /opt/airflow/dags/daily_revenue_etl_dag.py
[2026-04-09T06:32:55.464+0000] {processor.py:830} INFO - Processing file /opt/airflow/dags/daily_revenue_etl_dag.py for tasks to queue
[2026-04-09T06:32:55.466+0000] {logging_mixin.py:188} INFO - [2026-04-09T06:32:55.466+0000] {dagbag.py:538} INFO - Filling up the DagBag from /opt/airflow/dags/daily_revenue_etl_dag.py
[2026-04-09T06:32:55.528+0000] {processor.py:840} INFO - DAG(s) 'daily_revenue_etl_dag' retrieved from /opt/airflow/dags/daily_revenue_etl_dag.py
[2026-04-09T06:32:55.673+0000] {logging_mixin.py:188} INFO - [2026-04-09T06:32:55.672+0000] {dag.py:3036} INFO - Sync 1 DAGs
[2026-04-09T06:32:55.728+0000] {logging_mixin.py:188} INFO - [2026-04-09T06:32:55.728+0000] {dag.py:3823} INFO - Setting next_dagrun for daily_revenue_etl_dag to 2026-04-09 00:00:00+00:00, run_after=2026-04-10 00:00:00+00:00
[2026-04-09T06:32:55.774+0000] {processor.py:183} INFO - Processing /opt/airflow/dags/daily_revenue_etl_dag.py took 0.323 seconds
[2026-04-09T06:56:48.782+0000] {processor.py:161} INFO - Started process (PID=182) to work on /opt/airflow/dags/daily_revenue_etl_dag.py
[2026-04-09T06:56:48.786+0000] {processor.py:830} INFO - Processing file /opt/airflow/dags/daily_revenue_etl_dag.py for tasks to queue
[2026-04-09T06:56:48.788+0000] {logging_mixin.py:188} INFO - [2026-04-09T06:56:48.787+0000] {dagbag.py:538} INFO - Filling up the DagBag from /opt/airflow/dags/daily_revenue_etl_dag.py
[2026-04-09T06:32:58.002+0000] {processor.py:840} INFO - DAG(s) 'daily_revenue_etl_dag' retrieved from /opt/airflow/dags/daily_revenue_etl_dag.py
[2026-04-09T06:32:58.070+0000] {logging_mixin.py:188} INFO - [2026-04-09T06:32:58.069+0000] {dag.py:3036} INFO - Sync 1 DAGs
[2026-04-09T06:32:58.099+0000] {logging_mixin.py:188} INFO - [2026-04-09T06:32:58.098+0000] {dag.py:3823} INFO - Setting next_dagrun for daily_revenue_etl_dag to 2026-04-09 00:00:00+00:00, run_after=2026-04-10 00:00:00+00:00
[2026-04-09T06:32:58.123+0000] {processor.py:183} INFO - Processing /opt/airflow/dags/daily_revenue_etl_dag.py took 0.188 seconds
[2026-04-09T06:32:59.931+0000] {processor.py:161} INFO - Started process (PID=187) to work on /opt/airflow/dags/daily_revenue_etl_dag.py
[2026-04-09T06:32:59.933+0000] {processor.py:830} INFO - Processing file /opt/airflow/dags/daily_revenue_etl_dag.py for tasks to queue
[2026-04-09T06:32:59.935+0000] {logging_mixin.py:188} INFO - [2026-04-09T06:32:59.935+0000] {dagbag.py:538} INFO - Filling up the DagBag from /opt/airflow/dags/daily_revenue_etl_dag.py
[2026-04-09T06:32:59.974+0000] {processor.py:840} INFO - DAG(s) 'daily_revenue_etl_dag' retrieved from /opt/airflow/dags/daily_revenue_etl_dag.py
[2026-04-09T06:33:00.023+0000] {logging_mixin.py:188} INFO - [2026-04-09T06:33:00.022+0000] {dag.py:3036} INFO - Sync 1 DAGs
[2026-04-09T06:33:00.062+0000] {logging_mixin.py:188} INFO - [2026-04-09T06:33:00.061+0000] {dag.py:3823} INFO - Setting next_dagrun for daily_revenue_etl_dag to 2026-04-09 00:00:00+00:00, run_after=2026-04-10 00:00:00+00:00
[2026-04-09T06:33:00.094+0000] {processor.py:183} INFO - Processing /opt/airflow/dags/daily_revenue_etl_dag.py took 0.173 seconds
[2026-04-09T06:33:30.333+0000] {processor.py:161} INFO - Started process (PID=192) to work on /opt/airflow/dags/daily_revenue_etl_dag.py
[2026-04-09T06:33:30.335+0000] {processor.py:830} INFO - Processing file /opt/airflow/dags/daily_revenue_etl_dag.py for tasks to queue
[2026-04-09T06:33:30.336+0000] {logging_mixin.py:188} INFO - [2026-04-09T06:33:30.336+0000] {dagbag.py:538} INFO - Filling up the DagBag from /opt/airflow/dags/daily_revenue_etl_dag.py
[2026-04-09T06:33:30.357+0000] {processor.py:840} INFO - DAG(s) 'daily_revenue_etl_dag' retrieved from /opt/airflow/dags/daily_revenue_etl_dag.py
[2026-04-09T06:33:30.388+0000] {logging_mixin.py:188} INFO - [2026-04-09T06:33:30.388+0000] {dag.py:3036} INFO - Sync 1 DAGs
[2026-04-09T06:33:30.415+0000] {logging_mixin.py:188} INFO - [2026-04-09T06:33:30.414+0000] {dag.py:3823} INFO - Setting next_dagrun for daily_revenue_etl_dag to 2026-04-09 00:00:00+00:00, run_after=2026-04-10 00:00:00+00:00
[2026-04-09T06:33:30.437+0000] {processor.py:183} INFO - Processing /opt/airflow/dags/daily_revenue_etl_dag.py took 0.108 seconds
[2026-04-09T06:34:00.481+0000] {processor.py:161} INFO - Started process (PID=201) to work on /opt/airflow/dags/daily_revenue_etl_dag.py
[2026-04-09T06:34:00.483+0000] {processor.py:830} INFO - Processing file /opt/airflow/dags/daily_revenue_etl_dag.py for tasks to queue
[2026-04-09T06:34:00.484+0000] {logging_mixin.py:188} INFO - [2026-04-09T06:34:00.484+0000] {dagbag.py:538} INFO - Filling up the DagBag from /opt/airflow/dags/daily_revenue_etl_dag.py
[2026-04-09T06:34:00.510+0000] {processor.py:840} INFO - DAG(s) 'daily_revenue_etl_dag' retrieved from /opt/airflow/dags/daily_revenue_etl_dag.py
[2026-04-09T06:34:00.546+0000] {logging_mixin.py:188} INFO - [2026-04-09T06:34:00.546+0000] {dag.py:3036} INFO - Sync 1 DAGs
[2026-04-09T06:34:00.573+0000] {logging_mixin.py:188} INFO - [2026-04-09T06:34:00.572+0000] {dag.py:3823} INFO - Setting next_dagrun for daily_revenue_etl_dag to 2026-04-09 00:00:00+00:00, run_after=2026-04-10 00:00:00+00:00
[2026-04-09T06:34:00.593+0000] {processor.py:183} INFO - Processing /opt/airflow/dags/daily_revenue_etl_dag.py took 0.117 seconds
[2026-04-09T06:58:18.669+0000] {processor.py:161} INFO - Started process (PID=209) to work on /opt/airflow/dags/daily_revenue_etl_dag.py
[2026-04-09T06:58:18.671+0000] {processor.py:830} INFO - Processing file /opt/airflow/dags/daily_revenue_etl_dag.py for tasks to queue
[2026-04-09T06:58:18.672+0000] {logging_mixin.py:188} INFO - [2026-04-09T06:58:18.672+0000] {dagbag.py:538} INFO - Filling up the DagBag from /opt/airflow/dags/daily_revenue_etl_dag.py
[2026-04-09T06:58:18.697+0000] {processor.py:840} INFO - DAG(s) 'daily_revenue_etl_dag' retrieved from /opt/airflow/dags/daily_revenue_etl_dag.py
[2026-04-09T06:58:18.727+0000] {logging_mixin.py:188} INFO - [2026-04-09T06:58:18.727+0000] {dag.py:3036} INFO - Sync 1 DAGs
[2026-04-09T06:58:18.776+0000] {logging_mixin.py:188} INFO - [2026-04-09T06:58:18.775+0000] {dag.py:3823} INFO - Setting next_dagrun for daily_revenue_etl_dag to 2026-04-09 00:00:00+00:00, run_after=2026-04-10 00:00:00+00:00
[2026-04-09T06:34:27.974+0000] {processor.py:183} INFO - Processing /opt/airflow/dags/daily_revenue_etl_dag.py took 0.149 seconds
[2026-04-09T06:58:20.862+0000] {processor.py:161} INFO - Started process (PID=214) to work on /opt/airflow/dags/daily_revenue_etl_dag.py
[2026-04-09T06:58:20.863+0000] {processor.py:830} INFO - Processing file /opt/airflow/dags/daily_revenue_etl_dag.py for tasks to queue
[2026-04-09T06:58:20.864+0000] {logging_mixin.py:188} INFO - [2026-04-09T06:58:20.864+0000] {dagbag.py:538} INFO - Filling up the DagBag from /opt/airflow/dags/daily_revenue_etl_dag.py
[2026-04-09T06:58:20.881+0000] {processor.py:840} INFO - DAG(s) 'daily_revenue_etl_dag' retrieved from /opt/airflow/dags/daily_revenue_etl_dag.py
[2026-04-09T06:58:20.907+0000] {logging_mixin.py:188} INFO - [2026-04-09T06:58:20.906+0000] {dag.py:3036} INFO - Sync 1 DAGs
[2026-04-09T06:34:30.093+0000] {logging_mixin.py:188} INFO - [2026-04-09T06:34:30.093+0000] {dag.py:3823} INFO - Setting next_dagrun for daily_revenue_etl_dag to 2026-04-09 00:00:00+00:00, run_after=2026-04-10 00:00:00+00:00
[2026-04-09T06:34:30.110+0000] {processor.py:183} INFO - Processing /opt/airflow/dags/daily_revenue_etl_dag.py took 0.083 seconds
[2026-04-09T06:58:25.903+0000] {processor.py:161} INFO - Started process (PID=219) to work on /opt/airflow/dags/daily_revenue_etl_dag.py
[2026-04-09T06:58:25.904+0000] {processor.py:830} INFO - Processing file /opt/airflow/dags/daily_revenue_etl_dag.py for tasks to queue
[2026-04-09T06:58:25.905+0000] {logging_mixin.py:188} INFO - [2026-04-09T06:58:25.905+0000] {dagbag.py:538} INFO - Filling up the DagBag from /opt/airflow/dags/daily_revenue_etl_dag.py
[2026-04-09T06:58:25.925+0000] {processor.py:840} INFO - DAG(s) 'daily_revenue_etl_dag' retrieved from /opt/airflow/dags/daily_revenue_etl_dag.py
[2026-04-09T06:34:35.119+0000] {logging_mixin.py:188} INFO - [2026-04-09T06:34:35.119+0000] {dag.py:3036} INFO - Sync 1 DAGs
[2026-04-09T06:34:35.148+0000] {logging_mixin.py:188} INFO - [2026-04-09T06:34:35.148+0000] {dag.py:3823} INFO - Setting next_dagrun for daily_revenue_etl_dag to 2026-04-09 00:00:00+00:00, run_after=2026-04-10 00:00:00+00:00
[2026-04-09T06:34:35.176+0000] {processor.py:183} INFO - Processing /opt/airflow/dags/daily_revenue_etl_dag.py took 0.116 seconds
[2026-04-09T06:35:05.363+0000] {processor.py:161} INFO - Started process (PID=224) to work on /opt/airflow/dags/daily_revenue_etl_dag.py
[2026-04-09T06:35:05.365+0000] {processor.py:830} INFO - Processing file /opt/airflow/dags/daily_revenue_etl_dag.py for tasks to queue
[2026-04-09T06:35:05.367+0000] {logging_mixin.py:188} INFO - [2026-04-09T06:35:05.366+0000] {dagbag.py:538} INFO - Filling up the DagBag from /opt/airflow/dags/daily_revenue_etl_dag.py
[2026-04-09T06:35:05.396+0000] {processor.py:840} INFO - DAG(s) 'daily_revenue_etl_dag' retrieved from /opt/airflow/dags/daily_revenue_etl_dag.py
[2026-04-09T06:35:05.435+0000] {logging_mixin.py:188} INFO - [2026-04-09T06:35:05.434+0000] {dag.py:3036} INFO - Sync 1 DAGs
[2026-04-09T06:35:05.464+0000] {logging_mixin.py:188} INFO - [2026-04-09T06:35:05.464+0000] {dag.py:3823} INFO - Setting next_dagrun for daily_revenue_etl_dag to 2026-04-09 00:00:00+00:00, run_after=2026-04-10 00:00:00+00:00
[2026-04-09T06:35:05.491+0000] {processor.py:183} INFO - Processing /opt/airflow/dags/daily_revenue_etl_dag.py took 0.132 seconds
[2026-04-09T06:35:35.573+0000] {processor.py:161} INFO - Started process (PID=229) to work on /opt/airflow/dags/daily_revenue_etl_dag.py
[2026-04-09T06:35:35.574+0000] {processor.py:830} INFO - Processing file /opt/airflow/dags/daily_revenue_etl_dag.py for tasks to queue
[2026-04-09T06:35:35.575+0000] {logging_mixin.py:188} INFO - [2026-04-09T06:35:35.574+0000] {dagbag.py:538} INFO - Filling up the DagBag from /opt/airflow/dags/daily_revenue_etl_dag.py
[2026-04-09T06:35:35.591+0000] {processor.py:840} INFO - DAG(s) 'daily_revenue_etl_dag' retrieved from /opt/airflow/dags/daily_revenue_etl_dag.py
[2026-04-09T06:35:35.616+0000] {logging_mixin.py:188} INFO - [2026-04-09T06:35:35.616+0000] {dag.py:3036} INFO - Sync 1 DAGs
[2026-04-09T06:35:35.636+0000] {logging_mixin.py:188} INFO - [2026-04-09T06:35:35.636+0000] {dag.py:3823} INFO - Setting next_dagrun for daily_revenue_etl_dag to 2026-04-09 00:00:00+00:00, run_after=2026-04-10 00:00:00+00:00
[2026-04-09T06:35:35.652+0000] {processor.py:183} INFO - Processing /opt/airflow/dags/daily_revenue_etl_dag.py took 0.083 seconds
[2026-04-09T06:59:48.631+0000] {processor.py:161} INFO - Started process (PID=234) to work on /opt/airflow/dags/daily_revenue_etl_dag.py
[2026-04-09T06:59:48.632+0000] {processor.py:830} INFO - Processing file /opt/airflow/dags/daily_revenue_etl_dag.py for tasks to queue
[2026-04-09T06:59:48.634+0000] {logging_mixin.py:188} INFO - [2026-04-09T06:59:48.633+0000] {dagbag.py:538} INFO - Filling up the DagBag from /opt/airflow/dags/daily_revenue_etl_dag.py
[2026-04-09T06:59:48.659+0000] {processor.py:840} INFO - DAG(s) 'daily_revenue_etl_dag' retrieved from /opt/airflow/dags/daily_revenue_etl_dag.py
[2026-04-09T06:59:48.688+0000] {logging_mixin.py:188} INFO - [2026-04-09T06:59:48.688+0000] {dag.py:3036} INFO - Sync 1 DAGs
[2026-04-09T06:59:48.712+0000] {logging_mixin.py:188} INFO - [2026-04-09T06:59:48.712+0000] {dag.py:3823} INFO - Setting next_dagrun for daily_revenue_etl_dag to 2026-04-09 00:00:00+00:00, run_after=2026-04-10 00:00:00+00:00
[2026-04-09T06:59:48.733+0000] {processor.py:183} INFO - Processing /opt/airflow/dags/daily_revenue_etl_dag.py took 0.106 seconds
[2026-04-09T07:00:18.805+0000] {processor.py:161} INFO - Started process (PID=239) to work on /opt/airflow/dags/daily_revenue_etl_dag.py
[2026-04-09T07:00:18.806+0000] {processor.py:830} INFO - Processing file /opt/airflow/dags/daily_revenue_etl_dag.py for tasks to queue
[2026-04-09T07:00:18.808+0000] {logging_mixin.py:188} INFO - [2026-04-09T07:00:18.807+0000] {dagbag.py:538} INFO - Filling up the DagBag from /opt/airflow/dags/daily_revenue_etl_dag.py
[2026-04-09T07:00:18.827+0000] {processor.py:840} INFO - DAG(s) 'daily_revenue_etl_dag' retrieved from /opt/airflow/dags/daily_revenue_etl_dag.py
[2026-04-09T07:00:18.854+0000] {logging_mixin.py:188} INFO - [2026-04-09T07:00:18.854+0000] {dag.py:3036} INFO - Sync 1 DAGs
[2026-04-09T06:36:28.018+0000] {logging_mixin.py:188} INFO - [2026-04-09T06:36:28.018+0000] {dag.py:3823} INFO - Setting next_dagrun for daily_revenue_etl_dag to 2026-04-09 00:00:00+00:00, run_after=2026-04-10 00:00:00+00:00
[2026-04-09T06:36:28.042+0000] {processor.py:183} INFO - Processing /opt/airflow/dags/daily_revenue_etl_dag.py took 0.100 seconds
[2026-04-09T07:00:20.944+0000] {processor.py:161} INFO - Started process (PID=244) to work on /opt/airflow/dags/daily_revenue_etl_dag.py
[2026-04-09T07:00:20.945+0000] {processor.py:830} INFO - Processing file /opt/airflow/dags/daily_revenue_etl_dag.py for tasks to queue
[2026-04-09T07:00:20.946+0000] {logging_mixin.py:188} INFO - [2026-04-09T07:00:20.946+0000] {dagbag.py:538} INFO - Filling up the DagBag from /opt/airflow/dags/daily_revenue_etl_dag.py
[2026-04-09T07:00:20.965+0000] {processor.py:840} INFO - DAG(s) 'daily_revenue_etl_dag' retrieved from /opt/airflow/dags/daily_revenue_etl_dag.py
[2026-04-09T07:00:20.993+0000] {logging_mixin.py:188} INFO - [2026-04-09T07:00:20.993+0000] {dag.py:3036} INFO - Sync 1 DAGs
[2026-04-09T07:00:21.023+0000] {logging_mixin.py:188} INFO - [2026-04-09T07:00:21.022+0000] {dag.py:3823} INFO - Setting next_dagrun for daily_revenue_etl_dag to 2026-04-09 00:00:00+00:00, run_after=2026-04-10 00:00:00+00:00
[2026-04-09T07:00:21.044+0000] {processor.py:183} INFO - Processing /opt/airflow/dags/daily_revenue_etl_dag.py took 0.103 seconds
[2026-04-09T06:37:00.362+0000] {processor.py:161} INFO - Started process (PID=250) to work on /opt/airflow/dags/daily_revenue_etl_dag.py
[2026-04-09T06:37:00.366+0000] {processor.py:830} INFO - Processing file /opt/airflow/dags/daily_revenue_etl_dag.py for tasks to queue
[2026-04-09T06:37:00.368+0000] {logging_mixin.py:188} INFO - [2026-04-09T06:37:00.368+0000] {dagbag.py:538} INFO - Filling up the DagBag from /opt/airflow/dags/daily_revenue_etl_dag.py
[2026-04-09T06:37:00.415+0000] {processor.py:840} INFO - DAG(s) 'daily_revenue_etl_dag' retrieved from /opt/airflow/dags/daily_revenue_etl_dag.py
[2026-04-09T06:37:00.469+0000] {logging_mixin.py:188} INFO - [2026-04-09T06:37:00.468+0000] {dag.py:3036} INFO - Sync 1 DAGs
[2026-04-09T06:37:00.516+0000] {logging_mixin.py:188} INFO - [2026-04-09T06:37:00.515+0000] {dag.py:3823} INFO - Setting next_dagrun for daily_revenue_etl_dag to 2026-04-09 00:00:00+00:00, run_after=2026-04-10 00:00:00+00:00
[2026-04-09T06:37:00.544+0000] {processor.py:183} INFO - Processing /opt/airflow/dags/daily_revenue_etl_dag.py took 0.191 seconds
[2026-04-09T06:37:30.777+0000] {processor.py:161} INFO - Started process (PID=256) to work on /opt/airflow/dags/daily_revenue_etl_dag.py
[2026-04-09T06:37:30.782+0000] {processor.py:830} INFO - Processing file /opt/airflow/dags/daily_revenue_etl_dag.py for tasks to queue
[2026-04-09T06:37:30.787+0000] {logging_mixin.py:188} INFO - [2026-04-09T06:37:30.785+0000] {dagbag.py:538} INFO - Filling up the DagBag from /opt/airflow/dags/daily_revenue_etl_dag.py
[2026-04-09T06:37:30.868+0000] {processor.py:840} INFO - DAG(s) 'daily_revenue_etl_dag' retrieved from /opt/airflow/dags/daily_revenue_etl_dag.py
[2026-04-09T06:37:31.010+0000] {logging_mixin.py:188} INFO - [2026-04-09T06:37:31.009+0000] {dag.py:3036} INFO - Sync 1 DAGs
[2026-04-09T06:37:31.212+0000] {logging_mixin.py:188} INFO - [2026-04-09T06:37:31.210+0000] {dag.py:3823} INFO - Setting next_dagrun for daily_revenue_etl_dag to 2026-04-09 00:00:00+00:00, run_after=2026-04-10 00:00:00+00:00
[2026-04-09T06:37:31.333+0000] {processor.py:183} INFO - Processing /opt/airflow/dags/daily_revenue_etl_dag.py took 0.568 seconds
[2026-04-09T06:37:40.469+0000] {processor.py:161} INFO - Started process (PID=261) to work on /opt/airflow/dags/daily_revenue_etl_dag.py
[2026-04-09T06:37:40.470+0000] {processor.py:830} INFO - Processing file /opt/airflow/dags/daily_revenue_etl_dag.py for tasks to queue
[2026-04-09T06:37:40.471+0000] {logging_mixin.py:188} INFO - [2026-04-09T06:37:40.470+0000] {dagbag.py:538} INFO - Filling up the DagBag from /opt/airflow/dags/daily_revenue_etl_dag.py
[2026-04-09T06:37:40.487+0000] {processor.py:840} INFO - DAG(s) 'daily_revenue_etl_dag' retrieved from /opt/airflow/dags/daily_revenue_etl_dag.py
[2026-04-09T06:37:40.509+0000] {logging_mixin.py:188} INFO - [2026-04-09T06:37:40.509+0000] {dag.py:3036} INFO - Sync 1 DAGs
[2026-04-09T06:37:40.526+0000] {logging_mixin.py:188} INFO - [2026-04-09T06:37:40.526+0000] {dag.py:3823} INFO - Setting next_dagrun for daily_revenue_etl_dag to 2026-04-09 00:00:00+00:00, run_after=2026-04-10 00:00:00+00:00
[2026-04-09T06:37:40.542+0000] {processor.py:183} INFO - Processing /opt/airflow/dags/daily_revenue_etl_dag.py took 0.076 seconds
[2026-04-09T06:38:10.682+0000] {processor.py:161} INFO - Started process (PID=267) to work on /opt/airflow/dags/daily_revenue_etl_dag.py
[2026-04-09T06:38:10.683+0000] {processor.py:830} INFO - Processing file /opt/airflow/dags/daily_revenue_etl_dag.py for tasks to queue
[2026-04-09T06:38:10.683+0000] {logging_mixin.py:188} INFO - [2026-04-09T06:38:10.683+0000] {dagbag.py:538} INFO - Filling up the DagBag from /opt/airflow/dags/daily_revenue_etl_dag.py
[2026-04-09T06:38:10.699+0000] {processor.py:840} INFO - DAG(s) 'daily_revenue_etl_dag' retrieved from /opt/airflow/dags/daily_revenue_etl_dag.py
[2026-04-09T06:38:10.723+0000] {logging_mixin.py:188} INFO - [2026-04-09T06:38:10.723+0000] {dag.py:3036} INFO - Sync 1 DAGs
[2026-04-09T06:38:10.745+0000] {logging_mixin.py:188} INFO - [2026-04-09T06:38:10.744+0000] {dag.py:3823} INFO - Setting next_dagrun for daily_revenue_etl_dag to 2026-04-09 00:00:00+00:00, run_after=2026-04-10 00:00:00+00:00
[2026-04-09T06:38:10.768+0000] {processor.py:183} INFO - Processing /opt/airflow/dags/daily_revenue_etl_dag.py took 0.089 seconds
[2026-04-09T07:02:18.664+0000] {processor.py:161} INFO - Started process (PID=272) to work on /opt/airflow/dags/daily_revenue_etl_dag.py
[2026-04-09T07:02:18.665+0000] {processor.py:830} INFO - Processing file /opt/airflow/dags/daily_revenue_etl_dag.py for tasks to queue
[2026-04-09T07:02:18.666+0000] {logging_mixin.py:188} INFO - [2026-04-09T07:02:18.666+0000] {dagbag.py:538} INFO - Filling up the DagBag from /opt/airflow/dags/daily_revenue_etl_dag.py
[2026-04-09T07:02:18.685+0000] {processor.py:840} INFO - DAG(s) 'daily_revenue_etl_dag' retrieved from /opt/airflow/dags/daily_revenue_etl_dag.py
[2026-04-09T07:02:18.716+0000] {logging_mixin.py:188} INFO - [2026-04-09T07:02:18.716+0000] {dag.py:3036} INFO - Sync 1 DAGs
[2026-04-09T07:02:18.740+0000] {logging_mixin.py:188} INFO - [2026-04-09T07:02:18.739+0000] {dag.py:3823} INFO - Setting next_dagrun for daily_revenue_etl_dag to 2026-04-09 00:00:00+00:00, run_after=2026-04-10 00:00:00+00:00
[2026-04-09T07:02:18.762+0000] {processor.py:183} INFO - Processing /opt/airflow/dags/daily_revenue_etl_dag.py took 0.101 seconds
[2026-04-09T07:04:16.413+0000] {processor.py:161} INFO - Started process (PID=279) to work on /opt/airflow/dags/daily_revenue_etl_dag.py
[2026-04-09T07:04:16.413+0000] {processor.py:830} INFO - Processing file /opt/airflow/dags/daily_revenue_etl_dag.py for tasks to queue
[2026-04-09T07:04:16.414+0000] {logging_mixin.py:188} INFO - [2026-04-09T07:04:16.414+0000] {dagbag.py:538} INFO - Filling up the DagBag from /opt/airflow/dags/daily_revenue_etl_dag.py
[2026-04-09T07:04:16.432+0000] {processor.py:840} INFO - DAG(s) 'daily_revenue_etl_dag' retrieved from /opt/airflow/dags/daily_revenue_etl_dag.py
[2026-04-09T07:04:16.456+0000] {logging_mixin.py:188} INFO - [2026-04-09T07:04:16.456+0000] {dag.py:3036} INFO - Sync 1 DAGs
[2026-04-09T07:04:16.474+0000] {logging_mixin.py:188} INFO - [2026-04-09T07:04:16.474+0000] {dag.py:3823} INFO - Setting next_dagrun for daily_revenue_etl_dag to 2026-04-09 00:00:00+00:00, run_after=2026-04-10 00:00:00+00:00
[2026-04-09T07:04:16.492+0000] {processor.py:183} INFO - Processing /opt/airflow/dags/daily_revenue_etl_dag.py took 0.082 seconds
[2026-04-09T07:04:46.601+0000] {processor.py:161} INFO - Started process (PID=284) to work on /opt/airflow/dags/daily_revenue_etl_dag.py
[2026-04-09T07:04:46.602+0000] {processor.py:830} INFO - Processing file /opt/airflow/dags/daily_revenue_etl_dag.py for tasks to queue
[2026-04-09T07:04:46.603+0000] {logging_mixin.py:188} INFO - [2026-04-09T07:04:46.603+0000] {dagbag.py:538} INFO - Filling up the DagBag from /opt/airflow/dags/daily_revenue_etl_dag.py
[2026-04-09T07:04:46.620+0000] {processor.py:840} INFO - DAG(s) 'daily_revenue_etl_dag' retrieved from /opt/airflow/dags/daily_revenue_etl_dag.py
[2026-04-09T06:40:55.821+0000] {logging_mixin.py:188} INFO - [2026-04-09T06:40:55.821+0000] {dag.py:3036} INFO - Sync 1 DAGs
[2026-04-09T06:40:55.848+0000] {logging_mixin.py:188} INFO - [2026-04-09T06:40:55.848+0000] {dag.py:3823} INFO - Setting next_dagrun for daily_revenue_etl_dag to 2026-04-09 00:00:00+00:00, run_after=2026-04-10 00:00:00+00:00
[2026-04-09T06:40:55.866+0000] {processor.py:183} INFO - Processing /opt/airflow/dags/daily_revenue_etl_dag.py took 0.095 seconds
[2026-04-09T07:04:48.689+0000] {processor.py:161} INFO - Started process (PID=289) to work on /opt/airflow/dags/daily_revenue_etl_dag.py
[2026-04-09T07:04:48.690+0000] {processor.py:830} INFO - Processing file /opt/airflow/dags/daily_revenue_etl_dag.py for tasks to queue
[2026-04-09T07:04:48.691+0000] {logging_mixin.py:188} INFO - [2026-04-09T07:04:48.691+0000] {dagbag.py:538} INFO - Filling up the DagBag from /opt/airflow/dags/daily_revenue_etl_dag.py
[2026-04-09T07:04:48.708+0000] {processor.py:840} INFO - DAG(s) 'daily_revenue_etl_dag' retrieved from /opt/airflow/dags/daily_revenue_etl_dag.py
[2026-04-09T07:04:48.728+0000] {logging_mixin.py:188} INFO - [2026-04-09T07:04:48.728+0000] {dag.py:3036} INFO - Sync 1 DAGs
[2026-04-09T07:04:48.745+0000] {logging_mixin.py:188} INFO - [2026-04-09T07:04:48.745+0000] {dag.py:3823} INFO - Setting next_dagrun for daily_revenue_etl_dag to 2026-04-09 00:00:00+00:00, run_after=2026-04-10 00:00:00+00:00
[2026-04-09T07:04:48.760+0000] {processor.py:183} INFO - Processing /opt/airflow/dags/daily_revenue_etl_dag.py took 0.074 seconds
[2026-04-09T07:07:48.768+0000] {processor.py:161} INFO - Started process (PID=296) to work on /opt/airflow/dags/daily_revenue_etl_dag.py
[2026-04-09T07:07:48.770+0000] {processor.py:830} INFO - Processing file /opt/airflow/dags/daily_revenue_etl_dag.py for tasks to queue
[2026-04-09T07:07:48.771+0000] {logging_mixin.py:188} INFO - [2026-04-09T07:07:48.771+0000] {dagbag.py:538} INFO - Filling up the DagBag from /opt/airflow/dags/daily_revenue_etl_dag.py
[2026-04-09T07:07:48.802+0000] {processor.py:840} INFO - DAG(s) 'daily_revenue_etl_dag' retrieved from /opt/airflow/dags/daily_revenue_etl_dag.py
[2026-04-09T07:07:48.840+0000] {logging_mixin.py:188} INFO - [2026-04-09T07:07:48.840+0000] {dag.py:3036} INFO - Sync 1 DAGs
[2026-04-09T06:43:58.068+0000] {logging_mixin.py:188} INFO - [2026-04-09T06:43:58.067+0000] {dag.py:3823} INFO - Setting next_dagrun for daily_revenue_etl_dag to 2026-04-09 00:00:00+00:00, run_after=2026-04-10 00:00:00+00:00
[2026-04-09T06:43:58.108+0000] {processor.py:183} INFO - Processing /opt/airflow/dags/daily_revenue_etl_dag.py took 0.167 seconds
[2026-04-09T07:07:51.795+0000] {processor.py:161} INFO - Started process (PID=301) to work on /opt/airflow/dags/daily_revenue_etl_dag.py
[2026-04-09T07:07:51.796+0000] {processor.py:830} INFO - Processing file /opt/airflow/dags/daily_revenue_etl_dag.py for tasks to queue
[2026-04-09T07:07:51.797+0000] {logging_mixin.py:188} INFO - [2026-04-09T07:07:51.797+0000] {dagbag.py:538} INFO - Filling up the DagBag from /opt/airflow/dags/daily_revenue_etl_dag.py
[2026-04-09T07:07:51.817+0000] {processor.py:840} INFO - DAG(s) 'daily_revenue_etl_dag' retrieved from /opt/airflow/dags/daily_revenue_etl_dag.py
[2026-04-09T07:07:51.844+0000] {logging_mixin.py:188} INFO - [2026-04-09T07:07:51.843+0000] {dag.py:3036} INFO - Sync 1 DAGs
[2026-04-09T07:07:51.871+0000] {logging_mixin.py:188} INFO - [2026-04-09T07:07:51.871+0000] {dag.py:3823} INFO - Setting next_dagrun for daily_revenue_etl_dag to 2026-04-09 00:00:00+00:00, run_after=2026-04-10 00:00:00+00:00
[2026-04-09T07:07:51.893+0000] {processor.py:183} INFO - Processing /opt/airflow/dags/daily_revenue_etl_dag.py took 0.102 seconds
[2026-04-09T07:08:21.980+0000] {processor.py:161} INFO - Started process (PID=306) to work on /opt/airflow/dags/daily_revenue_etl_dag.py
[2026-04-09T07:08:21.981+0000] {processor.py:830} INFO - Processing file /opt/airflow/dags/daily_revenue_etl_dag.py for tasks to queue
[2026-04-09T07:08:21.982+0000] {logging_mixin.py:188} INFO - [2026-04-09T07:08:21.982+0000] {dagbag.py:538} INFO - Filling up the DagBag from /opt/airflow/dags/daily_revenue_etl_dag.py
[2026-04-09T07:08:22.002+0000] {processor.py:840} INFO - DAG(s) 'daily_revenue_etl_dag' retrieved from /opt/airflow/dags/daily_revenue_etl_dag.py
[2026-04-09T07:08:22.036+0000] {logging_mixin.py:188} INFO - [2026-04-09T07:08:22.035+0000] {dag.py:3036} INFO - Sync 1 DAGs
[2026-04-09T07:08:22.071+0000] {logging_mixin.py:188} INFO - [2026-04-09T07:08:22.070+0000] {dag.py:3823} INFO - Setting next_dagrun for daily_revenue_etl_dag to 2026-04-09 00:00:00+00:00, run_after=2026-04-10 00:00:00+00:00
[2026-04-09T06:44:31.293+0000] {processor.py:183} INFO - Processing /opt/airflow/dags/daily_revenue_etl_dag.py took 0.161 seconds
[2026-04-09T06:45:01.477+0000] {processor.py:161} INFO - Started process (PID=311) to work on /opt/airflow/dags/daily_revenue_etl_dag.py
[2026-04-09T06:45:01.479+0000] {processor.py:830} INFO - Processing file /opt/airflow/dags/daily_revenue_etl_dag.py for tasks to queue
[2026-04-09T06:45:01.481+0000] {logging_mixin.py:188} INFO - [2026-04-09T06:45:01.480+0000] {dagbag.py:538} INFO - Filling up the DagBag from /opt/airflow/dags/daily_revenue_etl_dag.py
[2026-04-09T06:45:01.530+0000] {processor.py:840} INFO - DAG(s) 'daily_revenue_etl_dag' retrieved from /opt/airflow/dags/daily_revenue_etl_dag.py
[2026-04-09T06:45:01.589+0000] {logging_mixin.py:188} INFO - [2026-04-09T06:45:01.588+0000] {dag.py:3036} INFO - Sync 1 DAGs
[2026-04-09T06:45:01.646+0000] {logging_mixin.py:188} INFO - [2026-04-09T06:45:01.646+0000] {dag.py:3823} INFO - Setting next_dagrun for daily_revenue_etl_dag to 2026-04-09 00:00:00+00:00, run_after=2026-04-10 00:00:00+00:00
[2026-04-09T06:45:01.701+0000] {processor.py:183} INFO - Processing /opt/airflow/dags/daily_revenue_etl_dag.py took 0.234 seconds
[2026-04-09T07:09:18.731+0000] {processor.py:161} INFO - Started process (PID=316) to work on /opt/airflow/dags/daily_revenue_etl_dag.py
[2026-04-09T07:09:18.735+0000] {processor.py:830} INFO - Processing file /opt/airflow/dags/daily_revenue_etl_dag.py for tasks to queue
[2026-04-09T07:09:18.738+0000] {logging_mixin.py:188} INFO - [2026-04-09T07:09:18.736+0000] {dagbag.py:538} INFO - Filling up the DagBag from /opt/airflow/dags/daily_revenue_etl_dag.py
[2026-04-09T07:09:18.768+0000] {processor.py:840} INFO - DAG(s) 'daily_revenue_etl_dag' retrieved from /opt/airflow/dags/daily_revenue_etl_dag.py
[2026-04-09T07:09:18.810+0000] {logging_mixin.py:188} INFO - [2026-04-09T07:09:18.810+0000] {dag.py:3036} INFO - Sync 1 DAGs
[2026-04-09T07:09:18.838+0000] {logging_mixin.py:188} INFO - [2026-04-09T07:09:18.838+0000] {dag.py:3823} INFO - Setting next_dagrun for daily_revenue_etl_dag to 2026-04-09 00:00:00+00:00, run_after=2026-04-10 00:00:00+00:00
[2026-04-09T07:09:18.867+0000] {processor.py:183} INFO - Processing /opt/airflow/dags/daily_revenue_etl_dag.py took 0.144 seconds
[2026-04-09T07:09:31.988+0000] {processor.py:161} INFO - Started process (PID=323) to work on /opt/airflow/dags/daily_revenue_etl_dag.py
[2026-04-09T07:09:31.990+0000] {processor.py:830} INFO - Processing file /opt/airflow/dags/daily_revenue_etl_dag.py for tasks to queue
[2026-04-09T07:09:31.991+0000] {logging_mixin.py:188} INFO - [2026-04-09T07:09:31.991+0000] {dagbag.py:538} INFO - Filling up the DagBag from /opt/airflow/dags/daily_revenue_etl_dag.py
[2026-04-09T07:09:32.017+0000] {processor.py:840} INFO - DAG(s) 'daily_revenue_etl_dag' retrieved from /opt/airflow/dags/daily_revenue_etl_dag.py
[2026-04-09T07:09:32.049+0000] {logging_mixin.py:188} INFO - [2026-04-09T07:09:32.049+0000] {dag.py:3036} INFO - Sync 1 DAGs
[2026-04-09T07:09:32.072+0000] {logging_mixin.py:188} INFO - [2026-04-09T07:09:32.072+0000] {dag.py:3823} INFO - Setting next_dagrun for daily_revenue_etl_dag to 2026-04-09 00:00:00+00:00, run_after=2026-04-10 00:00:00+00:00
[2026-04-09T07:09:32.091+0000] {processor.py:183} INFO - Processing /opt/airflow/dags/daily_revenue_etl_dag.py took 0.107 seconds
[2026-04-09T07:10:02.159+0000] {processor.py:161} INFO - Started process (PID=328) to work on /opt/airflow/dags/daily_revenue_etl_dag.py
[2026-04-09T07:10:02.160+0000] {processor.py:830} INFO - Processing file /opt/airflow/dags/daily_revenue_etl_dag.py for tasks to queue
[2026-04-09T07:10:02.163+0000] {logging_mixin.py:188} INFO - [2026-04-09T07:10:02.162+0000] {dagbag.py:538} INFO - Filling up the DagBag from /opt/airflow/dags/daily_revenue_etl_dag.py
[2026-04-09T07:10:02.184+0000] {processor.py:840} INFO - DAG(s) 'daily_revenue_etl_dag' retrieved from /opt/airflow/dags/daily_revenue_etl_dag.py
[2026-04-09T07:10:02.228+0000] {logging_mixin.py:188} INFO - [2026-04-09T07:10:02.227+0000] {dag.py:3036} INFO - Sync 1 DAGs
[2026-04-09T06:46:11.444+0000] {logging_mixin.py:188} INFO - [2026-04-09T06:46:11.444+0000] {dag.py:3823} INFO - Setting next_dagrun for daily_revenue_etl_dag to 2026-04-09 00:00:00+00:00, run_after=2026-04-10 00:00:00+00:00
[2026-04-09T06:46:11.463+0000] {processor.py:183} INFO - Processing /opt/airflow/dags/daily_revenue_etl_dag.py took 0.123 seconds
[2026-04-09T06:46:41.568+0000] {processor.py:161} INFO - Started process (PID=333) to work on /opt/airflow/dags/daily_revenue_etl_dag.py
[2026-04-09T06:46:41.570+0000] {processor.py:830} INFO - Processing file /opt/airflow/dags/daily_revenue_etl_dag.py for tasks to queue
[2026-04-09T06:46:41.571+0000] {logging_mixin.py:188} INFO - [2026-04-09T06:46:41.571+0000] {dagbag.py:538} INFO - Filling up the DagBag from /opt/airflow/dags/daily_revenue_etl_dag.py
[2026-04-09T06:46:41.590+0000] {processor.py:840} INFO - DAG(s) 'daily_revenue_etl_dag' retrieved from /opt/airflow/dags/daily_revenue_etl_dag.py
[2026-04-09T06:46:41.619+0000] {logging_mixin.py:188} INFO - [2026-04-09T06:46:41.619+0000] {dag.py:3036} INFO - Sync 1 DAGs
[2026-04-09T06:46:41.640+0000] {logging_mixin.py:188} INFO - [2026-04-09T06:46:41.639+0000] {dag.py:3823} INFO - Setting next_dagrun for daily_revenue_etl_dag to 2026-04-09 00:00:00+00:00, run_after=2026-04-10 00:00:00+00:00
[2026-04-09T06:46:41.656+0000] {processor.py:183} INFO - Processing /opt/airflow/dags/daily_revenue_etl_dag.py took 0.091 seconds
[2026-04-09T06:47:11.791+0000] {processor.py:161} INFO - Started process (PID=338) to work on /opt/airflow/dags/daily_revenue_etl_dag.py
[2026-04-09T06:47:11.794+0000] {processor.py:830} INFO - Processing file /opt/airflow/dags/daily_revenue_etl_dag.py for tasks to queue
[2026-04-09T06:47:11.795+0000] {logging_mixin.py:188} INFO - [2026-04-09T06:47:11.795+0000] {dagbag.py:538} INFO - Filling up the DagBag from /opt/airflow/dags/daily_revenue_etl_dag.py
[2026-04-09T06:47:11.822+0000] {processor.py:840} INFO - DAG(s) 'daily_revenue_etl_dag' retrieved from /opt/airflow/dags/daily_revenue_etl_dag.py
[2026-04-09T06:47:11.850+0000] {logging_mixin.py:188} INFO - [2026-04-09T06:47:11.850+0000] {dag.py:3036} INFO - Sync 1 DAGs
[2026-04-09T06:47:11.871+0000] {logging_mixin.py:188} INFO - [2026-04-09T06:47:11.871+0000] {dag.py:3823} INFO - Setting next_dagrun for daily_revenue_etl_dag to 2026-04-09 00:00:00+00:00, run_after=2026-04-10 00:00:00+00:00
[2026-04-09T06:47:11.890+0000] {processor.py:183} INFO - Processing /opt/airflow/dags/daily_revenue_etl_dag.py took 0.104 seconds
[2026-04-09T07:11:18.760+0000] {processor.py:161} INFO - Started process (PID=343) to work on /opt/airflow/dags/daily_revenue_etl_dag.py
[2026-04-09T07:11:18.761+0000] {processor.py:830} INFO - Processing file /opt/airflow/dags/daily_revenue_etl_dag.py for tasks to queue
[2026-04-09T07:11:18.762+0000] {logging_mixin.py:188} INFO - [2026-04-09T07:11:18.762+0000] {dagbag.py:538} INFO - Filling up the DagBag from /opt/airflow/dags/daily_revenue_etl_dag.py
[2026-04-09T07:11:18.783+0000] {processor.py:840} INFO - DAG(s) 'daily_revenue_etl_dag' retrieved from /opt/airflow/dags/daily_revenue_etl_dag.py
[2026-04-09T07:11:18.829+0000] {logging_mixin.py:188} INFO - [2026-04-09T07:11:18.828+0000] {dag.py:3036} INFO - Sync 1 DAGs
[2026-04-09T06:47:28.043+0000] {logging_mixin.py:188} INFO - [2026-04-09T06:47:28.043+0000] {dag.py:3823} INFO - Setting next_dagrun for daily_revenue_etl_dag to 2026-04-09 00:00:00+00:00, run_after=2026-04-10 00:00:00+00:00
[2026-04-09T06:47:28.066+0000] {processor.py:183} INFO - Processing /opt/airflow/dags/daily_revenue_etl_dag.py took 0.128 seconds
[2026-04-09T06:47:58.178+0000] {processor.py:161} INFO - Started process (PID=348) to work on /opt/airflow/dags/daily_revenue_etl_dag.py
[2026-04-09T06:47:58.179+0000] {processor.py:830} INFO - Processing file /opt/airflow/dags/daily_revenue_etl_dag.py for tasks to queue
[2026-04-09T06:47:58.179+0000] {logging_mixin.py:188} INFO - [2026-04-09T06:47:58.179+0000] {dagbag.py:538} INFO - Filling up the DagBag from /opt/airflow/dags/daily_revenue_etl_dag.py
[2026-04-09T06:47:58.196+0000] {processor.py:840} INFO - DAG(s) 'daily_revenue_etl_dag' retrieved from /opt/airflow/dags/daily_revenue_etl_dag.py
[2026-04-09T06:47:58.222+0000] {logging_mixin.py:188} INFO - [2026-04-09T06:47:58.221+0000] {dag.py:3036} INFO - Sync 1 DAGs
[2026-04-09T06:47:58.246+0000] {logging_mixin.py:188} INFO - [2026-04-09T06:47:58.245+0000] {dag.py:3823} INFO - Setting next_dagrun for daily_revenue_etl_dag to 2026-04-09 00:00:00+00:00, run_after=2026-04-10 00:00:00+00:00
[2026-04-09T06:47:58.268+0000] {processor.py:183} INFO - Processing /opt/airflow/dags/daily_revenue_etl_dag.py took 0.094 seconds
[2026-04-09T07:12:12.238+0000] {processor.py:161} INFO - Started process (PID=353) to work on /opt/airflow/dags/daily_revenue_etl_dag.py
[2026-04-09T07:12:12.239+0000] {processor.py:830} INFO - Processing file /opt/airflow/dags/daily_revenue_etl_dag.py for tasks to queue
[2026-04-09T07:12:12.240+0000] {logging_mixin.py:188} INFO - [2026-04-09T07:12:12.240+0000] {dagbag.py:538} INFO - Filling up the DagBag from /opt/airflow/dags/daily_revenue_etl_dag.py
[2026-04-09T07:12:12.261+0000] {processor.py:840} INFO - DAG(s) 'daily_revenue_etl_dag' retrieved from /opt/airflow/dags/daily_revenue_etl_dag.py
[2026-04-09T07:12:12.286+0000] {logging_mixin.py:188} INFO - [2026-04-09T07:12:12.285+0000] {dag.py:3036} INFO - Sync 1 DAGs
[2026-04-09T07:12:12.312+0000] {logging_mixin.py:188} INFO - [2026-04-09T07:12:12.312+0000] {dag.py:3823} INFO - Setting next_dagrun for daily_revenue_etl_dag to 2026-04-09 00:00:00+00:00, run_after=2026-04-10 00:00:00+00:00
[2026-04-09T07:12:12.332+0000] {processor.py:183} INFO - Processing /opt/airflow/dags/daily_revenue_etl_dag.py took 0.097 seconds
[2026-04-09T07:12:42.436+0000] {processor.py:161} INFO - Started process (PID=358) to work on /opt/airflow/dags/daily_revenue_etl_dag.py
[2026-04-09T07:12:42.437+0000] {processor.py:830} INFO - Processing file /opt/airflow/dags/daily_revenue_etl_dag.py for tasks to queue
[2026-04-09T07:12:42.438+0000] {logging_mixin.py:188} INFO - [2026-04-09T07:12:42.438+0000] {dagbag.py:538} INFO - Filling up the DagBag from /opt/airflow/dags/daily_revenue_etl_dag.py
[2026-04-09T07:12:42.456+0000] {processor.py:840} INFO - DAG(s) 'daily_revenue_etl_dag' retrieved from /opt/airflow/dags/daily_revenue_etl_dag.py
[2026-04-09T07:12:42.484+0000] {logging_mixin.py:188} INFO - [2026-04-09T07:12:42.484+0000] {dag.py:3036} INFO - Sync 1 DAGs
[2026-04-09T06:48:51.698+0000] {logging_mixin.py:188} INFO - [2026-04-09T06:48:51.697+0000] {dag.py:3823} INFO - Setting next_dagrun for daily_revenue_etl_dag to 2026-04-09 00:00:00+00:00, run_after=2026-04-10 00:00:00+00:00
[2026-04-09T06:48:51.720+0000] {processor.py:183} INFO - Processing /opt/airflow/dags/daily_revenue_etl_dag.py took 0.106 seconds
[2026-04-09T06:49:21.881+0000] {processor.py:161} INFO - Started process (PID=363) to work on /opt/airflow/dags/daily_revenue_etl_dag.py
[2026-04-09T06:49:21.882+0000] {processor.py:830} INFO - Processing file /opt/airflow/dags/daily_revenue_etl_dag.py for tasks to queue
[2026-04-09T06:49:21.883+0000] {logging_mixin.py:188} INFO - [2026-04-09T06:49:21.883+0000] {dagbag.py:538} INFO - Filling up the DagBag from /opt/airflow/dags/daily_revenue_etl_dag.py
[2026-04-09T06:49:21.899+0000] {processor.py:840} INFO - DAG(s) 'daily_revenue_etl_dag' retrieved from /opt/airflow/dags/daily_revenue_etl_dag.py
[2026-04-09T06:49:21.923+0000] {logging_mixin.py:188} INFO - [2026-04-09T06:49:21.923+0000] {dag.py:3036} INFO - Sync 1 DAGs
[2026-04-09T06:49:21.943+0000] {logging_mixin.py:188} INFO - [2026-04-09T06:49:21.943+0000] {dag.py:3823} INFO - Setting next_dagrun for daily_revenue_etl_dag to 2026-04-09 00:00:00+00:00, run_after=2026-04-10 00:00:00+00:00
[2026-04-09T06:49:21.959+0000] {processor.py:183} INFO - Processing /opt/airflow/dags/daily_revenue_etl_dag.py took 0.081 seconds
[2026-04-09T07:13:18.773+0000] {processor.py:161} INFO - Started process (PID=368) to work on /opt/airflow/dags/daily_revenue_etl_dag.py
[2026-04-09T07:13:18.774+0000] {processor.py:830} INFO - Processing file /opt/airflow/dags/daily_revenue_etl_dag.py for tasks to queue
[2026-04-09T07:13:18.775+0000] {logging_mixin.py:188} INFO - [2026-04-09T07:13:18.775+0000] {dagbag.py:538} INFO - Filling up the DagBag from /opt/airflow/dags/daily_revenue_etl_dag.py
[2026-04-09T07:13:18.798+0000] {processor.py:840} INFO - DAG(s) 'daily_revenue_etl_dag' retrieved from /opt/airflow/dags/daily_revenue_etl_dag.py
[2026-04-09T07:13:18.830+0000] {logging_mixin.py:188} INFO - [2026-04-09T07:13:18.830+0000] {dag.py:3036} INFO - Sync 1 DAGs
[2026-04-09T07:13:18.853+0000] {logging_mixin.py:188} INFO - [2026-04-09T07:13:18.853+0000] {dag.py:3823} INFO - Setting next_dagrun for daily_revenue_etl_dag to 2026-04-09 00:00:00+00:00, run_after=2026-04-10 00:00:00+00:00
[2026-04-09T07:13:18.876+0000] {processor.py:183} INFO - Processing /opt/airflow/dags/daily_revenue_etl_dag.py took 0.107 seconds
[2026-04-09T07:15:12.556+0000] {processor.py:161} INFO - Started process (PID=374) to work on /opt/airflow/dags/daily_revenue_etl_dag.py
[2026-04-09T07:15:12.557+0000] {processor.py:830} INFO - Processing file /opt/airflow/dags/daily_revenue_etl_dag.py for tasks to queue
[2026-04-09T07:15:12.559+0000] {logging_mixin.py:188} INFO - [2026-04-09T07:15:12.558+0000] {dagbag.py:538} INFO - Filling up the DagBag from /opt/airflow/dags/daily_revenue_etl_dag.py
[2026-04-09T07:15:12.580+0000] {processor.py:840} INFO - DAG(s) 'daily_revenue_etl_dag' retrieved from /opt/airflow/dags/daily_revenue_etl_dag.py
[2026-04-09T07:15:12.608+0000] {logging_mixin.py:188} INFO - [2026-04-09T07:15:12.607+0000] {dag.py:3036} INFO - Sync 1 DAGs
[2026-04-09T07:15:12.631+0000] {logging_mixin.py:188} INFO - [2026-04-09T07:15:12.630+0000] {dag.py:3823} INFO - Setting next_dagrun for daily_revenue_etl_dag to 2026-04-09 00:00:00+00:00, run_after=2026-04-10 00:00:00+00:00
[2026-04-09T07:15:12.652+0000] {processor.py:183} INFO - Processing /opt/airflow/dags/daily_revenue_etl_dag.py took 0.100 seconds
[2026-04-09T07:15:42.768+0000] {processor.py:161} INFO - Started process (PID=381) to work on /opt/airflow/dags/daily_revenue_etl_dag.py
[2026-04-09T07:15:42.770+0000] {processor.py:830} INFO - Processing file /opt/airflow/dags/daily_revenue_etl_dag.py for tasks to queue
[2026-04-09T07:15:42.771+0000] {logging_mixin.py:188} INFO - [2026-04-09T07:15:42.771+0000] {dagbag.py:538} INFO - Filling up the DagBag from /opt/airflow/dags/daily_revenue_etl_dag.py
[2026-04-09T07:15:42.795+0000] {processor.py:840} INFO - DAG(s) 'daily_revenue_etl_dag' retrieved from /opt/airflow/dags/daily_revenue_etl_dag.py
[2026-04-09T06:51:52.014+0000] {logging_mixin.py:188} INFO - [2026-04-09T06:51:52.014+0000] {dag.py:3036} INFO - Sync 1 DAGs
[2026-04-09T06:51:52.039+0000] {logging_mixin.py:188} INFO - [2026-04-09T06:51:52.039+0000] {dag.py:3823} INFO - Setting next_dagrun for daily_revenue_etl_dag to 2026-04-09 00:00:00+00:00, run_after=2026-04-10 00:00:00+00:00
[2026-04-09T06:51:52.061+0000] {processor.py:183} INFO - Processing /opt/airflow/dags/daily_revenue_etl_dag.py took 0.112 seconds
[2026-04-09T07:15:47.723+0000] {processor.py:161} INFO - Started process (PID=386) to work on /opt/airflow/dags/daily_revenue_etl_dag.py
[2026-04-09T07:15:47.724+0000] {processor.py:830} INFO - Processing file /opt/airflow/dags/daily_revenue_etl_dag.py for tasks to queue
[2026-04-09T07:15:47.724+0000] {logging_mixin.py:188} INFO - [2026-04-09T07:15:47.724+0000] {dagbag.py:538} INFO - Filling up the DagBag from /opt/airflow/dags/daily_revenue_etl_dag.py
[2026-04-09T07:15:47.741+0000] {processor.py:840} INFO - DAG(s) 'daily_revenue_etl_dag' retrieved from /opt/airflow/dags/daily_revenue_etl_dag.py
[2026-04-09T07:15:47.772+0000] {logging_mixin.py:188} INFO - [2026-04-09T07:15:47.771+0000] {dag.py:3036} INFO - Sync 1 DAGs
[2026-04-09T07:15:47.801+0000] {logging_mixin.py:188} INFO - [2026-04-09T07:15:47.801+0000] {dag.py:3823} INFO - Setting next_dagrun for daily_revenue_etl_dag to 2026-04-09 00:00:00+00:00, run_after=2026-04-10 00:00:00+00:00
[2026-04-09T07:15:47.821+0000] {processor.py:183} INFO - Processing /opt/airflow/dags/daily_revenue_etl_dag.py took 0.101 seconds
[2026-04-09T06:52:32.125+0000] {processor.py:161} INFO - Started process (PID=393) to work on /opt/airflow/dags/daily_revenue_etl_dag.py
[2026-04-09T06:52:32.126+0000] {processor.py:830} INFO - Processing file /opt/airflow/dags/daily_revenue_etl_dag.py for tasks to queue
[2026-04-09T06:52:32.127+0000] {logging_mixin.py:188} INFO - [2026-04-09T06:52:32.127+0000] {dagbag.py:538} INFO - Filling up the DagBag from /opt/airflow/dags/daily_revenue_etl_dag.py
[2026-04-09T06:52:32.144+0000] {processor.py:840} INFO - DAG(s) 'daily_revenue_etl_dag' retrieved from /opt/airflow/dags/daily_revenue_etl_dag.py
[2026-04-09T06:52:32.169+0000] {logging_mixin.py:188} INFO - [2026-04-09T06:52:32.168+0000] {dag.py:3036} INFO - Sync 1 DAGs
[2026-04-09T06:52:32.190+0000] {logging_mixin.py:188} INFO - [2026-04-09T06:52:32.190+0000] {dag.py:3823} INFO - Setting next_dagrun for daily_revenue_etl_dag to 2026-04-09 00:00:00+00:00, run_after=2026-04-10 00:00:00+00:00
[2026-04-09T06:52:32.211+0000] {processor.py:183} INFO - Processing /opt/airflow/dags/daily_revenue_etl_dag.py took 0.090 seconds
[2026-04-09T06:53:02.379+0000] {processor.py:161} INFO - Started process (PID=398) to work on /opt/airflow/dags/daily_revenue_etl_dag.py
[2026-04-09T06:53:02.380+0000] {processor.py:830} INFO - Processing file /opt/airflow/dags/daily_revenue_etl_dag.py for tasks to queue
[2026-04-09T06:53:02.381+0000] {logging_mixin.py:188} INFO - [2026-04-09T06:53:02.381+0000] {dagbag.py:538} INFO - Filling up the DagBag from /opt/airflow/dags/daily_revenue_etl_dag.py
[2026-04-09T06:53:02.401+0000] {processor.py:840} INFO - DAG(s) 'daily_revenue_etl_dag' retrieved from /opt/airflow/dags/daily_revenue_etl_dag.py
[2026-04-09T06:53:02.427+0000] {logging_mixin.py:188} INFO - [2026-04-09T06:53:02.427+0000] {dag.py:3036} INFO - Sync 1 DAGs
[2026-04-09T06:53:02.451+0000] {logging_mixin.py:188} INFO - [2026-04-09T06:53:02.450+0000] {dag.py:3823} INFO - Setting next_dagrun for daily_revenue_etl_dag to 2026-04-09 00:00:00+00:00, run_after=2026-04-10 00:00:00+00:00
[2026-04-09T06:53:02.470+0000] {processor.py:183} INFO - Processing /opt/airflow/dags/daily_revenue_etl_dag.py took 0.095 seconds
[2026-04-09T06:53:32.571+0000] {processor.py:161} INFO - Started process (PID=403) to work on /opt/airflow/dags/daily_revenue_etl_dag.py
[2026-04-09T06:53:32.572+0000] {processor.py:830} INFO - Processing file /opt/airflow/dags/daily_revenue_etl_dag.py for tasks to queue
[2026-04-09T06:53:32.573+0000] {logging_mixin.py:188} INFO - [2026-04-09T06:53:32.573+0000] {dagbag.py:538} INFO - Filling up the DagBag from /opt/airflow/dags/daily_revenue_etl_dag.py
[2026-04-09T06:53:32.590+0000] {processor.py:840} INFO - DAG(s) 'daily_revenue_etl_dag' retrieved from /opt/airflow/dags/daily_revenue_etl_dag.py
[2026-04-09T06:53:32.611+0000] {logging_mixin.py:188} INFO - [2026-04-09T06:53:32.611+0000] {dag.py:3036} INFO - Sync 1 DAGs
[2026-04-09T06:53:32.627+0000] {logging_mixin.py:188} INFO - [2026-04-09T06:53:32.627+0000] {dag.py:3823} INFO - Setting next_dagrun for daily_revenue_etl_dag to 2026-04-09 00:00:00+00:00, run_after=2026-04-10 00:00:00+00:00
[2026-04-09T06:53:32.642+0000] {processor.py:183} INFO - Processing /opt/airflow/dags/daily_revenue_etl_dag.py took 0.074 seconds
[2026-04-09T07:17:48.597+0000] {processor.py:161} INFO - Started process (PID=408) to work on /opt/airflow/dags/daily_revenue_etl_dag.py
[2026-04-09T07:17:48.598+0000] {processor.py:830} INFO - Processing file /opt/airflow/dags/daily_revenue_etl_dag.py for tasks to queue
[2026-04-09T07:17:48.600+0000] {logging_mixin.py:188} INFO - [2026-04-09T07:17:48.599+0000] {dagbag.py:538} INFO - Filling up the DagBag from /opt/airflow/dags/daily_revenue_etl_dag.py
[2026-04-09T07:17:48.629+0000] {processor.py:840} INFO - DAG(s) 'daily_revenue_etl_dag' retrieved from /opt/airflow/dags/daily_revenue_etl_dag.py
[2026-04-09T07:17:48.665+0000] {logging_mixin.py:188} INFO - [2026-04-09T07:17:48.665+0000] {dag.py:3036} INFO - Sync 1 DAGs
[2026-04-09T06:53:57.904+0000] {logging_mixin.py:188} INFO - [2026-04-09T06:53:57.903+0000] {dag.py:3823} INFO - Setting next_dagrun for daily_revenue_etl_dag to 2026-04-09 00:00:00+00:00, run_after=2026-04-10 00:00:00+00:00
[2026-04-09T06:53:57.934+0000] {processor.py:183} INFO - Processing /opt/airflow/dags/daily_revenue_etl_dag.py took 0.141 seconds
[2026-04-09T07:18:02.864+0000] {processor.py:161} INFO - Started process (PID=413) to work on /opt/airflow/dags/daily_revenue_etl_dag.py
[2026-04-09T07:18:02.865+0000] {processor.py:830} INFO - Processing file /opt/airflow/dags/daily_revenue_etl_dag.py for tasks to queue
[2026-04-09T07:18:02.866+0000] {logging_mixin.py:188} INFO - [2026-04-09T07:18:02.866+0000] {dagbag.py:538} INFO - Filling up the DagBag from /opt/airflow/dags/daily_revenue_etl_dag.py
[2026-04-09T07:18:02.884+0000] {processor.py:840} INFO - DAG(s) 'daily_revenue_etl_dag' retrieved from /opt/airflow/dags/daily_revenue_etl_dag.py
[2026-04-09T07:18:02.912+0000] {logging_mixin.py:188} INFO - [2026-04-09T07:18:02.912+0000] {dag.py:3036} INFO - Sync 1 DAGs
[2026-04-09T07:18:02.939+0000] {logging_mixin.py:188} INFO - [2026-04-09T07:18:02.939+0000] {dag.py:3823} INFO - Setting next_dagrun for daily_revenue_etl_dag to 2026-04-09 00:00:00+00:00, run_after=2026-04-10 00:00:00+00:00
[2026-04-09T07:18:02.957+0000] {processor.py:183} INFO - Processing /opt/airflow/dags/daily_revenue_etl_dag.py took 0.097 seconds
[2026-04-09T07:18:33.067+0000] {processor.py:161} INFO - Started process (PID=418) to work on /opt/airflow/dags/daily_revenue_etl_dag.py
[2026-04-09T07:18:33.067+0000] {processor.py:830} INFO - Processing file /opt/airflow/dags/daily_revenue_etl_dag.py for tasks to queue
[2026-04-09T07:18:33.068+0000] {logging_mixin.py:188} INFO - [2026-04-09T07:18:33.068+0000] {dagbag.py:538} INFO - Filling up the DagBag from /opt/airflow/dags/daily_revenue_etl_dag.py
[2026-04-09T07:18:33.085+0000] {processor.py:840} INFO - DAG(s) 'daily_revenue_etl_dag' retrieved from /opt/airflow/dags/daily_revenue_etl_dag.py
[2026-04-09T06:54:42.292+0000] {logging_mixin.py:188} INFO - [2026-04-09T06:54:42.292+0000] {dag.py:3036} INFO - Sync 1 DAGs
[2026-04-09T06:54:42.310+0000] {logging_mixin.py:188} INFO - [2026-04-09T06:54:42.309+0000] {dag.py:3823} INFO - Setting next_dagrun for daily_revenue_etl_dag to 2026-04-09 00:00:00+00:00, run_after=2026-04-10 00:00:00+00:00
[2026-04-09T06:54:42.324+0000] {processor.py:183} INFO - Processing /opt/airflow/dags/daily_revenue_etl_dag.py took 0.077 seconds
[2026-04-09T06:55:12.474+0000] {processor.py:161} INFO - Started process (PID=423) to work on /opt/airflow/dags/daily_revenue_etl_dag.py
[2026-04-09T06:55:12.474+0000] {processor.py:830} INFO - Processing file /opt/airflow/dags/daily_revenue_etl_dag.py for tasks to queue
[2026-04-09T06:55:12.475+0000] {logging_mixin.py:188} INFO - [2026-04-09T06:55:12.475+0000] {dagbag.py:538} INFO - Filling up the DagBag from /opt/airflow/dags/daily_revenue_etl_dag.py
[2026-04-09T06:55:12.490+0000] {processor.py:840} INFO - DAG(s) 'daily_revenue_etl_dag' retrieved from /opt/airflow/dags/daily_revenue_etl_dag.py
[2026-04-09T06:55:12.510+0000] {logging_mixin.py:188} INFO - [2026-04-09T06:55:12.510+0000] {dag.py:3036} INFO - Sync 1 DAGs
[2026-04-09T06:55:12.529+0000] {logging_mixin.py:188} INFO - [2026-04-09T06:55:12.529+0000] {dag.py:3823} INFO - Setting next_dagrun for daily_revenue_etl_dag to 2026-04-09 00:00:00+00:00, run_after=2026-04-10 00:00:00+00:00
[2026-04-09T06:55:12.546+0000] {processor.py:183} INFO - Processing /opt/airflow/dags/daily_revenue_etl_dag.py took 0.074 seconds
[2026-04-09T07:19:18.412+0000] {processor.py:161} INFO - Started process (PID=428) to work on /opt/airflow/dags/daily_revenue_etl_dag.py
[2026-04-09T07:19:18.414+0000] {processor.py:830} INFO - Processing file /opt/airflow/dags/daily_revenue_etl_dag.py for tasks to queue
[2026-04-09T07:19:18.416+0000] {logging_mixin.py:188} INFO - [2026-04-09T07:19:18.415+0000] {dagbag.py:538} INFO - Filling up the DagBag from /opt/airflow/dags/daily_revenue_etl_dag.py
[2026-04-09T07:19:18.443+0000] {processor.py:840} INFO - DAG(s) 'daily_revenue_etl_dag' retrieved from /opt/airflow/dags/daily_revenue_etl_dag.py
[2026-04-09T06:55:27.519+0000] {logging_mixin.py:188} INFO - [2026-04-09T06:55:27.519+0000] {dag.py:3036} INFO - Sync 1 DAGs
[2026-04-09T07:19:18.516+0000] {logging_mixin.py:188} INFO - [2026-04-09T07:19:18.515+0000] {dag.py:3823} INFO - Setting next_dagrun for daily_revenue_etl_dag to 2026-04-09 00:00:00+00:00, run_after=2026-04-10 00:00:00+00:00
[2026-04-09T07:19:18.545+0000] {processor.py:183} INFO - Processing /opt/airflow/dags/daily_revenue_etl_dag.py took 0.140 seconds
[2026-04-09T07:19:48.650+0000] {processor.py:161} INFO - Started process (PID=434) to work on /opt/airflow/dags/daily_revenue_etl_dag.py
[2026-04-09T07:19:48.651+0000] {processor.py:830} INFO - Processing file /opt/airflow/dags/daily_revenue_etl_dag.py for tasks to queue
[2026-04-09T07:19:48.652+0000] {logging_mixin.py:188} INFO - [2026-04-09T07:19:48.652+0000] {dagbag.py:538} INFO - Filling up the DagBag from /opt/airflow/dags/daily_revenue_etl_dag.py
[2026-04-09T07:19:48.671+0000] {processor.py:840} INFO - DAG(s) 'daily_revenue_etl_dag' retrieved from /opt/airflow/dags/daily_revenue_etl_dag.py
[2026-04-09T07:19:48.697+0000] {logging_mixin.py:188} INFO - [2026-04-09T07:19:48.697+0000] {dag.py:3036} INFO - Sync 1 DAGs
[2026-04-09T07:19:48.720+0000] {logging_mixin.py:188} INFO - [2026-04-09T07:19:48.720+0000] {dag.py:3823} INFO - Setting next_dagrun for daily_revenue_etl_dag to 2026-04-09 00:00:00+00:00, run_after=2026-04-10 00:00:00+00:00
[2026-04-09T07:19:48.736+0000] {processor.py:183} INFO - Processing /opt/airflow/dags/daily_revenue_etl_dag.py took 0.090 seconds
[2026-04-09T07:21:13.189+0000] {processor.py:161} INFO - Started process (PID=440) to work on /opt/airflow/dags/daily_revenue_etl_dag.py
[2026-04-09T07:21:13.190+0000] {processor.py:830} INFO - Processing file /opt/airflow/dags/daily_revenue_etl_dag.py for tasks to queue
[2026-04-09T07:21:13.191+0000] {logging_mixin.py:188} INFO - [2026-04-09T07:21:13.191+0000] {dagbag.py:538} INFO - Filling up the DagBag from /opt/airflow/dags/daily_revenue_etl_dag.py
[2026-04-09T07:21:13.212+0000] {processor.py:840} INFO - DAG(s) 'daily_revenue_etl_dag' retrieved from /opt/airflow/dags/daily_revenue_etl_dag.py
[2026-04-09T07:21:13.237+0000] {logging_mixin.py:188} INFO - [2026-04-09T07:21:13.237+0000] {dag.py:3036} INFO - Sync 1 DAGs
[2026-04-09T07:21:13.256+0000] {logging_mixin.py:188} INFO - [2026-04-09T07:21:13.256+0000] {dag.py:3823} INFO - Setting next_dagrun for daily_revenue_etl_dag to 2026-04-09 00:00:00+00:00, run_after=2026-04-10 00:00:00+00:00
[2026-04-09T07:21:13.273+0000] {processor.py:183} INFO - Processing /opt/airflow/dags/daily_revenue_etl_dag.py took 0.087 seconds
[2026-04-09T07:21:43.371+0000] {processor.py:161} INFO - Started process (PID=445) to work on /opt/airflow/dags/daily_revenue_etl_dag.py
[2026-04-09T07:21:43.372+0000] {processor.py:830} INFO - Processing file /opt/airflow/dags/daily_revenue_etl_dag.py for tasks to queue
[2026-04-09T07:21:43.373+0000] {logging_mixin.py:188} INFO - [2026-04-09T07:21:43.373+0000] {dagbag.py:538} INFO - Filling up the DagBag from /opt/airflow/dags/daily_revenue_etl_dag.py
[2026-04-09T07:21:43.390+0000] {processor.py:840} INFO - DAG(s) 'daily_revenue_etl_dag' retrieved from /opt/airflow/dags/daily_revenue_etl_dag.py
[2026-04-09T07:21:43.416+0000] {logging_mixin.py:188} INFO - [2026-04-09T07:21:43.416+0000] {dag.py:3036} INFO - Sync 1 DAGs
[2026-04-09T07:21:43.435+0000] {logging_mixin.py:188} INFO - [2026-04-09T07:21:43.434+0000] {dag.py:3823} INFO - Setting next_dagrun for daily_revenue_etl_dag to 2026-04-09 00:00:00+00:00, run_after=2026-04-10 00:00:00+00:00
[2026-04-09T07:21:43.450+0000] {processor.py:183} INFO - Processing /opt/airflow/dags/daily_revenue_etl_dag.py took 0.082 seconds
[2026-04-09T07:22:18.650+0000] {processor.py:161} INFO - Started process (PID=450) to work on /opt/airflow/dags/daily_revenue_etl_dag.py
[2026-04-09T07:22:18.652+0000] {processor.py:830} INFO - Processing file /opt/airflow/dags/daily_revenue_etl_dag.py for tasks to queue
[2026-04-09T07:22:18.653+0000] {logging_mixin.py:188} INFO - [2026-04-09T07:22:18.653+0000] {dagbag.py:538} INFO - Filling up the DagBag from /opt/airflow/dags/daily_revenue_etl_dag.py
[2026-04-09T07:22:18.677+0000] {processor.py:840} INFO - DAG(s) 'daily_revenue_etl_dag' retrieved from /opt/airflow/dags/daily_revenue_etl_dag.py
[2026-04-09T07:22:18.712+0000] {logging_mixin.py:188} INFO - [2026-04-09T07:22:18.712+0000] {dag.py:3036} INFO - Sync 1 DAGs
[2026-04-09T07:22:18.741+0000] {logging_mixin.py:188} INFO - [2026-04-09T07:22:18.740+0000] {dag.py:3823} INFO - Setting next_dagrun for daily_revenue_etl_dag to 2026-04-09 00:00:00+00:00, run_after=2026-04-10 00:00:00+00:00
[2026-04-09T06:58:27.959+0000] {processor.py:183} INFO - Processing /opt/airflow/dags/daily_revenue_etl_dag.py took 0.119 seconds
[2026-04-09T06:58:57.993+0000] {processor.py:161} INFO - Started process (PID=455) to work on /opt/airflow/dags/daily_revenue_etl_dag.py
[2026-04-09T06:58:57.994+0000] {processor.py:830} INFO - Processing file /opt/airflow/dags/daily_revenue_etl_dag.py for tasks to queue
[2026-04-09T06:58:57.995+0000] {logging_mixin.py:188} INFO - [2026-04-09T06:58:57.995+0000] {dagbag.py:538} INFO - Filling up the DagBag from /opt/airflow/dags/daily_revenue_etl_dag.py
[2026-04-09T06:58:58.013+0000] {processor.py:840} INFO - DAG(s) 'daily_revenue_etl_dag' retrieved from /opt/airflow/dags/daily_revenue_etl_dag.py
[2026-04-09T06:58:58.034+0000] {logging_mixin.py:188} INFO - [2026-04-09T06:58:58.034+0000] {dag.py:3036} INFO - Sync 1 DAGs
[2026-04-09T06:58:58.052+0000] {logging_mixin.py:188} INFO - [2026-04-09T06:58:58.052+0000] {dag.py:3823} INFO - Setting next_dagrun for daily_revenue_etl_dag to 2026-04-09 00:00:00+00:00, run_after=2026-04-10 00:00:00+00:00
[2026-04-09T06:58:58.067+0000] {processor.py:183} INFO - Processing /opt/airflow/dags/daily_revenue_etl_dag.py took 0.076 seconds
[2026-04-09T06:59:28.180+0000] {processor.py:161} INFO - Started process (PID=461) to work on /opt/airflow/dags/daily_revenue_etl_dag.py
[2026-04-09T06:59:28.181+0000] {processor.py:830} INFO - Processing file /opt/airflow/dags/daily_revenue_etl_dag.py for tasks to queue
[2026-04-09T06:59:28.182+0000] {logging_mixin.py:188} INFO - [2026-04-09T06:59:28.182+0000] {dagbag.py:538} INFO - Filling up the DagBag from /opt/airflow/dags/daily_revenue_etl_dag.py
[2026-04-09T06:59:28.199+0000] {processor.py:840} INFO - DAG(s) 'daily_revenue_etl_dag' retrieved from /opt/airflow/dags/daily_revenue_etl_dag.py
[2026-04-09T06:59:28.221+0000] {logging_mixin.py:188} INFO - [2026-04-09T06:59:28.220+0000] {dag.py:3036} INFO - Sync 1 DAGs
[2026-04-09T06:59:28.239+0000] {logging_mixin.py:188} INFO - [2026-04-09T06:59:28.239+0000] {dag.py:3823} INFO - Setting next_dagrun for daily_revenue_etl_dag to 2026-04-09 00:00:00+00:00, run_after=2026-04-10 00:00:00+00:00
[2026-04-09T06:59:28.255+0000] {processor.py:183} INFO - Processing /opt/airflow/dags/daily_revenue_etl_dag.py took 0.078 seconds
[2026-04-09T06:59:58.393+0000] {processor.py:161} INFO - Started process (PID=468) to work on /opt/airflow/dags/daily_revenue_etl_dag.py
[2026-04-09T06:59:58.394+0000] {processor.py:830} INFO - Processing file /opt/airflow/dags/daily_revenue_etl_dag.py for tasks to queue
[2026-04-09T06:59:58.395+0000] {logging_mixin.py:188} INFO - [2026-04-09T06:59:58.395+0000] {dagbag.py:538} INFO - Filling up the DagBag from /opt/airflow/dags/daily_revenue_etl_dag.py
[2026-04-09T06:59:58.413+0000] {processor.py:840} INFO - DAG(s) 'daily_revenue_etl_dag' retrieved from /opt/airflow/dags/daily_revenue_etl_dag.py
[2026-04-09T06:59:58.434+0000] {logging_mixin.py:188} INFO - [2026-04-09T06:59:58.434+0000] {dag.py:3036} INFO - Sync 1 DAGs
[2026-04-09T06:59:58.452+0000] {logging_mixin.py:188} INFO - [2026-04-09T06:59:58.452+0000] {dag.py:3823} INFO - Setting next_dagrun for daily_revenue_etl_dag to 2026-04-09 00:00:00+00:00, run_after=2026-04-10 00:00:00+00:00
[2026-04-09T06:59:58.468+0000] {processor.py:183} INFO - Processing /opt/airflow/dags/daily_revenue_etl_dag.py took 0.077 seconds
[2026-04-09T07:00:28.583+0000] {processor.py:161} INFO - Started process (PID=473) to work on /opt/airflow/dags/daily_revenue_etl_dag.py
[2026-04-09T07:00:28.584+0000] {processor.py:830} INFO - Processing file /opt/airflow/dags/daily_revenue_etl_dag.py for tasks to queue
[2026-04-09T07:00:28.585+0000] {logging_mixin.py:188} INFO - [2026-04-09T07:00:28.585+0000] {dagbag.py:538} INFO - Filling up the DagBag from /opt/airflow/dags/daily_revenue_etl_dag.py
[2026-04-09T07:00:28.606+0000] {processor.py:840} INFO - DAG(s) 'daily_revenue_etl_dag' retrieved from /opt/airflow/dags/daily_revenue_etl_dag.py
[2026-04-09T07:00:28.631+0000] {logging_mixin.py:188} INFO - [2026-04-09T07:00:28.631+0000] {dag.py:3036} INFO - Sync 1 DAGs
[2026-04-09T07:00:28.651+0000] {logging_mixin.py:188} INFO - [2026-04-09T07:00:28.651+0000] {dag.py:3823} INFO - Setting next_dagrun for daily_revenue_etl_dag to 2026-04-09 00:00:00+00:00, run_after=2026-04-10 00:00:00+00:00
[2026-04-09T07:00:28.668+0000] {processor.py:183} INFO - Processing /opt/airflow/dags/daily_revenue_etl_dag.py took 0.089 seconds
[2026-04-09T07:24:23.541+0000] {processor.py:161} INFO - Started process (PID=478) to work on /opt/airflow/dags/daily_revenue_etl_dag.py
[2026-04-09T07:24:23.542+0000] {processor.py:830} INFO - Processing file /opt/airflow/dags/daily_revenue_etl_dag.py for tasks to queue
[2026-04-09T07:24:23.543+0000] {logging_mixin.py:188} INFO - [2026-04-09T07:24:23.543+0000] {dagbag.py:538} INFO - Filling up the DagBag from /opt/airflow/dags/daily_revenue_etl_dag.py
[2026-04-09T07:24:23.558+0000] {processor.py:840} INFO - DAG(s) 'daily_revenue_etl_dag' retrieved from /opt/airflow/dags/daily_revenue_etl_dag.py
[2026-04-09T07:24:23.580+0000] {logging_mixin.py:188} INFO - [2026-04-09T07:24:23.580+0000] {dag.py:3036} INFO - Sync 1 DAGs
[2026-04-09T07:24:23.600+0000] {logging_mixin.py:188} INFO - [2026-04-09T07:24:23.599+0000] {dag.py:3823} INFO - Setting next_dagrun for daily_revenue_etl_dag to 2026-04-09 00:00:00+00:00, run_after=2026-04-10 00:00:00+00:00
[2026-04-09T07:24:23.617+0000] {processor.py:183} INFO - Processing /opt/airflow/dags/daily_revenue_etl_dag.py took 0.080 seconds
[2026-04-09T07:24:53.721+0000] {processor.py:161} INFO - Started process (PID=483) to work on /opt/airflow/dags/daily_revenue_etl_dag.py
[2026-04-09T07:24:53.722+0000] {processor.py:830} INFO - Processing file /opt/airflow/dags/daily_revenue_etl_dag.py for tasks to queue
[2026-04-09T07:24:53.723+0000] {logging_mixin.py:188} INFO - [2026-04-09T07:24:53.723+0000] {dagbag.py:538} INFO - Filling up the DagBag from /opt/airflow/dags/daily_revenue_etl_dag.py
[2026-04-09T07:01:02.954+0000] {processor.py:840} INFO - DAG(s) 'daily_revenue_etl_dag' retrieved from /opt/airflow/dags/daily_revenue_etl_dag.py
[2026-04-09T07:01:02.991+0000] {logging_mixin.py:188} INFO - [2026-04-09T07:01:02.990+0000] {dag.py:3036} INFO - Sync 1 DAGs
[2026-04-09T07:01:03.020+0000] {logging_mixin.py:188} INFO - [2026-04-09T07:01:03.020+0000] {dag.py:3823} INFO - Setting next_dagrun for daily_revenue_etl_dag to 2026-04-09 00:00:00+00:00, run_after=2026-04-10 00:00:00+00:00
[2026-04-09T07:01:03.045+0000] {processor.py:183} INFO - Processing /opt/airflow/dags/daily_revenue_etl_dag.py took 0.120 seconds
[2026-04-09T07:01:33.162+0000] {processor.py:161} INFO - Started process (PID=488) to work on /opt/airflow/dags/daily_revenue_etl_dag.py
[2026-04-09T07:01:33.163+0000] {processor.py:830} INFO - Processing file /opt/airflow/dags/daily_revenue_etl_dag.py for tasks to queue
[2026-04-09T07:01:33.164+0000] {logging_mixin.py:188} INFO - [2026-04-09T07:01:33.164+0000] {dagbag.py:538} INFO - Filling up the DagBag from /opt/airflow/dags/daily_revenue_etl_dag.py
[2026-04-09T07:01:33.188+0000] {processor.py:840} INFO - DAG(s) 'daily_revenue_etl_dag' retrieved from /opt/airflow/dags/daily_revenue_etl_dag.py
[2026-04-09T07:01:33.216+0000] {logging_mixin.py:188} INFO - [2026-04-09T07:01:33.216+0000] {dag.py:3036} INFO - Sync 1 DAGs
[2026-04-09T07:01:33.239+0000] {logging_mixin.py:188} INFO - [2026-04-09T07:01:33.239+0000] {dag.py:3823} INFO - Setting next_dagrun for daily_revenue_etl_dag to 2026-04-09 00:00:00+00:00, run_after=2026-04-10 00:00:00+00:00
[2026-04-09T07:01:33.255+0000] {processor.py:183} INFO - Processing /opt/airflow/dags/daily_revenue_etl_dag.py took 0.098 seconds
[2026-04-09T07:02:03.372+0000] {processor.py:161} INFO - Started process (PID=493) to work on /opt/airflow/dags/daily_revenue_etl_dag.py
[2026-04-09T07:02:03.373+0000] {processor.py:830} INFO - Processing file /opt/airflow/dags/daily_revenue_etl_dag.py for tasks to queue
[2026-04-09T07:02:03.375+0000] {logging_mixin.py:188} INFO - [2026-04-09T07:02:03.374+0000] {dagbag.py:538} INFO - Filling up the DagBag from /opt/airflow/dags/daily_revenue_etl_dag.py
[2026-04-09T07:02:03.399+0000] {processor.py:840} INFO - DAG(s) 'daily_revenue_etl_dag' retrieved from /opt/airflow/dags/daily_revenue_etl_dag.py
[2026-04-09T07:02:03.432+0000] {logging_mixin.py:188} INFO - [2026-04-09T07:02:03.432+0000] {dag.py:3036} INFO - Sync 1 DAGs
[2026-04-09T07:02:03.457+0000] {logging_mixin.py:188} INFO - [2026-04-09T07:02:03.457+0000] {dag.py:3823} INFO - Setting next_dagrun for daily_revenue_etl_dag to 2026-04-09 00:00:00+00:00, run_after=2026-04-10 00:00:00+00:00
[2026-04-09T07:02:03.474+0000] {processor.py:183} INFO - Processing /opt/airflow/dags/daily_revenue_etl_dag.py took 0.106 seconds
[2026-04-09T07:02:33.546+0000] {processor.py:161} INFO - Started process (PID=498) to work on /opt/airflow/dags/daily_revenue_etl_dag.py
[2026-04-09T07:02:33.548+0000] {processor.py:830} INFO - Processing file /opt/airflow/dags/daily_revenue_etl_dag.py for tasks to queue
[2026-04-09T07:02:33.549+0000] {logging_mixin.py:188} INFO - [2026-04-09T07:02:33.549+0000] {dagbag.py:538} INFO - Filling up the DagBag from /opt/airflow/dags/daily_revenue_etl_dag.py
[2026-04-09T07:02:33.571+0000] {processor.py:840} INFO - DAG(s) 'daily_revenue_etl_dag' retrieved from /opt/airflow/dags/daily_revenue_etl_dag.py
[2026-04-09T07:02:33.597+0000] {logging_mixin.py:188} INFO - [2026-04-09T07:02:33.597+0000] {dag.py:3036} INFO - Sync 1 DAGs
[2026-04-09T07:02:33.617+0000] {logging_mixin.py:188} INFO - [2026-04-09T07:02:33.617+0000] {dag.py:3823} INFO - Setting next_dagrun for daily_revenue_etl_dag to 2026-04-09 00:00:00+00:00, run_after=2026-04-10 00:00:00+00:00
[2026-04-09T07:02:33.633+0000] {processor.py:183} INFO - Processing /opt/airflow/dags/daily_revenue_etl_dag.py took 0.091 seconds
[2026-04-09T07:03:03.786+0000] {processor.py:161} INFO - Started process (PID=503) to work on /opt/airflow/dags/daily_revenue_etl_dag.py
[2026-04-09T07:03:03.787+0000] {processor.py:830} INFO - Processing file /opt/airflow/dags/daily_revenue_etl_dag.py for tasks to queue
[2026-04-09T07:03:03.788+0000] {logging_mixin.py:188} INFO - [2026-04-09T07:03:03.788+0000] {dagbag.py:538} INFO - Filling up the DagBag from /opt/airflow/dags/daily_revenue_etl_dag.py
[2026-04-09T07:03:03.814+0000] {processor.py:840} INFO - DAG(s) 'daily_revenue_etl_dag' retrieved from /opt/airflow/dags/daily_revenue_etl_dag.py
[2026-04-09T07:03:03.847+0000] {logging_mixin.py:188} INFO - [2026-04-09T07:03:03.847+0000] {dag.py:3036} INFO - Sync 1 DAGs
[2026-04-09T07:03:03.874+0000] {logging_mixin.py:188} INFO - [2026-04-09T07:03:03.874+0000] {dag.py:3823} INFO - Setting next_dagrun for daily_revenue_etl_dag to 2026-04-09 00:00:00+00:00, run_after=2026-04-10 00:00:00+00:00
[2026-04-09T07:03:03.898+0000] {processor.py:183} INFO - Processing /opt/airflow/dags/daily_revenue_etl_dag.py took 0.115 seconds
[2026-04-09T07:26:58.750+0000] {processor.py:161} INFO - Started process (PID=508) to work on /opt/airflow/dags/daily_revenue_etl_dag.py
[2026-04-09T07:26:58.751+0000] {processor.py:830} INFO - Processing file /opt/airflow/dags/daily_revenue_etl_dag.py for tasks to queue
[2026-04-09T07:26:58.752+0000] {logging_mixin.py:188} INFO - [2026-04-09T07:26:58.752+0000] {dagbag.py:538} INFO - Filling up the DagBag from /opt/airflow/dags/daily_revenue_etl_dag.py
[2026-04-09T07:26:58.770+0000] {processor.py:840} INFO - DAG(s) 'daily_revenue_etl_dag' retrieved from /opt/airflow/dags/daily_revenue_etl_dag.py
[2026-04-09T07:26:58.792+0000] {logging_mixin.py:188} INFO - [2026-04-09T07:26:58.792+0000] {dag.py:3036} INFO - Sync 1 DAGs
[2026-04-09T07:26:58.810+0000] {logging_mixin.py:188} INFO - [2026-04-09T07:26:58.810+0000] {dag.py:3823} INFO - Setting next_dagrun for daily_revenue_etl_dag to 2026-04-09 00:00:00+00:00, run_after=2026-04-10 00:00:00+00:00
[2026-04-09T07:26:58.828+0000] {processor.py:183} INFO - Processing /opt/airflow/dags/daily_revenue_etl_dag.py took 0.081 seconds
[2026-04-09T07:27:28.916+0000] {processor.py:161} INFO - Started process (PID=513) to work on /opt/airflow/dags/daily_revenue_etl_dag.py
[2026-04-09T07:27:28.917+0000] {processor.py:830} INFO - Processing file /opt/airflow/dags/daily_revenue_etl_dag.py for tasks to queue
[2026-04-09T07:27:28.918+0000] {logging_mixin.py:188} INFO - [2026-04-09T07:27:28.918+0000] {dagbag.py:538} INFO - Filling up the DagBag from /opt/airflow/dags/daily_revenue_etl_dag.py
[2026-04-09T07:27:28.935+0000] {processor.py:840} INFO - DAG(s) 'daily_revenue_etl_dag' retrieved from /opt/airflow/dags/daily_revenue_etl_dag.py
[2026-04-09T07:27:28.959+0000] {logging_mixin.py:188} INFO - [2026-04-09T07:27:28.959+0000] {dag.py:3036} INFO - Sync 1 DAGs
[2026-04-09T07:27:28.979+0000] {logging_mixin.py:188} INFO - [2026-04-09T07:27:28.979+0000] {dag.py:3823} INFO - Setting next_dagrun for daily_revenue_etl_dag to 2026-04-09 00:00:00+00:00, run_after=2026-04-10 00:00:00+00:00
[2026-04-09T07:03:38.194+0000] {processor.py:183} INFO - Processing /opt/airflow/dags/daily_revenue_etl_dag.py took 0.081 seconds
[2026-04-09T07:27:34.016+0000] {processor.py:161} INFO - Started process (PID=518) to work on /opt/airflow/dags/daily_revenue_etl_dag.py
[2026-04-09T07:27:34.017+0000] {processor.py:830} INFO - Processing file /opt/airflow/dags/daily_revenue_etl_dag.py for tasks to queue
[2026-04-09T07:27:34.018+0000] {logging_mixin.py:188} INFO - [2026-04-09T07:27:34.018+0000] {dagbag.py:538} INFO - Filling up the DagBag from /opt/airflow/dags/daily_revenue_etl_dag.py
[2026-04-09T07:27:34.042+0000] {processor.py:840} INFO - DAG(s) 'daily_revenue_etl_dag' retrieved from /opt/airflow/dags/daily_revenue_etl_dag.py
[2026-04-09T07:27:34.067+0000] {logging_mixin.py:188} INFO - [2026-04-09T07:27:34.067+0000] {dag.py:3036} INFO - Sync 1 DAGs
[2026-04-09T07:03:43.256+0000] {logging_mixin.py:188} INFO - [2026-04-09T07:03:43.255+0000] {dag.py:3823} INFO - Setting next_dagrun for daily_revenue_etl_dag to 2026-04-09 00:00:00+00:00, run_after=2026-04-10 00:00:00+00:00
[2026-04-09T07:03:43.272+0000] {processor.py:183} INFO - Processing /opt/airflow/dags/daily_revenue_etl_dag.py took 0.093 seconds
[2026-04-09T07:04:13.416+0000] {processor.py:161} INFO - Started process (PID=523) to work on /opt/airflow/dags/daily_revenue_etl_dag.py
[2026-04-09T07:04:13.418+0000] {processor.py:830} INFO - Processing file /opt/airflow/dags/daily_revenue_etl_dag.py for tasks to queue
[2026-04-09T07:04:13.419+0000] {logging_mixin.py:188} INFO - [2026-04-09T07:04:13.419+0000] {dagbag.py:538} INFO - Filling up the DagBag from /opt/airflow/dags/daily_revenue_etl_dag.py
[2026-04-09T07:04:13.445+0000] {processor.py:840} INFO - DAG(s) 'daily_revenue_etl_dag' retrieved from /opt/airflow/dags/daily_revenue_etl_dag.py
[2026-04-09T07:04:13.483+0000] {logging_mixin.py:188} INFO - [2026-04-09T07:04:13.483+0000] {dag.py:3036} INFO - Sync 1 DAGs
[2026-04-09T07:04:13.510+0000] {logging_mixin.py:188} INFO - [2026-04-09T07:04:13.510+0000] {dag.py:3823} INFO - Setting next_dagrun for daily_revenue_etl_dag to 2026-04-09 00:00:00+00:00, run_after=2026-04-10 00:00:00+00:00
[2026-04-09T07:04:13.530+0000] {processor.py:183} INFO - Processing /opt/airflow/dags/daily_revenue_etl_dag.py took 0.117 seconds
[2026-04-09T07:04:43.684+0000] {processor.py:161} INFO - Started process (PID=528) to work on /opt/airflow/dags/daily_revenue_etl_dag.py
[2026-04-09T07:04:43.685+0000] {processor.py:830} INFO - Processing file /opt/airflow/dags/daily_revenue_etl_dag.py for tasks to queue
[2026-04-09T07:04:43.686+0000] {logging_mixin.py:188} INFO - [2026-04-09T07:04:43.686+0000] {dagbag.py:538} INFO - Filling up the DagBag from /opt/airflow/dags/daily_revenue_etl_dag.py
[2026-04-09T07:04:43.717+0000] {processor.py:840} INFO - DAG(s) 'daily_revenue_etl_dag' retrieved from /opt/airflow/dags/daily_revenue_etl_dag.py
[2026-04-09T07:04:43.750+0000] {logging_mixin.py:188} INFO - [2026-04-09T07:04:43.749+0000] {dag.py:3036} INFO - Sync 1 DAGs
[2026-04-09T07:04:43.776+0000] {logging_mixin.py:188} INFO - [2026-04-09T07:04:43.776+0000] {dag.py:3823} INFO - Setting next_dagrun for daily_revenue_etl_dag to 2026-04-09 00:00:00+00:00, run_after=2026-04-10 00:00:00+00:00
[2026-04-09T07:04:43.799+0000] {processor.py:183} INFO - Processing /opt/airflow/dags/daily_revenue_etl_dag.py took 0.119 seconds
[2026-04-09T07:28:48.614+0000] {processor.py:161} INFO - Started process (PID=534) to work on /opt/airflow/dags/daily_revenue_etl_dag.py
[2026-04-09T07:28:48.616+0000] {processor.py:830} INFO - Processing file /opt/airflow/dags/daily_revenue_etl_dag.py for tasks to queue
[2026-04-09T07:28:48.617+0000] {logging_mixin.py:188} INFO - [2026-04-09T07:28:48.617+0000] {dagbag.py:538} INFO - Filling up the DagBag from /opt/airflow/dags/daily_revenue_etl_dag.py
[2026-04-09T07:28:48.640+0000] {processor.py:840} INFO - DAG(s) 'daily_revenue_etl_dag' retrieved from /opt/airflow/dags/daily_revenue_etl_dag.py
[2026-04-09T07:28:48.670+0000] {logging_mixin.py:188} INFO - [2026-04-09T07:28:48.670+0000] {dag.py:3036} INFO - Sync 1 DAGs
[2026-04-09T07:28:48.696+0000] {logging_mixin.py:188} INFO - [2026-04-09T07:28:48.696+0000] {dag.py:3823} INFO - Setting next_dagrun for daily_revenue_etl_dag to 2026-04-09 00:00:00+00:00, run_after=2026-04-10 00:00:00+00:00
[2026-04-09T07:28:48.717+0000] {processor.py:183} INFO - Processing /opt/airflow/dags/daily_revenue_etl_dag.py took 0.108 seconds
[2026-04-09T07:29:44.095+0000] {processor.py:161} INFO - Started process (PID=540) to work on /opt/airflow/dags/daily_revenue_etl_dag.py
[2026-04-09T07:29:44.097+0000] {processor.py:830} INFO - Processing file /opt/airflow/dags/daily_revenue_etl_dag.py for tasks to queue
[2026-04-09T07:29:44.098+0000] {logging_mixin.py:188} INFO - [2026-04-09T07:29:44.098+0000] {dagbag.py:538} INFO - Filling up the DagBag from /opt/airflow/dags/daily_revenue_etl_dag.py
[2026-04-09T07:29:44.125+0000] {processor.py:840} INFO - DAG(s) 'daily_revenue_etl_dag' retrieved from /opt/airflow/dags/daily_revenue_etl_dag.py
[2026-04-09T07:29:44.166+0000] {logging_mixin.py:188} INFO - [2026-04-09T07:29:44.165+0000] {dag.py:3036} INFO - Sync 1 DAGs
[2026-04-09T07:29:44.194+0000] {logging_mixin.py:188} INFO - [2026-04-09T07:29:44.194+0000] {dag.py:3823} INFO - Setting next_dagrun for daily_revenue_etl_dag to 2026-04-09 00:00:00+00:00, run_after=2026-04-10 00:00:00+00:00
[2026-04-09T07:29:44.218+0000] {processor.py:183} INFO - Processing /opt/airflow/dags/daily_revenue_etl_dag.py took 0.129 seconds
[2026-04-09T07:06:23.498+0000] {processor.py:161} INFO - Started process (PID=545) to work on /opt/airflow/dags/daily_revenue_etl_dag.py
[2026-04-09T07:06:23.500+0000] {processor.py:830} INFO - Processing file /opt/airflow/dags/daily_revenue_etl_dag.py for tasks to queue
[2026-04-09T07:06:23.501+0000] {logging_mixin.py:188} INFO - [2026-04-09T07:06:23.501+0000] {dagbag.py:538} INFO - Filling up the DagBag from /opt/airflow/dags/daily_revenue_etl_dag.py
[2026-04-09T07:06:23.529+0000] {processor.py:840} INFO - DAG(s) 'daily_revenue_etl_dag' retrieved from /opt/airflow/dags/daily_revenue_etl_dag.py
[2026-04-09T07:06:23.564+0000] {logging_mixin.py:188} INFO - [2026-04-09T07:06:23.563+0000] {dag.py:3036} INFO - Sync 1 DAGs
[2026-04-09T07:06:23.584+0000] {logging_mixin.py:188} INFO - [2026-04-09T07:06:23.584+0000] {dag.py:3823} INFO - Setting next_dagrun for daily_revenue_etl_dag to 2026-04-09 00:00:00+00:00, run_after=2026-04-10 00:00:00+00:00
[2026-04-09T07:06:23.602+0000] {processor.py:183} INFO - Processing /opt/airflow/dags/daily_revenue_etl_dag.py took 0.108 seconds
[2026-04-09T07:06:53.748+0000] {processor.py:161} INFO - Started process (PID=551) to work on /opt/airflow/dags/daily_revenue_etl_dag.py
[2026-04-09T07:06:53.749+0000] {processor.py:830} INFO - Processing file /opt/airflow/dags/daily_revenue_etl_dag.py for tasks to queue
[2026-04-09T07:06:53.751+0000] {logging_mixin.py:188} INFO - [2026-04-09T07:06:53.750+0000] {dagbag.py:538} INFO - Filling up the DagBag from /opt/airflow/dags/daily_revenue_etl_dag.py
[2026-04-09T07:06:53.778+0000] {processor.py:840} INFO - DAG(s) 'daily_revenue_etl_dag' retrieved from /opt/airflow/dags/daily_revenue_etl_dag.py
[2026-04-09T07:06:53.812+0000] {logging_mixin.py:188} INFO - [2026-04-09T07:06:53.812+0000] {dag.py:3036} INFO - Sync 1 DAGs
[2026-04-09T07:06:53.835+0000] {logging_mixin.py:188} INFO - [2026-04-09T07:06:53.835+0000] {dag.py:3823} INFO - Setting next_dagrun for daily_revenue_etl_dag to 2026-04-09 00:00:00+00:00, run_after=2026-04-10 00:00:00+00:00
[2026-04-09T07:06:53.855+0000] {processor.py:183} INFO - Processing /opt/airflow/dags/daily_revenue_etl_dag.py took 0.111 seconds
[2026-04-09T07:30:48.671+0000] {processor.py:161} INFO - Started process (PID=556) to work on /opt/airflow/dags/daily_revenue_etl_dag.py
[2026-04-09T07:30:48.673+0000] {processor.py:830} INFO - Processing file /opt/airflow/dags/daily_revenue_etl_dag.py for tasks to queue
[2026-04-09T07:30:48.676+0000] {logging_mixin.py:188} INFO - [2026-04-09T07:30:48.675+0000] {dagbag.py:538} INFO - Filling up the DagBag from /opt/airflow/dags/daily_revenue_etl_dag.py
[2026-04-09T07:30:48.700+0000] {processor.py:840} INFO - DAG(s) 'daily_revenue_etl_dag' retrieved from /opt/airflow/dags/daily_revenue_etl_dag.py
[2026-04-09T07:30:48.733+0000] {logging_mixin.py:188} INFO - [2026-04-09T07:30:48.733+0000] {dag.py:3036} INFO - Sync 1 DAGs
[2026-04-09T07:30:48.756+0000] {logging_mixin.py:188} INFO - [2026-04-09T07:30:48.756+0000] {dag.py:3823} INFO - Setting next_dagrun for daily_revenue_etl_dag to 2026-04-09 00:00:00+00:00, run_after=2026-04-10 00:00:00+00:00
[2026-04-09T07:30:48.774+0000] {processor.py:183} INFO - Processing /opt/airflow/dags/daily_revenue_etl_dag.py took 0.109 seconds
[2026-04-09T07:32:04.263+0000] {processor.py:161} INFO - Started process (PID=561) to work on /opt/airflow/dags/daily_revenue_etl_dag.py
[2026-04-09T07:32:04.264+0000] {processor.py:830} INFO - Processing file /opt/airflow/dags/daily_revenue_etl_dag.py for tasks to queue
[2026-04-09T07:32:04.265+0000] {logging_mixin.py:188} INFO - [2026-04-09T07:32:04.265+0000] {dagbag.py:538} INFO - Filling up the DagBag from /opt/airflow/dags/daily_revenue_etl_dag.py
[2026-04-09T07:32:04.290+0000] {processor.py:840} INFO - DAG(s) 'daily_revenue_etl_dag' retrieved from /opt/airflow/dags/daily_revenue_etl_dag.py
[2026-04-09T07:32:04.316+0000] {logging_mixin.py:188} INFO - [2026-04-09T07:32:04.316+0000] {dag.py:3036} INFO - Sync 1 DAGs
[2026-04-09T07:32:04.336+0000] {logging_mixin.py:188} INFO - [2026-04-09T07:32:04.335+0000] {dag.py:3823} INFO - Setting next_dagrun for daily_revenue_etl_dag to 2026-04-09 00:00:00+00:00, run_after=2026-04-10 00:00:00+00:00
[2026-04-09T07:32:04.359+0000] {processor.py:183} INFO - Processing /opt/airflow/dags/daily_revenue_etl_dag.py took 0.100 seconds
[2026-04-09T07:32:34.440+0000] {processor.py:161} INFO - Started process (PID=568) to work on /opt/airflow/dags/daily_revenue_etl_dag.py
[2026-04-09T07:32:34.441+0000] {processor.py:830} INFO - Processing file /opt/airflow/dags/daily_revenue_etl_dag.py for tasks to queue
[2026-04-09T07:32:34.442+0000] {logging_mixin.py:188} INFO - [2026-04-09T07:32:34.442+0000] {dagbag.py:538} INFO - Filling up the DagBag from /opt/airflow/dags/daily_revenue_etl_dag.py
[2026-04-09T07:32:34.459+0000] {processor.py:840} INFO - DAG(s) 'daily_revenue_etl_dag' retrieved from /opt/airflow/dags/daily_revenue_etl_dag.py
[2026-04-09T07:08:43.701+0000] {logging_mixin.py:188} INFO - [2026-04-09T07:08:43.701+0000] {dag.py:3036} INFO - Sync 1 DAGs
[2026-04-09T07:08:43.724+0000] {logging_mixin.py:188} INFO - [2026-04-09T07:08:43.723+0000] {dag.py:3823} INFO - Setting next_dagrun for daily_revenue_etl_dag to 2026-04-09 00:00:00+00:00, run_after=2026-04-10 00:00:00+00:00
[2026-04-09T07:08:43.748+0000] {processor.py:183} INFO - Processing /opt/airflow/dags/daily_revenue_etl_dag.py took 0.094 seconds
[2026-04-09T07:32:48.630+0000] {processor.py:161} INFO - Started process (PID=573) to work on /opt/airflow/dags/daily_revenue_etl_dag.py
[2026-04-09T07:32:48.631+0000] {processor.py:830} INFO - Processing file /opt/airflow/dags/daily_revenue_etl_dag.py for tasks to queue
[2026-04-09T07:32:48.633+0000] {logging_mixin.py:188} INFO - [2026-04-09T07:32:48.632+0000] {dagbag.py:538} INFO - Filling up the DagBag from /opt/airflow/dags/daily_revenue_etl_dag.py
[2026-04-09T07:32:48.656+0000] {processor.py:840} INFO - DAG(s) 'daily_revenue_etl_dag' retrieved from /opt/airflow/dags/daily_revenue_etl_dag.py
[2026-04-09T07:32:48.691+0000] {logging_mixin.py:188} INFO - [2026-04-09T07:32:48.691+0000] {dag.py:3036} INFO - Sync 1 DAGs
[2026-04-09T07:32:48.715+0000] {logging_mixin.py:188} INFO - [2026-04-09T07:32:48.715+0000] {dag.py:3823} INFO - Setting next_dagrun for daily_revenue_etl_dag to 2026-04-09 00:00:00+00:00, run_after=2026-04-10 00:00:00+00:00
[2026-04-09T07:32:48.736+0000] {processor.py:183} INFO - Processing /opt/airflow/dags/daily_revenue_etl_dag.py took 0.108 seconds
[2026-04-09T07:33:18.851+0000] {processor.py:161} INFO - Started process (PID=580) to work on /opt/airflow/dags/daily_revenue_etl_dag.py
[2026-04-09T07:33:18.853+0000] {processor.py:830} INFO - Processing file /opt/airflow/dags/daily_revenue_etl_dag.py for tasks to queue
[2026-04-09T07:33:18.854+0000] {logging_mixin.py:188} INFO - [2026-04-09T07:33:18.854+0000] {dagbag.py:538} INFO - Filling up the DagBag from /opt/airflow/dags/daily_revenue_etl_dag.py
[2026-04-09T07:09:28.062+0000] {processor.py:840} INFO - DAG(s) 'daily_revenue_etl_dag' retrieved from /opt/airflow/dags/daily_revenue_etl_dag.py
[2026-04-09T07:09:28.107+0000] {logging_mixin.py:188} INFO - [2026-04-09T07:09:28.107+0000] {dag.py:3036} INFO - Sync 1 DAGs
[2026-04-09T07:09:28.147+0000] {logging_mixin.py:188} INFO - [2026-04-09T07:09:28.147+0000] {dag.py:3823} INFO - Setting next_dagrun for daily_revenue_etl_dag to 2026-04-09 00:00:00+00:00, run_after=2026-04-10 00:00:00+00:00
[2026-04-09T07:09:28.175+0000] {processor.py:183} INFO - Processing /opt/airflow/dags/daily_revenue_etl_dag.py took 0.148 seconds
[2026-04-09T07:33:40.062+0000] {processor.py:161} INFO - Started process (PID=585) to work on /opt/airflow/dags/daily_revenue_etl_dag.py
[2026-04-09T07:33:40.064+0000] {processor.py:830} INFO - Processing file /opt/airflow/dags/daily_revenue_etl_dag.py for tasks to queue
[2026-04-09T07:33:40.065+0000] {logging_mixin.py:188} INFO - [2026-04-09T07:33:40.065+0000] {dagbag.py:538} INFO - Filling up the DagBag from /opt/airflow/dags/daily_revenue_etl_dag.py
[2026-04-09T07:33:40.084+0000] {processor.py:840} INFO - DAG(s) 'daily_revenue_etl_dag' retrieved from /opt/airflow/dags/daily_revenue_etl_dag.py
[2026-04-09T07:33:40.106+0000] {logging_mixin.py:188} INFO - [2026-04-09T07:33:40.105+0000] {dag.py:3036} INFO - Sync 1 DAGs
[2026-04-09T07:33:40.123+0000] {logging_mixin.py:188} INFO - [2026-04-09T07:33:40.122+0000] {dag.py:3823} INFO - Setting next_dagrun for daily_revenue_etl_dag to 2026-04-09 00:00:00+00:00, run_after=2026-04-10 00:00:00+00:00
[2026-04-09T07:33:40.139+0000] {processor.py:183} INFO - Processing /opt/airflow/dags/daily_revenue_etl_dag.py took 0.081 seconds
[2026-04-09T07:35:18.630+0000] {processor.py:161} INFO - Started process (PID=592) to work on /opt/airflow/dags/daily_revenue_etl_dag.py
[2026-04-09T07:35:18.631+0000] {processor.py:830} INFO - Processing file /opt/airflow/dags/daily_revenue_etl_dag.py for tasks to queue
[2026-04-09T07:35:18.632+0000] {logging_mixin.py:188} INFO - [2026-04-09T07:35:18.632+0000] {dagbag.py:538} INFO - Filling up the DagBag from /opt/airflow/dags/daily_revenue_etl_dag.py
[2026-04-09T07:35:18.650+0000] {processor.py:840} INFO - DAG(s) 'daily_revenue_etl_dag' retrieved from /opt/airflow/dags/daily_revenue_etl_dag.py
[2026-04-09T07:35:18.673+0000] {logging_mixin.py:188} INFO - [2026-04-09T07:35:18.673+0000] {dag.py:3036} INFO - Sync 1 DAGs
[2026-04-09T07:11:27.914+0000] {logging_mixin.py:188} INFO - [2026-04-09T07:11:27.913+0000] {dag.py:3823} INFO - Setting next_dagrun for daily_revenue_etl_dag to 2026-04-09 00:00:00+00:00, run_after=2026-04-10 00:00:00+00:00
[2026-04-09T07:11:27.939+0000] {processor.py:183} INFO - Processing /opt/airflow/dags/daily_revenue_etl_dag.py took 0.089 seconds
[2026-04-09T07:35:19.651+0000] {processor.py:161} INFO - Started process (PID=597) to work on /opt/airflow/dags/daily_revenue_etl_dag.py
[2026-04-09T07:35:19.652+0000] {processor.py:830} INFO - Processing file /opt/airflow/dags/daily_revenue_etl_dag.py for tasks to queue
[2026-04-09T07:35:19.652+0000] {logging_mixin.py:188} INFO - [2026-04-09T07:35:19.652+0000] {dagbag.py:538} INFO - Filling up the DagBag from /opt/airflow/dags/daily_revenue_etl_dag.py
[2026-04-09T07:35:19.669+0000] {processor.py:840} INFO - DAG(s) 'daily_revenue_etl_dag' retrieved from /opt/airflow/dags/daily_revenue_etl_dag.py
[2026-04-09T07:35:19.690+0000] {logging_mixin.py:188} INFO - [2026-04-09T07:35:19.690+0000] {dag.py:3036} INFO - Sync 1 DAGs
[2026-04-09T07:35:19.708+0000] {logging_mixin.py:188} INFO - [2026-04-09T07:35:19.708+0000] {dag.py:3823} INFO - Setting next_dagrun for daily_revenue_etl_dag to 2026-04-09 00:00:00+00:00, run_after=2026-04-10 00:00:00+00:00
[2026-04-09T07:35:19.726+0000] {processor.py:183} INFO - Processing /opt/airflow/dags/daily_revenue_etl_dag.py took 0.079 seconds
[2026-04-09T07:35:49.826+0000] {processor.py:161} INFO - Started process (PID=602) to work on /opt/airflow/dags/daily_revenue_etl_dag.py
[2026-04-09T07:35:49.827+0000] {processor.py:830} INFO - Processing file /opt/airflow/dags/daily_revenue_etl_dag.py for tasks to queue
[2026-04-09T07:35:49.828+0000] {logging_mixin.py:188} INFO - [2026-04-09T07:35:49.828+0000] {dagbag.py:538} INFO - Filling up the DagBag from /opt/airflow/dags/daily_revenue_etl_dag.py
[2026-04-09T07:11:59.070+0000] {processor.py:840} INFO - DAG(s) 'daily_revenue_etl_dag' retrieved from /opt/airflow/dags/daily_revenue_etl_dag.py
[2026-04-09T07:11:59.099+0000] {logging_mixin.py:188} INFO - [2026-04-09T07:11:59.099+0000] {dag.py:3036} INFO - Sync 1 DAGs
[2026-04-09T07:11:59.124+0000] {logging_mixin.py:188} INFO - [2026-04-09T07:11:59.123+0000] {dag.py:3823} INFO - Setting next_dagrun for daily_revenue_etl_dag to 2026-04-09 00:00:00+00:00, run_after=2026-04-10 00:00:00+00:00
[2026-04-09T07:11:59.139+0000] {processor.py:183} INFO - Processing /opt/airflow/dags/daily_revenue_etl_dag.py took 0.095 seconds
[2026-04-09T07:12:19.186+0000] {processor.py:161} INFO - Started process (PID=607) to work on /opt/airflow/dags/daily_revenue_etl_dag.py
[2026-04-09T07:12:19.188+0000] {processor.py:830} INFO - Processing file /opt/airflow/dags/daily_revenue_etl_dag.py for tasks to queue
[2026-04-09T07:12:19.190+0000] {logging_mixin.py:188} INFO - [2026-04-09T07:12:19.189+0000] {dagbag.py:538} INFO - Filling up the DagBag from /opt/airflow/dags/daily_revenue_etl_dag.py
[2026-04-09T07:12:19.218+0000] {processor.py:840} INFO - DAG(s) 'daily_revenue_etl_dag' retrieved from /opt/airflow/dags/daily_revenue_etl_dag.py
[2026-04-09T07:12:19.246+0000] {logging_mixin.py:188} INFO - [2026-04-09T07:12:19.246+0000] {dag.py:3036} INFO - Sync 1 DAGs
[2026-04-09T07:12:19.269+0000] {logging_mixin.py:188} INFO - [2026-04-09T07:12:19.269+0000] {dag.py:3823} INFO - Setting next_dagrun for daily_revenue_etl_dag to 2026-04-09 00:00:00+00:00, run_after=2026-04-10 00:00:00+00:00
[2026-04-09T07:12:19.290+0000] {processor.py:183} INFO - Processing /opt/airflow/dags/daily_revenue_etl_dag.py took 0.108 seconds
[2026-04-09T07:12:49.425+0000] {processor.py:161} INFO - Started process (PID=612) to work on /opt/airflow/dags/daily_revenue_etl_dag.py
[2026-04-09T07:12:49.427+0000] {processor.py:830} INFO - Processing file /opt/airflow/dags/daily_revenue_etl_dag.py for tasks to queue
[2026-04-09T07:12:49.427+0000] {logging_mixin.py:188} INFO - [2026-04-09T07:12:49.427+0000] {dagbag.py:538} INFO - Filling up the DagBag from /opt/airflow/dags/daily_revenue_etl_dag.py
[2026-04-09T07:12:49.445+0000] {processor.py:840} INFO - DAG(s) 'daily_revenue_etl_dag' retrieved from /opt/airflow/dags/daily_revenue_etl_dag.py
[2026-04-09T07:12:49.471+0000] {logging_mixin.py:188} INFO - [2026-04-09T07:12:49.470+0000] {dag.py:3036} INFO - Sync 1 DAGs
[2026-04-09T07:12:49.489+0000] {logging_mixin.py:188} INFO - [2026-04-09T07:12:49.489+0000] {dag.py:3823} INFO - Setting next_dagrun for daily_revenue_etl_dag to 2026-04-09 00:00:00+00:00, run_after=2026-04-10 00:00:00+00:00
[2026-04-09T07:12:49.506+0000] {processor.py:183} INFO - Processing /opt/airflow/dags/daily_revenue_etl_dag.py took 0.083 seconds
[2026-04-09T07:13:19.691+0000] {processor.py:161} INFO - Started process (PID=617) to work on /opt/airflow/dags/daily_revenue_etl_dag.py
[2026-04-09T07:13:19.692+0000] {processor.py:830} INFO - Processing file /opt/airflow/dags/daily_revenue_etl_dag.py for tasks to queue
[2026-04-09T07:13:19.693+0000] {logging_mixin.py:188} INFO - [2026-04-09T07:13:19.693+0000] {dagbag.py:538} INFO - Filling up the DagBag from /opt/airflow/dags/daily_revenue_etl_dag.py
[2026-04-09T07:13:19.710+0000] {processor.py:840} INFO - DAG(s) 'daily_revenue_etl_dag' retrieved from /opt/airflow/dags/daily_revenue_etl_dag.py
[2026-04-09T07:13:19.730+0000] {logging_mixin.py:188} INFO - [2026-04-09T07:13:19.729+0000] {dag.py:3036} INFO - Sync 1 DAGs
[2026-04-09T07:13:19.746+0000] {logging_mixin.py:188} INFO - [2026-04-09T07:13:19.746+0000] {dag.py:3823} INFO - Setting next_dagrun for daily_revenue_etl_dag to 2026-04-09 00:00:00+00:00, run_after=2026-04-10 00:00:00+00:00
[2026-04-09T07:13:19.765+0000] {processor.py:183} INFO - Processing /opt/airflow/dags/daily_revenue_etl_dag.py took 0.076 seconds
[2026-04-09T07:37:18.529+0000] {processor.py:161} INFO - Started process (PID=622) to work on /opt/airflow/dags/daily_revenue_etl_dag.py
[2026-04-09T07:37:18.530+0000] {processor.py:830} INFO - Processing file /opt/airflow/dags/daily_revenue_etl_dag.py for tasks to queue
[2026-04-09T07:37:18.531+0000] {logging_mixin.py:188} INFO - [2026-04-09T07:37:18.531+0000] {dagbag.py:538} INFO - Filling up the DagBag from /opt/airflow/dags/daily_revenue_etl_dag.py
[2026-04-09T07:37:18.547+0000] {processor.py:840} INFO - DAG(s) 'daily_revenue_etl_dag' retrieved from /opt/airflow/dags/daily_revenue_etl_dag.py
[2026-04-09T07:37:18.570+0000] {logging_mixin.py:188} INFO - [2026-04-09T07:37:18.570+0000] {dag.py:3036} INFO - Sync 1 DAGs
[2026-04-09T07:37:18.588+0000] {logging_mixin.py:188} INFO - [2026-04-09T07:37:18.588+0000] {dag.py:3823} INFO - Setting next_dagrun for daily_revenue_etl_dag to 2026-04-09 00:00:00+00:00, run_after=2026-04-10 00:00:00+00:00
[2026-04-09T07:37:18.604+0000] {processor.py:183} INFO - Processing /opt/airflow/dags/daily_revenue_etl_dag.py took 0.078 seconds
[2026-04-09T07:38:09.902+0000] {processor.py:161} INFO - Started process (PID=627) to work on /opt/airflow/dags/daily_revenue_etl_dag.py
[2026-04-09T07:38:09.903+0000] {processor.py:830} INFO - Processing file /opt/airflow/dags/daily_revenue_etl_dag.py for tasks to queue
[2026-04-09T07:38:09.904+0000] {logging_mixin.py:188} INFO - [2026-04-09T07:38:09.904+0000] {dagbag.py:538} INFO - Filling up the DagBag from /opt/airflow/dags/daily_revenue_etl_dag.py
[2026-04-09T07:38:09.921+0000] {processor.py:840} INFO - DAG(s) 'daily_revenue_etl_dag' retrieved from /opt/airflow/dags/daily_revenue_etl_dag.py
[2026-04-09T07:38:09.948+0000] {logging_mixin.py:188} INFO - [2026-04-09T07:38:09.947+0000] {dag.py:3036} INFO - Sync 1 DAGs
[2026-04-09T07:38:09.966+0000] {logging_mixin.py:188} INFO - [2026-04-09T07:38:09.966+0000] {dag.py:3823} INFO - Setting next_dagrun for daily_revenue_etl_dag to 2026-04-09 00:00:00+00:00, run_after=2026-04-10 00:00:00+00:00
[2026-04-09T07:38:09.984+0000] {processor.py:183} INFO - Processing /opt/airflow/dags/daily_revenue_etl_dag.py took 0.084 seconds
[2026-04-09T07:38:40.076+0000] {processor.py:161} INFO - Started process (PID=632) to work on /opt/airflow/dags/daily_revenue_etl_dag.py
[2026-04-09T07:38:40.077+0000] {processor.py:830} INFO - Processing file /opt/airflow/dags/daily_revenue_etl_dag.py for tasks to queue
[2026-04-09T07:38:40.078+0000] {logging_mixin.py:188} INFO - [2026-04-09T07:38:40.078+0000] {dagbag.py:538} INFO - Filling up the DagBag from /opt/airflow/dags/daily_revenue_etl_dag.py
[2026-04-09T07:38:40.094+0000] {processor.py:840} INFO - DAG(s) 'daily_revenue_etl_dag' retrieved from /opt/airflow/dags/daily_revenue_etl_dag.py
[2026-04-09T07:38:40.115+0000] {logging_mixin.py:188} INFO - [2026-04-09T07:38:40.115+0000] {dag.py:3036} INFO - Sync 1 DAGs
[2026-04-09T07:38:40.134+0000] {logging_mixin.py:188} INFO - [2026-04-09T07:38:40.134+0000] {dag.py:3823} INFO - Setting next_dagrun for daily_revenue_etl_dag to 2026-04-09 00:00:00+00:00, run_after=2026-04-10 00:00:00+00:00
[2026-04-09T07:38:40.149+0000] {processor.py:183} INFO - Processing /opt/airflow/dags/daily_revenue_etl_dag.py took 0.076 seconds
[2026-04-09T07:39:48.537+0000] {processor.py:161} INFO - Started process (PID=637) to work on /opt/airflow/dags/daily_revenue_etl_dag.py
[2026-04-09T07:39:48.538+0000] {processor.py:830} INFO - Processing file /opt/airflow/dags/daily_revenue_etl_dag.py for tasks to queue
[2026-04-09T07:39:48.539+0000] {logging_mixin.py:188} INFO - [2026-04-09T07:39:48.539+0000] {dagbag.py:538} INFO - Filling up the DagBag from /opt/airflow/dags/daily_revenue_etl_dag.py
[2026-04-09T07:39:48.561+0000] {processor.py:840} INFO - DAG(s) 'daily_revenue_etl_dag' retrieved from /opt/airflow/dags/daily_revenue_etl_dag.py
[2026-04-09T07:39:48.585+0000] {logging_mixin.py:188} INFO - [2026-04-09T07:39:48.585+0000] {dag.py:3036} INFO - Sync 1 DAGs
[2026-04-09T07:39:48.606+0000] {logging_mixin.py:188} INFO - [2026-04-09T07:39:48.606+0000] {dag.py:3823} INFO - Setting next_dagrun for daily_revenue_etl_dag to 2026-04-09 00:00:00+00:00, run_after=2026-04-10 00:00:00+00:00
[2026-04-09T07:39:48.626+0000] {processor.py:183} INFO - Processing /opt/airflow/dags/daily_revenue_etl_dag.py took 0.092 seconds
[2026-04-09T07:16:27.972+0000] {processor.py:161} INFO - Started process (PID=644) to work on /opt/airflow/dags/daily_revenue_etl_dag.py
[2026-04-09T07:16:27.973+0000] {processor.py:830} INFO - Processing file /opt/airflow/dags/daily_revenue_etl_dag.py for tasks to queue
[2026-04-09T07:16:27.974+0000] {logging_mixin.py:188} INFO - [2026-04-09T07:16:27.974+0000] {dagbag.py:538} INFO - Filling up the DagBag from /opt/airflow/dags/daily_revenue_etl_dag.py
[2026-04-09T07:16:28.004+0000] {processor.py:840} INFO - DAG(s) 'daily_revenue_etl_dag' retrieved from /opt/airflow/dags/daily_revenue_etl_dag.py
[2026-04-09T07:16:28.031+0000] {logging_mixin.py:188} INFO - [2026-04-09T07:16:28.031+0000] {dag.py:3036} INFO - Sync 1 DAGs
[2026-04-09T07:16:28.056+0000] {logging_mixin.py:188} INFO - [2026-04-09T07:16:28.056+0000] {dag.py:3823} INFO - Setting next_dagrun for daily_revenue_etl_dag to 2026-04-09 00:00:00+00:00, run_after=2026-04-10 00:00:00+00:00
[2026-04-09T07:16:28.076+0000] {processor.py:183} INFO - Processing /opt/airflow/dags/daily_revenue_etl_dag.py took 0.108 seconds
[2026-04-09T07:16:58.167+0000] {processor.py:161} INFO - Started process (PID=649) to work on /opt/airflow/dags/daily_revenue_etl_dag.py
[2026-04-09T07:16:58.168+0000] {processor.py:830} INFO - Processing file /opt/airflow/dags/daily_revenue_etl_dag.py for tasks to queue
[2026-04-09T07:16:58.169+0000] {logging_mixin.py:188} INFO - [2026-04-09T07:16:58.169+0000] {dagbag.py:538} INFO - Filling up the DagBag from /opt/airflow/dags/daily_revenue_etl_dag.py
[2026-04-09T07:16:58.185+0000] {processor.py:840} INFO - DAG(s) 'daily_revenue_etl_dag' retrieved from /opt/airflow/dags/daily_revenue_etl_dag.py
[2026-04-09T07:16:58.205+0000] {logging_mixin.py:188} INFO - [2026-04-09T07:16:58.205+0000] {dag.py:3036} INFO - Sync 1 DAGs
[2026-04-09T07:16:58.223+0000] {logging_mixin.py:188} INFO - [2026-04-09T07:16:58.223+0000] {dag.py:3823} INFO - Setting next_dagrun for daily_revenue_etl_dag to 2026-04-09 00:00:00+00:00, run_after=2026-04-10 00:00:00+00:00
[2026-04-09T07:16:58.241+0000] {processor.py:183} INFO - Processing /opt/airflow/dags/daily_revenue_etl_dag.py took 0.076 seconds
[2026-04-09T07:17:28.391+0000] {processor.py:161} INFO - Started process (PID=654) to work on /opt/airflow/dags/daily_revenue_etl_dag.py
[2026-04-09T07:17:28.392+0000] {processor.py:830} INFO - Processing file /opt/airflow/dags/daily_revenue_etl_dag.py for tasks to queue
[2026-04-09T07:17:28.393+0000] {logging_mixin.py:188} INFO - [2026-04-09T07:17:28.393+0000] {dagbag.py:538} INFO - Filling up the DagBag from /opt/airflow/dags/daily_revenue_etl_dag.py
[2026-04-09T07:17:28.409+0000] {processor.py:840} INFO - DAG(s) 'daily_revenue_etl_dag' retrieved from /opt/airflow/dags/daily_revenue_etl_dag.py
[2026-04-09T07:17:28.432+0000] {logging_mixin.py:188} INFO - [2026-04-09T07:17:28.432+0000] {dag.py:3036} INFO - Sync 1 DAGs
[2026-04-09T07:17:28.451+0000] {logging_mixin.py:188} INFO - [2026-04-09T07:17:28.451+0000] {dag.py:3823} INFO - Setting next_dagrun for daily_revenue_etl_dag to 2026-04-09 00:00:00+00:00, run_after=2026-04-10 00:00:00+00:00
[2026-04-09T07:17:28.466+0000] {processor.py:183} INFO - Processing /opt/airflow/dags/daily_revenue_etl_dag.py took 0.077 seconds
[2026-04-09T07:41:20.316+0000] {processor.py:161} INFO - Started process (PID=659) to work on /opt/airflow/dags/daily_revenue_etl_dag.py
[2026-04-09T07:41:20.317+0000] {processor.py:830} INFO - Processing file /opt/airflow/dags/daily_revenue_etl_dag.py for tasks to queue
[2026-04-09T07:41:20.318+0000] {logging_mixin.py:188} INFO - [2026-04-09T07:41:20.318+0000] {dagbag.py:538} INFO - Filling up the DagBag from /opt/airflow/dags/daily_revenue_etl_dag.py
[2026-04-09T07:41:20.333+0000] {processor.py:840} INFO - DAG(s) 'daily_revenue_etl_dag' retrieved from /opt/airflow/dags/daily_revenue_etl_dag.py
[2026-04-09T07:41:20.355+0000] {logging_mixin.py:188} INFO - [2026-04-09T07:41:20.354+0000] {dag.py:3036} INFO - Sync 1 DAGs
[2026-04-09T07:41:20.373+0000] {logging_mixin.py:188} INFO - [2026-04-09T07:41:20.373+0000] {dag.py:3823} INFO - Setting next_dagrun for daily_revenue_etl_dag to 2026-04-09 00:00:00+00:00, run_after=2026-04-10 00:00:00+00:00
[2026-04-09T07:41:20.387+0000] {processor.py:183} INFO - Processing /opt/airflow/dags/daily_revenue_etl_dag.py took 0.074 seconds
[2026-04-09T07:41:50.493+0000] {processor.py:161} INFO - Started process (PID=664) to work on /opt/airflow/dags/daily_revenue_etl_dag.py
[2026-04-09T07:41:50.494+0000] {processor.py:830} INFO - Processing file /opt/airflow/dags/daily_revenue_etl_dag.py for tasks to queue
[2026-04-09T07:41:50.495+0000] {logging_mixin.py:188} INFO - [2026-04-09T07:41:50.495+0000] {dagbag.py:538} INFO - Filling up the DagBag from /opt/airflow/dags/daily_revenue_etl_dag.py
[2026-04-09T07:41:50.514+0000] {processor.py:840} INFO - DAG(s) 'daily_revenue_etl_dag' retrieved from /opt/airflow/dags/daily_revenue_etl_dag.py
[2026-04-09T07:41:50.535+0000] {logging_mixin.py:188} INFO - [2026-04-09T07:41:50.535+0000] {dag.py:3036} INFO - Sync 1 DAGs
[2026-04-09T07:41:50.553+0000] {logging_mixin.py:188} INFO - [2026-04-09T07:41:50.552+0000] {dag.py:3823} INFO - Setting next_dagrun for daily_revenue_etl_dag to 2026-04-09 00:00:00+00:00, run_after=2026-04-10 00:00:00+00:00
[2026-04-09T07:17:59.757+0000] {processor.py:183} INFO - Processing /opt/airflow/dags/daily_revenue_etl_dag.py took 0.080 seconds
[2026-04-09T07:41:55.581+0000] {processor.py:161} INFO - Started process (PID=669) to work on /opt/airflow/dags/daily_revenue_etl_dag.py
[2026-04-09T07:41:55.582+0000] {processor.py:830} INFO - Processing file /opt/airflow/dags/daily_revenue_etl_dag.py for tasks to queue
[2026-04-09T07:41:55.583+0000] {logging_mixin.py:188} INFO - [2026-04-09T07:41:55.582+0000] {dagbag.py:538} INFO - Filling up the DagBag from /opt/airflow/dags/daily_revenue_etl_dag.py
[2026-04-09T07:18:04.772+0000] {processor.py:840} INFO - DAG(s) 'daily_revenue_etl_dag' retrieved from /opt/airflow/dags/daily_revenue_etl_dag.py
[2026-04-09T07:18:04.794+0000] {logging_mixin.py:188} INFO - [2026-04-09T07:18:04.794+0000] {dag.py:3036} INFO - Sync 1 DAGs
[2026-04-09T07:18:04.813+0000] {logging_mixin.py:188} INFO - [2026-04-09T07:18:04.812+0000] {dag.py:3823} INFO - Setting next_dagrun for daily_revenue_etl_dag to 2026-04-09 00:00:00+00:00, run_after=2026-04-10 00:00:00+00:00
[2026-04-09T07:18:04.829+0000] {processor.py:183} INFO - Processing /opt/airflow/dags/daily_revenue_etl_dag.py took 0.078 seconds
[2026-04-09T07:42:18.769+0000] {processor.py:161} INFO - Started process (PID=674) to work on /opt/airflow/dags/daily_revenue_etl_dag.py
[2026-04-09T07:42:18.770+0000] {processor.py:830} INFO - Processing file /opt/airflow/dags/daily_revenue_etl_dag.py for tasks to queue
[2026-04-09T07:42:18.771+0000] {logging_mixin.py:188} INFO - [2026-04-09T07:42:18.771+0000] {dagbag.py:538} INFO - Filling up the DagBag from /opt/airflow/dags/daily_revenue_etl_dag.py
[2026-04-09T07:42:18.788+0000] {processor.py:840} INFO - DAG(s) 'daily_revenue_etl_dag' retrieved from /opt/airflow/dags/daily_revenue_etl_dag.py
[2026-04-09T07:42:18.810+0000] {logging_mixin.py:188} INFO - [2026-04-09T07:42:18.810+0000] {dag.py:3036} INFO - Sync 1 DAGs
[2026-04-09T07:42:18.829+0000] {logging_mixin.py:188} INFO - [2026-04-09T07:42:18.828+0000] {dag.py:3823} INFO - Setting next_dagrun for daily_revenue_etl_dag to 2026-04-09 00:00:00+00:00, run_after=2026-04-10 00:00:00+00:00
[2026-04-09T07:18:28.021+0000] {processor.py:183} INFO - Processing /opt/airflow/dags/daily_revenue_etl_dag.py took 0.079 seconds
[2026-04-09T07:18:58.158+0000] {processor.py:161} INFO - Started process (PID=679) to work on /opt/airflow/dags/daily_revenue_etl_dag.py
[2026-04-09T07:18:58.159+0000] {processor.py:830} INFO - Processing file /opt/airflow/dags/daily_revenue_etl_dag.py for tasks to queue
[2026-04-09T07:18:58.160+0000] {logging_mixin.py:188} INFO - [2026-04-09T07:18:58.160+0000] {dagbag.py:538} INFO - Filling up the DagBag from /opt/airflow/dags/daily_revenue_etl_dag.py
[2026-04-09T07:18:58.175+0000] {processor.py:840} INFO - DAG(s) 'daily_revenue_etl_dag' retrieved from /opt/airflow/dags/daily_revenue_etl_dag.py
[2026-04-09T07:18:58.199+0000] {logging_mixin.py:188} INFO - [2026-04-09T07:18:58.199+0000] {dag.py:3036} INFO - Sync 1 DAGs
[2026-04-09T07:18:58.217+0000] {logging_mixin.py:188} INFO - [2026-04-09T07:18:58.217+0000] {dag.py:3823} INFO - Setting next_dagrun for daily_revenue_etl_dag to 2026-04-09 00:00:00+00:00, run_after=2026-04-10 00:00:00+00:00
[2026-04-09T07:18:58.232+0000] {processor.py:183} INFO - Processing /opt/airflow/dags/daily_revenue_etl_dag.py took 0.078 seconds
[2026-04-09T07:19:28.373+0000] {processor.py:161} INFO - Started process (PID=684) to work on /opt/airflow/dags/daily_revenue_etl_dag.py
[2026-04-09T07:19:28.373+0000] {processor.py:830} INFO - Processing file /opt/airflow/dags/daily_revenue_etl_dag.py for tasks to queue
[2026-04-09T07:19:28.374+0000] {logging_mixin.py:188} INFO - [2026-04-09T07:19:28.374+0000] {dagbag.py:538} INFO - Filling up the DagBag from /opt/airflow/dags/daily_revenue_etl_dag.py
[2026-04-09T07:19:28.389+0000] {processor.py:840} INFO - DAG(s) 'daily_revenue_etl_dag' retrieved from /opt/airflow/dags/daily_revenue_etl_dag.py
[2026-04-09T07:19:28.411+0000] {logging_mixin.py:188} INFO - [2026-04-09T07:19:28.411+0000] {dag.py:3036} INFO - Sync 1 DAGs
[2026-04-09T07:19:28.428+0000] {logging_mixin.py:188} INFO - [2026-04-09T07:19:28.428+0000] {dag.py:3823} INFO - Setting next_dagrun for daily_revenue_etl_dag to 2026-04-09 00:00:00+00:00, run_after=2026-04-10 00:00:00+00:00
[2026-04-09T07:19:28.443+0000] {processor.py:183} INFO - Processing /opt/airflow/dags/daily_revenue_etl_dag.py took 0.073 seconds
[2026-04-09T07:19:58.616+0000] {processor.py:161} INFO - Started process (PID=689) to work on /opt/airflow/dags/daily_revenue_etl_dag.py
[2026-04-09T07:19:58.617+0000] {processor.py:830} INFO - Processing file /opt/airflow/dags/daily_revenue_etl_dag.py for tasks to queue
[2026-04-09T07:19:58.618+0000] {logging_mixin.py:188} INFO - [2026-04-09T07:19:58.618+0000] {dagbag.py:538} INFO - Filling up the DagBag from /opt/airflow/dags/daily_revenue_etl_dag.py
[2026-04-09T07:19:58.634+0000] {processor.py:840} INFO - DAG(s) 'daily_revenue_etl_dag' retrieved from /opt/airflow/dags/daily_revenue_etl_dag.py
[2026-04-09T07:19:58.657+0000] {logging_mixin.py:188} INFO - [2026-04-09T07:19:58.657+0000] {dag.py:3036} INFO - Sync 1 DAGs
[2026-04-09T07:19:58.675+0000] {logging_mixin.py:188} INFO - [2026-04-09T07:19:58.675+0000] {dag.py:3823} INFO - Setting next_dagrun for daily_revenue_etl_dag to 2026-04-09 00:00:00+00:00, run_after=2026-04-10 00:00:00+00:00
[2026-04-09T07:19:58.690+0000] {processor.py:183} INFO - Processing /opt/airflow/dags/daily_revenue_etl_dag.py took 0.077 seconds
[2026-04-09T07:43:50.504+0000] {processor.py:161} INFO - Started process (PID=694) to work on /opt/airflow/dags/daily_revenue_etl_dag.py
[2026-04-09T07:43:50.505+0000] {processor.py:830} INFO - Processing file /opt/airflow/dags/daily_revenue_etl_dag.py for tasks to queue
[2026-04-09T07:43:50.506+0000] {logging_mixin.py:188} INFO - [2026-04-09T07:43:50.506+0000] {dagbag.py:538} INFO - Filling up the DagBag from /opt/airflow/dags/daily_revenue_etl_dag.py
[2026-04-09T07:43:50.523+0000] {processor.py:840} INFO - DAG(s) 'daily_revenue_etl_dag' retrieved from /opt/airflow/dags/daily_revenue_etl_dag.py
[2026-04-09T07:43:50.544+0000] {logging_mixin.py:188} INFO - [2026-04-09T07:43:50.544+0000] {dag.py:3036} INFO - Sync 1 DAGs
[2026-04-09T07:43:50.563+0000] {logging_mixin.py:188} INFO - [2026-04-09T07:43:50.563+0000] {dag.py:3823} INFO - Setting next_dagrun for daily_revenue_etl_dag to 2026-04-09 00:00:00+00:00, run_after=2026-04-10 00:00:00+00:00
[2026-04-09T07:43:50.588+0000] {processor.py:183} INFO - Processing /opt/airflow/dags/daily_revenue_etl_dag.py took 0.086 seconds
[2026-04-09T07:44:20.679+0000] {processor.py:161} INFO - Started process (PID=699) to work on /opt/airflow/dags/daily_revenue_etl_dag.py
[2026-04-09T07:44:20.680+0000] {processor.py:830} INFO - Processing file /opt/airflow/dags/daily_revenue_etl_dag.py for tasks to queue
[2026-04-09T07:44:20.681+0000] {logging_mixin.py:188} INFO - [2026-04-09T07:44:20.680+0000] {dagbag.py:538} INFO - Filling up the DagBag from /opt/airflow/dags/daily_revenue_etl_dag.py
[2026-04-09T07:44:20.699+0000] {processor.py:840} INFO - DAG(s) 'daily_revenue_etl_dag' retrieved from /opt/airflow/dags/daily_revenue_etl_dag.py
[2026-04-09T07:44:20.722+0000] {logging_mixin.py:188} INFO - [2026-04-09T07:44:20.722+0000] {dag.py:3036} INFO - Sync 1 DAGs
[2026-04-09T07:20:29.973+0000] {logging_mixin.py:188} INFO - [2026-04-09T07:20:29.972+0000] {dag.py:3823} INFO - Setting next_dagrun for daily_revenue_etl_dag to 2026-04-09 00:00:00+00:00, run_after=2026-04-10 00:00:00+00:00
[2026-04-09T07:20:29.990+0000] {processor.py:183} INFO - Processing /opt/airflow/dags/daily_revenue_etl_dag.py took 0.082 seconds
[2026-04-09T07:20:40.026+0000] {processor.py:161} INFO - Started process (PID=704) to work on /opt/airflow/dags/daily_revenue_etl_dag.py
[2026-04-09T07:20:40.027+0000] {processor.py:830} INFO - Processing file /opt/airflow/dags/daily_revenue_etl_dag.py for tasks to queue
[2026-04-09T07:20:40.028+0000] {logging_mixin.py:188} INFO - [2026-04-09T07:20:40.027+0000] {dagbag.py:538} INFO - Filling up the DagBag from /opt/airflow/dags/daily_revenue_etl_dag.py
[2026-04-09T07:20:40.046+0000] {processor.py:840} INFO - DAG(s) 'daily_revenue_etl_dag' retrieved from /opt/airflow/dags/daily_revenue_etl_dag.py
[2026-04-09T07:20:40.069+0000] {logging_mixin.py:188} INFO - [2026-04-09T07:20:40.068+0000] {dag.py:3036} INFO - Sync 1 DAGs
[2026-04-09T07:20:40.087+0000] {logging_mixin.py:188} INFO - [2026-04-09T07:20:40.086+0000] {dag.py:3823} INFO - Setting next_dagrun for daily_revenue_etl_dag to 2026-04-09 00:00:00+00:00, run_after=2026-04-10 00:00:00+00:00
[2026-04-09T07:20:40.104+0000] {processor.py:183} INFO - Processing /opt/airflow/dags/daily_revenue_etl_dag.py took 0.082 seconds
[2026-04-09T07:21:10.213+0000] {processor.py:161} INFO - Started process (PID=709) to work on /opt/airflow/dags/daily_revenue_etl_dag.py
[2026-04-09T07:21:10.214+0000] {processor.py:830} INFO - Processing file /opt/airflow/dags/daily_revenue_etl_dag.py for tasks to queue
[2026-04-09T07:21:10.215+0000] {logging_mixin.py:188} INFO - [2026-04-09T07:21:10.215+0000] {dagbag.py:538} INFO - Filling up the DagBag from /opt/airflow/dags/daily_revenue_etl_dag.py
[2026-04-09T07:21:10.234+0000] {processor.py:840} INFO - DAG(s) 'daily_revenue_etl_dag' retrieved from /opt/airflow/dags/daily_revenue_etl_dag.py
[2026-04-09T07:21:10.259+0000] {logging_mixin.py:188} INFO - [2026-04-09T07:21:10.258+0000] {dag.py:3036} INFO - Sync 1 DAGs
[2026-04-09T07:21:10.284+0000] {logging_mixin.py:188} INFO - [2026-04-09T07:21:10.284+0000] {dag.py:3823} INFO - Setting next_dagrun for daily_revenue_etl_dag to 2026-04-09 00:00:00+00:00, run_after=2026-04-10 00:00:00+00:00
[2026-04-09T07:21:10.299+0000] {processor.py:183} INFO - Processing /opt/airflow/dags/daily_revenue_etl_dag.py took 0.092 seconds
[2026-04-09T07:21:40.436+0000] {processor.py:161} INFO - Started process (PID=714) to work on /opt/airflow/dags/daily_revenue_etl_dag.py
[2026-04-09T07:21:40.437+0000] {processor.py:830} INFO - Processing file /opt/airflow/dags/daily_revenue_etl_dag.py for tasks to queue
[2026-04-09T07:21:40.438+0000] {logging_mixin.py:188} INFO - [2026-04-09T07:21:40.438+0000] {dagbag.py:538} INFO - Filling up the DagBag from /opt/airflow/dags/daily_revenue_etl_dag.py
[2026-04-09T07:21:40.454+0000] {processor.py:840} INFO - DAG(s) 'daily_revenue_etl_dag' retrieved from /opt/airflow/dags/daily_revenue_etl_dag.py
[2026-04-09T07:21:40.476+0000] {logging_mixin.py:188} INFO - [2026-04-09T07:21:40.475+0000] {dag.py:3036} INFO - Sync 1 DAGs
[2026-04-09T07:21:40.494+0000] {logging_mixin.py:188} INFO - [2026-04-09T07:21:40.494+0000] {dag.py:3823} INFO - Setting next_dagrun for daily_revenue_etl_dag to 2026-04-09 00:00:00+00:00, run_after=2026-04-10 00:00:00+00:00
[2026-04-09T07:21:40.510+0000] {processor.py:183} INFO - Processing /opt/airflow/dags/daily_revenue_etl_dag.py took 0.077 seconds
[2026-04-09T07:45:41.347+0000] {processor.py:161} INFO - Started process (PID=721) to work on /opt/airflow/dags/daily_revenue_etl_dag.py
[2026-04-09T07:45:41.348+0000] {processor.py:830} INFO - Processing file /opt/airflow/dags/daily_revenue_etl_dag.py for tasks to queue
[2026-04-09T07:45:41.349+0000] {logging_mixin.py:188} INFO - [2026-04-09T07:45:41.348+0000] {dagbag.py:538} INFO - Filling up the DagBag from /opt/airflow/dags/daily_revenue_etl_dag.py
[2026-04-09T07:45:41.368+0000] {processor.py:840} INFO - DAG(s) 'daily_revenue_etl_dag' retrieved from /opt/airflow/dags/daily_revenue_etl_dag.py
[2026-04-09T07:45:41.399+0000] {logging_mixin.py:188} INFO - [2026-04-09T07:45:41.398+0000] {dag.py:3036} INFO - Sync 1 DAGs
[2026-04-09T07:45:41.422+0000] {logging_mixin.py:188} INFO - [2026-04-09T07:45:41.422+0000] {dag.py:3823} INFO - Setting next_dagrun for daily_revenue_etl_dag to 2026-04-09 00:00:00+00:00, run_after=2026-04-10 00:00:00+00:00
[2026-04-09T07:45:41.442+0000] {processor.py:183} INFO - Processing /opt/airflow/dags/daily_revenue_etl_dag.py took 0.098 seconds
[2026-04-09T07:46:18.649+0000] {processor.py:161} INFO - Started process (PID=726) to work on /opt/airflow/dags/daily_revenue_etl_dag.py
[2026-04-09T07:46:18.650+0000] {processor.py:830} INFO - Processing file /opt/airflow/dags/daily_revenue_etl_dag.py for tasks to queue
[2026-04-09T07:46:18.651+0000] {logging_mixin.py:188} INFO - [2026-04-09T07:46:18.651+0000] {dagbag.py:538} INFO - Filling up the DagBag from /opt/airflow/dags/daily_revenue_etl_dag.py
[2026-04-09T07:46:18.669+0000] {processor.py:840} INFO - DAG(s) 'daily_revenue_etl_dag' retrieved from /opt/airflow/dags/daily_revenue_etl_dag.py
[2026-04-09T07:46:18.693+0000] {logging_mixin.py:188} INFO - [2026-04-09T07:46:18.692+0000] {dag.py:3036} INFO - Sync 1 DAGs
[2026-04-09T07:46:18.710+0000] {logging_mixin.py:188} INFO - [2026-04-09T07:46:18.710+0000] {dag.py:3823} INFO - Setting next_dagrun for daily_revenue_etl_dag to 2026-04-09 00:00:00+00:00, run_after=2026-04-10 00:00:00+00:00
[2026-04-09T07:46:18.726+0000] {processor.py:183} INFO - Processing /opt/airflow/dags/daily_revenue_etl_dag.py took 0.079 seconds
[2026-04-09T07:46:48.829+0000] {processor.py:161} INFO - Started process (PID=731) to work on /opt/airflow/dags/daily_revenue_etl_dag.py
[2026-04-09T07:46:48.830+0000] {processor.py:830} INFO - Processing file /opt/airflow/dags/daily_revenue_etl_dag.py for tasks to queue
[2026-04-09T07:46:48.830+0000] {logging_mixin.py:188} INFO - [2026-04-09T07:46:48.830+0000] {dagbag.py:538} INFO - Filling up the DagBag from /opt/airflow/dags/daily_revenue_etl_dag.py
[2026-04-09T07:46:48.846+0000] {processor.py:840} INFO - DAG(s) 'daily_revenue_etl_dag' retrieved from /opt/airflow/dags/daily_revenue_etl_dag.py
[2026-04-09T07:22:58.055+0000] {logging_mixin.py:188} INFO - [2026-04-09T07:22:58.054+0000] {dag.py:3036} INFO - Sync 1 DAGs
[2026-04-09T07:22:58.075+0000] {logging_mixin.py:188} INFO - [2026-04-09T07:22:58.075+0000] {dag.py:3823} INFO - Setting next_dagrun for daily_revenue_etl_dag to 2026-04-09 00:00:00+00:00, run_after=2026-04-10 00:00:00+00:00
[2026-04-09T07:22:58.096+0000] {processor.py:183} INFO - Processing /opt/airflow/dags/daily_revenue_etl_dag.py took 0.090 seconds
[2026-04-09T07:46:50.909+0000] {processor.py:161} INFO - Started process (PID=736) to work on /opt/airflow/dags/daily_revenue_etl_dag.py
[2026-04-09T07:46:50.910+0000] {processor.py:830} INFO - Processing file /opt/airflow/dags/daily_revenue_etl_dag.py for tasks to queue
[2026-04-09T07:46:50.911+0000] {logging_mixin.py:188} INFO - [2026-04-09T07:46:50.910+0000] {dagbag.py:538} INFO - Filling up the DagBag from /opt/airflow/dags/daily_revenue_etl_dag.py
[2026-04-09T07:46:50.927+0000] {processor.py:840} INFO - DAG(s) 'daily_revenue_etl_dag' retrieved from /opt/airflow/dags/daily_revenue_etl_dag.py
[2026-04-09T07:46:50.951+0000] {logging_mixin.py:188} INFO - [2026-04-09T07:46:50.951+0000] {dag.py:3036} INFO - Sync 1 DAGs
[2026-04-09T07:46:50.970+0000] {logging_mixin.py:188} INFO - [2026-04-09T07:46:50.970+0000] {dag.py:3823} INFO - Setting next_dagrun for daily_revenue_etl_dag to 2026-04-09 00:00:00+00:00, run_after=2026-04-10 00:00:00+00:00
[2026-04-09T07:46:50.986+0000] {processor.py:183} INFO - Processing /opt/airflow/dags/daily_revenue_etl_dag.py took 0.082 seconds
[2026-04-09T07:23:30.323+0000] {processor.py:161} INFO - Started process (PID=741) to work on /opt/airflow/dags/daily_revenue_etl_dag.py
[2026-04-09T07:23:30.324+0000] {processor.py:830} INFO - Processing file /opt/airflow/dags/daily_revenue_etl_dag.py for tasks to queue
[2026-04-09T07:23:30.325+0000] {logging_mixin.py:188} INFO - [2026-04-09T07:23:30.325+0000] {dagbag.py:538} INFO - Filling up the DagBag from /opt/airflow/dags/daily_revenue_etl_dag.py
[2026-04-09T07:23:30.341+0000] {processor.py:840} INFO - DAG(s) 'daily_revenue_etl_dag' retrieved from /opt/airflow/dags/daily_revenue_etl_dag.py
[2026-04-09T07:23:30.366+0000] {logging_mixin.py:188} INFO - [2026-04-09T07:23:30.366+0000] {dag.py:3036} INFO - Sync 1 DAGs
[2026-04-09T07:23:30.387+0000] {logging_mixin.py:188} INFO - [2026-04-09T07:23:30.386+0000] {dag.py:3823} INFO - Setting next_dagrun for daily_revenue_etl_dag to 2026-04-09 00:00:00+00:00, run_after=2026-04-10 00:00:00+00:00
[2026-04-09T07:23:30.402+0000] {processor.py:183} INFO - Processing /opt/airflow/dags/daily_revenue_etl_dag.py took 0.082 seconds
[2026-04-09T07:24:00.531+0000] {processor.py:161} INFO - Started process (PID=746) to work on /opt/airflow/dags/daily_revenue_etl_dag.py
[2026-04-09T07:24:00.532+0000] {processor.py:830} INFO - Processing file /opt/airflow/dags/daily_revenue_etl_dag.py for tasks to queue
[2026-04-09T07:24:00.533+0000] {logging_mixin.py:188} INFO - [2026-04-09T07:24:00.533+0000] {dagbag.py:538} INFO - Filling up the DagBag from /opt/airflow/dags/daily_revenue_etl_dag.py
[2026-04-09T07:24:00.549+0000] {processor.py:840} INFO - DAG(s) 'daily_revenue_etl_dag' retrieved from /opt/airflow/dags/daily_revenue_etl_dag.py
[2026-04-09T07:24:00.571+0000] {logging_mixin.py:188} INFO - [2026-04-09T07:24:00.571+0000] {dag.py:3036} INFO - Sync 1 DAGs
[2026-04-09T07:24:00.592+0000] {logging_mixin.py:188} INFO - [2026-04-09T07:24:00.592+0000] {dag.py:3823} INFO - Setting next_dagrun for daily_revenue_etl_dag to 2026-04-09 00:00:00+00:00, run_after=2026-04-10 00:00:00+00:00
[2026-04-09T07:24:00.607+0000] {processor.py:183} INFO - Processing /opt/airflow/dags/daily_revenue_etl_dag.py took 0.079 seconds
[2026-04-09T07:24:30.773+0000] {processor.py:161} INFO - Started process (PID=751) to work on /opt/airflow/dags/daily_revenue_etl_dag.py
[2026-04-09T07:24:30.774+0000] {processor.py:830} INFO - Processing file /opt/airflow/dags/daily_revenue_etl_dag.py for tasks to queue
[2026-04-09T07:24:30.775+0000] {logging_mixin.py:188} INFO - [2026-04-09T07:24:30.775+0000] {dagbag.py:538} INFO - Filling up the DagBag from /opt/airflow/dags/daily_revenue_etl_dag.py
[2026-04-09T07:24:30.791+0000] {processor.py:840} INFO - DAG(s) 'daily_revenue_etl_dag' retrieved from /opt/airflow/dags/daily_revenue_etl_dag.py
[2026-04-09T07:24:30.814+0000] {logging_mixin.py:188} INFO - [2026-04-09T07:24:30.814+0000] {dag.py:3036} INFO - Sync 1 DAGs
[2026-04-09T07:24:30.831+0000] {logging_mixin.py:188} INFO - [2026-04-09T07:24:30.831+0000] {dag.py:3823} INFO - Setting next_dagrun for daily_revenue_etl_dag to 2026-04-09 00:00:00+00:00, run_after=2026-04-10 00:00:00+00:00
[2026-04-09T07:24:30.845+0000] {processor.py:183} INFO - Processing /opt/airflow/dags/daily_revenue_etl_dag.py took 0.075 seconds
[2026-04-09T07:48:48.741+0000] {processor.py:161} INFO - Started process (PID=756) to work on /opt/airflow/dags/daily_revenue_etl_dag.py
[2026-04-09T07:48:48.742+0000] {processor.py:830} INFO - Processing file /opt/airflow/dags/daily_revenue_etl_dag.py for tasks to queue
[2026-04-09T07:48:48.743+0000] {logging_mixin.py:188} INFO - [2026-04-09T07:48:48.743+0000] {dagbag.py:538} INFO - Filling up the DagBag from /opt/airflow/dags/daily_revenue_etl_dag.py
[2026-04-09T07:48:48.759+0000] {processor.py:840} INFO - DAG(s) 'daily_revenue_etl_dag' retrieved from /opt/airflow/dags/daily_revenue_etl_dag.py
[2026-04-09T07:48:48.783+0000] {logging_mixin.py:188} INFO - [2026-04-09T07:48:48.783+0000] {dag.py:3036} INFO - Sync 1 DAGs
[2026-04-09T07:48:48.801+0000] {logging_mixin.py:188} INFO - [2026-04-09T07:48:48.801+0000] {dag.py:3823} INFO - Setting next_dagrun for daily_revenue_etl_dag to 2026-04-09 00:00:00+00:00, run_after=2026-04-10 00:00:00+00:00
[2026-04-09T07:48:48.817+0000] {processor.py:183} INFO - Processing /opt/airflow/dags/daily_revenue_etl_dag.py took 0.078 seconds
[2026-04-09T07:25:28.127+0000] {processor.py:161} INFO - Started process (PID=761) to work on /opt/airflow/dags/daily_revenue_etl_dag.py
[2026-04-09T07:25:28.129+0000] {processor.py:830} INFO - Processing file /opt/airflow/dags/daily_revenue_etl_dag.py for tasks to queue
[2026-04-09T07:25:28.130+0000] {logging_mixin.py:188} INFO - [2026-04-09T07:25:28.129+0000] {dagbag.py:538} INFO - Filling up the DagBag from /opt/airflow/dags/daily_revenue_etl_dag.py
[2026-04-09T07:25:28.151+0000] {processor.py:840} INFO - DAG(s) 'daily_revenue_etl_dag' retrieved from /opt/airflow/dags/daily_revenue_etl_dag.py
[2026-04-09T07:25:28.188+0000] {logging_mixin.py:188} INFO - [2026-04-09T07:25:28.187+0000] {dag.py:3036} INFO - Sync 1 DAGs
[2026-04-09T07:25:28.208+0000] {logging_mixin.py:188} INFO - [2026-04-09T07:25:28.208+0000] {dag.py:3823} INFO - Setting next_dagrun for daily_revenue_etl_dag to 2026-04-09 00:00:00+00:00, run_after=2026-04-10 00:00:00+00:00
[2026-04-09T07:25:28.226+0000] {processor.py:183} INFO - Processing /opt/airflow/dags/daily_revenue_etl_dag.py took 0.101 seconds
[2026-04-09T07:49:21.127+0000] {processor.py:161} INFO - Started process (PID=766) to work on /opt/airflow/dags/daily_revenue_etl_dag.py
[2026-04-09T07:49:21.128+0000] {processor.py:830} INFO - Processing file /opt/airflow/dags/daily_revenue_etl_dag.py for tasks to queue
[2026-04-09T07:49:21.129+0000] {logging_mixin.py:188} INFO - [2026-04-09T07:49:21.129+0000] {dagbag.py:538} INFO - Filling up the DagBag from /opt/airflow/dags/daily_revenue_etl_dag.py
[2026-04-09T07:49:21.147+0000] {processor.py:840} INFO - DAG(s) 'daily_revenue_etl_dag' retrieved from /opt/airflow/dags/daily_revenue_etl_dag.py
[2026-04-09T07:49:21.175+0000] {logging_mixin.py:188} INFO - [2026-04-09T07:49:21.175+0000] {dag.py:3036} INFO - Sync 1 DAGs
[2026-04-09T07:49:21.193+0000] {logging_mixin.py:188} INFO - [2026-04-09T07:49:21.193+0000] {dag.py:3823} INFO - Setting next_dagrun for daily_revenue_etl_dag to 2026-04-09 00:00:00+00:00, run_after=2026-04-10 00:00:00+00:00
[2026-04-09T07:49:21.211+0000] {processor.py:183} INFO - Processing /opt/airflow/dags/daily_revenue_etl_dag.py took 0.088 seconds
[2026-04-09T07:49:51.309+0000] {processor.py:161} INFO - Started process (PID=771) to work on /opt/airflow/dags/daily_revenue_etl_dag.py
[2026-04-09T07:49:51.310+0000] {processor.py:830} INFO - Processing file /opt/airflow/dags/daily_revenue_etl_dag.py for tasks to queue
[2026-04-09T07:49:51.311+0000] {logging_mixin.py:188} INFO - [2026-04-09T07:49:51.311+0000] {dagbag.py:538} INFO - Filling up the DagBag from /opt/airflow/dags/daily_revenue_etl_dag.py
[2026-04-09T07:49:51.327+0000] {processor.py:840} INFO - DAG(s) 'daily_revenue_etl_dag' retrieved from /opt/airflow/dags/daily_revenue_etl_dag.py
[2026-04-09T07:49:51.347+0000] {logging_mixin.py:188} INFO - [2026-04-09T07:49:51.347+0000] {dag.py:3036} INFO - Sync 1 DAGs
[2026-04-09T07:49:51.364+0000] {logging_mixin.py:188} INFO - [2026-04-09T07:49:51.364+0000] {dag.py:3823} INFO - Setting next_dagrun for daily_revenue_etl_dag to 2026-04-09 00:00:00+00:00, run_after=2026-04-10 00:00:00+00:00
[2026-04-09T07:49:51.383+0000] {processor.py:183} INFO - Processing /opt/airflow/dags/daily_revenue_etl_dag.py took 0.077 seconds
[2026-04-09T07:50:48.738+0000] {processor.py:161} INFO - Started process (PID=776) to work on /opt/airflow/dags/daily_revenue_etl_dag.py
[2026-04-09T07:50:48.739+0000] {processor.py:830} INFO - Processing file /opt/airflow/dags/daily_revenue_etl_dag.py for tasks to queue
[2026-04-09T07:50:48.740+0000] {logging_mixin.py:188} INFO - [2026-04-09T07:50:48.740+0000] {dagbag.py:538} INFO - Filling up the DagBag from /opt/airflow/dags/daily_revenue_etl_dag.py
[2026-04-09T07:50:48.755+0000] {processor.py:840} INFO - DAG(s) 'daily_revenue_etl_dag' retrieved from /opt/airflow/dags/daily_revenue_etl_dag.py
[2026-04-09T07:50:48.775+0000] {logging_mixin.py:188} INFO - [2026-04-09T07:50:48.775+0000] {dag.py:3036} INFO - Sync 1 DAGs
[2026-04-09T07:50:48.798+0000] {logging_mixin.py:188} INFO - [2026-04-09T07:50:48.798+0000] {dag.py:3823} INFO - Setting next_dagrun for daily_revenue_etl_dag to 2026-04-09 00:00:00+00:00, run_after=2026-04-10 00:00:00+00:00
[2026-04-09T07:50:48.818+0000] {processor.py:183} INFO - Processing /opt/airflow/dags/daily_revenue_etl_dag.py took 0.082 seconds
[2026-04-09T07:51:52.093+0000] {processor.py:161} INFO - Started process (PID=781) to work on /opt/airflow/dags/daily_revenue_etl_dag.py
[2026-04-09T07:51:52.095+0000] {processor.py:830} INFO - Processing file /opt/airflow/dags/daily_revenue_etl_dag.py for tasks to queue
[2026-04-09T07:51:52.097+0000] {logging_mixin.py:188} INFO - [2026-04-09T07:51:52.096+0000] {dagbag.py:538} INFO - Filling up the DagBag from /opt/airflow/dags/daily_revenue_etl_dag.py
[2026-04-09T07:51:52.125+0000] {processor.py:840} INFO - DAG(s) 'daily_revenue_etl_dag' retrieved from /opt/airflow/dags/daily_revenue_etl_dag.py
[2026-04-09T07:51:52.165+0000] {logging_mixin.py:188} INFO - [2026-04-09T07:51:52.165+0000] {dag.py:3036} INFO - Sync 1 DAGs
[2026-04-09T07:51:52.198+0000] {logging_mixin.py:188} INFO - [2026-04-09T07:51:52.197+0000] {dag.py:3823} INFO - Setting next_dagrun for daily_revenue_etl_dag to 2026-04-09 00:00:00+00:00, run_after=2026-04-10 00:00:00+00:00
[2026-04-09T07:51:52.232+0000] {processor.py:183} INFO - Processing /opt/airflow/dags/daily_revenue_etl_dag.py took 0.144 seconds
[2026-04-09T07:52:26.437+0000] {processor.py:161} INFO - Started process (PID=786) to work on /opt/airflow/dags/daily_revenue_etl_dag.py
[2026-04-09T07:52:26.438+0000] {processor.py:830} INFO - Processing file /opt/airflow/dags/daily_revenue_etl_dag.py for tasks to queue
[2026-04-09T07:52:26.439+0000] {logging_mixin.py:188} INFO - [2026-04-09T07:52:26.438+0000] {dagbag.py:538} INFO - Filling up the DagBag from /opt/airflow/dags/daily_revenue_etl_dag.py
[2026-04-09T07:52:26.458+0000] {processor.py:840} INFO - DAG(s) 'daily_revenue_etl_dag' retrieved from /opt/airflow/dags/daily_revenue_etl_dag.py
[2026-04-09T07:52:26.482+0000] {logging_mixin.py:188} INFO - [2026-04-09T07:52:26.481+0000] {dag.py:3036} INFO - Sync 1 DAGs
[2026-04-09T07:52:26.501+0000] {logging_mixin.py:188} INFO - [2026-04-09T07:52:26.501+0000] {dag.py:3823} INFO - Setting next_dagrun for daily_revenue_etl_dag to 2026-04-09 00:00:00+00:00, run_after=2026-04-10 00:00:00+00:00
[2026-04-09T07:52:26.530+0000] {processor.py:183} INFO - Processing /opt/airflow/dags/daily_revenue_etl_dag.py took 0.096 seconds
[2026-04-09T07:52:56.618+0000] {processor.py:161} INFO - Started process (PID=791) to work on /opt/airflow/dags/daily_revenue_etl_dag.py
[2026-04-09T07:52:56.619+0000] {processor.py:830} INFO - Processing file /opt/airflow/dags/daily_revenue_etl_dag.py for tasks to queue
[2026-04-09T07:52:56.620+0000] {logging_mixin.py:188} INFO - [2026-04-09T07:52:56.620+0000] {dagbag.py:538} INFO - Filling up the DagBag from /opt/airflow/dags/daily_revenue_etl_dag.py
[2026-04-09T07:52:56.637+0000] {processor.py:840} INFO - DAG(s) 'daily_revenue_etl_dag' retrieved from /opt/airflow/dags/daily_revenue_etl_dag.py
[2026-04-09T07:29:05.894+0000] {logging_mixin.py:188} INFO - [2026-04-09T07:29:05.894+0000] {dag.py:3036} INFO - Sync 1 DAGs
[2026-04-09T07:29:05.914+0000] {logging_mixin.py:188} INFO - [2026-04-09T07:29:05.914+0000] {dag.py:3823} INFO - Setting next_dagrun for daily_revenue_etl_dag to 2026-04-09 00:00:00+00:00, run_after=2026-04-10 00:00:00+00:00
[2026-04-09T07:29:05.929+0000] {processor.py:183} INFO - Processing /opt/airflow/dags/daily_revenue_etl_dag.py took 0.085 seconds
[2026-04-09T07:29:28.058+0000] {processor.py:161} INFO - Started process (PID=796) to work on /opt/airflow/dags/daily_revenue_etl_dag.py
[2026-04-09T07:29:28.059+0000] {processor.py:830} INFO - Processing file /opt/airflow/dags/daily_revenue_etl_dag.py for tasks to queue
[2026-04-09T07:29:28.060+0000] {logging_mixin.py:188} INFO - [2026-04-09T07:29:28.060+0000] {dagbag.py:538} INFO - Filling up the DagBag from /opt/airflow/dags/daily_revenue_etl_dag.py
[2026-04-09T07:29:28.077+0000] {processor.py:840} INFO - DAG(s) 'daily_revenue_etl_dag' retrieved from /opt/airflow/dags/daily_revenue_etl_dag.py
[2026-04-09T07:29:28.107+0000] {logging_mixin.py:188} INFO - [2026-04-09T07:29:28.107+0000] {dag.py:3036} INFO - Sync 1 DAGs
[2026-04-09T07:29:28.127+0000] {logging_mixin.py:188} INFO - [2026-04-09T07:29:28.127+0000] {dag.py:3823} INFO - Setting next_dagrun for daily_revenue_etl_dag to 2026-04-09 00:00:00+00:00, run_after=2026-04-10 00:00:00+00:00
[2026-04-09T07:29:28.141+0000] {processor.py:183} INFO - Processing /opt/airflow/dags/daily_revenue_etl_dag.py took 0.086 seconds
[2026-04-09T07:29:58.207+0000] {processor.py:161} INFO - Started process (PID=801) to work on /opt/airflow/dags/daily_revenue_etl_dag.py
[2026-04-09T07:29:58.208+0000] {processor.py:830} INFO - Processing file /opt/airflow/dags/daily_revenue_etl_dag.py for tasks to queue
[2026-04-09T07:29:58.209+0000] {logging_mixin.py:188} INFO - [2026-04-09T07:29:58.209+0000] {dagbag.py:538} INFO - Filling up the DagBag from /opt/airflow/dags/daily_revenue_etl_dag.py
[2026-04-09T07:29:58.226+0000] {processor.py:840} INFO - DAG(s) 'daily_revenue_etl_dag' retrieved from /opt/airflow/dags/daily_revenue_etl_dag.py
[2026-04-09T07:29:58.250+0000] {logging_mixin.py:188} INFO - [2026-04-09T07:29:58.249+0000] {dag.py:3036} INFO - Sync 1 DAGs
[2026-04-09T07:29:58.268+0000] {logging_mixin.py:188} INFO - [2026-04-09T07:29:58.268+0000] {dag.py:3823} INFO - Setting next_dagrun for daily_revenue_etl_dag to 2026-04-09 00:00:00+00:00, run_after=2026-04-10 00:00:00+00:00
[2026-04-09T07:29:58.284+0000] {processor.py:183} INFO - Processing /opt/airflow/dags/daily_revenue_etl_dag.py took 0.080 seconds
[2026-04-09T07:30:28.479+0000] {processor.py:161} INFO - Started process (PID=806) to work on /opt/airflow/dags/daily_revenue_etl_dag.py
[2026-04-09T07:30:28.479+0000] {processor.py:830} INFO - Processing file /opt/airflow/dags/daily_revenue_etl_dag.py for tasks to queue
[2026-04-09T07:30:28.480+0000] {logging_mixin.py:188} INFO - [2026-04-09T07:30:28.480+0000] {dagbag.py:538} INFO - Filling up the DagBag from /opt/airflow/dags/daily_revenue_etl_dag.py
[2026-04-09T07:30:28.498+0000] {processor.py:840} INFO - DAG(s) 'daily_revenue_etl_dag' retrieved from /opt/airflow/dags/daily_revenue_etl_dag.py
[2026-04-09T07:30:28.520+0000] {logging_mixin.py:188} INFO - [2026-04-09T07:30:28.520+0000] {dag.py:3036} INFO - Sync 1 DAGs
[2026-04-09T07:30:28.538+0000] {logging_mixin.py:188} INFO - [2026-04-09T07:30:28.538+0000] {dag.py:3823} INFO - Setting next_dagrun for daily_revenue_etl_dag to 2026-04-09 00:00:00+00:00, run_after=2026-04-10 00:00:00+00:00
[2026-04-09T07:30:28.554+0000] {processor.py:183} INFO - Processing /opt/airflow/dags/daily_revenue_etl_dag.py took 0.078 seconds
[2026-04-09T07:30:58.672+0000] {processor.py:161} INFO - Started process (PID=811) to work on /opt/airflow/dags/daily_revenue_etl_dag.py
[2026-04-09T07:30:58.673+0000] {processor.py:830} INFO - Processing file /opt/airflow/dags/daily_revenue_etl_dag.py for tasks to queue
[2026-04-09T07:30:58.674+0000] {logging_mixin.py:188} INFO - [2026-04-09T07:30:58.674+0000] {dagbag.py:538} INFO - Filling up the DagBag from /opt/airflow/dags/daily_revenue_etl_dag.py
[2026-04-09T07:30:58.690+0000] {processor.py:840} INFO - DAG(s) 'daily_revenue_etl_dag' retrieved from /opt/airflow/dags/daily_revenue_etl_dag.py
[2026-04-09T07:30:58.716+0000] {logging_mixin.py:188} INFO - [2026-04-09T07:30:58.716+0000] {dag.py:3036} INFO - Sync 1 DAGs
[2026-04-09T07:30:58.737+0000] {logging_mixin.py:188} INFO - [2026-04-09T07:30:58.737+0000] {dag.py:3823} INFO - Setting next_dagrun for daily_revenue_etl_dag to 2026-04-09 00:00:00+00:00, run_after=2026-04-10 00:00:00+00:00
[2026-04-09T07:30:58.758+0000] {processor.py:183} INFO - Processing /opt/airflow/dags/daily_revenue_etl_dag.py took 0.089 seconds
[2026-04-09T07:55:18.657+0000] {processor.py:161} INFO - Started process (PID=817) to work on /opt/airflow/dags/daily_revenue_etl_dag.py
[2026-04-09T07:55:18.658+0000] {processor.py:830} INFO - Processing file /opt/airflow/dags/daily_revenue_etl_dag.py for tasks to queue
[2026-04-09T07:55:18.659+0000] {logging_mixin.py:188} INFO - [2026-04-09T07:55:18.658+0000] {dagbag.py:538} INFO - Filling up the DagBag from /opt/airflow/dags/daily_revenue_etl_dag.py
[2026-04-09T07:55:18.674+0000] {processor.py:840} INFO - DAG(s) 'daily_revenue_etl_dag' retrieved from /opt/airflow/dags/daily_revenue_etl_dag.py
[2026-04-09T07:55:18.699+0000] {logging_mixin.py:188} INFO - [2026-04-09T07:55:18.699+0000] {dag.py:3036} INFO - Sync 1 DAGs
[2026-04-09T07:55:18.719+0000] {logging_mixin.py:188} INFO - [2026-04-09T07:55:18.718+0000] {dag.py:3823} INFO - Setting next_dagrun for daily_revenue_etl_dag to 2026-04-09 00:00:00+00:00, run_after=2026-04-10 00:00:00+00:00
[2026-04-09T07:55:18.735+0000] {processor.py:183} INFO - Processing /opt/airflow/dags/daily_revenue_etl_dag.py took 0.081 seconds
[2026-04-09T07:31:58.085+0000] {processor.py:161} INFO - Started process (PID=822) to work on /opt/airflow/dags/daily_revenue_etl_dag.py
[2026-04-09T07:31:58.086+0000] {processor.py:830} INFO - Processing file /opt/airflow/dags/daily_revenue_etl_dag.py for tasks to queue
[2026-04-09T07:31:58.087+0000] {logging_mixin.py:188} INFO - [2026-04-09T07:31:58.086+0000] {dagbag.py:538} INFO - Filling up the DagBag from /opt/airflow/dags/daily_revenue_etl_dag.py
[2026-04-09T07:31:58.103+0000] {processor.py:840} INFO - DAG(s) 'daily_revenue_etl_dag' retrieved from /opt/airflow/dags/daily_revenue_etl_dag.py
[2026-04-09T07:31:58.125+0000] {logging_mixin.py:188} INFO - [2026-04-09T07:31:58.125+0000] {dag.py:3036} INFO - Sync 1 DAGs
[2026-04-09T07:31:58.142+0000] {logging_mixin.py:188} INFO - [2026-04-09T07:31:58.142+0000] {dag.py:3823} INFO - Setting next_dagrun for daily_revenue_etl_dag to 2026-04-09 00:00:00+00:00, run_after=2026-04-10 00:00:00+00:00
[2026-04-09T07:31:58.156+0000] {processor.py:183} INFO - Processing /opt/airflow/dags/daily_revenue_etl_dag.py took 0.074 seconds
[2026-04-09T07:55:51.943+0000] {processor.py:161} INFO - Started process (PID=827) to work on /opt/airflow/dags/daily_revenue_etl_dag.py
[2026-04-09T07:55:51.944+0000] {processor.py:830} INFO - Processing file /opt/airflow/dags/daily_revenue_etl_dag.py for tasks to queue
[2026-04-09T07:55:51.945+0000] {logging_mixin.py:188} INFO - [2026-04-09T07:55:51.944+0000] {dagbag.py:538} INFO - Filling up the DagBag from /opt/airflow/dags/daily_revenue_etl_dag.py
[2026-04-09T07:55:51.963+0000] {processor.py:840} INFO - DAG(s) 'daily_revenue_etl_dag' retrieved from /opt/airflow/dags/daily_revenue_etl_dag.py
[2026-04-09T07:55:51.987+0000] {logging_mixin.py:188} INFO - [2026-04-09T07:55:51.987+0000] {dag.py:3036} INFO - Sync 1 DAGs
[2026-04-09T07:32:01.231+0000] {logging_mixin.py:188} INFO - [2026-04-09T07:32:01.231+0000] {dag.py:3823} INFO - Setting next_dagrun for daily_revenue_etl_dag to 2026-04-09 00:00:00+00:00, run_after=2026-04-10 00:00:00+00:00
[2026-04-09T07:32:01.252+0000] {processor.py:183} INFO - Processing /opt/airflow/dags/daily_revenue_etl_dag.py took 0.090 seconds
[2026-04-09T07:32:06.236+0000] {processor.py:161} INFO - Started process (PID=832) to work on /opt/airflow/dags/daily_revenue_etl_dag.py
[2026-04-09T07:32:06.237+0000] {processor.py:830} INFO - Processing file /opt/airflow/dags/daily_revenue_etl_dag.py for tasks to queue
[2026-04-09T07:32:06.238+0000] {logging_mixin.py:188} INFO - [2026-04-09T07:32:06.238+0000] {dagbag.py:538} INFO - Filling up the DagBag from /opt/airflow/dags/daily_revenue_etl_dag.py
[2026-04-09T07:32:06.255+0000] {processor.py:840} INFO - DAG(s) 'daily_revenue_etl_dag' retrieved from /opt/airflow/dags/daily_revenue_etl_dag.py
[2026-04-09T07:32:06.277+0000] {logging_mixin.py:188} INFO - [2026-04-09T07:32:06.277+0000] {dag.py:3036} INFO - Sync 1 DAGs
[2026-04-09T07:32:06.296+0000] {logging_mixin.py:188} INFO - [2026-04-09T07:32:06.296+0000] {dag.py:3823} INFO - Setting next_dagrun for daily_revenue_etl_dag to 2026-04-09 00:00:00+00:00, run_after=2026-04-10 00:00:00+00:00
[2026-04-09T07:32:06.314+0000] {processor.py:183} INFO - Processing /opt/airflow/dags/daily_revenue_etl_dag.py took 0.081 seconds
[2026-04-09T07:32:36.482+0000] {processor.py:161} INFO - Started process (PID=838) to work on /opt/airflow/dags/daily_revenue_etl_dag.py
[2026-04-09T07:32:36.483+0000] {processor.py:830} INFO - Processing file /opt/airflow/dags/daily_revenue_etl_dag.py for tasks to queue
[2026-04-09T07:32:36.484+0000] {logging_mixin.py:188} INFO - [2026-04-09T07:32:36.484+0000] {dagbag.py:538} INFO - Filling up the DagBag from /opt/airflow/dags/daily_revenue_etl_dag.py
[2026-04-09T07:32:36.500+0000] {processor.py:840} INFO - DAG(s) 'daily_revenue_etl_dag' retrieved from /opt/airflow/dags/daily_revenue_etl_dag.py
[2026-04-09T07:32:36.520+0000] {logging_mixin.py:188} INFO - [2026-04-09T07:32:36.520+0000] {dag.py:3036} INFO - Sync 1 DAGs
[2026-04-09T07:32:36.544+0000] {logging_mixin.py:188} INFO - [2026-04-09T07:32:36.544+0000] {dag.py:3823} INFO - Setting next_dagrun for daily_revenue_etl_dag to 2026-04-09 00:00:00+00:00, run_after=2026-04-10 00:00:00+00:00
[2026-04-09T07:32:36.564+0000] {processor.py:183} INFO - Processing /opt/airflow/dags/daily_revenue_etl_dag.py took 0.085 seconds
[2026-04-09T07:33:06.743+0000] {processor.py:161} INFO - Started process (PID=844) to work on /opt/airflow/dags/daily_revenue_etl_dag.py
[2026-04-09T07:33:06.746+0000] {processor.py:830} INFO - Processing file /opt/airflow/dags/daily_revenue_etl_dag.py for tasks to queue
[2026-04-09T07:33:06.749+0000] {logging_mixin.py:188} INFO - [2026-04-09T07:33:06.748+0000] {dagbag.py:538} INFO - Filling up the DagBag from /opt/airflow/dags/daily_revenue_etl_dag.py
[2026-04-09T07:33:06.800+0000] {processor.py:840} INFO - DAG(s) 'daily_revenue_etl_dag' retrieved from /opt/airflow/dags/daily_revenue_etl_dag.py
[2026-04-09T07:33:06.858+0000] {logging_mixin.py:188} INFO - [2026-04-09T07:33:06.858+0000] {dag.py:3036} INFO - Sync 1 DAGs
[2026-04-09T07:33:06.900+0000] {logging_mixin.py:188} INFO - [2026-04-09T07:33:06.900+0000] {dag.py:3823} INFO - Setting next_dagrun for daily_revenue_etl_dag to 2026-04-09 00:00:00+00:00, run_after=2026-04-10 00:00:00+00:00
[2026-04-09T07:33:06.938+0000] {processor.py:183} INFO - Processing /opt/airflow/dags/daily_revenue_etl_dag.py took 0.205 seconds
[2026-04-09T07:57:18.748+0000] {processor.py:161} INFO - Started process (PID=849) to work on /opt/airflow/dags/daily_revenue_etl_dag.py
[2026-04-09T07:57:18.752+0000] {processor.py:830} INFO - Processing file /opt/airflow/dags/daily_revenue_etl_dag.py for tasks to queue
[2026-04-09T07:57:18.756+0000] {logging_mixin.py:188} INFO - [2026-04-09T07:57:18.754+0000] {dagbag.py:538} INFO - Filling up the DagBag from /opt/airflow/dags/daily_revenue_etl_dag.py
[2026-04-09T07:57:18.819+0000] {processor.py:840} INFO - DAG(s) 'daily_revenue_etl_dag' retrieved from /opt/airflow/dags/daily_revenue_etl_dag.py
[2026-04-09T07:33:28.125+0000] {logging_mixin.py:188} INFO - [2026-04-09T07:33:28.124+0000] {dag.py:3036} INFO - Sync 1 DAGs
[2026-04-09T07:33:28.232+0000] {logging_mixin.py:188} INFO - [2026-04-09T07:33:28.231+0000] {dag.py:3823} INFO - Setting next_dagrun for daily_revenue_etl_dag to 2026-04-09 00:00:00+00:00, run_after=2026-04-10 00:00:00+00:00
[2026-04-09T07:33:28.287+0000] {processor.py:183} INFO - Processing /opt/airflow/dags/daily_revenue_etl_dag.py took 0.317 seconds
[2026-04-09T07:57:22.122+0000] {processor.py:161} INFO - Started process (PID=854) to work on /opt/airflow/dags/daily_revenue_etl_dag.py
[2026-04-09T07:57:22.123+0000] {processor.py:830} INFO - Processing file /opt/airflow/dags/daily_revenue_etl_dag.py for tasks to queue
[2026-04-09T07:57:22.124+0000] {logging_mixin.py:188} INFO - [2026-04-09T07:57:22.123+0000] {dagbag.py:538} INFO - Filling up the DagBag from /opt/airflow/dags/daily_revenue_etl_dag.py
[2026-04-09T07:33:31.377+0000] {processor.py:840} INFO - DAG(s) 'daily_revenue_etl_dag' retrieved from /opt/airflow/dags/daily_revenue_etl_dag.py
[2026-04-09T07:33:31.403+0000] {logging_mixin.py:188} INFO - [2026-04-09T07:33:31.403+0000] {dag.py:3036} INFO - Sync 1 DAGs
[2026-04-09T07:33:31.426+0000] {logging_mixin.py:188} INFO - [2026-04-09T07:33:31.426+0000] {dag.py:3823} INFO - Setting next_dagrun for daily_revenue_etl_dag to 2026-04-09 00:00:00+00:00, run_after=2026-04-10 00:00:00+00:00
[2026-04-09T07:33:31.444+0000] {processor.py:183} INFO - Processing /opt/airflow/dags/daily_revenue_etl_dag.py took 0.094 seconds
[2026-04-09T07:34:01.617+0000] {processor.py:161} INFO - Started process (PID=859) to work on /opt/airflow/dags/daily_revenue_etl_dag.py
[2026-04-09T07:34:01.619+0000] {processor.py:830} INFO - Processing file /opt/airflow/dags/daily_revenue_etl_dag.py for tasks to queue
[2026-04-09T07:34:01.620+0000] {logging_mixin.py:188} INFO - [2026-04-09T07:34:01.619+0000] {dagbag.py:538} INFO - Filling up the DagBag from /opt/airflow/dags/daily_revenue_etl_dag.py
[2026-04-09T07:34:01.639+0000] {processor.py:840} INFO - DAG(s) 'daily_revenue_etl_dag' retrieved from /opt/airflow/dags/daily_revenue_etl_dag.py
[2026-04-09T07:34:01.662+0000] {logging_mixin.py:188} INFO - [2026-04-09T07:34:01.661+0000] {dag.py:3036} INFO - Sync 1 DAGs
[2026-04-09T07:34:01.684+0000] {logging_mixin.py:188} INFO - [2026-04-09T07:34:01.684+0000] {dag.py:3823} INFO - Setting next_dagrun for daily_revenue_etl_dag to 2026-04-09 00:00:00+00:00, run_after=2026-04-10 00:00:00+00:00
[2026-04-09T07:34:01.702+0000] {processor.py:183} INFO - Processing /opt/airflow/dags/daily_revenue_etl_dag.py took 0.089 seconds
[2026-04-09T07:58:18.684+0000] {processor.py:161} INFO - Started process (PID=864) to work on /opt/airflow/dags/daily_revenue_etl_dag.py
[2026-04-09T07:58:18.686+0000] {processor.py:830} INFO - Processing file /opt/airflow/dags/daily_revenue_etl_dag.py for tasks to queue
[2026-04-09T07:58:18.687+0000] {logging_mixin.py:188} INFO - [2026-04-09T07:58:18.687+0000] {dagbag.py:538} INFO - Filling up the DagBag from /opt/airflow/dags/daily_revenue_etl_dag.py
[2026-04-09T07:58:18.703+0000] {processor.py:840} INFO - DAG(s) 'daily_revenue_etl_dag' retrieved from /opt/airflow/dags/daily_revenue_etl_dag.py
[2026-04-09T07:58:18.729+0000] {logging_mixin.py:188} INFO - [2026-04-09T07:58:18.729+0000] {dag.py:3036} INFO - Sync 1 DAGs
[2026-04-09T07:58:18.750+0000] {logging_mixin.py:188} INFO - [2026-04-09T07:58:18.749+0000] {dag.py:3823} INFO - Setting next_dagrun for daily_revenue_etl_dag to 2026-04-09 00:00:00+00:00, run_after=2026-04-10 00:00:00+00:00
[2026-04-09T07:58:18.774+0000] {processor.py:183} INFO - Processing /opt/airflow/dags/daily_revenue_etl_dag.py took 0.093 seconds
[2026-04-09T07:59:12.252+0000] {processor.py:161} INFO - Started process (PID=869) to work on /opt/airflow/dags/daily_revenue_etl_dag.py
[2026-04-09T07:59:12.261+0000] {processor.py:830} INFO - Processing file /opt/airflow/dags/daily_revenue_etl_dag.py for tasks to queue
[2026-04-09T07:59:12.270+0000] {logging_mixin.py:188} INFO - [2026-04-09T07:59:12.267+0000] {dagbag.py:538} INFO - Filling up the DagBag from /opt/airflow/dags/daily_revenue_etl_dag.py
[2026-04-09T07:59:12.315+0000] {processor.py:840} INFO - DAG(s) 'daily_revenue_etl_dag' retrieved from /opt/airflow/dags/daily_revenue_etl_dag.py
[2026-04-09T07:35:21.601+0000] {logging_mixin.py:188} INFO - [2026-04-09T07:35:21.600+0000] {dag.py:3036} INFO - Sync 1 DAGs
[2026-04-09T07:35:21.645+0000] {logging_mixin.py:188} INFO - [2026-04-09T07:35:21.644+0000] {dag.py:3823} INFO - Setting next_dagrun for daily_revenue_etl_dag to 2026-04-09 00:00:00+00:00, run_after=2026-04-10 00:00:00+00:00
[2026-04-09T07:35:21.685+0000] {processor.py:183} INFO - Processing /opt/airflow/dags/daily_revenue_etl_dag.py took 0.216 seconds
[2026-04-09T07:59:17.263+0000] {processor.py:161} INFO - Started process (PID=874) to work on /opt/airflow/dags/daily_revenue_etl_dag.py
[2026-04-09T07:59:17.264+0000] {processor.py:830} INFO - Processing file /opt/airflow/dags/daily_revenue_etl_dag.py for tasks to queue
[2026-04-09T07:59:17.265+0000] {logging_mixin.py:188} INFO - [2026-04-09T07:59:17.264+0000] {dagbag.py:538} INFO - Filling up the DagBag from /opt/airflow/dags/daily_revenue_etl_dag.py
[2026-04-09T07:59:17.286+0000] {processor.py:840} INFO - DAG(s) 'daily_revenue_etl_dag' retrieved from /opt/airflow/dags/daily_revenue_etl_dag.py
[2026-04-09T07:59:17.312+0000] {logging_mixin.py:188} INFO - [2026-04-09T07:59:17.312+0000] {dag.py:3036} INFO - Sync 1 DAGs
[2026-04-09T07:59:17.338+0000] {logging_mixin.py:188} INFO - [2026-04-09T07:59:17.338+0000] {dag.py:3823} INFO - Setting next_dagrun for daily_revenue_etl_dag to 2026-04-09 00:00:00+00:00, run_after=2026-04-10 00:00:00+00:00
[2026-04-09T07:35:26.594+0000] {processor.py:183} INFO - Processing /opt/airflow/dags/daily_revenue_etl_dag.py took 0.099 seconds
[2026-04-09T07:59:22.305+0000] {processor.py:161} INFO - Started process (PID=879) to work on /opt/airflow/dags/daily_revenue_etl_dag.py
[2026-04-09T07:59:22.306+0000] {processor.py:830} INFO - Processing file /opt/airflow/dags/daily_revenue_etl_dag.py for tasks to queue
[2026-04-09T07:59:22.308+0000] {logging_mixin.py:188} INFO - [2026-04-09T07:59:22.307+0000] {dagbag.py:538} INFO - Filling up the DagBag from /opt/airflow/dags/daily_revenue_etl_dag.py
[2026-04-09T07:59:22.330+0000] {processor.py:840} INFO - DAG(s) 'daily_revenue_etl_dag' retrieved from /opt/airflow/dags/daily_revenue_etl_dag.py
[2026-04-09T07:59:22.361+0000] {logging_mixin.py:188} INFO - [2026-04-09T07:59:22.360+0000] {dag.py:3036} INFO - Sync 1 DAGs
[2026-04-09T07:35:31.605+0000] {logging_mixin.py:188} INFO - [2026-04-09T07:35:31.605+0000] {dag.py:3823} INFO - Setting next_dagrun for daily_revenue_etl_dag to 2026-04-09 00:00:00+00:00, run_after=2026-04-10 00:00:00+00:00
[2026-04-09T07:35:31.627+0000] {processor.py:183} INFO - Processing /opt/airflow/dags/daily_revenue_etl_dag.py took 0.102 seconds
[2026-04-09T07:36:01.928+0000] {processor.py:161} INFO - Started process (PID=884) to work on /opt/airflow/dags/daily_revenue_etl_dag.py
[2026-04-09T07:36:01.932+0000] {processor.py:830} INFO - Processing file /opt/airflow/dags/daily_revenue_etl_dag.py for tasks to queue
[2026-04-09T07:36:01.934+0000] {logging_mixin.py:188} INFO - [2026-04-09T07:36:01.933+0000] {dagbag.py:538} INFO - Filling up the DagBag from /opt/airflow/dags/daily_revenue_etl_dag.py
[2026-04-09T07:36:02.038+0000] {processor.py:840} INFO - DAG(s) 'daily_revenue_etl_dag' retrieved from /opt/airflow/dags/daily_revenue_etl_dag.py
[2026-04-09T07:36:02.073+0000] {logging_mixin.py:188} INFO - [2026-04-09T07:36:02.072+0000] {dag.py:3036} INFO - Sync 1 DAGs
[2026-04-09T07:36:02.104+0000] {logging_mixin.py:188} INFO - [2026-04-09T07:36:02.104+0000] {dag.py:3823} INFO - Setting next_dagrun for daily_revenue_etl_dag to 2026-04-09 00:00:00+00:00, run_after=2026-04-10 00:00:00+00:00
[2026-04-09T07:36:02.141+0000] {processor.py:183} INFO - Processing /opt/airflow/dags/daily_revenue_etl_dag.py took 0.217 seconds
[2026-04-09T07:36:28.129+0000] {processor.py:161} INFO - Started process (PID=889) to work on /opt/airflow/dags/daily_revenue_etl_dag.py
[2026-04-09T07:36:28.131+0000] {processor.py:830} INFO - Processing file /opt/airflow/dags/daily_revenue_etl_dag.py for tasks to queue
[2026-04-09T07:36:28.133+0000] {logging_mixin.py:188} INFO - [2026-04-09T07:36:28.132+0000] {dagbag.py:538} INFO - Filling up the DagBag from /opt/airflow/dags/daily_revenue_etl_dag.py
[2026-04-09T07:36:28.159+0000] {processor.py:840} INFO - DAG(s) 'daily_revenue_etl_dag' retrieved from /opt/airflow/dags/daily_revenue_etl_dag.py
[2026-04-09T07:36:28.196+0000] {logging_mixin.py:188} INFO - [2026-04-09T07:36:28.196+0000] {dag.py:3036} INFO - Sync 1 DAGs
[2026-04-09T07:36:28.227+0000] {logging_mixin.py:188} INFO - [2026-04-09T07:36:28.226+0000] {dag.py:3823} INFO - Setting next_dagrun for daily_revenue_etl_dag to 2026-04-09 00:00:00+00:00, run_after=2026-04-10 00:00:00+00:00
[2026-04-09T07:36:28.267+0000] {processor.py:183} INFO - Processing /opt/airflow/dags/daily_revenue_etl_dag.py took 0.142 seconds
[2026-04-09T07:36:58.330+0000] {processor.py:161} INFO - Started process (PID=895) to work on /opt/airflow/dags/daily_revenue_etl_dag.py
[2026-04-09T07:36:58.331+0000] {processor.py:830} INFO - Processing file /opt/airflow/dags/daily_revenue_etl_dag.py for tasks to queue
[2026-04-09T07:36:58.332+0000] {logging_mixin.py:188} INFO - [2026-04-09T07:36:58.332+0000] {dagbag.py:538} INFO - Filling up the DagBag from /opt/airflow/dags/daily_revenue_etl_dag.py
[2026-04-09T07:36:58.354+0000] {processor.py:840} INFO - DAG(s) 'daily_revenue_etl_dag' retrieved from /opt/airflow/dags/daily_revenue_etl_dag.py
[2026-04-09T07:36:58.383+0000] {logging_mixin.py:188} INFO - [2026-04-09T07:36:58.383+0000] {dag.py:3036} INFO - Sync 1 DAGs
[2026-04-09T07:36:58.407+0000] {logging_mixin.py:188} INFO - [2026-04-09T07:36:58.407+0000] {dag.py:3823} INFO - Setting next_dagrun for daily_revenue_etl_dag to 2026-04-09 00:00:00+00:00, run_after=2026-04-10 00:00:00+00:00
[2026-04-09T07:36:58.424+0000] {processor.py:183} INFO - Processing /opt/airflow/dags/daily_revenue_etl_dag.py took 0.100 seconds
[2026-04-09T08:01:07.381+0000] {processor.py:161} INFO - Started process (PID=901) to work on /opt/airflow/dags/daily_revenue_etl_dag.py
[2026-04-09T08:01:07.384+0000] {processor.py:830} INFO - Processing file /opt/airflow/dags/daily_revenue_etl_dag.py for tasks to queue
[2026-04-09T08:01:07.386+0000] {logging_mixin.py:188} INFO - [2026-04-09T08:01:07.386+0000] {dagbag.py:538} INFO - Filling up the DagBag from /opt/airflow/dags/daily_revenue_etl_dag.py
[2026-04-09T08:01:07.437+0000] {processor.py:840} INFO - DAG(s) 'daily_revenue_etl_dag' retrieved from /opt/airflow/dags/daily_revenue_etl_dag.py
[2026-04-09T08:01:07.481+0000] {logging_mixin.py:188} INFO - [2026-04-09T08:01:07.481+0000] {dag.py:3036} INFO - Sync 1 DAGs
[2026-04-09T08:01:07.515+0000] {logging_mixin.py:188} INFO - [2026-04-09T08:01:07.514+0000] {dag.py:3823} INFO - Setting next_dagrun for daily_revenue_etl_dag to 2026-04-09 00:00:00+00:00, run_after=2026-04-10 00:00:00+00:00
[2026-04-09T07:37:16.778+0000] {processor.py:183} INFO - Processing /opt/airflow/dags/daily_revenue_etl_dag.py took 0.171 seconds
[2026-04-09T08:01:12.418+0000] {processor.py:161} INFO - Started process (PID=906) to work on /opt/airflow/dags/daily_revenue_etl_dag.py
[2026-04-09T08:01:12.420+0000] {processor.py:830} INFO - Processing file /opt/airflow/dags/daily_revenue_etl_dag.py for tasks to queue
[2026-04-09T08:01:12.421+0000] {logging_mixin.py:188} INFO - [2026-04-09T08:01:12.421+0000] {dagbag.py:538} INFO - Filling up the DagBag from /opt/airflow/dags/daily_revenue_etl_dag.py
[2026-04-09T08:01:12.440+0000] {processor.py:840} INFO - DAG(s) 'daily_revenue_etl_dag' retrieved from /opt/airflow/dags/daily_revenue_etl_dag.py
[2026-04-09T08:01:12.471+0000] {logging_mixin.py:188} INFO - [2026-04-09T08:01:12.471+0000] {dag.py:3036} INFO - Sync 1 DAGs
[2026-04-09T08:01:12.505+0000] {logging_mixin.py:188} INFO - [2026-04-09T08:01:12.504+0000] {dag.py:3823} INFO - Setting next_dagrun for daily_revenue_etl_dag to 2026-04-09 00:00:00+00:00, run_after=2026-04-10 00:00:00+00:00
[2026-04-09T07:37:21.782+0000] {processor.py:183} INFO - Processing /opt/airflow/dags/daily_revenue_etl_dag.py took 0.117 seconds
[2026-04-09T08:01:17.473+0000] {processor.py:161} INFO - Started process (PID=911) to work on /opt/airflow/dags/daily_revenue_etl_dag.py
[2026-04-09T08:01:17.474+0000] {processor.py:830} INFO - Processing file /opt/airflow/dags/daily_revenue_etl_dag.py for tasks to queue
[2026-04-09T08:01:17.475+0000] {logging_mixin.py:188} INFO - [2026-04-09T08:01:17.475+0000] {dagbag.py:538} INFO - Filling up the DagBag from /opt/airflow/dags/daily_revenue_etl_dag.py
[2026-04-09T08:01:17.501+0000] {processor.py:840} INFO - DAG(s) 'daily_revenue_etl_dag' retrieved from /opt/airflow/dags/daily_revenue_etl_dag.py
[2026-04-09T07:37:26.803+0000] {logging_mixin.py:188} INFO - [2026-04-09T07:37:26.803+0000] {dag.py:3036} INFO - Sync 1 DAGs
[2026-04-09T07:37:26.848+0000] {logging_mixin.py:188} INFO - [2026-04-09T07:37:26.848+0000] {dag.py:3823} INFO - Setting next_dagrun for daily_revenue_etl_dag to 2026-04-09 00:00:00+00:00, run_after=2026-04-10 00:00:00+00:00
[2026-04-09T07:37:26.883+0000] {processor.py:183} INFO - Processing /opt/airflow/dags/daily_revenue_etl_dag.py took 0.171 seconds
[2026-04-09T08:01:18.695+0000] {processor.py:161} INFO - Started process (PID=916) to work on /opt/airflow/dags/daily_revenue_etl_dag.py
[2026-04-09T08:01:18.696+0000] {processor.py:830} INFO - Processing file /opt/airflow/dags/daily_revenue_etl_dag.py for tasks to queue
[2026-04-09T08:01:18.697+0000] {logging_mixin.py:188} INFO - [2026-04-09T08:01:18.696+0000] {dagbag.py:538} INFO - Filling up the DagBag from /opt/airflow/dags/daily_revenue_etl_dag.py
[2026-04-09T08:01:18.715+0000] {processor.py:840} INFO - DAG(s) 'daily_revenue_etl_dag' retrieved from /opt/airflow/dags/daily_revenue_etl_dag.py
[2026-04-09T08:01:18.740+0000] {logging_mixin.py:188} INFO - [2026-04-09T08:01:18.740+0000] {dag.py:3036} INFO - Sync 1 DAGs
[2026-04-09T08:01:18.764+0000] {logging_mixin.py:188} INFO - [2026-04-09T08:01:18.764+0000] {dag.py:3823} INFO - Setting next_dagrun for daily_revenue_etl_dag to 2026-04-09 00:00:00+00:00, run_after=2026-04-10 00:00:00+00:00
[2026-04-09T08:01:18.788+0000] {processor.py:183} INFO - Processing /opt/airflow/dags/daily_revenue_etl_dag.py took 0.096 seconds
[2026-04-09T08:01:48.875+0000] {processor.py:161} INFO - Started process (PID=922) to work on /opt/airflow/dags/daily_revenue_etl_dag.py
[2026-04-09T08:01:48.876+0000] {processor.py:830} INFO - Processing file /opt/airflow/dags/daily_revenue_etl_dag.py for tasks to queue
[2026-04-09T08:01:48.877+0000] {logging_mixin.py:188} INFO - [2026-04-09T08:01:48.877+0000] {dagbag.py:538} INFO - Filling up the DagBag from /opt/airflow/dags/daily_revenue_etl_dag.py
[2026-04-09T07:37:58.138+0000] {processor.py:840} INFO - DAG(s) 'daily_revenue_etl_dag' retrieved from /opt/airflow/dags/daily_revenue_etl_dag.py
[2026-04-09T07:37:58.164+0000] {logging_mixin.py:188} INFO - [2026-04-09T07:37:58.164+0000] {dag.py:3036} INFO - Sync 1 DAGs
[2026-04-09T07:37:58.184+0000] {logging_mixin.py:188} INFO - [2026-04-09T07:37:58.183+0000] {dag.py:3823} INFO - Setting next_dagrun for daily_revenue_etl_dag to 2026-04-09 00:00:00+00:00, run_after=2026-04-10 00:00:00+00:00
[2026-04-09T07:37:58.198+0000] {processor.py:183} INFO - Processing /opt/airflow/dags/daily_revenue_etl_dag.py took 0.086 seconds
[2026-04-09T07:38:28.370+0000] {processor.py:161} INFO - Started process (PID=928) to work on /opt/airflow/dags/daily_revenue_etl_dag.py
[2026-04-09T07:38:28.371+0000] {processor.py:830} INFO - Processing file /opt/airflow/dags/daily_revenue_etl_dag.py for tasks to queue
[2026-04-09T07:38:28.371+0000] {logging_mixin.py:188} INFO - [2026-04-09T07:38:28.371+0000] {dagbag.py:538} INFO - Filling up the DagBag from /opt/airflow/dags/daily_revenue_etl_dag.py
[2026-04-09T07:38:28.387+0000] {processor.py:840} INFO - DAG(s) 'daily_revenue_etl_dag' retrieved from /opt/airflow/dags/daily_revenue_etl_dag.py
[2026-04-09T07:38:28.413+0000] {logging_mixin.py:188} INFO - [2026-04-09T07:38:28.413+0000] {dag.py:3036} INFO - Sync 1 DAGs
[2026-04-09T07:38:28.437+0000] {logging_mixin.py:188} INFO - [2026-04-09T07:38:28.436+0000] {dag.py:3823} INFO - Setting next_dagrun for daily_revenue_etl_dag to 2026-04-09 00:00:00+00:00, run_after=2026-04-10 00:00:00+00:00
[2026-04-09T07:38:28.455+0000] {processor.py:183} INFO - Processing /opt/airflow/dags/daily_revenue_etl_dag.py took 0.088 seconds
[2026-04-09T07:38:58.578+0000] {processor.py:161} INFO - Started process (PID=933) to work on /opt/airflow/dags/daily_revenue_etl_dag.py
[2026-04-09T07:38:58.579+0000] {processor.py:830} INFO - Processing file /opt/airflow/dags/daily_revenue_etl_dag.py for tasks to queue
[2026-04-09T07:38:58.580+0000] {logging_mixin.py:188} INFO - [2026-04-09T07:38:58.580+0000] {dagbag.py:538} INFO - Filling up the DagBag from /opt/airflow/dags/daily_revenue_etl_dag.py
[2026-04-09T07:38:58.598+0000] {processor.py:840} INFO - DAG(s) 'daily_revenue_etl_dag' retrieved from /opt/airflow/dags/daily_revenue_etl_dag.py
[2026-04-09T07:38:58.625+0000] {logging_mixin.py:188} INFO - [2026-04-09T07:38:58.625+0000] {dag.py:3036} INFO - Sync 1 DAGs
[2026-04-09T07:38:58.656+0000] {logging_mixin.py:188} INFO - [2026-04-09T07:38:58.655+0000] {dag.py:3823} INFO - Setting next_dagrun for daily_revenue_etl_dag to 2026-04-09 00:00:00+00:00, run_after=2026-04-10 00:00:00+00:00
[2026-04-09T07:38:58.682+0000] {processor.py:183} INFO - Processing /opt/airflow/dags/daily_revenue_etl_dag.py took 0.107 seconds
[2026-04-09T08:03:12.589+0000] {processor.py:161} INFO - Started process (PID=938) to work on /opt/airflow/dags/daily_revenue_etl_dag.py
[2026-04-09T08:03:12.590+0000] {processor.py:830} INFO - Processing file /opt/airflow/dags/daily_revenue_etl_dag.py for tasks to queue
[2026-04-09T08:03:12.591+0000] {logging_mixin.py:188} INFO - [2026-04-09T08:03:12.591+0000] {dagbag.py:538} INFO - Filling up the DagBag from /opt/airflow/dags/daily_revenue_etl_dag.py
[2026-04-09T08:03:12.609+0000] {processor.py:840} INFO - DAG(s) 'daily_revenue_etl_dag' retrieved from /opt/airflow/dags/daily_revenue_etl_dag.py
[2026-04-09T08:03:12.634+0000] {logging_mixin.py:188} INFO - [2026-04-09T08:03:12.634+0000] {dag.py:3036} INFO - Sync 1 DAGs
[2026-04-09T08:03:12.680+0000] {logging_mixin.py:188} INFO - [2026-04-09T08:03:12.679+0000] {dag.py:3823} INFO - Setting next_dagrun for daily_revenue_etl_dag to 2026-04-09 00:00:00+00:00, run_after=2026-04-10 00:00:00+00:00
[2026-04-09T08:03:12.724+0000] {processor.py:183} INFO - Processing /opt/airflow/dags/daily_revenue_etl_dag.py took 0.138 seconds
[2026-04-09T08:03:42.786+0000] {processor.py:161} INFO - Started process (PID=943) to work on /opt/airflow/dags/daily_revenue_etl_dag.py
[2026-04-09T08:03:42.787+0000] {processor.py:830} INFO - Processing file /opt/airflow/dags/daily_revenue_etl_dag.py for tasks to queue
[2026-04-09T08:03:42.788+0000] {logging_mixin.py:188} INFO - [2026-04-09T08:03:42.788+0000] {dagbag.py:538} INFO - Filling up the DagBag from /opt/airflow/dags/daily_revenue_etl_dag.py
[2026-04-09T08:03:42.805+0000] {processor.py:840} INFO - DAG(s) 'daily_revenue_etl_dag' retrieved from /opt/airflow/dags/daily_revenue_etl_dag.py
[2026-04-09T08:03:42.832+0000] {logging_mixin.py:188} INFO - [2026-04-09T08:03:42.832+0000] {dag.py:3036} INFO - Sync 1 DAGs
[2026-04-09T07:39:52.089+0000] {logging_mixin.py:188} INFO - [2026-04-09T07:39:52.089+0000] {dag.py:3823} INFO - Setting next_dagrun for daily_revenue_etl_dag to 2026-04-09 00:00:00+00:00, run_after=2026-04-10 00:00:00+00:00
[2026-04-09T07:39:52.107+0000] {processor.py:183} INFO - Processing /opt/airflow/dags/daily_revenue_etl_dag.py took 0.090 seconds
[2026-04-09T07:39:57.083+0000] {processor.py:161} INFO - Started process (PID=948) to work on /opt/airflow/dags/daily_revenue_etl_dag.py
[2026-04-09T07:39:57.085+0000] {processor.py:830} INFO - Processing file /opt/airflow/dags/daily_revenue_etl_dag.py for tasks to queue
[2026-04-09T07:39:57.086+0000] {logging_mixin.py:188} INFO - [2026-04-09T07:39:57.086+0000] {dagbag.py:538} INFO - Filling up the DagBag from /opt/airflow/dags/daily_revenue_etl_dag.py
[2026-04-09T07:39:57.113+0000] {processor.py:840} INFO - DAG(s) 'daily_revenue_etl_dag' retrieved from /opt/airflow/dags/daily_revenue_etl_dag.py
[2026-04-09T07:39:57.153+0000] {logging_mixin.py:188} INFO - [2026-04-09T07:39:57.152+0000] {dag.py:3036} INFO - Sync 1 DAGs
[2026-04-09T07:39:57.182+0000] {logging_mixin.py:188} INFO - [2026-04-09T07:39:57.181+0000] {dag.py:3823} INFO - Setting next_dagrun for daily_revenue_etl_dag to 2026-04-09 00:00:00+00:00, run_after=2026-04-10 00:00:00+00:00
[2026-04-09T07:39:57.205+0000] {processor.py:183} INFO - Processing /opt/airflow/dags/daily_revenue_etl_dag.py took 0.134 seconds
[2026-04-09T07:39:58.163+0000] {processor.py:161} INFO - Started process (PID=953) to work on /opt/airflow/dags/daily_revenue_etl_dag.py
[2026-04-09T07:39:58.164+0000] {processor.py:830} INFO - Processing file /opt/airflow/dags/daily_revenue_etl_dag.py for tasks to queue
[2026-04-09T07:39:58.165+0000] {logging_mixin.py:188} INFO - [2026-04-09T07:39:58.164+0000] {dagbag.py:538} INFO - Filling up the DagBag from /opt/airflow/dags/daily_revenue_etl_dag.py
[2026-04-09T07:39:58.184+0000] {processor.py:840} INFO - DAG(s) 'daily_revenue_etl_dag' retrieved from /opt/airflow/dags/daily_revenue_etl_dag.py
[2026-04-09T07:39:58.209+0000] {logging_mixin.py:188} INFO - [2026-04-09T07:39:58.209+0000] {dag.py:3036} INFO - Sync 1 DAGs
[2026-04-09T07:39:58.230+0000] {logging_mixin.py:188} INFO - [2026-04-09T07:39:58.230+0000] {dag.py:3823} INFO - Setting next_dagrun for daily_revenue_etl_dag to 2026-04-09 00:00:00+00:00, run_after=2026-04-10 00:00:00+00:00
[2026-04-09T07:39:58.248+0000] {processor.py:183} INFO - Processing /opt/airflow/dags/daily_revenue_etl_dag.py took 0.088 seconds
[2026-04-09T07:40:28.419+0000] {processor.py:161} INFO - Started process (PID=958) to work on /opt/airflow/dags/daily_revenue_etl_dag.py
[2026-04-09T07:40:28.420+0000] {processor.py:830} INFO - Processing file /opt/airflow/dags/daily_revenue_etl_dag.py for tasks to queue
[2026-04-09T07:40:28.420+0000] {logging_mixin.py:188} INFO - [2026-04-09T07:40:28.420+0000] {dagbag.py:538} INFO - Filling up the DagBag from /opt/airflow/dags/daily_revenue_etl_dag.py
[2026-04-09T07:40:28.437+0000] {processor.py:840} INFO - DAG(s) 'daily_revenue_etl_dag' retrieved from /opt/airflow/dags/daily_revenue_etl_dag.py
[2026-04-09T07:40:28.460+0000] {logging_mixin.py:188} INFO - [2026-04-09T07:40:28.460+0000] {dag.py:3036} INFO - Sync 1 DAGs
[2026-04-09T07:40:28.482+0000] {logging_mixin.py:188} INFO - [2026-04-09T07:40:28.481+0000] {dag.py:3823} INFO - Setting next_dagrun for daily_revenue_etl_dag to 2026-04-09 00:00:00+00:00, run_after=2026-04-10 00:00:00+00:00
[2026-04-09T07:40:28.497+0000] {processor.py:183} INFO - Processing /opt/airflow/dags/daily_revenue_etl_dag.py took 0.081 seconds
[2026-04-09T07:40:58.655+0000] {processor.py:161} INFO - Started process (PID=963) to work on /opt/airflow/dags/daily_revenue_etl_dag.py
[2026-04-09T07:40:58.656+0000] {processor.py:830} INFO - Processing file /opt/airflow/dags/daily_revenue_etl_dag.py for tasks to queue
[2026-04-09T07:40:58.658+0000] {logging_mixin.py:188} INFO - [2026-04-09T07:40:58.657+0000] {dagbag.py:538} INFO - Filling up the DagBag from /opt/airflow/dags/daily_revenue_etl_dag.py
[2026-04-09T07:40:58.676+0000] {processor.py:840} INFO - DAG(s) 'daily_revenue_etl_dag' retrieved from /opt/airflow/dags/daily_revenue_etl_dag.py
[2026-04-09T07:40:58.702+0000] {logging_mixin.py:188} INFO - [2026-04-09T07:40:58.701+0000] {dag.py:3036} INFO - Sync 1 DAGs
[2026-04-09T07:40:58.722+0000] {logging_mixin.py:188} INFO - [2026-04-09T07:40:58.722+0000] {dag.py:3823} INFO - Setting next_dagrun for daily_revenue_etl_dag to 2026-04-09 00:00:00+00:00, run_after=2026-04-10 00:00:00+00:00
[2026-04-09T07:40:58.739+0000] {processor.py:183} INFO - Processing /opt/airflow/dags/daily_revenue_etl_dag.py took 0.088 seconds
[2026-04-09T07:41:28.875+0000] {processor.py:161} INFO - Started process (PID=968) to work on /opt/airflow/dags/daily_revenue_etl_dag.py
[2026-04-09T07:41:28.876+0000] {processor.py:830} INFO - Processing file /opt/airflow/dags/daily_revenue_etl_dag.py for tasks to queue
[2026-04-09T07:41:28.878+0000] {logging_mixin.py:188} INFO - [2026-04-09T07:41:28.877+0000] {dagbag.py:538} INFO - Filling up the DagBag from /opt/airflow/dags/daily_revenue_etl_dag.py
[2026-04-09T07:41:28.904+0000] {processor.py:840} INFO - DAG(s) 'daily_revenue_etl_dag' retrieved from /opt/airflow/dags/daily_revenue_etl_dag.py
[2026-04-09T07:41:28.956+0000] {logging_mixin.py:188} INFO - [2026-04-09T07:41:28.955+0000] {dag.py:3036} INFO - Sync 1 DAGs
[2026-04-09T07:41:28.984+0000] {logging_mixin.py:188} INFO - [2026-04-09T07:41:28.983+0000] {dag.py:3823} INFO - Setting next_dagrun for daily_revenue_etl_dag to 2026-04-09 00:00:00+00:00, run_after=2026-04-10 00:00:00+00:00
[2026-04-09T07:41:29.002+0000] {processor.py:183} INFO - Processing /opt/airflow/dags/daily_revenue_etl_dag.py took 0.130 seconds
[2026-04-09T08:05:22.816+0000] {processor.py:161} INFO - Started process (PID=973) to work on /opt/airflow/dags/daily_revenue_etl_dag.py
[2026-04-09T08:05:22.817+0000] {processor.py:830} INFO - Processing file /opt/airflow/dags/daily_revenue_etl_dag.py for tasks to queue
[2026-04-09T08:05:22.818+0000] {logging_mixin.py:188} INFO - [2026-04-09T08:05:22.818+0000] {dagbag.py:538} INFO - Filling up the DagBag from /opt/airflow/dags/daily_revenue_etl_dag.py
[2026-04-09T08:05:22.837+0000] {processor.py:840} INFO - DAG(s) 'daily_revenue_etl_dag' retrieved from /opt/airflow/dags/daily_revenue_etl_dag.py
[2026-04-09T08:05:22.864+0000] {logging_mixin.py:188} INFO - [2026-04-09T08:05:22.864+0000] {dag.py:3036} INFO - Sync 1 DAGs
[2026-04-09T08:05:22.883+0000] {logging_mixin.py:188} INFO - [2026-04-09T08:05:22.882+0000] {dag.py:3823} INFO - Setting next_dagrun for daily_revenue_etl_dag to 2026-04-09 00:00:00+00:00, run_after=2026-04-10 00:00:00+00:00
[2026-04-09T08:05:22.899+0000] {processor.py:183} INFO - Processing /opt/airflow/dags/daily_revenue_etl_dag.py took 0.087 seconds
[2026-04-09T08:05:53.008+0000] {processor.py:161} INFO - Started process (PID=978) to work on /opt/airflow/dags/daily_revenue_etl_dag.py
[2026-04-09T08:05:53.009+0000] {processor.py:830} INFO - Processing file /opt/airflow/dags/daily_revenue_etl_dag.py for tasks to queue
[2026-04-09T08:05:53.010+0000] {logging_mixin.py:188} INFO - [2026-04-09T08:05:53.009+0000] {dagbag.py:538} INFO - Filling up the DagBag from /opt/airflow/dags/daily_revenue_etl_dag.py
[2026-04-09T08:05:53.028+0000] {processor.py:840} INFO - DAG(s) 'daily_revenue_etl_dag' retrieved from /opt/airflow/dags/daily_revenue_etl_dag.py
[2026-04-09T08:05:53.050+0000] {logging_mixin.py:188} INFO - [2026-04-09T08:05:53.050+0000] {dag.py:3036} INFO - Sync 1 DAGs
[2026-04-09T07:42:02.312+0000] {logging_mixin.py:188} INFO - [2026-04-09T07:42:02.312+0000] {dag.py:3823} INFO - Setting next_dagrun for daily_revenue_etl_dag to 2026-04-09 00:00:00+00:00, run_after=2026-04-10 00:00:00+00:00
[2026-04-09T07:42:02.330+0000] {processor.py:183} INFO - Processing /opt/airflow/dags/daily_revenue_etl_dag.py took 0.087 seconds
[2026-04-09T07:42:32.516+0000] {processor.py:161} INFO - Started process (PID=983) to work on /opt/airflow/dags/daily_revenue_etl_dag.py
[2026-04-09T07:42:32.517+0000] {processor.py:830} INFO - Processing file /opt/airflow/dags/daily_revenue_etl_dag.py for tasks to queue
[2026-04-09T07:42:32.518+0000] {logging_mixin.py:188} INFO - [2026-04-09T07:42:32.518+0000] {dagbag.py:538} INFO - Filling up the DagBag from /opt/airflow/dags/daily_revenue_etl_dag.py
[2026-04-09T07:42:32.534+0000] {processor.py:840} INFO - DAG(s) 'daily_revenue_etl_dag' retrieved from /opt/airflow/dags/daily_revenue_etl_dag.py
[2026-04-09T07:42:32.556+0000] {logging_mixin.py:188} INFO - [2026-04-09T07:42:32.556+0000] {dag.py:3036} INFO - Sync 1 DAGs
[2026-04-09T07:42:32.575+0000] {logging_mixin.py:188} INFO - [2026-04-09T07:42:32.575+0000] {dag.py:3823} INFO - Setting next_dagrun for daily_revenue_etl_dag to 2026-04-09 00:00:00+00:00, run_after=2026-04-10 00:00:00+00:00
[2026-04-09T07:42:32.591+0000] {processor.py:183} INFO - Processing /opt/airflow/dags/daily_revenue_etl_dag.py took 0.077 seconds
[2026-04-09T07:43:02.705+0000] {processor.py:161} INFO - Started process (PID=988) to work on /opt/airflow/dags/daily_revenue_etl_dag.py
[2026-04-09T07:43:02.706+0000] {processor.py:830} INFO - Processing file /opt/airflow/dags/daily_revenue_etl_dag.py for tasks to queue
[2026-04-09T07:43:02.707+0000] {logging_mixin.py:188} INFO - [2026-04-09T07:43:02.706+0000] {dagbag.py:538} INFO - Filling up the DagBag from /opt/airflow/dags/daily_revenue_etl_dag.py
[2026-04-09T07:43:02.726+0000] {processor.py:840} INFO - DAG(s) 'daily_revenue_etl_dag' retrieved from /opt/airflow/dags/daily_revenue_etl_dag.py
[2026-04-09T07:43:02.755+0000] {logging_mixin.py:188} INFO - [2026-04-09T07:43:02.754+0000] {dag.py:3036} INFO - Sync 1 DAGs
[2026-04-09T07:43:02.778+0000] {logging_mixin.py:188} INFO - [2026-04-09T07:43:02.778+0000] {dag.py:3823} INFO - Setting next_dagrun for daily_revenue_etl_dag to 2026-04-09 00:00:00+00:00, run_after=2026-04-10 00:00:00+00:00
[2026-04-09T07:43:02.798+0000] {processor.py:183} INFO - Processing /opt/airflow/dags/daily_revenue_etl_dag.py took 0.096 seconds
[2026-04-09T07:43:32.958+0000] {processor.py:161} INFO - Started process (PID=993) to work on /opt/airflow/dags/daily_revenue_etl_dag.py
[2026-04-09T07:43:32.960+0000] {processor.py:830} INFO - Processing file /opt/airflow/dags/daily_revenue_etl_dag.py for tasks to queue
[2026-04-09T07:43:32.961+0000] {logging_mixin.py:188} INFO - [2026-04-09T07:43:32.961+0000] {dagbag.py:538} INFO - Filling up the DagBag from /opt/airflow/dags/daily_revenue_etl_dag.py
[2026-04-09T07:43:32.996+0000] {processor.py:840} INFO - DAG(s) 'daily_revenue_etl_dag' retrieved from /opt/airflow/dags/daily_revenue_etl_dag.py
[2026-04-09T07:43:33.047+0000] {logging_mixin.py:188} INFO - [2026-04-09T07:43:33.047+0000] {dag.py:3036} INFO - Sync 1 DAGs
[2026-04-09T07:43:33.073+0000] {logging_mixin.py:188} INFO - [2026-04-09T07:43:33.073+0000] {dag.py:3823} INFO - Setting next_dagrun for daily_revenue_etl_dag to 2026-04-09 00:00:00+00:00, run_after=2026-04-10 00:00:00+00:00
[2026-04-09T07:43:33.090+0000] {processor.py:183} INFO - Processing /opt/airflow/dags/daily_revenue_etl_dag.py took 0.138 seconds
[2026-04-09T08:07:48.917+0000] {processor.py:161} INFO - Started process (PID=998) to work on /opt/airflow/dags/daily_revenue_etl_dag.py
[2026-04-09T08:07:48.919+0000] {processor.py:830} INFO - Processing file /opt/airflow/dags/daily_revenue_etl_dag.py for tasks to queue
[2026-04-09T08:07:48.921+0000] {logging_mixin.py:188} INFO - [2026-04-09T08:07:48.920+0000] {dagbag.py:538} INFO - Filling up the DagBag from /opt/airflow/dags/daily_revenue_etl_dag.py
[2026-04-09T07:43:58.200+0000] {processor.py:840} INFO - DAG(s) 'daily_revenue_etl_dag' retrieved from /opt/airflow/dags/daily_revenue_etl_dag.py
[2026-04-09T07:43:58.235+0000] {logging_mixin.py:188} INFO - [2026-04-09T07:43:58.234+0000] {dag.py:3036} INFO - Sync 1 DAGs
[2026-04-09T07:43:58.262+0000] {logging_mixin.py:188} INFO - [2026-04-09T07:43:58.262+0000] {dag.py:3823} INFO - Setting next_dagrun for daily_revenue_etl_dag to 2026-04-09 00:00:00+00:00, run_after=2026-04-10 00:00:00+00:00
[2026-04-09T07:43:58.281+0000] {processor.py:183} INFO - Processing /opt/airflow/dags/daily_revenue_etl_dag.py took 0.121 seconds
[2026-04-09T08:07:53.086+0000] {processor.py:161} INFO - Started process (PID=1003) to work on /opt/airflow/dags/daily_revenue_etl_dag.py
[2026-04-09T08:07:53.087+0000] {processor.py:830} INFO - Processing file /opt/airflow/dags/daily_revenue_etl_dag.py for tasks to queue
[2026-04-09T08:07:53.088+0000] {logging_mixin.py:188} INFO - [2026-04-09T08:07:53.088+0000] {dagbag.py:538} INFO - Filling up the DagBag from /opt/airflow/dags/daily_revenue_etl_dag.py
[2026-04-09T08:07:53.105+0000] {processor.py:840} INFO - DAG(s) 'daily_revenue_etl_dag' retrieved from /opt/airflow/dags/daily_revenue_etl_dag.py
[2026-04-09T08:07:53.126+0000] {logging_mixin.py:188} INFO - [2026-04-09T08:07:53.126+0000] {dag.py:3036} INFO - Sync 1 DAGs
[2026-04-09T08:07:53.143+0000] {logging_mixin.py:188} INFO - [2026-04-09T08:07:53.143+0000] {dag.py:3823} INFO - Setting next_dagrun for daily_revenue_etl_dag to 2026-04-09 00:00:00+00:00, run_after=2026-04-10 00:00:00+00:00
[2026-04-09T08:07:53.159+0000] {processor.py:183} INFO - Processing /opt/airflow/dags/daily_revenue_etl_dag.py took 0.077 seconds
[2026-04-09T08:08:23.288+0000] {processor.py:161} INFO - Started process (PID=1008) to work on /opt/airflow/dags/daily_revenue_etl_dag.py
[2026-04-09T08:08:23.300+0000] {processor.py:830} INFO - Processing file /opt/airflow/dags/daily_revenue_etl_dag.py for tasks to queue
[2026-04-09T08:08:23.305+0000] {logging_mixin.py:188} INFO - [2026-04-09T08:08:23.303+0000] {dagbag.py:538} INFO - Filling up the DagBag from /opt/airflow/dags/daily_revenue_etl_dag.py
[2026-04-09T07:44:32.707+0000] {processor.py:840} INFO - DAG(s) 'daily_revenue_etl_dag' retrieved from /opt/airflow/dags/daily_revenue_etl_dag.py
[2026-04-09T07:44:32.808+0000] {logging_mixin.py:188} INFO - [2026-04-09T07:44:32.807+0000] {dag.py:3036} INFO - Sync 1 DAGs
[2026-04-09T07:44:32.919+0000] {logging_mixin.py:188} INFO - [2026-04-09T07:44:32.918+0000] {dag.py:3823} INFO - Setting next_dagrun for daily_revenue_etl_dag to 2026-04-09 00:00:00+00:00, run_after=2026-04-10 00:00:00+00:00
[2026-04-09T07:44:32.968+0000] {processor.py:183} INFO - Processing /opt/airflow/dags/daily_revenue_etl_dag.py took 0.444 seconds
[2026-04-09T07:44:58.232+0000] {processor.py:161} INFO - Started process (PID=1013) to work on /opt/airflow/dags/daily_revenue_etl_dag.py
[2026-04-09T07:44:58.237+0000] {processor.py:830} INFO - Processing file /opt/airflow/dags/daily_revenue_etl_dag.py for tasks to queue
[2026-04-09T07:44:58.240+0000] {logging_mixin.py:188} INFO - [2026-04-09T07:44:58.239+0000] {dagbag.py:538} INFO - Filling up the DagBag from /opt/airflow/dags/daily_revenue_etl_dag.py
[2026-04-09T07:44:58.290+0000] {processor.py:840} INFO - DAG(s) 'daily_revenue_etl_dag' retrieved from /opt/airflow/dags/daily_revenue_etl_dag.py
[2026-04-09T07:44:58.398+0000] {logging_mixin.py:188} INFO - [2026-04-09T07:44:58.397+0000] {dag.py:3036} INFO - Sync 1 DAGs
[2026-04-09T07:44:58.502+0000] {logging_mixin.py:188} INFO - [2026-04-09T07:44:58.501+0000] {dag.py:3823} INFO - Setting next_dagrun for daily_revenue_etl_dag to 2026-04-09 00:00:00+00:00, run_after=2026-04-10 00:00:00+00:00
[2026-04-09T07:44:58.548+0000] {processor.py:183} INFO - Processing /opt/airflow/dags/daily_revenue_etl_dag.py took 0.333 seconds
[2026-04-09T07:45:02.652+0000] {processor.py:161} INFO - Started process (PID=1018) to work on /opt/airflow/dags/daily_revenue_etl_dag.py
[2026-04-09T07:45:02.655+0000] {processor.py:830} INFO - Processing file /opt/airflow/dags/daily_revenue_etl_dag.py for tasks to queue
[2026-04-09T07:45:02.658+0000] {logging_mixin.py:188} INFO - [2026-04-09T07:45:02.657+0000] {dagbag.py:538} INFO - Filling up the DagBag from /opt/airflow/dags/daily_revenue_etl_dag.py
[2026-04-09T07:45:02.694+0000] {processor.py:840} INFO - DAG(s) 'daily_revenue_etl_dag' retrieved from /opt/airflow/dags/daily_revenue_etl_dag.py
[2026-04-09T07:45:02.741+0000] {logging_mixin.py:188} INFO - [2026-04-09T07:45:02.741+0000] {dag.py:3036} INFO - Sync 1 DAGs
[2026-04-09T07:45:02.775+0000] {logging_mixin.py:188} INFO - [2026-04-09T07:45:02.775+0000] {dag.py:3823} INFO - Setting next_dagrun for daily_revenue_etl_dag to 2026-04-09 00:00:00+00:00, run_after=2026-04-10 00:00:00+00:00
[2026-04-09T07:45:02.800+0000] {processor.py:183} INFO - Processing /opt/airflow/dags/daily_revenue_etl_dag.py took 0.156 seconds
[2026-04-09T07:45:33.027+0000] {processor.py:161} INFO - Started process (PID=1023) to work on /opt/airflow/dags/daily_revenue_etl_dag.py
[2026-04-09T07:45:33.029+0000] {processor.py:830} INFO - Processing file /opt/airflow/dags/daily_revenue_etl_dag.py for tasks to queue
[2026-04-09T07:45:33.031+0000] {logging_mixin.py:188} INFO - [2026-04-09T07:45:33.030+0000] {dagbag.py:538} INFO - Filling up the DagBag from /opt/airflow/dags/daily_revenue_etl_dag.py
[2026-04-09T07:45:33.067+0000] {processor.py:840} INFO - DAG(s) 'daily_revenue_etl_dag' retrieved from /opt/airflow/dags/daily_revenue_etl_dag.py
[2026-04-09T07:45:33.107+0000] {logging_mixin.py:188} INFO - [2026-04-09T07:45:33.106+0000] {dag.py:3036} INFO - Sync 1 DAGs
[2026-04-09T07:45:33.139+0000] {logging_mixin.py:188} INFO - [2026-04-09T07:45:33.138+0000] {dag.py:3823} INFO - Setting next_dagrun for daily_revenue_etl_dag to 2026-04-09 00:00:00+00:00, run_after=2026-04-10 00:00:00+00:00
[2026-04-09T07:45:33.165+0000] {processor.py:183} INFO - Processing /opt/airflow/dags/daily_revenue_etl_dag.py took 0.144 seconds
[2026-04-09T07:45:58.223+0000] {processor.py:161} INFO - Started process (PID=1028) to work on /opt/airflow/dags/daily_revenue_etl_dag.py
[2026-04-09T07:45:58.228+0000] {processor.py:830} INFO - Processing file /opt/airflow/dags/daily_revenue_etl_dag.py for tasks to queue
[2026-04-09T07:45:58.232+0000] {logging_mixin.py:188} INFO - [2026-04-09T07:45:58.230+0000] {dagbag.py:538} INFO - Filling up the DagBag from /opt/airflow/dags/daily_revenue_etl_dag.py
[2026-04-09T07:45:58.266+0000] {processor.py:840} INFO - DAG(s) 'daily_revenue_etl_dag' retrieved from /opt/airflow/dags/daily_revenue_etl_dag.py
[2026-04-09T07:45:58.315+0000] {logging_mixin.py:188} INFO - [2026-04-09T07:45:58.314+0000] {dag.py:3036} INFO - Sync 1 DAGs
[2026-04-09T07:45:58.385+0000] {logging_mixin.py:188} INFO - [2026-04-09T07:45:58.385+0000] {dag.py:3823} INFO - Setting next_dagrun for daily_revenue_etl_dag to 2026-04-09 00:00:00+00:00, run_after=2026-04-10 00:00:00+00:00
[2026-04-09T07:45:58.442+0000] {processor.py:183} INFO - Processing /opt/airflow/dags/daily_revenue_etl_dag.py took 0.227 seconds
[2026-04-09T08:10:03.370+0000] {processor.py:161} INFO - Started process (PID=1035) to work on /opt/airflow/dags/daily_revenue_etl_dag.py
[2026-04-09T08:10:03.374+0000] {processor.py:830} INFO - Processing file /opt/airflow/dags/daily_revenue_etl_dag.py for tasks to queue
[2026-04-09T08:10:03.385+0000] {logging_mixin.py:188} INFO - [2026-04-09T08:10:03.376+0000] {dagbag.py:538} INFO - Filling up the DagBag from /opt/airflow/dags/daily_revenue_etl_dag.py
[2026-04-09T08:10:03.452+0000] {processor.py:840} INFO - DAG(s) 'daily_revenue_etl_dag' retrieved from /opt/airflow/dags/daily_revenue_etl_dag.py
[2026-04-09T07:46:12.794+0000] {logging_mixin.py:188} INFO - [2026-04-09T07:46:12.793+0000] {dag.py:3036} INFO - Sync 1 DAGs
[2026-04-09T07:46:12.848+0000] {logging_mixin.py:188} INFO - [2026-04-09T07:46:12.848+0000] {dag.py:3823} INFO - Setting next_dagrun for daily_revenue_etl_dag to 2026-04-09 00:00:00+00:00, run_after=2026-04-10 00:00:00+00:00
[2026-04-09T07:46:12.888+0000] {processor.py:183} INFO - Processing /opt/airflow/dags/daily_revenue_etl_dag.py took 0.279 seconds
[2026-04-09T08:10:08.392+0000] {processor.py:161} INFO - Started process (PID=1040) to work on /opt/airflow/dags/daily_revenue_etl_dag.py
[2026-04-09T08:10:08.394+0000] {processor.py:830} INFO - Processing file /opt/airflow/dags/daily_revenue_etl_dag.py for tasks to queue
[2026-04-09T08:10:08.395+0000] {logging_mixin.py:188} INFO - [2026-04-09T08:10:08.395+0000] {dagbag.py:538} INFO - Filling up the DagBag from /opt/airflow/dags/daily_revenue_etl_dag.py
[2026-04-09T08:10:08.428+0000] {processor.py:840} INFO - DAG(s) 'daily_revenue_etl_dag' retrieved from /opt/airflow/dags/daily_revenue_etl_dag.py
[2026-04-09T08:10:08.473+0000] {logging_mixin.py:188} INFO - [2026-04-09T08:10:08.472+0000] {dag.py:3036} INFO - Sync 1 DAGs
[2026-04-09T08:10:08.508+0000] {logging_mixin.py:188} INFO - [2026-04-09T08:10:08.508+0000] {dag.py:3823} INFO - Setting next_dagrun for daily_revenue_etl_dag to 2026-04-09 00:00:00+00:00, run_after=2026-04-10 00:00:00+00:00
[2026-04-09T07:46:17.788+0000] {processor.py:183} INFO - Processing /opt/airflow/dags/daily_revenue_etl_dag.py took 0.158 seconds
[2026-04-09T08:10:13.439+0000] {processor.py:161} INFO - Started process (PID=1045) to work on /opt/airflow/dags/daily_revenue_etl_dag.py
[2026-04-09T08:10:13.441+0000] {processor.py:830} INFO - Processing file /opt/airflow/dags/daily_revenue_etl_dag.py for tasks to queue
[2026-04-09T08:10:13.442+0000] {logging_mixin.py:188} INFO - [2026-04-09T08:10:13.442+0000] {dagbag.py:538} INFO - Filling up the DagBag from /opt/airflow/dags/daily_revenue_etl_dag.py
[2026-04-09T08:10:13.478+0000] {processor.py:840} INFO - DAG(s) 'daily_revenue_etl_dag' retrieved from /opt/airflow/dags/daily_revenue_etl_dag.py
[2026-04-09T08:10:13.527+0000] {logging_mixin.py:188} INFO - [2026-04-09T08:10:13.527+0000] {dag.py:3036} INFO - Sync 1 DAGs
[2026-04-09T07:46:22.816+0000] {logging_mixin.py:188} INFO - [2026-04-09T07:46:22.815+0000] {dag.py:3823} INFO - Setting next_dagrun for daily_revenue_etl_dag to 2026-04-09 00:00:00+00:00, run_after=2026-04-10 00:00:00+00:00
[2026-04-09T07:46:22.862+0000] {processor.py:183} INFO - Processing /opt/airflow/dags/daily_revenue_etl_dag.py took 0.185 seconds
[2026-04-09T07:46:53.099+0000] {processor.py:161} INFO - Started process (PID=1050) to work on /opt/airflow/dags/daily_revenue_etl_dag.py
[2026-04-09T07:46:53.100+0000] {processor.py:830} INFO - Processing file /opt/airflow/dags/daily_revenue_etl_dag.py for tasks to queue
[2026-04-09T07:46:53.102+0000] {logging_mixin.py:188} INFO - [2026-04-09T07:46:53.101+0000] {dagbag.py:538} INFO - Filling up the DagBag from /opt/airflow/dags/daily_revenue_etl_dag.py
[2026-04-09T07:46:53.132+0000] {processor.py:840} INFO - DAG(s) 'daily_revenue_etl_dag' retrieved from /opt/airflow/dags/daily_revenue_etl_dag.py
[2026-04-09T07:46:53.174+0000] {logging_mixin.py:188} INFO - [2026-04-09T07:46:53.174+0000] {dag.py:3036} INFO - Sync 1 DAGs
[2026-04-09T07:46:53.216+0000] {logging_mixin.py:188} INFO - [2026-04-09T07:46:53.215+0000] {dag.py:3823} INFO - Setting next_dagrun for daily_revenue_etl_dag to 2026-04-09 00:00:00+00:00, run_after=2026-04-10 00:00:00+00:00
[2026-04-09T07:46:53.247+0000] {processor.py:183} INFO - Processing /opt/airflow/dags/daily_revenue_etl_dag.py took 0.153 seconds
[2026-04-09T08:10:48.946+0000] {processor.py:161} INFO - Started process (PID=1057) to work on /opt/airflow/dags/daily_revenue_etl_dag.py
[2026-04-09T08:10:48.949+0000] {processor.py:830} INFO - Processing file /opt/airflow/dags/daily_revenue_etl_dag.py for tasks to queue
[2026-04-09T08:10:48.952+0000] {logging_mixin.py:188} INFO - [2026-04-09T08:10:48.951+0000] {dagbag.py:538} INFO - Filling up the DagBag from /opt/airflow/dags/daily_revenue_etl_dag.py
[2026-04-09T07:46:58.275+0000] {processor.py:840} INFO - DAG(s) 'daily_revenue_etl_dag' retrieved from /opt/airflow/dags/daily_revenue_etl_dag.py
[2026-04-09T07:46:58.387+0000] {logging_mixin.py:188} INFO - [2026-04-09T07:46:58.386+0000] {dag.py:3036} INFO - Sync 1 DAGs
[2026-04-09T07:46:58.489+0000] {logging_mixin.py:188} INFO - [2026-04-09T07:46:58.487+0000] {dag.py:3823} INFO - Setting next_dagrun for daily_revenue_etl_dag to 2026-04-09 00:00:00+00:00, run_after=2026-04-10 00:00:00+00:00
[2026-04-09T07:46:58.629+0000] {processor.py:183} INFO - Processing /opt/airflow/dags/daily_revenue_etl_dag.py took 0.450 seconds
[2026-04-09T08:10:53.572+0000] {processor.py:161} INFO - Started process (PID=1062) to work on /opt/airflow/dags/daily_revenue_etl_dag.py
[2026-04-09T08:10:53.576+0000] {processor.py:830} INFO - Processing file /opt/airflow/dags/daily_revenue_etl_dag.py for tasks to queue
[2026-04-09T07:47:02.829+0000] {logging_mixin.py:188} INFO - [2026-04-09T07:47:02.828+0000] {dagbag.py:538} INFO - Filling up the DagBag from /opt/airflow/dags/daily_revenue_etl_dag.py
[2026-04-09T07:47:02.904+0000] {processor.py:840} INFO - DAG(s) 'daily_revenue_etl_dag' retrieved from /opt/airflow/dags/daily_revenue_etl_dag.py
[2026-04-09T07:47:03.031+0000] {logging_mixin.py:188} INFO - [2026-04-09T07:47:03.029+0000] {dag.py:3036} INFO - Sync 1 DAGs
[2026-04-09T07:47:03.143+0000] {logging_mixin.py:188} INFO - [2026-04-09T07:47:03.141+0000] {dag.py:3823} INFO - Setting next_dagrun for daily_revenue_etl_dag to 2026-04-09 00:00:00+00:00, run_after=2026-04-10 00:00:00+00:00
[2026-04-09T07:47:03.286+0000] {processor.py:183} INFO - Processing /opt/airflow/dags/daily_revenue_etl_dag.py took 0.477 seconds
[2026-04-09T08:11:18.817+0000] {processor.py:161} INFO - Started process (PID=1067) to work on /opt/airflow/dags/daily_revenue_etl_dag.py
[2026-04-09T08:11:18.820+0000] {processor.py:830} INFO - Processing file /opt/airflow/dags/daily_revenue_etl_dag.py for tasks to queue
[2026-04-09T08:11:18.822+0000] {logging_mixin.py:188} INFO - [2026-04-09T08:11:18.821+0000] {dagbag.py:538} INFO - Filling up the DagBag from /opt/airflow/dags/daily_revenue_etl_dag.py
[2026-04-09T08:11:18.857+0000] {processor.py:840} INFO - DAG(s) 'daily_revenue_etl_dag' retrieved from /opt/airflow/dags/daily_revenue_etl_dag.py
[2026-04-09T08:11:18.900+0000] {logging_mixin.py:188} INFO - [2026-04-09T08:11:18.900+0000] {dag.py:3036} INFO - Sync 1 DAGs
[2026-04-09T08:11:18.937+0000] {logging_mixin.py:188} INFO - [2026-04-09T08:11:18.937+0000] {dag.py:3823} INFO - Setting next_dagrun for daily_revenue_etl_dag to 2026-04-09 00:00:00+00:00, run_after=2026-04-10 00:00:00+00:00
[2026-04-09T07:47:28.247+0000] {processor.py:183} INFO - Processing /opt/airflow/dags/daily_revenue_etl_dag.py took 0.177 seconds
[2026-04-09T07:47:58.436+0000] {processor.py:161} INFO - Started process (PID=1072) to work on /opt/airflow/dags/daily_revenue_etl_dag.py
[2026-04-09T07:47:58.439+0000] {processor.py:830} INFO - Processing file /opt/airflow/dags/daily_revenue_etl_dag.py for tasks to queue
[2026-04-09T07:47:58.441+0000] {logging_mixin.py:188} INFO - [2026-04-09T07:47:58.440+0000] {dagbag.py:538} INFO - Filling up the DagBag from /opt/airflow/dags/daily_revenue_etl_dag.py
[2026-04-09T07:47:58.486+0000] {processor.py:840} INFO - DAG(s) 'daily_revenue_etl_dag' retrieved from /opt/airflow/dags/daily_revenue_etl_dag.py
[2026-04-09T07:47:58.554+0000] {logging_mixin.py:188} INFO - [2026-04-09T07:47:58.553+0000] {dag.py:3036} INFO - Sync 1 DAGs
[2026-04-09T07:47:58.617+0000] {logging_mixin.py:188} INFO - [2026-04-09T07:47:58.617+0000] {dag.py:3823} INFO - Setting next_dagrun for daily_revenue_etl_dag to 2026-04-09 00:00:00+00:00, run_after=2026-04-10 00:00:00+00:00
[2026-04-09T07:47:58.661+0000] {processor.py:183} INFO - Processing /opt/airflow/dags/daily_revenue_etl_dag.py took 0.230 seconds
[2026-04-09T08:12:03.621+0000] {processor.py:161} INFO - Started process (PID=1077) to work on /opt/airflow/dags/daily_revenue_etl_dag.py
[2026-04-09T08:12:03.627+0000] {processor.py:830} INFO - Processing file /opt/airflow/dags/daily_revenue_etl_dag.py for tasks to queue
[2026-04-09T08:12:03.630+0000] {logging_mixin.py:188} INFO - [2026-04-09T08:12:03.630+0000] {dagbag.py:538} INFO - Filling up the DagBag from /opt/airflow/dags/daily_revenue_etl_dag.py
[2026-04-09T08:12:03.696+0000] {processor.py:840} INFO - DAG(s) 'daily_revenue_etl_dag' retrieved from /opt/airflow/dags/daily_revenue_etl_dag.py
[2026-04-09T07:48:13.043+0000] {logging_mixin.py:188} INFO - [2026-04-09T07:48:13.043+0000] {dag.py:3036} INFO - Sync 1 DAGs
[2026-04-09T07:48:13.116+0000] {logging_mixin.py:188} INFO - [2026-04-09T07:48:13.116+0000] {dag.py:3823} INFO - Setting next_dagrun for daily_revenue_etl_dag to 2026-04-09 00:00:00+00:00, run_after=2026-04-10 00:00:00+00:00
[2026-04-09T07:48:13.156+0000] {processor.py:183} INFO - Processing /opt/airflow/dags/daily_revenue_etl_dag.py took 0.297 seconds
[2026-04-09T08:12:08.656+0000] {processor.py:161} INFO - Started process (PID=1082) to work on /opt/airflow/dags/daily_revenue_etl_dag.py
[2026-04-09T08:12:08.657+0000] {processor.py:830} INFO - Processing file /opt/airflow/dags/daily_revenue_etl_dag.py for tasks to queue
[2026-04-09T08:12:08.660+0000] {logging_mixin.py:188} INFO - [2026-04-09T08:12:08.658+0000] {dagbag.py:538} INFO - Filling up the DagBag from /opt/airflow/dags/daily_revenue_etl_dag.py
[2026-04-09T08:12:08.689+0000] {processor.py:840} INFO - DAG(s) 'daily_revenue_etl_dag' retrieved from /opt/airflow/dags/daily_revenue_etl_dag.py
[2026-04-09T08:12:08.726+0000] {logging_mixin.py:188} INFO - [2026-04-09T08:12:08.726+0000] {dag.py:3036} INFO - Sync 1 DAGs
[2026-04-09T07:48:18.002+0000] {logging_mixin.py:188} INFO - [2026-04-09T07:48:18.001+0000] {dag.py:3823} INFO - Setting next_dagrun for daily_revenue_etl_dag to 2026-04-09 00:00:00+00:00, run_after=2026-04-10 00:00:00+00:00
[2026-04-09T07:48:18.024+0000] {processor.py:183} INFO - Processing /opt/airflow/dags/daily_revenue_etl_dag.py took 0.126 seconds
[2026-04-09T08:12:13.691+0000] {processor.py:161} INFO - Started process (PID=1087) to work on /opt/airflow/dags/daily_revenue_etl_dag.py
[2026-04-09T08:12:13.695+0000] {processor.py:830} INFO - Processing file /opt/airflow/dags/daily_revenue_etl_dag.py for tasks to queue
[2026-04-09T08:12:13.697+0000] {logging_mixin.py:188} INFO - [2026-04-09T08:12:13.696+0000] {dagbag.py:538} INFO - Filling up the DagBag from /opt/airflow/dags/daily_revenue_etl_dag.py
[2026-04-09T08:12:13.734+0000] {processor.py:840} INFO - DAG(s) 'daily_revenue_etl_dag' retrieved from /opt/airflow/dags/daily_revenue_etl_dag.py
[2026-04-09T07:48:23.057+0000] {logging_mixin.py:188} INFO - [2026-04-09T07:48:23.056+0000] {dag.py:3036} INFO - Sync 1 DAGs
[2026-04-09T07:48:23.122+0000] {logging_mixin.py:188} INFO - [2026-04-09T07:48:23.121+0000] {dag.py:3823} INFO - Setting next_dagrun for daily_revenue_etl_dag to 2026-04-09 00:00:00+00:00, run_after=2026-04-10 00:00:00+00:00
[2026-04-09T07:48:23.174+0000] {processor.py:183} INFO - Processing /opt/airflow/dags/daily_revenue_etl_dag.py took 0.231 seconds
[2026-04-09T08:12:18.967+0000] {processor.py:161} INFO - Started process (PID=1092) to work on /opt/airflow/dags/daily_revenue_etl_dag.py
[2026-04-09T08:12:18.972+0000] {processor.py:830} INFO - Processing file /opt/airflow/dags/daily_revenue_etl_dag.py for tasks to queue
[2026-04-09T08:12:18.976+0000] {logging_mixin.py:188} INFO - [2026-04-09T08:12:18.975+0000] {dagbag.py:538} INFO - Filling up the DagBag from /opt/airflow/dags/daily_revenue_etl_dag.py
[2026-04-09T07:48:28.274+0000] {processor.py:840} INFO - DAG(s) 'daily_revenue_etl_dag' retrieved from /opt/airflow/dags/daily_revenue_etl_dag.py
[2026-04-09T07:48:28.331+0000] {logging_mixin.py:188} INFO - [2026-04-09T07:48:28.331+0000] {dag.py:3036} INFO - Sync 1 DAGs
[2026-04-09T07:48:28.368+0000] {logging_mixin.py:188} INFO - [2026-04-09T07:48:28.367+0000] {dag.py:3823} INFO - Setting next_dagrun for daily_revenue_etl_dag to 2026-04-09 00:00:00+00:00, run_after=2026-04-10 00:00:00+00:00
[2026-04-09T07:48:28.410+0000] {processor.py:183} INFO - Processing /opt/airflow/dags/daily_revenue_etl_dag.py took 0.218 seconds
[2026-04-09T07:48:58.647+0000] {processor.py:161} INFO - Started process (PID=1097) to work on /opt/airflow/dags/daily_revenue_etl_dag.py
[2026-04-09T07:48:58.651+0000] {processor.py:830} INFO - Processing file /opt/airflow/dags/daily_revenue_etl_dag.py for tasks to queue
[2026-04-09T07:48:58.652+0000] {logging_mixin.py:188} INFO - [2026-04-09T07:48:58.652+0000] {dagbag.py:538} INFO - Filling up the DagBag from /opt/airflow/dags/daily_revenue_etl_dag.py
[2026-04-09T07:48:58.691+0000] {processor.py:840} INFO - DAG(s) 'daily_revenue_etl_dag' retrieved from /opt/airflow/dags/daily_revenue_etl_dag.py
[2026-04-09T07:48:58.743+0000] {logging_mixin.py:188} INFO - [2026-04-09T07:48:58.743+0000] {dag.py:3036} INFO - Sync 1 DAGs
[2026-04-09T07:48:58.795+0000] {logging_mixin.py:188} INFO - [2026-04-09T07:48:58.794+0000] {dag.py:3823} INFO - Setting next_dagrun for daily_revenue_etl_dag to 2026-04-09 00:00:00+00:00, run_after=2026-04-10 00:00:00+00:00
[2026-04-09T07:48:58.843+0000] {processor.py:183} INFO - Processing /opt/airflow/dags/daily_revenue_etl_dag.py took 0.202 seconds
[2026-04-09T08:12:53.746+0000] {processor.py:161} INFO - Started process (PID=1102) to work on /opt/airflow/dags/daily_revenue_etl_dag.py
[2026-04-09T08:12:53.749+0000] {processor.py:830} INFO - Processing file /opt/airflow/dags/daily_revenue_etl_dag.py for tasks to queue
[2026-04-09T08:12:53.753+0000] {logging_mixin.py:188} INFO - [2026-04-09T08:12:53.752+0000] {dagbag.py:538} INFO - Filling up the DagBag from /opt/airflow/dags/daily_revenue_etl_dag.py
[2026-04-09T08:12:53.801+0000] {processor.py:840} INFO - DAG(s) 'daily_revenue_etl_dag' retrieved from /opt/airflow/dags/daily_revenue_etl_dag.py
[2026-04-09T08:12:53.869+0000] {logging_mixin.py:188} INFO - [2026-04-09T08:12:53.868+0000] {dag.py:3036} INFO - Sync 1 DAGs
[2026-04-09T07:49:03.190+0000] {logging_mixin.py:188} INFO - [2026-04-09T07:49:03.190+0000] {dag.py:3823} INFO - Setting next_dagrun for daily_revenue_etl_dag to 2026-04-09 00:00:00+00:00, run_after=2026-04-10 00:00:00+00:00
[2026-04-09T07:49:03.256+0000] {processor.py:183} INFO - Processing /opt/airflow/dags/daily_revenue_etl_dag.py took 0.280 seconds
[2026-04-09T08:12:58.771+0000] {processor.py:161} INFO - Started process (PID=1107) to work on /opt/airflow/dags/daily_revenue_etl_dag.py
[2026-04-09T08:12:58.772+0000] {processor.py:830} INFO - Processing file /opt/airflow/dags/daily_revenue_etl_dag.py for tasks to queue
[2026-04-09T08:12:58.772+0000] {logging_mixin.py:188} INFO - [2026-04-09T08:12:58.772+0000] {dagbag.py:538} INFO - Filling up the DagBag from /opt/airflow/dags/daily_revenue_etl_dag.py
[2026-04-09T08:12:58.790+0000] {processor.py:840} INFO - DAG(s) 'daily_revenue_etl_dag' retrieved from /opt/airflow/dags/daily_revenue_etl_dag.py
[2026-04-09T08:12:58.815+0000] {logging_mixin.py:188} INFO - [2026-04-09T08:12:58.814+0000] {dag.py:3036} INFO - Sync 1 DAGs
[2026-04-09T08:12:58.838+0000] {logging_mixin.py:188} INFO - [2026-04-09T08:12:58.837+0000] {dag.py:3823} INFO - Setting next_dagrun for daily_revenue_etl_dag to 2026-04-09 00:00:00+00:00, run_after=2026-04-10 00:00:00+00:00
[2026-04-09T07:49:08.107+0000] {processor.py:183} INFO - Processing /opt/airflow/dags/daily_revenue_etl_dag.py took 0.090 seconds
[2026-04-09T08:13:03.810+0000] {processor.py:161} INFO - Started process (PID=1112) to work on /opt/airflow/dags/daily_revenue_etl_dag.py
[2026-04-09T08:13:03.811+0000] {processor.py:830} INFO - Processing file /opt/airflow/dags/daily_revenue_etl_dag.py for tasks to queue
[2026-04-09T08:13:03.812+0000] {logging_mixin.py:188} INFO - [2026-04-09T08:13:03.812+0000] {dagbag.py:538} INFO - Filling up the DagBag from /opt/airflow/dags/daily_revenue_etl_dag.py
[2026-04-09T08:13:03.830+0000] {processor.py:840} INFO - DAG(s) 'daily_revenue_etl_dag' retrieved from /opt/airflow/dags/daily_revenue_etl_dag.py
[2026-04-09T08:13:03.852+0000] {logging_mixin.py:188} INFO - [2026-04-09T08:13:03.852+0000] {dag.py:3036} INFO - Sync 1 DAGs
[2026-04-09T07:49:13.125+0000] {logging_mixin.py:188} INFO - [2026-04-09T07:49:13.125+0000] {dag.py:3823} INFO - Setting next_dagrun for daily_revenue_etl_dag to 2026-04-09 00:00:00+00:00, run_after=2026-04-10 00:00:00+00:00
[2026-04-09T07:49:13.144+0000] {processor.py:183} INFO - Processing /opt/airflow/dags/daily_revenue_etl_dag.py took 0.084 seconds
[2026-04-09T07:49:28.299+0000] {processor.py:161} INFO - Started process (PID=1117) to work on /opt/airflow/dags/daily_revenue_etl_dag.py
[2026-04-09T07:49:28.302+0000] {processor.py:830} INFO - Processing file /opt/airflow/dags/daily_revenue_etl_dag.py for tasks to queue
[2026-04-09T07:49:28.306+0000] {logging_mixin.py:188} INFO - [2026-04-09T07:49:28.305+0000] {dagbag.py:538} INFO - Filling up the DagBag from /opt/airflow/dags/daily_revenue_etl_dag.py
[2026-04-09T07:49:28.338+0000] {processor.py:840} INFO - DAG(s) 'daily_revenue_etl_dag' retrieved from /opt/airflow/dags/daily_revenue_etl_dag.py
[2026-04-09T07:49:28.380+0000] {logging_mixin.py:188} INFO - [2026-04-09T07:49:28.380+0000] {dag.py:3036} INFO - Sync 1 DAGs
[2026-04-09T07:49:28.410+0000] {logging_mixin.py:188} INFO - [2026-04-09T07:49:28.409+0000] {dag.py:3823} INFO - Setting next_dagrun for daily_revenue_etl_dag to 2026-04-09 00:00:00+00:00, run_after=2026-04-10 00:00:00+00:00
[2026-04-09T07:49:28.432+0000] {processor.py:183} INFO - Processing /opt/airflow/dags/daily_revenue_etl_dag.py took 0.139 seconds
[2026-04-09T07:49:58.507+0000] {processor.py:161} INFO - Started process (PID=1122) to work on /opt/airflow/dags/daily_revenue_etl_dag.py
[2026-04-09T07:49:58.509+0000] {processor.py:830} INFO - Processing file /opt/airflow/dags/daily_revenue_etl_dag.py for tasks to queue
[2026-04-09T07:49:58.511+0000] {logging_mixin.py:188} INFO - [2026-04-09T07:49:58.510+0000] {dagbag.py:538} INFO - Filling up the DagBag from /opt/airflow/dags/daily_revenue_etl_dag.py
[2026-04-09T07:49:58.540+0000] {processor.py:840} INFO - DAG(s) 'daily_revenue_etl_dag' retrieved from /opt/airflow/dags/daily_revenue_etl_dag.py
[2026-04-09T07:49:58.586+0000] {logging_mixin.py:188} INFO - [2026-04-09T07:49:58.585+0000] {dag.py:3036} INFO - Sync 1 DAGs
[2026-04-09T07:49:58.622+0000] {logging_mixin.py:188} INFO - [2026-04-09T07:49:58.622+0000] {dag.py:3823} INFO - Setting next_dagrun for daily_revenue_etl_dag to 2026-04-09 00:00:00+00:00, run_after=2026-04-10 00:00:00+00:00
[2026-04-09T07:49:58.656+0000] {processor.py:183} INFO - Processing /opt/airflow/dags/daily_revenue_etl_dag.py took 0.154 seconds
[2026-04-09T07:50:28.839+0000] {processor.py:161} INFO - Started process (PID=1127) to work on /opt/airflow/dags/daily_revenue_etl_dag.py
[2026-04-09T07:50:28.841+0000] {processor.py:830} INFO - Processing file /opt/airflow/dags/daily_revenue_etl_dag.py for tasks to queue
[2026-04-09T07:50:28.844+0000] {logging_mixin.py:188} INFO - [2026-04-09T07:50:28.843+0000] {dagbag.py:538} INFO - Filling up the DagBag from /opt/airflow/dags/daily_revenue_etl_dag.py
[2026-04-09T07:50:28.877+0000] {processor.py:840} INFO - DAG(s) 'daily_revenue_etl_dag' retrieved from /opt/airflow/dags/daily_revenue_etl_dag.py
[2026-04-09T07:50:28.911+0000] {logging_mixin.py:188} INFO - [2026-04-09T07:50:28.911+0000] {dag.py:3036} INFO - Sync 1 DAGs
[2026-04-09T07:50:28.939+0000] {logging_mixin.py:188} INFO - [2026-04-09T07:50:28.939+0000] {dag.py:3823} INFO - Setting next_dagrun for daily_revenue_etl_dag to 2026-04-09 00:00:00+00:00, run_after=2026-04-10 00:00:00+00:00
[2026-04-09T07:50:28.965+0000] {processor.py:183} INFO - Processing /opt/airflow/dags/daily_revenue_etl_dag.py took 0.131 seconds
[2026-04-09T08:14:33.824+0000] {processor.py:161} INFO - Started process (PID=1132) to work on /opt/airflow/dags/daily_revenue_etl_dag.py
[2026-04-09T08:14:33.825+0000] {processor.py:830} INFO - Processing file /opt/airflow/dags/daily_revenue_etl_dag.py for tasks to queue
[2026-04-09T08:14:33.826+0000] {logging_mixin.py:188} INFO - [2026-04-09T08:14:33.826+0000] {dagbag.py:538} INFO - Filling up the DagBag from /opt/airflow/dags/daily_revenue_etl_dag.py
[2026-04-09T08:14:33.846+0000] {processor.py:840} INFO - DAG(s) 'daily_revenue_etl_dag' retrieved from /opt/airflow/dags/daily_revenue_etl_dag.py
[2026-04-09T08:14:33.873+0000] {logging_mixin.py:188} INFO - [2026-04-09T08:14:33.872+0000] {dag.py:3036} INFO - Sync 1 DAGs
[2026-04-09T08:14:33.893+0000] {logging_mixin.py:188} INFO - [2026-04-09T08:14:33.893+0000] {dag.py:3823} INFO - Setting next_dagrun for daily_revenue_etl_dag to 2026-04-09 00:00:00+00:00, run_after=2026-04-10 00:00:00+00:00
[2026-04-09T08:14:33.911+0000] {processor.py:183} INFO - Processing /opt/airflow/dags/daily_revenue_etl_dag.py took 0.092 seconds
[2026-04-09T08:15:04.045+0000] {processor.py:161} INFO - Started process (PID=1137) to work on /opt/airflow/dags/daily_revenue_etl_dag.py
[2026-04-09T08:15:04.046+0000] {processor.py:830} INFO - Processing file /opt/airflow/dags/daily_revenue_etl_dag.py for tasks to queue
[2026-04-09T08:15:04.047+0000] {logging_mixin.py:188} INFO - [2026-04-09T08:15:04.047+0000] {dagbag.py:538} INFO - Filling up the DagBag from /opt/airflow/dags/daily_revenue_etl_dag.py
[2026-04-09T08:15:04.082+0000] {processor.py:840} INFO - DAG(s) 'daily_revenue_etl_dag' retrieved from /opt/airflow/dags/daily_revenue_etl_dag.py
[2026-04-09T08:15:04.130+0000] {logging_mixin.py:188} INFO - [2026-04-09T08:15:04.130+0000] {dag.py:3036} INFO - Sync 1 DAGs
[2026-04-09T07:51:13.399+0000] {logging_mixin.py:188} INFO - [2026-04-09T07:51:13.398+0000] {dag.py:3823} INFO - Setting next_dagrun for daily_revenue_etl_dag to 2026-04-09 00:00:00+00:00, run_after=2026-04-10 00:00:00+00:00
[2026-04-09T07:51:13.434+0000] {processor.py:183} INFO - Processing /opt/airflow/dags/daily_revenue_etl_dag.py took 0.169 seconds
[2026-04-09T08:15:24.295+0000] {processor.py:161} INFO - Started process (PID=1142) to work on /opt/airflow/dags/daily_revenue_etl_dag.py
[2026-04-09T08:15:24.297+0000] {processor.py:830} INFO - Processing file /opt/airflow/dags/daily_revenue_etl_dag.py for tasks to queue
[2026-04-09T08:15:24.298+0000] {logging_mixin.py:188} INFO - [2026-04-09T08:15:24.298+0000] {dagbag.py:538} INFO - Filling up the DagBag from /opt/airflow/dags/daily_revenue_etl_dag.py
[2026-04-09T08:15:24.329+0000] {processor.py:840} INFO - DAG(s) 'daily_revenue_etl_dag' retrieved from /opt/airflow/dags/daily_revenue_etl_dag.py
[2026-04-09T07:51:33.530+0000] {logging_mixin.py:188} INFO - [2026-04-09T07:51:33.529+0000] {dag.py:3036} INFO - Sync 1 DAGs
[2026-04-09T07:51:33.574+0000] {logging_mixin.py:188} INFO - [2026-04-09T07:51:33.574+0000] {dag.py:3823} INFO - Setting next_dagrun for daily_revenue_etl_dag to 2026-04-09 00:00:00+00:00, run_after=2026-04-10 00:00:00+00:00
[2026-04-09T07:51:33.604+0000] {processor.py:183} INFO - Processing /opt/airflow/dags/daily_revenue_etl_dag.py took 0.165 seconds
[2026-04-09T07:52:03.871+0000] {processor.py:161} INFO - Started process (PID=1147) to work on /opt/airflow/dags/daily_revenue_etl_dag.py
[2026-04-09T07:52:03.875+0000] {processor.py:830} INFO - Processing file /opt/airflow/dags/daily_revenue_etl_dag.py for tasks to queue
[2026-04-09T07:52:03.877+0000] {logging_mixin.py:188} INFO - [2026-04-09T07:52:03.876+0000] {dagbag.py:538} INFO - Filling up the DagBag from /opt/airflow/dags/daily_revenue_etl_dag.py
[2026-04-09T07:52:03.925+0000] {processor.py:840} INFO - DAG(s) 'daily_revenue_etl_dag' retrieved from /opt/airflow/dags/daily_revenue_etl_dag.py
[2026-04-09T07:52:03.982+0000] {logging_mixin.py:188} INFO - [2026-04-09T07:52:03.981+0000] {dag.py:3036} INFO - Sync 1 DAGs
[2026-04-09T07:52:04.025+0000] {logging_mixin.py:188} INFO - [2026-04-09T07:52:04.025+0000] {dag.py:3823} INFO - Setting next_dagrun for daily_revenue_etl_dag to 2026-04-09 00:00:00+00:00, run_after=2026-04-10 00:00:00+00:00
[2026-04-09T07:52:04.059+0000] {processor.py:183} INFO - Processing /opt/airflow/dags/daily_revenue_etl_dag.py took 0.195 seconds
[2026-04-09T08:16:18.872+0000] {processor.py:161} INFO - Started process (PID=1152) to work on /opt/airflow/dags/daily_revenue_etl_dag.py
[2026-04-09T08:16:18.874+0000] {processor.py:830} INFO - Processing file /opt/airflow/dags/daily_revenue_etl_dag.py for tasks to queue
[2026-04-09T08:16:18.876+0000] {logging_mixin.py:188} INFO - [2026-04-09T08:16:18.875+0000] {dagbag.py:538} INFO - Filling up the DagBag from /opt/airflow/dags/daily_revenue_etl_dag.py
[2026-04-09T08:16:18.906+0000] {processor.py:840} INFO - DAG(s) 'daily_revenue_etl_dag' retrieved from /opt/airflow/dags/daily_revenue_etl_dag.py
[2026-04-09T08:16:18.954+0000] {logging_mixin.py:188} INFO - [2026-04-09T08:16:18.953+0000] {dag.py:3036} INFO - Sync 1 DAGs
[2026-04-09T08:16:18.987+0000] {logging_mixin.py:188} INFO - [2026-04-09T08:16:18.987+0000] {dag.py:3823} INFO - Setting next_dagrun for daily_revenue_etl_dag to 2026-04-09 00:00:00+00:00, run_after=2026-04-10 00:00:00+00:00
[2026-04-09T08:16:19.016+0000] {processor.py:183} INFO - Processing /opt/airflow/dags/daily_revenue_etl_dag.py took 0.149 seconds
[2026-04-09T07:53:58.340+0000] {processor.py:161} INFO - Started process (PID=1157) to work on /opt/airflow/dags/daily_revenue_etl_dag.py
[2026-04-09T07:53:58.343+0000] {processor.py:830} INFO - Processing file /opt/airflow/dags/daily_revenue_etl_dag.py for tasks to queue
[2026-04-09T07:53:58.345+0000] {logging_mixin.py:188} INFO - [2026-04-09T07:53:58.344+0000] {dagbag.py:538} INFO - Filling up the DagBag from /opt/airflow/dags/daily_revenue_etl_dag.py
[2026-04-09T08:17:49.201+0000] {processor.py:840} INFO - DAG(s) 'daily_revenue_etl_dag' retrieved from /opt/airflow/dags/daily_revenue_etl_dag.py
[2026-04-09T08:17:49.319+0000] {logging_mixin.py:188} INFO - [2026-04-09T08:17:49.318+0000] {dag.py:3036} INFO - Sync 1 DAGs
[2026-04-09T07:53:58.750+0000] {logging_mixin.py:188} INFO - [2026-04-09T07:53:58.746+0000] {dag.py:3823} INFO - Setting next_dagrun for daily_revenue_etl_dag to 2026-04-09 00:00:00+00:00, run_after=2026-04-10 00:00:00+00:00
[2026-04-09T07:53:58.838+0000] {processor.py:183} INFO - Processing /opt/airflow/dags/daily_revenue_etl_dag.py took 0.496 seconds
[2026-04-09T07:54:08.673+0000] {processor.py:161} INFO - Started process (PID=1162) to work on /opt/airflow/dags/daily_revenue_etl_dag.py
[2026-04-09T07:54:08.675+0000] {processor.py:830} INFO - Processing file /opt/airflow/dags/daily_revenue_etl_dag.py for tasks to queue
[2026-04-09T07:54:08.676+0000] {logging_mixin.py:188} INFO - [2026-04-09T07:54:08.676+0000] {dagbag.py:538} INFO - Filling up the DagBag from /opt/airflow/dags/daily_revenue_etl_dag.py
[2026-04-09T07:54:08.736+0000] {processor.py:840} INFO - DAG(s) 'daily_revenue_etl_dag' retrieved from /opt/airflow/dags/daily_revenue_etl_dag.py
[2026-04-09T07:54:08.784+0000] {logging_mixin.py:188} INFO - [2026-04-09T07:54:08.783+0000] {dag.py:3036} INFO - Sync 1 DAGs
[2026-04-09T07:54:08.819+0000] {logging_mixin.py:188} INFO - [2026-04-09T07:54:08.819+0000] {dag.py:3823} INFO - Setting next_dagrun for daily_revenue_etl_dag to 2026-04-09 00:00:00+00:00, run_after=2026-04-10 00:00:00+00:00
[2026-04-09T07:54:08.865+0000] {processor.py:183} INFO - Processing /opt/airflow/dags/daily_revenue_etl_dag.py took 0.201 seconds
[2026-04-09T07:54:39.131+0000] {processor.py:161} INFO - Started process (PID=1167) to work on /opt/airflow/dags/daily_revenue_etl_dag.py
[2026-04-09T07:54:39.132+0000] {processor.py:830} INFO - Processing file /opt/airflow/dags/daily_revenue_etl_dag.py for tasks to queue
[2026-04-09T07:54:39.133+0000] {logging_mixin.py:188} INFO - [2026-04-09T07:54:39.133+0000] {dagbag.py:538} INFO - Filling up the DagBag from /opt/airflow/dags/daily_revenue_etl_dag.py
[2026-04-09T07:54:39.150+0000] {processor.py:840} INFO - DAG(s) 'daily_revenue_etl_dag' retrieved from /opt/airflow/dags/daily_revenue_etl_dag.py
[2026-04-09T07:54:39.175+0000] {logging_mixin.py:188} INFO - [2026-04-09T07:54:39.174+0000] {dag.py:3036} INFO - Sync 1 DAGs
[2026-04-09T07:54:39.196+0000] {logging_mixin.py:188} INFO - [2026-04-09T07:54:39.196+0000] {dag.py:3823} INFO - Setting next_dagrun for daily_revenue_etl_dag to 2026-04-09 00:00:00+00:00, run_after=2026-04-10 00:00:00+00:00
[2026-04-09T07:54:39.219+0000] {processor.py:183} INFO - Processing /opt/airflow/dags/daily_revenue_etl_dag.py took 0.091 seconds
[2026-04-09T08:18:48.986+0000] {processor.py:161} INFO - Started process (PID=1172) to work on /opt/airflow/dags/daily_revenue_etl_dag.py
[2026-04-09T08:18:48.988+0000] {processor.py:830} INFO - Processing file /opt/airflow/dags/daily_revenue_etl_dag.py for tasks to queue
[2026-04-09T08:18:48.989+0000] {logging_mixin.py:188} INFO - [2026-04-09T08:18:48.989+0000] {dagbag.py:538} INFO - Filling up the DagBag from /opt/airflow/dags/daily_revenue_etl_dag.py
[2026-04-09T08:18:49.022+0000] {processor.py:840} INFO - DAG(s) 'daily_revenue_etl_dag' retrieved from /opt/airflow/dags/daily_revenue_etl_dag.py
[2026-04-09T07:54:58.331+0000] {logging_mixin.py:188} INFO - [2026-04-09T07:54:58.330+0000] {dag.py:3036} INFO - Sync 1 DAGs
[2026-04-09T07:54:58.374+0000] {logging_mixin.py:188} INFO - [2026-04-09T07:54:58.373+0000] {dag.py:3823} INFO - Setting next_dagrun for daily_revenue_etl_dag to 2026-04-09 00:00:00+00:00, run_after=2026-04-10 00:00:00+00:00
[2026-04-09T07:54:58.427+0000] {processor.py:183} INFO - Processing /opt/airflow/dags/daily_revenue_etl_dag.py took 0.183 seconds
[2026-04-09T08:19:09.337+0000] {processor.py:161} INFO - Started process (PID=1177) to work on /opt/airflow/dags/daily_revenue_etl_dag.py
[2026-04-09T08:19:09.339+0000] {processor.py:830} INFO - Processing file /opt/airflow/dags/daily_revenue_etl_dag.py for tasks to queue
[2026-04-09T08:19:09.341+0000] {logging_mixin.py:188} INFO - [2026-04-09T08:19:09.340+0000] {dagbag.py:538} INFO - Filling up the DagBag from /opt/airflow/dags/daily_revenue_etl_dag.py
[2026-04-09T08:19:09.370+0000] {processor.py:840} INFO - DAG(s) 'daily_revenue_etl_dag' retrieved from /opt/airflow/dags/daily_revenue_etl_dag.py
[2026-04-09T08:19:09.409+0000] {logging_mixin.py:188} INFO - [2026-04-09T08:19:09.409+0000] {dag.py:3036} INFO - Sync 1 DAGs
[2026-04-09T08:19:09.443+0000] {logging_mixin.py:188} INFO - [2026-04-09T08:19:09.442+0000] {dag.py:3823} INFO - Setting next_dagrun for daily_revenue_etl_dag to 2026-04-09 00:00:00+00:00, run_after=2026-04-10 00:00:00+00:00
[2026-04-09T08:19:09.479+0000] {processor.py:183} INFO - Processing /opt/airflow/dags/daily_revenue_etl_dag.py took 0.147 seconds
[2026-04-09T08:19:39.537+0000] {processor.py:161} INFO - Started process (PID=1182) to work on /opt/airflow/dags/daily_revenue_etl_dag.py
[2026-04-09T08:19:39.538+0000] {processor.py:830} INFO - Processing file /opt/airflow/dags/daily_revenue_etl_dag.py for tasks to queue
[2026-04-09T08:19:39.539+0000] {logging_mixin.py:188} INFO - [2026-04-09T08:19:39.539+0000] {dagbag.py:538} INFO - Filling up the DagBag from /opt/airflow/dags/daily_revenue_etl_dag.py
[2026-04-09T08:19:39.563+0000] {processor.py:840} INFO - DAG(s) 'daily_revenue_etl_dag' retrieved from /opt/airflow/dags/daily_revenue_etl_dag.py
[2026-04-09T07:55:48.860+0000] {logging_mixin.py:188} INFO - [2026-04-09T07:55:48.859+0000] {dag.py:3036} INFO - Sync 1 DAGs
[2026-04-09T07:55:48.898+0000] {logging_mixin.py:188} INFO - [2026-04-09T07:55:48.898+0000] {dag.py:3823} INFO - Setting next_dagrun for daily_revenue_etl_dag to 2026-04-09 00:00:00+00:00, run_after=2026-04-10 00:00:00+00:00
[2026-04-09T07:55:48.932+0000] {processor.py:183} INFO - Processing /opt/airflow/dags/daily_revenue_etl_dag.py took 0.140 seconds
[2026-04-09T07:56:19.130+0000] {processor.py:161} INFO - Started process (PID=1187) to work on /opt/airflow/dags/daily_revenue_etl_dag.py
[2026-04-09T07:56:19.131+0000] {processor.py:830} INFO - Processing file /opt/airflow/dags/daily_revenue_etl_dag.py for tasks to queue
[2026-04-09T07:56:19.132+0000] {logging_mixin.py:188} INFO - [2026-04-09T07:56:19.132+0000] {dagbag.py:538} INFO - Filling up the DagBag from /opt/airflow/dags/daily_revenue_etl_dag.py
[2026-04-09T07:56:19.157+0000] {processor.py:840} INFO - DAG(s) 'daily_revenue_etl_dag' retrieved from /opt/airflow/dags/daily_revenue_etl_dag.py
[2026-04-09T07:56:19.185+0000] {logging_mixin.py:188} INFO - [2026-04-09T07:56:19.185+0000] {dag.py:3036} INFO - Sync 1 DAGs
[2026-04-09T07:56:19.207+0000] {logging_mixin.py:188} INFO - [2026-04-09T07:56:19.207+0000] {dag.py:3823} INFO - Setting next_dagrun for daily_revenue_etl_dag to 2026-04-09 00:00:00+00:00, run_after=2026-04-10 00:00:00+00:00
[2026-04-09T07:56:19.227+0000] {processor.py:183} INFO - Processing /opt/airflow/dags/daily_revenue_etl_dag.py took 0.100 seconds
[2026-04-09T08:20:18.940+0000] {processor.py:161} INFO - Started process (PID=1192) to work on /opt/airflow/dags/daily_revenue_etl_dag.py
[2026-04-09T08:20:18.941+0000] {processor.py:830} INFO - Processing file /opt/airflow/dags/daily_revenue_etl_dag.py for tasks to queue
[2026-04-09T08:20:18.943+0000] {logging_mixin.py:188} INFO - [2026-04-09T08:20:18.942+0000] {dagbag.py:538} INFO - Filling up the DagBag from /opt/airflow/dags/daily_revenue_etl_dag.py
[2026-04-09T08:20:18.960+0000] {processor.py:840} INFO - DAG(s) 'daily_revenue_etl_dag' retrieved from /opt/airflow/dags/daily_revenue_etl_dag.py
[2026-04-09T08:20:18.985+0000] {logging_mixin.py:188} INFO - [2026-04-09T08:20:18.985+0000] {dag.py:3036} INFO - Sync 1 DAGs
[2026-04-09T08:20:19.009+0000] {logging_mixin.py:188} INFO - [2026-04-09T08:20:19.008+0000] {dag.py:3823} INFO - Setting next_dagrun for daily_revenue_etl_dag to 2026-04-09 00:00:00+00:00, run_after=2026-04-10 00:00:00+00:00
[2026-04-09T08:20:19.025+0000] {processor.py:183} INFO - Processing /opt/airflow/dags/daily_revenue_etl_dag.py took 0.088 seconds
[2026-04-09T08:21:49.652+0000] {processor.py:161} INFO - Started process (PID=1201) to work on /opt/airflow/dags/daily_revenue_etl_dag.py
[2026-04-09T08:21:49.653+0000] {processor.py:830} INFO - Processing file /opt/airflow/dags/daily_revenue_etl_dag.py for tasks to queue
[2026-04-09T08:21:49.654+0000] {logging_mixin.py:188} INFO - [2026-04-09T08:21:49.654+0000] {dagbag.py:538} INFO - Filling up the DagBag from /opt/airflow/dags/daily_revenue_etl_dag.py
[2026-04-09T08:21:49.688+0000] {processor.py:840} INFO - DAG(s) 'daily_revenue_etl_dag' retrieved from /opt/airflow/dags/daily_revenue_etl_dag.py
[2026-04-09T08:21:49.723+0000] {logging_mixin.py:188} INFO - [2026-04-09T08:21:49.722+0000] {dag.py:3036} INFO - Sync 1 DAGs
[2026-04-09T08:21:49.748+0000] {logging_mixin.py:188} INFO - [2026-04-09T08:21:49.748+0000] {dag.py:3823} INFO - Setting next_dagrun for daily_revenue_etl_dag to 2026-04-09 00:00:00+00:00, run_after=2026-04-10 00:00:00+00:00
[2026-04-09T08:21:49.769+0000] {processor.py:183} INFO - Processing /opt/airflow/dags/daily_revenue_etl_dag.py took 0.122 seconds
[2026-04-09T07:58:29.112+0000] {processor.py:161} INFO - Started process (PID=1206) to work on /opt/airflow/dags/daily_revenue_etl_dag.py
[2026-04-09T07:58:29.113+0000] {processor.py:830} INFO - Processing file /opt/airflow/dags/daily_revenue_etl_dag.py for tasks to queue
[2026-04-09T07:58:29.114+0000] {logging_mixin.py:188} INFO - [2026-04-09T07:58:29.114+0000] {dagbag.py:538} INFO - Filling up the DagBag from /opt/airflow/dags/daily_revenue_etl_dag.py
[2026-04-09T07:58:29.132+0000] {processor.py:840} INFO - DAG(s) 'daily_revenue_etl_dag' retrieved from /opt/airflow/dags/daily_revenue_etl_dag.py
[2026-04-09T07:58:29.154+0000] {logging_mixin.py:188} INFO - [2026-04-09T07:58:29.154+0000] {dag.py:3036} INFO - Sync 1 DAGs
[2026-04-09T07:58:29.175+0000] {logging_mixin.py:188} INFO - [2026-04-09T07:58:29.175+0000] {dag.py:3823} INFO - Setting next_dagrun for daily_revenue_etl_dag to 2026-04-09 00:00:00+00:00, run_after=2026-04-10 00:00:00+00:00
[2026-04-09T07:58:29.194+0000] {processor.py:183} INFO - Processing /opt/airflow/dags/daily_revenue_etl_dag.py took 0.086 seconds
[2026-04-09T07:58:59.406+0000] {processor.py:161} INFO - Started process (PID=1211) to work on /opt/airflow/dags/daily_revenue_etl_dag.py
[2026-04-09T07:58:59.407+0000] {processor.py:830} INFO - Processing file /opt/airflow/dags/daily_revenue_etl_dag.py for tasks to queue
[2026-04-09T07:58:59.408+0000] {logging_mixin.py:188} INFO - [2026-04-09T07:58:59.407+0000] {dagbag.py:538} INFO - Filling up the DagBag from /opt/airflow/dags/daily_revenue_etl_dag.py
[2026-04-09T07:58:59.423+0000] {processor.py:840} INFO - DAG(s) 'daily_revenue_etl_dag' retrieved from /opt/airflow/dags/daily_revenue_etl_dag.py
[2026-04-09T07:58:59.443+0000] {logging_mixin.py:188} INFO - [2026-04-09T07:58:59.443+0000] {dag.py:3036} INFO - Sync 1 DAGs
[2026-04-09T07:58:59.460+0000] {logging_mixin.py:188} INFO - [2026-04-09T07:58:59.460+0000] {dag.py:3823} INFO - Setting next_dagrun for daily_revenue_etl_dag to 2026-04-09 00:00:00+00:00, run_after=2026-04-10 00:00:00+00:00
[2026-04-09T07:58:59.477+0000] {processor.py:183} INFO - Processing /opt/airflow/dags/daily_revenue_etl_dag.py took 0.074 seconds
[2026-04-09T07:59:29.600+0000] {processor.py:161} INFO - Started process (PID=1216) to work on /opt/airflow/dags/daily_revenue_etl_dag.py
[2026-04-09T07:59:29.601+0000] {processor.py:830} INFO - Processing file /opt/airflow/dags/daily_revenue_etl_dag.py for tasks to queue
[2026-04-09T07:59:29.602+0000] {logging_mixin.py:188} INFO - [2026-04-09T07:59:29.602+0000] {dagbag.py:538} INFO - Filling up the DagBag from /opt/airflow/dags/daily_revenue_etl_dag.py
[2026-04-09T07:59:29.623+0000] {processor.py:840} INFO - DAG(s) 'daily_revenue_etl_dag' retrieved from /opt/airflow/dags/daily_revenue_etl_dag.py
[2026-04-09T07:59:29.649+0000] {logging_mixin.py:188} INFO - [2026-04-09T07:59:29.649+0000] {dag.py:3036} INFO - Sync 1 DAGs
[2026-04-09T07:59:29.674+0000] {logging_mixin.py:188} INFO - [2026-04-09T07:59:29.674+0000] {dag.py:3823} INFO - Setting next_dagrun for daily_revenue_etl_dag to 2026-04-09 00:00:00+00:00, run_after=2026-04-10 00:00:00+00:00
[2026-04-09T07:59:29.698+0000] {processor.py:183} INFO - Processing /opt/airflow/dags/daily_revenue_etl_dag.py took 0.100 seconds
[2026-04-09T07:59:59.888+0000] {processor.py:161} INFO - Started process (PID=1221) to work on /opt/airflow/dags/daily_revenue_etl_dag.py
[2026-04-09T07:59:59.890+0000] {processor.py:830} INFO - Processing file /opt/airflow/dags/daily_revenue_etl_dag.py for tasks to queue
[2026-04-09T07:59:59.893+0000] {logging_mixin.py:188} INFO - [2026-04-09T07:59:59.892+0000] {dagbag.py:538} INFO - Filling up the DagBag from /opt/airflow/dags/daily_revenue_etl_dag.py
[2026-04-09T07:59:59.916+0000] {processor.py:840} INFO - DAG(s) 'daily_revenue_etl_dag' retrieved from /opt/airflow/dags/daily_revenue_etl_dag.py
[2026-04-09T07:59:59.944+0000] {logging_mixin.py:188} INFO - [2026-04-09T07:59:59.944+0000] {dag.py:3036} INFO - Sync 1 DAGs
[2026-04-09T07:59:59.965+0000] {logging_mixin.py:188} INFO - [2026-04-09T07:59:59.965+0000] {dag.py:3823} INFO - Setting next_dagrun for daily_revenue_etl_dag to 2026-04-09 00:00:00+00:00, run_after=2026-04-10 00:00:00+00:00
[2026-04-09T07:59:59.989+0000] {processor.py:183} INFO - Processing /opt/airflow/dags/daily_revenue_etl_dag.py took 0.104 seconds
[2026-04-09T08:23:54.830+0000] {processor.py:161} INFO - Started process (PID=1226) to work on /opt/airflow/dags/daily_revenue_etl_dag.py
[2026-04-09T08:23:54.833+0000] {processor.py:830} INFO - Processing file /opt/airflow/dags/daily_revenue_etl_dag.py for tasks to queue
[2026-04-09T08:23:54.835+0000] {logging_mixin.py:188} INFO - [2026-04-09T08:23:54.835+0000] {dagbag.py:538} INFO - Filling up the DagBag from /opt/airflow/dags/daily_revenue_etl_dag.py
[2026-04-09T08:23:54.861+0000] {processor.py:840} INFO - DAG(s) 'daily_revenue_etl_dag' retrieved from /opt/airflow/dags/daily_revenue_etl_dag.py
[2026-04-09T08:23:54.896+0000] {logging_mixin.py:188} INFO - [2026-04-09T08:23:54.896+0000] {dag.py:3036} INFO - Sync 1 DAGs
[2026-04-09T08:23:54.925+0000] {logging_mixin.py:188} INFO - [2026-04-09T08:23:54.925+0000] {dag.py:3823} INFO - Setting next_dagrun for daily_revenue_etl_dag to 2026-04-09 00:00:00+00:00, run_after=2026-04-10 00:00:00+00:00
[2026-04-09T08:23:54.955+0000] {processor.py:183} INFO - Processing /opt/airflow/dags/daily_revenue_etl_dag.py took 0.128 seconds
[2026-04-09T08:26:19.063+0000] {processor.py:161} INFO - Started process (PID=1231) to work on /opt/airflow/dags/daily_revenue_etl_dag.py
[2026-04-09T08:26:19.066+0000] {processor.py:830} INFO - Processing file /opt/airflow/dags/daily_revenue_etl_dag.py for tasks to queue
[2026-04-09T08:26:19.070+0000] {logging_mixin.py:188} INFO - [2026-04-09T08:26:19.069+0000] {dagbag.py:538} INFO - Filling up the DagBag from /opt/airflow/dags/daily_revenue_etl_dag.py
[2026-04-09T08:26:19.122+0000] {processor.py:840} INFO - DAG(s) 'daily_revenue_etl_dag' retrieved from /opt/airflow/dags/daily_revenue_etl_dag.py
[2026-04-09T08:02:28.433+0000] {logging_mixin.py:188} INFO - [2026-04-09T08:02:28.432+0000] {dag.py:3036} INFO - Sync 1 DAGs
[2026-04-09T08:02:28.482+0000] {logging_mixin.py:188} INFO - [2026-04-09T08:02:28.481+0000] {dag.py:3823} INFO - Setting next_dagrun for daily_revenue_etl_dag to 2026-04-09 00:00:00+00:00, run_after=2026-04-10 00:00:00+00:00
[2026-04-09T08:02:28.529+0000] {processor.py:183} INFO - Processing /opt/airflow/dags/daily_revenue_etl_dag.py took 0.246 seconds
[2026-04-09T08:26:20.115+0000] {processor.py:161} INFO - Started process (PID=1236) to work on /opt/airflow/dags/daily_revenue_etl_dag.py
[2026-04-09T08:26:20.118+0000] {processor.py:830} INFO - Processing file /opt/airflow/dags/daily_revenue_etl_dag.py for tasks to queue
[2026-04-09T08:26:20.121+0000] {logging_mixin.py:188} INFO - [2026-04-09T08:26:20.120+0000] {dagbag.py:538} INFO - Filling up the DagBag from /opt/airflow/dags/daily_revenue_etl_dag.py
[2026-04-09T08:26:20.167+0000] {processor.py:840} INFO - DAG(s) 'daily_revenue_etl_dag' retrieved from /opt/airflow/dags/daily_revenue_etl_dag.py
[2026-04-09T08:26:20.235+0000] {logging_mixin.py:188} INFO - [2026-04-09T08:26:20.234+0000] {dag.py:3036} INFO - Sync 1 DAGs
[2026-04-09T08:02:29.581+0000] {logging_mixin.py:188} INFO - [2026-04-09T08:02:29.581+0000] {dag.py:3823} INFO - Setting next_dagrun for daily_revenue_etl_dag to 2026-04-09 00:00:00+00:00, run_after=2026-04-10 00:00:00+00:00
[2026-04-09T08:02:29.611+0000] {processor.py:183} INFO - Processing /opt/airflow/dags/daily_revenue_etl_dag.py took 0.228 seconds
[2026-04-09T08:02:59.856+0000] {processor.py:161} INFO - Started process (PID=1241) to work on /opt/airflow/dags/daily_revenue_etl_dag.py
[2026-04-09T08:02:59.856+0000] {processor.py:830} INFO - Processing file /opt/airflow/dags/daily_revenue_etl_dag.py for tasks to queue
[2026-04-09T08:02:59.857+0000] {logging_mixin.py:188} INFO - [2026-04-09T08:02:59.857+0000] {dagbag.py:538} INFO - Filling up the DagBag from /opt/airflow/dags/daily_revenue_etl_dag.py
[2026-04-09T08:02:59.872+0000] {processor.py:840} INFO - DAG(s) 'daily_revenue_etl_dag' retrieved from /opt/airflow/dags/daily_revenue_etl_dag.py
[2026-04-09T08:02:59.892+0000] {logging_mixin.py:188} INFO - [2026-04-09T08:02:59.892+0000] {dag.py:3036} INFO - Sync 1 DAGs
[2026-04-09T08:02:59.909+0000] {logging_mixin.py:188} INFO - [2026-04-09T08:02:59.909+0000] {dag.py:3823} INFO - Setting next_dagrun for daily_revenue_etl_dag to 2026-04-09 00:00:00+00:00, run_after=2026-04-10 00:00:00+00:00
[2026-04-09T08:02:59.923+0000] {processor.py:183} INFO - Processing /opt/airflow/dags/daily_revenue_etl_dag.py took 0.070 seconds
[2026-04-09T08:03:30.041+0000] {processor.py:161} INFO - Started process (PID=1246) to work on /opt/airflow/dags/daily_revenue_etl_dag.py
[2026-04-09T08:03:30.042+0000] {processor.py:830} INFO - Processing file /opt/airflow/dags/daily_revenue_etl_dag.py for tasks to queue
[2026-04-09T08:03:30.043+0000] {logging_mixin.py:188} INFO - [2026-04-09T08:03:30.042+0000] {dagbag.py:538} INFO - Filling up the DagBag from /opt/airflow/dags/daily_revenue_etl_dag.py
[2026-04-09T08:03:30.058+0000] {processor.py:840} INFO - DAG(s) 'daily_revenue_etl_dag' retrieved from /opt/airflow/dags/daily_revenue_etl_dag.py
[2026-04-09T08:03:30.079+0000] {logging_mixin.py:188} INFO - [2026-04-09T08:03:30.079+0000] {dag.py:3036} INFO - Sync 1 DAGs
[2026-04-09T08:03:30.096+0000] {logging_mixin.py:188} INFO - [2026-04-09T08:03:30.096+0000] {dag.py:3823} INFO - Setting next_dagrun for daily_revenue_etl_dag to 2026-04-09 00:00:00+00:00, run_after=2026-04-10 00:00:00+00:00
[2026-04-09T08:03:30.113+0000] {processor.py:183} INFO - Processing /opt/airflow/dags/daily_revenue_etl_dag.py took 0.075 seconds
[2026-04-09T08:27:49.050+0000] {processor.py:161} INFO - Started process (PID=1251) to work on /opt/airflow/dags/daily_revenue_etl_dag.py
[2026-04-09T08:27:49.051+0000] {processor.py:830} INFO - Processing file /opt/airflow/dags/daily_revenue_etl_dag.py for tasks to queue
[2026-04-09T08:27:49.052+0000] {logging_mixin.py:188} INFO - [2026-04-09T08:27:49.052+0000] {dagbag.py:538} INFO - Filling up the DagBag from /opt/airflow/dags/daily_revenue_etl_dag.py
[2026-04-09T08:27:49.069+0000] {processor.py:840} INFO - DAG(s) 'daily_revenue_etl_dag' retrieved from /opt/airflow/dags/daily_revenue_etl_dag.py
[2026-04-09T08:27:49.092+0000] {logging_mixin.py:188} INFO - [2026-04-09T08:27:49.091+0000] {dag.py:3036} INFO - Sync 1 DAGs
[2026-04-09T08:03:58.387+0000] {logging_mixin.py:188} INFO - [2026-04-09T08:03:58.386+0000] {dag.py:3823} INFO - Setting next_dagrun for daily_revenue_etl_dag to 2026-04-09 00:00:00+00:00, run_after=2026-04-10 00:00:00+00:00
[2026-04-09T08:03:58.417+0000] {processor.py:183} INFO - Processing /opt/airflow/dags/daily_revenue_etl_dag.py took 0.104 seconds
[2026-04-09T08:27:55.221+0000] {processor.py:161} INFO - Started process (PID=1256) to work on /opt/airflow/dags/daily_revenue_etl_dag.py
[2026-04-09T08:27:55.222+0000] {processor.py:830} INFO - Processing file /opt/airflow/dags/daily_revenue_etl_dag.py for tasks to queue
[2026-04-09T08:27:55.223+0000] {logging_mixin.py:188} INFO - [2026-04-09T08:27:55.223+0000] {dagbag.py:538} INFO - Filling up the DagBag from /opt/airflow/dags/daily_revenue_etl_dag.py
[2026-04-09T08:27:55.237+0000] {processor.py:840} INFO - DAG(s) 'daily_revenue_etl_dag' retrieved from /opt/airflow/dags/daily_revenue_etl_dag.py
[2026-04-09T08:27:55.258+0000] {logging_mixin.py:188} INFO - [2026-04-09T08:27:55.258+0000] {dag.py:3036} INFO - Sync 1 DAGs
[2026-04-09T08:27:55.276+0000] {logging_mixin.py:188} INFO - [2026-04-09T08:27:55.276+0000] {dag.py:3823} INFO - Setting next_dagrun for daily_revenue_etl_dag to 2026-04-09 00:00:00+00:00, run_after=2026-04-10 00:00:00+00:00
[2026-04-09T08:27:55.294+0000] {processor.py:183} INFO - Processing /opt/airflow/dags/daily_revenue_etl_dag.py took 0.076 seconds
[2026-04-09T08:28:25.446+0000] {processor.py:161} INFO - Started process (PID=1261) to work on /opt/airflow/dags/daily_revenue_etl_dag.py
[2026-04-09T08:28:25.447+0000] {processor.py:830} INFO - Processing file /opt/airflow/dags/daily_revenue_etl_dag.py for tasks to queue
[2026-04-09T08:28:25.448+0000] {logging_mixin.py:188} INFO - [2026-04-09T08:28:25.448+0000] {dagbag.py:538} INFO - Filling up the DagBag from /opt/airflow/dags/daily_revenue_etl_dag.py
[2026-04-09T08:28:25.475+0000] {processor.py:840} INFO - DAG(s) 'daily_revenue_etl_dag' retrieved from /opt/airflow/dags/daily_revenue_etl_dag.py
[2026-04-09T08:04:34.781+0000] {logging_mixin.py:188} INFO - [2026-04-09T08:04:34.781+0000] {dag.py:3036} INFO - Sync 1 DAGs
[2026-04-09T08:04:34.826+0000] {logging_mixin.py:188} INFO - [2026-04-09T08:04:34.825+0000] {dag.py:3823} INFO - Setting next_dagrun for daily_revenue_etl_dag to 2026-04-09 00:00:00+00:00, run_after=2026-04-10 00:00:00+00:00
[2026-04-09T08:04:34.866+0000] {processor.py:183} INFO - Processing /opt/airflow/dags/daily_revenue_etl_dag.py took 0.157 seconds
[2026-04-09T08:05:05.007+0000] {processor.py:161} INFO - Started process (PID=1266) to work on /opt/airflow/dags/daily_revenue_etl_dag.py
[2026-04-09T08:05:05.008+0000] {processor.py:830} INFO - Processing file /opt/airflow/dags/daily_revenue_etl_dag.py for tasks to queue
[2026-04-09T08:05:05.009+0000] {logging_mixin.py:188} INFO - [2026-04-09T08:05:05.009+0000] {dagbag.py:538} INFO - Filling up the DagBag from /opt/airflow/dags/daily_revenue_etl_dag.py
[2026-04-09T08:05:05.033+0000] {processor.py:840} INFO - DAG(s) 'daily_revenue_etl_dag' retrieved from /opt/airflow/dags/daily_revenue_etl_dag.py
[2026-04-09T08:05:05.062+0000] {logging_mixin.py:188} INFO - [2026-04-09T08:05:05.062+0000] {dag.py:3036} INFO - Sync 1 DAGs
[2026-04-09T08:05:05.083+0000] {logging_mixin.py:188} INFO - [2026-04-09T08:05:05.082+0000] {dag.py:3823} INFO - Setting next_dagrun for daily_revenue_etl_dag to 2026-04-09 00:00:00+00:00, run_after=2026-04-10 00:00:00+00:00
[2026-04-09T08:05:05.096+0000] {processor.py:183} INFO - Processing /opt/airflow/dags/daily_revenue_etl_dag.py took 0.094 seconds
[2026-04-09T08:29:18.997+0000] {processor.py:161} INFO - Started process (PID=1271) to work on /opt/airflow/dags/daily_revenue_etl_dag.py
[2026-04-09T08:29:18.998+0000] {processor.py:830} INFO - Processing file /opt/airflow/dags/daily_revenue_etl_dag.py for tasks to queue
[2026-04-09T08:29:18.999+0000] {logging_mixin.py:188} INFO - [2026-04-09T08:29:18.998+0000] {dagbag.py:538} INFO - Filling up the DagBag from /opt/airflow/dags/daily_revenue_etl_dag.py
[2026-04-09T08:29:19.014+0000] {processor.py:840} INFO - DAG(s) 'daily_revenue_etl_dag' retrieved from /opt/airflow/dags/daily_revenue_etl_dag.py
[2026-04-09T08:29:19.033+0000] {logging_mixin.py:188} INFO - [2026-04-09T08:29:19.032+0000] {dag.py:3036} INFO - Sync 1 DAGs
[2026-04-09T08:29:19.055+0000] {logging_mixin.py:188} INFO - [2026-04-09T08:29:19.054+0000] {dag.py:3823} INFO - Setting next_dagrun for daily_revenue_etl_dag to 2026-04-09 00:00:00+00:00, run_after=2026-04-10 00:00:00+00:00
[2026-04-09T08:29:19.072+0000] {processor.py:183} INFO - Processing /opt/airflow/dags/daily_revenue_etl_dag.py took 0.077 seconds
[2026-04-09T08:30:40.511+0000] {processor.py:161} INFO - Started process (PID=1276) to work on /opt/airflow/dags/daily_revenue_etl_dag.py
[2026-04-09T08:30:40.512+0000] {processor.py:830} INFO - Processing file /opt/airflow/dags/daily_revenue_etl_dag.py for tasks to queue
[2026-04-09T08:30:40.513+0000] {logging_mixin.py:188} INFO - [2026-04-09T08:30:40.512+0000] {dagbag.py:538} INFO - Filling up the DagBag from /opt/airflow/dags/daily_revenue_etl_dag.py
[2026-04-09T08:30:40.529+0000] {processor.py:840} INFO - DAG(s) 'daily_revenue_etl_dag' retrieved from /opt/airflow/dags/daily_revenue_etl_dag.py
[2026-04-09T08:30:40.551+0000] {logging_mixin.py:188} INFO - [2026-04-09T08:30:40.551+0000] {dag.py:3036} INFO - Sync 1 DAGs
[2026-04-09T08:30:40.573+0000] {logging_mixin.py:188} INFO - [2026-04-09T08:30:40.573+0000] {dag.py:3823} INFO - Setting next_dagrun for daily_revenue_etl_dag to 2026-04-09 00:00:00+00:00, run_after=2026-04-10 00:00:00+00:00
[2026-04-09T08:30:40.587+0000] {processor.py:183} INFO - Processing /opt/airflow/dags/daily_revenue_etl_dag.py took 0.080 seconds
[2026-04-09T08:31:10.694+0000] {processor.py:161} INFO - Started process (PID=1281) to work on /opt/airflow/dags/daily_revenue_etl_dag.py
[2026-04-09T08:31:10.695+0000] {processor.py:830} INFO - Processing file /opt/airflow/dags/daily_revenue_etl_dag.py for tasks to queue
[2026-04-09T08:31:10.696+0000] {logging_mixin.py:188} INFO - [2026-04-09T08:31:10.696+0000] {dagbag.py:538} INFO - Filling up the DagBag from /opt/airflow/dags/daily_revenue_etl_dag.py
[2026-04-09T08:31:10.712+0000] {processor.py:840} INFO - DAG(s) 'daily_revenue_etl_dag' retrieved from /opt/airflow/dags/daily_revenue_etl_dag.py
[2026-04-09T08:07:20.013+0000] {logging_mixin.py:188} INFO - [2026-04-09T08:07:20.013+0000] {dag.py:3036} INFO - Sync 1 DAGs
[2026-04-09T08:07:20.033+0000] {logging_mixin.py:188} INFO - [2026-04-09T08:07:20.033+0000] {dag.py:3823} INFO - Setting next_dagrun for daily_revenue_etl_dag to 2026-04-09 00:00:00+00:00, run_after=2026-04-10 00:00:00+00:00
[2026-04-09T08:07:20.050+0000] {processor.py:183} INFO - Processing /opt/airflow/dags/daily_revenue_etl_dag.py took 0.080 seconds
[2026-04-09T08:07:50.212+0000] {processor.py:161} INFO - Started process (PID=1286) to work on /opt/airflow/dags/daily_revenue_etl_dag.py
[2026-04-09T08:07:50.213+0000] {processor.py:830} INFO - Processing file /opt/airflow/dags/daily_revenue_etl_dag.py for tasks to queue
[2026-04-09T08:07:50.213+0000] {logging_mixin.py:188} INFO - [2026-04-09T08:07:50.213+0000] {dagbag.py:538} INFO - Filling up the DagBag from /opt/airflow/dags/daily_revenue_etl_dag.py
[2026-04-09T08:07:50.229+0000] {processor.py:840} INFO - DAG(s) 'daily_revenue_etl_dag' retrieved from /opt/airflow/dags/daily_revenue_etl_dag.py
[2026-04-09T08:07:50.249+0000] {logging_mixin.py:188} INFO - [2026-04-09T08:07:50.249+0000] {dag.py:3036} INFO - Sync 1 DAGs
[2026-04-09T08:07:50.268+0000] {logging_mixin.py:188} INFO - [2026-04-09T08:07:50.268+0000] {dag.py:3823} INFO - Setting next_dagrun for daily_revenue_etl_dag to 2026-04-09 00:00:00+00:00, run_after=2026-04-10 00:00:00+00:00
[2026-04-09T08:07:50.284+0000] {processor.py:183} INFO - Processing /opt/airflow/dags/daily_revenue_etl_dag.py took 0.076 seconds
[2026-04-09T08:31:48.974+0000] {processor.py:161} INFO - Started process (PID=1291) to work on /opt/airflow/dags/daily_revenue_etl_dag.py
[2026-04-09T08:31:48.975+0000] {processor.py:830} INFO - Processing file /opt/airflow/dags/daily_revenue_etl_dag.py for tasks to queue
[2026-04-09T08:31:48.975+0000] {logging_mixin.py:188} INFO - [2026-04-09T08:31:48.975+0000] {dagbag.py:538} INFO - Filling up the DagBag from /opt/airflow/dags/daily_revenue_etl_dag.py
[2026-04-09T08:31:48.991+0000] {processor.py:840} INFO - DAG(s) 'daily_revenue_etl_dag' retrieved from /opt/airflow/dags/daily_revenue_etl_dag.py
[2026-04-09T08:31:49.013+0000] {logging_mixin.py:188} INFO - [2026-04-09T08:31:49.012+0000] {dag.py:3036} INFO - Sync 1 DAGs
[2026-04-09T08:31:49.031+0000] {logging_mixin.py:188} INFO - [2026-04-09T08:31:49.031+0000] {dag.py:3823} INFO - Setting next_dagrun for daily_revenue_etl_dag to 2026-04-09 00:00:00+00:00, run_after=2026-04-10 00:00:00+00:00
[2026-04-09T08:31:49.047+0000] {processor.py:183} INFO - Processing /opt/airflow/dags/daily_revenue_etl_dag.py took 0.077 seconds
[2026-04-09T08:34:05.878+0000] {processor.py:161} INFO - Started process (PID=1301) to work on /opt/airflow/dags/daily_revenue_etl_dag.py
[2026-04-09T08:34:05.879+0000] {processor.py:830} INFO - Processing file /opt/airflow/dags/daily_revenue_etl_dag.py for tasks to queue
[2026-04-09T08:34:05.880+0000] {logging_mixin.py:188} INFO - [2026-04-09T08:34:05.880+0000] {dagbag.py:538} INFO - Filling up the DagBag from /opt/airflow/dags/daily_revenue_etl_dag.py
[2026-04-09T08:34:05.896+0000] {processor.py:840} INFO - DAG(s) 'daily_revenue_etl_dag' retrieved from /opt/airflow/dags/daily_revenue_etl_dag.py
[2026-04-09T08:34:05.916+0000] {logging_mixin.py:188} INFO - [2026-04-09T08:34:05.916+0000] {dag.py:3036} INFO - Sync 1 DAGs
[2026-04-09T08:34:05.934+0000] {logging_mixin.py:188} INFO - [2026-04-09T08:34:05.934+0000] {dag.py:3823} INFO - Setting next_dagrun for daily_revenue_etl_dag to 2026-04-09 00:00:00+00:00, run_after=2026-04-10 00:00:00+00:00
[2026-04-09T08:34:05.950+0000] {processor.py:183} INFO - Processing /opt/airflow/dags/daily_revenue_etl_dag.py took 0.074 seconds
[2026-04-09T08:34:36.071+0000] {processor.py:161} INFO - Started process (PID=1306) to work on /opt/airflow/dags/daily_revenue_etl_dag.py
[2026-04-09T08:34:36.071+0000] {processor.py:830} INFO - Processing file /opt/airflow/dags/daily_revenue_etl_dag.py for tasks to queue
[2026-04-09T08:34:36.072+0000] {logging_mixin.py:188} INFO - [2026-04-09T08:34:36.072+0000] {dagbag.py:538} INFO - Filling up the DagBag from /opt/airflow/dags/daily_revenue_etl_dag.py
[2026-04-09T08:34:36.088+0000] {processor.py:840} INFO - DAG(s) 'daily_revenue_etl_dag' retrieved from /opt/airflow/dags/daily_revenue_etl_dag.py
[2026-04-09T08:34:36.110+0000] {logging_mixin.py:188} INFO - [2026-04-09T08:34:36.110+0000] {dag.py:3036} INFO - Sync 1 DAGs
[2026-04-09T08:34:36.129+0000] {logging_mixin.py:188} INFO - [2026-04-09T08:34:36.129+0000] {dag.py:3823} INFO - Setting next_dagrun for daily_revenue_etl_dag to 2026-04-09 00:00:00+00:00, run_after=2026-04-10 00:00:00+00:00
[2026-04-09T08:10:45.426+0000] {processor.py:183} INFO - Processing /opt/airflow/dags/daily_revenue_etl_dag.py took 0.082 seconds
[2026-04-09T08:10:50.443+0000] {processor.py:161} INFO - Started process (PID=1311) to work on /opt/airflow/dags/daily_revenue_etl_dag.py
[2026-04-09T08:10:50.445+0000] {processor.py:830} INFO - Processing file /opt/airflow/dags/daily_revenue_etl_dag.py for tasks to queue
[2026-04-09T08:10:50.445+0000] {logging_mixin.py:188} INFO - [2026-04-09T08:10:50.445+0000] {dagbag.py:538} INFO - Filling up the DagBag from /opt/airflow/dags/daily_revenue_etl_dag.py
[2026-04-09T08:10:50.461+0000] {processor.py:840} INFO - DAG(s) 'daily_revenue_etl_dag' retrieved from /opt/airflow/dags/daily_revenue_etl_dag.py
[2026-04-09T08:10:50.483+0000] {logging_mixin.py:188} INFO - [2026-04-09T08:10:50.483+0000] {dag.py:3036} INFO - Sync 1 DAGs
[2026-04-09T08:10:50.502+0000] {logging_mixin.py:188} INFO - [2026-04-09T08:10:50.502+0000] {dag.py:3823} INFO - Setting next_dagrun for daily_revenue_etl_dag to 2026-04-09 00:00:00+00:00, run_after=2026-04-10 00:00:00+00:00
[2026-04-09T08:10:50.518+0000] {processor.py:183} INFO - Processing /opt/airflow/dags/daily_revenue_etl_dag.py took 0.078 seconds
[2026-04-09T08:11:20.669+0000] {processor.py:161} INFO - Started process (PID=1316) to work on /opt/airflow/dags/daily_revenue_etl_dag.py
[2026-04-09T08:11:20.670+0000] {processor.py:830} INFO - Processing file /opt/airflow/dags/daily_revenue_etl_dag.py for tasks to queue
[2026-04-09T08:11:20.671+0000] {logging_mixin.py:188} INFO - [2026-04-09T08:11:20.670+0000] {dagbag.py:538} INFO - Filling up the DagBag from /opt/airflow/dags/daily_revenue_etl_dag.py
[2026-04-09T08:11:20.689+0000] {processor.py:840} INFO - DAG(s) 'daily_revenue_etl_dag' retrieved from /opt/airflow/dags/daily_revenue_etl_dag.py
[2026-04-09T08:11:20.714+0000] {logging_mixin.py:188} INFO - [2026-04-09T08:11:20.714+0000] {dag.py:3036} INFO - Sync 1 DAGs
[2026-04-09T08:11:20.741+0000] {logging_mixin.py:188} INFO - [2026-04-09T08:11:20.741+0000] {dag.py:3823} INFO - Setting next_dagrun for daily_revenue_etl_dag to 2026-04-09 00:00:00+00:00, run_after=2026-04-10 00:00:00+00:00
[2026-04-09T08:11:20.767+0000] {processor.py:183} INFO - Processing /opt/airflow/dags/daily_revenue_etl_dag.py took 0.102 seconds
[2026-04-09T08:11:50.858+0000] {processor.py:161} INFO - Started process (PID=1321) to work on /opt/airflow/dags/daily_revenue_etl_dag.py
[2026-04-09T08:11:50.859+0000] {processor.py:830} INFO - Processing file /opt/airflow/dags/daily_revenue_etl_dag.py for tasks to queue
[2026-04-09T08:11:50.860+0000] {logging_mixin.py:188} INFO - [2026-04-09T08:11:50.860+0000] {dagbag.py:538} INFO - Filling up the DagBag from /opt/airflow/dags/daily_revenue_etl_dag.py
[2026-04-09T08:11:50.875+0000] {processor.py:840} INFO - DAG(s) 'daily_revenue_etl_dag' retrieved from /opt/airflow/dags/daily_revenue_etl_dag.py
[2026-04-09T08:11:50.896+0000] {logging_mixin.py:188} INFO - [2026-04-09T08:11:50.896+0000] {dag.py:3036} INFO - Sync 1 DAGs
[2026-04-09T08:11:50.914+0000] {logging_mixin.py:188} INFO - [2026-04-09T08:11:50.914+0000] {dag.py:3823} INFO - Setting next_dagrun for daily_revenue_etl_dag to 2026-04-09 00:00:00+00:00, run_after=2026-04-10 00:00:00+00:00
[2026-04-09T08:11:50.928+0000] {processor.py:183} INFO - Processing /opt/airflow/dags/daily_revenue_etl_dag.py took 0.073 seconds
[2026-04-09T08:12:21.112+0000] {processor.py:161} INFO - Started process (PID=1326) to work on /opt/airflow/dags/daily_revenue_etl_dag.py
[2026-04-09T08:12:21.113+0000] {processor.py:830} INFO - Processing file /opt/airflow/dags/daily_revenue_etl_dag.py for tasks to queue
[2026-04-09T08:12:21.114+0000] {logging_mixin.py:188} INFO - [2026-04-09T08:12:21.114+0000] {dagbag.py:538} INFO - Filling up the DagBag from /opt/airflow/dags/daily_revenue_etl_dag.py
[2026-04-09T08:12:21.134+0000] {processor.py:840} INFO - DAG(s) 'daily_revenue_etl_dag' retrieved from /opt/airflow/dags/daily_revenue_etl_dag.py
[2026-04-09T08:12:21.164+0000] {logging_mixin.py:188} INFO - [2026-04-09T08:12:21.164+0000] {dag.py:3036} INFO - Sync 1 DAGs
[2026-04-09T08:12:21.229+0000] {logging_mixin.py:188} INFO - [2026-04-09T08:12:21.227+0000] {dag.py:3823} INFO - Setting next_dagrun for daily_revenue_etl_dag to 2026-04-09 00:00:00+00:00, run_after=2026-04-10 00:00:00+00:00
[2026-04-09T08:12:21.293+0000] {processor.py:183} INFO - Processing /opt/airflow/dags/daily_revenue_etl_dag.py took 0.184 seconds
[2026-04-09T08:36:16.122+0000] {processor.py:161} INFO - Started process (PID=1331) to work on /opt/airflow/dags/daily_revenue_etl_dag.py
[2026-04-09T08:36:16.124+0000] {processor.py:830} INFO - Processing file /opt/airflow/dags/daily_revenue_etl_dag.py for tasks to queue
[2026-04-09T08:36:16.125+0000] {logging_mixin.py:188} INFO - [2026-04-09T08:36:16.124+0000] {dagbag.py:538} INFO - Filling up the DagBag from /opt/airflow/dags/daily_revenue_etl_dag.py
[2026-04-09T08:36:16.145+0000] {processor.py:840} INFO - DAG(s) 'daily_revenue_etl_dag' retrieved from /opt/airflow/dags/daily_revenue_etl_dag.py
[2026-04-09T08:36:16.172+0000] {logging_mixin.py:188} INFO - [2026-04-09T08:36:16.172+0000] {dag.py:3036} INFO - Sync 1 DAGs
[2026-04-09T08:36:16.194+0000] {logging_mixin.py:188} INFO - [2026-04-09T08:36:16.194+0000] {dag.py:3823} INFO - Setting next_dagrun for daily_revenue_etl_dag to 2026-04-09 00:00:00+00:00, run_after=2026-04-10 00:00:00+00:00
[2026-04-09T08:36:16.213+0000] {processor.py:183} INFO - Processing /opt/airflow/dags/daily_revenue_etl_dag.py took 0.095 seconds
[2026-04-09T08:36:46.320+0000] {processor.py:161} INFO - Started process (PID=1336) to work on /opt/airflow/dags/daily_revenue_etl_dag.py
[2026-04-09T08:36:46.321+0000] {processor.py:830} INFO - Processing file /opt/airflow/dags/daily_revenue_etl_dag.py for tasks to queue
[2026-04-09T08:36:46.322+0000] {logging_mixin.py:188} INFO - [2026-04-09T08:36:46.322+0000] {dagbag.py:538} INFO - Filling up the DagBag from /opt/airflow/dags/daily_revenue_etl_dag.py
[2026-04-09T08:12:55.621+0000] {processor.py:840} INFO - DAG(s) 'daily_revenue_etl_dag' retrieved from /opt/airflow/dags/daily_revenue_etl_dag.py
[2026-04-09T08:12:55.651+0000] {logging_mixin.py:188} INFO - [2026-04-09T08:12:55.650+0000] {dag.py:3036} INFO - Sync 1 DAGs
[2026-04-09T08:12:55.676+0000] {logging_mixin.py:188} INFO - [2026-04-09T08:12:55.676+0000] {dag.py:3823} INFO - Setting next_dagrun for daily_revenue_etl_dag to 2026-04-09 00:00:00+00:00, run_after=2026-04-10 00:00:00+00:00
[2026-04-09T08:12:55.693+0000] {processor.py:183} INFO - Processing /opt/airflow/dags/daily_revenue_etl_dag.py took 0.098 seconds
[2026-04-09T08:13:25.896+0000] {processor.py:161} INFO - Started process (PID=1341) to work on /opt/airflow/dags/daily_revenue_etl_dag.py
[2026-04-09T08:13:25.897+0000] {processor.py:830} INFO - Processing file /opt/airflow/dags/daily_revenue_etl_dag.py for tasks to queue
[2026-04-09T08:13:25.898+0000] {logging_mixin.py:188} INFO - [2026-04-09T08:13:25.898+0000] {dagbag.py:538} INFO - Filling up the DagBag from /opt/airflow/dags/daily_revenue_etl_dag.py
[2026-04-09T08:13:25.914+0000] {processor.py:840} INFO - DAG(s) 'daily_revenue_etl_dag' retrieved from /opt/airflow/dags/daily_revenue_etl_dag.py
[2026-04-09T08:13:25.941+0000] {logging_mixin.py:188} INFO - [2026-04-09T08:13:25.940+0000] {dag.py:3036} INFO - Sync 1 DAGs
[2026-04-09T08:13:25.961+0000] {logging_mixin.py:188} INFO - [2026-04-09T08:13:25.961+0000] {dag.py:3823} INFO - Setting next_dagrun for daily_revenue_etl_dag to 2026-04-09 00:00:00+00:00, run_after=2026-04-10 00:00:00+00:00
[2026-04-09T08:13:25.981+0000] {processor.py:183} INFO - Processing /opt/airflow/dags/daily_revenue_etl_dag.py took 0.089 seconds
[2026-04-09T08:13:56.089+0000] {processor.py:161} INFO - Started process (PID=1347) to work on /opt/airflow/dags/daily_revenue_etl_dag.py
[2026-04-09T08:13:56.090+0000] {processor.py:830} INFO - Processing file /opt/airflow/dags/daily_revenue_etl_dag.py for tasks to queue
[2026-04-09T08:13:56.091+0000] {logging_mixin.py:188} INFO - [2026-04-09T08:13:56.090+0000] {dagbag.py:538} INFO - Filling up the DagBag from /opt/airflow/dags/daily_revenue_etl_dag.py
[2026-04-09T08:13:56.109+0000] {processor.py:840} INFO - DAG(s) 'daily_revenue_etl_dag' retrieved from /opt/airflow/dags/daily_revenue_etl_dag.py
[2026-04-09T08:13:56.130+0000] {logging_mixin.py:188} INFO - [2026-04-09T08:13:56.130+0000] {dag.py:3036} INFO - Sync 1 DAGs
[2026-04-09T08:13:56.150+0000] {logging_mixin.py:188} INFO - [2026-04-09T08:13:56.150+0000] {dag.py:3823} INFO - Setting next_dagrun for daily_revenue_etl_dag to 2026-04-09 00:00:00+00:00, run_after=2026-04-10 00:00:00+00:00
[2026-04-09T08:13:56.168+0000] {processor.py:183} INFO - Processing /opt/airflow/dags/daily_revenue_etl_dag.py took 0.082 seconds
[2026-04-09T08:14:26.383+0000] {processor.py:161} INFO - Started process (PID=1352) to work on /opt/airflow/dags/daily_revenue_etl_dag.py
[2026-04-09T08:14:26.384+0000] {processor.py:830} INFO - Processing file /opt/airflow/dags/daily_revenue_etl_dag.py for tasks to queue
[2026-04-09T08:14:26.385+0000] {logging_mixin.py:188} INFO - [2026-04-09T08:14:26.385+0000] {dagbag.py:538} INFO - Filling up the DagBag from /opt/airflow/dags/daily_revenue_etl_dag.py
[2026-04-09T08:14:26.415+0000] {processor.py:840} INFO - DAG(s) 'daily_revenue_etl_dag' retrieved from /opt/airflow/dags/daily_revenue_etl_dag.py
[2026-04-09T08:14:26.458+0000] {logging_mixin.py:188} INFO - [2026-04-09T08:14:26.457+0000] {dag.py:3036} INFO - Sync 1 DAGs
[2026-04-09T08:14:26.497+0000] {logging_mixin.py:188} INFO - [2026-04-09T08:14:26.497+0000] {dag.py:3823} INFO - Setting next_dagrun for daily_revenue_etl_dag to 2026-04-09 00:00:00+00:00, run_after=2026-04-10 00:00:00+00:00
[2026-04-09T08:14:26.537+0000] {processor.py:183} INFO - Processing /opt/airflow/dags/daily_revenue_etl_dag.py took 0.157 seconds
[2026-04-09T08:38:19.126+0000] {processor.py:161} INFO - Started process (PID=1357) to work on /opt/airflow/dags/daily_revenue_etl_dag.py
[2026-04-09T08:38:19.127+0000] {processor.py:830} INFO - Processing file /opt/airflow/dags/daily_revenue_etl_dag.py for tasks to queue
[2026-04-09T08:38:19.128+0000] {logging_mixin.py:188} INFO - [2026-04-09T08:38:19.128+0000] {dagbag.py:538} INFO - Filling up the DagBag from /opt/airflow/dags/daily_revenue_etl_dag.py
[2026-04-09T08:14:28.443+0000] {processor.py:840} INFO - DAG(s) 'daily_revenue_etl_dag' retrieved from /opt/airflow/dags/daily_revenue_etl_dag.py
[2026-04-09T08:14:28.485+0000] {logging_mixin.py:188} INFO - [2026-04-09T08:14:28.485+0000] {dag.py:3036} INFO - Sync 1 DAGs
[2026-04-09T08:14:28.520+0000] {logging_mixin.py:188} INFO - [2026-04-09T08:14:28.519+0000] {dag.py:3823} INFO - Setting next_dagrun for daily_revenue_etl_dag to 2026-04-09 00:00:00+00:00, run_after=2026-04-10 00:00:00+00:00
[2026-04-09T08:14:28.550+0000] {processor.py:183} INFO - Processing /opt/airflow/dags/daily_revenue_etl_dag.py took 0.134 seconds
[2026-04-09T08:38:21.308+0000] {processor.py:161} INFO - Started process (PID=1362) to work on /opt/airflow/dags/daily_revenue_etl_dag.py
[2026-04-09T08:38:21.309+0000] {processor.py:830} INFO - Processing file /opt/airflow/dags/daily_revenue_etl_dag.py for tasks to queue
[2026-04-09T08:38:21.310+0000] {logging_mixin.py:188} INFO - [2026-04-09T08:38:21.309+0000] {dagbag.py:538} INFO - Filling up the DagBag from /opt/airflow/dags/daily_revenue_etl_dag.py
[2026-04-09T08:38:21.325+0000] {processor.py:840} INFO - DAG(s) 'daily_revenue_etl_dag' retrieved from /opt/airflow/dags/daily_revenue_etl_dag.py
[2026-04-09T08:38:21.347+0000] {logging_mixin.py:188} INFO - [2026-04-09T08:38:21.347+0000] {dag.py:3036} INFO - Sync 1 DAGs
[2026-04-09T08:38:21.364+0000] {logging_mixin.py:188} INFO - [2026-04-09T08:38:21.363+0000] {dag.py:3823} INFO - Setting next_dagrun for daily_revenue_etl_dag to 2026-04-09 00:00:00+00:00, run_after=2026-04-10 00:00:00+00:00
[2026-04-09T08:38:21.380+0000] {processor.py:183} INFO - Processing /opt/airflow/dags/daily_revenue_etl_dag.py took 0.075 seconds
[2026-04-09T08:38:51.534+0000] {processor.py:161} INFO - Started process (PID=1367) to work on /opt/airflow/dags/daily_revenue_etl_dag.py
[2026-04-09T08:38:51.536+0000] {processor.py:830} INFO - Processing file /opt/airflow/dags/daily_revenue_etl_dag.py for tasks to queue
[2026-04-09T08:38:51.538+0000] {logging_mixin.py:188} INFO - [2026-04-09T08:38:51.537+0000] {dagbag.py:538} INFO - Filling up the DagBag from /opt/airflow/dags/daily_revenue_etl_dag.py
[2026-04-09T08:38:51.558+0000] {processor.py:840} INFO - DAG(s) 'daily_revenue_etl_dag' retrieved from /opt/airflow/dags/daily_revenue_etl_dag.py
[2026-04-09T08:15:00.886+0000] {logging_mixin.py:188} INFO - [2026-04-09T08:15:00.886+0000] {dag.py:3036} INFO - Sync 1 DAGs
[2026-04-09T08:15:00.913+0000] {logging_mixin.py:188} INFO - [2026-04-09T08:15:00.913+0000] {dag.py:3823} INFO - Setting next_dagrun for daily_revenue_etl_dag to 2026-04-09 00:00:00+00:00, run_after=2026-04-10 00:00:00+00:00
[2026-04-09T08:15:00.937+0000] {processor.py:183} INFO - Processing /opt/airflow/dags/daily_revenue_etl_dag.py took 0.115 seconds
[2026-04-09T08:15:05.912+0000] {processor.py:161} INFO - Started process (PID=1372) to work on /opt/airflow/dags/daily_revenue_etl_dag.py
[2026-04-09T08:15:05.916+0000] {processor.py:830} INFO - Processing file /opt/airflow/dags/daily_revenue_etl_dag.py for tasks to queue
[2026-04-09T08:15:05.919+0000] {logging_mixin.py:188} INFO - [2026-04-09T08:15:05.918+0000] {dagbag.py:538} INFO - Filling up the DagBag from /opt/airflow/dags/daily_revenue_etl_dag.py
[2026-04-09T08:15:05.958+0000] {processor.py:840} INFO - DAG(s) 'daily_revenue_etl_dag' retrieved from /opt/airflow/dags/daily_revenue_etl_dag.py
[2026-04-09T08:15:06.016+0000] {logging_mixin.py:188} INFO - [2026-04-09T08:15:06.015+0000] {dag.py:3036} INFO - Sync 1 DAGs
[2026-04-09T08:15:06.053+0000] {logging_mixin.py:188} INFO - [2026-04-09T08:15:06.052+0000] {dag.py:3823} INFO - Setting next_dagrun for daily_revenue_etl_dag to 2026-04-09 00:00:00+00:00, run_after=2026-04-10 00:00:00+00:00
[2026-04-09T08:15:06.088+0000] {processor.py:183} INFO - Processing /opt/airflow/dags/daily_revenue_etl_dag.py took 0.186 seconds
[2026-04-09T08:39:19.030+0000] {processor.py:161} INFO - Started process (PID=1377) to work on /opt/airflow/dags/daily_revenue_etl_dag.py
[2026-04-09T08:39:19.033+0000] {processor.py:830} INFO - Processing file /opt/airflow/dags/daily_revenue_etl_dag.py for tasks to queue
[2026-04-09T08:39:19.036+0000] {logging_mixin.py:188} INFO - [2026-04-09T08:39:19.035+0000] {dagbag.py:538} INFO - Filling up the DagBag from /opt/airflow/dags/daily_revenue_etl_dag.py
[2026-04-09T08:39:19.091+0000] {processor.py:840} INFO - DAG(s) 'daily_revenue_etl_dag' retrieved from /opt/airflow/dags/daily_revenue_etl_dag.py
[2026-04-09T08:39:19.158+0000] {logging_mixin.py:188} INFO - [2026-04-09T08:39:19.157+0000] {dag.py:3036} INFO - Sync 1 DAGs
[2026-04-09T08:39:19.204+0000] {logging_mixin.py:188} INFO - [2026-04-09T08:39:19.204+0000] {dag.py:3823} INFO - Setting next_dagrun for daily_revenue_etl_dag to 2026-04-09 00:00:00+00:00, run_after=2026-04-10 00:00:00+00:00
[2026-04-09T08:15:28.536+0000] {processor.py:183} INFO - Processing /opt/airflow/dags/daily_revenue_etl_dag.py took 0.248 seconds
[2026-04-09T08:39:31.537+0000] {processor.py:161} INFO - Started process (PID=1383) to work on /opt/airflow/dags/daily_revenue_etl_dag.py
[2026-04-09T08:39:31.539+0000] {processor.py:830} INFO - Processing file /opt/airflow/dags/daily_revenue_etl_dag.py for tasks to queue
[2026-04-09T08:39:31.541+0000] {logging_mixin.py:188} INFO - [2026-04-09T08:39:31.540+0000] {dagbag.py:538} INFO - Filling up the DagBag from /opt/airflow/dags/daily_revenue_etl_dag.py
[2026-04-09T08:39:31.578+0000] {processor.py:840} INFO - DAG(s) 'daily_revenue_etl_dag' retrieved from /opt/airflow/dags/daily_revenue_etl_dag.py
[2026-04-09T08:39:31.641+0000] {logging_mixin.py:188} INFO - [2026-04-09T08:39:31.639+0000] {dag.py:3036} INFO - Sync 1 DAGs
[2026-04-09T08:15:40.997+0000] {logging_mixin.py:188} INFO - [2026-04-09T08:15:40.996+0000] {dag.py:3823} INFO - Setting next_dagrun for daily_revenue_etl_dag to 2026-04-09 00:00:00+00:00, run_after=2026-04-10 00:00:00+00:00
[2026-04-09T08:15:41.054+0000] {processor.py:183} INFO - Processing /opt/airflow/dags/daily_revenue_etl_dag.py took 0.222 seconds
[2026-04-09T08:39:36.590+0000] {processor.py:161} INFO - Started process (PID=1388) to work on /opt/airflow/dags/daily_revenue_etl_dag.py
[2026-04-09T08:39:36.593+0000] {processor.py:830} INFO - Processing file /opt/airflow/dags/daily_revenue_etl_dag.py for tasks to queue
[2026-04-09T08:39:36.595+0000] {logging_mixin.py:188} INFO - [2026-04-09T08:39:36.595+0000] {dagbag.py:538} INFO - Filling up the DagBag from /opt/airflow/dags/daily_revenue_etl_dag.py
[2026-04-09T08:39:36.648+0000] {processor.py:840} INFO - DAG(s) 'daily_revenue_etl_dag' retrieved from /opt/airflow/dags/daily_revenue_etl_dag.py
[2026-04-09T08:15:45.979+0000] {logging_mixin.py:188} INFO - [2026-04-09T08:15:45.978+0000] {dag.py:3036} INFO - Sync 1 DAGs
[2026-04-09T08:15:46.026+0000] {logging_mixin.py:188} INFO - [2026-04-09T08:15:46.026+0000] {dag.py:3823} INFO - Setting next_dagrun for daily_revenue_etl_dag to 2026-04-09 00:00:00+00:00, run_after=2026-04-10 00:00:00+00:00
[2026-04-09T08:15:46.063+0000] {processor.py:183} INFO - Processing /opt/airflow/dags/daily_revenue_etl_dag.py took 0.199 seconds
[2026-04-09T08:39:41.627+0000] {processor.py:161} INFO - Started process (PID=1393) to work on /opt/airflow/dags/daily_revenue_etl_dag.py
[2026-04-09T08:39:41.629+0000] {processor.py:830} INFO - Processing file /opt/airflow/dags/daily_revenue_etl_dag.py for tasks to queue
[2026-04-09T08:39:41.631+0000] {logging_mixin.py:188} INFO - [2026-04-09T08:39:41.631+0000] {dagbag.py:538} INFO - Filling up the DagBag from /opt/airflow/dags/daily_revenue_etl_dag.py
[2026-04-09T08:39:41.660+0000] {processor.py:840} INFO - DAG(s) 'daily_revenue_etl_dag' retrieved from /opt/airflow/dags/daily_revenue_etl_dag.py
[2026-04-09T08:15:50.979+0000] {logging_mixin.py:188} INFO - [2026-04-09T08:15:50.978+0000] {dag.py:3036} INFO - Sync 1 DAGs
[2026-04-09T08:15:51.019+0000] {logging_mixin.py:188} INFO - [2026-04-09T08:15:51.018+0000] {dag.py:3823} INFO - Setting next_dagrun for daily_revenue_etl_dag to 2026-04-09 00:00:00+00:00, run_after=2026-04-10 00:00:00+00:00
[2026-04-09T08:15:51.058+0000] {processor.py:183} INFO - Processing /opt/airflow/dags/daily_revenue_etl_dag.py took 0.157 seconds
[2026-04-09T08:39:46.695+0000] {processor.py:161} INFO - Started process (PID=1398) to work on /opt/airflow/dags/daily_revenue_etl_dag.py
[2026-04-09T08:39:46.698+0000] {processor.py:830} INFO - Processing file /opt/airflow/dags/daily_revenue_etl_dag.py for tasks to queue
[2026-04-09T08:39:46.701+0000] {logging_mixin.py:188} INFO - [2026-04-09T08:39:46.700+0000] {dagbag.py:538} INFO - Filling up the DagBag from /opt/airflow/dags/daily_revenue_etl_dag.py
[2026-04-09T08:39:46.734+0000] {processor.py:840} INFO - DAG(s) 'daily_revenue_etl_dag' retrieved from /opt/airflow/dags/daily_revenue_etl_dag.py
[2026-04-09T08:39:46.782+0000] {logging_mixin.py:188} INFO - [2026-04-09T08:39:46.781+0000] {dag.py:3036} INFO - Sync 1 DAGs
[2026-04-09T08:15:56.066+0000] {logging_mixin.py:188} INFO - [2026-04-09T08:15:56.066+0000] {dag.py:3823} INFO - Setting next_dagrun for daily_revenue_etl_dag to 2026-04-09 00:00:00+00:00, run_after=2026-04-10 00:00:00+00:00
[2026-04-09T08:15:56.096+0000] {processor.py:183} INFO - Processing /opt/airflow/dags/daily_revenue_etl_dag.py took 0.163 seconds
[2026-04-09T08:16:26.372+0000] {processor.py:161} INFO - Started process (PID=1403) to work on /opt/airflow/dags/daily_revenue_etl_dag.py
[2026-04-09T08:16:26.375+0000] {processor.py:830} INFO - Processing file /opt/airflow/dags/daily_revenue_etl_dag.py for tasks to queue
[2026-04-09T08:16:26.378+0000] {logging_mixin.py:188} INFO - [2026-04-09T08:16:26.378+0000] {dagbag.py:538} INFO - Filling up the DagBag from /opt/airflow/dags/daily_revenue_etl_dag.py
[2026-04-09T08:16:26.411+0000] {processor.py:840} INFO - DAG(s) 'daily_revenue_etl_dag' retrieved from /opt/airflow/dags/daily_revenue_etl_dag.py
[2026-04-09T08:16:26.464+0000] {logging_mixin.py:188} INFO - [2026-04-09T08:16:26.464+0000] {dag.py:3036} INFO - Sync 1 DAGs
[2026-04-09T08:16:26.513+0000] {logging_mixin.py:188} INFO - [2026-04-09T08:16:26.510+0000] {dag.py:3823} INFO - Setting next_dagrun for daily_revenue_etl_dag to 2026-04-09 00:00:00+00:00, run_after=2026-04-10 00:00:00+00:00
[2026-04-09T08:16:26.587+0000] {processor.py:183} INFO - Processing /opt/airflow/dags/daily_revenue_etl_dag.py took 0.220 seconds
[2026-04-09T08:40:19.139+0000] {processor.py:161} INFO - Started process (PID=1408) to work on /opt/airflow/dags/daily_revenue_etl_dag.py
[2026-04-09T08:40:19.141+0000] {processor.py:830} INFO - Processing file /opt/airflow/dags/daily_revenue_etl_dag.py for tasks to queue
[2026-04-09T08:40:19.143+0000] {logging_mixin.py:188} INFO - [2026-04-09T08:40:19.143+0000] {dagbag.py:538} INFO - Filling up the DagBag from /opt/airflow/dags/daily_revenue_etl_dag.py
[2026-04-09T08:16:28.458+0000] {processor.py:840} INFO - DAG(s) 'daily_revenue_etl_dag' retrieved from /opt/airflow/dags/daily_revenue_etl_dag.py
[2026-04-09T08:16:28.500+0000] {logging_mixin.py:188} INFO - [2026-04-09T08:16:28.499+0000] {dag.py:3036} INFO - Sync 1 DAGs
[2026-04-09T08:16:28.543+0000] {logging_mixin.py:188} INFO - [2026-04-09T08:16:28.542+0000] {dag.py:3823} INFO - Setting next_dagrun for daily_revenue_etl_dag to 2026-04-09 00:00:00+00:00, run_after=2026-04-10 00:00:00+00:00
[2026-04-09T08:16:28.594+0000] {processor.py:183} INFO - Processing /opt/airflow/dags/daily_revenue_etl_dag.py took 0.164 seconds
[2026-04-09T08:16:58.667+0000] {processor.py:161} INFO - Started process (PID=1413) to work on /opt/airflow/dags/daily_revenue_etl_dag.py
[2026-04-09T08:16:58.668+0000] {processor.py:830} INFO - Processing file /opt/airflow/dags/daily_revenue_etl_dag.py for tasks to queue
[2026-04-09T08:16:58.670+0000] {logging_mixin.py:188} INFO - [2026-04-09T08:16:58.669+0000] {dagbag.py:538} INFO - Filling up the DagBag from /opt/airflow/dags/daily_revenue_etl_dag.py
[2026-04-09T08:16:58.691+0000] {processor.py:840} INFO - DAG(s) 'daily_revenue_etl_dag' retrieved from /opt/airflow/dags/daily_revenue_etl_dag.py
[2026-04-09T08:16:58.714+0000] {logging_mixin.py:188} INFO - [2026-04-09T08:16:58.714+0000] {dag.py:3036} INFO - Sync 1 DAGs
[2026-04-09T08:16:58.736+0000] {logging_mixin.py:188} INFO - [2026-04-09T08:16:58.735+0000] {dag.py:3823} INFO - Setting next_dagrun for daily_revenue_etl_dag to 2026-04-09 00:00:00+00:00, run_after=2026-04-10 00:00:00+00:00
[2026-04-09T08:16:58.756+0000] {processor.py:183} INFO - Processing /opt/airflow/dags/daily_revenue_etl_dag.py took 0.093 seconds
[2026-04-09T08:41:16.662+0000] {processor.py:161} INFO - Started process (PID=1418) to work on /opt/airflow/dags/daily_revenue_etl_dag.py
[2026-04-09T08:41:16.663+0000] {processor.py:830} INFO - Processing file /opt/airflow/dags/daily_revenue_etl_dag.py for tasks to queue
[2026-04-09T08:41:16.664+0000] {logging_mixin.py:188} INFO - [2026-04-09T08:41:16.664+0000] {dagbag.py:538} INFO - Filling up the DagBag from /opt/airflow/dags/daily_revenue_etl_dag.py
[2026-04-09T08:41:16.686+0000] {processor.py:840} INFO - DAG(s) 'daily_revenue_etl_dag' retrieved from /opt/airflow/dags/daily_revenue_etl_dag.py
[2026-04-09T08:41:16.717+0000] {logging_mixin.py:188} INFO - [2026-04-09T08:41:16.717+0000] {dag.py:3036} INFO - Sync 1 DAGs
[2026-04-09T08:41:16.741+0000] {logging_mixin.py:188} INFO - [2026-04-09T08:41:16.741+0000] {dag.py:3823} INFO - Setting next_dagrun for daily_revenue_etl_dag to 2026-04-09 00:00:00+00:00, run_after=2026-04-10 00:00:00+00:00
[2026-04-09T08:41:16.768+0000] {processor.py:183} INFO - Processing /opt/airflow/dags/daily_revenue_etl_dag.py took 0.111 seconds
[2026-04-09T08:17:56.190+0000] {processor.py:161} INFO - Started process (PID=1423) to work on /opt/airflow/dags/daily_revenue_etl_dag.py
[2026-04-09T08:17:56.193+0000] {processor.py:830} INFO - Processing file /opt/airflow/dags/daily_revenue_etl_dag.py for tasks to queue
[2026-04-09T08:17:56.196+0000] {logging_mixin.py:188} INFO - [2026-04-09T08:17:56.195+0000] {dagbag.py:538} INFO - Filling up the DagBag from /opt/airflow/dags/daily_revenue_etl_dag.py
[2026-04-09T08:17:56.225+0000] {processor.py:840} INFO - DAG(s) 'daily_revenue_etl_dag' retrieved from /opt/airflow/dags/daily_revenue_etl_dag.py
[2026-04-09T08:17:56.259+0000] {logging_mixin.py:188} INFO - [2026-04-09T08:17:56.259+0000] {dag.py:3036} INFO - Sync 1 DAGs
[2026-04-09T08:17:56.288+0000] {logging_mixin.py:188} INFO - [2026-04-09T08:17:56.287+0000] {dag.py:3823} INFO - Setting next_dagrun for daily_revenue_etl_dag to 2026-04-09 00:00:00+00:00, run_after=2026-04-10 00:00:00+00:00
[2026-04-09T08:17:56.313+0000] {processor.py:183} INFO - Processing /opt/airflow/dags/daily_revenue_etl_dag.py took 0.130 seconds
[2026-04-09T08:41:49.024+0000] {processor.py:161} INFO - Started process (PID=1428) to work on /opt/airflow/dags/daily_revenue_etl_dag.py
[2026-04-09T08:41:49.025+0000] {processor.py:830} INFO - Processing file /opt/airflow/dags/daily_revenue_etl_dag.py for tasks to queue
[2026-04-09T08:41:49.026+0000] {logging_mixin.py:188} INFO - [2026-04-09T08:41:49.025+0000] {dagbag.py:538} INFO - Filling up the DagBag from /opt/airflow/dags/daily_revenue_etl_dag.py
[2026-04-09T08:41:49.045+0000] {processor.py:840} INFO - DAG(s) 'daily_revenue_etl_dag' retrieved from /opt/airflow/dags/daily_revenue_etl_dag.py
[2026-04-09T08:41:49.071+0000] {logging_mixin.py:188} INFO - [2026-04-09T08:41:49.070+0000] {dag.py:3036} INFO - Sync 1 DAGs
[2026-04-09T08:41:49.097+0000] {logging_mixin.py:188} INFO - [2026-04-09T08:41:49.097+0000] {dag.py:3823} INFO - Setting next_dagrun for daily_revenue_etl_dag to 2026-04-09 00:00:00+00:00, run_after=2026-04-10 00:00:00+00:00
[2026-04-09T08:41:49.121+0000] {processor.py:183} INFO - Processing /opt/airflow/dags/daily_revenue_etl_dag.py took 0.102 seconds
[2026-04-09T08:44:11.972+0000] {processor.py:161} INFO - Started process (PID=1434) to work on /opt/airflow/dags/daily_revenue_etl_dag.py
[2026-04-09T08:44:11.973+0000] {processor.py:830} INFO - Processing file /opt/airflow/dags/daily_revenue_etl_dag.py for tasks to queue
[2026-04-09T08:44:11.974+0000] {logging_mixin.py:188} INFO - [2026-04-09T08:44:11.973+0000] {dagbag.py:538} INFO - Filling up the DagBag from /opt/airflow/dags/daily_revenue_etl_dag.py
[2026-04-09T08:44:11.990+0000] {processor.py:840} INFO - DAG(s) 'daily_revenue_etl_dag' retrieved from /opt/airflow/dags/daily_revenue_etl_dag.py
[2026-04-09T08:44:12.016+0000] {logging_mixin.py:188} INFO - [2026-04-09T08:44:12.016+0000] {dag.py:3036} INFO - Sync 1 DAGs
[2026-04-09T08:44:12.036+0000] {logging_mixin.py:188} INFO - [2026-04-09T08:44:12.036+0000] {dag.py:3823} INFO - Setting next_dagrun for daily_revenue_etl_dag to 2026-04-09 00:00:00+00:00, run_after=2026-04-10 00:00:00+00:00
[2026-04-09T08:44:12.058+0000] {processor.py:183} INFO - Processing /opt/airflow/dags/daily_revenue_etl_dag.py took 0.089 seconds
[2026-04-09T08:44:42.185+0000] {processor.py:161} INFO - Started process (PID=1439) to work on /opt/airflow/dags/daily_revenue_etl_dag.py
[2026-04-09T08:44:42.186+0000] {processor.py:830} INFO - Processing file /opt/airflow/dags/daily_revenue_etl_dag.py for tasks to queue
[2026-04-09T08:44:42.188+0000] {logging_mixin.py:188} INFO - [2026-04-09T08:44:42.187+0000] {dagbag.py:538} INFO - Filling up the DagBag from /opt/airflow/dags/daily_revenue_etl_dag.py
[2026-04-09T08:20:51.504+0000] {processor.py:840} INFO - DAG(s) 'daily_revenue_etl_dag' retrieved from /opt/airflow/dags/daily_revenue_etl_dag.py
[2026-04-09T08:20:51.531+0000] {logging_mixin.py:188} INFO - [2026-04-09T08:20:51.531+0000] {dag.py:3036} INFO - Sync 1 DAGs
[2026-04-09T08:20:51.557+0000] {logging_mixin.py:188} INFO - [2026-04-09T08:20:51.557+0000] {dag.py:3823} INFO - Setting next_dagrun for daily_revenue_etl_dag to 2026-04-09 00:00:00+00:00, run_after=2026-04-10 00:00:00+00:00
[2026-04-09T08:20:51.579+0000] {processor.py:183} INFO - Processing /opt/airflow/dags/daily_revenue_etl_dag.py took 0.099 seconds
[2026-04-09T08:21:21.744+0000] {processor.py:161} INFO - Started process (PID=1446) to work on /opt/airflow/dags/daily_revenue_etl_dag.py
[2026-04-09T08:21:21.745+0000] {processor.py:830} INFO - Processing file /opt/airflow/dags/daily_revenue_etl_dag.py for tasks to queue
[2026-04-09T08:21:21.748+0000] {logging_mixin.py:188} INFO - [2026-04-09T08:21:21.747+0000] {dagbag.py:538} INFO - Filling up the DagBag from /opt/airflow/dags/daily_revenue_etl_dag.py
[2026-04-09T08:21:21.776+0000] {processor.py:840} INFO - DAG(s) 'daily_revenue_etl_dag' retrieved from /opt/airflow/dags/daily_revenue_etl_dag.py
[2026-04-09T08:21:21.807+0000] {logging_mixin.py:188} INFO - [2026-04-09T08:21:21.806+0000] {dag.py:3036} INFO - Sync 1 DAGs
[2026-04-09T08:21:21.835+0000] {logging_mixin.py:188} INFO - [2026-04-09T08:21:21.834+0000] {dag.py:3823} INFO - Setting next_dagrun for daily_revenue_etl_dag to 2026-04-09 00:00:00+00:00, run_after=2026-04-10 00:00:00+00:00
[2026-04-09T08:21:21.856+0000] {processor.py:183} INFO - Processing /opt/airflow/dags/daily_revenue_etl_dag.py took 0.115 seconds
[2026-04-09T08:21:51.934+0000] {processor.py:161} INFO - Started process (PID=1452) to work on /opt/airflow/dags/daily_revenue_etl_dag.py
[2026-04-09T08:21:51.935+0000] {processor.py:830} INFO - Processing file /opt/airflow/dags/daily_revenue_etl_dag.py for tasks to queue
[2026-04-09T08:21:51.937+0000] {logging_mixin.py:188} INFO - [2026-04-09T08:21:51.937+0000] {dagbag.py:538} INFO - Filling up the DagBag from /opt/airflow/dags/daily_revenue_etl_dag.py
[2026-04-09T08:21:51.960+0000] {processor.py:840} INFO - DAG(s) 'daily_revenue_etl_dag' retrieved from /opt/airflow/dags/daily_revenue_etl_dag.py
[2026-04-09T08:21:51.997+0000] {logging_mixin.py:188} INFO - [2026-04-09T08:21:51.996+0000] {dag.py:3036} INFO - Sync 1 DAGs
[2026-04-09T08:21:52.022+0000] {logging_mixin.py:188} INFO - [2026-04-09T08:21:52.019+0000] {dag.py:3823} INFO - Setting next_dagrun for daily_revenue_etl_dag to 2026-04-09 00:00:00+00:00, run_after=2026-04-10 00:00:00+00:00
[2026-04-09T08:21:52.043+0000] {processor.py:183} INFO - Processing /opt/airflow/dags/daily_revenue_etl_dag.py took 0.112 seconds
[2026-04-09T08:22:22.233+0000] {processor.py:161} INFO - Started process (PID=1457) to work on /opt/airflow/dags/daily_revenue_etl_dag.py
[2026-04-09T08:22:22.234+0000] {processor.py:830} INFO - Processing file /opt/airflow/dags/daily_revenue_etl_dag.py for tasks to queue
[2026-04-09T08:22:22.235+0000] {logging_mixin.py:188} INFO - [2026-04-09T08:22:22.235+0000] {dagbag.py:538} INFO - Filling up the DagBag from /opt/airflow/dags/daily_revenue_etl_dag.py
[2026-04-09T08:22:22.264+0000] {processor.py:840} INFO - DAG(s) 'daily_revenue_etl_dag' retrieved from /opt/airflow/dags/daily_revenue_etl_dag.py
[2026-04-09T08:22:22.296+0000] {logging_mixin.py:188} INFO - [2026-04-09T08:22:22.296+0000] {dag.py:3036} INFO - Sync 1 DAGs
[2026-04-09T08:22:22.320+0000] {logging_mixin.py:188} INFO - [2026-04-09T08:22:22.320+0000] {dag.py:3823} INFO - Setting next_dagrun for daily_revenue_etl_dag to 2026-04-09 00:00:00+00:00, run_after=2026-04-10 00:00:00+00:00
[2026-04-09T08:22:22.342+0000] {processor.py:183} INFO - Processing /opt/airflow/dags/daily_revenue_etl_dag.py took 0.113 seconds
[2026-04-09T08:46:19.133+0000] {processor.py:161} INFO - Started process (PID=1462) to work on /opt/airflow/dags/daily_revenue_etl_dag.py
[2026-04-09T08:46:19.135+0000] {processor.py:830} INFO - Processing file /opt/airflow/dags/daily_revenue_etl_dag.py for tasks to queue
[2026-04-09T08:46:19.137+0000] {logging_mixin.py:188} INFO - [2026-04-09T08:46:19.136+0000] {dagbag.py:538} INFO - Filling up the DagBag from /opt/airflow/dags/daily_revenue_etl_dag.py
[2026-04-09T08:46:19.168+0000] {processor.py:840} INFO - DAG(s) 'daily_revenue_etl_dag' retrieved from /opt/airflow/dags/daily_revenue_etl_dag.py
[2026-04-09T08:22:28.509+0000] {logging_mixin.py:188} INFO - [2026-04-09T08:22:28.508+0000] {dag.py:3036} INFO - Sync 1 DAGs
[2026-04-09T08:22:28.539+0000] {logging_mixin.py:188} INFO - [2026-04-09T08:22:28.539+0000] {dag.py:3823} INFO - Setting next_dagrun for daily_revenue_etl_dag to 2026-04-09 00:00:00+00:00, run_after=2026-04-10 00:00:00+00:00
[2026-04-09T08:22:28.566+0000] {processor.py:183} INFO - Processing /opt/airflow/dags/daily_revenue_etl_dag.py took 0.138 seconds
[2026-04-09T08:46:22.322+0000] {processor.py:161} INFO - Started process (PID=1467) to work on /opt/airflow/dags/daily_revenue_etl_dag.py
[2026-04-09T08:46:22.323+0000] {processor.py:830} INFO - Processing file /opt/airflow/dags/daily_revenue_etl_dag.py for tasks to queue
[2026-04-09T08:46:22.324+0000] {logging_mixin.py:188} INFO - [2026-04-09T08:46:22.324+0000] {dagbag.py:538} INFO - Filling up the DagBag from /opt/airflow/dags/daily_revenue_etl_dag.py
[2026-04-09T08:46:22.347+0000] {processor.py:840} INFO - DAG(s) 'daily_revenue_etl_dag' retrieved from /opt/airflow/dags/daily_revenue_etl_dag.py
[2026-04-09T08:46:22.381+0000] {logging_mixin.py:188} INFO - [2026-04-09T08:46:22.380+0000] {dag.py:3036} INFO - Sync 1 DAGs
[2026-04-09T08:46:22.404+0000] {logging_mixin.py:188} INFO - [2026-04-09T08:46:22.404+0000] {dag.py:3823} INFO - Setting next_dagrun for daily_revenue_etl_dag to 2026-04-09 00:00:00+00:00, run_after=2026-04-10 00:00:00+00:00
[2026-04-09T08:46:22.425+0000] {processor.py:183} INFO - Processing /opt/airflow/dags/daily_revenue_etl_dag.py took 0.107 seconds
[2026-04-09T08:48:19.050+0000] {processor.py:161} INFO - Started process (PID=1472) to work on /opt/airflow/dags/daily_revenue_etl_dag.py
[2026-04-09T08:48:19.051+0000] {processor.py:830} INFO - Processing file /opt/airflow/dags/daily_revenue_etl_dag.py for tasks to queue
[2026-04-09T08:48:19.052+0000] {logging_mixin.py:188} INFO - [2026-04-09T08:48:19.052+0000] {dagbag.py:538} INFO - Filling up the DagBag from /opt/airflow/dags/daily_revenue_etl_dag.py
[2026-04-09T08:48:19.069+0000] {processor.py:840} INFO - DAG(s) 'daily_revenue_etl_dag' retrieved from /opt/airflow/dags/daily_revenue_etl_dag.py
[2026-04-09T08:48:19.093+0000] {logging_mixin.py:188} INFO - [2026-04-09T08:48:19.093+0000] {dag.py:3036} INFO - Sync 1 DAGs
[2026-04-09T08:48:19.114+0000] {logging_mixin.py:188} INFO - [2026-04-09T08:48:19.114+0000] {dag.py:3823} INFO - Setting next_dagrun for daily_revenue_etl_dag to 2026-04-09 00:00:00+00:00, run_after=2026-04-10 00:00:00+00:00
[2026-04-09T08:48:19.136+0000] {processor.py:183} INFO - Processing /opt/airflow/dags/daily_revenue_etl_dag.py took 0.091 seconds
[2026-04-09T08:24:58.547+0000] {processor.py:161} INFO - Started process (PID=1477) to work on /opt/airflow/dags/daily_revenue_etl_dag.py
[2026-04-09T08:24:58.549+0000] {processor.py:830} INFO - Processing file /opt/airflow/dags/daily_revenue_etl_dag.py for tasks to queue
[2026-04-09T08:24:58.550+0000] {logging_mixin.py:188} INFO - [2026-04-09T08:24:58.550+0000] {dagbag.py:538} INFO - Filling up the DagBag from /opt/airflow/dags/daily_revenue_etl_dag.py
[2026-04-09T08:24:58.567+0000] {processor.py:840} INFO - DAG(s) 'daily_revenue_etl_dag' retrieved from /opt/airflow/dags/daily_revenue_etl_dag.py
[2026-04-09T08:24:58.596+0000] {logging_mixin.py:188} INFO - [2026-04-09T08:24:58.596+0000] {dag.py:3036} INFO - Sync 1 DAGs
[2026-04-09T08:24:58.620+0000] {logging_mixin.py:188} INFO - [2026-04-09T08:24:58.620+0000] {dag.py:3823} INFO - Setting next_dagrun for daily_revenue_etl_dag to 2026-04-09 00:00:00+00:00, run_after=2026-04-10 00:00:00+00:00
[2026-04-09T08:24:58.806+0000] {processor.py:183} INFO - Processing /opt/airflow/dags/daily_revenue_etl_dag.py took 0.262 seconds
[2026-04-09T08:48:52.571+0000] {processor.py:161} INFO - Started process (PID=1482) to work on /opt/airflow/dags/daily_revenue_etl_dag.py
[2026-04-09T08:48:52.572+0000] {processor.py:830} INFO - Processing file /opt/airflow/dags/daily_revenue_etl_dag.py for tasks to queue
[2026-04-09T08:48:52.574+0000] {logging_mixin.py:188} INFO - [2026-04-09T08:48:52.573+0000] {dagbag.py:538} INFO - Filling up the DagBag from /opt/airflow/dags/daily_revenue_etl_dag.py
[2026-04-09T08:48:52.595+0000] {processor.py:840} INFO - DAG(s) 'daily_revenue_etl_dag' retrieved from /opt/airflow/dags/daily_revenue_etl_dag.py
[2026-04-09T08:48:52.625+0000] {logging_mixin.py:188} INFO - [2026-04-09T08:48:52.625+0000] {dag.py:3036} INFO - Sync 1 DAGs
[2026-04-09T08:25:01.953+0000] {logging_mixin.py:188} INFO - [2026-04-09T08:25:01.953+0000] {dag.py:3823} INFO - Setting next_dagrun for daily_revenue_etl_dag to 2026-04-09 00:00:00+00:00, run_after=2026-04-10 00:00:00+00:00
[2026-04-09T08:25:01.979+0000] {processor.py:183} INFO - Processing /opt/airflow/dags/daily_revenue_etl_dag.py took 0.108 seconds
[2026-04-09T08:48:57.606+0000] {processor.py:161} INFO - Started process (PID=1487) to work on /opt/airflow/dags/daily_revenue_etl_dag.py
[2026-04-09T08:48:57.607+0000] {processor.py:830} INFO - Processing file /opt/airflow/dags/daily_revenue_etl_dag.py for tasks to queue
[2026-04-09T08:48:57.608+0000] {logging_mixin.py:188} INFO - [2026-04-09T08:48:57.608+0000] {dagbag.py:538} INFO - Filling up the DagBag from /opt/airflow/dags/daily_revenue_etl_dag.py
[2026-04-09T08:48:57.627+0000] {processor.py:840} INFO - DAG(s) 'daily_revenue_etl_dag' retrieved from /opt/airflow/dags/daily_revenue_etl_dag.py
[2026-04-09T08:48:57.660+0000] {logging_mixin.py:188} INFO - [2026-04-09T08:48:57.660+0000] {dag.py:3036} INFO - Sync 1 DAGs
[2026-04-09T08:25:06.988+0000] {logging_mixin.py:188} INFO - [2026-04-09T08:25:06.988+0000] {dag.py:3823} INFO - Setting next_dagrun for daily_revenue_etl_dag to 2026-04-09 00:00:00+00:00, run_after=2026-04-10 00:00:00+00:00
[2026-04-09T08:25:07.017+0000] {processor.py:183} INFO - Processing /opt/airflow/dags/daily_revenue_etl_dag.py took 0.124 seconds
[2026-04-09T08:25:37.226+0000] {processor.py:161} INFO - Started process (PID=1492) to work on /opt/airflow/dags/daily_revenue_etl_dag.py
[2026-04-09T08:25:37.227+0000] {processor.py:830} INFO - Processing file /opt/airflow/dags/daily_revenue_etl_dag.py for tasks to queue
[2026-04-09T08:25:37.228+0000] {logging_mixin.py:188} INFO - [2026-04-09T08:25:37.228+0000] {dagbag.py:538} INFO - Filling up the DagBag from /opt/airflow/dags/daily_revenue_etl_dag.py
[2026-04-09T08:25:37.248+0000] {processor.py:840} INFO - DAG(s) 'daily_revenue_etl_dag' retrieved from /opt/airflow/dags/daily_revenue_etl_dag.py
[2026-04-09T08:25:37.272+0000] {logging_mixin.py:188} INFO - [2026-04-09T08:25:37.271+0000] {dag.py:3036} INFO - Sync 1 DAGs
[2026-04-09T08:25:37.293+0000] {logging_mixin.py:188} INFO - [2026-04-09T08:25:37.292+0000] {dag.py:3823} INFO - Setting next_dagrun for daily_revenue_etl_dag to 2026-04-09 00:00:00+00:00, run_after=2026-04-10 00:00:00+00:00
[2026-04-09T08:25:37.312+0000] {processor.py:183} INFO - Processing /opt/airflow/dags/daily_revenue_etl_dag.py took 0.090 seconds
[2026-04-09T08:49:49.109+0000] {processor.py:161} INFO - Started process (PID=1497) to work on /opt/airflow/dags/daily_revenue_etl_dag.py
[2026-04-09T08:49:49.110+0000] {processor.py:830} INFO - Processing file /opt/airflow/dags/daily_revenue_etl_dag.py for tasks to queue
[2026-04-09T08:49:49.110+0000] {logging_mixin.py:188} INFO - [2026-04-09T08:49:49.110+0000] {dagbag.py:538} INFO - Filling up the DagBag from /opt/airflow/dags/daily_revenue_etl_dag.py
[2026-04-09T08:49:49.127+0000] {processor.py:840} INFO - DAG(s) 'daily_revenue_etl_dag' retrieved from /opt/airflow/dags/daily_revenue_etl_dag.py
[2026-04-09T08:49:49.151+0000] {logging_mixin.py:188} INFO - [2026-04-09T08:49:49.150+0000] {dag.py:3036} INFO - Sync 1 DAGs
[2026-04-09T08:49:49.174+0000] {logging_mixin.py:188} INFO - [2026-04-09T08:49:49.174+0000] {dag.py:3823} INFO - Setting next_dagrun for daily_revenue_etl_dag to 2026-04-09 00:00:00+00:00, run_after=2026-04-10 00:00:00+00:00
[2026-04-09T08:49:49.192+0000] {processor.py:183} INFO - Processing /opt/airflow/dags/daily_revenue_etl_dag.py took 0.087 seconds
[2026-04-09T08:51:17.730+0000] {processor.py:161} INFO - Started process (PID=1503) to work on /opt/airflow/dags/daily_revenue_etl_dag.py
[2026-04-09T08:51:17.731+0000] {processor.py:830} INFO - Processing file /opt/airflow/dags/daily_revenue_etl_dag.py for tasks to queue
[2026-04-09T08:51:17.732+0000] {logging_mixin.py:188} INFO - [2026-04-09T08:51:17.732+0000] {dagbag.py:538} INFO - Filling up the DagBag from /opt/airflow/dags/daily_revenue_etl_dag.py
[2026-04-09T08:51:17.753+0000] {processor.py:840} INFO - DAG(s) 'daily_revenue_etl_dag' retrieved from /opt/airflow/dags/daily_revenue_etl_dag.py
[2026-04-09T08:51:17.786+0000] {logging_mixin.py:188} INFO - [2026-04-09T08:51:17.786+0000] {dag.py:3036} INFO - Sync 1 DAGs
[2026-04-09T08:51:17.818+0000] {logging_mixin.py:188} INFO - [2026-04-09T08:51:17.817+0000] {dag.py:3823} INFO - Setting next_dagrun for daily_revenue_etl_dag to 2026-04-09 00:00:00+00:00, run_after=2026-04-10 00:00:00+00:00
[2026-04-09T08:51:17.852+0000] {processor.py:183} INFO - Processing /opt/airflow/dags/daily_revenue_etl_dag.py took 0.126 seconds
[2026-04-09T08:51:47.965+0000] {processor.py:161} INFO - Started process (PID=1508) to work on /opt/airflow/dags/daily_revenue_etl_dag.py
[2026-04-09T08:51:47.972+0000] {processor.py:830} INFO - Processing file /opt/airflow/dags/daily_revenue_etl_dag.py for tasks to queue
[2026-04-09T08:27:57.276+0000] {logging_mixin.py:188} INFO - [2026-04-09T08:27:57.274+0000] {dagbag.py:538} INFO - Filling up the DagBag from /opt/airflow/dags/daily_revenue_etl_dag.py
[2026-04-09T08:27:57.320+0000] {processor.py:840} INFO - DAG(s) 'daily_revenue_etl_dag' retrieved from /opt/airflow/dags/daily_revenue_etl_dag.py
[2026-04-09T08:27:57.375+0000] {logging_mixin.py:188} INFO - [2026-04-09T08:27:57.375+0000] {dag.py:3036} INFO - Sync 1 DAGs
[2026-04-09T08:27:57.403+0000] {logging_mixin.py:188} INFO - [2026-04-09T08:27:57.403+0000] {dag.py:3823} INFO - Setting next_dagrun for daily_revenue_etl_dag to 2026-04-09 00:00:00+00:00, run_after=2026-04-10 00:00:00+00:00
[2026-04-09T08:27:57.426+0000] {processor.py:183} INFO - Processing /opt/airflow/dags/daily_revenue_etl_dag.py took 0.182 seconds
[2026-04-09T08:51:49.088+0000] {processor.py:161} INFO - Started process (PID=1513) to work on /opt/airflow/dags/daily_revenue_etl_dag.py
[2026-04-09T08:51:49.090+0000] {processor.py:830} INFO - Processing file /opt/airflow/dags/daily_revenue_etl_dag.py for tasks to queue
[2026-04-09T08:51:49.091+0000] {logging_mixin.py:188} INFO - [2026-04-09T08:51:49.091+0000] {dagbag.py:538} INFO - Filling up the DagBag from /opt/airflow/dags/daily_revenue_etl_dag.py
[2026-04-09T08:51:49.111+0000] {processor.py:840} INFO - DAG(s) 'daily_revenue_etl_dag' retrieved from /opt/airflow/dags/daily_revenue_etl_dag.py
[2026-04-09T08:51:49.139+0000] {logging_mixin.py:188} INFO - [2026-04-09T08:51:49.139+0000] {dag.py:3036} INFO - Sync 1 DAGs
[2026-04-09T08:51:49.163+0000] {logging_mixin.py:188} INFO - [2026-04-09T08:51:49.163+0000] {dag.py:3823} INFO - Setting next_dagrun for daily_revenue_etl_dag to 2026-04-09 00:00:00+00:00, run_after=2026-04-10 00:00:00+00:00
[2026-04-09T08:51:49.185+0000] {processor.py:183} INFO - Processing /opt/airflow/dags/daily_revenue_etl_dag.py took 0.101 seconds
[2026-04-09T08:53:48.002+0000] {processor.py:161} INFO - Started process (PID=1520) to work on /opt/airflow/dags/daily_revenue_etl_dag.py
[2026-04-09T08:53:48.003+0000] {processor.py:830} INFO - Processing file /opt/airflow/dags/daily_revenue_etl_dag.py for tasks to queue
[2026-04-09T08:53:48.004+0000] {logging_mixin.py:188} INFO - [2026-04-09T08:53:48.004+0000] {dagbag.py:538} INFO - Filling up the DagBag from /opt/airflow/dags/daily_revenue_etl_dag.py
[2026-04-09T08:53:48.021+0000] {processor.py:840} INFO - DAG(s) 'daily_revenue_etl_dag' retrieved from /opt/airflow/dags/daily_revenue_etl_dag.py
[2026-04-09T08:53:48.049+0000] {logging_mixin.py:188} INFO - [2026-04-09T08:53:48.048+0000] {dag.py:3036} INFO - Sync 1 DAGs
[2026-04-09T08:53:48.076+0000] {logging_mixin.py:188} INFO - [2026-04-09T08:53:48.076+0000] {dag.py:3823} INFO - Setting next_dagrun for daily_revenue_etl_dag to 2026-04-09 00:00:00+00:00, run_after=2026-04-10 00:00:00+00:00
[2026-04-09T08:53:48.098+0000] {processor.py:183} INFO - Processing /opt/airflow/dags/daily_revenue_etl_dag.py took 0.098 seconds
[2026-04-09T08:54:18.223+0000] {processor.py:161} INFO - Started process (PID=1525) to work on /opt/airflow/dags/daily_revenue_etl_dag.py
[2026-04-09T08:54:18.224+0000] {processor.py:830} INFO - Processing file /opt/airflow/dags/daily_revenue_etl_dag.py for tasks to queue
[2026-04-09T08:54:18.226+0000] {logging_mixin.py:188} INFO - [2026-04-09T08:54:18.225+0000] {dagbag.py:538} INFO - Filling up the DagBag from /opt/airflow/dags/daily_revenue_etl_dag.py
[2026-04-09T08:30:27.551+0000] {processor.py:840} INFO - DAG(s) 'daily_revenue_etl_dag' retrieved from /opt/airflow/dags/daily_revenue_etl_dag.py
[2026-04-09T08:30:27.593+0000] {logging_mixin.py:188} INFO - [2026-04-09T08:30:27.592+0000] {dag.py:3036} INFO - Sync 1 DAGs
[2026-04-09T08:30:27.624+0000] {logging_mixin.py:188} INFO - [2026-04-09T08:30:27.624+0000] {dag.py:3823} INFO - Setting next_dagrun for daily_revenue_etl_dag to 2026-04-09 00:00:00+00:00, run_after=2026-04-10 00:00:00+00:00
[2026-04-09T08:30:27.645+0000] {processor.py:183} INFO - Processing /opt/airflow/dags/daily_revenue_etl_dag.py took 0.128 seconds
[2026-04-09T08:30:57.788+0000] {processor.py:161} INFO - Started process (PID=1530) to work on /opt/airflow/dags/daily_revenue_etl_dag.py
[2026-04-09T08:30:57.790+0000] {processor.py:830} INFO - Processing file /opt/airflow/dags/daily_revenue_etl_dag.py for tasks to queue
[2026-04-09T08:30:57.791+0000] {logging_mixin.py:188} INFO - [2026-04-09T08:30:57.790+0000] {dagbag.py:538} INFO - Filling up the DagBag from /opt/airflow/dags/daily_revenue_etl_dag.py
[2026-04-09T08:30:57.813+0000] {processor.py:840} INFO - DAG(s) 'daily_revenue_etl_dag' retrieved from /opt/airflow/dags/daily_revenue_etl_dag.py
[2026-04-09T08:30:57.851+0000] {logging_mixin.py:188} INFO - [2026-04-09T08:30:57.851+0000] {dag.py:3036} INFO - Sync 1 DAGs
[2026-04-09T08:30:57.873+0000] {logging_mixin.py:188} INFO - [2026-04-09T08:30:57.872+0000] {dag.py:3823} INFO - Setting next_dagrun for daily_revenue_etl_dag to 2026-04-09 00:00:00+00:00, run_after=2026-04-10 00:00:00+00:00
[2026-04-09T08:30:57.894+0000] {processor.py:183} INFO - Processing /opt/airflow/dags/daily_revenue_etl_dag.py took 0.109 seconds
[2026-04-09T08:31:28.020+0000] {processor.py:161} INFO - Started process (PID=1535) to work on /opt/airflow/dags/daily_revenue_etl_dag.py
[2026-04-09T08:31:28.021+0000] {processor.py:830} INFO - Processing file /opt/airflow/dags/daily_revenue_etl_dag.py for tasks to queue
[2026-04-09T08:31:28.022+0000] {logging_mixin.py:188} INFO - [2026-04-09T08:31:28.021+0000] {dagbag.py:538} INFO - Filling up the DagBag from /opt/airflow/dags/daily_revenue_etl_dag.py
[2026-04-09T08:31:28.039+0000] {processor.py:840} INFO - DAG(s) 'daily_revenue_etl_dag' retrieved from /opt/airflow/dags/daily_revenue_etl_dag.py
[2026-04-09T08:31:28.063+0000] {logging_mixin.py:188} INFO - [2026-04-09T08:31:28.062+0000] {dag.py:3036} INFO - Sync 1 DAGs
[2026-04-09T08:31:28.086+0000] {logging_mixin.py:188} INFO - [2026-04-09T08:31:28.085+0000] {dag.py:3823} INFO - Setting next_dagrun for daily_revenue_etl_dag to 2026-04-09 00:00:00+00:00, run_after=2026-04-10 00:00:00+00:00
[2026-04-09T08:31:28.108+0000] {processor.py:183} INFO - Processing /opt/airflow/dags/daily_revenue_etl_dag.py took 0.092 seconds
[2026-04-09T08:31:58.262+0000] {processor.py:161} INFO - Started process (PID=1540) to work on /opt/airflow/dags/daily_revenue_etl_dag.py
[2026-04-09T08:31:58.263+0000] {processor.py:830} INFO - Processing file /opt/airflow/dags/daily_revenue_etl_dag.py for tasks to queue
[2026-04-09T08:31:58.264+0000] {logging_mixin.py:188} INFO - [2026-04-09T08:31:58.264+0000] {dagbag.py:538} INFO - Filling up the DagBag from /opt/airflow/dags/daily_revenue_etl_dag.py
[2026-04-09T08:31:58.280+0000] {processor.py:840} INFO - DAG(s) 'daily_revenue_etl_dag' retrieved from /opt/airflow/dags/daily_revenue_etl_dag.py
[2026-04-09T08:31:58.304+0000] {logging_mixin.py:188} INFO - [2026-04-09T08:31:58.304+0000] {dag.py:3036} INFO - Sync 1 DAGs
[2026-04-09T08:31:58.325+0000] {logging_mixin.py:188} INFO - [2026-04-09T08:31:58.324+0000] {dag.py:3823} INFO - Setting next_dagrun for daily_revenue_etl_dag to 2026-04-09 00:00:00+00:00, run_after=2026-04-10 00:00:00+00:00
[2026-04-09T08:31:58.345+0000] {processor.py:183} INFO - Processing /opt/airflow/dags/daily_revenue_etl_dag.py took 0.086 seconds
[2026-04-09T08:56:19.192+0000] {processor.py:161} INFO - Started process (PID=1545) to work on /opt/airflow/dags/daily_revenue_etl_dag.py
[2026-04-09T08:56:19.193+0000] {processor.py:830} INFO - Processing file /opt/airflow/dags/daily_revenue_etl_dag.py for tasks to queue
[2026-04-09T08:56:19.194+0000] {logging_mixin.py:188} INFO - [2026-04-09T08:56:19.193+0000] {dagbag.py:538} INFO - Filling up the DagBag from /opt/airflow/dags/daily_revenue_etl_dag.py
[2026-04-09T08:56:19.210+0000] {processor.py:840} INFO - DAG(s) 'daily_revenue_etl_dag' retrieved from /opt/airflow/dags/daily_revenue_etl_dag.py
[2026-04-09T08:56:19.238+0000] {logging_mixin.py:188} INFO - [2026-04-09T08:56:19.237+0000] {dag.py:3036} INFO - Sync 1 DAGs
[2026-04-09T08:56:19.259+0000] {logging_mixin.py:188} INFO - [2026-04-09T08:56:19.259+0000] {dag.py:3823} INFO - Setting next_dagrun for daily_revenue_etl_dag to 2026-04-09 00:00:00+00:00, run_after=2026-04-10 00:00:00+00:00
[2026-04-09T08:56:19.281+0000] {processor.py:183} INFO - Processing /opt/airflow/dags/daily_revenue_etl_dag.py took 0.092 seconds
[2026-04-09T08:56:23.233+0000] {processor.py:161} INFO - Started process (PID=1550) to work on /opt/airflow/dags/daily_revenue_etl_dag.py
[2026-04-09T08:56:23.235+0000] {processor.py:830} INFO - Processing file /opt/airflow/dags/daily_revenue_etl_dag.py for tasks to queue
[2026-04-09T08:56:23.235+0000] {logging_mixin.py:188} INFO - [2026-04-09T08:56:23.235+0000] {dagbag.py:538} INFO - Filling up the DagBag from /opt/airflow/dags/daily_revenue_etl_dag.py
[2026-04-09T08:56:23.253+0000] {processor.py:840} INFO - DAG(s) 'daily_revenue_etl_dag' retrieved from /opt/airflow/dags/daily_revenue_etl_dag.py
[2026-04-09T08:56:23.275+0000] {logging_mixin.py:188} INFO - [2026-04-09T08:56:23.275+0000] {dag.py:3036} INFO - Sync 1 DAGs
[2026-04-09T08:56:23.292+0000] {logging_mixin.py:188} INFO - [2026-04-09T08:56:23.291+0000] {dag.py:3823} INFO - Setting next_dagrun for daily_revenue_etl_dag to 2026-04-09 00:00:00+00:00, run_after=2026-04-10 00:00:00+00:00
[2026-04-09T08:56:23.308+0000] {processor.py:183} INFO - Processing /opt/airflow/dags/daily_revenue_etl_dag.py took 0.078 seconds
[2026-04-09T08:56:53.419+0000] {processor.py:161} INFO - Started process (PID=1555) to work on /opt/airflow/dags/daily_revenue_etl_dag.py
[2026-04-09T08:56:53.420+0000] {processor.py:830} INFO - Processing file /opt/airflow/dags/daily_revenue_etl_dag.py for tasks to queue
[2026-04-09T08:56:53.421+0000] {logging_mixin.py:188} INFO - [2026-04-09T08:56:53.421+0000] {dagbag.py:538} INFO - Filling up the DagBag from /opt/airflow/dags/daily_revenue_etl_dag.py
[2026-04-09T08:56:53.439+0000] {processor.py:840} INFO - DAG(s) 'daily_revenue_etl_dag' retrieved from /opt/airflow/dags/daily_revenue_etl_dag.py
[2026-04-09T08:56:53.466+0000] {logging_mixin.py:188} INFO - [2026-04-09T08:56:53.466+0000] {dag.py:3036} INFO - Sync 1 DAGs
[2026-04-09T08:56:53.487+0000] {logging_mixin.py:188} INFO - [2026-04-09T08:56:53.486+0000] {dag.py:3823} INFO - Setting next_dagrun for daily_revenue_etl_dag to 2026-04-09 00:00:00+00:00, run_after=2026-04-10 00:00:00+00:00
[2026-04-09T08:56:53.503+0000] {processor.py:183} INFO - Processing /opt/airflow/dags/daily_revenue_etl_dag.py took 0.087 seconds
[2026-04-09T08:56:58.535+0000] {processor.py:161} INFO - Started process (PID=1560) to work on /opt/airflow/dags/daily_revenue_etl_dag.py
[2026-04-09T08:56:58.536+0000] {processor.py:830} INFO - Processing file /opt/airflow/dags/daily_revenue_etl_dag.py for tasks to queue
[2026-04-09T08:56:58.538+0000] {logging_mixin.py:188} INFO - [2026-04-09T08:56:58.537+0000] {dagbag.py:538} INFO - Filling up the DagBag from /opt/airflow/dags/daily_revenue_etl_dag.py
[2026-04-09T08:33:07.844+0000] {processor.py:840} INFO - DAG(s) 'daily_revenue_etl_dag' retrieved from /opt/airflow/dags/daily_revenue_etl_dag.py
[2026-04-09T08:33:07.874+0000] {logging_mixin.py:188} INFO - [2026-04-09T08:33:07.874+0000] {dag.py:3036} INFO - Sync 1 DAGs
[2026-04-09T08:33:07.898+0000] {logging_mixin.py:188} INFO - [2026-04-09T08:33:07.898+0000] {dag.py:3823} INFO - Setting next_dagrun for daily_revenue_etl_dag to 2026-04-09 00:00:00+00:00, run_after=2026-04-10 00:00:00+00:00
[2026-04-09T08:33:07.917+0000] {processor.py:183} INFO - Processing /opt/airflow/dags/daily_revenue_etl_dag.py took 0.104 seconds
[2026-04-09T08:33:38.034+0000] {processor.py:161} INFO - Started process (PID=1566) to work on /opt/airflow/dags/daily_revenue_etl_dag.py
[2026-04-09T08:33:38.036+0000] {processor.py:830} INFO - Processing file /opt/airflow/dags/daily_revenue_etl_dag.py for tasks to queue
[2026-04-09T08:33:38.036+0000] {logging_mixin.py:188} INFO - [2026-04-09T08:33:38.036+0000] {dagbag.py:538} INFO - Filling up the DagBag from /opt/airflow/dags/daily_revenue_etl_dag.py
[2026-04-09T08:33:38.055+0000] {processor.py:840} INFO - DAG(s) 'daily_revenue_etl_dag' retrieved from /opt/airflow/dags/daily_revenue_etl_dag.py
[2026-04-09T08:33:38.085+0000] {logging_mixin.py:188} INFO - [2026-04-09T08:33:38.085+0000] {dag.py:3036} INFO - Sync 1 DAGs
[2026-04-09T08:33:38.111+0000] {logging_mixin.py:188} INFO - [2026-04-09T08:33:38.111+0000] {dag.py:3823} INFO - Setting next_dagrun for daily_revenue_etl_dag to 2026-04-09 00:00:00+00:00, run_after=2026-04-10 00:00:00+00:00
[2026-04-09T08:33:38.131+0000] {processor.py:183} INFO - Processing /opt/airflow/dags/daily_revenue_etl_dag.py took 0.099 seconds
[2026-04-09T08:34:08.321+0000] {processor.py:161} INFO - Started process (PID=1571) to work on /opt/airflow/dags/daily_revenue_etl_dag.py
[2026-04-09T08:34:08.322+0000] {processor.py:830} INFO - Processing file /opt/airflow/dags/daily_revenue_etl_dag.py for tasks to queue
[2026-04-09T08:34:08.323+0000] {logging_mixin.py:188} INFO - [2026-04-09T08:34:08.323+0000] {dagbag.py:538} INFO - Filling up the DagBag from /opt/airflow/dags/daily_revenue_etl_dag.py
[2026-04-09T08:34:08.344+0000] {processor.py:840} INFO - DAG(s) 'daily_revenue_etl_dag' retrieved from /opt/airflow/dags/daily_revenue_etl_dag.py
[2026-04-09T08:34:08.379+0000] {logging_mixin.py:188} INFO - [2026-04-09T08:34:08.379+0000] {dag.py:3036} INFO - Sync 1 DAGs
[2026-04-09T08:34:08.408+0000] {logging_mixin.py:188} INFO - [2026-04-09T08:34:08.408+0000] {dag.py:3823} INFO - Setting next_dagrun for daily_revenue_etl_dag to 2026-04-09 00:00:00+00:00, run_after=2026-04-10 00:00:00+00:00
[2026-04-09T08:34:08.428+0000] {processor.py:183} INFO - Processing /opt/airflow/dags/daily_revenue_etl_dag.py took 0.109 seconds
[2026-04-09T08:58:19.144+0000] {processor.py:161} INFO - Started process (PID=1576) to work on /opt/airflow/dags/daily_revenue_etl_dag.py
[2026-04-09T08:58:19.145+0000] {processor.py:830} INFO - Processing file /opt/airflow/dags/daily_revenue_etl_dag.py for tasks to queue
[2026-04-09T08:58:19.145+0000] {logging_mixin.py:188} INFO - [2026-04-09T08:58:19.145+0000] {dagbag.py:538} INFO - Filling up the DagBag from /opt/airflow/dags/daily_revenue_etl_dag.py
[2026-04-09T08:58:19.161+0000] {processor.py:840} INFO - DAG(s) 'daily_revenue_etl_dag' retrieved from /opt/airflow/dags/daily_revenue_etl_dag.py
[2026-04-09T08:58:19.183+0000] {logging_mixin.py:188} INFO - [2026-04-09T08:58:19.183+0000] {dag.py:3036} INFO - Sync 1 DAGs
[2026-04-09T08:58:19.200+0000] {logging_mixin.py:188} INFO - [2026-04-09T08:58:19.200+0000] {dag.py:3823} INFO - Setting next_dagrun for daily_revenue_etl_dag to 2026-04-09 00:00:00+00:00, run_after=2026-04-10 00:00:00+00:00
[2026-04-09T08:58:19.217+0000] {processor.py:183} INFO - Processing /opt/airflow/dags/daily_revenue_etl_dag.py took 0.077 seconds
[2026-04-09T08:59:08.525+0000] {processor.py:161} INFO - Started process (PID=1581) to work on /opt/airflow/dags/daily_revenue_etl_dag.py
[2026-04-09T08:59:08.526+0000] {processor.py:830} INFO - Processing file /opt/airflow/dags/daily_revenue_etl_dag.py for tasks to queue
[2026-04-09T08:59:08.527+0000] {logging_mixin.py:188} INFO - [2026-04-09T08:59:08.527+0000] {dagbag.py:538} INFO - Filling up the DagBag from /opt/airflow/dags/daily_revenue_etl_dag.py
[2026-04-09T08:59:08.542+0000] {processor.py:840} INFO - DAG(s) 'daily_revenue_etl_dag' retrieved from /opt/airflow/dags/daily_revenue_etl_dag.py
[2026-04-09T08:59:08.565+0000] {logging_mixin.py:188} INFO - [2026-04-09T08:59:08.565+0000] {dag.py:3036} INFO - Sync 1 DAGs
[2026-04-09T08:59:08.583+0000] {logging_mixin.py:188} INFO - [2026-04-09T08:59:08.583+0000] {dag.py:3823} INFO - Setting next_dagrun for daily_revenue_etl_dag to 2026-04-09 00:00:00+00:00, run_after=2026-04-10 00:00:00+00:00
[2026-04-09T08:59:08.606+0000] {processor.py:183} INFO - Processing /opt/airflow/dags/daily_revenue_etl_dag.py took 0.084 seconds
[2026-04-09T09:00:49.278+0000] {processor.py:161} INFO - Started process (PID=1587) to work on /opt/airflow/dags/daily_revenue_etl_dag.py
[2026-04-09T09:00:49.281+0000] {processor.py:830} INFO - Processing file /opt/airflow/dags/daily_revenue_etl_dag.py for tasks to queue
[2026-04-09T09:00:49.282+0000] {logging_mixin.py:188} INFO - [2026-04-09T09:00:49.282+0000] {dagbag.py:538} INFO - Filling up the DagBag from /opt/airflow/dags/daily_revenue_etl_dag.py
[2026-04-09T09:00:49.311+0000] {processor.py:840} INFO - DAG(s) 'daily_revenue_etl_dag' retrieved from /opt/airflow/dags/daily_revenue_etl_dag.py
[2026-04-09T08:36:58.668+0000] {logging_mixin.py:188} INFO - [2026-04-09T08:36:58.667+0000] {dag.py:3036} INFO - Sync 1 DAGs
[2026-04-09T08:36:58.708+0000] {logging_mixin.py:188} INFO - [2026-04-09T08:36:58.707+0000] {dag.py:3823} INFO - Setting next_dagrun for daily_revenue_etl_dag to 2026-04-09 00:00:00+00:00, run_after=2026-04-10 00:00:00+00:00
[2026-04-09T08:36:58.746+0000] {processor.py:183} INFO - Processing /opt/airflow/dags/daily_revenue_etl_dag.py took 0.163 seconds
[2026-04-09T08:37:28.950+0000] {processor.py:161} INFO - Started process (PID=1592) to work on /opt/airflow/dags/daily_revenue_etl_dag.py
[2026-04-09T08:37:28.951+0000] {processor.py:830} INFO - Processing file /opt/airflow/dags/daily_revenue_etl_dag.py for tasks to queue
[2026-04-09T08:37:28.952+0000] {logging_mixin.py:188} INFO - [2026-04-09T08:37:28.952+0000] {dagbag.py:538} INFO - Filling up the DagBag from /opt/airflow/dags/daily_revenue_etl_dag.py
[2026-04-09T08:37:28.968+0000] {processor.py:840} INFO - DAG(s) 'daily_revenue_etl_dag' retrieved from /opt/airflow/dags/daily_revenue_etl_dag.py
[2026-04-09T08:37:28.991+0000] {logging_mixin.py:188} INFO - [2026-04-09T08:37:28.991+0000] {dag.py:3036} INFO - Sync 1 DAGs
[2026-04-09T08:37:29.020+0000] {logging_mixin.py:188} INFO - [2026-04-09T08:37:29.019+0000] {dag.py:3823} INFO - Setting next_dagrun for daily_revenue_etl_dag to 2026-04-09 00:00:00+00:00, run_after=2026-04-10 00:00:00+00:00
[2026-04-09T08:37:29.049+0000] {processor.py:183} INFO - Processing /opt/airflow/dags/daily_revenue_etl_dag.py took 0.102 seconds
[2026-04-09T09:01:23.821+0000] {processor.py:161} INFO - Started process (PID=1597) to work on /opt/airflow/dags/daily_revenue_etl_dag.py
[2026-04-09T09:01:23.822+0000] {processor.py:830} INFO - Processing file /opt/airflow/dags/daily_revenue_etl_dag.py for tasks to queue
[2026-04-09T09:01:23.823+0000] {logging_mixin.py:188} INFO - [2026-04-09T09:01:23.822+0000] {dagbag.py:538} INFO - Filling up the DagBag from /opt/airflow/dags/daily_revenue_etl_dag.py
[2026-04-09T09:01:23.840+0000] {processor.py:840} INFO - DAG(s) 'daily_revenue_etl_dag' retrieved from /opt/airflow/dags/daily_revenue_etl_dag.py
[2026-04-09T09:01:23.862+0000] {logging_mixin.py:188} INFO - [2026-04-09T09:01:23.862+0000] {dag.py:3036} INFO - Sync 1 DAGs
[2026-04-09T09:01:23.884+0000] {logging_mixin.py:188} INFO - [2026-04-09T09:01:23.884+0000] {dag.py:3823} INFO - Setting next_dagrun for daily_revenue_etl_dag to 2026-04-09 00:00:00+00:00, run_after=2026-04-10 00:00:00+00:00
[2026-04-09T09:01:23.902+0000] {processor.py:183} INFO - Processing /opt/airflow/dags/daily_revenue_etl_dag.py took 0.084 seconds
[2026-04-09T09:02:19.140+0000] {processor.py:161} INFO - Started process (PID=1602) to work on /opt/airflow/dags/daily_revenue_etl_dag.py
[2026-04-09T09:02:19.141+0000] {processor.py:830} INFO - Processing file /opt/airflow/dags/daily_revenue_etl_dag.py for tasks to queue
[2026-04-09T09:02:19.143+0000] {logging_mixin.py:188} INFO - [2026-04-09T09:02:19.143+0000] {dagbag.py:538} INFO - Filling up the DagBag from /opt/airflow/dags/daily_revenue_etl_dag.py
[2026-04-09T09:02:19.158+0000] {processor.py:840} INFO - DAG(s) 'daily_revenue_etl_dag' retrieved from /opt/airflow/dags/daily_revenue_etl_dag.py
[2026-04-09T09:02:19.181+0000] {logging_mixin.py:188} INFO - [2026-04-09T09:02:19.181+0000] {dag.py:3036} INFO - Sync 1 DAGs
[2026-04-09T09:02:19.200+0000] {logging_mixin.py:188} INFO - [2026-04-09T09:02:19.200+0000] {dag.py:3823} INFO - Setting next_dagrun for daily_revenue_etl_dag to 2026-04-09 00:00:00+00:00, run_after=2026-04-10 00:00:00+00:00
[2026-04-09T09:02:19.216+0000] {processor.py:183} INFO - Processing /opt/airflow/dags/daily_revenue_etl_dag.py took 0.078 seconds
[2026-04-09T09:04:29.038+0000] {processor.py:161} INFO - Started process (PID=1608) to work on /opt/airflow/dags/daily_revenue_etl_dag.py
[2026-04-09T09:04:29.040+0000] {processor.py:830} INFO - Processing file /opt/airflow/dags/daily_revenue_etl_dag.py for tasks to queue
[2026-04-09T09:04:29.041+0000] {logging_mixin.py:188} INFO - [2026-04-09T09:04:29.040+0000] {dagbag.py:538} INFO - Filling up the DagBag from /opt/airflow/dags/daily_revenue_etl_dag.py
[2026-04-09T09:04:29.057+0000] {processor.py:840} INFO - DAG(s) 'daily_revenue_etl_dag' retrieved from /opt/airflow/dags/daily_revenue_etl_dag.py
[2026-04-09T09:04:29.081+0000] {logging_mixin.py:188} INFO - [2026-04-09T09:04:29.081+0000] {dag.py:3036} INFO - Sync 1 DAGs
[2026-04-09T09:04:29.101+0000] {logging_mixin.py:188} INFO - [2026-04-09T09:04:29.101+0000] {dag.py:3823} INFO - Setting next_dagrun for daily_revenue_etl_dag to 2026-04-09 00:00:00+00:00, run_after=2026-04-10 00:00:00+00:00
[2026-04-09T09:04:29.118+0000] {processor.py:183} INFO - Processing /opt/airflow/dags/daily_revenue_etl_dag.py took 0.084 seconds
[2026-04-09T09:04:59.227+0000] {processor.py:161} INFO - Started process (PID=1613) to work on /opt/airflow/dags/daily_revenue_etl_dag.py
[2026-04-09T09:04:59.228+0000] {processor.py:830} INFO - Processing file /opt/airflow/dags/daily_revenue_etl_dag.py for tasks to queue
[2026-04-09T09:04:59.229+0000] {logging_mixin.py:188} INFO - [2026-04-09T09:04:59.229+0000] {dagbag.py:538} INFO - Filling up the DagBag from /opt/airflow/dags/daily_revenue_etl_dag.py
[2026-04-09T09:04:59.244+0000] {processor.py:840} INFO - DAG(s) 'daily_revenue_etl_dag' retrieved from /opt/airflow/dags/daily_revenue_etl_dag.py
[2026-04-09T09:04:59.266+0000] {logging_mixin.py:188} INFO - [2026-04-09T09:04:59.265+0000] {dag.py:3036} INFO - Sync 1 DAGs
[2026-04-09T09:04:59.285+0000] {logging_mixin.py:188} INFO - [2026-04-09T09:04:59.285+0000] {dag.py:3823} INFO - Setting next_dagrun for daily_revenue_etl_dag to 2026-04-09 00:00:00+00:00, run_after=2026-04-10 00:00:00+00:00
[2026-04-09T08:41:08.606+0000] {processor.py:183} INFO - Processing /opt/airflow/dags/daily_revenue_etl_dag.py took 0.080 seconds
[2026-04-09T08:41:38.766+0000] {processor.py:161} INFO - Started process (PID=1618) to work on /opt/airflow/dags/daily_revenue_etl_dag.py
[2026-04-09T08:41:38.768+0000] {processor.py:830} INFO - Processing file /opt/airflow/dags/daily_revenue_etl_dag.py for tasks to queue
[2026-04-09T08:41:38.768+0000] {logging_mixin.py:188} INFO - [2026-04-09T08:41:38.768+0000] {dagbag.py:538} INFO - Filling up the DagBag from /opt/airflow/dags/daily_revenue_etl_dag.py
[2026-04-09T08:41:38.784+0000] {processor.py:840} INFO - DAG(s) 'daily_revenue_etl_dag' retrieved from /opt/airflow/dags/daily_revenue_etl_dag.py
[2026-04-09T08:41:38.806+0000] {logging_mixin.py:188} INFO - [2026-04-09T08:41:38.806+0000] {dag.py:3036} INFO - Sync 1 DAGs
[2026-04-09T08:41:38.827+0000] {logging_mixin.py:188} INFO - [2026-04-09T08:41:38.827+0000] {dag.py:3823} INFO - Setting next_dagrun for daily_revenue_etl_dag to 2026-04-09 00:00:00+00:00, run_after=2026-04-10 00:00:00+00:00
[2026-04-09T08:41:38.845+0000] {processor.py:183} INFO - Processing /opt/airflow/dags/daily_revenue_etl_dag.py took 0.081 seconds
[2026-04-09T08:42:08.960+0000] {processor.py:161} INFO - Started process (PID=1624) to work on /opt/airflow/dags/daily_revenue_etl_dag.py
[2026-04-09T08:42:08.961+0000] {processor.py:830} INFO - Processing file /opt/airflow/dags/daily_revenue_etl_dag.py for tasks to queue
[2026-04-09T08:42:08.962+0000] {logging_mixin.py:188} INFO - [2026-04-09T08:42:08.961+0000] {dagbag.py:538} INFO - Filling up the DagBag from /opt/airflow/dags/daily_revenue_etl_dag.py
[2026-04-09T08:42:08.978+0000] {processor.py:840} INFO - DAG(s) 'daily_revenue_etl_dag' retrieved from /opt/airflow/dags/daily_revenue_etl_dag.py
[2026-04-09T08:42:09.004+0000] {logging_mixin.py:188} INFO - [2026-04-09T08:42:09.004+0000] {dag.py:3036} INFO - Sync 1 DAGs
[2026-04-09T08:42:09.022+0000] {logging_mixin.py:188} INFO - [2026-04-09T08:42:09.022+0000] {dag.py:3823} INFO - Setting next_dagrun for daily_revenue_etl_dag to 2026-04-09 00:00:00+00:00, run_after=2026-04-10 00:00:00+00:00
[2026-04-09T08:42:09.036+0000] {processor.py:183} INFO - Processing /opt/airflow/dags/daily_revenue_etl_dag.py took 0.081 seconds
[2026-04-09T08:42:39.188+0000] {processor.py:161} INFO - Started process (PID=1629) to work on /opt/airflow/dags/daily_revenue_etl_dag.py
[2026-04-09T08:42:39.189+0000] {processor.py:830} INFO - Processing file /opt/airflow/dags/daily_revenue_etl_dag.py for tasks to queue
[2026-04-09T08:42:39.190+0000] {logging_mixin.py:188} INFO - [2026-04-09T08:42:39.189+0000] {dagbag.py:538} INFO - Filling up the DagBag from /opt/airflow/dags/daily_revenue_etl_dag.py
[2026-04-09T08:42:39.216+0000] {processor.py:840} INFO - DAG(s) 'daily_revenue_etl_dag' retrieved from /opt/airflow/dags/daily_revenue_etl_dag.py
[2026-04-09T08:42:39.240+0000] {logging_mixin.py:188} INFO - [2026-04-09T08:42:39.239+0000] {dag.py:3036} INFO - Sync 1 DAGs
[2026-04-09T08:42:39.256+0000] {logging_mixin.py:188} INFO - [2026-04-09T08:42:39.255+0000] {dag.py:3823} INFO - Setting next_dagrun for daily_revenue_etl_dag to 2026-04-09 00:00:00+00:00, run_after=2026-04-10 00:00:00+00:00
[2026-04-09T08:42:39.270+0000] {processor.py:183} INFO - Processing /opt/airflow/dags/daily_revenue_etl_dag.py took 0.086 seconds
[2026-04-09T08:43:09.404+0000] {processor.py:161} INFO - Started process (PID=1635) to work on /opt/airflow/dags/daily_revenue_etl_dag.py
[2026-04-09T08:43:09.405+0000] {processor.py:830} INFO - Processing file /opt/airflow/dags/daily_revenue_etl_dag.py for tasks to queue
[2026-04-09T08:43:09.406+0000] {logging_mixin.py:188} INFO - [2026-04-09T08:43:09.406+0000] {dagbag.py:538} INFO - Filling up the DagBag from /opt/airflow/dags/daily_revenue_etl_dag.py
[2026-04-09T08:43:09.422+0000] {processor.py:840} INFO - DAG(s) 'daily_revenue_etl_dag' retrieved from /opt/airflow/dags/daily_revenue_etl_dag.py
[2026-04-09T08:43:09.444+0000] {logging_mixin.py:188} INFO - [2026-04-09T08:43:09.444+0000] {dag.py:3036} INFO - Sync 1 DAGs
[2026-04-09T08:43:09.463+0000] {logging_mixin.py:188} INFO - [2026-04-09T08:43:09.463+0000] {dag.py:3823} INFO - Setting next_dagrun for daily_revenue_etl_dag to 2026-04-09 00:00:00+00:00, run_after=2026-04-10 00:00:00+00:00
[2026-04-09T08:43:09.478+0000] {processor.py:183} INFO - Processing /opt/airflow/dags/daily_revenue_etl_dag.py took 0.078 seconds
[2026-04-09T09:07:19.266+0000] {processor.py:161} INFO - Started process (PID=1640) to work on /opt/airflow/dags/daily_revenue_etl_dag.py
[2026-04-09T09:07:19.267+0000] {processor.py:830} INFO - Processing file /opt/airflow/dags/daily_revenue_etl_dag.py for tasks to queue
[2026-04-09T09:07:19.268+0000] {logging_mixin.py:188} INFO - [2026-04-09T09:07:19.268+0000] {dagbag.py:538} INFO - Filling up the DagBag from /opt/airflow/dags/daily_revenue_etl_dag.py
[2026-04-09T09:07:19.288+0000] {processor.py:840} INFO - DAG(s) 'daily_revenue_etl_dag' retrieved from /opt/airflow/dags/daily_revenue_etl_dag.py
[2026-04-09T09:07:19.312+0000] {logging_mixin.py:188} INFO - [2026-04-09T09:07:19.312+0000] {dag.py:3036} INFO - Sync 1 DAGs
[2026-04-09T09:07:19.333+0000] {logging_mixin.py:188} INFO - [2026-04-09T09:07:19.332+0000] {dag.py:3823} INFO - Setting next_dagrun for daily_revenue_etl_dag to 2026-04-09 00:00:00+00:00, run_after=2026-04-10 00:00:00+00:00
[2026-04-09T09:07:19.350+0000] {processor.py:183} INFO - Processing /opt/airflow/dags/daily_revenue_etl_dag.py took 0.087 seconds
[2026-04-09T09:07:24.412+0000] {processor.py:161} INFO - Started process (PID=1645) to work on /opt/airflow/dags/daily_revenue_etl_dag.py
[2026-04-09T09:07:24.413+0000] {processor.py:830} INFO - Processing file /opt/airflow/dags/daily_revenue_etl_dag.py for tasks to queue
[2026-04-09T09:07:24.414+0000] {logging_mixin.py:188} INFO - [2026-04-09T09:07:24.414+0000] {dagbag.py:538} INFO - Filling up the DagBag from /opt/airflow/dags/daily_revenue_etl_dag.py
[2026-04-09T09:07:24.429+0000] {processor.py:840} INFO - DAG(s) 'daily_revenue_etl_dag' retrieved from /opt/airflow/dags/daily_revenue_etl_dag.py
[2026-04-09T09:07:24.453+0000] {logging_mixin.py:188} INFO - [2026-04-09T09:07:24.453+0000] {dag.py:3036} INFO - Sync 1 DAGs
[2026-04-09T09:07:24.471+0000] {logging_mixin.py:188} INFO - [2026-04-09T09:07:24.471+0000] {dag.py:3823} INFO - Setting next_dagrun for daily_revenue_etl_dag to 2026-04-09 00:00:00+00:00, run_after=2026-04-10 00:00:00+00:00
[2026-04-09T09:07:24.488+0000] {processor.py:183} INFO - Processing /opt/airflow/dags/daily_revenue_etl_dag.py took 0.080 seconds
[2026-04-09T08:44:03.903+0000] {processor.py:161} INFO - Started process (PID=1651) to work on /opt/airflow/dags/daily_revenue_etl_dag.py
[2026-04-09T08:44:03.905+0000] {processor.py:830} INFO - Processing file /opt/airflow/dags/daily_revenue_etl_dag.py for tasks to queue
[2026-04-09T08:44:03.906+0000] {logging_mixin.py:188} INFO - [2026-04-09T08:44:03.905+0000] {dagbag.py:538} INFO - Filling up the DagBag from /opt/airflow/dags/daily_revenue_etl_dag.py
[2026-04-09T08:44:03.922+0000] {processor.py:840} INFO - DAG(s) 'daily_revenue_etl_dag' retrieved from /opt/airflow/dags/daily_revenue_etl_dag.py
[2026-04-09T08:44:03.947+0000] {logging_mixin.py:188} INFO - [2026-04-09T08:44:03.947+0000] {dag.py:3036} INFO - Sync 1 DAGs
[2026-04-09T08:44:03.971+0000] {logging_mixin.py:188} INFO - [2026-04-09T08:44:03.971+0000] {dag.py:3823} INFO - Setting next_dagrun for daily_revenue_etl_dag to 2026-04-09 00:00:00+00:00, run_after=2026-04-10 00:00:00+00:00
[2026-04-09T08:44:03.988+0000] {processor.py:183} INFO - Processing /opt/airflow/dags/daily_revenue_etl_dag.py took 0.089 seconds
[2026-04-09T08:44:34.158+0000] {processor.py:161} INFO - Started process (PID=1656) to work on /opt/airflow/dags/daily_revenue_etl_dag.py
[2026-04-09T08:44:34.159+0000] {processor.py:830} INFO - Processing file /opt/airflow/dags/daily_revenue_etl_dag.py for tasks to queue
[2026-04-09T08:44:34.161+0000] {logging_mixin.py:188} INFO - [2026-04-09T08:44:34.160+0000] {dagbag.py:538} INFO - Filling up the DagBag from /opt/airflow/dags/daily_revenue_etl_dag.py
[2026-04-09T08:44:34.183+0000] {processor.py:840} INFO - DAG(s) 'daily_revenue_etl_dag' retrieved from /opt/airflow/dags/daily_revenue_etl_dag.py
[2026-04-09T08:44:34.208+0000] {logging_mixin.py:188} INFO - [2026-04-09T08:44:34.208+0000] {dag.py:3036} INFO - Sync 1 DAGs
[2026-04-09T08:44:34.230+0000] {logging_mixin.py:188} INFO - [2026-04-09T08:44:34.230+0000] {dag.py:3823} INFO - Setting next_dagrun for daily_revenue_etl_dag to 2026-04-09 00:00:00+00:00, run_after=2026-04-10 00:00:00+00:00
[2026-04-09T08:44:34.252+0000] {processor.py:183} INFO - Processing /opt/airflow/dags/daily_revenue_etl_dag.py took 0.098 seconds
[2026-04-09T08:45:04.347+0000] {processor.py:161} INFO - Started process (PID=1661) to work on /opt/airflow/dags/daily_revenue_etl_dag.py
[2026-04-09T08:45:04.348+0000] {processor.py:830} INFO - Processing file /opt/airflow/dags/daily_revenue_etl_dag.py for tasks to queue
[2026-04-09T08:45:04.349+0000] {logging_mixin.py:188} INFO - [2026-04-09T08:45:04.349+0000] {dagbag.py:538} INFO - Filling up the DagBag from /opt/airflow/dags/daily_revenue_etl_dag.py
[2026-04-09T08:45:04.365+0000] {processor.py:840} INFO - DAG(s) 'daily_revenue_etl_dag' retrieved from /opt/airflow/dags/daily_revenue_etl_dag.py
[2026-04-09T08:45:04.387+0000] {logging_mixin.py:188} INFO - [2026-04-09T08:45:04.387+0000] {dag.py:3036} INFO - Sync 1 DAGs
[2026-04-09T08:45:04.404+0000] {logging_mixin.py:188} INFO - [2026-04-09T08:45:04.404+0000] {dag.py:3823} INFO - Setting next_dagrun for daily_revenue_etl_dag to 2026-04-09 00:00:00+00:00, run_after=2026-04-10 00:00:00+00:00
[2026-04-09T08:45:04.419+0000] {processor.py:183} INFO - Processing /opt/airflow/dags/daily_revenue_etl_dag.py took 0.075 seconds
[2026-04-09T09:09:19.258+0000] {processor.py:161} INFO - Started process (PID=1666) to work on /opt/airflow/dags/daily_revenue_etl_dag.py
[2026-04-09T09:09:19.259+0000] {processor.py:830} INFO - Processing file /opt/airflow/dags/daily_revenue_etl_dag.py for tasks to queue
[2026-04-09T09:09:19.260+0000] {logging_mixin.py:188} INFO - [2026-04-09T09:09:19.259+0000] {dagbag.py:538} INFO - Filling up the DagBag from /opt/airflow/dags/daily_revenue_etl_dag.py
[2026-04-09T09:09:19.280+0000] {processor.py:840} INFO - DAG(s) 'daily_revenue_etl_dag' retrieved from /opt/airflow/dags/daily_revenue_etl_dag.py
[2026-04-09T09:09:19.313+0000] {logging_mixin.py:188} INFO - [2026-04-09T09:09:19.313+0000] {dag.py:3036} INFO - Sync 1 DAGs
[2026-04-09T09:09:19.330+0000] {logging_mixin.py:188} INFO - [2026-04-09T09:09:19.330+0000] {dag.py:3823} INFO - Setting next_dagrun for daily_revenue_etl_dag to 2026-04-09 00:00:00+00:00, run_after=2026-04-10 00:00:00+00:00
[2026-04-09T09:09:19.345+0000] {processor.py:183} INFO - Processing /opt/airflow/dags/daily_revenue_etl_dag.py took 0.091 seconds
[2026-04-09T09:10:14.632+0000] {processor.py:161} INFO - Started process (PID=1671) to work on /opt/airflow/dags/daily_revenue_etl_dag.py
[2026-04-09T09:10:14.633+0000] {processor.py:830} INFO - Processing file /opt/airflow/dags/daily_revenue_etl_dag.py for tasks to queue
[2026-04-09T09:10:14.634+0000] {logging_mixin.py:188} INFO - [2026-04-09T09:10:14.634+0000] {dagbag.py:538} INFO - Filling up the DagBag from /opt/airflow/dags/daily_revenue_etl_dag.py
[2026-04-09T09:10:14.654+0000] {processor.py:840} INFO - DAG(s) 'daily_revenue_etl_dag' retrieved from /opt/airflow/dags/daily_revenue_etl_dag.py
[2026-04-09T09:10:14.679+0000] {logging_mixin.py:188} INFO - [2026-04-09T09:10:14.679+0000] {dag.py:3036} INFO - Sync 1 DAGs
[2026-04-09T09:10:14.699+0000] {logging_mixin.py:188} INFO - [2026-04-09T09:10:14.698+0000] {dag.py:3823} INFO - Setting next_dagrun for daily_revenue_etl_dag to 2026-04-09 00:00:00+00:00, run_after=2026-04-10 00:00:00+00:00
[2026-04-09T09:10:14.717+0000] {processor.py:183} INFO - Processing /opt/airflow/dags/daily_revenue_etl_dag.py took 0.088 seconds
[2026-04-09T09:10:44.819+0000] {processor.py:161} INFO - Started process (PID=1676) to work on /opt/airflow/dags/daily_revenue_etl_dag.py
[2026-04-09T09:10:44.820+0000] {processor.py:830} INFO - Processing file /opt/airflow/dags/daily_revenue_etl_dag.py for tasks to queue
[2026-04-09T09:10:44.821+0000] {logging_mixin.py:188} INFO - [2026-04-09T09:10:44.820+0000] {dagbag.py:538} INFO - Filling up the DagBag from /opt/airflow/dags/daily_revenue_etl_dag.py
[2026-04-09T09:10:44.839+0000] {processor.py:840} INFO - DAG(s) 'daily_revenue_etl_dag' retrieved from /opt/airflow/dags/daily_revenue_etl_dag.py
[2026-04-09T09:10:44.861+0000] {logging_mixin.py:188} INFO - [2026-04-09T09:10:44.861+0000] {dag.py:3036} INFO - Sync 1 DAGs
[2026-04-09T08:46:54.208+0000] {logging_mixin.py:188} INFO - [2026-04-09T08:46:54.207+0000] {dag.py:3823} INFO - Setting next_dagrun for daily_revenue_etl_dag to 2026-04-09 00:00:00+00:00, run_after=2026-04-10 00:00:00+00:00
[2026-04-09T08:46:54.232+0000] {processor.py:183} INFO - Processing /opt/airflow/dags/daily_revenue_etl_dag.py took 0.097 seconds
[2026-04-09T08:46:59.229+0000] {processor.py:161} INFO - Started process (PID=1681) to work on /opt/airflow/dags/daily_revenue_etl_dag.py
[2026-04-09T08:46:59.230+0000] {processor.py:830} INFO - Processing file /opt/airflow/dags/daily_revenue_etl_dag.py for tasks to queue
[2026-04-09T08:46:59.231+0000] {logging_mixin.py:188} INFO - [2026-04-09T08:46:59.231+0000] {dagbag.py:538} INFO - Filling up the DagBag from /opt/airflow/dags/daily_revenue_etl_dag.py
[2026-04-09T08:46:59.248+0000] {processor.py:840} INFO - DAG(s) 'daily_revenue_etl_dag' retrieved from /opt/airflow/dags/daily_revenue_etl_dag.py
[2026-04-09T08:46:59.275+0000] {logging_mixin.py:188} INFO - [2026-04-09T08:46:59.275+0000] {dag.py:3036} INFO - Sync 1 DAGs
[2026-04-09T08:46:59.294+0000] {logging_mixin.py:188} INFO - [2026-04-09T08:46:59.294+0000] {dag.py:3823} INFO - Setting next_dagrun for daily_revenue_etl_dag to 2026-04-09 00:00:00+00:00, run_after=2026-04-10 00:00:00+00:00
[2026-04-09T08:46:59.313+0000] {processor.py:183} INFO - Processing /opt/airflow/dags/daily_revenue_etl_dag.py took 0.087 seconds
[2026-04-09T09:11:19.185+0000] {processor.py:161} INFO - Started process (PID=1686) to work on /opt/airflow/dags/daily_revenue_etl_dag.py
[2026-04-09T09:11:19.186+0000] {processor.py:830} INFO - Processing file /opt/airflow/dags/daily_revenue_etl_dag.py for tasks to queue
[2026-04-09T09:11:19.187+0000] {logging_mixin.py:188} INFO - [2026-04-09T09:11:19.187+0000] {dagbag.py:538} INFO - Filling up the DagBag from /opt/airflow/dags/daily_revenue_etl_dag.py
[2026-04-09T09:11:19.207+0000] {processor.py:840} INFO - DAG(s) 'daily_revenue_etl_dag' retrieved from /opt/airflow/dags/daily_revenue_etl_dag.py
[2026-04-09T09:11:19.245+0000] {logging_mixin.py:188} INFO - [2026-04-09T09:11:19.244+0000] {dag.py:3036} INFO - Sync 1 DAGs
[2026-04-09T09:11:19.277+0000] {logging_mixin.py:188} INFO - [2026-04-09T09:11:19.277+0000] {dag.py:3823} INFO - Setting next_dagrun for daily_revenue_etl_dag to 2026-04-09 00:00:00+00:00, run_after=2026-04-10 00:00:00+00:00
[2026-04-09T09:11:19.314+0000] {processor.py:183} INFO - Processing /opt/airflow/dags/daily_revenue_etl_dag.py took 0.132 seconds
[2026-04-09T09:11:49.380+0000] {processor.py:161} INFO - Started process (PID=1691) to work on /opt/airflow/dags/daily_revenue_etl_dag.py
[2026-04-09T09:11:49.381+0000] {processor.py:830} INFO - Processing file /opt/airflow/dags/daily_revenue_etl_dag.py for tasks to queue
[2026-04-09T09:11:49.382+0000] {logging_mixin.py:188} INFO - [2026-04-09T09:11:49.382+0000] {dagbag.py:538} INFO - Filling up the DagBag from /opt/airflow/dags/daily_revenue_etl_dag.py
[2026-04-09T09:11:49.399+0000] {processor.py:840} INFO - DAG(s) 'daily_revenue_etl_dag' retrieved from /opt/airflow/dags/daily_revenue_etl_dag.py
[2026-04-09T09:11:49.423+0000] {logging_mixin.py:188} INFO - [2026-04-09T09:11:49.422+0000] {dag.py:3036} INFO - Sync 1 DAGs
[2026-04-09T09:11:49.451+0000] {logging_mixin.py:188} INFO - [2026-04-09T09:11:49.450+0000] {dag.py:3823} INFO - Setting next_dagrun for daily_revenue_etl_dag to 2026-04-09 00:00:00+00:00, run_after=2026-04-10 00:00:00+00:00
[2026-04-09T08:47:58.745+0000] {processor.py:183} INFO - Processing /opt/airflow/dags/daily_revenue_etl_dag.py took 0.091 seconds
[2026-04-09T08:48:28.952+0000] {processor.py:161} INFO - Started process (PID=1696) to work on /opt/airflow/dags/daily_revenue_etl_dag.py
[2026-04-09T08:48:28.954+0000] {processor.py:830} INFO - Processing file /opt/airflow/dags/daily_revenue_etl_dag.py for tasks to queue
[2026-04-09T08:48:28.955+0000] {logging_mixin.py:188} INFO - [2026-04-09T08:48:28.955+0000] {dagbag.py:538} INFO - Filling up the DagBag from /opt/airflow/dags/daily_revenue_etl_dag.py
[2026-04-09T08:48:28.978+0000] {processor.py:840} INFO - DAG(s) 'daily_revenue_etl_dag' retrieved from /opt/airflow/dags/daily_revenue_etl_dag.py
[2026-04-09T08:48:29.009+0000] {logging_mixin.py:188} INFO - [2026-04-09T08:48:29.009+0000] {dag.py:3036} INFO - Sync 1 DAGs
[2026-04-09T08:48:29.034+0000] {logging_mixin.py:188} INFO - [2026-04-09T08:48:29.033+0000] {dag.py:3823} INFO - Setting next_dagrun for daily_revenue_etl_dag to 2026-04-09 00:00:00+00:00, run_after=2026-04-10 00:00:00+00:00
[2026-04-09T08:48:29.053+0000] {processor.py:183} INFO - Processing /opt/airflow/dags/daily_revenue_etl_dag.py took 0.105 seconds
[2026-04-09T09:12:39.902+0000] {processor.py:161} INFO - Started process (PID=1701) to work on /opt/airflow/dags/daily_revenue_etl_dag.py
[2026-04-09T09:12:39.903+0000] {processor.py:830} INFO - Processing file /opt/airflow/dags/daily_revenue_etl_dag.py for tasks to queue
[2026-04-09T09:12:39.905+0000] {logging_mixin.py:188} INFO - [2026-04-09T09:12:39.904+0000] {dagbag.py:538} INFO - Filling up the DagBag from /opt/airflow/dags/daily_revenue_etl_dag.py
[2026-04-09T09:12:39.928+0000] {processor.py:840} INFO - DAG(s) 'daily_revenue_etl_dag' retrieved from /opt/airflow/dags/daily_revenue_etl_dag.py
[2026-04-09T09:12:39.960+0000] {logging_mixin.py:188} INFO - [2026-04-09T09:12:39.960+0000] {dag.py:3036} INFO - Sync 1 DAGs
[2026-04-09T09:12:39.986+0000] {logging_mixin.py:188} INFO - [2026-04-09T09:12:39.985+0000] {dag.py:3823} INFO - Setting next_dagrun for daily_revenue_etl_dag to 2026-04-09 00:00:00+00:00, run_after=2026-04-10 00:00:00+00:00
[2026-04-09T09:12:40.005+0000] {processor.py:183} INFO - Processing /opt/airflow/dags/daily_revenue_etl_dag.py took 0.108 seconds
[2026-04-09T09:13:19.212+0000] {processor.py:161} INFO - Started process (PID=1707) to work on /opt/airflow/dags/daily_revenue_etl_dag.py
[2026-04-09T09:13:19.213+0000] {processor.py:830} INFO - Processing file /opt/airflow/dags/daily_revenue_etl_dag.py for tasks to queue
[2026-04-09T09:13:19.214+0000] {logging_mixin.py:188} INFO - [2026-04-09T09:13:19.214+0000] {dagbag.py:538} INFO - Filling up the DagBag from /opt/airflow/dags/daily_revenue_etl_dag.py
[2026-04-09T09:13:19.232+0000] {processor.py:840} INFO - DAG(s) 'daily_revenue_etl_dag' retrieved from /opt/airflow/dags/daily_revenue_etl_dag.py
[2026-04-09T09:13:19.255+0000] {logging_mixin.py:188} INFO - [2026-04-09T09:13:19.255+0000] {dag.py:3036} INFO - Sync 1 DAGs
[2026-04-09T09:13:19.282+0000] {logging_mixin.py:188} INFO - [2026-04-09T09:13:19.281+0000] {dag.py:3823} INFO - Setting next_dagrun for daily_revenue_etl_dag to 2026-04-09 00:00:00+00:00, run_after=2026-04-10 00:00:00+00:00
[2026-04-09T09:13:19.299+0000] {processor.py:183} INFO - Processing /opt/airflow/dags/daily_revenue_etl_dag.py took 0.091 seconds
[2026-04-09T09:15:35.261+0000] {processor.py:161} INFO - Started process (PID=1715) to work on /opt/airflow/dags/daily_revenue_etl_dag.py
[2026-04-09T09:15:35.263+0000] {processor.py:830} INFO - Processing file /opt/airflow/dags/daily_revenue_etl_dag.py for tasks to queue
[2026-04-09T09:15:35.266+0000] {logging_mixin.py:188} INFO - [2026-04-09T09:15:35.265+0000] {dagbag.py:538} INFO - Filling up the DagBag from /opt/airflow/dags/daily_revenue_etl_dag.py
[2026-04-09T09:15:35.294+0000] {processor.py:840} INFO - DAG(s) 'daily_revenue_etl_dag' retrieved from /opt/airflow/dags/daily_revenue_etl_dag.py
[2026-04-09T09:15:35.324+0000] {logging_mixin.py:188} INFO - [2026-04-09T09:15:35.324+0000] {dag.py:3036} INFO - Sync 1 DAGs
[2026-04-09T09:15:35.345+0000] {logging_mixin.py:188} INFO - [2026-04-09T09:15:35.345+0000] {dag.py:3823} INFO - Setting next_dagrun for daily_revenue_etl_dag to 2026-04-09 00:00:00+00:00, run_after=2026-04-10 00:00:00+00:00
[2026-04-09T09:15:35.369+0000] {processor.py:183} INFO - Processing /opt/airflow/dags/daily_revenue_etl_dag.py took 0.115 seconds
[2026-04-09T08:53:58.754+0000] {processor.py:161} INFO - Started process (PID=1720) to work on /opt/airflow/dags/daily_revenue_etl_dag.py
[2026-04-09T08:53:58.756+0000] {processor.py:830} INFO - Processing file /opt/airflow/dags/daily_revenue_etl_dag.py for tasks to queue
[2026-04-09T08:53:58.758+0000] {logging_mixin.py:188} INFO - [2026-04-09T08:53:58.757+0000] {dagbag.py:538} INFO - Filling up the DagBag from /opt/airflow/dags/daily_revenue_etl_dag.py
[2026-04-09T08:53:58.804+0000] {processor.py:840} INFO - DAG(s) 'daily_revenue_etl_dag' retrieved from /opt/airflow/dags/daily_revenue_etl_dag.py
[2026-04-09T08:53:58.854+0000] {logging_mixin.py:188} INFO - [2026-04-09T08:53:58.853+0000] {dag.py:3036} INFO - Sync 1 DAGs
[2026-04-09T08:53:58.915+0000] {logging_mixin.py:188} INFO - [2026-04-09T08:53:58.914+0000] {dag.py:3823} INFO - Setting next_dagrun for daily_revenue_etl_dag to 2026-04-09 00:00:00+00:00, run_after=2026-04-10 00:00:00+00:00
[2026-04-09T08:53:58.959+0000] {processor.py:183} INFO - Processing /opt/airflow/dags/daily_revenue_etl_dag.py took 0.211 seconds
[2026-04-09T09:17:50.438+0000] {processor.py:161} INFO - Started process (PID=1725) to work on /opt/airflow/dags/daily_revenue_etl_dag.py
[2026-04-09T09:17:50.441+0000] {processor.py:830} INFO - Processing file /opt/airflow/dags/daily_revenue_etl_dag.py for tasks to queue
[2026-04-09T09:17:50.445+0000] {logging_mixin.py:188} INFO - [2026-04-09T09:17:50.444+0000] {dagbag.py:538} INFO - Filling up the DagBag from /opt/airflow/dags/daily_revenue_etl_dag.py
[2026-04-09T09:17:50.472+0000] {processor.py:840} INFO - DAG(s) 'daily_revenue_etl_dag' retrieved from /opt/airflow/dags/daily_revenue_etl_dag.py
[2026-04-09T09:17:50.501+0000] {logging_mixin.py:188} INFO - [2026-04-09T09:17:50.501+0000] {dag.py:3036} INFO - Sync 1 DAGs
[2026-04-09T09:17:50.521+0000] {logging_mixin.py:188} INFO - [2026-04-09T09:17:50.520+0000] {dag.py:3823} INFO - Setting next_dagrun for daily_revenue_etl_dag to 2026-04-09 00:00:00+00:00, run_after=2026-04-10 00:00:00+00:00
[2026-04-09T09:17:50.540+0000] {processor.py:183} INFO - Processing /opt/airflow/dags/daily_revenue_etl_dag.py took 0.106 seconds
[2026-04-09T08:54:30.048+0000] {processor.py:161} INFO - Started process (PID=1730) to work on /opt/airflow/dags/daily_revenue_etl_dag.py
[2026-04-09T08:54:30.050+0000] {processor.py:830} INFO - Processing file /opt/airflow/dags/daily_revenue_etl_dag.py for tasks to queue
[2026-04-09T08:54:30.051+0000] {logging_mixin.py:188} INFO - [2026-04-09T08:54:30.051+0000] {dagbag.py:538} INFO - Filling up the DagBag from /opt/airflow/dags/daily_revenue_etl_dag.py
[2026-04-09T08:54:30.084+0000] {processor.py:840} INFO - DAG(s) 'daily_revenue_etl_dag' retrieved from /opt/airflow/dags/daily_revenue_etl_dag.py
[2026-04-09T08:54:30.122+0000] {logging_mixin.py:188} INFO - [2026-04-09T08:54:30.121+0000] {dag.py:3036} INFO - Sync 1 DAGs
[2026-04-09T08:54:30.192+0000] {logging_mixin.py:188} INFO - [2026-04-09T08:54:30.192+0000] {dag.py:3823} INFO - Setting next_dagrun for daily_revenue_etl_dag to 2026-04-09 00:00:00+00:00, run_after=2026-04-10 00:00:00+00:00
[2026-04-09T08:54:30.223+0000] {processor.py:183} INFO - Processing /opt/airflow/dags/daily_revenue_etl_dag.py took 0.184 seconds
[2026-04-09T08:55:00.334+0000] {processor.py:161} INFO - Started process (PID=1735) to work on /opt/airflow/dags/daily_revenue_etl_dag.py
[2026-04-09T08:55:00.336+0000] {processor.py:830} INFO - Processing file /opt/airflow/dags/daily_revenue_etl_dag.py for tasks to queue
[2026-04-09T08:55:00.338+0000] {logging_mixin.py:188} INFO - [2026-04-09T08:55:00.337+0000] {dagbag.py:538} INFO - Filling up the DagBag from /opt/airflow/dags/daily_revenue_etl_dag.py
[2026-04-09T08:55:00.370+0000] {processor.py:840} INFO - DAG(s) 'daily_revenue_etl_dag' retrieved from /opt/airflow/dags/daily_revenue_etl_dag.py
[2026-04-09T08:55:00.408+0000] {logging_mixin.py:188} INFO - [2026-04-09T08:55:00.408+0000] {dag.py:3036} INFO - Sync 1 DAGs
[2026-04-09T08:55:00.441+0000] {logging_mixin.py:188} INFO - [2026-04-09T08:55:00.440+0000] {dag.py:3823} INFO - Setting next_dagrun for daily_revenue_etl_dag to 2026-04-09 00:00:00+00:00, run_after=2026-04-10 00:00:00+00:00
[2026-04-09T08:55:00.477+0000] {processor.py:183} INFO - Processing /opt/airflow/dags/daily_revenue_etl_dag.py took 0.149 seconds
[2026-04-09T09:19:06.308+0000] {processor.py:161} INFO - Started process (PID=1742) to work on /opt/airflow/dags/daily_revenue_etl_dag.py
[2026-04-09T09:19:06.310+0000] {processor.py:830} INFO - Processing file /opt/airflow/dags/daily_revenue_etl_dag.py for tasks to queue
[2026-04-09T09:19:06.312+0000] {logging_mixin.py:188} INFO - [2026-04-09T09:19:06.311+0000] {dagbag.py:538} INFO - Filling up the DagBag from /opt/airflow/dags/daily_revenue_etl_dag.py
[2026-04-09T09:19:06.351+0000] {processor.py:840} INFO - DAG(s) 'daily_revenue_etl_dag' retrieved from /opt/airflow/dags/daily_revenue_etl_dag.py
[2026-04-09T09:19:06.407+0000] {logging_mixin.py:188} INFO - [2026-04-09T09:19:06.406+0000] {dag.py:3036} INFO - Sync 1 DAGs
[2026-04-09T09:19:06.442+0000] {logging_mixin.py:188} INFO - [2026-04-09T09:19:06.442+0000] {dag.py:3823} INFO - Setting next_dagrun for daily_revenue_etl_dag to 2026-04-09 00:00:00+00:00, run_after=2026-04-10 00:00:00+00:00
[2026-04-09T09:19:06.479+0000] {processor.py:183} INFO - Processing /opt/airflow/dags/daily_revenue_etl_dag.py took 0.178 seconds
[2026-04-09T09:19:40.774+0000] {processor.py:161} INFO - Started process (PID=1747) to work on /opt/airflow/dags/daily_revenue_etl_dag.py
[2026-04-09T09:19:40.776+0000] {processor.py:830} INFO - Processing file /opt/airflow/dags/daily_revenue_etl_dag.py for tasks to queue
[2026-04-09T09:19:40.777+0000] {logging_mixin.py:188} INFO - [2026-04-09T09:19:40.777+0000] {dagbag.py:538} INFO - Filling up the DagBag from /opt/airflow/dags/daily_revenue_etl_dag.py
[2026-04-09T09:19:40.800+0000] {processor.py:840} INFO - DAG(s) 'daily_revenue_etl_dag' retrieved from /opt/airflow/dags/daily_revenue_etl_dag.py
[2026-04-09T09:19:40.830+0000] {logging_mixin.py:188} INFO - [2026-04-09T09:19:40.830+0000] {dag.py:3036} INFO - Sync 1 DAGs
[2026-04-09T08:55:50.158+0000] {logging_mixin.py:188} INFO - [2026-04-09T08:55:50.158+0000] {dag.py:3823} INFO - Setting next_dagrun for daily_revenue_etl_dag to 2026-04-09 00:00:00+00:00, run_after=2026-04-10 00:00:00+00:00
[2026-04-09T08:55:50.180+0000] {processor.py:183} INFO - Processing /opt/airflow/dags/daily_revenue_etl_dag.py took 0.107 seconds
[2026-04-09T08:55:55.182+0000] {processor.py:161} INFO - Started process (PID=1752) to work on /opt/airflow/dags/daily_revenue_etl_dag.py
[2026-04-09T08:55:55.183+0000] {processor.py:830} INFO - Processing file /opt/airflow/dags/daily_revenue_etl_dag.py for tasks to queue
[2026-04-09T08:55:55.185+0000] {logging_mixin.py:188} INFO - [2026-04-09T08:55:55.185+0000] {dagbag.py:538} INFO - Filling up the DagBag from /opt/airflow/dags/daily_revenue_etl_dag.py
[2026-04-09T08:55:55.212+0000] {processor.py:840} INFO - DAG(s) 'daily_revenue_etl_dag' retrieved from /opt/airflow/dags/daily_revenue_etl_dag.py
[2026-04-09T08:55:55.247+0000] {logging_mixin.py:188} INFO - [2026-04-09T08:55:55.246+0000] {dag.py:3036} INFO - Sync 1 DAGs
[2026-04-09T08:55:55.267+0000] {logging_mixin.py:188} INFO - [2026-04-09T08:55:55.267+0000] {dag.py:3823} INFO - Setting next_dagrun for daily_revenue_etl_dag to 2026-04-09 00:00:00+00:00, run_after=2026-04-10 00:00:00+00:00
[2026-04-09T08:55:55.294+0000] {processor.py:183} INFO - Processing /opt/airflow/dags/daily_revenue_etl_dag.py took 0.117 seconds
[2026-04-09T08:56:25.541+0000] {processor.py:161} INFO - Started process (PID=1757) to work on /opt/airflow/dags/daily_revenue_etl_dag.py
[2026-04-09T08:56:25.542+0000] {processor.py:830} INFO - Processing file /opt/airflow/dags/daily_revenue_etl_dag.py for tasks to queue
[2026-04-09T08:56:25.543+0000] {logging_mixin.py:188} INFO - [2026-04-09T08:56:25.543+0000] {dagbag.py:538} INFO - Filling up the DagBag from /opt/airflow/dags/daily_revenue_etl_dag.py
[2026-04-09T08:56:25.562+0000] {processor.py:840} INFO - DAG(s) 'daily_revenue_etl_dag' retrieved from /opt/airflow/dags/daily_revenue_etl_dag.py
[2026-04-09T08:56:25.586+0000] {logging_mixin.py:188} INFO - [2026-04-09T08:56:25.586+0000] {dag.py:3036} INFO - Sync 1 DAGs
[2026-04-09T08:56:25.605+0000] {logging_mixin.py:188} INFO - [2026-04-09T08:56:25.605+0000] {dag.py:3823} INFO - Setting next_dagrun for daily_revenue_etl_dag to 2026-04-09 00:00:00+00:00, run_after=2026-04-10 00:00:00+00:00
[2026-04-09T08:56:25.629+0000] {processor.py:183} INFO - Processing /opt/airflow/dags/daily_revenue_etl_dag.py took 0.090 seconds
[2026-04-09T09:20:19.365+0000] {processor.py:161} INFO - Started process (PID=1762) to work on /opt/airflow/dags/daily_revenue_etl_dag.py
[2026-04-09T09:20:19.367+0000] {processor.py:830} INFO - Processing file /opt/airflow/dags/daily_revenue_etl_dag.py for tasks to queue
[2026-04-09T09:20:19.368+0000] {logging_mixin.py:188} INFO - [2026-04-09T09:20:19.367+0000] {dagbag.py:538} INFO - Filling up the DagBag from /opt/airflow/dags/daily_revenue_etl_dag.py
[2026-04-09T09:20:19.399+0000] {processor.py:840} INFO - DAG(s) 'daily_revenue_etl_dag' retrieved from /opt/airflow/dags/daily_revenue_etl_dag.py
[2026-04-09T09:20:19.445+0000] {logging_mixin.py:188} INFO - [2026-04-09T09:20:19.445+0000] {dag.py:3036} INFO - Sync 1 DAGs
[2026-04-09T09:20:19.478+0000] {logging_mixin.py:188} INFO - [2026-04-09T09:20:19.478+0000] {dag.py:3823} INFO - Setting next_dagrun for daily_revenue_etl_dag to 2026-04-09 00:00:00+00:00, run_after=2026-04-10 00:00:00+00:00
[2026-04-09T08:56:28.841+0000] {processor.py:183} INFO - Processing /opt/airflow/dags/daily_revenue_etl_dag.py took 0.150 seconds
[2026-04-09T08:56:58.900+0000] {processor.py:161} INFO - Started process (PID=1767) to work on /opt/airflow/dags/daily_revenue_etl_dag.py
[2026-04-09T08:56:58.901+0000] {processor.py:830} INFO - Processing file /opt/airflow/dags/daily_revenue_etl_dag.py for tasks to queue
[2026-04-09T08:56:58.902+0000] {logging_mixin.py:188} INFO - [2026-04-09T08:56:58.902+0000] {dagbag.py:538} INFO - Filling up the DagBag from /opt/airflow/dags/daily_revenue_etl_dag.py
[2026-04-09T08:56:58.920+0000] {processor.py:840} INFO - DAG(s) 'daily_revenue_etl_dag' retrieved from /opt/airflow/dags/daily_revenue_etl_dag.py
[2026-04-09T08:56:58.948+0000] {logging_mixin.py:188} INFO - [2026-04-09T08:56:58.948+0000] {dag.py:3036} INFO - Sync 1 DAGs
[2026-04-09T08:56:58.972+0000] {logging_mixin.py:188} INFO - [2026-04-09T08:56:58.971+0000] {dag.py:3823} INFO - Setting next_dagrun for daily_revenue_etl_dag to 2026-04-09 00:00:00+00:00, run_after=2026-04-10 00:00:00+00:00
[2026-04-09T08:56:58.998+0000] {processor.py:183} INFO - Processing /opt/airflow/dags/daily_revenue_etl_dag.py took 0.100 seconds
[2026-04-09T09:21:00.777+0000] {processor.py:161} INFO - Started process (PID=1772) to work on /opt/airflow/dags/daily_revenue_etl_dag.py
[2026-04-09T09:21:00.779+0000] {processor.py:830} INFO - Processing file /opt/airflow/dags/daily_revenue_etl_dag.py for tasks to queue
[2026-04-09T09:21:00.780+0000] {logging_mixin.py:188} INFO - [2026-04-09T09:21:00.780+0000] {dagbag.py:538} INFO - Filling up the DagBag from /opt/airflow/dags/daily_revenue_etl_dag.py
[2026-04-09T09:21:00.803+0000] {processor.py:840} INFO - DAG(s) 'daily_revenue_etl_dag' retrieved from /opt/airflow/dags/daily_revenue_etl_dag.py
[2026-04-09T09:21:00.832+0000] {logging_mixin.py:188} INFO - [2026-04-09T09:21:00.832+0000] {dag.py:3036} INFO - Sync 1 DAGs
[2026-04-09T09:21:00.857+0000] {logging_mixin.py:188} INFO - [2026-04-09T09:21:00.857+0000] {dag.py:3823} INFO - Setting next_dagrun for daily_revenue_etl_dag to 2026-04-09 00:00:00+00:00, run_after=2026-04-10 00:00:00+00:00
[2026-04-09T09:21:00.875+0000] {processor.py:183} INFO - Processing /opt/airflow/dags/daily_revenue_etl_dag.py took 0.102 seconds
[2026-04-09T09:21:49.371+0000] {processor.py:161} INFO - Started process (PID=1777) to work on /opt/airflow/dags/daily_revenue_etl_dag.py
[2026-04-09T09:21:49.372+0000] {processor.py:830} INFO - Processing file /opt/airflow/dags/daily_revenue_etl_dag.py for tasks to queue
[2026-04-09T09:21:49.373+0000] {logging_mixin.py:188} INFO - [2026-04-09T09:21:49.373+0000] {dagbag.py:538} INFO - Filling up the DagBag from /opt/airflow/dags/daily_revenue_etl_dag.py
[2026-04-09T09:21:49.390+0000] {processor.py:840} INFO - DAG(s) 'daily_revenue_etl_dag' retrieved from /opt/airflow/dags/daily_revenue_etl_dag.py
[2026-04-09T09:21:49.418+0000] {logging_mixin.py:188} INFO - [2026-04-09T09:21:49.417+0000] {dag.py:3036} INFO - Sync 1 DAGs
[2026-04-09T09:21:49.441+0000] {logging_mixin.py:188} INFO - [2026-04-09T09:21:49.441+0000] {dag.py:3823} INFO - Setting next_dagrun for daily_revenue_etl_dag to 2026-04-09 00:00:00+00:00, run_after=2026-04-10 00:00:00+00:00
[2026-04-09T09:21:49.462+0000] {processor.py:183} INFO - Processing /opt/airflow/dags/daily_revenue_etl_dag.py took 0.094 seconds
[2026-04-09T09:23:27.124+0000] {processor.py:161} INFO - Started process (PID=1782) to work on /opt/airflow/dags/daily_revenue_etl_dag.py
[2026-04-09T09:23:27.126+0000] {processor.py:830} INFO - Processing file /opt/airflow/dags/daily_revenue_etl_dag.py for tasks to queue
[2026-04-09T09:23:27.128+0000] {logging_mixin.py:188} INFO - [2026-04-09T09:23:27.127+0000] {dagbag.py:538} INFO - Filling up the DagBag from /opt/airflow/dags/daily_revenue_etl_dag.py
[2026-04-09T09:23:27.164+0000] {processor.py:840} INFO - DAG(s) 'daily_revenue_etl_dag' retrieved from /opt/airflow/dags/daily_revenue_etl_dag.py
[2026-04-09T09:23:27.228+0000] {logging_mixin.py:188} INFO - [2026-04-09T09:23:27.227+0000] {dag.py:3036} INFO - Sync 1 DAGs
[2026-04-09T09:23:27.297+0000] {logging_mixin.py:188} INFO - [2026-04-09T09:23:27.296+0000] {dag.py:3823} INFO - Setting next_dagrun for daily_revenue_etl_dag to 2026-04-09 00:00:00+00:00, run_after=2026-04-10 00:00:00+00:00
[2026-04-09T09:23:27.366+0000] {processor.py:183} INFO - Processing /opt/airflow/dags/daily_revenue_etl_dag.py took 0.250 seconds
[2026-04-09T09:25:49.347+0000] {processor.py:161} INFO - Started process (PID=1788) to work on /opt/airflow/dags/daily_revenue_etl_dag.py
[2026-04-09T09:25:49.348+0000] {processor.py:830} INFO - Processing file /opt/airflow/dags/daily_revenue_etl_dag.py for tasks to queue
[2026-04-09T09:25:49.349+0000] {logging_mixin.py:188} INFO - [2026-04-09T09:25:49.349+0000] {dagbag.py:538} INFO - Filling up the DagBag from /opt/airflow/dags/daily_revenue_etl_dag.py
[2026-04-09T09:25:49.365+0000] {processor.py:840} INFO - DAG(s) 'daily_revenue_etl_dag' retrieved from /opt/airflow/dags/daily_revenue_etl_dag.py
[2026-04-09T09:25:49.389+0000] {logging_mixin.py:188} INFO - [2026-04-09T09:25:49.389+0000] {dag.py:3036} INFO - Sync 1 DAGs
[2026-04-09T09:25:49.419+0000] {logging_mixin.py:188} INFO - [2026-04-09T09:25:49.419+0000] {dag.py:3823} INFO - Setting next_dagrun for daily_revenue_etl_dag to 2026-04-09 00:00:00+00:00, run_after=2026-04-10 00:00:00+00:00
[2026-04-09T09:25:49.445+0000] {processor.py:183} INFO - Processing /opt/airflow/dags/daily_revenue_etl_dag.py took 0.102 seconds
[2026-04-09T09:26:19.563+0000] {processor.py:161} INFO - Started process (PID=1794) to work on /opt/airflow/dags/daily_revenue_etl_dag.py
[2026-04-09T09:26:19.564+0000] {processor.py:830} INFO - Processing file /opt/airflow/dags/daily_revenue_etl_dag.py for tasks to queue
[2026-04-09T09:26:19.565+0000] {logging_mixin.py:188} INFO - [2026-04-09T09:26:19.565+0000] {dagbag.py:538} INFO - Filling up the DagBag from /opt/airflow/dags/daily_revenue_etl_dag.py
[2026-04-09T09:02:28.912+0000] {processor.py:840} INFO - DAG(s) 'daily_revenue_etl_dag' retrieved from /opt/airflow/dags/daily_revenue_etl_dag.py
[2026-04-09T09:02:28.940+0000] {logging_mixin.py:188} INFO - [2026-04-09T09:02:28.940+0000] {dag.py:3036} INFO - Sync 1 DAGs
[2026-04-09T09:02:28.967+0000] {logging_mixin.py:188} INFO - [2026-04-09T09:02:28.967+0000] {dag.py:3823} INFO - Setting next_dagrun for daily_revenue_etl_dag to 2026-04-09 00:00:00+00:00, run_after=2026-04-10 00:00:00+00:00
[2026-04-09T09:02:28.986+0000] {processor.py:183} INFO - Processing /opt/airflow/dags/daily_revenue_etl_dag.py took 0.101 seconds
[2026-04-09T09:02:59.142+0000] {processor.py:161} INFO - Started process (PID=1799) to work on /opt/airflow/dags/daily_revenue_etl_dag.py
[2026-04-09T09:02:59.143+0000] {processor.py:830} INFO - Processing file /opt/airflow/dags/daily_revenue_etl_dag.py for tasks to queue
[2026-04-09T09:02:59.144+0000] {logging_mixin.py:188} INFO - [2026-04-09T09:02:59.144+0000] {dagbag.py:538} INFO - Filling up the DagBag from /opt/airflow/dags/daily_revenue_etl_dag.py
[2026-04-09T09:02:59.160+0000] {processor.py:840} INFO - DAG(s) 'daily_revenue_etl_dag' retrieved from /opt/airflow/dags/daily_revenue_etl_dag.py
[2026-04-09T09:02:59.181+0000] {logging_mixin.py:188} INFO - [2026-04-09T09:02:59.181+0000] {dag.py:3036} INFO - Sync 1 DAGs
[2026-04-09T09:02:59.199+0000] {logging_mixin.py:188} INFO - [2026-04-09T09:02:59.198+0000] {dag.py:3823} INFO - Setting next_dagrun for daily_revenue_etl_dag to 2026-04-09 00:00:00+00:00, run_after=2026-04-10 00:00:00+00:00
[2026-04-09T09:02:59.216+0000] {processor.py:183} INFO - Processing /opt/airflow/dags/daily_revenue_etl_dag.py took 0.076 seconds
[2026-04-09T09:03:29.397+0000] {processor.py:161} INFO - Started process (PID=1804) to work on /opt/airflow/dags/daily_revenue_etl_dag.py
[2026-04-09T09:03:29.398+0000] {processor.py:830} INFO - Processing file /opt/airflow/dags/daily_revenue_etl_dag.py for tasks to queue
[2026-04-09T09:03:29.399+0000] {logging_mixin.py:188} INFO - [2026-04-09T09:03:29.399+0000] {dagbag.py:538} INFO - Filling up the DagBag from /opt/airflow/dags/daily_revenue_etl_dag.py
[2026-04-09T09:03:29.415+0000] {processor.py:840} INFO - DAG(s) 'daily_revenue_etl_dag' retrieved from /opt/airflow/dags/daily_revenue_etl_dag.py
[2026-04-09T09:03:29.437+0000] {logging_mixin.py:188} INFO - [2026-04-09T09:03:29.437+0000] {dag.py:3036} INFO - Sync 1 DAGs
[2026-04-09T09:03:29.453+0000] {logging_mixin.py:188} INFO - [2026-04-09T09:03:29.453+0000] {dag.py:3823} INFO - Setting next_dagrun for daily_revenue_etl_dag to 2026-04-09 00:00:00+00:00, run_after=2026-04-10 00:00:00+00:00
[2026-04-09T09:03:29.468+0000] {processor.py:183} INFO - Processing /opt/airflow/dags/daily_revenue_etl_dag.py took 0.074 seconds
[2026-04-09T09:27:49.501+0000] {processor.py:161} INFO - Started process (PID=1809) to work on /opt/airflow/dags/daily_revenue_etl_dag.py
[2026-04-09T09:27:49.503+0000] {processor.py:830} INFO - Processing file /opt/airflow/dags/daily_revenue_etl_dag.py for tasks to queue
[2026-04-09T09:27:49.504+0000] {logging_mixin.py:188} INFO - [2026-04-09T09:27:49.504+0000] {dagbag.py:538} INFO - Filling up the DagBag from /opt/airflow/dags/daily_revenue_etl_dag.py
[2026-04-09T09:27:49.542+0000] {processor.py:840} INFO - DAG(s) 'daily_revenue_etl_dag' retrieved from /opt/airflow/dags/daily_revenue_etl_dag.py
[2026-04-09T09:03:58.922+0000] {logging_mixin.py:188} INFO - [2026-04-09T09:03:58.921+0000] {dag.py:3036} INFO - Sync 1 DAGs
[2026-04-09T09:03:58.950+0000] {logging_mixin.py:188} INFO - [2026-04-09T09:03:58.949+0000] {dag.py:3823} INFO - Setting next_dagrun for daily_revenue_etl_dag to 2026-04-09 00:00:00+00:00, run_after=2026-04-10 00:00:00+00:00
[2026-04-09T09:03:58.971+0000] {processor.py:183} INFO - Processing /opt/airflow/dags/daily_revenue_etl_dag.py took 0.136 seconds
[2026-04-09T09:27:51.683+0000] {processor.py:161} INFO - Started process (PID=1814) to work on /opt/airflow/dags/daily_revenue_etl_dag.py
[2026-04-09T09:27:51.685+0000] {processor.py:830} INFO - Processing file /opt/airflow/dags/daily_revenue_etl_dag.py for tasks to queue
[2026-04-09T09:27:51.686+0000] {logging_mixin.py:188} INFO - [2026-04-09T09:27:51.685+0000] {dagbag.py:538} INFO - Filling up the DagBag from /opt/airflow/dags/daily_revenue_etl_dag.py
[2026-04-09T09:27:51.712+0000] {processor.py:840} INFO - DAG(s) 'daily_revenue_etl_dag' retrieved from /opt/airflow/dags/daily_revenue_etl_dag.py
[2026-04-09T09:27:51.743+0000] {logging_mixin.py:188} INFO - [2026-04-09T09:27:51.743+0000] {dag.py:3036} INFO - Sync 1 DAGs
[2026-04-09T09:27:51.767+0000] {logging_mixin.py:188} INFO - [2026-04-09T09:27:51.767+0000] {dag.py:3823} INFO - Setting next_dagrun for daily_revenue_etl_dag to 2026-04-09 00:00:00+00:00, run_after=2026-04-10 00:00:00+00:00
[2026-04-09T09:04:01.125+0000] {processor.py:183} INFO - Processing /opt/airflow/dags/daily_revenue_etl_dag.py took 0.109 seconds
[2026-04-09T09:27:56.744+0000] {processor.py:161} INFO - Started process (PID=1819) to work on /opt/airflow/dags/daily_revenue_etl_dag.py
[2026-04-09T09:27:56.748+0000] {processor.py:830} INFO - Processing file /opt/airflow/dags/daily_revenue_etl_dag.py for tasks to queue
[2026-04-09T09:27:56.752+0000] {logging_mixin.py:188} INFO - [2026-04-09T09:27:56.751+0000] {dagbag.py:538} INFO - Filling up the DagBag from /opt/airflow/dags/daily_revenue_etl_dag.py
[2026-04-09T09:04:06.130+0000] {processor.py:840} INFO - DAG(s) 'daily_revenue_etl_dag' retrieved from /opt/airflow/dags/daily_revenue_etl_dag.py
[2026-04-09T09:04:06.168+0000] {logging_mixin.py:188} INFO - [2026-04-09T09:04:06.167+0000] {dag.py:3036} INFO - Sync 1 DAGs
[2026-04-09T09:04:06.198+0000] {logging_mixin.py:188} INFO - [2026-04-09T09:04:06.197+0000] {dag.py:3823} INFO - Setting next_dagrun for daily_revenue_etl_dag to 2026-04-09 00:00:00+00:00, run_after=2026-04-10 00:00:00+00:00
[2026-04-09T09:04:06.246+0000] {processor.py:183} INFO - Processing /opt/airflow/dags/daily_revenue_etl_dag.py took 0.161 seconds
[2026-04-09T09:28:11.930+0000] {processor.py:161} INFO - Started process (PID=1824) to work on /opt/airflow/dags/daily_revenue_etl_dag.py
[2026-04-09T09:28:11.931+0000] {processor.py:830} INFO - Processing file /opt/airflow/dags/daily_revenue_etl_dag.py for tasks to queue
[2026-04-09T09:28:11.932+0000] {logging_mixin.py:188} INFO - [2026-04-09T09:28:11.932+0000] {dagbag.py:538} INFO - Filling up the DagBag from /opt/airflow/dags/daily_revenue_etl_dag.py
[2026-04-09T09:28:11.948+0000] {processor.py:840} INFO - DAG(s) 'daily_revenue_etl_dag' retrieved from /opt/airflow/dags/daily_revenue_etl_dag.py
[2026-04-09T09:28:11.969+0000] {logging_mixin.py:188} INFO - [2026-04-09T09:28:11.969+0000] {dag.py:3036} INFO - Sync 1 DAGs
[2026-04-09T09:28:11.989+0000] {logging_mixin.py:188} INFO - [2026-04-09T09:28:11.988+0000] {dag.py:3823} INFO - Setting next_dagrun for daily_revenue_etl_dag to 2026-04-09 00:00:00+00:00, run_after=2026-04-10 00:00:00+00:00
[2026-04-09T09:28:12.004+0000] {processor.py:183} INFO - Processing /opt/airflow/dags/daily_revenue_etl_dag.py took 0.077 seconds
[2026-04-09T09:29:19.516+0000] {processor.py:161} INFO - Started process (PID=1830) to work on /opt/airflow/dags/daily_revenue_etl_dag.py
[2026-04-09T09:29:19.518+0000] {processor.py:830} INFO - Processing file /opt/airflow/dags/daily_revenue_etl_dag.py for tasks to queue
[2026-04-09T09:29:19.520+0000] {logging_mixin.py:188} INFO - [2026-04-09T09:29:19.519+0000] {dagbag.py:538} INFO - Filling up the DagBag from /opt/airflow/dags/daily_revenue_etl_dag.py
[2026-04-09T09:05:28.914+0000] {processor.py:840} INFO - DAG(s) 'daily_revenue_etl_dag' retrieved from /opt/airflow/dags/daily_revenue_etl_dag.py
[2026-04-09T09:05:29.005+0000] {logging_mixin.py:188} INFO - [2026-04-09T09:05:29.003+0000] {dag.py:3036} INFO - Sync 1 DAGs
[2026-04-09T09:05:29.107+0000] {logging_mixin.py:188} INFO - [2026-04-09T09:05:29.099+0000] {dag.py:3823} INFO - Setting next_dagrun for daily_revenue_etl_dag to 2026-04-09 00:00:00+00:00, run_after=2026-04-10 00:00:00+00:00
[2026-04-09T09:05:29.169+0000] {processor.py:183} INFO - Processing /opt/airflow/dags/daily_revenue_etl_dag.py took 0.307 seconds
[2026-04-09T09:29:21.933+0000] {processor.py:161} INFO - Started process (PID=1835) to work on /opt/airflow/dags/daily_revenue_etl_dag.py
[2026-04-09T09:05:31.285+0000] {processor.py:830} INFO - Processing file /opt/airflow/dags/daily_revenue_etl_dag.py for tasks to queue
[2026-04-09T09:05:31.289+0000] {logging_mixin.py:188} INFO - [2026-04-09T09:05:31.288+0000] {dagbag.py:538} INFO - Filling up the DagBag from /opt/airflow/dags/daily_revenue_etl_dag.py
[2026-04-09T09:05:31.342+0000] {processor.py:840} INFO - DAG(s) 'daily_revenue_etl_dag' retrieved from /opt/airflow/dags/daily_revenue_etl_dag.py
[2026-04-09T09:05:31.437+0000] {logging_mixin.py:188} INFO - [2026-04-09T09:05:31.436+0000] {dag.py:3036} INFO - Sync 1 DAGs
[2026-04-09T09:05:31.516+0000] {logging_mixin.py:188} INFO - [2026-04-09T09:05:31.514+0000] {dag.py:3823} INFO - Setting next_dagrun for daily_revenue_etl_dag to 2026-04-09 00:00:00+00:00, run_after=2026-04-10 00:00:00+00:00
[2026-04-09T09:05:31.568+0000] {processor.py:183} INFO - Processing /opt/airflow/dags/daily_revenue_etl_dag.py took 0.299 seconds
[2026-04-09T09:05:36.306+0000] {processor.py:161} INFO - Started process (PID=1840) to work on /opt/airflow/dags/daily_revenue_etl_dag.py
[2026-04-09T09:05:36.308+0000] {processor.py:830} INFO - Processing file /opt/airflow/dags/daily_revenue_etl_dag.py for tasks to queue
[2026-04-09T09:05:36.309+0000] {logging_mixin.py:188} INFO - [2026-04-09T09:05:36.308+0000] {dagbag.py:538} INFO - Filling up the DagBag from /opt/airflow/dags/daily_revenue_etl_dag.py
[2026-04-09T09:05:36.334+0000] {processor.py:840} INFO - DAG(s) 'daily_revenue_etl_dag' retrieved from /opt/airflow/dags/daily_revenue_etl_dag.py
[2026-04-09T09:05:36.367+0000] {logging_mixin.py:188} INFO - [2026-04-09T09:05:36.367+0000] {dag.py:3036} INFO - Sync 1 DAGs
[2026-04-09T09:05:36.394+0000] {logging_mixin.py:188} INFO - [2026-04-09T09:05:36.393+0000] {dag.py:3823} INFO - Setting next_dagrun for daily_revenue_etl_dag to 2026-04-09 00:00:00+00:00, run_after=2026-04-10 00:00:00+00:00
[2026-04-09T09:05:36.415+0000] {processor.py:183} INFO - Processing /opt/airflow/dags/daily_revenue_etl_dag.py took 0.112 seconds
[2026-04-09T09:29:31.983+0000] {processor.py:161} INFO - Started process (PID=1845) to work on /opt/airflow/dags/daily_revenue_etl_dag.py
[2026-04-09T09:29:31.983+0000] {processor.py:830} INFO - Processing file /opt/airflow/dags/daily_revenue_etl_dag.py for tasks to queue
[2026-04-09T09:29:31.984+0000] {logging_mixin.py:188} INFO - [2026-04-09T09:29:31.984+0000] {dagbag.py:538} INFO - Filling up the DagBag from /opt/airflow/dags/daily_revenue_etl_dag.py
[2026-04-09T09:29:32.002+0000] {processor.py:840} INFO - DAG(s) 'daily_revenue_etl_dag' retrieved from /opt/airflow/dags/daily_revenue_etl_dag.py
[2026-04-09T09:05:41.341+0000] {logging_mixin.py:188} INFO - [2026-04-09T09:05:41.341+0000] {dag.py:3036} INFO - Sync 1 DAGs
[2026-04-09T09:05:41.366+0000] {logging_mixin.py:188} INFO - [2026-04-09T09:05:41.366+0000] {dag.py:3823} INFO - Setting next_dagrun for daily_revenue_etl_dag to 2026-04-09 00:00:00+00:00, run_after=2026-04-10 00:00:00+00:00
[2026-04-09T09:05:41.387+0000] {processor.py:183} INFO - Processing /opt/airflow/dags/daily_revenue_etl_dag.py took 0.097 seconds
[2026-04-09T09:06:11.609+0000] {processor.py:161} INFO - Started process (PID=1850) to work on /opt/airflow/dags/daily_revenue_etl_dag.py
[2026-04-09T09:06:11.612+0000] {processor.py:830} INFO - Processing file /opt/airflow/dags/daily_revenue_etl_dag.py for tasks to queue
[2026-04-09T09:06:11.615+0000] {logging_mixin.py:188} INFO - [2026-04-09T09:06:11.614+0000] {dagbag.py:538} INFO - Filling up the DagBag from /opt/airflow/dags/daily_revenue_etl_dag.py
[2026-04-09T09:06:11.650+0000] {processor.py:840} INFO - DAG(s) 'daily_revenue_etl_dag' retrieved from /opt/airflow/dags/daily_revenue_etl_dag.py
[2026-04-09T09:06:11.710+0000] {logging_mixin.py:188} INFO - [2026-04-09T09:06:11.710+0000] {dag.py:3036} INFO - Sync 1 DAGs
[2026-04-09T09:06:11.791+0000] {logging_mixin.py:188} INFO - [2026-04-09T09:06:11.790+0000] {dag.py:3823} INFO - Setting next_dagrun for daily_revenue_etl_dag to 2026-04-09 00:00:00+00:00, run_after=2026-04-10 00:00:00+00:00
[2026-04-09T09:06:11.874+0000] {processor.py:183} INFO - Processing /opt/airflow/dags/daily_revenue_etl_dag.py took 0.271 seconds
[2026-04-09T09:30:19.461+0000] {processor.py:161} INFO - Started process (PID=1855) to work on /opt/airflow/dags/daily_revenue_etl_dag.py
[2026-04-09T09:30:19.462+0000] {processor.py:830} INFO - Processing file /opt/airflow/dags/daily_revenue_etl_dag.py for tasks to queue
[2026-04-09T09:30:19.464+0000] {logging_mixin.py:188} INFO - [2026-04-09T09:30:19.463+0000] {dagbag.py:538} INFO - Filling up the DagBag from /opt/airflow/dags/daily_revenue_etl_dag.py
[2026-04-09T09:30:19.481+0000] {processor.py:840} INFO - DAG(s) 'daily_revenue_etl_dag' retrieved from /opt/airflow/dags/daily_revenue_etl_dag.py
[2026-04-09T09:30:19.509+0000] {logging_mixin.py:188} INFO - [2026-04-09T09:30:19.509+0000] {dag.py:3036} INFO - Sync 1 DAGs
[2026-04-09T09:30:19.537+0000] {logging_mixin.py:188} INFO - [2026-04-09T09:30:19.537+0000] {dag.py:3823} INFO - Setting next_dagrun for daily_revenue_etl_dag to 2026-04-09 00:00:00+00:00, run_after=2026-04-10 00:00:00+00:00
[2026-04-09T09:06:28.916+0000] {processor.py:183} INFO - Processing /opt/airflow/dags/daily_revenue_etl_dag.py took 0.119 seconds
[2026-04-09T09:06:58.984+0000] {processor.py:161} INFO - Started process (PID=1860) to work on /opt/airflow/dags/daily_revenue_etl_dag.py
[2026-04-09T09:06:58.985+0000] {processor.py:830} INFO - Processing file /opt/airflow/dags/daily_revenue_etl_dag.py for tasks to queue
[2026-04-09T09:06:58.986+0000] {logging_mixin.py:188} INFO - [2026-04-09T09:06:58.986+0000] {dagbag.py:538} INFO - Filling up the DagBag from /opt/airflow/dags/daily_revenue_etl_dag.py
[2026-04-09T09:06:59.003+0000] {processor.py:840} INFO - DAG(s) 'daily_revenue_etl_dag' retrieved from /opt/airflow/dags/daily_revenue_etl_dag.py
[2026-04-09T09:06:59.027+0000] {logging_mixin.py:188} INFO - [2026-04-09T09:06:59.027+0000] {dag.py:3036} INFO - Sync 1 DAGs
[2026-04-09T09:06:59.048+0000] {logging_mixin.py:188} INFO - [2026-04-09T09:06:59.048+0000] {dag.py:3823} INFO - Setting next_dagrun for daily_revenue_etl_dag to 2026-04-09 00:00:00+00:00, run_after=2026-04-10 00:00:00+00:00
[2026-04-09T09:06:59.068+0000] {processor.py:183} INFO - Processing /opt/airflow/dags/daily_revenue_etl_dag.py took 0.088 seconds
[2026-04-09T09:07:29.190+0000] {processor.py:161} INFO - Started process (PID=1865) to work on /opt/airflow/dags/daily_revenue_etl_dag.py
[2026-04-09T09:07:29.191+0000] {processor.py:830} INFO - Processing file /opt/airflow/dags/daily_revenue_etl_dag.py for tasks to queue
[2026-04-09T09:07:29.192+0000] {logging_mixin.py:188} INFO - [2026-04-09T09:07:29.191+0000] {dagbag.py:538} INFO - Filling up the DagBag from /opt/airflow/dags/daily_revenue_etl_dag.py
[2026-04-09T09:07:29.211+0000] {processor.py:840} INFO - DAG(s) 'daily_revenue_etl_dag' retrieved from /opt/airflow/dags/daily_revenue_etl_dag.py
[2026-04-09T09:07:29.237+0000] {logging_mixin.py:188} INFO - [2026-04-09T09:07:29.237+0000] {dag.py:3036} INFO - Sync 1 DAGs
[2026-04-09T09:07:29.256+0000] {logging_mixin.py:188} INFO - [2026-04-09T09:07:29.256+0000] {dag.py:3823} INFO - Setting next_dagrun for daily_revenue_etl_dag to 2026-04-09 00:00:00+00:00, run_after=2026-04-10 00:00:00+00:00
[2026-04-09T09:07:29.278+0000] {processor.py:183} INFO - Processing /opt/airflow/dags/daily_revenue_etl_dag.py took 0.091 seconds
[2026-04-09T09:31:21.980+0000] {processor.py:161} INFO - Started process (PID=1870) to work on /opt/airflow/dags/daily_revenue_etl_dag.py
[2026-04-09T09:31:21.981+0000] {processor.py:830} INFO - Processing file /opt/airflow/dags/daily_revenue_etl_dag.py for tasks to queue
[2026-04-09T09:31:21.982+0000] {logging_mixin.py:188} INFO - [2026-04-09T09:31:21.982+0000] {dagbag.py:538} INFO - Filling up the DagBag from /opt/airflow/dags/daily_revenue_etl_dag.py
[2026-04-09T09:31:22.003+0000] {processor.py:840} INFO - DAG(s) 'daily_revenue_etl_dag' retrieved from /opt/airflow/dags/daily_revenue_etl_dag.py
[2026-04-09T09:31:22.031+0000] {logging_mixin.py:188} INFO - [2026-04-09T09:31:22.030+0000] {dag.py:3036} INFO - Sync 1 DAGs
[2026-04-09T09:31:22.050+0000] {logging_mixin.py:188} INFO - [2026-04-09T09:31:22.050+0000] {dag.py:3823} INFO - Setting next_dagrun for daily_revenue_etl_dag to 2026-04-09 00:00:00+00:00, run_after=2026-04-10 00:00:00+00:00
[2026-04-09T09:31:22.072+0000] {processor.py:183} INFO - Processing /opt/airflow/dags/daily_revenue_etl_dag.py took 0.096 seconds
[2026-04-09T09:31:52.186+0000] {processor.py:161} INFO - Started process (PID=1876) to work on /opt/airflow/dags/daily_revenue_etl_dag.py
[2026-04-09T09:31:52.188+0000] {processor.py:830} INFO - Processing file /opt/airflow/dags/daily_revenue_etl_dag.py for tasks to queue
[2026-04-09T09:31:52.190+0000] {logging_mixin.py:188} INFO - [2026-04-09T09:31:52.190+0000] {dagbag.py:538} INFO - Filling up the DagBag from /opt/airflow/dags/daily_revenue_etl_dag.py
[2026-04-09T09:31:52.225+0000] {processor.py:840} INFO - DAG(s) 'daily_revenue_etl_dag' retrieved from /opt/airflow/dags/daily_revenue_etl_dag.py
[2026-04-09T09:08:01.615+0000] {logging_mixin.py:188} INFO - [2026-04-09T09:08:01.614+0000] {dag.py:3036} INFO - Sync 1 DAGs
[2026-04-09T09:08:01.655+0000] {logging_mixin.py:188} INFO - [2026-04-09T09:08:01.654+0000] {dag.py:3823} INFO - Setting next_dagrun for daily_revenue_etl_dag to 2026-04-09 00:00:00+00:00, run_after=2026-04-10 00:00:00+00:00
[2026-04-09T09:08:01.689+0000] {processor.py:183} INFO - Processing /opt/airflow/dags/daily_revenue_etl_dag.py took 0.170 seconds
[2026-04-09T09:32:19.471+0000] {processor.py:161} INFO - Started process (PID=1881) to work on /opt/airflow/dags/daily_revenue_etl_dag.py
[2026-04-09T09:32:19.472+0000] {processor.py:830} INFO - Processing file /opt/airflow/dags/daily_revenue_etl_dag.py for tasks to queue
[2026-04-09T09:32:19.474+0000] {logging_mixin.py:188} INFO - [2026-04-09T09:32:19.473+0000] {dagbag.py:538} INFO - Filling up the DagBag from /opt/airflow/dags/daily_revenue_etl_dag.py
[2026-04-09T09:32:19.496+0000] {processor.py:840} INFO - DAG(s) 'daily_revenue_etl_dag' retrieved from /opt/airflow/dags/daily_revenue_etl_dag.py
[2026-04-09T09:32:19.523+0000] {logging_mixin.py:188} INFO - [2026-04-09T09:32:19.523+0000] {dag.py:3036} INFO - Sync 1 DAGs
[2026-04-09T09:32:19.543+0000] {logging_mixin.py:188} INFO - [2026-04-09T09:32:19.543+0000] {dag.py:3823} INFO - Setting next_dagrun for daily_revenue_etl_dag to 2026-04-09 00:00:00+00:00, run_after=2026-04-10 00:00:00+00:00
[2026-04-09T09:32:19.560+0000] {processor.py:183} INFO - Processing /opt/airflow/dags/daily_revenue_etl_dag.py took 0.093 seconds
[2026-04-09T09:34:37.405+0000] {processor.py:161} INFO - Started process (PID=1887) to work on /opt/airflow/dags/daily_revenue_etl_dag.py
[2026-04-09T09:34:37.406+0000] {processor.py:830} INFO - Processing file /opt/airflow/dags/daily_revenue_etl_dag.py for tasks to queue
[2026-04-09T09:34:37.407+0000] {logging_mixin.py:188} INFO - [2026-04-09T09:34:37.406+0000] {dagbag.py:538} INFO - Filling up the DagBag from /opt/airflow/dags/daily_revenue_etl_dag.py
[2026-04-09T09:34:37.425+0000] {processor.py:840} INFO - DAG(s) 'daily_revenue_etl_dag' retrieved from /opt/airflow/dags/daily_revenue_etl_dag.py
[2026-04-09T09:34:37.451+0000] {logging_mixin.py:188} INFO - [2026-04-09T09:34:37.451+0000] {dag.py:3036} INFO - Sync 1 DAGs
[2026-04-09T09:34:37.473+0000] {logging_mixin.py:188} INFO - [2026-04-09T09:34:37.473+0000] {dag.py:3823} INFO - Setting next_dagrun for daily_revenue_etl_dag to 2026-04-09 00:00:00+00:00, run_after=2026-04-10 00:00:00+00:00
[2026-04-09T09:34:37.489+0000] {processor.py:183} INFO - Processing /opt/airflow/dags/daily_revenue_etl_dag.py took 0.088 seconds
[2026-04-09T09:35:07.588+0000] {processor.py:161} INFO - Started process (PID=1892) to work on /opt/airflow/dags/daily_revenue_etl_dag.py
[2026-04-09T09:35:07.589+0000] {processor.py:830} INFO - Processing file /opt/airflow/dags/daily_revenue_etl_dag.py for tasks to queue
[2026-04-09T09:35:07.590+0000] {logging_mixin.py:188} INFO - [2026-04-09T09:35:07.590+0000] {dagbag.py:538} INFO - Filling up the DagBag from /opt/airflow/dags/daily_revenue_etl_dag.py
[2026-04-09T09:35:07.608+0000] {processor.py:840} INFO - DAG(s) 'daily_revenue_etl_dag' retrieved from /opt/airflow/dags/daily_revenue_etl_dag.py
[2026-04-09T09:35:07.630+0000] {logging_mixin.py:188} INFO - [2026-04-09T09:35:07.629+0000] {dag.py:3036} INFO - Sync 1 DAGs
[2026-04-09T09:11:16.993+0000] {logging_mixin.py:188} INFO - [2026-04-09T09:11:16.993+0000] {dag.py:3823} INFO - Setting next_dagrun for daily_revenue_etl_dag to 2026-04-09 00:00:00+00:00, run_after=2026-04-10 00:00:00+00:00
[2026-04-09T09:11:17.010+0000] {processor.py:183} INFO - Processing /opt/airflow/dags/daily_revenue_etl_dag.py took 0.082 seconds
[2026-04-09T09:35:12.688+0000] {processor.py:161} INFO - Started process (PID=1897) to work on /opt/airflow/dags/daily_revenue_etl_dag.py
[2026-04-09T09:35:12.689+0000] {processor.py:830} INFO - Processing file /opt/airflow/dags/daily_revenue_etl_dag.py for tasks to queue
[2026-04-09T09:35:12.690+0000] {logging_mixin.py:188} INFO - [2026-04-09T09:35:12.689+0000] {dagbag.py:538} INFO - Filling up the DagBag from /opt/airflow/dags/daily_revenue_etl_dag.py
[2026-04-09T09:11:22.029+0000] {processor.py:840} INFO - DAG(s) 'daily_revenue_etl_dag' retrieved from /opt/airflow/dags/daily_revenue_etl_dag.py
[2026-04-09T09:11:22.051+0000] {logging_mixin.py:188} INFO - [2026-04-09T09:11:22.050+0000] {dag.py:3036} INFO - Sync 1 DAGs
[2026-04-09T09:11:22.069+0000] {logging_mixin.py:188} INFO - [2026-04-09T09:11:22.069+0000] {dag.py:3823} INFO - Setting next_dagrun for daily_revenue_etl_dag to 2026-04-09 00:00:00+00:00, run_after=2026-04-10 00:00:00+00:00
[2026-04-09T09:11:22.082+0000] {processor.py:183} INFO - Processing /opt/airflow/dags/daily_revenue_etl_dag.py took 0.073 seconds
[2026-04-09T09:11:32.074+0000] {processor.py:161} INFO - Started process (PID=1903) to work on /opt/airflow/dags/daily_revenue_etl_dag.py
[2026-04-09T09:11:32.075+0000] {processor.py:830} INFO - Processing file /opt/airflow/dags/daily_revenue_etl_dag.py for tasks to queue
[2026-04-09T09:11:32.075+0000] {logging_mixin.py:188} INFO - [2026-04-09T09:11:32.075+0000] {dagbag.py:538} INFO - Filling up the DagBag from /opt/airflow/dags/daily_revenue_etl_dag.py
[2026-04-09T09:11:32.093+0000] {processor.py:840} INFO - DAG(s) 'daily_revenue_etl_dag' retrieved from /opt/airflow/dags/daily_revenue_etl_dag.py
[2026-04-09T09:11:32.114+0000] {logging_mixin.py:188} INFO - [2026-04-09T09:11:32.114+0000] {dag.py:3036} INFO - Sync 1 DAGs
[2026-04-09T09:11:32.132+0000] {logging_mixin.py:188} INFO - [2026-04-09T09:11:32.132+0000] {dag.py:3823} INFO - Setting next_dagrun for daily_revenue_etl_dag to 2026-04-09 00:00:00+00:00, run_after=2026-04-10 00:00:00+00:00
[2026-04-09T09:11:32.146+0000] {processor.py:183} INFO - Processing /opt/airflow/dags/daily_revenue_etl_dag.py took 0.075 seconds
[2026-04-09T09:12:02.329+0000] {processor.py:161} INFO - Started process (PID=1908) to work on /opt/airflow/dags/daily_revenue_etl_dag.py
[2026-04-09T09:12:02.330+0000] {processor.py:830} INFO - Processing file /opt/airflow/dags/daily_revenue_etl_dag.py for tasks to queue
[2026-04-09T09:12:02.330+0000] {logging_mixin.py:188} INFO - [2026-04-09T09:12:02.330+0000] {dagbag.py:538} INFO - Filling up the DagBag from /opt/airflow/dags/daily_revenue_etl_dag.py
[2026-04-09T09:12:02.346+0000] {processor.py:840} INFO - DAG(s) 'daily_revenue_etl_dag' retrieved from /opt/airflow/dags/daily_revenue_etl_dag.py
[2026-04-09T09:12:02.370+0000] {logging_mixin.py:188} INFO - [2026-04-09T09:12:02.369+0000] {dag.py:3036} INFO - Sync 1 DAGs
[2026-04-09T09:12:02.388+0000] {logging_mixin.py:188} INFO - [2026-04-09T09:12:02.388+0000] {dag.py:3823} INFO - Setting next_dagrun for daily_revenue_etl_dag to 2026-04-09 00:00:00+00:00, run_after=2026-04-10 00:00:00+00:00
[2026-04-09T09:12:02.403+0000] {processor.py:183} INFO - Processing /opt/airflow/dags/daily_revenue_etl_dag.py took 0.076 seconds
[2026-04-09T09:12:32.541+0000] {processor.py:161} INFO - Started process (PID=1913) to work on /opt/airflow/dags/daily_revenue_etl_dag.py
[2026-04-09T09:12:32.542+0000] {processor.py:830} INFO - Processing file /opt/airflow/dags/daily_revenue_etl_dag.py for tasks to queue
[2026-04-09T09:12:32.543+0000] {logging_mixin.py:188} INFO - [2026-04-09T09:12:32.543+0000] {dagbag.py:538} INFO - Filling up the DagBag from /opt/airflow/dags/daily_revenue_etl_dag.py
[2026-04-09T09:12:32.559+0000] {processor.py:840} INFO - DAG(s) 'daily_revenue_etl_dag' retrieved from /opt/airflow/dags/daily_revenue_etl_dag.py
[2026-04-09T09:12:32.583+0000] {logging_mixin.py:188} INFO - [2026-04-09T09:12:32.583+0000] {dag.py:3036} INFO - Sync 1 DAGs
[2026-04-09T09:12:32.601+0000] {logging_mixin.py:188} INFO - [2026-04-09T09:12:32.601+0000] {dag.py:3823} INFO - Setting next_dagrun for daily_revenue_etl_dag to 2026-04-09 00:00:00+00:00, run_after=2026-04-10 00:00:00+00:00
[2026-04-09T09:12:32.628+0000] {processor.py:183} INFO - Processing /opt/airflow/dags/daily_revenue_etl_dag.py took 0.092 seconds
[2026-04-09T09:36:49.432+0000] {processor.py:161} INFO - Started process (PID=1918) to work on /opt/airflow/dags/daily_revenue_etl_dag.py
[2026-04-09T09:36:49.433+0000] {processor.py:830} INFO - Processing file /opt/airflow/dags/daily_revenue_etl_dag.py for tasks to queue
[2026-04-09T09:36:49.434+0000] {logging_mixin.py:188} INFO - [2026-04-09T09:36:49.434+0000] {dagbag.py:538} INFO - Filling up the DagBag from /opt/airflow/dags/daily_revenue_etl_dag.py
[2026-04-09T09:36:49.454+0000] {processor.py:840} INFO - DAG(s) 'daily_revenue_etl_dag' retrieved from /opt/airflow/dags/daily_revenue_etl_dag.py
[2026-04-09T09:36:49.481+0000] {logging_mixin.py:188} INFO - [2026-04-09T09:36:49.480+0000] {dag.py:3036} INFO - Sync 1 DAGs
[2026-04-09T09:36:49.501+0000] {logging_mixin.py:188} INFO - [2026-04-09T09:36:49.500+0000] {dag.py:3823} INFO - Setting next_dagrun for daily_revenue_etl_dag to 2026-04-09 00:00:00+00:00, run_after=2026-04-10 00:00:00+00:00
[2026-04-09T09:36:49.528+0000] {processor.py:183} INFO - Processing /opt/airflow/dags/daily_revenue_etl_dag.py took 0.099 seconds
[2026-04-09T09:37:19.632+0000] {processor.py:161} INFO - Started process (PID=1923) to work on /opt/airflow/dags/daily_revenue_etl_dag.py
[2026-04-09T09:37:19.634+0000] {processor.py:830} INFO - Processing file /opt/airflow/dags/daily_revenue_etl_dag.py for tasks to queue
[2026-04-09T09:37:19.636+0000] {logging_mixin.py:188} INFO - [2026-04-09T09:37:19.635+0000] {dagbag.py:538} INFO - Filling up the DagBag from /opt/airflow/dags/daily_revenue_etl_dag.py
[2026-04-09T09:37:19.664+0000] {processor.py:840} INFO - DAG(s) 'daily_revenue_etl_dag' retrieved from /opt/airflow/dags/daily_revenue_etl_dag.py
[2026-04-09T09:13:29.013+0000] {logging_mixin.py:188} INFO - [2026-04-09T09:13:29.013+0000] {dag.py:3036} INFO - Sync 1 DAGs
[2026-04-09T09:13:29.057+0000] {logging_mixin.py:188} INFO - [2026-04-09T09:13:29.056+0000] {dag.py:3823} INFO - Setting next_dagrun for daily_revenue_etl_dag to 2026-04-09 00:00:00+00:00, run_after=2026-04-10 00:00:00+00:00
[2026-04-09T09:13:29.113+0000] {processor.py:183} INFO - Processing /opt/airflow/dags/daily_revenue_etl_dag.py took 0.190 seconds
[2026-04-09T09:37:22.745+0000] {processor.py:161} INFO - Started process (PID=1928) to work on /opt/airflow/dags/daily_revenue_etl_dag.py
[2026-04-09T09:37:22.747+0000] {processor.py:830} INFO - Processing file /opt/airflow/dags/daily_revenue_etl_dag.py for tasks to queue
[2026-04-09T09:37:22.748+0000] {logging_mixin.py:188} INFO - [2026-04-09T09:37:22.748+0000] {dagbag.py:538} INFO - Filling up the DagBag from /opt/airflow/dags/daily_revenue_etl_dag.py
[2026-04-09T09:37:22.770+0000] {processor.py:840} INFO - DAG(s) 'daily_revenue_etl_dag' retrieved from /opt/airflow/dags/daily_revenue_etl_dag.py
[2026-04-09T09:37:22.805+0000] {logging_mixin.py:188} INFO - [2026-04-09T09:37:22.805+0000] {dag.py:3036} INFO - Sync 1 DAGs
[2026-04-09T09:37:22.830+0000] {logging_mixin.py:188} INFO - [2026-04-09T09:37:22.830+0000] {dag.py:3823} INFO - Setting next_dagrun for daily_revenue_etl_dag to 2026-04-09 00:00:00+00:00, run_after=2026-04-10 00:00:00+00:00
[2026-04-09T09:37:22.852+0000] {processor.py:183} INFO - Processing /opt/airflow/dags/daily_revenue_etl_dag.py took 0.111 seconds
[2026-04-09T09:39:19.540+0000] {processor.py:161} INFO - Started process (PID=1934) to work on /opt/airflow/dags/daily_revenue_etl_dag.py
[2026-04-09T09:39:19.541+0000] {processor.py:830} INFO - Processing file /opt/airflow/dags/daily_revenue_etl_dag.py for tasks to queue
[2026-04-09T09:39:19.542+0000] {logging_mixin.py:188} INFO - [2026-04-09T09:39:19.541+0000] {dagbag.py:538} INFO - Filling up the DagBag from /opt/airflow/dags/daily_revenue_etl_dag.py
[2026-04-09T09:39:19.556+0000] {processor.py:840} INFO - DAG(s) 'daily_revenue_etl_dag' retrieved from /opt/airflow/dags/daily_revenue_etl_dag.py
[2026-04-09T09:39:19.576+0000] {logging_mixin.py:188} INFO - [2026-04-09T09:39:19.576+0000] {dag.py:3036} INFO - Sync 1 DAGs
[2026-04-09T09:39:19.594+0000] {logging_mixin.py:188} INFO - [2026-04-09T09:39:19.593+0000] {dag.py:3823} INFO - Setting next_dagrun for daily_revenue_etl_dag to 2026-04-09 00:00:00+00:00, run_after=2026-04-10 00:00:00+00:00
[2026-04-09T09:39:19.618+0000] {processor.py:183} INFO - Processing /opt/airflow/dags/daily_revenue_etl_dag.py took 0.081 seconds
[2026-04-09T09:40:32.980+0000] {processor.py:161} INFO - Started process (PID=1940) to work on /opt/airflow/dags/daily_revenue_etl_dag.py
[2026-04-09T09:40:32.981+0000] {processor.py:830} INFO - Processing file /opt/airflow/dags/daily_revenue_etl_dag.py for tasks to queue
[2026-04-09T09:40:32.981+0000] {logging_mixin.py:188} INFO - [2026-04-09T09:40:32.981+0000] {dagbag.py:538} INFO - Filling up the DagBag from /opt/airflow/dags/daily_revenue_etl_dag.py
[2026-04-09T09:40:32.998+0000] {processor.py:840} INFO - DAG(s) 'daily_revenue_etl_dag' retrieved from /opt/airflow/dags/daily_revenue_etl_dag.py
[2026-04-09T09:40:33.023+0000] {logging_mixin.py:188} INFO - [2026-04-09T09:40:33.022+0000] {dag.py:3036} INFO - Sync 1 DAGs
[2026-04-09T09:40:33.043+0000] {logging_mixin.py:188} INFO - [2026-04-09T09:40:33.042+0000] {dag.py:3823} INFO - Setting next_dagrun for daily_revenue_etl_dag to 2026-04-09 00:00:00+00:00, run_after=2026-04-10 00:00:00+00:00
[2026-04-09T09:40:33.058+0000] {processor.py:183} INFO - Processing /opt/airflow/dags/daily_revenue_etl_dag.py took 0.081 seconds
[2026-04-09T09:41:03.164+0000] {processor.py:161} INFO - Started process (PID=1946) to work on /opt/airflow/dags/daily_revenue_etl_dag.py
[2026-04-09T09:41:03.165+0000] {processor.py:830} INFO - Processing file /opt/airflow/dags/daily_revenue_etl_dag.py for tasks to queue
[2026-04-09T09:41:03.166+0000] {logging_mixin.py:188} INFO - [2026-04-09T09:41:03.166+0000] {dagbag.py:538} INFO - Filling up the DagBag from /opt/airflow/dags/daily_revenue_etl_dag.py
[2026-04-09T09:41:03.181+0000] {processor.py:840} INFO - DAG(s) 'daily_revenue_etl_dag' retrieved from /opt/airflow/dags/daily_revenue_etl_dag.py
[2026-04-09T09:41:03.204+0000] {logging_mixin.py:188} INFO - [2026-04-09T09:41:03.203+0000] {dag.py:3036} INFO - Sync 1 DAGs
[2026-04-09T09:41:03.222+0000] {logging_mixin.py:188} INFO - [2026-04-09T09:41:03.222+0000] {dag.py:3823} INFO - Setting next_dagrun for daily_revenue_etl_dag to 2026-04-09 00:00:00+00:00, run_after=2026-04-10 00:00:00+00:00
[2026-04-09T09:41:03.238+0000] {processor.py:183} INFO - Processing /opt/airflow/dags/daily_revenue_etl_dag.py took 0.077 seconds
[2026-04-09T09:41:49.501+0000] {processor.py:161} INFO - Started process (PID=1951) to work on /opt/airflow/dags/daily_revenue_etl_dag.py
[2026-04-09T09:41:49.502+0000] {processor.py:830} INFO - Processing file /opt/airflow/dags/daily_revenue_etl_dag.py for tasks to queue
[2026-04-09T09:41:49.503+0000] {logging_mixin.py:188} INFO - [2026-04-09T09:41:49.503+0000] {dagbag.py:538} INFO - Filling up the DagBag from /opt/airflow/dags/daily_revenue_etl_dag.py
[2026-04-09T09:41:49.519+0000] {processor.py:840} INFO - DAG(s) 'daily_revenue_etl_dag' retrieved from /opt/airflow/dags/daily_revenue_etl_dag.py
[2026-04-09T09:41:49.539+0000] {logging_mixin.py:188} INFO - [2026-04-09T09:41:49.538+0000] {dag.py:3036} INFO - Sync 1 DAGs
[2026-04-09T09:41:49.558+0000] {logging_mixin.py:188} INFO - [2026-04-09T09:41:49.558+0000] {dag.py:3823} INFO - Setting next_dagrun for daily_revenue_etl_dag to 2026-04-09 00:00:00+00:00, run_after=2026-04-10 00:00:00+00:00
[2026-04-09T09:41:49.572+0000] {processor.py:183} INFO - Processing /opt/airflow/dags/daily_revenue_etl_dag.py took 0.074 seconds
[2026-04-09T09:44:13.323+0000] {processor.py:161} INFO - Started process (PID=1957) to work on /opt/airflow/dags/daily_revenue_etl_dag.py
[2026-04-09T09:44:13.323+0000] {processor.py:830} INFO - Processing file /opt/airflow/dags/daily_revenue_etl_dag.py for tasks to queue
[2026-04-09T09:44:13.324+0000] {logging_mixin.py:188} INFO - [2026-04-09T09:44:13.324+0000] {dagbag.py:538} INFO - Filling up the DagBag from /opt/airflow/dags/daily_revenue_etl_dag.py
[2026-04-09T09:44:13.339+0000] {processor.py:840} INFO - DAG(s) 'daily_revenue_etl_dag' retrieved from /opt/airflow/dags/daily_revenue_etl_dag.py
[2026-04-09T09:44:13.358+0000] {logging_mixin.py:188} INFO - [2026-04-09T09:44:13.358+0000] {dag.py:3036} INFO - Sync 1 DAGs
[2026-04-09T09:44:13.376+0000] {logging_mixin.py:188} INFO - [2026-04-09T09:44:13.376+0000] {dag.py:3823} INFO - Setting next_dagrun for daily_revenue_etl_dag to 2026-04-09 00:00:00+00:00, run_after=2026-04-10 00:00:00+00:00
[2026-04-09T09:44:13.404+0000] {processor.py:183} INFO - Processing /opt/airflow/dags/daily_revenue_etl_dag.py took 0.084 seconds
[2026-04-09T09:44:43.506+0000] {processor.py:161} INFO - Started process (PID=1962) to work on /opt/airflow/dags/daily_revenue_etl_dag.py
[2026-04-09T09:44:43.507+0000] {processor.py:830} INFO - Processing file /opt/airflow/dags/daily_revenue_etl_dag.py for tasks to queue
[2026-04-09T09:44:43.508+0000] {logging_mixin.py:188} INFO - [2026-04-09T09:44:43.508+0000] {dagbag.py:538} INFO - Filling up the DagBag from /opt/airflow/dags/daily_revenue_etl_dag.py
[2026-04-09T09:44:43.522+0000] {processor.py:840} INFO - DAG(s) 'daily_revenue_etl_dag' retrieved from /opt/airflow/dags/daily_revenue_etl_dag.py
[2026-04-09T09:44:43.542+0000] {logging_mixin.py:188} INFO - [2026-04-09T09:44:43.542+0000] {dag.py:3036} INFO - Sync 1 DAGs
[2026-04-09T09:44:43.558+0000] {logging_mixin.py:188} INFO - [2026-04-09T09:44:43.558+0000] {dag.py:3823} INFO - Setting next_dagrun for daily_revenue_etl_dag to 2026-04-09 00:00:00+00:00, run_after=2026-04-10 00:00:00+00:00
[2026-04-09T09:44:43.582+0000] {processor.py:183} INFO - Processing /opt/airflow/dags/daily_revenue_etl_dag.py took 0.079 seconds
[2026-04-09T09:47:19.470+0000] {processor.py:161} INFO - Started process (PID=1967) to work on /opt/airflow/dags/daily_revenue_etl_dag.py
[2026-04-09T09:47:19.471+0000] {processor.py:830} INFO - Processing file /opt/airflow/dags/daily_revenue_etl_dag.py for tasks to queue
[2026-04-09T09:47:19.472+0000] {logging_mixin.py:188} INFO - [2026-04-09T09:47:19.471+0000] {dagbag.py:538} INFO - Filling up the DagBag from /opt/airflow/dags/daily_revenue_etl_dag.py
[2026-04-09T09:47:19.486+0000] {processor.py:840} INFO - DAG(s) 'daily_revenue_etl_dag' retrieved from /opt/airflow/dags/daily_revenue_etl_dag.py
[2026-04-09T09:47:19.505+0000] {logging_mixin.py:188} INFO - [2026-04-09T09:47:19.505+0000] {dag.py:3036} INFO - Sync 1 DAGs
[2026-04-09T09:47:19.522+0000] {logging_mixin.py:188} INFO - [2026-04-09T09:47:19.521+0000] {dag.py:3823} INFO - Setting next_dagrun for daily_revenue_etl_dag to 2026-04-09 00:00:00+00:00, run_after=2026-04-10 00:00:00+00:00
[2026-04-09T09:47:19.537+0000] {processor.py:183} INFO - Processing /opt/airflow/dags/daily_revenue_etl_dag.py took 0.069 seconds
[2026-04-09T09:47:49.647+0000] {processor.py:161} INFO - Started process (PID=1973) to work on /opt/airflow/dags/daily_revenue_etl_dag.py
[2026-04-09T09:47:49.648+0000] {processor.py:830} INFO - Processing file /opt/airflow/dags/daily_revenue_etl_dag.py for tasks to queue
[2026-04-09T09:47:49.649+0000] {logging_mixin.py:188} INFO - [2026-04-09T09:47:49.648+0000] {dagbag.py:538} INFO - Filling up the DagBag from /opt/airflow/dags/daily_revenue_etl_dag.py
[2026-04-09T09:47:49.664+0000] {processor.py:840} INFO - DAG(s) 'daily_revenue_etl_dag' retrieved from /opt/airflow/dags/daily_revenue_etl_dag.py
[2026-04-09T09:23:59.049+0000] {logging_mixin.py:188} INFO - [2026-04-09T09:23:59.049+0000] {dag.py:3036} INFO - Sync 1 DAGs
[2026-04-09T09:23:59.068+0000] {logging_mixin.py:188} INFO - [2026-04-09T09:23:59.068+0000] {dag.py:3823} INFO - Setting next_dagrun for daily_revenue_etl_dag to 2026-04-09 00:00:00+00:00, run_after=2026-04-10 00:00:00+00:00
[2026-04-09T09:23:59.082+0000] {processor.py:183} INFO - Processing /opt/airflow/dags/daily_revenue_etl_dag.py took 0.077 seconds
[2026-04-09T09:47:53.727+0000] {processor.py:161} INFO - Started process (PID=1978) to work on /opt/airflow/dags/daily_revenue_etl_dag.py
[2026-04-09T09:47:53.728+0000] {processor.py:830} INFO - Processing file /opt/airflow/dags/daily_revenue_etl_dag.py for tasks to queue
[2026-04-09T09:47:53.729+0000] {logging_mixin.py:188} INFO - [2026-04-09T09:47:53.728+0000] {dagbag.py:538} INFO - Filling up the DagBag from /opt/airflow/dags/daily_revenue_etl_dag.py
[2026-04-09T09:47:53.744+0000] {processor.py:840} INFO - DAG(s) 'daily_revenue_etl_dag' retrieved from /opt/airflow/dags/daily_revenue_etl_dag.py
[2026-04-09T09:47:53.762+0000] {logging_mixin.py:188} INFO - [2026-04-09T09:47:53.762+0000] {dag.py:3036} INFO - Sync 1 DAGs
[2026-04-09T09:47:53.780+0000] {logging_mixin.py:188} INFO - [2026-04-09T09:47:53.779+0000] {dag.py:3823} INFO - Setting next_dagrun for daily_revenue_etl_dag to 2026-04-09 00:00:00+00:00, run_after=2026-04-10 00:00:00+00:00
[2026-04-09T09:47:53.793+0000] {processor.py:183} INFO - Processing /opt/airflow/dags/daily_revenue_etl_dag.py took 0.070 seconds
[2026-04-09T09:48:23.934+0000] {processor.py:161} INFO - Started process (PID=1983) to work on /opt/airflow/dags/daily_revenue_etl_dag.py
[2026-04-09T09:48:23.935+0000] {processor.py:830} INFO - Processing file /opt/airflow/dags/daily_revenue_etl_dag.py for tasks to queue
[2026-04-09T09:48:23.936+0000] {logging_mixin.py:188} INFO - [2026-04-09T09:48:23.936+0000] {dagbag.py:538} INFO - Filling up the DagBag from /opt/airflow/dags/daily_revenue_etl_dag.py
[2026-04-09T09:48:23.951+0000] {processor.py:840} INFO - DAG(s) 'daily_revenue_etl_dag' retrieved from /opt/airflow/dags/daily_revenue_etl_dag.py
[2026-04-09T09:24:33.341+0000] {logging_mixin.py:188} INFO - [2026-04-09T09:24:33.340+0000] {dag.py:3036} INFO - Sync 1 DAGs
[2026-04-09T09:24:33.361+0000] {logging_mixin.py:188} INFO - [2026-04-09T09:24:33.360+0000] {dag.py:3823} INFO - Setting next_dagrun for daily_revenue_etl_dag to 2026-04-09 00:00:00+00:00, run_after=2026-04-10 00:00:00+00:00
[2026-04-09T09:24:33.375+0000] {processor.py:183} INFO - Processing /opt/airflow/dags/daily_revenue_etl_dag.py took 0.076 seconds
[2026-04-09T09:48:28.976+0000] {processor.py:161} INFO - Started process (PID=1988) to work on /opt/airflow/dags/daily_revenue_etl_dag.py
[2026-04-09T09:48:28.976+0000] {processor.py:830} INFO - Processing file /opt/airflow/dags/daily_revenue_etl_dag.py for tasks to queue
[2026-04-09T09:48:28.977+0000] {logging_mixin.py:188} INFO - [2026-04-09T09:48:28.977+0000] {dagbag.py:538} INFO - Filling up the DagBag from /opt/airflow/dags/daily_revenue_etl_dag.py
[2026-04-09T09:48:28.992+0000] {processor.py:840} INFO - DAG(s) 'daily_revenue_etl_dag' retrieved from /opt/airflow/dags/daily_revenue_etl_dag.py
[2026-04-09T09:24:38.375+0000] {logging_mixin.py:188} INFO - [2026-04-09T09:24:38.375+0000] {dag.py:3036} INFO - Sync 1 DAGs
[2026-04-09T09:24:38.394+0000] {logging_mixin.py:188} INFO - [2026-04-09T09:24:38.394+0000] {dag.py:3823} INFO - Setting next_dagrun for daily_revenue_etl_dag to 2026-04-09 00:00:00+00:00, run_after=2026-04-10 00:00:00+00:00
[2026-04-09T09:24:38.409+0000] {processor.py:183} INFO - Processing /opt/airflow/dags/daily_revenue_etl_dag.py took 0.076 seconds
[2026-04-09T09:48:43.963+0000] {processor.py:161} INFO - Started process (PID=1994) to work on /opt/airflow/dags/daily_revenue_etl_dag.py
[2026-04-09T09:48:43.964+0000] {processor.py:830} INFO - Processing file /opt/airflow/dags/daily_revenue_etl_dag.py for tasks to queue
[2026-04-09T09:48:43.964+0000] {logging_mixin.py:188} INFO - [2026-04-09T09:48:43.964+0000] {dagbag.py:538} INFO - Filling up the DagBag from /opt/airflow/dags/daily_revenue_etl_dag.py
[2026-04-09T09:48:43.979+0000] {processor.py:840} INFO - DAG(s) 'daily_revenue_etl_dag' retrieved from /opt/airflow/dags/daily_revenue_etl_dag.py
[2026-04-09T09:48:43.998+0000] {logging_mixin.py:188} INFO - [2026-04-09T09:48:43.998+0000] {dag.py:3036} INFO - Sync 1 DAGs
[2026-04-09T09:48:44.014+0000] {logging_mixin.py:188} INFO - [2026-04-09T09:48:44.014+0000] {dag.py:3823} INFO - Setting next_dagrun for daily_revenue_etl_dag to 2026-04-09 00:00:00+00:00, run_after=2026-04-10 00:00:00+00:00
[2026-04-09T09:48:44.031+0000] {processor.py:183} INFO - Processing /opt/airflow/dags/daily_revenue_etl_dag.py took 0.071 seconds
[2026-04-09T09:49:14.145+0000] {processor.py:161} INFO - Started process (PID=1999) to work on /opt/airflow/dags/daily_revenue_etl_dag.py
[2026-04-09T09:49:14.145+0000] {processor.py:830} INFO - Processing file /opt/airflow/dags/daily_revenue_etl_dag.py for tasks to queue
[2026-04-09T09:49:14.146+0000] {logging_mixin.py:188} INFO - [2026-04-09T09:49:14.146+0000] {dagbag.py:538} INFO - Filling up the DagBag from /opt/airflow/dags/daily_revenue_etl_dag.py
[2026-04-09T09:25:23.490+0000] {processor.py:840} INFO - DAG(s) 'daily_revenue_etl_dag' retrieved from /opt/airflow/dags/daily_revenue_etl_dag.py
[2026-04-09T09:25:23.514+0000] {logging_mixin.py:188} INFO - [2026-04-09T09:25:23.514+0000] {dag.py:3036} INFO - Sync 1 DAGs
[2026-04-09T09:25:23.531+0000] {logging_mixin.py:188} INFO - [2026-04-09T09:25:23.531+0000] {dag.py:3823} INFO - Setting next_dagrun for daily_revenue_etl_dag to 2026-04-09 00:00:00+00:00, run_after=2026-04-10 00:00:00+00:00
[2026-04-09T09:25:23.546+0000] {processor.py:183} INFO - Processing /opt/airflow/dags/daily_revenue_etl_dag.py took 0.079 seconds
[2026-04-09T09:49:19.277+0000] {processor.py:161} INFO - Started process (PID=2004) to work on /opt/airflow/dags/daily_revenue_etl_dag.py
[2026-04-09T09:49:19.278+0000] {processor.py:830} INFO - Processing file /opt/airflow/dags/daily_revenue_etl_dag.py for tasks to queue
[2026-04-09T09:49:19.279+0000] {logging_mixin.py:188} INFO - [2026-04-09T09:49:19.279+0000] {dagbag.py:538} INFO - Filling up the DagBag from /opt/airflow/dags/daily_revenue_etl_dag.py
[2026-04-09T09:49:19.293+0000] {processor.py:840} INFO - DAG(s) 'daily_revenue_etl_dag' retrieved from /opt/airflow/dags/daily_revenue_etl_dag.py
[2026-04-09T09:49:19.313+0000] {logging_mixin.py:188} INFO - [2026-04-09T09:49:19.313+0000] {dag.py:3036} INFO - Sync 1 DAGs
[2026-04-09T09:49:19.330+0000] {logging_mixin.py:188} INFO - [2026-04-09T09:49:19.330+0000] {dag.py:3823} INFO - Setting next_dagrun for daily_revenue_etl_dag to 2026-04-09 00:00:00+00:00, run_after=2026-04-10 00:00:00+00:00
[2026-04-09T09:49:19.345+0000] {processor.py:183} INFO - Processing /opt/airflow/dags/daily_revenue_etl_dag.py took 0.070 seconds
[2026-04-09T09:49:49.455+0000] {processor.py:161} INFO - Started process (PID=2009) to work on /opt/airflow/dags/daily_revenue_etl_dag.py
[2026-04-09T09:49:49.456+0000] {processor.py:830} INFO - Processing file /opt/airflow/dags/daily_revenue_etl_dag.py for tasks to queue
[2026-04-09T09:49:49.457+0000] {logging_mixin.py:188} INFO - [2026-04-09T09:49:49.457+0000] {dagbag.py:538} INFO - Filling up the DagBag from /opt/airflow/dags/daily_revenue_etl_dag.py
[2026-04-09T09:25:58.841+0000] {processor.py:840} INFO - DAG(s) 'daily_revenue_etl_dag' retrieved from /opt/airflow/dags/daily_revenue_etl_dag.py
[2026-04-09T09:25:58.867+0000] {logging_mixin.py:188} INFO - [2026-04-09T09:25:58.866+0000] {dag.py:3036} INFO - Sync 1 DAGs
[2026-04-09T09:25:58.884+0000] {logging_mixin.py:188} INFO - [2026-04-09T09:25:58.884+0000] {dag.py:3823} INFO - Setting next_dagrun for daily_revenue_etl_dag to 2026-04-09 00:00:00+00:00, run_after=2026-04-10 00:00:00+00:00
[2026-04-09T09:25:58.901+0000] {processor.py:183} INFO - Processing /opt/airflow/dags/daily_revenue_etl_dag.py took 0.087 seconds
[2026-04-09T09:50:19.683+0000] {processor.py:161} INFO - Started process (PID=2014) to work on /opt/airflow/dags/daily_revenue_etl_dag.py
[2026-04-09T09:50:19.684+0000] {processor.py:830} INFO - Processing file /opt/airflow/dags/daily_revenue_etl_dag.py for tasks to queue
[2026-04-09T09:50:19.686+0000] {logging_mixin.py:188} INFO - [2026-04-09T09:50:19.685+0000] {dagbag.py:538} INFO - Filling up the DagBag from /opt/airflow/dags/daily_revenue_etl_dag.py
[2026-04-09T09:50:19.709+0000] {processor.py:840} INFO - DAG(s) 'daily_revenue_etl_dag' retrieved from /opt/airflow/dags/daily_revenue_etl_dag.py
[2026-04-09T09:50:19.741+0000] {logging_mixin.py:188} INFO - [2026-04-09T09:50:19.740+0000] {dag.py:3036} INFO - Sync 1 DAGs
[2026-04-09T09:50:19.767+0000] {logging_mixin.py:188} INFO - [2026-04-09T09:50:19.766+0000] {dag.py:3823} INFO - Setting next_dagrun for daily_revenue_etl_dag to 2026-04-09 00:00:00+00:00, run_after=2026-04-10 00:00:00+00:00
[2026-04-09T09:50:19.786+0000] {processor.py:183} INFO - Processing /opt/airflow/dags/daily_revenue_etl_dag.py took 0.107 seconds
[2026-04-09T09:51:04.037+0000] {processor.py:161} INFO - Started process (PID=2023) to work on /opt/airflow/dags/daily_revenue_etl_dag.py
[2026-04-09T09:51:04.038+0000] {processor.py:830} INFO - Processing file /opt/airflow/dags/daily_revenue_etl_dag.py for tasks to queue
[2026-04-09T09:51:04.039+0000] {logging_mixin.py:188} INFO - [2026-04-09T09:51:04.038+0000] {dagbag.py:538} INFO - Filling up the DagBag from /opt/airflow/dags/daily_revenue_etl_dag.py
[2026-04-09T09:51:04.054+0000] {processor.py:840} INFO - DAG(s) 'daily_revenue_etl_dag' retrieved from /opt/airflow/dags/daily_revenue_etl_dag.py
[2026-04-09T09:51:04.074+0000] {logging_mixin.py:188} INFO - [2026-04-09T09:51:04.074+0000] {dag.py:3036} INFO - Sync 1 DAGs
[2026-04-09T09:51:04.091+0000] {logging_mixin.py:188} INFO - [2026-04-09T09:51:04.090+0000] {dag.py:3823} INFO - Setting next_dagrun for daily_revenue_etl_dag to 2026-04-09 00:00:00+00:00, run_after=2026-04-10 00:00:00+00:00
[2026-04-09T09:51:04.115+0000] {processor.py:183} INFO - Processing /opt/airflow/dags/daily_revenue_etl_dag.py took 0.081 seconds
[2026-04-09T09:51:34.213+0000] {processor.py:161} INFO - Started process (PID=2028) to work on /opt/airflow/dags/daily_revenue_etl_dag.py
[2026-04-09T09:51:34.214+0000] {processor.py:830} INFO - Processing file /opt/airflow/dags/daily_revenue_etl_dag.py for tasks to queue
[2026-04-09T09:51:34.215+0000] {logging_mixin.py:188} INFO - [2026-04-09T09:51:34.214+0000] {dagbag.py:538} INFO - Filling up the DagBag from /opt/airflow/dags/daily_revenue_etl_dag.py
[2026-04-09T09:51:34.230+0000] {processor.py:840} INFO - DAG(s) 'daily_revenue_etl_dag' retrieved from /opt/airflow/dags/daily_revenue_etl_dag.py
[2026-04-09T09:51:34.252+0000] {logging_mixin.py:188} INFO - [2026-04-09T09:51:34.251+0000] {dag.py:3036} INFO - Sync 1 DAGs
[2026-04-09T09:51:34.268+0000] {logging_mixin.py:188} INFO - [2026-04-09T09:51:34.267+0000] {dag.py:3823} INFO - Setting next_dagrun for daily_revenue_etl_dag to 2026-04-09 00:00:00+00:00, run_after=2026-04-10 00:00:00+00:00
[2026-04-09T09:27:43.648+0000] {processor.py:183} INFO - Processing /opt/airflow/dags/daily_revenue_etl_dag.py took 0.072 seconds
[2026-04-09T09:27:48.670+0000] {processor.py:161} INFO - Started process (PID=2033) to work on /opt/airflow/dags/daily_revenue_etl_dag.py
[2026-04-09T09:27:48.671+0000] {processor.py:830} INFO - Processing file /opt/airflow/dags/daily_revenue_etl_dag.py for tasks to queue
[2026-04-09T09:27:48.671+0000] {logging_mixin.py:188} INFO - [2026-04-09T09:27:48.671+0000] {dagbag.py:538} INFO - Filling up the DagBag from /opt/airflow/dags/daily_revenue_etl_dag.py
[2026-04-09T09:27:48.687+0000] {processor.py:840} INFO - DAG(s) 'daily_revenue_etl_dag' retrieved from /opt/airflow/dags/daily_revenue_etl_dag.py
[2026-04-09T09:27:48.709+0000] {logging_mixin.py:188} INFO - [2026-04-09T09:27:48.709+0000] {dag.py:3036} INFO - Sync 1 DAGs
[2026-04-09T09:27:48.725+0000] {logging_mixin.py:188} INFO - [2026-04-09T09:27:48.725+0000] {dag.py:3823} INFO - Setting next_dagrun for daily_revenue_etl_dag to 2026-04-09 00:00:00+00:00, run_after=2026-04-10 00:00:00+00:00
[2026-04-09T09:27:48.741+0000] {processor.py:183} INFO - Processing /opt/airflow/dags/daily_revenue_etl_dag.py took 0.074 seconds
[2026-04-09T09:51:44.365+0000] {processor.py:161} INFO - Started process (PID=2038) to work on /opt/airflow/dags/daily_revenue_etl_dag.py
[2026-04-09T09:51:44.367+0000] {processor.py:830} INFO - Processing file /opt/airflow/dags/daily_revenue_etl_dag.py for tasks to queue
[2026-04-09T09:51:44.368+0000] {logging_mixin.py:188} INFO - [2026-04-09T09:51:44.367+0000] {dagbag.py:538} INFO - Filling up the DagBag from /opt/airflow/dags/daily_revenue_etl_dag.py
[2026-04-09T09:27:53.784+0000] {processor.py:840} INFO - DAG(s) 'daily_revenue_etl_dag' retrieved from /opt/airflow/dags/daily_revenue_etl_dag.py
[2026-04-09T09:27:53.805+0000] {logging_mixin.py:188} INFO - [2026-04-09T09:27:53.805+0000] {dag.py:3036} INFO - Sync 1 DAGs
[2026-04-09T09:27:53.821+0000] {logging_mixin.py:188} INFO - [2026-04-09T09:27:53.821+0000] {dag.py:3823} INFO - Setting next_dagrun for daily_revenue_etl_dag to 2026-04-09 00:00:00+00:00, run_after=2026-04-10 00:00:00+00:00
[2026-04-09T09:27:53.835+0000] {processor.py:183} INFO - Processing /opt/airflow/dags/daily_revenue_etl_dag.py took 0.074 seconds
[2026-04-09T09:51:49.463+0000] {processor.py:161} INFO - Started process (PID=2043) to work on /opt/airflow/dags/daily_revenue_etl_dag.py
[2026-04-09T09:51:49.464+0000] {processor.py:830} INFO - Processing file /opt/airflow/dags/daily_revenue_etl_dag.py for tasks to queue
[2026-04-09T09:51:49.464+0000] {logging_mixin.py:188} INFO - [2026-04-09T09:51:49.464+0000] {dagbag.py:538} INFO - Filling up the DagBag from /opt/airflow/dags/daily_revenue_etl_dag.py
[2026-04-09T09:51:49.480+0000] {processor.py:840} INFO - DAG(s) 'daily_revenue_etl_dag' retrieved from /opt/airflow/dags/daily_revenue_etl_dag.py
[2026-04-09T09:51:49.500+0000] {logging_mixin.py:188} INFO - [2026-04-09T09:51:49.500+0000] {dag.py:3036} INFO - Sync 1 DAGs
[2026-04-09T09:27:58.861+0000] {logging_mixin.py:188} INFO - [2026-04-09T09:27:58.860+0000] {dag.py:3823} INFO - Setting next_dagrun for daily_revenue_etl_dag to 2026-04-09 00:00:00+00:00, run_after=2026-04-10 00:00:00+00:00
[2026-04-09T09:27:58.876+0000] {processor.py:183} INFO - Processing /opt/airflow/dags/daily_revenue_etl_dag.py took 0.072 seconds
[2026-04-09T09:28:29.014+0000] {processor.py:161} INFO - Started process (PID=2048) to work on /opt/airflow/dags/daily_revenue_etl_dag.py
[2026-04-09T09:28:29.015+0000] {processor.py:830} INFO - Processing file /opt/airflow/dags/daily_revenue_etl_dag.py for tasks to queue
[2026-04-09T09:28:29.016+0000] {logging_mixin.py:188} INFO - [2026-04-09T09:28:29.015+0000] {dagbag.py:538} INFO - Filling up the DagBag from /opt/airflow/dags/daily_revenue_etl_dag.py
[2026-04-09T09:28:29.030+0000] {processor.py:840} INFO - DAG(s) 'daily_revenue_etl_dag' retrieved from /opt/airflow/dags/daily_revenue_etl_dag.py
[2026-04-09T09:28:29.053+0000] {logging_mixin.py:188} INFO - [2026-04-09T09:28:29.053+0000] {dag.py:3036} INFO - Sync 1 DAGs
[2026-04-09T09:28:29.072+0000] {logging_mixin.py:188} INFO - [2026-04-09T09:28:29.072+0000] {dag.py:3823} INFO - Setting next_dagrun for daily_revenue_etl_dag to 2026-04-09 00:00:00+00:00, run_after=2026-04-10 00:00:00+00:00
[2026-04-09T09:28:29.088+0000] {processor.py:183} INFO - Processing /opt/airflow/dags/daily_revenue_etl_dag.py took 0.076 seconds
[2026-04-09T09:28:59.216+0000] {processor.py:161} INFO - Started process (PID=2053) to work on /opt/airflow/dags/daily_revenue_etl_dag.py
[2026-04-09T09:28:59.216+0000] {processor.py:830} INFO - Processing file /opt/airflow/dags/daily_revenue_etl_dag.py for tasks to queue
[2026-04-09T09:28:59.217+0000] {logging_mixin.py:188} INFO - [2026-04-09T09:28:59.217+0000] {dagbag.py:538} INFO - Filling up the DagBag from /opt/airflow/dags/daily_revenue_etl_dag.py
[2026-04-09T09:28:59.232+0000] {processor.py:840} INFO - DAG(s) 'daily_revenue_etl_dag' retrieved from /opt/airflow/dags/daily_revenue_etl_dag.py
[2026-04-09T09:28:59.255+0000] {logging_mixin.py:188} INFO - [2026-04-09T09:28:59.255+0000] {dag.py:3036} INFO - Sync 1 DAGs
[2026-04-09T09:28:59.273+0000] {logging_mixin.py:188} INFO - [2026-04-09T09:28:59.273+0000] {dag.py:3823} INFO - Setting next_dagrun for daily_revenue_etl_dag to 2026-04-09 00:00:00+00:00, run_after=2026-04-10 00:00:00+00:00
[2026-04-09T09:28:59.289+0000] {processor.py:183} INFO - Processing /opt/airflow/dags/daily_revenue_etl_dag.py took 0.076 seconds
[2026-04-09T09:29:29.404+0000] {processor.py:161} INFO - Started process (PID=2058) to work on /opt/airflow/dags/daily_revenue_etl_dag.py
[2026-04-09T09:29:29.405+0000] {processor.py:830} INFO - Processing file /opt/airflow/dags/daily_revenue_etl_dag.py for tasks to queue
[2026-04-09T09:29:29.406+0000] {logging_mixin.py:188} INFO - [2026-04-09T09:29:29.406+0000] {dagbag.py:538} INFO - Filling up the DagBag from /opt/airflow/dags/daily_revenue_etl_dag.py
[2026-04-09T09:29:29.423+0000] {processor.py:840} INFO - DAG(s) 'daily_revenue_etl_dag' retrieved from /opt/airflow/dags/daily_revenue_etl_dag.py
[2026-04-09T09:29:29.447+0000] {logging_mixin.py:188} INFO - [2026-04-09T09:29:29.446+0000] {dag.py:3036} INFO - Sync 1 DAGs
[2026-04-09T09:29:29.468+0000] {logging_mixin.py:188} INFO - [2026-04-09T09:29:29.468+0000] {dag.py:3823} INFO - Setting next_dagrun for daily_revenue_etl_dag to 2026-04-09 00:00:00+00:00, run_after=2026-04-10 00:00:00+00:00
[2026-04-09T09:29:29.486+0000] {processor.py:183} INFO - Processing /opt/airflow/dags/daily_revenue_etl_dag.py took 0.084 seconds
[2026-04-09T09:53:49.291+0000] {processor.py:161} INFO - Started process (PID=2063) to work on /opt/airflow/dags/daily_revenue_etl_dag.py
[2026-04-09T09:53:49.292+0000] {processor.py:830} INFO - Processing file /opt/airflow/dags/daily_revenue_etl_dag.py for tasks to queue
[2026-04-09T09:53:49.293+0000] {logging_mixin.py:188} INFO - [2026-04-09T09:53:49.293+0000] {dagbag.py:538} INFO - Filling up the DagBag from /opt/airflow/dags/daily_revenue_etl_dag.py
[2026-04-09T09:53:49.310+0000] {processor.py:840} INFO - DAG(s) 'daily_revenue_etl_dag' retrieved from /opt/airflow/dags/daily_revenue_etl_dag.py
[2026-04-09T09:53:49.336+0000] {logging_mixin.py:188} INFO - [2026-04-09T09:53:49.335+0000] {dag.py:3036} INFO - Sync 1 DAGs
[2026-04-09T09:53:49.355+0000] {logging_mixin.py:188} INFO - [2026-04-09T09:53:49.355+0000] {dag.py:3823} INFO - Setting next_dagrun for daily_revenue_etl_dag to 2026-04-09 00:00:00+00:00, run_after=2026-04-10 00:00:00+00:00
[2026-04-09T09:53:49.369+0000] {processor.py:183} INFO - Processing /opt/airflow/dags/daily_revenue_etl_dag.py took 0.081 seconds
[2026-04-09T09:54:19.467+0000] {processor.py:161} INFO - Started process (PID=2069) to work on /opt/airflow/dags/daily_revenue_etl_dag.py
[2026-04-09T09:54:19.468+0000] {processor.py:830} INFO - Processing file /opt/airflow/dags/daily_revenue_etl_dag.py for tasks to queue
[2026-04-09T09:54:19.469+0000] {logging_mixin.py:188} INFO - [2026-04-09T09:54:19.469+0000] {dagbag.py:538} INFO - Filling up the DagBag from /opt/airflow/dags/daily_revenue_etl_dag.py
[2026-04-09T09:54:19.485+0000] {processor.py:840} INFO - DAG(s) 'daily_revenue_etl_dag' retrieved from /opt/airflow/dags/daily_revenue_etl_dag.py
[2026-04-09T09:30:28.870+0000] {logging_mixin.py:188} INFO - [2026-04-09T09:30:28.869+0000] {dag.py:3036} INFO - Sync 1 DAGs
[2026-04-09T09:30:28.889+0000] {logging_mixin.py:188} INFO - [2026-04-09T09:30:28.889+0000] {dag.py:3823} INFO - Setting next_dagrun for daily_revenue_etl_dag to 2026-04-09 00:00:00+00:00, run_after=2026-04-10 00:00:00+00:00
[2026-04-09T09:30:28.904+0000] {processor.py:183} INFO - Processing /opt/airflow/dags/daily_revenue_etl_dag.py took 0.078 seconds
[2026-04-09T09:54:24.564+0000] {processor.py:161} INFO - Started process (PID=2074) to work on /opt/airflow/dags/daily_revenue_etl_dag.py
[2026-04-09T09:54:24.565+0000] {processor.py:830} INFO - Processing file /opt/airflow/dags/daily_revenue_etl_dag.py for tasks to queue
[2026-04-09T09:54:24.566+0000] {logging_mixin.py:188} INFO - [2026-04-09T09:54:24.565+0000] {dagbag.py:538} INFO - Filling up the DagBag from /opt/airflow/dags/daily_revenue_etl_dag.py
[2026-04-09T09:54:24.580+0000] {processor.py:840} INFO - DAG(s) 'daily_revenue_etl_dag' retrieved from /opt/airflow/dags/daily_revenue_etl_dag.py
[2026-04-09T09:54:24.601+0000] {logging_mixin.py:188} INFO - [2026-04-09T09:54:24.601+0000] {dag.py:3036} INFO - Sync 1 DAGs
[2026-04-09T09:54:24.620+0000] {logging_mixin.py:188} INFO - [2026-04-09T09:54:24.620+0000] {dag.py:3823} INFO - Setting next_dagrun for daily_revenue_etl_dag to 2026-04-09 00:00:00+00:00, run_after=2026-04-10 00:00:00+00:00
[2026-04-09T09:54:24.646+0000] {processor.py:183} INFO - Processing /opt/airflow/dags/daily_revenue_etl_dag.py took 0.085 seconds
[2026-04-09T09:56:49.419+0000] {processor.py:161} INFO - Started process (PID=2080) to work on /opt/airflow/dags/daily_revenue_etl_dag.py
[2026-04-09T09:56:49.421+0000] {processor.py:830} INFO - Processing file /opt/airflow/dags/daily_revenue_etl_dag.py for tasks to queue
[2026-04-09T09:56:49.421+0000] {logging_mixin.py:188} INFO - [2026-04-09T09:56:49.421+0000] {dagbag.py:538} INFO - Filling up the DagBag from /opt/airflow/dags/daily_revenue_etl_dag.py
[2026-04-09T09:56:49.439+0000] {processor.py:840} INFO - DAG(s) 'daily_revenue_etl_dag' retrieved from /opt/airflow/dags/daily_revenue_etl_dag.py
[2026-04-09T09:56:49.463+0000] {logging_mixin.py:188} INFO - [2026-04-09T09:56:49.463+0000] {dag.py:3036} INFO - Sync 1 DAGs
[2026-04-09T09:56:49.482+0000] {logging_mixin.py:188} INFO - [2026-04-09T09:56:49.482+0000] {dag.py:3823} INFO - Setting next_dagrun for daily_revenue_etl_dag to 2026-04-09 00:00:00+00:00, run_after=2026-04-10 00:00:00+00:00
[2026-04-09T09:56:49.498+0000] {processor.py:183} INFO - Processing /opt/airflow/dags/daily_revenue_etl_dag.py took 0.082 seconds
[2026-04-09T09:57:39.745+0000] {processor.py:161} INFO - Started process (PID=2087) to work on /opt/airflow/dags/daily_revenue_etl_dag.py
[2026-04-09T09:57:39.746+0000] {processor.py:830} INFO - Processing file /opt/airflow/dags/daily_revenue_etl_dag.py for tasks to queue
[2026-04-09T09:57:39.747+0000] {logging_mixin.py:188} INFO - [2026-04-09T09:57:39.747+0000] {dagbag.py:538} INFO - Filling up the DagBag from /opt/airflow/dags/daily_revenue_etl_dag.py
[2026-04-09T09:57:39.766+0000] {processor.py:840} INFO - DAG(s) 'daily_revenue_etl_dag' retrieved from /opt/airflow/dags/daily_revenue_etl_dag.py
[2026-04-09T09:57:39.789+0000] {logging_mixin.py:188} INFO - [2026-04-09T09:57:39.789+0000] {dag.py:3036} INFO - Sync 1 DAGs
[2026-04-09T09:57:39.807+0000] {logging_mixin.py:188} INFO - [2026-04-09T09:57:39.806+0000] {dag.py:3823} INFO - Setting next_dagrun for daily_revenue_etl_dag to 2026-04-09 00:00:00+00:00, run_after=2026-04-10 00:00:00+00:00
[2026-04-09T09:57:39.822+0000] {processor.py:183} INFO - Processing /opt/airflow/dags/daily_revenue_etl_dag.py took 0.079 seconds
[2026-04-09T09:58:09.928+0000] {processor.py:161} INFO - Started process (PID=2092) to work on /opt/airflow/dags/daily_revenue_etl_dag.py
[2026-04-09T09:58:09.930+0000] {processor.py:830} INFO - Processing file /opt/airflow/dags/daily_revenue_etl_dag.py for tasks to queue
[2026-04-09T09:58:09.930+0000] {logging_mixin.py:188} INFO - [2026-04-09T09:58:09.930+0000] {dagbag.py:538} INFO - Filling up the DagBag from /opt/airflow/dags/daily_revenue_etl_dag.py
[2026-04-09T09:58:09.946+0000] {processor.py:840} INFO - DAG(s) 'daily_revenue_etl_dag' retrieved from /opt/airflow/dags/daily_revenue_etl_dag.py
[2026-04-09T09:58:09.971+0000] {logging_mixin.py:188} INFO - [2026-04-09T09:58:09.971+0000] {dag.py:3036} INFO - Sync 1 DAGs
[2026-04-09T09:58:09.988+0000] {logging_mixin.py:188} INFO - [2026-04-09T09:58:09.988+0000] {dag.py:3823} INFO - Setting next_dagrun for daily_revenue_etl_dag to 2026-04-09 00:00:00+00:00, run_after=2026-04-10 00:00:00+00:00
[2026-04-09T09:58:10.003+0000] {processor.py:183} INFO - Processing /opt/airflow/dags/daily_revenue_etl_dag.py took 0.077 seconds
[2026-04-09T09:34:49.493+0000] {processor.py:161} INFO - Started process (PID=2098) to work on /opt/airflow/dags/daily_revenue_etl_dag.py
[2026-04-09T09:34:49.494+0000] {processor.py:830} INFO - Processing file /opt/airflow/dags/daily_revenue_etl_dag.py for tasks to queue
[2026-04-09T09:34:49.495+0000] {logging_mixin.py:188} INFO - [2026-04-09T09:34:49.495+0000] {dagbag.py:538} INFO - Filling up the DagBag from /opt/airflow/dags/daily_revenue_etl_dag.py
[2026-04-09T09:34:49.514+0000] {processor.py:840} INFO - DAG(s) 'daily_revenue_etl_dag' retrieved from /opt/airflow/dags/daily_revenue_etl_dag.py
[2026-04-09T09:34:49.538+0000] {logging_mixin.py:188} INFO - [2026-04-09T09:34:49.537+0000] {dag.py:3036} INFO - Sync 1 DAGs
[2026-04-09T09:34:49.555+0000] {logging_mixin.py:188} INFO - [2026-04-09T09:34:49.555+0000] {dag.py:3823} INFO - Setting next_dagrun for daily_revenue_etl_dag to 2026-04-09 00:00:00+00:00, run_after=2026-04-10 00:00:00+00:00
[2026-04-09T09:34:49.569+0000] {processor.py:183} INFO - Processing /opt/airflow/dags/daily_revenue_etl_dag.py took 0.079 seconds
[2026-04-09T09:58:45.195+0000] {processor.py:161} INFO - Started process (PID=2103) to work on /opt/airflow/dags/daily_revenue_etl_dag.py
[2026-04-09T09:58:45.196+0000] {processor.py:830} INFO - Processing file /opt/airflow/dags/daily_revenue_etl_dag.py for tasks to queue
[2026-04-09T09:58:45.197+0000] {logging_mixin.py:188} INFO - [2026-04-09T09:58:45.197+0000] {dagbag.py:538} INFO - Filling up the DagBag from /opt/airflow/dags/daily_revenue_etl_dag.py
[2026-04-09T09:58:45.213+0000] {processor.py:840} INFO - DAG(s) 'daily_revenue_etl_dag' retrieved from /opt/airflow/dags/daily_revenue_etl_dag.py
[2026-04-09T09:34:54.522+0000] {logging_mixin.py:188} INFO - [2026-04-09T09:34:54.521+0000] {dag.py:3036} INFO - Sync 1 DAGs
[2026-04-09T09:34:54.542+0000] {logging_mixin.py:188} INFO - [2026-04-09T09:34:54.542+0000] {dag.py:3823} INFO - Setting next_dagrun for daily_revenue_etl_dag to 2026-04-09 00:00:00+00:00, run_after=2026-04-10 00:00:00+00:00
[2026-04-09T09:34:54.558+0000] {processor.py:183} INFO - Processing /opt/airflow/dags/daily_revenue_etl_dag.py took 0.078 seconds
[2026-04-09T09:58:49.321+0000] {processor.py:161} INFO - Started process (PID=2108) to work on /opt/airflow/dags/daily_revenue_etl_dag.py
[2026-04-09T09:58:49.322+0000] {processor.py:830} INFO - Processing file /opt/airflow/dags/daily_revenue_etl_dag.py for tasks to queue
[2026-04-09T09:58:49.323+0000] {logging_mixin.py:188} INFO - [2026-04-09T09:58:49.323+0000] {dagbag.py:538} INFO - Filling up the DagBag from /opt/airflow/dags/daily_revenue_etl_dag.py
[2026-04-09T09:58:49.340+0000] {processor.py:840} INFO - DAG(s) 'daily_revenue_etl_dag' retrieved from /opt/airflow/dags/daily_revenue_etl_dag.py
[2026-04-09T09:58:49.362+0000] {logging_mixin.py:188} INFO - [2026-04-09T09:58:49.362+0000] {dag.py:3036} INFO - Sync 1 DAGs
[2026-04-09T09:58:49.380+0000] {logging_mixin.py:188} INFO - [2026-04-09T09:58:49.380+0000] {dag.py:3823} INFO - Setting next_dagrun for daily_revenue_etl_dag to 2026-04-09 00:00:00+00:00, run_after=2026-04-10 00:00:00+00:00
[2026-04-09T09:58:49.400+0000] {processor.py:183} INFO - Processing /opt/airflow/dags/daily_revenue_etl_dag.py took 0.082 seconds
[2026-04-09T09:59:19.503+0000] {processor.py:161} INFO - Started process (PID=2114) to work on /opt/airflow/dags/daily_revenue_etl_dag.py
[2026-04-09T09:59:19.504+0000] {processor.py:830} INFO - Processing file /opt/airflow/dags/daily_revenue_etl_dag.py for tasks to queue
[2026-04-09T09:59:19.505+0000] {logging_mixin.py:188} INFO - [2026-04-09T09:59:19.505+0000] {dagbag.py:538} INFO - Filling up the DagBag from /opt/airflow/dags/daily_revenue_etl_dag.py
[2026-04-09T09:59:19.520+0000] {processor.py:840} INFO - DAG(s) 'daily_revenue_etl_dag' retrieved from /opt/airflow/dags/daily_revenue_etl_dag.py
[2026-04-09T09:35:28.912+0000] {logging_mixin.py:188} INFO - [2026-04-09T09:35:28.912+0000] {dag.py:3036} INFO - Sync 1 DAGs
[2026-04-09T09:35:28.932+0000] {logging_mixin.py:188} INFO - [2026-04-09T09:35:28.932+0000] {dag.py:3823} INFO - Setting next_dagrun for daily_revenue_etl_dag to 2026-04-09 00:00:00+00:00, run_after=2026-04-10 00:00:00+00:00
[2026-04-09T09:35:28.947+0000] {processor.py:183} INFO - Processing /opt/airflow/dags/daily_revenue_etl_dag.py took 0.082 seconds
[2026-04-09T09:35:59.110+0000] {processor.py:161} INFO - Started process (PID=2119) to work on /opt/airflow/dags/daily_revenue_etl_dag.py
[2026-04-09T09:35:59.111+0000] {processor.py:830} INFO - Processing file /opt/airflow/dags/daily_revenue_etl_dag.py for tasks to queue
[2026-04-09T09:35:59.111+0000] {logging_mixin.py:188} INFO - [2026-04-09T09:35:59.111+0000] {dagbag.py:538} INFO - Filling up the DagBag from /opt/airflow/dags/daily_revenue_etl_dag.py
[2026-04-09T09:35:59.127+0000] {processor.py:840} INFO - DAG(s) 'daily_revenue_etl_dag' retrieved from /opt/airflow/dags/daily_revenue_etl_dag.py
[2026-04-09T09:35:59.150+0000] {logging_mixin.py:188} INFO - [2026-04-09T09:35:59.150+0000] {dag.py:3036} INFO - Sync 1 DAGs
[2026-04-09T09:35:59.168+0000] {logging_mixin.py:188} INFO - [2026-04-09T09:35:59.168+0000] {dag.py:3823} INFO - Setting next_dagrun for daily_revenue_etl_dag to 2026-04-09 00:00:00+00:00, run_after=2026-04-10 00:00:00+00:00
[2026-04-09T09:35:59.194+0000] {processor.py:183} INFO - Processing /opt/airflow/dags/daily_revenue_etl_dag.py took 0.087 seconds
[2026-04-09T09:36:29.296+0000] {processor.py:161} INFO - Started process (PID=2124) to work on /opt/airflow/dags/daily_revenue_etl_dag.py
[2026-04-09T09:36:29.297+0000] {processor.py:830} INFO - Processing file /opt/airflow/dags/daily_revenue_etl_dag.py for tasks to queue
[2026-04-09T09:36:29.298+0000] {logging_mixin.py:188} INFO - [2026-04-09T09:36:29.297+0000] {dagbag.py:538} INFO - Filling up the DagBag from /opt/airflow/dags/daily_revenue_etl_dag.py
[2026-04-09T09:36:29.314+0000] {processor.py:840} INFO - DAG(s) 'daily_revenue_etl_dag' retrieved from /opt/airflow/dags/daily_revenue_etl_dag.py
[2026-04-09T09:36:29.334+0000] {logging_mixin.py:188} INFO - [2026-04-09T09:36:29.334+0000] {dag.py:3036} INFO - Sync 1 DAGs
[2026-04-09T09:36:29.350+0000] {logging_mixin.py:188} INFO - [2026-04-09T09:36:29.350+0000] {dag.py:3823} INFO - Setting next_dagrun for daily_revenue_etl_dag to 2026-04-09 00:00:00+00:00, run_after=2026-04-10 00:00:00+00:00
[2026-04-09T10:00:19.997+0000] {processor.py:183} INFO - Processing /opt/airflow/dags/daily_revenue_etl_dag.py took 0.073 seconds
[2026-04-09T10:00:50.159+0000] {processor.py:161} INFO - Started process (PID=2129) to work on /opt/airflow/dags/daily_revenue_etl_dag.py
[2026-04-09T10:00:50.160+0000] {processor.py:830} INFO - Processing file /opt/airflow/dags/daily_revenue_etl_dag.py for tasks to queue
[2026-04-09T10:00:50.160+0000] {logging_mixin.py:188} INFO - [2026-04-09T10:00:50.160+0000] {dagbag.py:538} INFO - Filling up the DagBag from /opt/airflow/dags/daily_revenue_etl_dag.py
[2026-04-09T10:00:50.178+0000] {processor.py:840} INFO - DAG(s) 'daily_revenue_etl_dag' retrieved from /opt/airflow/dags/daily_revenue_etl_dag.py
[2026-04-09T10:00:50.327+0000] {logging_mixin.py:188} INFO - [2026-04-09T10:00:50.327+0000] {dag.py:3036} INFO - Sync 1 DAGs
[2026-04-09T10:00:50.343+0000] {logging_mixin.py:188} INFO - [2026-04-09T10:00:50.343+0000] {dag.py:3823} INFO - Setting next_dagrun for daily_revenue_etl_dag to 2026-04-09 00:00:00+00:00, run_after=2026-04-10 00:00:00+00:00
[2026-04-09T10:00:50.359+0000] {processor.py:183} INFO - Processing /opt/airflow/dags/daily_revenue_etl_dag.py took 0.202 seconds
[2026-04-09T09:37:58.911+0000] {processor.py:161} INFO - Started process (PID=2134) to work on /opt/airflow/dags/daily_revenue_etl_dag.py
[2026-04-09T09:37:58.911+0000] {processor.py:830} INFO - Processing file /opt/airflow/dags/daily_revenue_etl_dag.py for tasks to queue
[2026-04-09T09:37:58.912+0000] {logging_mixin.py:188} INFO - [2026-04-09T09:37:58.912+0000] {dagbag.py:538} INFO - Filling up the DagBag from /opt/airflow/dags/daily_revenue_etl_dag.py
[2026-04-09T09:37:58.932+0000] {processor.py:840} INFO - DAG(s) 'daily_revenue_etl_dag' retrieved from /opt/airflow/dags/daily_revenue_etl_dag.py
[2026-04-09T09:37:58.942+0000] {logging_mixin.py:188} INFO - [2026-04-09T09:37:58.942+0000] {dag.py:3036} INFO - Sync 1 DAGs
[2026-04-09T09:37:58.966+0000] {logging_mixin.py:188} INFO - [2026-04-09T09:37:58.966+0000] {dag.py:3823} INFO - Setting next_dagrun for daily_revenue_etl_dag to 2026-04-09 00:00:00+00:00, run_after=2026-04-10 00:00:00+00:00
[2026-04-09T09:37:58.984+0000] {processor.py:183} INFO - Processing /opt/airflow/dags/daily_revenue_etl_dag.py took 0.076 seconds
[2026-04-09T09:38:29.107+0000] {processor.py:161} INFO - Started process (PID=2139) to work on /opt/airflow/dags/daily_revenue_etl_dag.py
[2026-04-09T09:38:29.108+0000] {processor.py:830} INFO - Processing file /opt/airflow/dags/daily_revenue_etl_dag.py for tasks to queue
[2026-04-09T09:38:29.109+0000] {logging_mixin.py:188} INFO - [2026-04-09T09:38:29.109+0000] {dagbag.py:538} INFO - Filling up the DagBag from /opt/airflow/dags/daily_revenue_etl_dag.py
[2026-04-09T09:38:29.127+0000] {processor.py:840} INFO - DAG(s) 'daily_revenue_etl_dag' retrieved from /opt/airflow/dags/daily_revenue_etl_dag.py
[2026-04-09T09:38:29.138+0000] {logging_mixin.py:188} INFO - [2026-04-09T09:38:29.137+0000] {dag.py:3036} INFO - Sync 1 DAGs
[2026-04-09T09:38:29.156+0000] {logging_mixin.py:188} INFO - [2026-04-09T09:38:29.156+0000] {dag.py:3823} INFO - Setting next_dagrun for daily_revenue_etl_dag to 2026-04-09 00:00:00+00:00, run_after=2026-04-10 00:00:00+00:00
[2026-04-09T09:38:29.170+0000] {processor.py:183} INFO - Processing /opt/airflow/dags/daily_revenue_etl_dag.py took 0.066 seconds
[2026-04-09T09:38:59.400+0000] {processor.py:161} INFO - Started process (PID=2144) to work on /opt/airflow/dags/daily_revenue_etl_dag.py
[2026-04-09T09:38:59.401+0000] {processor.py:830} INFO - Processing file /opt/airflow/dags/daily_revenue_etl_dag.py for tasks to queue
[2026-04-09T09:38:59.402+0000] {logging_mixin.py:188} INFO - [2026-04-09T09:38:59.401+0000] {dagbag.py:538} INFO - Filling up the DagBag from /opt/airflow/dags/daily_revenue_etl_dag.py
[2026-04-09T09:38:59.423+0000] {processor.py:840} INFO - DAG(s) 'daily_revenue_etl_dag' retrieved from /opt/airflow/dags/daily_revenue_etl_dag.py
[2026-04-09T09:38:59.443+0000] {logging_mixin.py:188} INFO - [2026-04-09T09:38:59.442+0000] {dag.py:3036} INFO - Sync 1 DAGs
[2026-04-09T09:38:59.467+0000] {logging_mixin.py:188} INFO - [2026-04-09T09:38:59.466+0000] {dag.py:3823} INFO - Setting next_dagrun for daily_revenue_etl_dag to 2026-04-09 00:00:00+00:00, run_after=2026-04-10 00:00:00+00:00
[2026-04-09T09:38:59.490+0000] {processor.py:183} INFO - Processing /opt/airflow/dags/daily_revenue_etl_dag.py took 0.094 seconds
[2026-04-09T10:03:10.566+0000] {processor.py:161} INFO - Started process (PID=2149) to work on /opt/airflow/dags/daily_revenue_etl_dag.py
[2026-04-09T10:03:10.568+0000] {processor.py:830} INFO - Processing file /opt/airflow/dags/daily_revenue_etl_dag.py for tasks to queue
[2026-04-09T10:03:10.570+0000] {logging_mixin.py:188} INFO - [2026-04-09T10:03:10.569+0000] {dagbag.py:538} INFO - Filling up the DagBag from /opt/airflow/dags/daily_revenue_etl_dag.py
[2026-04-09T10:03:10.605+0000] {processor.py:840} INFO - DAG(s) 'daily_revenue_etl_dag' retrieved from /opt/airflow/dags/daily_revenue_etl_dag.py
[2026-04-09T10:03:10.661+0000] {logging_mixin.py:188} INFO - [2026-04-09T10:03:10.661+0000] {dag.py:3036} INFO - Sync 1 DAGs
[2026-04-09T09:39:20.082+0000] {logging_mixin.py:188} INFO - [2026-04-09T09:39:20.081+0000] {dag.py:3823} INFO - Setting next_dagrun for daily_revenue_etl_dag to 2026-04-09 00:00:00+00:00, run_after=2026-04-10 00:00:00+00:00
[2026-04-09T09:39:20.153+0000] {processor.py:183} INFO - Processing /opt/airflow/dags/daily_revenue_etl_dag.py took 0.215 seconds
[2026-04-09T10:03:15.631+0000] {processor.py:161} INFO - Started process (PID=2154) to work on /opt/airflow/dags/daily_revenue_etl_dag.py
[2026-04-09T10:03:15.632+0000] {processor.py:830} INFO - Processing file /opt/airflow/dags/daily_revenue_etl_dag.py for tasks to queue
[2026-04-09T10:03:15.634+0000] {logging_mixin.py:188} INFO - [2026-04-09T10:03:15.633+0000] {dagbag.py:538} INFO - Filling up the DagBag from /opt/airflow/dags/daily_revenue_etl_dag.py
[2026-04-09T10:03:15.675+0000] {processor.py:840} INFO - DAG(s) 'daily_revenue_etl_dag' retrieved from /opt/airflow/dags/daily_revenue_etl_dag.py
[2026-04-09T09:39:25.111+0000] {logging_mixin.py:188} INFO - [2026-04-09T09:39:25.110+0000] {dag.py:3036} INFO - Sync 1 DAGs
[2026-04-09T09:39:25.201+0000] {logging_mixin.py:188} INFO - [2026-04-09T09:39:25.200+0000] {dag.py:3823} INFO - Setting next_dagrun for daily_revenue_etl_dag to 2026-04-09 00:00:00+00:00, run_after=2026-04-10 00:00:00+00:00
[2026-04-09T09:39:25.254+0000] {processor.py:183} INFO - Processing /opt/airflow/dags/daily_revenue_etl_dag.py took 0.255 seconds
[2026-04-09T09:39:55.504+0000] {processor.py:161} INFO - Started process (PID=2163) to work on /opt/airflow/dags/daily_revenue_etl_dag.py
[2026-04-09T09:39:55.506+0000] {processor.py:830} INFO - Processing file /opt/airflow/dags/daily_revenue_etl_dag.py for tasks to queue
[2026-04-09T09:39:55.507+0000] {logging_mixin.py:188} INFO - [2026-04-09T09:39:55.507+0000] {dagbag.py:538} INFO - Filling up the DagBag from /opt/airflow/dags/daily_revenue_etl_dag.py
[2026-04-09T09:39:55.537+0000] {processor.py:840} INFO - DAG(s) 'daily_revenue_etl_dag' retrieved from /opt/airflow/dags/daily_revenue_etl_dag.py
[2026-04-09T09:39:55.560+0000] {logging_mixin.py:188} INFO - [2026-04-09T09:39:55.560+0000] {dag.py:3036} INFO - Sync 1 DAGs
[2026-04-09T09:39:55.596+0000] {logging_mixin.py:188} INFO - [2026-04-09T09:39:55.595+0000] {dag.py:3823} INFO - Setting next_dagrun for daily_revenue_etl_dag to 2026-04-09 00:00:00+00:00, run_after=2026-04-10 00:00:00+00:00
[2026-04-09T09:39:55.624+0000] {processor.py:183} INFO - Processing /opt/airflow/dags/daily_revenue_etl_dag.py took 0.126 seconds
[2026-04-09T09:40:25.722+0000] {processor.py:161} INFO - Started process (PID=2168) to work on /opt/airflow/dags/daily_revenue_etl_dag.py
[2026-04-09T09:40:25.723+0000] {processor.py:830} INFO - Processing file /opt/airflow/dags/daily_revenue_etl_dag.py for tasks to queue
[2026-04-09T09:40:25.724+0000] {logging_mixin.py:188} INFO - [2026-04-09T09:40:25.724+0000] {dagbag.py:538} INFO - Filling up the DagBag from /opt/airflow/dags/daily_revenue_etl_dag.py
[2026-04-09T09:40:25.751+0000] {processor.py:840} INFO - DAG(s) 'daily_revenue_etl_dag' retrieved from /opt/airflow/dags/daily_revenue_etl_dag.py
[2026-04-09T09:40:25.769+0000] {logging_mixin.py:188} INFO - [2026-04-09T09:40:25.768+0000] {dag.py:3036} INFO - Sync 1 DAGs
[2026-04-09T09:40:25.808+0000] {logging_mixin.py:188} INFO - [2026-04-09T09:40:25.807+0000] {dag.py:3823} INFO - Setting next_dagrun for daily_revenue_etl_dag to 2026-04-09 00:00:00+00:00, run_after=2026-04-10 00:00:00+00:00
[2026-04-09T09:40:25.839+0000] {processor.py:183} INFO - Processing /opt/airflow/dags/daily_revenue_etl_dag.py took 0.122 seconds
[2026-04-09T10:04:30.699+0000] {processor.py:161} INFO - Started process (PID=2173) to work on /opt/airflow/dags/daily_revenue_etl_dag.py
[2026-04-09T10:04:30.701+0000] {processor.py:830} INFO - Processing file /opt/airflow/dags/daily_revenue_etl_dag.py for tasks to queue
[2026-04-09T10:04:30.702+0000] {logging_mixin.py:188} INFO - [2026-04-09T10:04:30.702+0000] {dagbag.py:538} INFO - Filling up the DagBag from /opt/airflow/dags/daily_revenue_etl_dag.py
[2026-04-09T10:04:30.745+0000] {processor.py:840} INFO - DAG(s) 'daily_revenue_etl_dag' retrieved from /opt/airflow/dags/daily_revenue_etl_dag.py
[2026-04-09T10:04:30.783+0000] {logging_mixin.py:188} INFO - [2026-04-09T10:04:30.782+0000] {dag.py:3036} INFO - Sync 1 DAGs
[2026-04-09T10:04:30.819+0000] {logging_mixin.py:188} INFO - [2026-04-09T10:04:30.819+0000] {dag.py:3823} INFO - Setting next_dagrun for daily_revenue_etl_dag to 2026-04-09 00:00:00+00:00, run_after=2026-04-10 00:00:00+00:00
[2026-04-09T10:04:30.851+0000] {processor.py:183} INFO - Processing /opt/airflow/dags/daily_revenue_etl_dag.py took 0.158 seconds
[2026-04-09T10:05:26.198+0000] {processor.py:161} INFO - Started process (PID=2179) to work on /opt/airflow/dags/daily_revenue_etl_dag.py
[2026-04-09T10:05:26.199+0000] {processor.py:830} INFO - Processing file /opt/airflow/dags/daily_revenue_etl_dag.py for tasks to queue
[2026-04-09T10:05:26.201+0000] {logging_mixin.py:188} INFO - [2026-04-09T10:05:26.200+0000] {dagbag.py:538} INFO - Filling up the DagBag from /opt/airflow/dags/daily_revenue_etl_dag.py
[2026-04-09T10:05:26.220+0000] {processor.py:840} INFO - DAG(s) 'daily_revenue_etl_dag' retrieved from /opt/airflow/dags/daily_revenue_etl_dag.py
[2026-04-09T09:41:35.484+0000] {logging_mixin.py:188} INFO - [2026-04-09T09:41:35.484+0000] {dag.py:3036} INFO - Sync 1 DAGs
[2026-04-09T09:41:35.508+0000] {logging_mixin.py:188} INFO - [2026-04-09T09:41:35.507+0000] {dag.py:3823} INFO - Setting next_dagrun for daily_revenue_etl_dag to 2026-04-09 00:00:00+00:00, run_after=2026-04-10 00:00:00+00:00
[2026-04-09T09:41:35.525+0000] {processor.py:183} INFO - Processing /opt/airflow/dags/daily_revenue_etl_dag.py took 0.097 seconds
[2026-04-09T10:05:49.477+0000] {processor.py:161} INFO - Started process (PID=2185) to work on /opt/airflow/dags/daily_revenue_etl_dag.py
[2026-04-09T10:05:49.480+0000] {processor.py:830} INFO - Processing file /opt/airflow/dags/daily_revenue_etl_dag.py for tasks to queue
[2026-04-09T10:05:49.482+0000] {logging_mixin.py:188} INFO - [2026-04-09T10:05:49.482+0000] {dagbag.py:538} INFO - Filling up the DagBag from /opt/airflow/dags/daily_revenue_etl_dag.py
[2026-04-09T10:05:49.529+0000] {processor.py:840} INFO - DAG(s) 'daily_revenue_etl_dag' retrieved from /opt/airflow/dags/daily_revenue_etl_dag.py
[2026-04-09T09:41:58.964+0000] {logging_mixin.py:188} INFO - [2026-04-09T09:41:58.964+0000] {dag.py:3036} INFO - Sync 1 DAGs
[2026-04-09T09:41:59.014+0000] {logging_mixin.py:188} INFO - [2026-04-09T09:41:59.014+0000] {dag.py:3823} INFO - Setting next_dagrun for daily_revenue_etl_dag to 2026-04-09 00:00:00+00:00, run_after=2026-04-10 00:00:00+00:00
[2026-04-09T09:41:59.203+0000] {processor.py:183} INFO - Processing /opt/airflow/dags/daily_revenue_etl_dag.py took 0.354 seconds
[2026-04-09T10:05:50.862+0000] {processor.py:161} INFO - Started process (PID=2190) to work on /opt/airflow/dags/daily_revenue_etl_dag.py
[2026-04-09T10:05:50.863+0000] {processor.py:830} INFO - Processing file /opt/airflow/dags/daily_revenue_etl_dag.py for tasks to queue
[2026-04-09T10:05:50.864+0000] {logging_mixin.py:188} INFO - [2026-04-09T10:05:50.864+0000] {dagbag.py:538} INFO - Filling up the DagBag from /opt/airflow/dags/daily_revenue_etl_dag.py
[2026-04-09T10:05:50.881+0000] {processor.py:840} INFO - DAG(s) 'daily_revenue_etl_dag' retrieved from /opt/airflow/dags/daily_revenue_etl_dag.py
[2026-04-09T10:05:50.906+0000] {logging_mixin.py:188} INFO - [2026-04-09T10:05:50.906+0000] {dag.py:3036} INFO - Sync 1 DAGs
[2026-04-09T10:05:50.926+0000] {logging_mixin.py:188} INFO - [2026-04-09T10:05:50.926+0000] {dag.py:3823} INFO - Setting next_dagrun for daily_revenue_etl_dag to 2026-04-09 00:00:00+00:00, run_after=2026-04-10 00:00:00+00:00
[2026-04-09T10:05:50.946+0000] {processor.py:183} INFO - Processing /opt/airflow/dags/daily_revenue_etl_dag.py took 0.088 seconds
[2026-04-09T09:43:10.696+0000] {processor.py:161} INFO - Started process (PID=2195) to work on /opt/airflow/dags/daily_revenue_etl_dag.py
[2026-04-09T09:43:10.699+0000] {processor.py:830} INFO - Processing file /opt/airflow/dags/daily_revenue_etl_dag.py for tasks to queue
[2026-04-09T09:43:10.700+0000] {logging_mixin.py:188} INFO - [2026-04-09T09:43:10.700+0000] {dagbag.py:538} INFO - Filling up the DagBag from /opt/airflow/dags/daily_revenue_etl_dag.py
[2026-04-09T09:43:10.745+0000] {processor.py:840} INFO - DAG(s) 'daily_revenue_etl_dag' retrieved from /opt/airflow/dags/daily_revenue_etl_dag.py
[2026-04-09T09:43:10.782+0000] {logging_mixin.py:188} INFO - [2026-04-09T09:43:10.781+0000] {dag.py:3036} INFO - Sync 1 DAGs
[2026-04-09T09:43:10.845+0000] {logging_mixin.py:188} INFO - [2026-04-09T09:43:10.844+0000] {dag.py:3823} INFO - Setting next_dagrun for daily_revenue_etl_dag to 2026-04-09 00:00:00+00:00, run_after=2026-04-10 00:00:00+00:00
[2026-04-09T09:43:10.898+0000] {processor.py:183} INFO - Processing /opt/airflow/dags/daily_revenue_etl_dag.py took 0.209 seconds
[2026-04-09T09:43:41.147+0000] {processor.py:161} INFO - Started process (PID=2201) to work on /opt/airflow/dags/daily_revenue_etl_dag.py
[2026-04-09T09:43:41.148+0000] {processor.py:830} INFO - Processing file /opt/airflow/dags/daily_revenue_etl_dag.py for tasks to queue
[2026-04-09T09:43:41.149+0000] {logging_mixin.py:188} INFO - [2026-04-09T09:43:41.149+0000] {dagbag.py:538} INFO - Filling up the DagBag from /opt/airflow/dags/daily_revenue_etl_dag.py
[2026-04-09T09:43:41.176+0000] {processor.py:840} INFO - DAG(s) 'daily_revenue_etl_dag' retrieved from /opt/airflow/dags/daily_revenue_etl_dag.py
[2026-04-09T09:43:41.194+0000] {logging_mixin.py:188} INFO - [2026-04-09T09:43:41.193+0000] {dag.py:3036} INFO - Sync 1 DAGs
[2026-04-09T09:43:41.228+0000] {logging_mixin.py:188} INFO - [2026-04-09T09:43:41.227+0000] {dag.py:3823} INFO - Setting next_dagrun for daily_revenue_etl_dag to 2026-04-09 00:00:00+00:00, run_after=2026-04-10 00:00:00+00:00
[2026-04-09T09:43:41.258+0000] {processor.py:183} INFO - Processing /opt/airflow/dags/daily_revenue_etl_dag.py took 0.114 seconds
[2026-04-09T10:07:41.061+0000] {processor.py:161} INFO - Started process (PID=2206) to work on /opt/airflow/dags/daily_revenue_etl_dag.py
[2026-04-09T10:07:41.066+0000] {processor.py:830} INFO - Processing file /opt/airflow/dags/daily_revenue_etl_dag.py for tasks to queue
[2026-04-09T10:07:41.071+0000] {logging_mixin.py:188} INFO - [2026-04-09T10:07:41.069+0000] {dagbag.py:538} INFO - Filling up the DagBag from /opt/airflow/dags/daily_revenue_etl_dag.py
[2026-04-09T10:07:41.115+0000] {processor.py:840} INFO - DAG(s) 'daily_revenue_etl_dag' retrieved from /opt/airflow/dags/daily_revenue_etl_dag.py
[2026-04-09T09:43:50.600+0000] {logging_mixin.py:188} INFO - [2026-04-09T09:43:50.599+0000] {dag.py:3036} INFO - Sync 1 DAGs
[2026-04-09T09:43:50.703+0000] {logging_mixin.py:188} INFO - [2026-04-09T09:43:50.701+0000] {dag.py:3823} INFO - Setting next_dagrun for daily_revenue_etl_dag to 2026-04-09 00:00:00+00:00, run_after=2026-04-10 00:00:00+00:00
[2026-04-09T09:43:50.830+0000] {processor.py:183} INFO - Processing /opt/airflow/dags/daily_revenue_etl_dag.py took 0.399 seconds
[2026-04-09T10:07:46.082+0000] {processor.py:161} INFO - Started process (PID=2211) to work on /opt/airflow/dags/daily_revenue_etl_dag.py
[2026-04-09T10:07:46.083+0000] {processor.py:830} INFO - Processing file /opt/airflow/dags/daily_revenue_etl_dag.py for tasks to queue
[2026-04-09T10:07:46.085+0000] {logging_mixin.py:188} INFO - [2026-04-09T10:07:46.084+0000] {dagbag.py:538} INFO - Filling up the DagBag from /opt/airflow/dags/daily_revenue_etl_dag.py
[2026-04-09T10:07:46.104+0000] {processor.py:840} INFO - DAG(s) 'daily_revenue_etl_dag' retrieved from /opt/airflow/dags/daily_revenue_etl_dag.py
[2026-04-09T10:07:46.131+0000] {logging_mixin.py:188} INFO - [2026-04-09T10:07:46.131+0000] {dag.py:3036} INFO - Sync 1 DAGs
[2026-04-09T10:07:46.159+0000] {logging_mixin.py:188} INFO - [2026-04-09T10:07:46.158+0000] {dag.py:3823} INFO - Setting next_dagrun for daily_revenue_etl_dag to 2026-04-09 00:00:00+00:00, run_after=2026-04-10 00:00:00+00:00
[2026-04-09T10:07:46.180+0000] {processor.py:183} INFO - Processing /opt/airflow/dags/daily_revenue_etl_dag.py took 0.102 seconds
[2026-04-09T10:08:16.263+0000] {processor.py:161} INFO - Started process (PID=2216) to work on /opt/airflow/dags/daily_revenue_etl_dag.py
[2026-04-09T10:08:16.264+0000] {processor.py:830} INFO - Processing file /opt/airflow/dags/daily_revenue_etl_dag.py for tasks to queue
[2026-04-09T09:44:25.652+0000] {logging_mixin.py:188} INFO - [2026-04-09T09:44:25.651+0000] {dagbag.py:538} INFO - Filling up the DagBag from /opt/airflow/dags/daily_revenue_etl_dag.py
[2026-04-09T09:44:25.677+0000] {processor.py:840} INFO - DAG(s) 'daily_revenue_etl_dag' retrieved from /opt/airflow/dags/daily_revenue_etl_dag.py
[2026-04-09T09:44:25.694+0000] {logging_mixin.py:188} INFO - [2026-04-09T09:44:25.694+0000] {dag.py:3036} INFO - Sync 1 DAGs
[2026-04-09T09:44:25.724+0000] {logging_mixin.py:188} INFO - [2026-04-09T09:44:25.723+0000] {dag.py:3823} INFO - Setting next_dagrun for daily_revenue_etl_dag to 2026-04-09 00:00:00+00:00, run_after=2026-04-10 00:00:00+00:00
[2026-04-09T09:44:25.743+0000] {processor.py:183} INFO - Processing /opt/airflow/dags/daily_revenue_etl_dag.py took 0.098 seconds
[2026-04-09T10:08:19.410+0000] {processor.py:161} INFO - Started process (PID=2221) to work on /opt/airflow/dags/daily_revenue_etl_dag.py
[2026-04-09T10:08:19.411+0000] {processor.py:830} INFO - Processing file /opt/airflow/dags/daily_revenue_etl_dag.py for tasks to queue
[2026-04-09T10:08:19.412+0000] {logging_mixin.py:188} INFO - [2026-04-09T10:08:19.412+0000] {dagbag.py:538} INFO - Filling up the DagBag from /opt/airflow/dags/daily_revenue_etl_dag.py
[2026-04-09T10:08:19.431+0000] {processor.py:840} INFO - DAG(s) 'daily_revenue_etl_dag' retrieved from /opt/airflow/dags/daily_revenue_etl_dag.py
[2026-04-09T10:08:19.457+0000] {logging_mixin.py:188} INFO - [2026-04-09T10:08:19.457+0000] {dag.py:3036} INFO - Sync 1 DAGs
[2026-04-09T10:08:19.480+0000] {logging_mixin.py:188} INFO - [2026-04-09T10:08:19.480+0000] {dag.py:3823} INFO - Setting next_dagrun for daily_revenue_etl_dag to 2026-04-09 00:00:00+00:00, run_after=2026-04-10 00:00:00+00:00
[2026-04-09T10:08:19.502+0000] {processor.py:183} INFO - Processing /opt/airflow/dags/daily_revenue_etl_dag.py took 0.094 seconds
[2026-04-09T10:08:49.580+0000] {processor.py:161} INFO - Started process (PID=2226) to work on /opt/airflow/dags/daily_revenue_etl_dag.py
[2026-04-09T10:08:49.582+0000] {processor.py:830} INFO - Processing file /opt/airflow/dags/daily_revenue_etl_dag.py for tasks to queue
[2026-04-09T10:08:49.583+0000] {logging_mixin.py:188} INFO - [2026-04-09T10:08:49.583+0000] {dagbag.py:538} INFO - Filling up the DagBag from /opt/airflow/dags/daily_revenue_etl_dag.py
[2026-04-09T09:44:58.988+0000] {processor.py:840} INFO - DAG(s) 'daily_revenue_etl_dag' retrieved from /opt/airflow/dags/daily_revenue_etl_dag.py
[2026-04-09T09:44:59.004+0000] {logging_mixin.py:188} INFO - [2026-04-09T09:44:59.004+0000] {dag.py:3036} INFO - Sync 1 DAGs
[2026-04-09T09:44:59.035+0000] {logging_mixin.py:188} INFO - [2026-04-09T09:44:59.034+0000] {dag.py:3823} INFO - Setting next_dagrun for daily_revenue_etl_dag to 2026-04-09 00:00:00+00:00, run_after=2026-04-10 00:00:00+00:00
[2026-04-09T09:44:59.061+0000] {processor.py:183} INFO - Processing /opt/airflow/dags/daily_revenue_etl_dag.py took 0.101 seconds
[2026-04-09T09:45:29.253+0000] {processor.py:161} INFO - Started process (PID=2232) to work on /opt/airflow/dags/daily_revenue_etl_dag.py
[2026-04-09T09:45:29.254+0000] {processor.py:830} INFO - Processing file /opt/airflow/dags/daily_revenue_etl_dag.py for tasks to queue
[2026-04-09T09:45:29.255+0000] {logging_mixin.py:188} INFO - [2026-04-09T09:45:29.255+0000] {dagbag.py:538} INFO - Filling up the DagBag from /opt/airflow/dags/daily_revenue_etl_dag.py
[2026-04-09T09:45:29.273+0000] {processor.py:840} INFO - DAG(s) 'daily_revenue_etl_dag' retrieved from /opt/airflow/dags/daily_revenue_etl_dag.py
[2026-04-09T09:45:29.287+0000] {logging_mixin.py:188} INFO - [2026-04-09T09:45:29.286+0000] {dag.py:3036} INFO - Sync 1 DAGs
[2026-04-09T09:45:29.322+0000] {logging_mixin.py:188} INFO - [2026-04-09T09:45:29.322+0000] {dag.py:3823} INFO - Setting next_dagrun for daily_revenue_etl_dag to 2026-04-09 00:00:00+00:00, run_after=2026-04-10 00:00:00+00:00
[2026-04-09T09:45:29.343+0000] {processor.py:183} INFO - Processing /opt/airflow/dags/daily_revenue_etl_dag.py took 0.095 seconds
[2026-04-09T09:45:59.467+0000] {processor.py:161} INFO - Started process (PID=2239) to work on /opt/airflow/dags/daily_revenue_etl_dag.py
[2026-04-09T09:45:59.468+0000] {processor.py:830} INFO - Processing file /opt/airflow/dags/daily_revenue_etl_dag.py for tasks to queue
[2026-04-09T09:45:59.468+0000] {logging_mixin.py:188} INFO - [2026-04-09T09:45:59.468+0000] {dagbag.py:538} INFO - Filling up the DagBag from /opt/airflow/dags/daily_revenue_etl_dag.py
[2026-04-09T09:45:59.486+0000] {processor.py:840} INFO - DAG(s) 'daily_revenue_etl_dag' retrieved from /opt/airflow/dags/daily_revenue_etl_dag.py
[2026-04-09T09:45:59.497+0000] {logging_mixin.py:188} INFO - [2026-04-09T09:45:59.497+0000] {dag.py:3036} INFO - Sync 1 DAGs
[2026-04-09T09:45:59.515+0000] {logging_mixin.py:188} INFO - [2026-04-09T09:45:59.515+0000] {dag.py:3823} INFO - Setting next_dagrun for daily_revenue_etl_dag to 2026-04-09 00:00:00+00:00, run_after=2026-04-10 00:00:00+00:00
[2026-04-09T09:45:59.530+0000] {processor.py:183} INFO - Processing /opt/airflow/dags/daily_revenue_etl_dag.py took 0.067 seconds
[2026-04-09T10:09:56.216+0000] {processor.py:161} INFO - Started process (PID=2244) to work on /opt/airflow/dags/daily_revenue_etl_dag.py
[2026-04-09T10:09:56.217+0000] {processor.py:830} INFO - Processing file /opt/airflow/dags/daily_revenue_etl_dag.py for tasks to queue
[2026-04-09T10:09:56.218+0000] {logging_mixin.py:188} INFO - [2026-04-09T10:09:56.218+0000] {dagbag.py:538} INFO - Filling up the DagBag from /opt/airflow/dags/daily_revenue_etl_dag.py
[2026-04-09T10:09:56.233+0000] {processor.py:840} INFO - DAG(s) 'daily_revenue_etl_dag' retrieved from /opt/airflow/dags/daily_revenue_etl_dag.py
[2026-04-09T10:09:56.254+0000] {logging_mixin.py:188} INFO - [2026-04-09T10:09:56.254+0000] {dag.py:3036} INFO - Sync 1 DAGs
[2026-04-09T10:09:56.274+0000] {logging_mixin.py:188} INFO - [2026-04-09T10:09:56.274+0000] {dag.py:3823} INFO - Setting next_dagrun for daily_revenue_etl_dag to 2026-04-09 00:00:00+00:00, run_after=2026-04-10 00:00:00+00:00
[2026-04-09T10:09:56.294+0000] {processor.py:183} INFO - Processing /opt/airflow/dags/daily_revenue_etl_dag.py took 0.081 seconds
[2026-04-09T10:10:26.381+0000] {processor.py:161} INFO - Started process (PID=2249) to work on /opt/airflow/dags/daily_revenue_etl_dag.py
[2026-04-09T10:10:26.382+0000] {processor.py:830} INFO - Processing file /opt/airflow/dags/daily_revenue_etl_dag.py for tasks to queue
[2026-04-09T10:10:26.383+0000] {logging_mixin.py:188} INFO - [2026-04-09T10:10:26.383+0000] {dagbag.py:538} INFO - Filling up the DagBag from /opt/airflow/dags/daily_revenue_etl_dag.py
[2026-04-09T10:10:26.399+0000] {processor.py:840} INFO - DAG(s) 'daily_revenue_etl_dag' retrieved from /opt/airflow/dags/daily_revenue_etl_dag.py
[2026-04-09T10:10:26.422+0000] {logging_mixin.py:188} INFO - [2026-04-09T10:10:26.422+0000] {dag.py:3036} INFO - Sync 1 DAGs
[2026-04-09T09:46:35.828+0000] {logging_mixin.py:188} INFO - [2026-04-09T09:46:35.828+0000] {dag.py:3823} INFO - Setting next_dagrun for daily_revenue_etl_dag to 2026-04-09 00:00:00+00:00, run_after=2026-04-10 00:00:00+00:00
[2026-04-09T09:46:35.845+0000] {processor.py:183} INFO - Processing /opt/airflow/dags/daily_revenue_etl_dag.py took 0.081 seconds
[2026-04-09T09:46:58.982+0000] {processor.py:161} INFO - Started process (PID=2254) to work on /opt/airflow/dags/daily_revenue_etl_dag.py
[2026-04-09T09:46:58.983+0000] {processor.py:830} INFO - Processing file /opt/airflow/dags/daily_revenue_etl_dag.py for tasks to queue
[2026-04-09T09:46:58.984+0000] {logging_mixin.py:188} INFO - [2026-04-09T09:46:58.984+0000] {dagbag.py:538} INFO - Filling up the DagBag from /opt/airflow/dags/daily_revenue_etl_dag.py
[2026-04-09T09:46:59.001+0000] {processor.py:840} INFO - DAG(s) 'daily_revenue_etl_dag' retrieved from /opt/airflow/dags/daily_revenue_etl_dag.py
[2026-04-09T09:46:59.017+0000] {logging_mixin.py:188} INFO - [2026-04-09T09:46:59.016+0000] {dag.py:3036} INFO - Sync 1 DAGs
[2026-04-09T09:46:59.054+0000] {logging_mixin.py:188} INFO - [2026-04-09T09:46:59.053+0000] {dag.py:3823} INFO - Setting next_dagrun for daily_revenue_etl_dag to 2026-04-09 00:00:00+00:00, run_after=2026-04-10 00:00:00+00:00
[2026-04-09T09:46:59.071+0000] {processor.py:183} INFO - Processing /opt/airflow/dags/daily_revenue_etl_dag.py took 0.091 seconds
[2026-04-09T09:47:29.135+0000] {processor.py:161} INFO - Started process (PID=2260) to work on /opt/airflow/dags/daily_revenue_etl_dag.py
[2026-04-09T09:47:29.136+0000] {processor.py:830} INFO - Processing file /opt/airflow/dags/daily_revenue_etl_dag.py for tasks to queue
[2026-04-09T09:47:29.138+0000] {logging_mixin.py:188} INFO - [2026-04-09T09:47:29.138+0000] {dagbag.py:538} INFO - Filling up the DagBag from /opt/airflow/dags/daily_revenue_etl_dag.py
[2026-04-09T09:47:29.154+0000] {processor.py:840} INFO - DAG(s) 'daily_revenue_etl_dag' retrieved from /opt/airflow/dags/daily_revenue_etl_dag.py
[2026-04-09T09:47:29.165+0000] {logging_mixin.py:188} INFO - [2026-04-09T09:47:29.165+0000] {dag.py:3036} INFO - Sync 1 DAGs
[2026-04-09T09:47:29.184+0000] {logging_mixin.py:188} INFO - [2026-04-09T09:47:29.184+0000] {dag.py:3823} INFO - Setting next_dagrun for daily_revenue_etl_dag to 2026-04-09 00:00:00+00:00, run_after=2026-04-10 00:00:00+00:00
[2026-04-09T09:47:29.200+0000] {processor.py:183} INFO - Processing /opt/airflow/dags/daily_revenue_etl_dag.py took 0.068 seconds
[2026-04-09T09:47:59.371+0000] {processor.py:161} INFO - Started process (PID=2265) to work on /opt/airflow/dags/daily_revenue_etl_dag.py
[2026-04-09T09:47:59.372+0000] {processor.py:830} INFO - Processing file /opt/airflow/dags/daily_revenue_etl_dag.py for tasks to queue
[2026-04-09T09:47:59.374+0000] {logging_mixin.py:188} INFO - [2026-04-09T09:47:59.373+0000] {dagbag.py:538} INFO - Filling up the DagBag from /opt/airflow/dags/daily_revenue_etl_dag.py
[2026-04-09T09:47:59.394+0000] {processor.py:840} INFO - DAG(s) 'daily_revenue_etl_dag' retrieved from /opt/airflow/dags/daily_revenue_etl_dag.py
[2026-04-09T09:47:59.407+0000] {logging_mixin.py:188} INFO - [2026-04-09T09:47:59.407+0000] {dag.py:3036} INFO - Sync 1 DAGs
[2026-04-09T09:47:59.433+0000] {logging_mixin.py:188} INFO - [2026-04-09T09:47:59.433+0000] {dag.py:3823} INFO - Setting next_dagrun for daily_revenue_etl_dag to 2026-04-09 00:00:00+00:00, run_after=2026-04-10 00:00:00+00:00
[2026-04-09T09:47:59.451+0000] {processor.py:183} INFO - Processing /opt/airflow/dags/daily_revenue_etl_dag.py took 0.083 seconds
[2026-04-09T09:48:29.608+0000] {processor.py:161} INFO - Started process (PID=2270) to work on /opt/airflow/dags/daily_revenue_etl_dag.py
[2026-04-09T09:48:29.610+0000] {processor.py:830} INFO - Processing file /opt/airflow/dags/daily_revenue_etl_dag.py for tasks to queue
[2026-04-09T09:48:29.611+0000] {logging_mixin.py:188} INFO - [2026-04-09T09:48:29.610+0000] {dagbag.py:538} INFO - Filling up the DagBag from /opt/airflow/dags/daily_revenue_etl_dag.py
[2026-04-09T09:48:29.627+0000] {processor.py:840} INFO - DAG(s) 'daily_revenue_etl_dag' retrieved from /opt/airflow/dags/daily_revenue_etl_dag.py
[2026-04-09T09:48:29.639+0000] {logging_mixin.py:188} INFO - [2026-04-09T09:48:29.639+0000] {dag.py:3036} INFO - Sync 1 DAGs
[2026-04-09T09:48:29.664+0000] {logging_mixin.py:188} INFO - [2026-04-09T09:48:29.663+0000] {dag.py:3823} INFO - Setting next_dagrun for daily_revenue_etl_dag to 2026-04-09 00:00:00+00:00, run_after=2026-04-10 00:00:00+00:00
[2026-04-09T09:48:29.681+0000] {processor.py:183} INFO - Processing /opt/airflow/dags/daily_revenue_etl_dag.py took 0.076 seconds
[2026-04-09T10:12:49.500+0000] {processor.py:161} INFO - Started process (PID=2275) to work on /opt/airflow/dags/daily_revenue_etl_dag.py
[2026-04-09T10:12:49.502+0000] {processor.py:830} INFO - Processing file /opt/airflow/dags/daily_revenue_etl_dag.py for tasks to queue
[2026-04-09T10:12:49.504+0000] {logging_mixin.py:188} INFO - [2026-04-09T10:12:49.504+0000] {dagbag.py:538} INFO - Filling up the DagBag from /opt/airflow/dags/daily_revenue_etl_dag.py
[2026-04-09T10:12:49.528+0000] {processor.py:840} INFO - DAG(s) 'daily_revenue_etl_dag' retrieved from /opt/airflow/dags/daily_revenue_etl_dag.py
[2026-04-09T10:12:49.566+0000] {logging_mixin.py:188} INFO - [2026-04-09T10:12:49.565+0000] {dag.py:3036} INFO - Sync 1 DAGs
[2026-04-09T10:12:49.610+0000] {logging_mixin.py:188} INFO - [2026-04-09T10:12:49.610+0000] {dag.py:3823} INFO - Setting next_dagrun for daily_revenue_etl_dag to 2026-04-09 00:00:00+00:00, run_after=2026-04-10 00:00:00+00:00
[2026-04-09T09:48:59.019+0000] {processor.py:183} INFO - Processing /opt/airflow/dags/daily_revenue_etl_dag.py took 0.142 seconds
[2026-04-09T10:12:51.521+0000] {processor.py:161} INFO - Started process (PID=2280) to work on /opt/airflow/dags/daily_revenue_etl_dag.py
[2026-04-09T10:12:51.522+0000] {processor.py:830} INFO - Processing file /opt/airflow/dags/daily_revenue_etl_dag.py for tasks to queue
[2026-04-09T10:12:51.523+0000] {logging_mixin.py:188} INFO - [2026-04-09T10:12:51.523+0000] {dagbag.py:538} INFO - Filling up the DagBag from /opt/airflow/dags/daily_revenue_etl_dag.py
[2026-04-09T10:12:51.539+0000] {processor.py:840} INFO - DAG(s) 'daily_revenue_etl_dag' retrieved from /opt/airflow/dags/daily_revenue_etl_dag.py
[2026-04-09T10:12:51.561+0000] {logging_mixin.py:188} INFO - [2026-04-09T10:12:51.561+0000] {dag.py:3036} INFO - Sync 1 DAGs
[2026-04-09T10:12:51.579+0000] {logging_mixin.py:188} INFO - [2026-04-09T10:12:51.579+0000] {dag.py:3823} INFO - Setting next_dagrun for daily_revenue_etl_dag to 2026-04-09 00:00:00+00:00, run_after=2026-04-10 00:00:00+00:00
[2026-04-09T10:12:51.595+0000] {processor.py:183} INFO - Processing /opt/airflow/dags/daily_revenue_etl_dag.py took 0.077 seconds
[2026-04-09T10:15:19.495+0000] {processor.py:161} INFO - Started process (PID=2285) to work on /opt/airflow/dags/daily_revenue_etl_dag.py
[2026-04-09T10:15:19.496+0000] {processor.py:830} INFO - Processing file /opt/airflow/dags/daily_revenue_etl_dag.py for tasks to queue
[2026-04-09T10:15:19.497+0000] {logging_mixin.py:188} INFO - [2026-04-09T10:15:19.497+0000] {dagbag.py:538} INFO - Filling up the DagBag from /opt/airflow/dags/daily_revenue_etl_dag.py
[2026-04-09T10:15:19.513+0000] {processor.py:840} INFO - DAG(s) 'daily_revenue_etl_dag' retrieved from /opt/airflow/dags/daily_revenue_etl_dag.py
[2026-04-09T10:15:19.534+0000] {logging_mixin.py:188} INFO - [2026-04-09T10:15:19.534+0000] {dag.py:3036} INFO - Sync 1 DAGs
[2026-04-09T10:15:19.554+0000] {logging_mixin.py:188} INFO - [2026-04-09T10:15:19.554+0000] {dag.py:3823} INFO - Setting next_dagrun for daily_revenue_etl_dag to 2026-04-09 00:00:00+00:00, run_after=2026-04-10 00:00:00+00:00
[2026-04-09T10:15:19.569+0000] {processor.py:183} INFO - Processing /opt/airflow/dags/daily_revenue_etl_dag.py took 0.077 seconds
[2026-04-09T10:15:51.835+0000] {processor.py:161} INFO - Started process (PID=2290) to work on /opt/airflow/dags/daily_revenue_etl_dag.py
[2026-04-09T10:15:51.838+0000] {processor.py:830} INFO - Processing file /opt/airflow/dags/daily_revenue_etl_dag.py for tasks to queue
[2026-04-09T10:15:51.839+0000] {logging_mixin.py:188} INFO - [2026-04-09T10:15:51.839+0000] {dagbag.py:538} INFO - Filling up the DagBag from /opt/airflow/dags/daily_revenue_etl_dag.py
[2026-04-09T10:15:51.873+0000] {processor.py:840} INFO - DAG(s) 'daily_revenue_etl_dag' retrieved from /opt/airflow/dags/daily_revenue_etl_dag.py
[2026-04-09T10:15:51.935+0000] {logging_mixin.py:188} INFO - [2026-04-09T10:15:51.933+0000] {dag.py:3036} INFO - Sync 1 DAGs
[2026-04-09T09:52:01.374+0000] {logging_mixin.py:188} INFO - [2026-04-09T09:52:01.374+0000] {dag.py:3823} INFO - Setting next_dagrun for daily_revenue_etl_dag to 2026-04-09 00:00:00+00:00, run_after=2026-04-10 00:00:00+00:00
[2026-04-09T09:52:01.420+0000] {processor.py:183} INFO - Processing /opt/airflow/dags/daily_revenue_etl_dag.py took 0.197 seconds
[2026-04-09T10:15:56.873+0000] {processor.py:161} INFO - Started process (PID=2295) to work on /opt/airflow/dags/daily_revenue_etl_dag.py
[2026-04-09T10:15:56.874+0000] {processor.py:830} INFO - Processing file /opt/airflow/dags/daily_revenue_etl_dag.py for tasks to queue
[2026-04-09T10:15:56.875+0000] {logging_mixin.py:188} INFO - [2026-04-09T10:15:56.875+0000] {dagbag.py:538} INFO - Filling up the DagBag from /opt/airflow/dags/daily_revenue_etl_dag.py
[2026-04-09T10:15:56.892+0000] {processor.py:840} INFO - DAG(s) 'daily_revenue_etl_dag' retrieved from /opt/airflow/dags/daily_revenue_etl_dag.py
[2026-04-09T10:15:56.917+0000] {logging_mixin.py:188} INFO - [2026-04-09T10:15:56.917+0000] {dag.py:3036} INFO - Sync 1 DAGs
[2026-04-09T10:15:56.940+0000] {logging_mixin.py:188} INFO - [2026-04-09T10:15:56.939+0000] {dag.py:3823} INFO - Setting next_dagrun for daily_revenue_etl_dag to 2026-04-09 00:00:00+00:00, run_after=2026-04-10 00:00:00+00:00
[2026-04-09T10:15:56.962+0000] {processor.py:183} INFO - Processing /opt/airflow/dags/daily_revenue_etl_dag.py took 0.092 seconds
[2026-04-09T10:17:19.541+0000] {processor.py:161} INFO - Started process (PID=2300) to work on /opt/airflow/dags/daily_revenue_etl_dag.py
[2026-04-09T10:17:19.543+0000] {processor.py:830} INFO - Processing file /opt/airflow/dags/daily_revenue_etl_dag.py for tasks to queue
[2026-04-09T10:17:19.544+0000] {logging_mixin.py:188} INFO - [2026-04-09T10:17:19.543+0000] {dagbag.py:538} INFO - Filling up the DagBag from /opt/airflow/dags/daily_revenue_etl_dag.py
[2026-04-09T10:17:19.568+0000] {processor.py:840} INFO - DAG(s) 'daily_revenue_etl_dag' retrieved from /opt/airflow/dags/daily_revenue_etl_dag.py
[2026-04-09T10:17:19.597+0000] {logging_mixin.py:188} INFO - [2026-04-09T10:17:19.597+0000] {dag.py:3036} INFO - Sync 1 DAGs
[2026-04-09T10:17:19.622+0000] {logging_mixin.py:188} INFO - [2026-04-09T10:17:19.622+0000] {dag.py:3823} INFO - Setting next_dagrun for daily_revenue_etl_dag to 2026-04-09 00:00:00+00:00, run_after=2026-04-10 00:00:00+00:00
[2026-04-09T09:53:29.037+0000] {processor.py:183} INFO - Processing /opt/airflow/dags/daily_revenue_etl_dag.py took 0.106 seconds
[2026-04-09T09:53:59.158+0000] {processor.py:161} INFO - Started process (PID=2305) to work on /opt/airflow/dags/daily_revenue_etl_dag.py
[2026-04-09T09:53:59.160+0000] {processor.py:830} INFO - Processing file /opt/airflow/dags/daily_revenue_etl_dag.py for tasks to queue
[2026-04-09T09:53:59.162+0000] {logging_mixin.py:188} INFO - [2026-04-09T09:53:59.161+0000] {dagbag.py:538} INFO - Filling up the DagBag from /opt/airflow/dags/daily_revenue_etl_dag.py
[2026-04-09T09:53:59.191+0000] {processor.py:840} INFO - DAG(s) 'daily_revenue_etl_dag' retrieved from /opt/airflow/dags/daily_revenue_etl_dag.py
[2026-04-09T09:53:59.207+0000] {logging_mixin.py:188} INFO - [2026-04-09T09:53:59.207+0000] {dag.py:3036} INFO - Sync 1 DAGs
[2026-04-09T09:53:59.240+0000] {logging_mixin.py:188} INFO - [2026-04-09T09:53:59.240+0000] {dag.py:3823} INFO - Setting next_dagrun for daily_revenue_etl_dag to 2026-04-09 00:00:00+00:00, run_after=2026-04-10 00:00:00+00:00
[2026-04-09T09:53:59.262+0000] {processor.py:183} INFO - Processing /opt/airflow/dags/daily_revenue_etl_dag.py took 0.108 seconds
[2026-04-09T10:18:17.031+0000] {processor.py:161} INFO - Started process (PID=2310) to work on /opt/airflow/dags/daily_revenue_etl_dag.py
[2026-04-09T10:18:17.032+0000] {processor.py:830} INFO - Processing file /opt/airflow/dags/daily_revenue_etl_dag.py for tasks to queue
[2026-04-09T10:18:17.033+0000] {logging_mixin.py:188} INFO - [2026-04-09T10:18:17.032+0000] {dagbag.py:538} INFO - Filling up the DagBag from /opt/airflow/dags/daily_revenue_etl_dag.py
[2026-04-09T10:18:17.048+0000] {processor.py:840} INFO - DAG(s) 'daily_revenue_etl_dag' retrieved from /opt/airflow/dags/daily_revenue_etl_dag.py
[2026-04-09T10:18:17.071+0000] {logging_mixin.py:188} INFO - [2026-04-09T10:18:17.071+0000] {dag.py:3036} INFO - Sync 1 DAGs
[2026-04-09T10:18:17.091+0000] {logging_mixin.py:188} INFO - [2026-04-09T10:18:17.091+0000] {dag.py:3823} INFO - Setting next_dagrun for daily_revenue_etl_dag to 2026-04-09 00:00:00+00:00, run_after=2026-04-10 00:00:00+00:00
[2026-04-09T10:18:17.107+0000] {processor.py:183} INFO - Processing /opt/airflow/dags/daily_revenue_etl_dag.py took 0.079 seconds
[2026-04-09T10:18:47.246+0000] {processor.py:161} INFO - Started process (PID=2315) to work on /opt/airflow/dags/daily_revenue_etl_dag.py
[2026-04-09T10:18:47.247+0000] {processor.py:830} INFO - Processing file /opt/airflow/dags/daily_revenue_etl_dag.py for tasks to queue
[2026-04-09T10:18:47.249+0000] {logging_mixin.py:188} INFO - [2026-04-09T10:18:47.248+0000] {dagbag.py:538} INFO - Filling up the DagBag from /opt/airflow/dags/daily_revenue_etl_dag.py
[2026-04-09T10:18:47.277+0000] {processor.py:840} INFO - DAG(s) 'daily_revenue_etl_dag' retrieved from /opt/airflow/dags/daily_revenue_etl_dag.py
[2026-04-09T09:54:56.720+0000] {logging_mixin.py:188} INFO - [2026-04-09T09:54:56.720+0000] {dag.py:3036} INFO - Sync 1 DAGs
[2026-04-09T09:54:56.765+0000] {logging_mixin.py:188} INFO - [2026-04-09T09:54:56.764+0000] {dag.py:3823} INFO - Setting next_dagrun for daily_revenue_etl_dag to 2026-04-09 00:00:00+00:00, run_after=2026-04-10 00:00:00+00:00
[2026-04-09T09:54:56.862+0000] {processor.py:183} INFO - Processing /opt/airflow/dags/daily_revenue_etl_dag.py took 0.226 seconds
[2026-04-09T10:18:49.532+0000] {processor.py:161} INFO - Started process (PID=2320) to work on /opt/airflow/dags/daily_revenue_etl_dag.py
[2026-04-09T10:18:49.534+0000] {processor.py:830} INFO - Processing file /opt/airflow/dags/daily_revenue_etl_dag.py for tasks to queue
[2026-04-09T10:18:49.535+0000] {logging_mixin.py:188} INFO - [2026-04-09T10:18:49.535+0000] {dagbag.py:538} INFO - Filling up the DagBag from /opt/airflow/dags/daily_revenue_etl_dag.py
[2026-04-09T10:18:49.566+0000] {processor.py:840} INFO - DAG(s) 'daily_revenue_etl_dag' retrieved from /opt/airflow/dags/daily_revenue_etl_dag.py
[2026-04-09T10:18:49.603+0000] {logging_mixin.py:188} INFO - [2026-04-09T10:18:49.603+0000] {dag.py:3036} INFO - Sync 1 DAGs
[2026-04-09T10:18:49.634+0000] {logging_mixin.py:188} INFO - [2026-04-09T10:18:49.634+0000] {dag.py:3823} INFO - Setting next_dagrun for daily_revenue_etl_dag to 2026-04-09 00:00:00+00:00, run_after=2026-04-10 00:00:00+00:00
[2026-04-09T09:54:59.048+0000] {processor.py:183} INFO - Processing /opt/airflow/dags/daily_revenue_etl_dag.py took 0.129 seconds
[2026-04-09T09:55:29.133+0000] {processor.py:161} INFO - Started process (PID=2325) to work on /opt/airflow/dags/daily_revenue_etl_dag.py
[2026-04-09T09:55:29.135+0000] {processor.py:830} INFO - Processing file /opt/airflow/dags/daily_revenue_etl_dag.py for tasks to queue
[2026-04-09T09:55:29.136+0000] {logging_mixin.py:188} INFO - [2026-04-09T09:55:29.136+0000] {dagbag.py:538} INFO - Filling up the DagBag from /opt/airflow/dags/daily_revenue_etl_dag.py
[2026-04-09T09:55:29.163+0000] {processor.py:840} INFO - DAG(s) 'daily_revenue_etl_dag' retrieved from /opt/airflow/dags/daily_revenue_etl_dag.py
[2026-04-09T09:55:29.183+0000] {logging_mixin.py:188} INFO - [2026-04-09T09:55:29.183+0000] {dag.py:3036} INFO - Sync 1 DAGs
[2026-04-09T09:55:29.221+0000] {logging_mixin.py:188} INFO - [2026-04-09T09:55:29.221+0000] {dag.py:3823} INFO - Setting next_dagrun for daily_revenue_etl_dag to 2026-04-09 00:00:00+00:00, run_after=2026-04-10 00:00:00+00:00
[2026-04-09T09:55:29.260+0000] {processor.py:183} INFO - Processing /opt/airflow/dags/daily_revenue_etl_dag.py took 0.132 seconds
[2026-04-09T09:55:59.559+0000] {processor.py:161} INFO - Started process (PID=2330) to work on /opt/airflow/dags/daily_revenue_etl_dag.py
[2026-04-09T09:55:59.564+0000] {processor.py:830} INFO - Processing file /opt/airflow/dags/daily_revenue_etl_dag.py for tasks to queue
[2026-04-09T09:55:59.568+0000] {logging_mixin.py:188} INFO - [2026-04-09T09:55:59.567+0000] {dagbag.py:538} INFO - Filling up the DagBag from /opt/airflow/dags/daily_revenue_etl_dag.py
[2026-04-09T09:55:59.627+0000] {processor.py:840} INFO - DAG(s) 'daily_revenue_etl_dag' retrieved from /opt/airflow/dags/daily_revenue_etl_dag.py
[2026-04-09T09:55:59.674+0000] {logging_mixin.py:188} INFO - [2026-04-09T09:55:59.672+0000] {dag.py:3036} INFO - Sync 1 DAGs
[2026-04-09T09:55:59.737+0000] {logging_mixin.py:188} INFO - [2026-04-09T09:55:59.736+0000] {dag.py:3823} INFO - Setting next_dagrun for daily_revenue_etl_dag to 2026-04-09 00:00:00+00:00, run_after=2026-04-10 00:00:00+00:00
[2026-04-09T09:55:59.791+0000] {processor.py:183} INFO - Processing /opt/airflow/dags/daily_revenue_etl_dag.py took 0.244 seconds
[2026-04-09T10:19:57.199+0000] {processor.py:161} INFO - Started process (PID=2335) to work on /opt/airflow/dags/daily_revenue_etl_dag.py
[2026-04-09T10:19:57.200+0000] {processor.py:830} INFO - Processing file /opt/airflow/dags/daily_revenue_etl_dag.py for tasks to queue
[2026-04-09T10:19:57.201+0000] {logging_mixin.py:188} INFO - [2026-04-09T10:19:57.201+0000] {dagbag.py:538} INFO - Filling up the DagBag from /opt/airflow/dags/daily_revenue_etl_dag.py
[2026-04-09T10:19:57.218+0000] {processor.py:840} INFO - DAG(s) 'daily_revenue_etl_dag' retrieved from /opt/airflow/dags/daily_revenue_etl_dag.py
[2026-04-09T10:19:57.245+0000] {logging_mixin.py:188} INFO - [2026-04-09T10:19:57.244+0000] {dag.py:3036} INFO - Sync 1 DAGs
[2026-04-09T10:19:57.265+0000] {logging_mixin.py:188} INFO - [2026-04-09T10:19:57.265+0000] {dag.py:3823} INFO - Setting next_dagrun for daily_revenue_etl_dag to 2026-04-09 00:00:00+00:00, run_after=2026-04-10 00:00:00+00:00
[2026-04-09T10:19:57.283+0000] {processor.py:183} INFO - Processing /opt/airflow/dags/daily_revenue_etl_dag.py took 0.086 seconds
[2026-04-09T10:20:27.413+0000] {processor.py:161} INFO - Started process (PID=2342) to work on /opt/airflow/dags/daily_revenue_etl_dag.py
[2026-04-09T10:20:27.415+0000] {processor.py:830} INFO - Processing file /opt/airflow/dags/daily_revenue_etl_dag.py for tasks to queue
[2026-04-09T10:20:27.418+0000] {logging_mixin.py:188} INFO - [2026-04-09T10:20:27.416+0000] {dagbag.py:538} INFO - Filling up the DagBag from /opt/airflow/dags/daily_revenue_etl_dag.py
[2026-04-09T10:20:27.457+0000] {processor.py:840} INFO - DAG(s) 'daily_revenue_etl_dag' retrieved from /opt/airflow/dags/daily_revenue_etl_dag.py
[2026-04-09T10:20:27.499+0000] {logging_mixin.py:188} INFO - [2026-04-09T10:20:27.498+0000] {dag.py:3036} INFO - Sync 1 DAGs
[2026-04-09T10:20:27.525+0000] {logging_mixin.py:188} INFO - [2026-04-09T10:20:27.525+0000] {dag.py:3823} INFO - Setting next_dagrun for daily_revenue_etl_dag to 2026-04-09 00:00:00+00:00, run_after=2026-04-10 00:00:00+00:00
[2026-04-09T10:20:27.551+0000] {processor.py:183} INFO - Processing /opt/airflow/dags/daily_revenue_etl_dag.py took 0.143 seconds
[2026-04-09T10:23:07.481+0000] {processor.py:161} INFO - Started process (PID=2349) to work on /opt/airflow/dags/daily_revenue_etl_dag.py
[2026-04-09T10:23:07.482+0000] {processor.py:830} INFO - Processing file /opt/airflow/dags/daily_revenue_etl_dag.py for tasks to queue
[2026-04-09T10:23:07.484+0000] {logging_mixin.py:188} INFO - [2026-04-09T10:23:07.483+0000] {dagbag.py:538} INFO - Filling up the DagBag from /opt/airflow/dags/daily_revenue_etl_dag.py
[2026-04-09T10:23:07.508+0000] {processor.py:840} INFO - DAG(s) 'daily_revenue_etl_dag' retrieved from /opt/airflow/dags/daily_revenue_etl_dag.py
[2026-04-09T10:23:07.540+0000] {logging_mixin.py:188} INFO - [2026-04-09T10:23:07.539+0000] {dag.py:3036} INFO - Sync 1 DAGs
[2026-04-09T10:23:07.571+0000] {logging_mixin.py:188} INFO - [2026-04-09T10:23:07.570+0000] {dag.py:3823} INFO - Setting next_dagrun for daily_revenue_etl_dag to 2026-04-09 00:00:00+00:00, run_after=2026-04-10 00:00:00+00:00
[2026-04-09T10:23:07.592+0000] {processor.py:183} INFO - Processing /opt/airflow/dags/daily_revenue_etl_dag.py took 0.115 seconds
[2026-04-09T10:23:37.661+0000] {processor.py:161} INFO - Started process (PID=2354) to work on /opt/airflow/dags/daily_revenue_etl_dag.py
[2026-04-09T10:23:37.662+0000] {processor.py:830} INFO - Processing file /opt/airflow/dags/daily_revenue_etl_dag.py for tasks to queue
[2026-04-09T10:23:37.664+0000] {logging_mixin.py:188} INFO - [2026-04-09T10:23:37.663+0000] {dagbag.py:538} INFO - Filling up the DagBag from /opt/airflow/dags/daily_revenue_etl_dag.py
[2026-04-09T10:23:37.727+0000] {processor.py:840} INFO - DAG(s) 'daily_revenue_etl_dag' retrieved from /opt/airflow/dags/daily_revenue_etl_dag.py
[2026-04-09T09:59:47.169+0000] {logging_mixin.py:188} INFO - [2026-04-09T09:59:47.168+0000] {dag.py:3036} INFO - Sync 1 DAGs
[2026-04-09T09:59:47.217+0000] {logging_mixin.py:188} INFO - [2026-04-09T09:59:47.216+0000] {dag.py:3823} INFO - Setting next_dagrun for daily_revenue_etl_dag to 2026-04-09 00:00:00+00:00, run_after=2026-04-10 00:00:00+00:00
[2026-04-09T09:59:47.279+0000] {processor.py:183} INFO - Processing /opt/airflow/dags/daily_revenue_etl_dag.py took 0.244 seconds
[2026-04-09T10:00:17.369+0000] {processor.py:161} INFO - Started process (PID=2359) to work on /opt/airflow/dags/daily_revenue_etl_dag.py
[2026-04-09T10:00:17.372+0000] {processor.py:830} INFO - Processing file /opt/airflow/dags/daily_revenue_etl_dag.py for tasks to queue
[2026-04-09T10:00:17.376+0000] {logging_mixin.py:188} INFO - [2026-04-09T10:00:17.374+0000] {dagbag.py:538} INFO - Filling up the DagBag from /opt/airflow/dags/daily_revenue_etl_dag.py
[2026-04-09T10:00:17.432+0000] {processor.py:840} INFO - DAG(s) 'daily_revenue_etl_dag' retrieved from /opt/airflow/dags/daily_revenue_etl_dag.py
[2026-04-09T10:00:17.453+0000] {logging_mixin.py:188} INFO - [2026-04-09T10:00:17.453+0000] {dag.py:3036} INFO - Sync 1 DAGs
[2026-04-09T10:00:17.514+0000] {logging_mixin.py:188} INFO - [2026-04-09T10:00:17.513+0000] {dag.py:3823} INFO - Setting next_dagrun for daily_revenue_etl_dag to 2026-04-09 00:00:00+00:00, run_after=2026-04-10 00:00:00+00:00
[2026-04-09T10:00:17.548+0000] {processor.py:183} INFO - Processing /opt/airflow/dags/daily_revenue_etl_dag.py took 0.185 seconds
[2026-04-09T10:00:47.719+0000] {processor.py:161} INFO - Started process (PID=2364) to work on /opt/airflow/dags/daily_revenue_etl_dag.py
[2026-04-09T10:00:47.721+0000] {processor.py:830} INFO - Processing file /opt/airflow/dags/daily_revenue_etl_dag.py for tasks to queue
[2026-04-09T10:00:47.722+0000] {logging_mixin.py:188} INFO - [2026-04-09T10:00:47.722+0000] {dagbag.py:538} INFO - Filling up the DagBag from /opt/airflow/dags/daily_revenue_etl_dag.py
[2026-04-09T10:00:47.750+0000] {processor.py:840} INFO - DAG(s) 'daily_revenue_etl_dag' retrieved from /opt/airflow/dags/daily_revenue_etl_dag.py
[2026-04-09T10:00:47.766+0000] {logging_mixin.py:188} INFO - [2026-04-09T10:00:47.766+0000] {dag.py:3036} INFO - Sync 1 DAGs
[2026-04-09T10:00:47.794+0000] {logging_mixin.py:188} INFO - [2026-04-09T10:00:47.793+0000] {dag.py:3823} INFO - Setting next_dagrun for daily_revenue_etl_dag to 2026-04-09 00:00:00+00:00, run_after=2026-04-10 00:00:00+00:00
[2026-04-09T10:00:47.820+0000] {processor.py:183} INFO - Processing /opt/airflow/dags/daily_revenue_etl_dag.py took 0.105 seconds
[2026-04-09T10:24:49.498+0000] {processor.py:161} INFO - Started process (PID=2369) to work on /opt/airflow/dags/daily_revenue_etl_dag.py
[2026-04-09T10:24:49.500+0000] {processor.py:830} INFO - Processing file /opt/airflow/dags/daily_revenue_etl_dag.py for tasks to queue
[2026-04-09T10:24:49.502+0000] {logging_mixin.py:188} INFO - [2026-04-09T10:24:49.501+0000] {dagbag.py:538} INFO - Filling up the DagBag from /opt/airflow/dags/daily_revenue_etl_dag.py
[2026-04-09T10:24:49.541+0000] {processor.py:840} INFO - DAG(s) 'daily_revenue_etl_dag' retrieved from /opt/airflow/dags/daily_revenue_etl_dag.py
[2026-04-09T10:24:49.593+0000] {logging_mixin.py:188} INFO - [2026-04-09T10:24:49.592+0000] {dag.py:3036} INFO - Sync 1 DAGs
[2026-04-09T10:24:49.628+0000] {logging_mixin.py:188} INFO - [2026-04-09T10:24:49.627+0000] {dag.py:3823} INFO - Setting next_dagrun for daily_revenue_etl_dag to 2026-04-09 00:00:00+00:00, run_after=2026-04-10 00:00:00+00:00
[2026-04-09T10:24:49.653+0000] {processor.py:183} INFO - Processing /opt/airflow/dags/daily_revenue_etl_dag.py took 0.159 seconds
[2026-04-09T10:26:49.590+0000] {processor.py:161} INFO - Started process (PID=2374) to work on /opt/airflow/dags/daily_revenue_etl_dag.py
[2026-04-09T10:26:49.593+0000] {processor.py:830} INFO - Processing file /opt/airflow/dags/daily_revenue_etl_dag.py for tasks to queue
[2026-04-09T10:26:49.595+0000] {logging_mixin.py:188} INFO - [2026-04-09T10:26:49.595+0000] {dagbag.py:538} INFO - Filling up the DagBag from /opt/airflow/dags/daily_revenue_etl_dag.py
[2026-04-09T10:26:49.639+0000] {processor.py:840} INFO - DAG(s) 'daily_revenue_etl_dag' retrieved from /opt/airflow/dags/daily_revenue_etl_dag.py
[2026-04-09T10:02:59.103+0000] {logging_mixin.py:188} INFO - [2026-04-09T10:02:59.101+0000] {dag.py:3036} INFO - Sync 1 DAGs
[2026-04-09T10:02:59.176+0000] {logging_mixin.py:188} INFO - [2026-04-09T10:02:59.175+0000] {dag.py:3823} INFO - Setting next_dagrun for daily_revenue_etl_dag to 2026-04-09 00:00:00+00:00, run_after=2026-04-10 00:00:00+00:00
[2026-04-09T10:02:59.220+0000] {processor.py:183} INFO - Processing /opt/airflow/dags/daily_revenue_etl_dag.py took 0.228 seconds
[2026-04-09T10:26:52.931+0000] {processor.py:161} INFO - Started process (PID=2379) to work on /opt/airflow/dags/daily_revenue_etl_dag.py
[2026-04-09T10:26:52.934+0000] {processor.py:830} INFO - Processing file /opt/airflow/dags/daily_revenue_etl_dag.py for tasks to queue
[2026-04-09T10:26:52.936+0000] {logging_mixin.py:188} INFO - [2026-04-09T10:26:52.935+0000] {dagbag.py:538} INFO - Filling up the DagBag from /opt/airflow/dags/daily_revenue_etl_dag.py
[2026-04-09T10:26:52.987+0000] {processor.py:840} INFO - DAG(s) 'daily_revenue_etl_dag' retrieved from /opt/airflow/dags/daily_revenue_etl_dag.py
[2026-04-09T10:03:02.493+0000] {logging_mixin.py:188} INFO - [2026-04-09T10:03:02.492+0000] {dag.py:3036} INFO - Sync 1 DAGs
[2026-04-09T10:03:02.542+0000] {logging_mixin.py:188} INFO - [2026-04-09T10:03:02.542+0000] {dag.py:3823} INFO - Setting next_dagrun for daily_revenue_etl_dag to 2026-04-09 00:00:00+00:00, run_after=2026-04-10 00:00:00+00:00
[2026-04-09T10:03:02.612+0000] {processor.py:183} INFO - Processing /opt/airflow/dags/daily_revenue_etl_dag.py took 0.274 seconds
[2026-04-09T10:26:57.965+0000] {processor.py:161} INFO - Started process (PID=2384) to work on /opt/airflow/dags/daily_revenue_etl_dag.py
[2026-04-09T10:26:57.968+0000] {processor.py:830} INFO - Processing file /opt/airflow/dags/daily_revenue_etl_dag.py for tasks to queue
[2026-04-09T10:26:57.969+0000] {logging_mixin.py:188} INFO - [2026-04-09T10:26:57.969+0000] {dagbag.py:538} INFO - Filling up the DagBag from /opt/airflow/dags/daily_revenue_etl_dag.py
[2026-04-09T10:26:58.004+0000] {processor.py:840} INFO - DAG(s) 'daily_revenue_etl_dag' retrieved from /opt/airflow/dags/daily_revenue_etl_dag.py
[2026-04-09T10:26:58.041+0000] {logging_mixin.py:188} INFO - [2026-04-09T10:26:58.041+0000] {dag.py:3036} INFO - Sync 1 DAGs
[2026-04-09T10:03:07.477+0000] {logging_mixin.py:188} INFO - [2026-04-09T10:03:07.476+0000] {dag.py:3823} INFO - Setting next_dagrun for daily_revenue_etl_dag to 2026-04-09 00:00:00+00:00, run_after=2026-04-10 00:00:00+00:00
[2026-04-09T10:03:07.495+0000] {processor.py:183} INFO - Processing /opt/airflow/dags/daily_revenue_etl_dag.py took 0.129 seconds
[2026-04-09T10:27:03.006+0000] {processor.py:161} INFO - Started process (PID=2389) to work on /opt/airflow/dags/daily_revenue_etl_dag.py
[2026-04-09T10:27:03.008+0000] {processor.py:830} INFO - Processing file /opt/airflow/dags/daily_revenue_etl_dag.py for tasks to queue
[2026-04-09T10:27:03.009+0000] {logging_mixin.py:188} INFO - [2026-04-09T10:27:03.009+0000] {dagbag.py:538} INFO - Filling up the DagBag from /opt/airflow/dags/daily_revenue_etl_dag.py
[2026-04-09T10:27:03.037+0000] {processor.py:840} INFO - DAG(s) 'daily_revenue_etl_dag' retrieved from /opt/airflow/dags/daily_revenue_etl_dag.py
[2026-04-09T10:27:03.081+0000] {logging_mixin.py:188} INFO - [2026-04-09T10:27:03.080+0000] {dag.py:3036} INFO - Sync 1 DAGs
[2026-04-09T10:03:12.497+0000] {logging_mixin.py:188} INFO - [2026-04-09T10:03:12.497+0000] {dag.py:3823} INFO - Setting next_dagrun for daily_revenue_etl_dag to 2026-04-09 00:00:00+00:00, run_after=2026-04-10 00:00:00+00:00
[2026-04-09T10:03:12.525+0000] {processor.py:183} INFO - Processing /opt/airflow/dags/daily_revenue_etl_dag.py took 0.143 seconds
[2026-04-09T10:03:42.781+0000] {processor.py:161} INFO - Started process (PID=2394) to work on /opt/airflow/dags/daily_revenue_etl_dag.py
[2026-04-09T10:03:42.783+0000] {processor.py:830} INFO - Processing file /opt/airflow/dags/daily_revenue_etl_dag.py for tasks to queue
[2026-04-09T10:03:42.785+0000] {logging_mixin.py:188} INFO - [2026-04-09T10:03:42.784+0000] {dagbag.py:538} INFO - Filling up the DagBag from /opt/airflow/dags/daily_revenue_etl_dag.py
[2026-04-09T10:03:42.808+0000] {processor.py:840} INFO - DAG(s) 'daily_revenue_etl_dag' retrieved from /opt/airflow/dags/daily_revenue_etl_dag.py
[2026-04-09T10:03:42.835+0000] {logging_mixin.py:188} INFO - [2026-04-09T10:03:42.835+0000] {dag.py:3036} INFO - Sync 1 DAGs
[2026-04-09T10:03:42.859+0000] {logging_mixin.py:188} INFO - [2026-04-09T10:03:42.858+0000] {dag.py:3823} INFO - Setting next_dagrun for daily_revenue_etl_dag to 2026-04-09 00:00:00+00:00, run_after=2026-04-10 00:00:00+00:00
[2026-04-09T10:03:42.876+0000] {processor.py:183} INFO - Processing /opt/airflow/dags/daily_revenue_etl_dag.py took 0.098 seconds
[2026-04-09T10:27:49.538+0000] {processor.py:161} INFO - Started process (PID=2399) to work on /opt/airflow/dags/daily_revenue_etl_dag.py
[2026-04-09T10:27:49.546+0000] {processor.py:830} INFO - Processing file /opt/airflow/dags/daily_revenue_etl_dag.py for tasks to queue
[2026-04-09T10:27:49.551+0000] {logging_mixin.py:188} INFO - [2026-04-09T10:27:49.550+0000] {dagbag.py:538} INFO - Filling up the DagBag from /opt/airflow/dags/daily_revenue_etl_dag.py
[2026-04-09T10:27:49.620+0000] {processor.py:840} INFO - DAG(s) 'daily_revenue_etl_dag' retrieved from /opt/airflow/dags/daily_revenue_etl_dag.py
[2026-04-09T10:27:49.665+0000] {logging_mixin.py:188} INFO - [2026-04-09T10:27:49.665+0000] {dag.py:3036} INFO - Sync 1 DAGs
[2026-04-09T10:27:49.731+0000] {logging_mixin.py:188} INFO - [2026-04-09T10:27:49.730+0000] {dag.py:3823} INFO - Setting next_dagrun for daily_revenue_etl_dag to 2026-04-09 00:00:00+00:00, run_after=2026-04-10 00:00:00+00:00
[2026-04-09T10:03:59.147+0000] {processor.py:183} INFO - Processing /opt/airflow/dags/daily_revenue_etl_dag.py took 0.251 seconds
[2026-04-09T10:28:08.020+0000] {processor.py:161} INFO - Started process (PID=2404) to work on /opt/airflow/dags/daily_revenue_etl_dag.py
[2026-04-09T10:28:08.023+0000] {processor.py:830} INFO - Processing file /opt/airflow/dags/daily_revenue_etl_dag.py for tasks to queue
[2026-04-09T10:28:08.026+0000] {logging_mixin.py:188} INFO - [2026-04-09T10:28:08.026+0000] {dagbag.py:538} INFO - Filling up the DagBag from /opt/airflow/dags/daily_revenue_etl_dag.py
[2026-04-09T10:28:08.090+0000] {processor.py:840} INFO - DAG(s) 'daily_revenue_etl_dag' retrieved from /opt/airflow/dags/daily_revenue_etl_dag.py
[2026-04-09T10:28:08.164+0000] {logging_mixin.py:188} INFO - [2026-04-09T10:28:08.163+0000] {dag.py:3036} INFO - Sync 1 DAGs
[2026-04-09T10:04:17.638+0000] {logging_mixin.py:188} INFO - [2026-04-09T10:04:17.637+0000] {dag.py:3823} INFO - Setting next_dagrun for daily_revenue_etl_dag to 2026-04-09 00:00:00+00:00, run_after=2026-04-10 00:00:00+00:00
[2026-04-09T10:04:17.675+0000] {processor.py:183} INFO - Processing /opt/airflow/dags/daily_revenue_etl_dag.py took 0.257 seconds
[2026-04-09T10:28:13.059+0000] {processor.py:161} INFO - Started process (PID=2409) to work on /opt/airflow/dags/daily_revenue_etl_dag.py
[2026-04-09T10:28:13.063+0000] {processor.py:830} INFO - Processing file /opt/airflow/dags/daily_revenue_etl_dag.py for tasks to queue
[2026-04-09T10:28:13.067+0000] {logging_mixin.py:188} INFO - [2026-04-09T10:28:13.066+0000] {dagbag.py:538} INFO - Filling up the DagBag from /opt/airflow/dags/daily_revenue_etl_dag.py
[2026-04-09T10:28:13.101+0000] {processor.py:840} INFO - DAG(s) 'daily_revenue_etl_dag' retrieved from /opt/airflow/dags/daily_revenue_etl_dag.py
[2026-04-09T10:28:13.135+0000] {logging_mixin.py:188} INFO - [2026-04-09T10:28:13.135+0000] {dag.py:3036} INFO - Sync 1 DAGs
[2026-04-09T10:28:13.162+0000] {logging_mixin.py:188} INFO - [2026-04-09T10:28:13.162+0000] {dag.py:3823} INFO - Setting next_dagrun for daily_revenue_etl_dag to 2026-04-09 00:00:00+00:00, run_after=2026-04-10 00:00:00+00:00
[2026-04-09T10:28:13.192+0000] {processor.py:183} INFO - Processing /opt/airflow/dags/daily_revenue_etl_dag.py took 0.140 seconds
[2026-04-09T10:28:18.136+0000] {processor.py:161} INFO - Started process (PID=2414) to work on /opt/airflow/dags/daily_revenue_etl_dag.py
[2026-04-09T10:28:18.145+0000] {processor.py:830} INFO - Processing file /opt/airflow/dags/daily_revenue_etl_dag.py for tasks to queue
[2026-04-09T10:28:18.150+0000] {logging_mixin.py:188} INFO - [2026-04-09T10:28:18.148+0000] {dagbag.py:538} INFO - Filling up the DagBag from /opt/airflow/dags/daily_revenue_etl_dag.py
[2026-04-09T10:28:18.215+0000] {processor.py:840} INFO - DAG(s) 'daily_revenue_etl_dag' retrieved from /opt/airflow/dags/daily_revenue_etl_dag.py
[2026-04-09T10:04:27.698+0000] {logging_mixin.py:188} INFO - [2026-04-09T10:04:27.697+0000] {dag.py:3036} INFO - Sync 1 DAGs
[2026-04-09T10:04:27.731+0000] {logging_mixin.py:188} INFO - [2026-04-09T10:04:27.730+0000] {dag.py:3823} INFO - Setting next_dagrun for daily_revenue_etl_dag to 2026-04-09 00:00:00+00:00, run_after=2026-04-10 00:00:00+00:00
[2026-04-09T10:04:27.787+0000] {processor.py:183} INFO - Processing /opt/airflow/dags/daily_revenue_etl_dag.py took 0.267 seconds
[2026-04-09T10:04:58.017+0000] {processor.py:161} INFO - Started process (PID=2419) to work on /opt/airflow/dags/daily_revenue_etl_dag.py
[2026-04-09T10:04:58.021+0000] {processor.py:830} INFO - Processing file /opt/airflow/dags/daily_revenue_etl_dag.py for tasks to queue
[2026-04-09T10:04:58.027+0000] {logging_mixin.py:188} INFO - [2026-04-09T10:04:58.025+0000] {dagbag.py:538} INFO - Filling up the DagBag from /opt/airflow/dags/daily_revenue_etl_dag.py
[2026-04-09T10:04:58.097+0000] {processor.py:840} INFO - DAG(s) 'daily_revenue_etl_dag' retrieved from /opt/airflow/dags/daily_revenue_etl_dag.py
[2026-04-09T10:04:58.174+0000] {logging_mixin.py:188} INFO - [2026-04-09T10:04:58.173+0000] {dag.py:3036} INFO - Sync 1 DAGs
[2026-04-09T10:04:58.224+0000] {logging_mixin.py:188} INFO - [2026-04-09T10:04:58.223+0000] {dag.py:3823} INFO - Setting next_dagrun for daily_revenue_etl_dag to 2026-04-09 00:00:00+00:00, run_after=2026-04-10 00:00:00+00:00
[2026-04-09T10:04:58.248+0000] {processor.py:183} INFO - Processing /opt/airflow/dags/daily_revenue_etl_dag.py took 0.244 seconds
[2026-04-09T10:04:59.117+0000] {processor.py:161} INFO - Started process (PID=2424) to work on /opt/airflow/dags/daily_revenue_etl_dag.py
[2026-04-09T10:04:59.119+0000] {processor.py:830} INFO - Processing file /opt/airflow/dags/daily_revenue_etl_dag.py for tasks to queue
[2026-04-09T10:04:59.121+0000] {logging_mixin.py:188} INFO - [2026-04-09T10:04:59.120+0000] {dagbag.py:538} INFO - Filling up the DagBag from /opt/airflow/dags/daily_revenue_etl_dag.py
[2026-04-09T10:04:59.148+0000] {processor.py:840} INFO - DAG(s) 'daily_revenue_etl_dag' retrieved from /opt/airflow/dags/daily_revenue_etl_dag.py
[2026-04-09T10:04:59.178+0000] {logging_mixin.py:188} INFO - [2026-04-09T10:04:59.177+0000] {dag.py:3036} INFO - Sync 1 DAGs
[2026-04-09T10:04:59.211+0000] {logging_mixin.py:188} INFO - [2026-04-09T10:04:59.210+0000] {dag.py:3823} INFO - Setting next_dagrun for daily_revenue_etl_dag to 2026-04-09 00:00:00+00:00, run_after=2026-04-10 00:00:00+00:00
[2026-04-09T10:04:59.234+0000] {processor.py:183} INFO - Processing /opt/airflow/dags/daily_revenue_etl_dag.py took 0.121 seconds
[2026-04-09T10:05:29.321+0000] {processor.py:161} INFO - Started process (PID=2429) to work on /opt/airflow/dags/daily_revenue_etl_dag.py
[2026-04-09T10:05:29.323+0000] {processor.py:830} INFO - Processing file /opt/airflow/dags/daily_revenue_etl_dag.py for tasks to queue
[2026-04-09T10:05:29.326+0000] {logging_mixin.py:188} INFO - [2026-04-09T10:05:29.325+0000] {dagbag.py:538} INFO - Filling up the DagBag from /opt/airflow/dags/daily_revenue_etl_dag.py
[2026-04-09T10:05:29.371+0000] {processor.py:840} INFO - DAG(s) 'daily_revenue_etl_dag' retrieved from /opt/airflow/dags/daily_revenue_etl_dag.py
[2026-04-09T10:05:29.419+0000] {logging_mixin.py:188} INFO - [2026-04-09T10:05:29.418+0000] {dag.py:3036} INFO - Sync 1 DAGs
[2026-04-09T10:05:29.447+0000] {logging_mixin.py:188} INFO - [2026-04-09T10:05:29.447+0000] {dag.py:3823} INFO - Setting next_dagrun for daily_revenue_etl_dag to 2026-04-09 00:00:00+00:00, run_after=2026-04-10 00:00:00+00:00
[2026-04-09T10:05:29.473+0000] {processor.py:183} INFO - Processing /opt/airflow/dags/daily_revenue_etl_dag.py took 0.159 seconds
[2026-04-09T10:29:23.189+0000] {processor.py:161} INFO - Started process (PID=2434) to work on /opt/airflow/dags/daily_revenue_etl_dag.py
[2026-04-09T10:29:23.191+0000] {processor.py:830} INFO - Processing file /opt/airflow/dags/daily_revenue_etl_dag.py for tasks to queue
[2026-04-09T10:29:23.193+0000] {logging_mixin.py:188} INFO - [2026-04-09T10:29:23.192+0000] {dagbag.py:538} INFO - Filling up the DagBag from /opt/airflow/dags/daily_revenue_etl_dag.py
[2026-04-09T10:29:23.215+0000] {processor.py:840} INFO - DAG(s) 'daily_revenue_etl_dag' retrieved from /opt/airflow/dags/daily_revenue_etl_dag.py
[2026-04-09T10:29:23.244+0000] {logging_mixin.py:188} INFO - [2026-04-09T10:29:23.244+0000] {dag.py:3036} INFO - Sync 1 DAGs
[2026-04-09T10:29:23.269+0000] {logging_mixin.py:188} INFO - [2026-04-09T10:29:23.268+0000] {dag.py:3823} INFO - Setting next_dagrun for daily_revenue_etl_dag to 2026-04-09 00:00:00+00:00, run_after=2026-04-10 00:00:00+00:00
[2026-04-09T10:05:32.708+0000] {processor.py:183} INFO - Processing /opt/airflow/dags/daily_revenue_etl_dag.py took 0.109 seconds
[2026-04-09T10:29:28.256+0000] {processor.py:161} INFO - Started process (PID=2439) to work on /opt/airflow/dags/daily_revenue_etl_dag.py
[2026-04-09T10:29:28.258+0000] {processor.py:830} INFO - Processing file /opt/airflow/dags/daily_revenue_etl_dag.py for tasks to queue
[2026-04-09T10:29:28.260+0000] {logging_mixin.py:188} INFO - [2026-04-09T10:29:28.259+0000] {dagbag.py:538} INFO - Filling up the DagBag from /opt/airflow/dags/daily_revenue_etl_dag.py
[2026-04-09T10:29:28.290+0000] {processor.py:840} INFO - DAG(s) 'daily_revenue_etl_dag' retrieved from /opt/airflow/dags/daily_revenue_etl_dag.py
[2026-04-09T10:05:37.741+0000] {logging_mixin.py:188} INFO - [2026-04-09T10:05:37.741+0000] {dag.py:3036} INFO - Sync 1 DAGs
[2026-04-09T10:05:37.782+0000] {logging_mixin.py:188} INFO - [2026-04-09T10:05:37.782+0000] {dag.py:3823} INFO - Setting next_dagrun for daily_revenue_etl_dag to 2026-04-09 00:00:00+00:00, run_after=2026-04-10 00:00:00+00:00
[2026-04-09T10:05:37.810+0000] {processor.py:183} INFO - Processing /opt/airflow/dags/daily_revenue_etl_dag.py took 0.154 seconds
[2026-04-09T10:29:49.582+0000] {processor.py:161} INFO - Started process (PID=2444) to work on /opt/airflow/dags/daily_revenue_etl_dag.py
[2026-04-09T10:29:49.583+0000] {processor.py:830} INFO - Processing file /opt/airflow/dags/daily_revenue_etl_dag.py for tasks to queue
[2026-04-09T10:29:49.585+0000] {logging_mixin.py:188} INFO - [2026-04-09T10:29:49.585+0000] {dagbag.py:538} INFO - Filling up the DagBag from /opt/airflow/dags/daily_revenue_etl_dag.py
[2026-04-09T10:29:49.617+0000] {processor.py:840} INFO - DAG(s) 'daily_revenue_etl_dag' retrieved from /opt/airflow/dags/daily_revenue_etl_dag.py
[2026-04-09T10:29:49.664+0000] {logging_mixin.py:188} INFO - [2026-04-09T10:29:49.663+0000] {dag.py:3036} INFO - Sync 1 DAGs
[2026-04-09T10:29:49.708+0000] {logging_mixin.py:188} INFO - [2026-04-09T10:29:49.708+0000] {dag.py:3823} INFO - Setting next_dagrun for daily_revenue_etl_dag to 2026-04-09 00:00:00+00:00, run_after=2026-04-10 00:00:00+00:00
[2026-04-09T10:05:59.156+0000] {processor.py:183} INFO - Processing /opt/airflow/dags/daily_revenue_etl_dag.py took 0.172 seconds
[2026-04-09T10:06:29.253+0000] {processor.py:161} INFO - Started process (PID=2449) to work on /opt/airflow/dags/daily_revenue_etl_dag.py
[2026-04-09T10:06:29.255+0000] {processor.py:830} INFO - Processing file /opt/airflow/dags/daily_revenue_etl_dag.py for tasks to queue
[2026-04-09T10:06:29.256+0000] {logging_mixin.py:188} INFO - [2026-04-09T10:06:29.256+0000] {dagbag.py:538} INFO - Filling up the DagBag from /opt/airflow/dags/daily_revenue_etl_dag.py
[2026-04-09T10:06:29.284+0000] {processor.py:840} INFO - DAG(s) 'daily_revenue_etl_dag' retrieved from /opt/airflow/dags/daily_revenue_etl_dag.py
[2026-04-09T10:06:29.326+0000] {logging_mixin.py:188} INFO - [2026-04-09T10:06:29.325+0000] {dag.py:3036} INFO - Sync 1 DAGs
[2026-04-09T10:06:29.361+0000] {logging_mixin.py:188} INFO - [2026-04-09T10:06:29.361+0000] {dag.py:3823} INFO - Setting next_dagrun for daily_revenue_etl_dag to 2026-04-09 00:00:00+00:00, run_after=2026-04-10 00:00:00+00:00
[2026-04-09T10:06:29.387+0000] {processor.py:183} INFO - Processing /opt/airflow/dags/daily_revenue_etl_dag.py took 0.139 seconds
[2026-04-09T10:06:59.594+0000] {processor.py:161} INFO - Started process (PID=2455) to work on /opt/airflow/dags/daily_revenue_etl_dag.py
[2026-04-09T10:06:59.596+0000] {processor.py:830} INFO - Processing file /opt/airflow/dags/daily_revenue_etl_dag.py for tasks to queue
[2026-04-09T10:06:59.597+0000] {logging_mixin.py:188} INFO - [2026-04-09T10:06:59.597+0000] {dagbag.py:538} INFO - Filling up the DagBag from /opt/airflow/dags/daily_revenue_etl_dag.py
[2026-04-09T10:06:59.623+0000] {processor.py:840} INFO - DAG(s) 'daily_revenue_etl_dag' retrieved from /opt/airflow/dags/daily_revenue_etl_dag.py
[2026-04-09T10:06:59.653+0000] {logging_mixin.py:188} INFO - [2026-04-09T10:06:59.653+0000] {dag.py:3036} INFO - Sync 1 DAGs
[2026-04-09T10:06:59.688+0000] {logging_mixin.py:188} INFO - [2026-04-09T10:06:59.688+0000] {dag.py:3823} INFO - Setting next_dagrun for daily_revenue_etl_dag to 2026-04-09 00:00:00+00:00, run_after=2026-04-10 00:00:00+00:00
[2026-04-09T10:06:59.713+0000] {processor.py:183} INFO - Processing /opt/airflow/dags/daily_revenue_etl_dag.py took 0.122 seconds
[2026-04-09T10:30:53.385+0000] {processor.py:161} INFO - Started process (PID=2460) to work on /opt/airflow/dags/daily_revenue_etl_dag.py
[2026-04-09T10:30:53.386+0000] {processor.py:830} INFO - Processing file /opt/airflow/dags/daily_revenue_etl_dag.py for tasks to queue
[2026-04-09T10:30:53.387+0000] {logging_mixin.py:188} INFO - [2026-04-09T10:30:53.387+0000] {dagbag.py:538} INFO - Filling up the DagBag from /opt/airflow/dags/daily_revenue_etl_dag.py
[2026-04-09T10:30:53.409+0000] {processor.py:840} INFO - DAG(s) 'daily_revenue_etl_dag' retrieved from /opt/airflow/dags/daily_revenue_etl_dag.py
[2026-04-09T10:30:53.441+0000] {logging_mixin.py:188} INFO - [2026-04-09T10:30:53.441+0000] {dag.py:3036} INFO - Sync 1 DAGs
[2026-04-09T10:30:53.462+0000] {logging_mixin.py:188} INFO - [2026-04-09T10:30:53.462+0000] {dag.py:3823} INFO - Setting next_dagrun for daily_revenue_etl_dag to 2026-04-09 00:00:00+00:00, run_after=2026-04-10 00:00:00+00:00
[2026-04-09T10:07:02.888+0000] {processor.py:183} INFO - Processing /opt/airflow/dags/daily_revenue_etl_dag.py took 0.099 seconds
[2026-04-09T10:30:58.429+0000] {processor.py:161} INFO - Started process (PID=2465) to work on /opt/airflow/dags/daily_revenue_etl_dag.py
[2026-04-09T10:30:58.430+0000] {processor.py:830} INFO - Processing file /opt/airflow/dags/daily_revenue_etl_dag.py for tasks to queue
[2026-04-09T10:30:58.432+0000] {logging_mixin.py:188} INFO - [2026-04-09T10:30:58.431+0000] {dagbag.py:538} INFO - Filling up the DagBag from /opt/airflow/dags/daily_revenue_etl_dag.py
[2026-04-09T10:30:58.456+0000] {processor.py:840} INFO - DAG(s) 'daily_revenue_etl_dag' retrieved from /opt/airflow/dags/daily_revenue_etl_dag.py
[2026-04-09T10:07:07.902+0000] {logging_mixin.py:188} INFO - [2026-04-09T10:07:07.902+0000] {dag.py:3036} INFO - Sync 1 DAGs
[2026-04-09T10:07:07.932+0000] {logging_mixin.py:188} INFO - [2026-04-09T10:07:07.932+0000] {dag.py:3823} INFO - Setting next_dagrun for daily_revenue_etl_dag to 2026-04-09 00:00:00+00:00, run_after=2026-04-10 00:00:00+00:00
[2026-04-09T10:07:07.957+0000] {processor.py:183} INFO - Processing /opt/airflow/dags/daily_revenue_etl_dag.py took 0.123 seconds
[2026-04-09T10:07:29.146+0000] {processor.py:161} INFO - Started process (PID=2470) to work on /opt/airflow/dags/daily_revenue_etl_dag.py
[2026-04-09T10:07:29.148+0000] {processor.py:830} INFO - Processing file /opt/airflow/dags/daily_revenue_etl_dag.py for tasks to queue
[2026-04-09T10:07:29.149+0000] {logging_mixin.py:188} INFO - [2026-04-09T10:07:29.149+0000] {dagbag.py:538} INFO - Filling up the DagBag from /opt/airflow/dags/daily_revenue_etl_dag.py
[2026-04-09T10:07:29.183+0000] {processor.py:840} INFO - DAG(s) 'daily_revenue_etl_dag' retrieved from /opt/airflow/dags/daily_revenue_etl_dag.py
[2026-04-09T10:07:29.210+0000] {logging_mixin.py:188} INFO - [2026-04-09T10:07:29.210+0000] {dag.py:3036} INFO - Sync 1 DAGs
[2026-04-09T10:07:29.228+0000] {logging_mixin.py:188} INFO - [2026-04-09T10:07:29.228+0000] {dag.py:3823} INFO - Setting next_dagrun for daily_revenue_etl_dag to 2026-04-09 00:00:00+00:00, run_after=2026-04-10 00:00:00+00:00
[2026-04-09T10:07:29.242+0000] {processor.py:183} INFO - Processing /opt/airflow/dags/daily_revenue_etl_dag.py took 0.101 seconds
[2026-04-09T10:07:59.321+0000] {processor.py:161} INFO - Started process (PID=2475) to work on /opt/airflow/dags/daily_revenue_etl_dag.py
[2026-04-09T10:07:59.323+0000] {processor.py:830} INFO - Processing file /opt/airflow/dags/daily_revenue_etl_dag.py for tasks to queue
[2026-04-09T10:07:59.324+0000] {logging_mixin.py:188} INFO - [2026-04-09T10:07:59.323+0000] {dagbag.py:538} INFO - Filling up the DagBag from /opt/airflow/dags/daily_revenue_etl_dag.py
[2026-04-09T10:07:59.345+0000] {processor.py:840} INFO - DAG(s) 'daily_revenue_etl_dag' retrieved from /opt/airflow/dags/daily_revenue_etl_dag.py
[2026-04-09T10:07:59.371+0000] {logging_mixin.py:188} INFO - [2026-04-09T10:07:59.370+0000] {dag.py:3036} INFO - Sync 1 DAGs
[2026-04-09T10:07:59.391+0000] {logging_mixin.py:188} INFO - [2026-04-09T10:07:59.390+0000] {dag.py:3823} INFO - Setting next_dagrun for daily_revenue_etl_dag to 2026-04-09 00:00:00+00:00, run_after=2026-04-10 00:00:00+00:00
[2026-04-09T10:07:59.410+0000] {processor.py:183} INFO - Processing /opt/airflow/dags/daily_revenue_etl_dag.py took 0.091 seconds
[2026-04-09T10:08:29.678+0000] {processor.py:161} INFO - Started process (PID=2480) to work on /opt/airflow/dags/daily_revenue_etl_dag.py
[2026-04-09T10:08:29.679+0000] {processor.py:830} INFO - Processing file /opt/airflow/dags/daily_revenue_etl_dag.py for tasks to queue
[2026-04-09T10:08:29.681+0000] {logging_mixin.py:188} INFO - [2026-04-09T10:08:29.681+0000] {dagbag.py:538} INFO - Filling up the DagBag from /opt/airflow/dags/daily_revenue_etl_dag.py
[2026-04-09T10:08:29.725+0000] {processor.py:840} INFO - DAG(s) 'daily_revenue_etl_dag' retrieved from /opt/airflow/dags/daily_revenue_etl_dag.py
[2026-04-09T10:08:29.776+0000] {logging_mixin.py:188} INFO - [2026-04-09T10:08:29.775+0000] {dag.py:3036} INFO - Sync 1 DAGs
[2026-04-09T10:08:29.813+0000] {logging_mixin.py:188} INFO - [2026-04-09T10:08:29.812+0000] {dag.py:3823} INFO - Setting next_dagrun for daily_revenue_etl_dag to 2026-04-09 00:00:00+00:00, run_after=2026-04-10 00:00:00+00:00
[2026-04-09T10:08:29.834+0000] {processor.py:183} INFO - Processing /opt/airflow/dags/daily_revenue_etl_dag.py took 0.162 seconds
[2026-04-09T10:32:23.498+0000] {processor.py:161} INFO - Started process (PID=2485) to work on /opt/airflow/dags/daily_revenue_etl_dag.py
[2026-04-09T10:32:23.499+0000] {processor.py:830} INFO - Processing file /opt/airflow/dags/daily_revenue_etl_dag.py for tasks to queue
[2026-04-09T10:32:23.500+0000] {logging_mixin.py:188} INFO - [2026-04-09T10:32:23.500+0000] {dagbag.py:538} INFO - Filling up the DagBag from /opt/airflow/dags/daily_revenue_etl_dag.py
[2026-04-09T10:32:23.523+0000] {processor.py:840} INFO - DAG(s) 'daily_revenue_etl_dag' retrieved from /opt/airflow/dags/daily_revenue_etl_dag.py
[2026-04-09T10:32:23.545+0000] {logging_mixin.py:188} INFO - [2026-04-09T10:32:23.545+0000] {dag.py:3036} INFO - Sync 1 DAGs
[2026-04-09T10:32:23.563+0000] {logging_mixin.py:188} INFO - [2026-04-09T10:32:23.563+0000] {dag.py:3823} INFO - Setting next_dagrun for daily_revenue_etl_dag to 2026-04-09 00:00:00+00:00, run_after=2026-04-10 00:00:00+00:00
[2026-04-09T10:32:23.580+0000] {processor.py:183} INFO - Processing /opt/airflow/dags/daily_revenue_etl_dag.py took 0.087 seconds
[2026-04-09T10:32:58.754+0000] {processor.py:161} INFO - Started process (PID=2490) to work on /opt/airflow/dags/daily_revenue_etl_dag.py
[2026-04-09T10:32:58.755+0000] {processor.py:830} INFO - Processing file /opt/airflow/dags/daily_revenue_etl_dag.py for tasks to queue
[2026-04-09T10:32:58.756+0000] {logging_mixin.py:188} INFO - [2026-04-09T10:32:58.756+0000] {dagbag.py:538} INFO - Filling up the DagBag from /opt/airflow/dags/daily_revenue_etl_dag.py
[2026-04-09T10:09:08.149+0000] {processor.py:840} INFO - DAG(s) 'daily_revenue_etl_dag' retrieved from /opt/airflow/dags/daily_revenue_etl_dag.py
[2026-04-09T10:09:08.178+0000] {logging_mixin.py:188} INFO - [2026-04-09T10:09:08.178+0000] {dag.py:3036} INFO - Sync 1 DAGs
[2026-04-09T10:09:08.202+0000] {logging_mixin.py:188} INFO - [2026-04-09T10:09:08.202+0000] {dag.py:3823} INFO - Setting next_dagrun for daily_revenue_etl_dag to 2026-04-09 00:00:00+00:00, run_after=2026-04-10 00:00:00+00:00
[2026-04-09T10:09:08.220+0000] {processor.py:183} INFO - Processing /opt/airflow/dags/daily_revenue_etl_dag.py took 0.095 seconds
[2026-04-09T10:09:38.390+0000] {processor.py:161} INFO - Started process (PID=2496) to work on /opt/airflow/dags/daily_revenue_etl_dag.py
[2026-04-09T10:09:38.391+0000] {processor.py:830} INFO - Processing file /opt/airflow/dags/daily_revenue_etl_dag.py for tasks to queue
[2026-04-09T10:09:38.392+0000] {logging_mixin.py:188} INFO - [2026-04-09T10:09:38.392+0000] {dagbag.py:538} INFO - Filling up the DagBag from /opt/airflow/dags/daily_revenue_etl_dag.py
[2026-04-09T10:09:38.408+0000] {processor.py:840} INFO - DAG(s) 'daily_revenue_etl_dag' retrieved from /opt/airflow/dags/daily_revenue_etl_dag.py
[2026-04-09T10:09:38.433+0000] {logging_mixin.py:188} INFO - [2026-04-09T10:09:38.433+0000] {dag.py:3036} INFO - Sync 1 DAGs
[2026-04-09T10:09:38.454+0000] {logging_mixin.py:188} INFO - [2026-04-09T10:09:38.453+0000] {dag.py:3823} INFO - Setting next_dagrun for daily_revenue_etl_dag to 2026-04-09 00:00:00+00:00, run_after=2026-04-10 00:00:00+00:00
[2026-04-09T10:09:38.469+0000] {processor.py:183} INFO - Processing /opt/airflow/dags/daily_revenue_etl_dag.py took 0.082 seconds
[2026-04-09T10:10:08.623+0000] {processor.py:161} INFO - Started process (PID=2501) to work on /opt/airflow/dags/daily_revenue_etl_dag.py
[2026-04-09T10:10:08.624+0000] {processor.py:830} INFO - Processing file /opt/airflow/dags/daily_revenue_etl_dag.py for tasks to queue
[2026-04-09T10:10:08.625+0000] {logging_mixin.py:188} INFO - [2026-04-09T10:10:08.624+0000] {dagbag.py:538} INFO - Filling up the DagBag from /opt/airflow/dags/daily_revenue_etl_dag.py
[2026-04-09T10:10:08.640+0000] {processor.py:840} INFO - DAG(s) 'daily_revenue_etl_dag' retrieved from /opt/airflow/dags/daily_revenue_etl_dag.py
[2026-04-09T10:10:08.667+0000] {logging_mixin.py:188} INFO - [2026-04-09T10:10:08.667+0000] {dag.py:3036} INFO - Sync 1 DAGs
[2026-04-09T10:10:08.689+0000] {logging_mixin.py:188} INFO - [2026-04-09T10:10:08.688+0000] {dag.py:3823} INFO - Setting next_dagrun for daily_revenue_etl_dag to 2026-04-09 00:00:00+00:00, run_after=2026-04-10 00:00:00+00:00
[2026-04-09T10:10:08.706+0000] {processor.py:183} INFO - Processing /opt/airflow/dags/daily_revenue_etl_dag.py took 0.086 seconds
[2026-04-09T10:10:38.799+0000] {processor.py:161} INFO - Started process (PID=2506) to work on /opt/airflow/dags/daily_revenue_etl_dag.py
[2026-04-09T10:10:38.800+0000] {processor.py:830} INFO - Processing file /opt/airflow/dags/daily_revenue_etl_dag.py for tasks to queue
[2026-04-09T10:10:38.801+0000] {logging_mixin.py:188} INFO - [2026-04-09T10:10:38.800+0000] {dagbag.py:538} INFO - Filling up the DagBag from /opt/airflow/dags/daily_revenue_etl_dag.py
[2026-04-09T10:10:38.818+0000] {processor.py:840} INFO - DAG(s) 'daily_revenue_etl_dag' retrieved from /opt/airflow/dags/daily_revenue_etl_dag.py
[2026-04-09T10:10:38.845+0000] {logging_mixin.py:188} INFO - [2026-04-09T10:10:38.844+0000] {dag.py:3036} INFO - Sync 1 DAGs
[2026-04-09T10:10:38.884+0000] {logging_mixin.py:188} INFO - [2026-04-09T10:10:38.883+0000] {dag.py:3823} INFO - Setting next_dagrun for daily_revenue_etl_dag to 2026-04-09 00:00:00+00:00, run_after=2026-04-10 00:00:00+00:00
[2026-04-09T10:10:38.919+0000] {processor.py:183} INFO - Processing /opt/airflow/dags/daily_revenue_etl_dag.py took 0.123 seconds
[2026-04-09T10:34:49.646+0000] {processor.py:161} INFO - Started process (PID=2511) to work on /opt/airflow/dags/daily_revenue_etl_dag.py
[2026-04-09T10:34:49.647+0000] {processor.py:830} INFO - Processing file /opt/airflow/dags/daily_revenue_etl_dag.py for tasks to queue
[2026-04-09T10:34:49.648+0000] {logging_mixin.py:188} INFO - [2026-04-09T10:34:49.648+0000] {dagbag.py:538} INFO - Filling up the DagBag from /opt/airflow/dags/daily_revenue_etl_dag.py
[2026-04-09T10:34:49.668+0000] {processor.py:840} INFO - DAG(s) 'daily_revenue_etl_dag' retrieved from /opt/airflow/dags/daily_revenue_etl_dag.py
[2026-04-09T10:34:49.699+0000] {logging_mixin.py:188} INFO - [2026-04-09T10:34:49.699+0000] {dag.py:3036} INFO - Sync 1 DAGs
[2026-04-09T10:10:59.154+0000] {logging_mixin.py:188} INFO - [2026-04-09T10:10:59.154+0000] {dag.py:3823} INFO - Setting next_dagrun for daily_revenue_etl_dag to 2026-04-09 00:00:00+00:00, run_after=2026-04-10 00:00:00+00:00
[2026-04-09T10:10:59.173+0000] {processor.py:183} INFO - Processing /opt/airflow/dags/daily_revenue_etl_dag.py took 0.104 seconds
[2026-04-09T10:34:53.813+0000] {processor.py:161} INFO - Started process (PID=2516) to work on /opt/airflow/dags/daily_revenue_etl_dag.py
[2026-04-09T10:34:53.818+0000] {processor.py:830} INFO - Processing file /opt/airflow/dags/daily_revenue_etl_dag.py for tasks to queue
[2026-04-09T10:34:53.820+0000] {logging_mixin.py:188} INFO - [2026-04-09T10:34:53.820+0000] {dagbag.py:538} INFO - Filling up the DagBag from /opt/airflow/dags/daily_revenue_etl_dag.py
[2026-04-09T10:34:53.852+0000] {processor.py:840} INFO - DAG(s) 'daily_revenue_etl_dag' retrieved from /opt/airflow/dags/daily_revenue_etl_dag.py
[2026-04-09T10:34:53.880+0000] {logging_mixin.py:188} INFO - [2026-04-09T10:34:53.880+0000] {dag.py:3036} INFO - Sync 1 DAGs
[2026-04-09T10:11:03.315+0000] {logging_mixin.py:188} INFO - [2026-04-09T10:11:03.315+0000] {dag.py:3823} INFO - Setting next_dagrun for daily_revenue_etl_dag to 2026-04-09 00:00:00+00:00, run_after=2026-04-10 00:00:00+00:00
[2026-04-09T10:11:03.333+0000] {processor.py:183} INFO - Processing /opt/airflow/dags/daily_revenue_etl_dag.py took 0.112 seconds
[2026-04-09T10:34:58.843+0000] {processor.py:161} INFO - Started process (PID=2521) to work on /opt/airflow/dags/daily_revenue_etl_dag.py
[2026-04-09T10:34:58.844+0000] {processor.py:830} INFO - Processing file /opt/airflow/dags/daily_revenue_etl_dag.py for tasks to queue
[2026-04-09T10:34:58.845+0000] {logging_mixin.py:188} INFO - [2026-04-09T10:34:58.845+0000] {dagbag.py:538} INFO - Filling up the DagBag from /opt/airflow/dags/daily_revenue_etl_dag.py
[2026-04-09T10:34:58.863+0000] {processor.py:840} INFO - DAG(s) 'daily_revenue_etl_dag' retrieved from /opt/airflow/dags/daily_revenue_etl_dag.py
[2026-04-09T10:34:58.884+0000] {logging_mixin.py:188} INFO - [2026-04-09T10:34:58.884+0000] {dag.py:3036} INFO - Sync 1 DAGs
[2026-04-09T10:34:58.904+0000] {logging_mixin.py:188} INFO - [2026-04-09T10:34:58.904+0000] {dag.py:3823} INFO - Setting next_dagrun for daily_revenue_etl_dag to 2026-04-09 00:00:00+00:00, run_after=2026-04-10 00:00:00+00:00
[2026-04-09T10:11:08.333+0000] {processor.py:183} INFO - Processing /opt/airflow/dags/daily_revenue_etl_dag.py took 0.084 seconds
[2026-04-09T10:35:03.875+0000] {processor.py:161} INFO - Started process (PID=2526) to work on /opt/airflow/dags/daily_revenue_etl_dag.py
[2026-04-09T10:35:03.876+0000] {processor.py:830} INFO - Processing file /opt/airflow/dags/daily_revenue_etl_dag.py for tasks to queue
[2026-04-09T10:35:03.877+0000] {logging_mixin.py:188} INFO - [2026-04-09T10:35:03.877+0000] {dagbag.py:538} INFO - Filling up the DagBag from /opt/airflow/dags/daily_revenue_etl_dag.py
[2026-04-09T10:35:03.892+0000] {processor.py:840} INFO - DAG(s) 'daily_revenue_etl_dag' retrieved from /opt/airflow/dags/daily_revenue_etl_dag.py
[2026-04-09T10:35:03.915+0000] {logging_mixin.py:188} INFO - [2026-04-09T10:35:03.915+0000] {dag.py:3036} INFO - Sync 1 DAGs
[2026-04-09T10:11:13.350+0000] {logging_mixin.py:188} INFO - [2026-04-09T10:11:13.349+0000] {dag.py:3823} INFO - Setting next_dagrun for daily_revenue_etl_dag to 2026-04-09 00:00:00+00:00, run_after=2026-04-10 00:00:00+00:00
[2026-04-09T10:11:13.376+0000] {processor.py:183} INFO - Processing /opt/airflow/dags/daily_revenue_etl_dag.py took 0.088 seconds
[2026-04-09T10:11:43.572+0000] {processor.py:161} INFO - Started process (PID=2531) to work on /opt/airflow/dags/daily_revenue_etl_dag.py
[2026-04-09T10:11:43.573+0000] {processor.py:830} INFO - Processing file /opt/airflow/dags/daily_revenue_etl_dag.py for tasks to queue
[2026-04-09T10:11:43.574+0000] {logging_mixin.py:188} INFO - [2026-04-09T10:11:43.573+0000] {dagbag.py:538} INFO - Filling up the DagBag from /opt/airflow/dags/daily_revenue_etl_dag.py
[2026-04-09T10:11:43.589+0000] {processor.py:840} INFO - DAG(s) 'daily_revenue_etl_dag' retrieved from /opt/airflow/dags/daily_revenue_etl_dag.py
[2026-04-09T10:11:43.611+0000] {logging_mixin.py:188} INFO - [2026-04-09T10:11:43.611+0000] {dag.py:3036} INFO - Sync 1 DAGs
[2026-04-09T10:11:43.632+0000] {logging_mixin.py:188} INFO - [2026-04-09T10:11:43.631+0000] {dag.py:3823} INFO - Setting next_dagrun for daily_revenue_etl_dag to 2026-04-09 00:00:00+00:00, run_after=2026-04-10 00:00:00+00:00
[2026-04-09T10:11:43.648+0000] {processor.py:183} INFO - Processing /opt/airflow/dags/daily_revenue_etl_dag.py took 0.079 seconds
[2026-04-09T10:12:13.748+0000] {processor.py:161} INFO - Started process (PID=2537) to work on /opt/airflow/dags/daily_revenue_etl_dag.py
[2026-04-09T10:12:13.749+0000] {processor.py:830} INFO - Processing file /opt/airflow/dags/daily_revenue_etl_dag.py for tasks to queue
[2026-04-09T10:12:13.750+0000] {logging_mixin.py:188} INFO - [2026-04-09T10:12:13.750+0000] {dagbag.py:538} INFO - Filling up the DagBag from /opt/airflow/dags/daily_revenue_etl_dag.py
[2026-04-09T10:12:13.769+0000] {processor.py:840} INFO - DAG(s) 'daily_revenue_etl_dag' retrieved from /opt/airflow/dags/daily_revenue_etl_dag.py
[2026-04-09T10:12:13.801+0000] {logging_mixin.py:188} INFO - [2026-04-09T10:12:13.801+0000] {dag.py:3036} INFO - Sync 1 DAGs
[2026-04-09T10:12:13.827+0000] {logging_mixin.py:188} INFO - [2026-04-09T10:12:13.827+0000] {dag.py:3823} INFO - Setting next_dagrun for daily_revenue_etl_dag to 2026-04-09 00:00:00+00:00, run_after=2026-04-10 00:00:00+00:00
[2026-04-09T10:12:13.849+0000] {processor.py:183} INFO - Processing /opt/airflow/dags/daily_revenue_etl_dag.py took 0.104 seconds
[2026-04-09T10:36:19.163+0000] {processor.py:161} INFO - Started process (PID=2543) to work on /opt/airflow/dags/daily_revenue_etl_dag.py
[2026-04-09T10:36:19.164+0000] {processor.py:830} INFO - Processing file /opt/airflow/dags/daily_revenue_etl_dag.py for tasks to queue
[2026-04-09T10:36:19.165+0000] {logging_mixin.py:188} INFO - [2026-04-09T10:36:19.165+0000] {dagbag.py:538} INFO - Filling up the DagBag from /opt/airflow/dags/daily_revenue_etl_dag.py
[2026-04-09T10:36:19.184+0000] {processor.py:840} INFO - DAG(s) 'daily_revenue_etl_dag' retrieved from /opt/airflow/dags/daily_revenue_etl_dag.py
[2026-04-09T10:36:19.234+0000] {logging_mixin.py:188} INFO - [2026-04-09T10:36:19.234+0000] {dag.py:3036} INFO - Sync 1 DAGs
[2026-04-09T10:36:19.274+0000] {logging_mixin.py:188} INFO - [2026-04-09T10:36:19.273+0000] {dag.py:3823} INFO - Setting next_dagrun for daily_revenue_etl_dag to 2026-04-09 00:00:00+00:00, run_after=2026-04-10 00:00:00+00:00
[2026-04-09T10:36:19.301+0000] {processor.py:183} INFO - Processing /opt/airflow/dags/daily_revenue_etl_dag.py took 0.141 seconds
[2026-04-09T10:36:49.341+0000] {processor.py:161} INFO - Started process (PID=2549) to work on /opt/airflow/dags/daily_revenue_etl_dag.py
[2026-04-09T10:36:49.342+0000] {processor.py:830} INFO - Processing file /opt/airflow/dags/daily_revenue_etl_dag.py for tasks to queue
[2026-04-09T10:36:49.343+0000] {logging_mixin.py:188} INFO - [2026-04-09T10:36:49.343+0000] {dagbag.py:538} INFO - Filling up the DagBag from /opt/airflow/dags/daily_revenue_etl_dag.py
[2026-04-09T10:36:49.365+0000] {processor.py:840} INFO - DAG(s) 'daily_revenue_etl_dag' retrieved from /opt/airflow/dags/daily_revenue_etl_dag.py
[2026-04-09T10:12:58.795+0000] {logging_mixin.py:188} INFO - [2026-04-09T10:12:58.795+0000] {dag.py:3036} INFO - Sync 1 DAGs
[2026-04-09T10:12:58.826+0000] {logging_mixin.py:188} INFO - [2026-04-09T10:12:58.826+0000] {dag.py:3823} INFO - Setting next_dagrun for daily_revenue_etl_dag to 2026-04-09 00:00:00+00:00, run_after=2026-04-10 00:00:00+00:00
[2026-04-09T10:12:58.853+0000] {processor.py:183} INFO - Processing /opt/airflow/dags/daily_revenue_etl_dag.py took 0.117 seconds
[2026-04-09T10:13:29.048+0000] {processor.py:161} INFO - Started process (PID=2555) to work on /opt/airflow/dags/daily_revenue_etl_dag.py
[2026-04-09T10:13:29.050+0000] {processor.py:830} INFO - Processing file /opt/airflow/dags/daily_revenue_etl_dag.py for tasks to queue
[2026-04-09T10:13:29.051+0000] {logging_mixin.py:188} INFO - [2026-04-09T10:13:29.051+0000] {dagbag.py:538} INFO - Filling up the DagBag from /opt/airflow/dags/daily_revenue_etl_dag.py
[2026-04-09T10:13:29.075+0000] {processor.py:840} INFO - DAG(s) 'daily_revenue_etl_dag' retrieved from /opt/airflow/dags/daily_revenue_etl_dag.py
[2026-04-09T10:13:29.105+0000] {logging_mixin.py:188} INFO - [2026-04-09T10:13:29.105+0000] {dag.py:3036} INFO - Sync 1 DAGs
[2026-04-09T10:13:29.133+0000] {logging_mixin.py:188} INFO - [2026-04-09T10:13:29.133+0000] {dag.py:3823} INFO - Setting next_dagrun for daily_revenue_etl_dag to 2026-04-09 00:00:00+00:00, run_after=2026-04-10 00:00:00+00:00
[2026-04-09T10:13:29.157+0000] {processor.py:183} INFO - Processing /opt/airflow/dags/daily_revenue_etl_dag.py took 0.116 seconds
[2026-04-09T10:13:59.286+0000] {processor.py:161} INFO - Started process (PID=2561) to work on /opt/airflow/dags/daily_revenue_etl_dag.py
[2026-04-09T10:13:59.288+0000] {processor.py:830} INFO - Processing file /opt/airflow/dags/daily_revenue_etl_dag.py for tasks to queue
[2026-04-09T10:13:59.289+0000] {logging_mixin.py:188} INFO - [2026-04-09T10:13:59.289+0000] {dagbag.py:538} INFO - Filling up the DagBag from /opt/airflow/dags/daily_revenue_etl_dag.py
[2026-04-09T10:13:59.310+0000] {processor.py:840} INFO - DAG(s) 'daily_revenue_etl_dag' retrieved from /opt/airflow/dags/daily_revenue_etl_dag.py
[2026-04-09T10:13:59.333+0000] {logging_mixin.py:188} INFO - [2026-04-09T10:13:59.333+0000] {dag.py:3036} INFO - Sync 1 DAGs
[2026-04-09T10:13:59.353+0000] {logging_mixin.py:188} INFO - [2026-04-09T10:13:59.353+0000] {dag.py:3823} INFO - Setting next_dagrun for daily_revenue_etl_dag to 2026-04-09 00:00:00+00:00, run_after=2026-04-10 00:00:00+00:00
[2026-04-09T10:13:59.371+0000] {processor.py:183} INFO - Processing /opt/airflow/dags/daily_revenue_etl_dag.py took 0.090 seconds
[2026-04-09T10:37:54.152+0000] {processor.py:161} INFO - Started process (PID=2566) to work on /opt/airflow/dags/daily_revenue_etl_dag.py
[2026-04-09T10:37:54.161+0000] {processor.py:830} INFO - Processing file /opt/airflow/dags/daily_revenue_etl_dag.py for tasks to queue
[2026-04-09T10:37:54.169+0000] {logging_mixin.py:188} INFO - [2026-04-09T10:37:54.167+0000] {dagbag.py:538} INFO - Filling up the DagBag from /opt/airflow/dags/daily_revenue_etl_dag.py
[2026-04-09T10:14:03.734+0000] {processor.py:840} INFO - DAG(s) 'daily_revenue_etl_dag' retrieved from /opt/airflow/dags/daily_revenue_etl_dag.py
[2026-04-09T10:14:03.890+0000] {logging_mixin.py:188} INFO - [2026-04-09T10:14:03.888+0000] {dag.py:3036} INFO - Sync 1 DAGs
[2026-04-09T10:14:03.996+0000] {logging_mixin.py:188} INFO - [2026-04-09T10:14:03.993+0000] {dag.py:3823} INFO - Setting next_dagrun for daily_revenue_etl_dag to 2026-04-09 00:00:00+00:00, run_after=2026-04-10 00:00:00+00:00
[2026-04-09T10:14:04.066+0000] {processor.py:183} INFO - Processing /opt/airflow/dags/daily_revenue_etl_dag.py took 0.496 seconds
[2026-04-09T10:14:08.712+0000] {processor.py:161} INFO - Started process (PID=2571) to work on /opt/airflow/dags/daily_revenue_etl_dag.py
[2026-04-09T10:14:08.719+0000] {processor.py:830} INFO - Processing file /opt/airflow/dags/daily_revenue_etl_dag.py for tasks to queue
[2026-04-09T10:14:08.725+0000] {logging_mixin.py:188} INFO - [2026-04-09T10:14:08.724+0000] {dagbag.py:538} INFO - Filling up the DagBag from /opt/airflow/dags/daily_revenue_etl_dag.py
[2026-04-09T10:14:08.868+0000] {processor.py:840} INFO - DAG(s) 'daily_revenue_etl_dag' retrieved from /opt/airflow/dags/daily_revenue_etl_dag.py
[2026-04-09T10:14:08.957+0000] {logging_mixin.py:188} INFO - [2026-04-09T10:14:08.956+0000] {dag.py:3036} INFO - Sync 1 DAGs
[2026-04-09T10:14:09.052+0000] {logging_mixin.py:188} INFO - [2026-04-09T10:14:09.051+0000] {dag.py:3823} INFO - Setting next_dagrun for daily_revenue_etl_dag to 2026-04-09 00:00:00+00:00, run_after=2026-04-10 00:00:00+00:00
[2026-04-09T10:14:09.143+0000] {processor.py:183} INFO - Processing /opt/airflow/dags/daily_revenue_etl_dag.py took 0.438 seconds
[2026-04-09T10:38:19.164+0000] {processor.py:161} INFO - Started process (PID=2576) to work on /opt/airflow/dags/daily_revenue_etl_dag.py
[2026-04-09T10:38:19.166+0000] {processor.py:830} INFO - Processing file /opt/airflow/dags/daily_revenue_etl_dag.py for tasks to queue
[2026-04-09T10:38:19.169+0000] {logging_mixin.py:188} INFO - [2026-04-09T10:38:19.168+0000] {dagbag.py:538} INFO - Filling up the DagBag from /opt/airflow/dags/daily_revenue_etl_dag.py
[2026-04-09T10:38:19.215+0000] {processor.py:840} INFO - DAG(s) 'daily_revenue_etl_dag' retrieved from /opt/airflow/dags/daily_revenue_etl_dag.py
[2026-04-09T10:38:19.263+0000] {logging_mixin.py:188} INFO - [2026-04-09T10:38:19.263+0000] {dag.py:3036} INFO - Sync 1 DAGs
[2026-04-09T10:14:28.789+0000] {logging_mixin.py:188} INFO - [2026-04-09T10:14:28.789+0000] {dag.py:3823} INFO - Setting next_dagrun for daily_revenue_etl_dag to 2026-04-09 00:00:00+00:00, run_after=2026-04-10 00:00:00+00:00
[2026-04-09T10:14:28.872+0000] {processor.py:183} INFO - Processing /opt/airflow/dags/daily_revenue_etl_dag.py took 0.300 seconds
[2026-04-09T10:14:33.778+0000] {processor.py:161} INFO - Started process (PID=2581) to work on /opt/airflow/dags/daily_revenue_etl_dag.py
[2026-04-09T10:14:33.815+0000] {processor.py:830} INFO - Processing file /opt/airflow/dags/daily_revenue_etl_dag.py for tasks to queue
[2026-04-09T10:14:33.819+0000] {logging_mixin.py:188} INFO - [2026-04-09T10:14:33.818+0000] {dagbag.py:538} INFO - Filling up the DagBag from /opt/airflow/dags/daily_revenue_etl_dag.py
[2026-04-09T10:14:33.878+0000] {processor.py:840} INFO - DAG(s) 'daily_revenue_etl_dag' retrieved from /opt/airflow/dags/daily_revenue_etl_dag.py
[2026-04-09T10:14:33.979+0000] {logging_mixin.py:188} INFO - [2026-04-09T10:14:33.979+0000] {dag.py:3036} INFO - Sync 1 DAGs
[2026-04-09T10:14:34.055+0000] {logging_mixin.py:188} INFO - [2026-04-09T10:14:34.054+0000] {dag.py:3823} INFO - Setting next_dagrun for daily_revenue_etl_dag to 2026-04-09 00:00:00+00:00, run_after=2026-04-10 00:00:00+00:00
[2026-04-09T10:14:34.134+0000] {processor.py:183} INFO - Processing /opt/airflow/dags/daily_revenue_etl_dag.py took 0.373 seconds
[2026-04-09T10:14:44.013+0000] {processor.py:161} INFO - Started process (PID=2587) to work on /opt/airflow/dags/daily_revenue_etl_dag.py
[2026-04-09T10:14:44.021+0000] {processor.py:830} INFO - Processing file /opt/airflow/dags/daily_revenue_etl_dag.py for tasks to queue
[2026-04-09T10:14:44.030+0000] {logging_mixin.py:188} INFO - [2026-04-09T10:14:44.027+0000] {dagbag.py:538} INFO - Filling up the DagBag from /opt/airflow/dags/daily_revenue_etl_dag.py
[2026-04-09T10:14:44.300+0000] {processor.py:840} INFO - DAG(s) 'daily_revenue_etl_dag' retrieved from /opt/airflow/dags/daily_revenue_etl_dag.py
[2026-04-09T10:14:44.697+0000] {logging_mixin.py:188} INFO - [2026-04-09T10:14:44.696+0000] {dag.py:3036} INFO - Sync 1 DAGs
[2026-04-09T10:14:45.053+0000] {logging_mixin.py:188} INFO - [2026-04-09T10:14:45.043+0000] {dag.py:3823} INFO - Setting next_dagrun for daily_revenue_etl_dag to 2026-04-09 00:00:00+00:00, run_after=2026-04-10 00:00:00+00:00
[2026-04-09T10:14:45.387+0000] {processor.py:183} INFO - Processing /opt/airflow/dags/daily_revenue_etl_dag.py took 1.428 seconds
[2026-04-09T10:38:39.330+0000] {processor.py:161} INFO - Started process (PID=2592) to work on /opt/airflow/dags/daily_revenue_etl_dag.py
[2026-04-09T10:38:39.349+0000] {processor.py:830} INFO - Processing file /opt/airflow/dags/daily_revenue_etl_dag.py for tasks to queue
[2026-04-09T10:38:39.356+0000] {logging_mixin.py:188} INFO - [2026-04-09T10:38:39.352+0000] {dagbag.py:538} INFO - Filling up the DagBag from /opt/airflow/dags/daily_revenue_etl_dag.py
[2026-04-09T10:14:49.001+0000] {processor.py:840} INFO - DAG(s) 'daily_revenue_etl_dag' retrieved from /opt/airflow/dags/daily_revenue_etl_dag.py
[2026-04-09T10:14:49.278+0000] {logging_mixin.py:188} INFO - [2026-04-09T10:14:49.273+0000] {dag.py:3036} INFO - Sync 1 DAGs
[2026-04-09T10:14:49.477+0000] {logging_mixin.py:188} INFO - [2026-04-09T10:14:49.474+0000] {dag.py:3823} INFO - Setting next_dagrun for daily_revenue_etl_dag to 2026-04-09 00:00:00+00:00, run_after=2026-04-10 00:00:00+00:00
[2026-04-09T10:14:49.686+0000] {processor.py:183} INFO - Processing /opt/airflow/dags/daily_revenue_etl_dag.py took 0.956 seconds
[2026-04-09T10:15:20.146+0000] {processor.py:161} INFO - Started process (PID=2599) to work on /opt/airflow/dags/daily_revenue_etl_dag.py
[2026-04-09T10:15:20.155+0000] {processor.py:830} INFO - Processing file /opt/airflow/dags/daily_revenue_etl_dag.py for tasks to queue
[2026-04-09T10:15:20.160+0000] {logging_mixin.py:188} INFO - [2026-04-09T10:15:20.158+0000] {dagbag.py:538} INFO - Filling up the DagBag from /opt/airflow/dags/daily_revenue_etl_dag.py
[2026-04-09T10:15:20.240+0000] {processor.py:840} INFO - DAG(s) 'daily_revenue_etl_dag' retrieved from /opt/airflow/dags/daily_revenue_etl_dag.py
[2026-04-09T10:15:20.302+0000] {logging_mixin.py:188} INFO - [2026-04-09T10:15:20.301+0000] {dag.py:3036} INFO - Sync 1 DAGs
[2026-04-09T10:15:20.371+0000] {logging_mixin.py:188} INFO - [2026-04-09T10:15:20.370+0000] {dag.py:3823} INFO - Setting next_dagrun for daily_revenue_etl_dag to 2026-04-09 00:00:00+00:00, run_after=2026-04-10 00:00:00+00:00
[2026-04-09T10:15:20.435+0000] {processor.py:183} INFO - Processing /opt/airflow/dags/daily_revenue_etl_dag.py took 0.299 seconds
[2026-04-09T10:15:38.973+0000] {processor.py:161} INFO - Started process (PID=2604) to work on /opt/airflow/dags/daily_revenue_etl_dag.py
[2026-04-09T10:15:38.979+0000] {processor.py:830} INFO - Processing file /opt/airflow/dags/daily_revenue_etl_dag.py for tasks to queue
[2026-04-09T10:15:38.981+0000] {logging_mixin.py:188} INFO - [2026-04-09T10:15:38.980+0000] {dagbag.py:538} INFO - Filling up the DagBag from /opt/airflow/dags/daily_revenue_etl_dag.py
[2026-04-09T10:15:39.102+0000] {processor.py:840} INFO - DAG(s) 'daily_revenue_etl_dag' retrieved from /opt/airflow/dags/daily_revenue_etl_dag.py
[2026-04-09T10:15:39.222+0000] {logging_mixin.py:188} INFO - [2026-04-09T10:15:39.221+0000] {dag.py:3036} INFO - Sync 1 DAGs
[2026-04-09T10:15:39.357+0000] {logging_mixin.py:188} INFO - [2026-04-09T10:15:39.356+0000] {dag.py:3823} INFO - Setting next_dagrun for daily_revenue_etl_dag to 2026-04-09 00:00:00+00:00, run_after=2026-04-10 00:00:00+00:00
[2026-04-09T10:15:39.454+0000] {processor.py:183} INFO - Processing /opt/airflow/dags/daily_revenue_etl_dag.py took 0.505 seconds
[2026-04-09T10:39:44.389+0000] {processor.py:161} INFO - Started process (PID=2609) to work on /opt/airflow/dags/daily_revenue_etl_dag.py
[2026-04-09T10:39:44.394+0000] {processor.py:830} INFO - Processing file /opt/airflow/dags/daily_revenue_etl_dag.py for tasks to queue
[2026-04-09T10:39:44.397+0000] {logging_mixin.py:188} INFO - [2026-04-09T10:39:44.396+0000] {dagbag.py:538} INFO - Filling up the DagBag from /opt/airflow/dags/daily_revenue_etl_dag.py
[2026-04-09T10:15:53.937+0000] {processor.py:840} INFO - DAG(s) 'daily_revenue_etl_dag' retrieved from /opt/airflow/dags/daily_revenue_etl_dag.py
[2026-04-09T10:15:54.112+0000] {logging_mixin.py:188} INFO - [2026-04-09T10:15:54.111+0000] {dag.py:3036} INFO - Sync 1 DAGs
[2026-04-09T10:15:54.242+0000] {logging_mixin.py:188} INFO - [2026-04-09T10:15:54.240+0000] {dag.py:3823} INFO - Setting next_dagrun for daily_revenue_etl_dag to 2026-04-09 00:00:00+00:00, run_after=2026-04-10 00:00:00+00:00
[2026-04-09T10:15:54.387+0000] {processor.py:183} INFO - Processing /opt/airflow/dags/daily_revenue_etl_dag.py took 0.594 seconds
[2026-04-09T10:39:49.352+0000] {processor.py:161} INFO - Started process (PID=2614) to work on /opt/airflow/dags/daily_revenue_etl_dag.py
[2026-04-09T10:39:49.358+0000] {processor.py:830} INFO - Processing file /opt/airflow/dags/daily_revenue_etl_dag.py for tasks to queue
[2026-04-09T10:39:49.365+0000] {logging_mixin.py:188} INFO - [2026-04-09T10:39:49.363+0000] {dagbag.py:538} INFO - Filling up the DagBag from /opt/airflow/dags/daily_revenue_etl_dag.py
[2026-04-09T10:15:58.893+0000] {processor.py:840} INFO - DAG(s) 'daily_revenue_etl_dag' retrieved from /opt/airflow/dags/daily_revenue_etl_dag.py
[2026-04-09T10:15:59.051+0000] {logging_mixin.py:188} INFO - [2026-04-09T10:15:59.050+0000] {dag.py:3036} INFO - Sync 1 DAGs
[2026-04-09T10:15:59.167+0000] {logging_mixin.py:188} INFO - [2026-04-09T10:15:59.164+0000] {dag.py:3823} INFO - Setting next_dagrun for daily_revenue_etl_dag to 2026-04-09 00:00:00+00:00, run_after=2026-04-10 00:00:00+00:00
[2026-04-09T10:15:59.270+0000] {processor.py:183} INFO - Processing /opt/airflow/dags/daily_revenue_etl_dag.py took 0.517 seconds
[2026-04-09T10:40:04.472+0000] {processor.py:161} INFO - Started process (PID=2621) to work on /opt/airflow/dags/daily_revenue_etl_dag.py
[2026-04-09T10:40:04.478+0000] {processor.py:830} INFO - Processing file /opt/airflow/dags/daily_revenue_etl_dag.py for tasks to queue
[2026-04-09T10:40:04.485+0000] {logging_mixin.py:188} INFO - [2026-04-09T10:40:04.482+0000] {dagbag.py:538} INFO - Filling up the DagBag from /opt/airflow/dags/daily_revenue_etl_dag.py
[2026-04-09T10:40:04.560+0000] {processor.py:840} INFO - DAG(s) 'daily_revenue_etl_dag' retrieved from /opt/airflow/dags/daily_revenue_etl_dag.py
[2026-04-09T10:16:14.110+0000] {logging_mixin.py:188} INFO - [2026-04-09T10:16:14.109+0000] {dag.py:3036} INFO - Sync 1 DAGs
[2026-04-09T10:16:14.260+0000] {logging_mixin.py:188} INFO - [2026-04-09T10:16:14.258+0000] {dag.py:3823} INFO - Setting next_dagrun for daily_revenue_etl_dag to 2026-04-09 00:00:00+00:00, run_after=2026-04-10 00:00:00+00:00
[2026-04-09T10:16:14.500+0000] {processor.py:183} INFO - Processing /opt/airflow/dags/daily_revenue_etl_dag.py took 0.651 seconds
[2026-04-09T10:16:19.038+0000] {processor.py:161} INFO - Started process (PID=2626) to work on /opt/airflow/dags/daily_revenue_etl_dag.py
[2026-04-09T10:16:19.051+0000] {processor.py:830} INFO - Processing file /opt/airflow/dags/daily_revenue_etl_dag.py for tasks to queue
[2026-04-09T10:16:19.059+0000] {logging_mixin.py:188} INFO - [2026-04-09T10:16:19.056+0000] {dagbag.py:538} INFO - Filling up the DagBag from /opt/airflow/dags/daily_revenue_etl_dag.py
[2026-04-09T10:16:19.161+0000] {processor.py:840} INFO - DAG(s) 'daily_revenue_etl_dag' retrieved from /opt/airflow/dags/daily_revenue_etl_dag.py
[2026-04-09T10:16:19.272+0000] {logging_mixin.py:188} INFO - [2026-04-09T10:16:19.271+0000] {dag.py:3036} INFO - Sync 1 DAGs
[2026-04-09T10:16:19.377+0000] {logging_mixin.py:188} INFO - [2026-04-09T10:16:19.375+0000] {dag.py:3823} INFO - Setting next_dagrun for daily_revenue_etl_dag to 2026-04-09 00:00:00+00:00, run_after=2026-04-10 00:00:00+00:00
[2026-04-09T10:16:19.493+0000] {processor.py:183} INFO - Processing /opt/airflow/dags/daily_revenue_etl_dag.py took 0.471 seconds
[2026-04-09T10:40:19.351+0000] {processor.py:161} INFO - Started process (PID=2631) to work on /opt/airflow/dags/daily_revenue_etl_dag.py
[2026-04-09T10:40:19.355+0000] {processor.py:830} INFO - Processing file /opt/airflow/dags/daily_revenue_etl_dag.py for tasks to queue
[2026-04-09T10:40:19.356+0000] {logging_mixin.py:188} INFO - [2026-04-09T10:40:19.356+0000] {dagbag.py:538} INFO - Filling up the DagBag from /opt/airflow/dags/daily_revenue_etl_dag.py
[2026-04-09T10:16:28.824+0000] {processor.py:840} INFO - DAG(s) 'daily_revenue_etl_dag' retrieved from /opt/airflow/dags/daily_revenue_etl_dag.py
[2026-04-09T10:16:28.912+0000] {logging_mixin.py:188} INFO - [2026-04-09T10:16:28.912+0000] {dag.py:3036} INFO - Sync 1 DAGs
[2026-04-09T10:16:28.955+0000] {logging_mixin.py:188} INFO - [2026-04-09T10:16:28.955+0000] {dag.py:3823} INFO - Setting next_dagrun for daily_revenue_etl_dag to 2026-04-09 00:00:00+00:00, run_after=2026-04-10 00:00:00+00:00
[2026-04-09T10:16:28.999+0000] {processor.py:183} INFO - Processing /opt/airflow/dags/daily_revenue_etl_dag.py took 0.232 seconds
[2026-04-09T10:40:24.436+0000] {processor.py:161} INFO - Started process (PID=2636) to work on /opt/airflow/dags/daily_revenue_etl_dag.py
[2026-04-09T10:40:24.442+0000] {processor.py:830} INFO - Processing file /opt/airflow/dags/daily_revenue_etl_dag.py for tasks to queue
[2026-04-09T10:40:24.445+0000] {logging_mixin.py:188} INFO - [2026-04-09T10:40:24.444+0000] {dagbag.py:538} INFO - Filling up the DagBag from /opt/airflow/dags/daily_revenue_etl_dag.py
[2026-04-09T10:40:24.507+0000] {processor.py:840} INFO - DAG(s) 'daily_revenue_etl_dag' retrieved from /opt/airflow/dags/daily_revenue_etl_dag.py
[2026-04-09T10:40:24.570+0000] {logging_mixin.py:188} INFO - [2026-04-09T10:40:24.570+0000] {dag.py:3036} INFO - Sync 1 DAGs
[2026-04-09T10:16:34.063+0000] {logging_mixin.py:188} INFO - [2026-04-09T10:16:34.062+0000] {dag.py:3823} INFO - Setting next_dagrun for daily_revenue_etl_dag to 2026-04-09 00:00:00+00:00, run_after=2026-04-10 00:00:00+00:00
[2026-04-09T10:16:34.231+0000] {processor.py:183} INFO - Processing /opt/airflow/dags/daily_revenue_etl_dag.py took 0.390 seconds
[2026-04-09T10:17:04.341+0000] {processor.py:161} INFO - Started process (PID=2641) to work on /opt/airflow/dags/daily_revenue_etl_dag.py
[2026-04-09T10:17:04.343+0000] {processor.py:830} INFO - Processing file /opt/airflow/dags/daily_revenue_etl_dag.py for tasks to queue
[2026-04-09T10:17:04.345+0000] {logging_mixin.py:188} INFO - [2026-04-09T10:17:04.345+0000] {dagbag.py:538} INFO - Filling up the DagBag from /opt/airflow/dags/daily_revenue_etl_dag.py
[2026-04-09T10:17:04.384+0000] {processor.py:840} INFO - DAG(s) 'daily_revenue_etl_dag' retrieved from /opt/airflow/dags/daily_revenue_etl_dag.py
[2026-04-09T10:17:04.432+0000] {logging_mixin.py:188} INFO - [2026-04-09T10:17:04.432+0000] {dag.py:3036} INFO - Sync 1 DAGs
[2026-04-09T10:17:04.470+0000] {logging_mixin.py:188} INFO - [2026-04-09T10:17:04.469+0000] {dag.py:3823} INFO - Setting next_dagrun for daily_revenue_etl_dag to 2026-04-09 00:00:00+00:00, run_after=2026-04-10 00:00:00+00:00
[2026-04-09T10:17:04.500+0000] {processor.py:183} INFO - Processing /opt/airflow/dags/daily_revenue_etl_dag.py took 0.167 seconds
[2026-04-09T10:41:19.343+0000] {processor.py:161} INFO - Started process (PID=2646) to work on /opt/airflow/dags/daily_revenue_etl_dag.py
[2026-04-09T10:41:19.345+0000] {processor.py:830} INFO - Processing file /opt/airflow/dags/daily_revenue_etl_dag.py for tasks to queue
[2026-04-09T10:41:19.346+0000] {logging_mixin.py:188} INFO - [2026-04-09T10:41:19.346+0000] {dagbag.py:538} INFO - Filling up the DagBag from /opt/airflow/dags/daily_revenue_etl_dag.py
[2026-04-09T10:41:19.372+0000] {processor.py:840} INFO - DAG(s) 'daily_revenue_etl_dag' retrieved from /opt/airflow/dags/daily_revenue_etl_dag.py
[2026-04-09T10:17:28.826+0000] {logging_mixin.py:188} INFO - [2026-04-09T10:17:28.826+0000] {dag.py:3036} INFO - Sync 1 DAGs
[2026-04-09T10:17:28.853+0000] {logging_mixin.py:188} INFO - [2026-04-09T10:17:28.853+0000] {dag.py:3823} INFO - Setting next_dagrun for daily_revenue_etl_dag to 2026-04-09 00:00:00+00:00, run_after=2026-04-10 00:00:00+00:00
[2026-04-09T10:17:29.184+0000] {processor.py:183} INFO - Processing /opt/airflow/dags/daily_revenue_etl_dag.py took 0.424 seconds
[2026-04-09T10:41:39.623+0000] {processor.py:161} INFO - Started process (PID=2651) to work on /opt/airflow/dags/daily_revenue_etl_dag.py
[2026-04-09T10:41:39.627+0000] {processor.py:830} INFO - Processing file /opt/airflow/dags/daily_revenue_etl_dag.py for tasks to queue
[2026-04-09T10:41:39.629+0000] {logging_mixin.py:188} INFO - [2026-04-09T10:41:39.628+0000] {dagbag.py:538} INFO - Filling up the DagBag from /opt/airflow/dags/daily_revenue_etl_dag.py
[2026-04-09T10:17:49.144+0000] {processor.py:840} INFO - DAG(s) 'daily_revenue_etl_dag' retrieved from /opt/airflow/dags/daily_revenue_etl_dag.py
[2026-04-09T10:17:49.238+0000] {logging_mixin.py:188} INFO - [2026-04-09T10:17:49.237+0000] {dag.py:3036} INFO - Sync 1 DAGs
[2026-04-09T10:17:49.338+0000] {logging_mixin.py:188} INFO - [2026-04-09T10:17:49.325+0000] {dag.py:3823} INFO - Setting next_dagrun for daily_revenue_etl_dag to 2026-04-09 00:00:00+00:00, run_after=2026-04-10 00:00:00+00:00
[2026-04-09T10:17:49.419+0000] {processor.py:183} INFO - Processing /opt/airflow/dags/daily_revenue_etl_dag.py took 0.382 seconds
[2026-04-09T10:17:54.154+0000] {processor.py:161} INFO - Started process (PID=2656) to work on /opt/airflow/dags/daily_revenue_etl_dag.py
[2026-04-09T10:17:54.157+0000] {processor.py:830} INFO - Processing file /opt/airflow/dags/daily_revenue_etl_dag.py for tasks to queue
[2026-04-09T10:17:54.161+0000] {logging_mixin.py:188} INFO - [2026-04-09T10:17:54.160+0000] {dagbag.py:538} INFO - Filling up the DagBag from /opt/airflow/dags/daily_revenue_etl_dag.py
[2026-04-09T10:17:54.242+0000] {processor.py:840} INFO - DAG(s) 'daily_revenue_etl_dag' retrieved from /opt/airflow/dags/daily_revenue_etl_dag.py
[2026-04-09T10:17:54.339+0000] {logging_mixin.py:188} INFO - [2026-04-09T10:17:54.337+0000] {dag.py:3036} INFO - Sync 1 DAGs
[2026-04-09T10:17:54.460+0000] {logging_mixin.py:188} INFO - [2026-04-09T10:17:54.458+0000] {dag.py:3823} INFO - Setting next_dagrun for daily_revenue_etl_dag to 2026-04-09 00:00:00+00:00, run_after=2026-04-10 00:00:00+00:00
[2026-04-09T10:17:54.590+0000] {processor.py:183} INFO - Processing /opt/airflow/dags/daily_revenue_etl_dag.py took 0.449 seconds
[2026-04-09T10:17:58.856+0000] {processor.py:161} INFO - Started process (PID=2661) to work on /opt/airflow/dags/daily_revenue_etl_dag.py
[2026-04-09T10:17:58.860+0000] {processor.py:830} INFO - Processing file /opt/airflow/dags/daily_revenue_etl_dag.py for tasks to queue
[2026-04-09T10:17:58.869+0000] {logging_mixin.py:188} INFO - [2026-04-09T10:17:58.865+0000] {dagbag.py:538} INFO - Filling up the DagBag from /opt/airflow/dags/daily_revenue_etl_dag.py
[2026-04-09T10:41:49.547+0000] {processor.py:840} INFO - DAG(s) 'daily_revenue_etl_dag' retrieved from /opt/airflow/dags/daily_revenue_etl_dag.py
[2026-04-09T10:41:49.684+0000] {logging_mixin.py:188} INFO - [2026-04-09T10:41:49.683+0000] {dag.py:3036} INFO - Sync 1 DAGs
[2026-04-09T10:17:59.223+0000] {logging_mixin.py:188} INFO - [2026-04-09T10:17:59.220+0000] {dag.py:3823} INFO - Setting next_dagrun for daily_revenue_etl_dag to 2026-04-09 00:00:00+00:00, run_after=2026-04-10 00:00:00+00:00
[2026-04-09T10:17:59.341+0000] {processor.py:183} INFO - Processing /opt/airflow/dags/daily_revenue_etl_dag.py took 0.508 seconds
