[2026-03-27T02:24:07.614+0000] {processor.py:161} INFO - Started process (PID=174) to work on /opt/airflow/dags/daily_revenue_etl_dag.py
[2026-03-27T02:24:07.621+0000] {processor.py:830} INFO - Processing file /opt/airflow/dags/daily_revenue_etl_dag.py for tasks to queue
[2026-03-27T02:24:07.636+0000] {logging_mixin.py:188} INFO - [2026-03-27T02:24:07.634+0000] {dagbag.py:538} INFO - Filling up the DagBag from /opt/airflow/dags/daily_revenue_etl_dag.py
[2026-03-27T02:24:07.709+0000] {processor.py:840} INFO - DAG(s) 'daily_revenue_etl_dag' retrieved from /opt/airflow/dags/daily_revenue_etl_dag.py
[2026-03-27T02:24:07.786+0000] {logging_mixin.py:188} INFO - [2026-03-27T02:24:07.786+0000] {dag.py:3036} INFO - Sync 1 DAGs
[2026-03-27T02:24:07.844+0000] {logging_mixin.py:188} INFO - [2026-03-27T02:24:07.843+0000] {dag.py:3823} INFO - Setting next_dagrun for daily_revenue_etl_dag to 2026-03-27 00:00:00+00:00, run_after=2026-03-28 00:00:00+00:00
[2026-03-27T02:24:07.907+0000] {processor.py:183} INFO - Processing /opt/airflow/dags/daily_revenue_etl_dag.py took 0.299 seconds
[2026-03-27T02:24:38.184+0000] {processor.py:161} INFO - Started process (PID=185) to work on /opt/airflow/dags/daily_revenue_etl_dag.py
[2026-03-27T02:24:38.185+0000] {processor.py:830} INFO - Processing file /opt/airflow/dags/daily_revenue_etl_dag.py for tasks to queue
[2026-03-27T02:24:38.185+0000] {logging_mixin.py:188} INFO - [2026-03-27T02:24:38.185+0000] {dagbag.py:538} INFO - Filling up the DagBag from /opt/airflow/dags/daily_revenue_etl_dag.py
[2026-03-27T02:24:38.201+0000] {processor.py:840} INFO - DAG(s) 'daily_revenue_etl_dag' retrieved from /opt/airflow/dags/daily_revenue_etl_dag.py
[2026-03-27T02:24:38.223+0000] {logging_mixin.py:188} INFO - [2026-03-27T02:24:38.223+0000] {dag.py:3036} INFO - Sync 1 DAGs
[2026-03-27T02:24:38.240+0000] {logging_mixin.py:188} INFO - [2026-03-27T02:24:38.240+0000] {dag.py:3823} INFO - Setting next_dagrun for daily_revenue_etl_dag to 2026-03-27 00:00:00+00:00, run_after=2026-03-28 00:00:00+00:00
[2026-03-27T02:24:38.256+0000] {processor.py:183} INFO - Processing /opt/airflow/dags/daily_revenue_etl_dag.py took 0.075 seconds
[2026-03-27T02:25:08.411+0000] {processor.py:161} INFO - Started process (PID=193) to work on /opt/airflow/dags/daily_revenue_etl_dag.py
[2026-03-27T02:25:08.412+0000] {processor.py:830} INFO - Processing file /opt/airflow/dags/daily_revenue_etl_dag.py for tasks to queue
[2026-03-27T02:25:08.413+0000] {logging_mixin.py:188} INFO - [2026-03-27T02:25:08.413+0000] {dagbag.py:538} INFO - Filling up the DagBag from /opt/airflow/dags/daily_revenue_etl_dag.py
[2026-03-27T02:25:08.436+0000] {processor.py:840} INFO - DAG(s) 'daily_revenue_etl_dag' retrieved from /opt/airflow/dags/daily_revenue_etl_dag.py
[2026-03-27T02:25:08.462+0000] {logging_mixin.py:188} INFO - [2026-03-27T02:25:08.462+0000] {dag.py:3036} INFO - Sync 1 DAGs
[2026-03-27T02:25:08.489+0000] {logging_mixin.py:188} INFO - [2026-03-27T02:25:08.489+0000] {dag.py:3823} INFO - Setting next_dagrun for daily_revenue_etl_dag to 2026-03-27 00:00:00+00:00, run_after=2026-03-28 00:00:00+00:00
[2026-03-27T02:25:08.509+0000] {processor.py:183} INFO - Processing /opt/airflow/dags/daily_revenue_etl_dag.py took 0.101 seconds
[2026-03-27T02:25:38.684+0000] {processor.py:161} INFO - Started process (PID=198) to work on /opt/airflow/dags/daily_revenue_etl_dag.py
[2026-03-27T02:25:38.686+0000] {processor.py:830} INFO - Processing file /opt/airflow/dags/daily_revenue_etl_dag.py for tasks to queue
[2026-03-27T02:25:38.687+0000] {logging_mixin.py:188} INFO - [2026-03-27T02:25:38.686+0000] {dagbag.py:538} INFO - Filling up the DagBag from /opt/airflow/dags/daily_revenue_etl_dag.py
[2026-03-27T02:25:38.707+0000] {processor.py:840} INFO - DAG(s) 'daily_revenue_etl_dag' retrieved from /opt/airflow/dags/daily_revenue_etl_dag.py
[2026-03-27T02:25:38.734+0000] {logging_mixin.py:188} INFO - [2026-03-27T02:25:38.734+0000] {dag.py:3036} INFO - Sync 1 DAGs
[2026-03-27T02:25:38.756+0000] {logging_mixin.py:188} INFO - [2026-03-27T02:25:38.756+0000] {dag.py:3823} INFO - Setting next_dagrun for daily_revenue_etl_dag to 2026-03-27 00:00:00+00:00, run_after=2026-03-28 00:00:00+00:00
[2026-03-27T02:25:38.774+0000] {processor.py:183} INFO - Processing /opt/airflow/dags/daily_revenue_etl_dag.py took 0.094 seconds
[2026-03-27T02:26:08.918+0000] {processor.py:161} INFO - Started process (PID=203) to work on /opt/airflow/dags/daily_revenue_etl_dag.py
[2026-03-27T02:26:08.920+0000] {processor.py:830} INFO - Processing file /opt/airflow/dags/daily_revenue_etl_dag.py for tasks to queue
[2026-03-27T02:26:08.921+0000] {logging_mixin.py:188} INFO - [2026-03-27T02:26:08.920+0000] {dagbag.py:538} INFO - Filling up the DagBag from /opt/airflow/dags/daily_revenue_etl_dag.py
[2026-03-27T02:26:08.937+0000] {processor.py:840} INFO - DAG(s) 'daily_revenue_etl_dag' retrieved from /opt/airflow/dags/daily_revenue_etl_dag.py
[2026-03-27T02:26:08.959+0000] {logging_mixin.py:188} INFO - [2026-03-27T02:26:08.959+0000] {dag.py:3036} INFO - Sync 1 DAGs
[2026-03-27T02:26:08.976+0000] {logging_mixin.py:188} INFO - [2026-03-27T02:26:08.976+0000] {dag.py:3823} INFO - Setting next_dagrun for daily_revenue_etl_dag to 2026-03-27 00:00:00+00:00, run_after=2026-03-28 00:00:00+00:00
[2026-03-27T02:26:08.990+0000] {processor.py:183} INFO - Processing /opt/airflow/dags/daily_revenue_etl_dag.py took 0.074 seconds
[2026-03-27T02:26:19.103+0000] {processor.py:161} INFO - Started process (PID=208) to work on /opt/airflow/dags/daily_revenue_etl_dag.py
[2026-03-27T02:26:19.106+0000] {processor.py:830} INFO - Processing file /opt/airflow/dags/daily_revenue_etl_dag.py for tasks to queue
[2026-03-27T02:26:19.108+0000] {logging_mixin.py:188} INFO - [2026-03-27T02:26:19.108+0000] {dagbag.py:538} INFO - Filling up the DagBag from /opt/airflow/dags/daily_revenue_etl_dag.py
[2026-03-27T02:26:19.143+0000] {processor.py:840} INFO - DAG(s) 'daily_revenue_etl_dag' retrieved from /opt/airflow/dags/daily_revenue_etl_dag.py
[2026-03-27T02:26:19.178+0000] {logging_mixin.py:188} INFO - [2026-03-27T02:26:19.177+0000] {dag.py:3036} INFO - Sync 1 DAGs
[2026-03-27T02:26:19.206+0000] {logging_mixin.py:188} INFO - [2026-03-27T02:26:19.205+0000] {dag.py:3823} INFO - Setting next_dagrun for daily_revenue_etl_dag to 2026-03-27 00:00:00+00:00, run_after=2026-03-28 00:00:00+00:00
[2026-03-27T02:26:19.227+0000] {processor.py:183} INFO - Processing /opt/airflow/dags/daily_revenue_etl_dag.py took 0.132 seconds
[2026-03-27T02:49:53.707+0000] {processor.py:161} INFO - Started process (PID=213) to work on /opt/airflow/dags/daily_revenue_etl_dag.py
[2026-03-27T02:49:53.708+0000] {processor.py:830} INFO - Processing file /opt/airflow/dags/daily_revenue_etl_dag.py for tasks to queue
[2026-03-27T02:49:53.709+0000] {logging_mixin.py:188} INFO - [2026-03-27T02:49:53.708+0000] {dagbag.py:538} INFO - Filling up the DagBag from /opt/airflow/dags/daily_revenue_etl_dag.py
[2026-03-27T02:49:53.725+0000] {processor.py:840} INFO - DAG(s) 'daily_revenue_etl_dag' retrieved from /opt/airflow/dags/daily_revenue_etl_dag.py
[2026-03-27T02:49:53.746+0000] {logging_mixin.py:188} INFO - [2026-03-27T02:49:53.746+0000] {dag.py:3036} INFO - Sync 1 DAGs
[2026-03-27T02:49:53.766+0000] {logging_mixin.py:188} INFO - [2026-03-27T02:49:53.765+0000] {dag.py:3823} INFO - Setting next_dagrun for daily_revenue_etl_dag to 2026-03-27 00:00:00+00:00, run_after=2026-03-28 00:00:00+00:00
[2026-03-27T02:49:53.782+0000] {processor.py:183} INFO - Processing /opt/airflow/dags/daily_revenue_etl_dag.py took 0.078 seconds
[2026-03-27T02:50:23.896+0000] {processor.py:161} INFO - Started process (PID=218) to work on /opt/airflow/dags/daily_revenue_etl_dag.py
[2026-03-27T02:50:23.897+0000] {processor.py:830} INFO - Processing file /opt/airflow/dags/daily_revenue_etl_dag.py for tasks to queue
[2026-03-27T02:50:23.898+0000] {logging_mixin.py:188} INFO - [2026-03-27T02:50:23.898+0000] {dagbag.py:538} INFO - Filling up the DagBag from /opt/airflow/dags/daily_revenue_etl_dag.py
[2026-03-27T02:26:51.339+0000] {processor.py:840} INFO - DAG(s) 'daily_revenue_etl_dag' retrieved from /opt/airflow/dags/daily_revenue_etl_dag.py
[2026-03-27T02:26:51.364+0000] {logging_mixin.py:188} INFO - [2026-03-27T02:26:51.364+0000] {dag.py:3036} INFO - Sync 1 DAGs
[2026-03-27T02:26:51.383+0000] {logging_mixin.py:188} INFO - [2026-03-27T02:26:51.383+0000] {dag.py:3823} INFO - Setting next_dagrun for daily_revenue_etl_dag to 2026-03-27 00:00:00+00:00, run_after=2026-03-28 00:00:00+00:00
[2026-03-27T02:26:51.397+0000] {processor.py:183} INFO - Processing /opt/airflow/dags/daily_revenue_etl_dag.py took 0.089 seconds
[2026-03-27T02:27:21.557+0000] {processor.py:161} INFO - Started process (PID=226) to work on /opt/airflow/dags/daily_revenue_etl_dag.py
[2026-03-27T02:27:21.558+0000] {processor.py:830} INFO - Processing file /opt/airflow/dags/daily_revenue_etl_dag.py for tasks to queue
[2026-03-27T02:27:21.559+0000] {logging_mixin.py:188} INFO - [2026-03-27T02:27:21.559+0000] {dagbag.py:538} INFO - Filling up the DagBag from /opt/airflow/dags/daily_revenue_etl_dag.py
[2026-03-27T02:27:21.578+0000] {processor.py:840} INFO - DAG(s) 'daily_revenue_etl_dag' retrieved from /opt/airflow/dags/daily_revenue_etl_dag.py
[2026-03-27T02:27:21.599+0000] {logging_mixin.py:188} INFO - [2026-03-27T02:27:21.599+0000] {dag.py:3036} INFO - Sync 1 DAGs
[2026-03-27T02:27:21.620+0000] {logging_mixin.py:188} INFO - [2026-03-27T02:27:21.620+0000] {dag.py:3823} INFO - Setting next_dagrun for daily_revenue_etl_dag to 2026-03-27 00:00:00+00:00, run_after=2026-03-28 00:00:00+00:00
[2026-03-27T02:27:21.640+0000] {processor.py:183} INFO - Processing /opt/airflow/dags/daily_revenue_etl_dag.py took 0.087 seconds
[2026-03-27T02:27:51.787+0000] {processor.py:161} INFO - Started process (PID=231) to work on /opt/airflow/dags/daily_revenue_etl_dag.py
[2026-03-27T02:27:51.790+0000] {processor.py:830} INFO - Processing file /opt/airflow/dags/daily_revenue_etl_dag.py for tasks to queue
[2026-03-27T02:27:51.792+0000] {logging_mixin.py:188} INFO - [2026-03-27T02:27:51.791+0000] {dagbag.py:538} INFO - Filling up the DagBag from /opt/airflow/dags/daily_revenue_etl_dag.py
[2026-03-27T02:27:51.830+0000] {processor.py:840} INFO - DAG(s) 'daily_revenue_etl_dag' retrieved from /opt/airflow/dags/daily_revenue_etl_dag.py
[2026-03-27T02:27:51.875+0000] {logging_mixin.py:188} INFO - [2026-03-27T02:27:51.875+0000] {dag.py:3036} INFO - Sync 1 DAGs
[2026-03-27T02:27:51.912+0000] {logging_mixin.py:188} INFO - [2026-03-27T02:27:51.912+0000] {dag.py:3823} INFO - Setting next_dagrun for daily_revenue_etl_dag to 2026-03-27 00:00:00+00:00, run_after=2026-03-28 00:00:00+00:00
[2026-03-27T02:27:51.943+0000] {processor.py:183} INFO - Processing /opt/airflow/dags/daily_revenue_etl_dag.py took 0.163 seconds
[2026-03-27T02:28:19.104+0000] {processor.py:161} INFO - Started process (PID=237) to work on /opt/airflow/dags/daily_revenue_etl_dag.py
[2026-03-27T02:28:19.107+0000] {processor.py:830} INFO - Processing file /opt/airflow/dags/daily_revenue_etl_dag.py for tasks to queue
[2026-03-27T02:28:19.109+0000] {logging_mixin.py:188} INFO - [2026-03-27T02:28:19.109+0000] {dagbag.py:538} INFO - Filling up the DagBag from /opt/airflow/dags/daily_revenue_etl_dag.py
[2026-03-27T02:28:19.152+0000] {processor.py:840} INFO - DAG(s) 'daily_revenue_etl_dag' retrieved from /opt/airflow/dags/daily_revenue_etl_dag.py
[2026-03-27T02:28:19.220+0000] {logging_mixin.py:188} INFO - [2026-03-27T02:28:19.219+0000] {dag.py:3036} INFO - Sync 1 DAGs
[2026-03-27T02:28:19.272+0000] {logging_mixin.py:188} INFO - [2026-03-27T02:28:19.272+0000] {dag.py:3823} INFO - Setting next_dagrun for daily_revenue_etl_dag to 2026-03-27 00:00:00+00:00, run_after=2026-03-28 00:00:00+00:00
[2026-03-27T02:28:19.317+0000] {processor.py:183} INFO - Processing /opt/airflow/dags/daily_revenue_etl_dag.py took 0.221 seconds
[2026-03-27T02:51:53.966+0000] {processor.py:161} INFO - Started process (PID=242) to work on /opt/airflow/dags/daily_revenue_etl_dag.py
[2026-03-27T02:51:53.968+0000] {processor.py:830} INFO - Processing file /opt/airflow/dags/daily_revenue_etl_dag.py for tasks to queue
[2026-03-27T02:51:53.969+0000] {logging_mixin.py:188} INFO - [2026-03-27T02:51:53.968+0000] {dagbag.py:538} INFO - Filling up the DagBag from /opt/airflow/dags/daily_revenue_etl_dag.py
[2026-03-27T02:51:53.992+0000] {processor.py:840} INFO - DAG(s) 'daily_revenue_etl_dag' retrieved from /opt/airflow/dags/daily_revenue_etl_dag.py
[2026-03-27T02:51:54.022+0000] {logging_mixin.py:188} INFO - [2026-03-27T02:51:54.021+0000] {dag.py:3036} INFO - Sync 1 DAGs
[2026-03-27T02:51:54.048+0000] {logging_mixin.py:188} INFO - [2026-03-27T02:51:54.047+0000] {dag.py:3823} INFO - Setting next_dagrun for daily_revenue_etl_dag to 2026-03-27 00:00:00+00:00, run_after=2026-03-28 00:00:00+00:00
[2026-03-27T02:51:54.071+0000] {processor.py:183} INFO - Processing /opt/airflow/dags/daily_revenue_etl_dag.py took 0.108 seconds
[2026-03-27T02:51:59.010+0000] {processor.py:161} INFO - Started process (PID=247) to work on /opt/airflow/dags/daily_revenue_etl_dag.py
[2026-03-27T02:51:59.011+0000] {processor.py:830} INFO - Processing file /opt/airflow/dags/daily_revenue_etl_dag.py for tasks to queue
[2026-03-27T02:51:59.012+0000] {logging_mixin.py:188} INFO - [2026-03-27T02:51:59.012+0000] {dagbag.py:538} INFO - Filling up the DagBag from /opt/airflow/dags/daily_revenue_etl_dag.py
[2026-03-27T02:51:59.030+0000] {processor.py:840} INFO - DAG(s) 'daily_revenue_etl_dag' retrieved from /opt/airflow/dags/daily_revenue_etl_dag.py
[2026-03-27T02:51:59.065+0000] {logging_mixin.py:188} INFO - [2026-03-27T02:51:59.065+0000] {dag.py:3036} INFO - Sync 1 DAGs
[2026-03-27T02:28:26.512+0000] {logging_mixin.py:188} INFO - [2026-03-27T02:28:26.512+0000] {dag.py:3823} INFO - Setting next_dagrun for daily_revenue_etl_dag to 2026-03-27 00:00:00+00:00, run_after=2026-03-28 00:00:00+00:00
[2026-03-27T02:28:26.553+0000] {processor.py:183} INFO - Processing /opt/airflow/dags/daily_revenue_etl_dag.py took 0.127 seconds
[2026-03-27T02:28:56.771+0000] {processor.py:161} INFO - Started process (PID=252) to work on /opt/airflow/dags/daily_revenue_etl_dag.py
[2026-03-27T02:28:56.773+0000] {processor.py:830} INFO - Processing file /opt/airflow/dags/daily_revenue_etl_dag.py for tasks to queue
[2026-03-27T02:28:56.774+0000] {logging_mixin.py:188} INFO - [2026-03-27T02:28:56.773+0000] {dagbag.py:538} INFO - Filling up the DagBag from /opt/airflow/dags/daily_revenue_etl_dag.py
[2026-03-27T02:28:56.797+0000] {processor.py:840} INFO - DAG(s) 'daily_revenue_etl_dag' retrieved from /opt/airflow/dags/daily_revenue_etl_dag.py
[2026-03-27T02:28:56.826+0000] {logging_mixin.py:188} INFO - [2026-03-27T02:28:56.826+0000] {dag.py:3036} INFO - Sync 1 DAGs
[2026-03-27T02:28:56.848+0000] {logging_mixin.py:188} INFO - [2026-03-27T02:28:56.847+0000] {dag.py:3823} INFO - Setting next_dagrun for daily_revenue_etl_dag to 2026-03-27 00:00:00+00:00, run_after=2026-03-28 00:00:00+00:00
[2026-03-27T02:28:56.863+0000] {processor.py:183} INFO - Processing /opt/airflow/dags/daily_revenue_etl_dag.py took 0.096 seconds
[2026-03-27T02:52:51.547+0000] {processor.py:161} INFO - Started process (PID=258) to work on /opt/airflow/dags/daily_revenue_etl_dag.py
[2026-03-27T02:52:51.548+0000] {processor.py:830} INFO - Processing file /opt/airflow/dags/daily_revenue_etl_dag.py for tasks to queue
[2026-03-27T02:52:51.549+0000] {logging_mixin.py:188} INFO - [2026-03-27T02:52:51.549+0000] {dagbag.py:538} INFO - Filling up the DagBag from /opt/airflow/dags/daily_revenue_etl_dag.py
[2026-03-27T02:52:51.579+0000] {processor.py:840} INFO - DAG(s) 'daily_revenue_etl_dag' retrieved from /opt/airflow/dags/daily_revenue_etl_dag.py
[2026-03-27T02:52:51.611+0000] {logging_mixin.py:188} INFO - [2026-03-27T02:52:51.611+0000] {dag.py:3036} INFO - Sync 1 DAGs
[2026-03-27T02:52:51.638+0000] {logging_mixin.py:188} INFO - [2026-03-27T02:52:51.638+0000] {dag.py:3823} INFO - Setting next_dagrun for daily_revenue_etl_dag to 2026-03-27 00:00:00+00:00, run_after=2026-03-28 00:00:00+00:00
[2026-03-27T02:52:51.663+0000] {processor.py:183} INFO - Processing /opt/airflow/dags/daily_revenue_etl_dag.py took 0.122 seconds
[2026-03-27T02:29:49.402+0000] {processor.py:161} INFO - Started process (PID=263) to work on /opt/airflow/dags/daily_revenue_etl_dag.py
[2026-03-27T02:29:49.405+0000] {processor.py:830} INFO - Processing file /opt/airflow/dags/daily_revenue_etl_dag.py for tasks to queue
[2026-03-27T02:29:49.410+0000] {logging_mixin.py:188} INFO - [2026-03-27T02:29:49.408+0000] {dagbag.py:538} INFO - Filling up the DagBag from /opt/airflow/dags/daily_revenue_etl_dag.py
[2026-03-27T02:29:49.480+0000] {processor.py:840} INFO - DAG(s) 'daily_revenue_etl_dag' retrieved from /opt/airflow/dags/daily_revenue_etl_dag.py
[2026-03-27T02:29:49.586+0000] {logging_mixin.py:188} INFO - [2026-03-27T02:29:49.585+0000] {dag.py:3036} INFO - Sync 1 DAGs
[2026-03-27T02:29:49.657+0000] {logging_mixin.py:188} INFO - [2026-03-27T02:29:49.656+0000] {dag.py:3823} INFO - Setting next_dagrun for daily_revenue_etl_dag to 2026-03-27 00:00:00+00:00, run_after=2026-03-28 00:00:00+00:00
[2026-03-27T02:29:49.737+0000] {processor.py:183} INFO - Processing /opt/airflow/dags/daily_revenue_etl_dag.py took 0.347 seconds
[2026-03-27T02:53:34.100+0000] {processor.py:161} INFO - Started process (PID=268) to work on /opt/airflow/dags/daily_revenue_etl_dag.py
[2026-03-27T02:53:34.102+0000] {processor.py:830} INFO - Processing file /opt/airflow/dags/daily_revenue_etl_dag.py for tasks to queue
[2026-03-27T02:53:34.104+0000] {logging_mixin.py:188} INFO - [2026-03-27T02:53:34.103+0000] {dagbag.py:538} INFO - Filling up the DagBag from /opt/airflow/dags/daily_revenue_etl_dag.py
[2026-03-27T02:53:34.133+0000] {processor.py:840} INFO - DAG(s) 'daily_revenue_etl_dag' retrieved from /opt/airflow/dags/daily_revenue_etl_dag.py
[2026-03-27T02:53:34.173+0000] {logging_mixin.py:188} INFO - [2026-03-27T02:53:34.173+0000] {dag.py:3036} INFO - Sync 1 DAGs
[2026-03-27T02:53:34.201+0000] {logging_mixin.py:188} INFO - [2026-03-27T02:53:34.201+0000] {dag.py:3823} INFO - Setting next_dagrun for daily_revenue_etl_dag to 2026-03-27 00:00:00+00:00, run_after=2026-03-28 00:00:00+00:00
[2026-03-27T02:53:34.224+0000] {processor.py:183} INFO - Processing /opt/airflow/dags/daily_revenue_etl_dag.py took 0.129 seconds
[2026-03-27T02:54:04.273+0000] {processor.py:161} INFO - Started process (PID=273) to work on /opt/airflow/dags/daily_revenue_etl_dag.py
[2026-03-27T02:54:04.274+0000] {processor.py:830} INFO - Processing file /opt/airflow/dags/daily_revenue_etl_dag.py for tasks to queue
[2026-03-27T02:54:04.275+0000] {logging_mixin.py:188} INFO - [2026-03-27T02:54:04.274+0000] {dagbag.py:538} INFO - Filling up the DagBag from /opt/airflow/dags/daily_revenue_etl_dag.py
[2026-03-27T02:54:04.291+0000] {processor.py:840} INFO - DAG(s) 'daily_revenue_etl_dag' retrieved from /opt/airflow/dags/daily_revenue_etl_dag.py
[2026-03-27T02:30:31.730+0000] {logging_mixin.py:188} INFO - [2026-03-27T02:30:31.730+0000] {dag.py:3036} INFO - Sync 1 DAGs
[2026-03-27T02:30:31.759+0000] {logging_mixin.py:188} INFO - [2026-03-27T02:30:31.758+0000] {dag.py:3823} INFO - Setting next_dagrun for daily_revenue_etl_dag to 2026-03-27 00:00:00+00:00, run_after=2026-03-28 00:00:00+00:00
[2026-03-27T02:30:31.778+0000] {processor.py:183} INFO - Processing /opt/airflow/dags/daily_revenue_etl_dag.py took 0.093 seconds
[2026-03-27T02:30:36.743+0000] {processor.py:161} INFO - Started process (PID=278) to work on /opt/airflow/dags/daily_revenue_etl_dag.py
[2026-03-27T02:30:36.744+0000] {processor.py:830} INFO - Processing file /opt/airflow/dags/daily_revenue_etl_dag.py for tasks to queue
[2026-03-27T02:30:36.747+0000] {logging_mixin.py:188} INFO - [2026-03-27T02:30:36.746+0000] {dagbag.py:538} INFO - Filling up the DagBag from /opt/airflow/dags/daily_revenue_etl_dag.py
[2026-03-27T02:30:36.773+0000] {processor.py:840} INFO - DAG(s) 'daily_revenue_etl_dag' retrieved from /opt/airflow/dags/daily_revenue_etl_dag.py
[2026-03-27T02:30:36.808+0000] {logging_mixin.py:188} INFO - [2026-03-27T02:30:36.807+0000] {dag.py:3036} INFO - Sync 1 DAGs
[2026-03-27T02:30:36.838+0000] {logging_mixin.py:188} INFO - [2026-03-27T02:30:36.837+0000] {dag.py:3823} INFO - Setting next_dagrun for daily_revenue_etl_dag to 2026-03-27 00:00:00+00:00, run_after=2026-03-28 00:00:00+00:00
[2026-03-27T02:30:36.857+0000] {processor.py:183} INFO - Processing /opt/airflow/dags/daily_revenue_etl_dag.py took 0.121 seconds
[2026-03-27T02:54:21.487+0000] {processor.py:161} INFO - Started process (PID=283) to work on /opt/airflow/dags/daily_revenue_etl_dag.py
[2026-03-27T02:54:21.488+0000] {processor.py:830} INFO - Processing file /opt/airflow/dags/daily_revenue_etl_dag.py for tasks to queue
[2026-03-27T02:54:21.489+0000] {logging_mixin.py:188} INFO - [2026-03-27T02:54:21.489+0000] {dagbag.py:538} INFO - Filling up the DagBag from /opt/airflow/dags/daily_revenue_etl_dag.py
[2026-03-27T02:54:21.505+0000] {processor.py:840} INFO - DAG(s) 'daily_revenue_etl_dag' retrieved from /opt/airflow/dags/daily_revenue_etl_dag.py
[2026-03-27T02:54:21.532+0000] {logging_mixin.py:188} INFO - [2026-03-27T02:54:21.532+0000] {dag.py:3036} INFO - Sync 1 DAGs
[2026-03-27T02:54:21.556+0000] {logging_mixin.py:188} INFO - [2026-03-27T02:54:21.556+0000] {dag.py:3823} INFO - Setting next_dagrun for daily_revenue_etl_dag to 2026-03-27 00:00:00+00:00, run_after=2026-03-28 00:00:00+00:00
[2026-03-27T02:54:21.575+0000] {processor.py:183} INFO - Processing /opt/airflow/dags/daily_revenue_etl_dag.py took 0.091 seconds
[2026-03-27T02:56:44.446+0000] {processor.py:161} INFO - Started process (PID=290) to work on /opt/airflow/dags/daily_revenue_etl_dag.py
[2026-03-27T02:56:44.448+0000] {processor.py:830} INFO - Processing file /opt/airflow/dags/daily_revenue_etl_dag.py for tasks to queue
[2026-03-27T02:56:44.451+0000] {logging_mixin.py:188} INFO - [2026-03-27T02:56:44.450+0000] {dagbag.py:538} INFO - Filling up the DagBag from /opt/airflow/dags/daily_revenue_etl_dag.py
[2026-03-27T02:56:44.490+0000] {processor.py:840} INFO - DAG(s) 'daily_revenue_etl_dag' retrieved from /opt/airflow/dags/daily_revenue_etl_dag.py
[2026-03-27T02:56:44.521+0000] {logging_mixin.py:188} INFO - [2026-03-27T02:56:44.521+0000] {dag.py:3036} INFO - Sync 1 DAGs
[2026-03-27T02:56:44.543+0000] {logging_mixin.py:188} INFO - [2026-03-27T02:56:44.542+0000] {dag.py:3823} INFO - Setting next_dagrun for daily_revenue_etl_dag to 2026-03-27 00:00:00+00:00, run_after=2026-03-28 00:00:00+00:00
[2026-03-27T02:56:44.561+0000] {processor.py:183} INFO - Processing /opt/airflow/dags/daily_revenue_etl_dag.py took 0.122 seconds
[2026-03-27T02:33:42.090+0000] {processor.py:161} INFO - Started process (PID=295) to work on /opt/airflow/dags/daily_revenue_etl_dag.py
[2026-03-27T02:33:42.092+0000] {processor.py:830} INFO - Processing file /opt/airflow/dags/daily_revenue_etl_dag.py for tasks to queue
[2026-03-27T02:33:42.095+0000] {logging_mixin.py:188} INFO - [2026-03-27T02:33:42.094+0000] {dagbag.py:538} INFO - Filling up the DagBag from /opt/airflow/dags/daily_revenue_etl_dag.py
[2026-03-27T02:33:42.141+0000] {processor.py:840} INFO - DAG(s) 'daily_revenue_etl_dag' retrieved from /opt/airflow/dags/daily_revenue_etl_dag.py
[2026-03-27T02:33:42.194+0000] {logging_mixin.py:188} INFO - [2026-03-27T02:33:42.193+0000] {dag.py:3036} INFO - Sync 1 DAGs
[2026-03-27T02:33:42.231+0000] {logging_mixin.py:188} INFO - [2026-03-27T02:33:42.230+0000] {dag.py:3823} INFO - Setting next_dagrun for daily_revenue_etl_dag to 2026-03-27 00:00:00+00:00, run_after=2026-03-28 00:00:00+00:00
[2026-03-27T02:33:42.262+0000] {processor.py:183} INFO - Processing /opt/airflow/dags/daily_revenue_etl_dag.py took 0.177 seconds
[2026-03-27T02:34:12.403+0000] {processor.py:161} INFO - Started process (PID=300) to work on /opt/airflow/dags/daily_revenue_etl_dag.py
[2026-03-27T02:34:12.404+0000] {processor.py:830} INFO - Processing file /opt/airflow/dags/daily_revenue_etl_dag.py for tasks to queue
[2026-03-27T02:34:12.405+0000] {logging_mixin.py:188} INFO - [2026-03-27T02:34:12.405+0000] {dagbag.py:538} INFO - Filling up the DagBag from /opt/airflow/dags/daily_revenue_etl_dag.py
[2026-03-27T02:34:12.430+0000] {processor.py:840} INFO - DAG(s) 'daily_revenue_etl_dag' retrieved from /opt/airflow/dags/daily_revenue_etl_dag.py
[2026-03-27T02:34:12.459+0000] {logging_mixin.py:188} INFO - [2026-03-27T02:34:12.458+0000] {dag.py:3036} INFO - Sync 1 DAGs
[2026-03-27T02:34:12.493+0000] {logging_mixin.py:188} INFO - [2026-03-27T02:34:12.493+0000] {dag.py:3823} INFO - Setting next_dagrun for daily_revenue_etl_dag to 2026-03-27 00:00:00+00:00, run_after=2026-03-28 00:00:00+00:00
[2026-03-27T02:34:12.514+0000] {processor.py:183} INFO - Processing /opt/airflow/dags/daily_revenue_etl_dag.py took 0.116 seconds
[2026-03-27T02:34:42.665+0000] {processor.py:161} INFO - Started process (PID=305) to work on /opt/airflow/dags/daily_revenue_etl_dag.py
[2026-03-27T02:34:42.667+0000] {processor.py:830} INFO - Processing file /opt/airflow/dags/daily_revenue_etl_dag.py for tasks to queue
[2026-03-27T02:34:42.669+0000] {logging_mixin.py:188} INFO - [2026-03-27T02:34:42.669+0000] {dagbag.py:538} INFO - Filling up the DagBag from /opt/airflow/dags/daily_revenue_etl_dag.py
[2026-03-27T02:34:42.699+0000] {processor.py:840} INFO - DAG(s) 'daily_revenue_etl_dag' retrieved from /opt/airflow/dags/daily_revenue_etl_dag.py
[2026-03-27T02:34:42.731+0000] {logging_mixin.py:188} INFO - [2026-03-27T02:34:42.731+0000] {dag.py:3036} INFO - Sync 1 DAGs
[2026-03-27T02:34:42.759+0000] {logging_mixin.py:188} INFO - [2026-03-27T02:34:42.758+0000] {dag.py:3823} INFO - Setting next_dagrun for daily_revenue_etl_dag to 2026-03-27 00:00:00+00:00, run_after=2026-03-28 00:00:00+00:00
[2026-03-27T02:34:42.779+0000] {processor.py:183} INFO - Processing /opt/airflow/dags/daily_revenue_etl_dag.py took 0.120 seconds
[2026-03-27T02:35:12.923+0000] {processor.py:161} INFO - Started process (PID=310) to work on /opt/airflow/dags/daily_revenue_etl_dag.py
[2026-03-27T02:35:12.925+0000] {processor.py:830} INFO - Processing file /opt/airflow/dags/daily_revenue_etl_dag.py for tasks to queue
[2026-03-27T02:35:12.926+0000] {logging_mixin.py:188} INFO - [2026-03-27T02:35:12.926+0000] {dagbag.py:538} INFO - Filling up the DagBag from /opt/airflow/dags/daily_revenue_etl_dag.py
[2026-03-27T02:35:12.955+0000] {processor.py:840} INFO - DAG(s) 'daily_revenue_etl_dag' retrieved from /opt/airflow/dags/daily_revenue_etl_dag.py
[2026-03-27T02:35:12.998+0000] {logging_mixin.py:188} INFO - [2026-03-27T02:35:12.997+0000] {dag.py:3036} INFO - Sync 1 DAGs
[2026-03-27T02:35:13.041+0000] {logging_mixin.py:188} INFO - [2026-03-27T02:35:13.040+0000] {dag.py:3823} INFO - Setting next_dagrun for daily_revenue_etl_dag to 2026-03-27 00:00:00+00:00, run_after=2026-03-28 00:00:00+00:00
[2026-03-27T02:35:13.068+0000] {processor.py:183} INFO - Processing /opt/airflow/dags/daily_revenue_etl_dag.py took 0.150 seconds
[2026-03-27T02:58:49.774+0000] {processor.py:161} INFO - Started process (PID=315) to work on /opt/airflow/dags/daily_revenue_etl_dag.py
[2026-03-27T02:58:49.777+0000] {processor.py:830} INFO - Processing file /opt/airflow/dags/daily_revenue_etl_dag.py for tasks to queue
[2026-03-27T02:58:49.779+0000] {logging_mixin.py:188} INFO - [2026-03-27T02:58:49.779+0000] {dagbag.py:538} INFO - Filling up the DagBag from /opt/airflow/dags/daily_revenue_etl_dag.py
[2026-03-27T02:58:49.815+0000] {processor.py:840} INFO - DAG(s) 'daily_revenue_etl_dag' retrieved from /opt/airflow/dags/daily_revenue_etl_dag.py
[2026-03-27T02:35:17.293+0000] {logging_mixin.py:188} INFO - [2026-03-27T02:35:17.293+0000] {dag.py:3036} INFO - Sync 1 DAGs
[2026-03-27T02:35:17.351+0000] {logging_mixin.py:188} INFO - [2026-03-27T02:35:17.350+0000] {dag.py:3823} INFO - Setting next_dagrun for daily_revenue_etl_dag to 2026-03-27 00:00:00+00:00, run_after=2026-03-28 00:00:00+00:00
[2026-03-27T02:35:17.392+0000] {processor.py:183} INFO - Processing /opt/airflow/dags/daily_revenue_etl_dag.py took 0.204 seconds
[2026-03-27T02:35:22.284+0000] {processor.py:161} INFO - Started process (PID=320) to work on /opt/airflow/dags/daily_revenue_etl_dag.py
[2026-03-27T02:35:22.287+0000] {processor.py:830} INFO - Processing file /opt/airflow/dags/daily_revenue_etl_dag.py for tasks to queue
[2026-03-27T02:35:22.292+0000] {logging_mixin.py:188} INFO - [2026-03-27T02:35:22.290+0000] {dagbag.py:538} INFO - Filling up the DagBag from /opt/airflow/dags/daily_revenue_etl_dag.py
[2026-03-27T02:35:22.330+0000] {processor.py:840} INFO - DAG(s) 'daily_revenue_etl_dag' retrieved from /opt/airflow/dags/daily_revenue_etl_dag.py
[2026-03-27T02:35:22.387+0000] {logging_mixin.py:188} INFO - [2026-03-27T02:35:22.387+0000] {dag.py:3036} INFO - Sync 1 DAGs
[2026-03-27T02:35:22.430+0000] {logging_mixin.py:188} INFO - [2026-03-27T02:35:22.430+0000] {dag.py:3823} INFO - Setting next_dagrun for daily_revenue_etl_dag to 2026-03-27 00:00:00+00:00, run_after=2026-03-28 00:00:00+00:00
[2026-03-27T02:35:22.471+0000] {processor.py:183} INFO - Processing /opt/airflow/dags/daily_revenue_etl_dag.py took 0.197 seconds
[2026-03-27T02:35:52.677+0000] {processor.py:161} INFO - Started process (PID=325) to work on /opt/airflow/dags/daily_revenue_etl_dag.py
[2026-03-27T02:35:52.678+0000] {processor.py:830} INFO - Processing file /opt/airflow/dags/daily_revenue_etl_dag.py for tasks to queue
[2026-03-27T02:35:52.679+0000] {logging_mixin.py:188} INFO - [2026-03-27T02:35:52.678+0000] {dagbag.py:538} INFO - Filling up the DagBag from /opt/airflow/dags/daily_revenue_etl_dag.py
[2026-03-27T02:35:52.696+0000] {processor.py:840} INFO - DAG(s) 'daily_revenue_etl_dag' retrieved from /opt/airflow/dags/daily_revenue_etl_dag.py
[2026-03-27T02:35:52.719+0000] {logging_mixin.py:188} INFO - [2026-03-27T02:35:52.719+0000] {dag.py:3036} INFO - Sync 1 DAGs
[2026-03-27T02:35:52.741+0000] {logging_mixin.py:188} INFO - [2026-03-27T02:35:52.741+0000] {dag.py:3823} INFO - Setting next_dagrun for daily_revenue_etl_dag to 2026-03-27 00:00:00+00:00, run_after=2026-03-28 00:00:00+00:00
[2026-03-27T02:35:52.759+0000] {processor.py:183} INFO - Processing /opt/airflow/dags/daily_revenue_etl_dag.py took 0.085 seconds
[2026-03-27T02:36:22.853+0000] {processor.py:161} INFO - Started process (PID=330) to work on /opt/airflow/dags/daily_revenue_etl_dag.py
[2026-03-27T02:36:22.853+0000] {processor.py:830} INFO - Processing file /opt/airflow/dags/daily_revenue_etl_dag.py for tasks to queue
[2026-03-27T02:36:22.854+0000] {logging_mixin.py:188} INFO - [2026-03-27T02:36:22.854+0000] {dagbag.py:538} INFO - Filling up the DagBag from /opt/airflow/dags/daily_revenue_etl_dag.py
[2026-03-27T02:36:22.871+0000] {processor.py:840} INFO - DAG(s) 'daily_revenue_etl_dag' retrieved from /opt/airflow/dags/daily_revenue_etl_dag.py
[2026-03-27T02:36:22.893+0000] {logging_mixin.py:188} INFO - [2026-03-27T02:36:22.892+0000] {dag.py:3036} INFO - Sync 1 DAGs
[2026-03-27T02:36:22.912+0000] {logging_mixin.py:188} INFO - [2026-03-27T02:36:22.911+0000] {dag.py:3823} INFO - Setting next_dagrun for daily_revenue_etl_dag to 2026-03-27 00:00:00+00:00, run_after=2026-03-28 00:00:00+00:00
[2026-03-27T02:36:22.929+0000] {processor.py:183} INFO - Processing /opt/airflow/dags/daily_revenue_etl_dag.py took 0.080 seconds
[2026-03-27T03:00:21.678+0000] {processor.py:161} INFO - Started process (PID=335) to work on /opt/airflow/dags/daily_revenue_etl_dag.py
[2026-03-27T03:00:21.679+0000] {processor.py:830} INFO - Processing file /opt/airflow/dags/daily_revenue_etl_dag.py for tasks to queue
[2026-03-27T03:00:21.680+0000] {logging_mixin.py:188} INFO - [2026-03-27T03:00:21.680+0000] {dagbag.py:538} INFO - Filling up the DagBag from /opt/airflow/dags/daily_revenue_etl_dag.py
[2026-03-27T03:00:21.703+0000] {processor.py:840} INFO - DAG(s) 'daily_revenue_etl_dag' retrieved from /opt/airflow/dags/daily_revenue_etl_dag.py
[2026-03-27T02:36:49.155+0000] {logging_mixin.py:188} INFO - [2026-03-27T02:36:49.155+0000] {dag.py:3036} INFO - Sync 1 DAGs
[2026-03-27T02:36:49.177+0000] {logging_mixin.py:188} INFO - [2026-03-27T02:36:49.176+0000] {dag.py:3823} INFO - Setting next_dagrun for daily_revenue_etl_dag to 2026-03-27 00:00:00+00:00, run_after=2026-03-28 00:00:00+00:00
[2026-03-27T02:36:49.197+0000] {processor.py:183} INFO - Processing /opt/airflow/dags/daily_revenue_etl_dag.py took 0.098 seconds
[2026-03-27T03:00:24.825+0000] {processor.py:161} INFO - Started process (PID=340) to work on /opt/airflow/dags/daily_revenue_etl_dag.py
[2026-03-27T03:00:24.827+0000] {processor.py:830} INFO - Processing file /opt/airflow/dags/daily_revenue_etl_dag.py for tasks to queue
[2026-03-27T03:00:24.828+0000] {logging_mixin.py:188} INFO - [2026-03-27T03:00:24.828+0000] {dagbag.py:538} INFO - Filling up the DagBag from /opt/airflow/dags/daily_revenue_etl_dag.py
[2026-03-27T03:00:24.846+0000] {processor.py:840} INFO - DAG(s) 'daily_revenue_etl_dag' retrieved from /opt/airflow/dags/daily_revenue_etl_dag.py
[2026-03-27T03:00:24.873+0000] {logging_mixin.py:188} INFO - [2026-03-27T03:00:24.873+0000] {dag.py:3036} INFO - Sync 1 DAGs
[2026-03-27T03:00:24.895+0000] {logging_mixin.py:188} INFO - [2026-03-27T03:00:24.894+0000] {dag.py:3823} INFO - Setting next_dagrun for daily_revenue_etl_dag to 2026-03-27 00:00:00+00:00, run_after=2026-03-28 00:00:00+00:00
[2026-03-27T03:00:24.914+0000] {processor.py:183} INFO - Processing /opt/airflow/dags/daily_revenue_etl_dag.py took 0.092 seconds
[2026-03-27T02:37:22.460+0000] {processor.py:161} INFO - Started process (PID=345) to work on /opt/airflow/dags/daily_revenue_etl_dag.py
[2026-03-27T02:37:22.462+0000] {processor.py:830} INFO - Processing file /opt/airflow/dags/daily_revenue_etl_dag.py for tasks to queue
[2026-03-27T02:37:22.463+0000] {logging_mixin.py:188} INFO - [2026-03-27T02:37:22.463+0000] {dagbag.py:538} INFO - Filling up the DagBag from /opt/airflow/dags/daily_revenue_etl_dag.py
[2026-03-27T02:37:22.502+0000] {processor.py:840} INFO - DAG(s) 'daily_revenue_etl_dag' retrieved from /opt/airflow/dags/daily_revenue_etl_dag.py
[2026-03-27T02:37:22.544+0000] {logging_mixin.py:188} INFO - [2026-03-27T02:37:22.543+0000] {dag.py:3036} INFO - Sync 1 DAGs
[2026-03-27T02:37:22.579+0000] {logging_mixin.py:188} INFO - [2026-03-27T02:37:22.579+0000] {dag.py:3823} INFO - Setting next_dagrun for daily_revenue_etl_dag to 2026-03-27 00:00:00+00:00, run_after=2026-03-28 00:00:00+00:00
[2026-03-27T02:37:22.605+0000] {processor.py:183} INFO - Processing /opt/airflow/dags/daily_revenue_etl_dag.py took 0.151 seconds
[2026-03-27T02:37:52.806+0000] {processor.py:161} INFO - Started process (PID=350) to work on /opt/airflow/dags/daily_revenue_etl_dag.py
[2026-03-27T02:37:52.809+0000] {processor.py:830} INFO - Processing file /opt/airflow/dags/daily_revenue_etl_dag.py for tasks to queue
[2026-03-27T02:37:52.811+0000] {logging_mixin.py:188} INFO - [2026-03-27T02:37:52.810+0000] {dagbag.py:538} INFO - Filling up the DagBag from /opt/airflow/dags/daily_revenue_etl_dag.py
[2026-03-27T02:37:52.845+0000] {processor.py:840} INFO - DAG(s) 'daily_revenue_etl_dag' retrieved from /opt/airflow/dags/daily_revenue_etl_dag.py
[2026-03-27T02:37:52.888+0000] {logging_mixin.py:188} INFO - [2026-03-27T02:37:52.888+0000] {dag.py:3036} INFO - Sync 1 DAGs
[2026-03-27T02:37:52.922+0000] {logging_mixin.py:188} INFO - [2026-03-27T02:37:52.921+0000] {dag.py:3823} INFO - Setting next_dagrun for daily_revenue_etl_dag to 2026-03-27 00:00:00+00:00, run_after=2026-03-28 00:00:00+00:00
[2026-03-27T02:37:52.949+0000] {processor.py:183} INFO - Processing /opt/airflow/dags/daily_revenue_etl_dag.py took 0.150 seconds
[2026-03-27T03:01:51.650+0000] {processor.py:161} INFO - Started process (PID=355) to work on /opt/airflow/dags/daily_revenue_etl_dag.py
[2026-03-27T03:01:51.652+0000] {processor.py:830} INFO - Processing file /opt/airflow/dags/daily_revenue_etl_dag.py for tasks to queue
[2026-03-27T03:01:51.656+0000] {logging_mixin.py:188} INFO - [2026-03-27T03:01:51.655+0000] {dagbag.py:538} INFO - Filling up the DagBag from /opt/airflow/dags/daily_revenue_etl_dag.py
[2026-03-27T03:01:51.694+0000] {processor.py:840} INFO - DAG(s) 'daily_revenue_etl_dag' retrieved from /opt/airflow/dags/daily_revenue_etl_dag.py
[2026-03-27T02:38:19.169+0000] {logging_mixin.py:188} INFO - [2026-03-27T02:38:19.168+0000] {dag.py:3036} INFO - Sync 1 DAGs
[2026-03-27T02:38:19.208+0000] {logging_mixin.py:188} INFO - [2026-03-27T02:38:19.208+0000] {dag.py:3823} INFO - Setting next_dagrun for daily_revenue_etl_dag to 2026-03-27 00:00:00+00:00, run_after=2026-03-28 00:00:00+00:00
[2026-03-27T02:38:19.234+0000] {processor.py:183} INFO - Processing /opt/airflow/dags/daily_revenue_etl_dag.py took 0.168 seconds
[2026-03-27T03:02:04.988+0000] {processor.py:161} INFO - Started process (PID=360) to work on /opt/airflow/dags/daily_revenue_etl_dag.py
[2026-03-27T03:02:04.989+0000] {processor.py:830} INFO - Processing file /opt/airflow/dags/daily_revenue_etl_dag.py for tasks to queue
[2026-03-27T03:02:04.991+0000] {logging_mixin.py:188} INFO - [2026-03-27T03:02:04.990+0000] {dagbag.py:538} INFO - Filling up the DagBag from /opt/airflow/dags/daily_revenue_etl_dag.py
[2026-03-27T03:02:05.018+0000] {processor.py:840} INFO - DAG(s) 'daily_revenue_etl_dag' retrieved from /opt/airflow/dags/daily_revenue_etl_dag.py
[2026-03-27T03:02:05.055+0000] {logging_mixin.py:188} INFO - [2026-03-27T03:02:05.055+0000] {dag.py:3036} INFO - Sync 1 DAGs
[2026-03-27T03:02:05.084+0000] {logging_mixin.py:188} INFO - [2026-03-27T03:02:05.083+0000] {dag.py:3823} INFO - Setting next_dagrun for daily_revenue_etl_dag to 2026-03-27 00:00:00+00:00, run_after=2026-03-28 00:00:00+00:00
[2026-03-27T03:02:05.115+0000] {processor.py:183} INFO - Processing /opt/airflow/dags/daily_revenue_etl_dag.py took 0.133 seconds
[2026-03-27T03:02:35.175+0000] {processor.py:161} INFO - Started process (PID=365) to work on /opt/airflow/dags/daily_revenue_etl_dag.py
[2026-03-27T03:02:35.176+0000] {processor.py:830} INFO - Processing file /opt/airflow/dags/daily_revenue_etl_dag.py for tasks to queue
[2026-03-27T03:02:35.177+0000] {logging_mixin.py:188} INFO - [2026-03-27T03:02:35.177+0000] {dagbag.py:538} INFO - Filling up the DagBag from /opt/airflow/dags/daily_revenue_etl_dag.py
[2026-03-27T02:39:02.620+0000] {processor.py:840} INFO - DAG(s) 'daily_revenue_etl_dag' retrieved from /opt/airflow/dags/daily_revenue_etl_dag.py
[2026-03-27T02:39:02.643+0000] {logging_mixin.py:188} INFO - [2026-03-27T02:39:02.643+0000] {dag.py:3036} INFO - Sync 1 DAGs
[2026-03-27T02:39:02.662+0000] {logging_mixin.py:188} INFO - [2026-03-27T02:39:02.662+0000] {dag.py:3823} INFO - Setting next_dagrun for daily_revenue_etl_dag to 2026-03-27 00:00:00+00:00, run_after=2026-03-28 00:00:00+00:00
[2026-03-27T02:39:02.679+0000] {processor.py:183} INFO - Processing /opt/airflow/dags/daily_revenue_etl_dag.py took 0.082 seconds
[2026-03-27T02:39:07.642+0000] {processor.py:161} INFO - Started process (PID=370) to work on /opt/airflow/dags/daily_revenue_etl_dag.py
[2026-03-27T02:39:07.644+0000] {processor.py:830} INFO - Processing file /opt/airflow/dags/daily_revenue_etl_dag.py for tasks to queue
[2026-03-27T02:39:07.645+0000] {logging_mixin.py:188} INFO - [2026-03-27T02:39:07.645+0000] {dagbag.py:538} INFO - Filling up the DagBag from /opt/airflow/dags/daily_revenue_etl_dag.py
[2026-03-27T02:39:07.677+0000] {processor.py:840} INFO - DAG(s) 'daily_revenue_etl_dag' retrieved from /opt/airflow/dags/daily_revenue_etl_dag.py
[2026-03-27T02:39:07.710+0000] {logging_mixin.py:188} INFO - [2026-03-27T02:39:07.709+0000] {dag.py:3036} INFO - Sync 1 DAGs
[2026-03-27T02:39:07.733+0000] {logging_mixin.py:188} INFO - [2026-03-27T02:39:07.733+0000] {dag.py:3823} INFO - Setting next_dagrun for daily_revenue_etl_dag to 2026-03-27 00:00:00+00:00, run_after=2026-03-28 00:00:00+00:00
[2026-03-27T02:39:07.748+0000] {processor.py:183} INFO - Processing /opt/airflow/dags/daily_revenue_etl_dag.py took 0.111 seconds
[2026-03-27T02:39:37.957+0000] {processor.py:161} INFO - Started process (PID=375) to work on /opt/airflow/dags/daily_revenue_etl_dag.py
[2026-03-27T02:39:37.958+0000] {processor.py:830} INFO - Processing file /opt/airflow/dags/daily_revenue_etl_dag.py for tasks to queue
[2026-03-27T02:39:37.960+0000] {logging_mixin.py:188} INFO - [2026-03-27T02:39:37.959+0000] {dagbag.py:538} INFO - Filling up the DagBag from /opt/airflow/dags/daily_revenue_etl_dag.py
[2026-03-27T02:39:37.978+0000] {processor.py:840} INFO - DAG(s) 'daily_revenue_etl_dag' retrieved from /opt/airflow/dags/daily_revenue_etl_dag.py
[2026-03-27T02:39:38.007+0000] {logging_mixin.py:188} INFO - [2026-03-27T02:39:38.007+0000] {dag.py:3036} INFO - Sync 1 DAGs
[2026-03-27T02:39:38.038+0000] {logging_mixin.py:188} INFO - [2026-03-27T02:39:38.038+0000] {dag.py:3823} INFO - Setting next_dagrun for daily_revenue_etl_dag to 2026-03-27 00:00:00+00:00, run_after=2026-03-28 00:00:00+00:00
[2026-03-27T02:39:38.066+0000] {processor.py:183} INFO - Processing /opt/airflow/dags/daily_revenue_etl_dag.py took 0.112 seconds
[2026-03-27T03:03:21.644+0000] {processor.py:161} INFO - Started process (PID=382) to work on /opt/airflow/dags/daily_revenue_etl_dag.py
[2026-03-27T03:03:21.646+0000] {processor.py:830} INFO - Processing file /opt/airflow/dags/daily_revenue_etl_dag.py for tasks to queue
[2026-03-27T03:03:21.648+0000] {logging_mixin.py:188} INFO - [2026-03-27T03:03:21.648+0000] {dagbag.py:538} INFO - Filling up the DagBag from /opt/airflow/dags/daily_revenue_etl_dag.py
[2026-03-27T03:03:21.684+0000] {processor.py:840} INFO - DAG(s) 'daily_revenue_etl_dag' retrieved from /opt/airflow/dags/daily_revenue_etl_dag.py
[2026-03-27T03:03:21.724+0000] {logging_mixin.py:188} INFO - [2026-03-27T03:03:21.724+0000] {dag.py:3036} INFO - Sync 1 DAGs
[2026-03-27T02:39:49.186+0000] {logging_mixin.py:188} INFO - [2026-03-27T02:39:49.185+0000] {dag.py:3823} INFO - Setting next_dagrun for daily_revenue_etl_dag to 2026-03-27 00:00:00+00:00, run_after=2026-03-28 00:00:00+00:00
[2026-03-27T02:39:49.224+0000] {processor.py:183} INFO - Processing /opt/airflow/dags/daily_revenue_etl_dag.py took 0.159 seconds
[2026-03-27T02:40:19.416+0000] {processor.py:161} INFO - Started process (PID=387) to work on /opt/airflow/dags/daily_revenue_etl_dag.py
[2026-03-27T02:40:19.417+0000] {processor.py:830} INFO - Processing file /opt/airflow/dags/daily_revenue_etl_dag.py for tasks to queue
[2026-03-27T02:40:19.418+0000] {logging_mixin.py:188} INFO - [2026-03-27T02:40:19.418+0000] {dagbag.py:538} INFO - Filling up the DagBag from /opt/airflow/dags/daily_revenue_etl_dag.py
[2026-03-27T02:40:19.434+0000] {processor.py:840} INFO - DAG(s) 'daily_revenue_etl_dag' retrieved from /opt/airflow/dags/daily_revenue_etl_dag.py
[2026-03-27T02:40:19.455+0000] {logging_mixin.py:188} INFO - [2026-03-27T02:40:19.455+0000] {dag.py:3036} INFO - Sync 1 DAGs
[2026-03-27T02:40:19.473+0000] {logging_mixin.py:188} INFO - [2026-03-27T02:40:19.473+0000] {dag.py:3823} INFO - Setting next_dagrun for daily_revenue_etl_dag to 2026-03-27 00:00:00+00:00, run_after=2026-03-28 00:00:00+00:00
[2026-03-27T02:40:19.487+0000] {processor.py:183} INFO - Processing /opt/airflow/dags/daily_revenue_etl_dag.py took 0.073 seconds
[2026-03-27T03:04:05.203+0000] {processor.py:161} INFO - Started process (PID=392) to work on /opt/airflow/dags/daily_revenue_etl_dag.py
[2026-03-27T03:04:05.205+0000] {processor.py:830} INFO - Processing file /opt/airflow/dags/daily_revenue_etl_dag.py for tasks to queue
[2026-03-27T03:04:05.207+0000] {logging_mixin.py:188} INFO - [2026-03-27T03:04:05.206+0000] {dagbag.py:538} INFO - Filling up the DagBag from /opt/airflow/dags/daily_revenue_etl_dag.py
[2026-03-27T03:04:05.239+0000] {processor.py:840} INFO - DAG(s) 'daily_revenue_etl_dag' retrieved from /opt/airflow/dags/daily_revenue_etl_dag.py
[2026-03-27T03:04:05.279+0000] {logging_mixin.py:188} INFO - [2026-03-27T03:04:05.278+0000] {dag.py:3036} INFO - Sync 1 DAGs
[2026-03-27T03:04:05.302+0000] {logging_mixin.py:188} INFO - [2026-03-27T03:04:05.302+0000] {dag.py:3823} INFO - Setting next_dagrun for daily_revenue_etl_dag to 2026-03-27 00:00:00+00:00, run_after=2026-03-28 00:00:00+00:00
[2026-03-27T03:04:05.326+0000] {processor.py:183} INFO - Processing /opt/airflow/dags/daily_revenue_etl_dag.py took 0.129 seconds
[2026-03-27T02:41:02.849+0000] {processor.py:161} INFO - Started process (PID=397) to work on /opt/airflow/dags/daily_revenue_etl_dag.py
[2026-03-27T02:41:02.852+0000] {processor.py:830} INFO - Processing file /opt/airflow/dags/daily_revenue_etl_dag.py for tasks to queue
[2026-03-27T02:41:02.853+0000] {logging_mixin.py:188} INFO - [2026-03-27T02:41:02.852+0000] {dagbag.py:538} INFO - Filling up the DagBag from /opt/airflow/dags/daily_revenue_etl_dag.py
[2026-03-27T02:41:02.869+0000] {processor.py:840} INFO - DAG(s) 'daily_revenue_etl_dag' retrieved from /opt/airflow/dags/daily_revenue_etl_dag.py
[2026-03-27T02:41:02.891+0000] {logging_mixin.py:188} INFO - [2026-03-27T02:41:02.891+0000] {dag.py:3036} INFO - Sync 1 DAGs
[2026-03-27T02:41:02.910+0000] {logging_mixin.py:188} INFO - [2026-03-27T02:41:02.910+0000] {dag.py:3823} INFO - Setting next_dagrun for daily_revenue_etl_dag to 2026-03-27 00:00:00+00:00, run_after=2026-03-28 00:00:00+00:00
[2026-03-27T02:41:02.968+0000] {processor.py:183} INFO - Processing /opt/airflow/dags/daily_revenue_etl_dag.py took 0.123 seconds
[2026-03-27T03:04:51.639+0000] {processor.py:161} INFO - Started process (PID=402) to work on /opt/airflow/dags/daily_revenue_etl_dag.py
[2026-03-27T03:04:51.641+0000] {processor.py:830} INFO - Processing file /opt/airflow/dags/daily_revenue_etl_dag.py for tasks to queue
[2026-03-27T03:04:51.643+0000] {logging_mixin.py:188} INFO - [2026-03-27T03:04:51.642+0000] {dagbag.py:538} INFO - Filling up the DagBag from /opt/airflow/dags/daily_revenue_etl_dag.py
[2026-03-27T03:04:51.667+0000] {processor.py:840} INFO - DAG(s) 'daily_revenue_etl_dag' retrieved from /opt/airflow/dags/daily_revenue_etl_dag.py
[2026-03-27T03:04:51.698+0000] {logging_mixin.py:188} INFO - [2026-03-27T03:04:51.697+0000] {dag.py:3036} INFO - Sync 1 DAGs
[2026-03-27T03:04:51.724+0000] {logging_mixin.py:188} INFO - [2026-03-27T03:04:51.724+0000] {dag.py:3823} INFO - Setting next_dagrun for daily_revenue_etl_dag to 2026-03-27 00:00:00+00:00, run_after=2026-03-28 00:00:00+00:00
[2026-03-27T02:41:19.194+0000] {processor.py:183} INFO - Processing /opt/airflow/dags/daily_revenue_etl_dag.py took 0.130 seconds
[2026-03-27T02:41:49.279+0000] {processor.py:161} INFO - Started process (PID=408) to work on /opt/airflow/dags/daily_revenue_etl_dag.py
[2026-03-27T02:41:49.280+0000] {processor.py:830} INFO - Processing file /opt/airflow/dags/daily_revenue_etl_dag.py for tasks to queue
[2026-03-27T02:41:49.281+0000] {logging_mixin.py:188} INFO - [2026-03-27T02:41:49.281+0000] {dagbag.py:538} INFO - Filling up the DagBag from /opt/airflow/dags/daily_revenue_etl_dag.py
[2026-03-27T02:41:49.299+0000] {processor.py:840} INFO - DAG(s) 'daily_revenue_etl_dag' retrieved from /opt/airflow/dags/daily_revenue_etl_dag.py
[2026-03-27T02:41:49.324+0000] {logging_mixin.py:188} INFO - [2026-03-27T02:41:49.323+0000] {dag.py:3036} INFO - Sync 1 DAGs
[2026-03-27T02:41:49.343+0000] {logging_mixin.py:188} INFO - [2026-03-27T02:41:49.342+0000] {dag.py:3823} INFO - Setting next_dagrun for daily_revenue_etl_dag to 2026-03-27 00:00:00+00:00, run_after=2026-03-28 00:00:00+00:00
[2026-03-27T02:41:49.361+0000] {processor.py:183} INFO - Processing /opt/airflow/dags/daily_revenue_etl_dag.py took 0.084 seconds
[2026-03-27T02:42:19.476+0000] {processor.py:161} INFO - Started process (PID=413) to work on /opt/airflow/dags/daily_revenue_etl_dag.py
[2026-03-27T02:42:19.478+0000] {processor.py:830} INFO - Processing file /opt/airflow/dags/daily_revenue_etl_dag.py for tasks to queue
[2026-03-27T02:42:19.479+0000] {logging_mixin.py:188} INFO - [2026-03-27T02:42:19.478+0000] {dagbag.py:538} INFO - Filling up the DagBag from /opt/airflow/dags/daily_revenue_etl_dag.py
[2026-03-27T02:42:19.495+0000] {processor.py:840} INFO - DAG(s) 'daily_revenue_etl_dag' retrieved from /opt/airflow/dags/daily_revenue_etl_dag.py
[2026-03-27T02:42:19.525+0000] {logging_mixin.py:188} INFO - [2026-03-27T02:42:19.525+0000] {dag.py:3036} INFO - Sync 1 DAGs
[2026-03-27T02:42:19.550+0000] {logging_mixin.py:188} INFO - [2026-03-27T02:42:19.550+0000] {dag.py:3823} INFO - Setting next_dagrun for daily_revenue_etl_dag to 2026-03-27 00:00:00+00:00, run_after=2026-03-28 00:00:00+00:00
[2026-03-27T02:42:19.572+0000] {processor.py:183} INFO - Processing /opt/airflow/dags/daily_revenue_etl_dag.py took 0.099 seconds
[2026-03-27T02:42:49.746+0000] {processor.py:161} INFO - Started process (PID=418) to work on /opt/airflow/dags/daily_revenue_etl_dag.py
[2026-03-27T02:42:49.748+0000] {processor.py:830} INFO - Processing file /opt/airflow/dags/daily_revenue_etl_dag.py for tasks to queue
[2026-03-27T02:42:49.750+0000] {logging_mixin.py:188} INFO - [2026-03-27T02:42:49.749+0000] {dagbag.py:538} INFO - Filling up the DagBag from /opt/airflow/dags/daily_revenue_etl_dag.py
[2026-03-27T02:42:49.772+0000] {processor.py:840} INFO - DAG(s) 'daily_revenue_etl_dag' retrieved from /opt/airflow/dags/daily_revenue_etl_dag.py
[2026-03-27T02:42:49.801+0000] {logging_mixin.py:188} INFO - [2026-03-27T02:42:49.801+0000] {dag.py:3036} INFO - Sync 1 DAGs
[2026-03-27T02:42:49.825+0000] {logging_mixin.py:188} INFO - [2026-03-27T02:42:49.825+0000] {dag.py:3823} INFO - Setting next_dagrun for daily_revenue_etl_dag to 2026-03-27 00:00:00+00:00, run_after=2026-03-28 00:00:00+00:00
[2026-03-27T02:42:49.851+0000] {processor.py:183} INFO - Processing /opt/airflow/dags/daily_revenue_etl_dag.py took 0.108 seconds
[2026-03-27T03:06:25.468+0000] {processor.py:161} INFO - Started process (PID=423) to work on /opt/airflow/dags/daily_revenue_etl_dag.py
[2026-03-27T03:06:25.469+0000] {processor.py:830} INFO - Processing file /opt/airflow/dags/daily_revenue_etl_dag.py for tasks to queue
[2026-03-27T03:06:25.470+0000] {logging_mixin.py:188} INFO - [2026-03-27T03:06:25.470+0000] {dagbag.py:538} INFO - Filling up the DagBag from /opt/airflow/dags/daily_revenue_etl_dag.py
[2026-03-27T03:06:25.489+0000] {processor.py:840} INFO - DAG(s) 'daily_revenue_etl_dag' retrieved from /opt/airflow/dags/daily_revenue_etl_dag.py
[2026-03-27T03:06:25.511+0000] {logging_mixin.py:188} INFO - [2026-03-27T03:06:25.511+0000] {dag.py:3036} INFO - Sync 1 DAGs
[2026-03-27T03:06:25.529+0000] {logging_mixin.py:188} INFO - [2026-03-27T03:06:25.528+0000] {dag.py:3823} INFO - Setting next_dagrun for daily_revenue_etl_dag to 2026-03-27 00:00:00+00:00, run_after=2026-03-28 00:00:00+00:00
[2026-03-27T03:06:25.543+0000] {processor.py:183} INFO - Processing /opt/airflow/dags/daily_revenue_etl_dag.py took 0.080 seconds
[2026-03-27T03:09:21.658+0000] {processor.py:161} INFO - Started process (PID=428) to work on /opt/airflow/dags/daily_revenue_etl_dag.py
[2026-03-27T03:09:21.660+0000] {processor.py:830} INFO - Processing file /opt/airflow/dags/daily_revenue_etl_dag.py for tasks to queue
[2026-03-27T03:09:21.663+0000] {logging_mixin.py:188} INFO - [2026-03-27T03:09:21.663+0000] {dagbag.py:538} INFO - Filling up the DagBag from /opt/airflow/dags/daily_revenue_etl_dag.py
[2026-03-27T03:09:21.691+0000] {processor.py:840} INFO - DAG(s) 'daily_revenue_etl_dag' retrieved from /opt/airflow/dags/daily_revenue_etl_dag.py
[2026-03-27T03:09:21.725+0000] {logging_mixin.py:188} INFO - [2026-03-27T03:09:21.725+0000] {dag.py:3036} INFO - Sync 1 DAGs
[2026-03-27T03:09:21.756+0000] {logging_mixin.py:188} INFO - [2026-03-27T03:09:21.756+0000] {dag.py:3823} INFO - Setting next_dagrun for daily_revenue_etl_dag to 2026-03-27 00:00:00+00:00, run_after=2026-03-28 00:00:00+00:00
[2026-03-27T02:45:49.229+0000] {processor.py:183} INFO - Processing /opt/airflow/dags/daily_revenue_etl_dag.py took 0.135 seconds
[2026-03-27T03:09:25.856+0000] {processor.py:161} INFO - Started process (PID=433) to work on /opt/airflow/dags/daily_revenue_etl_dag.py
[2026-03-27T03:09:25.858+0000] {processor.py:830} INFO - Processing file /opt/airflow/dags/daily_revenue_etl_dag.py for tasks to queue
[2026-03-27T03:09:25.858+0000] {logging_mixin.py:188} INFO - [2026-03-27T03:09:25.858+0000] {dagbag.py:538} INFO - Filling up the DagBag from /opt/airflow/dags/daily_revenue_etl_dag.py
[2026-03-27T03:09:25.875+0000] {processor.py:840} INFO - DAG(s) 'daily_revenue_etl_dag' retrieved from /opt/airflow/dags/daily_revenue_etl_dag.py
[2026-03-27T02:45:53.342+0000] {logging_mixin.py:188} INFO - [2026-03-27T02:45:53.342+0000] {dag.py:3036} INFO - Sync 1 DAGs
[2026-03-27T02:45:53.367+0000] {logging_mixin.py:188} INFO - [2026-03-27T02:45:53.367+0000] {dag.py:3823} INFO - Setting next_dagrun for daily_revenue_etl_dag to 2026-03-27 00:00:00+00:00, run_after=2026-03-28 00:00:00+00:00
[2026-03-27T02:45:53.383+0000] {processor.py:183} INFO - Processing /opt/airflow/dags/daily_revenue_etl_dag.py took 0.090 seconds
[2026-03-27T02:45:58.345+0000] {processor.py:161} INFO - Started process (PID=438) to work on /opt/airflow/dags/daily_revenue_etl_dag.py
[2026-03-27T02:45:58.347+0000] {processor.py:830} INFO - Processing file /opt/airflow/dags/daily_revenue_etl_dag.py for tasks to queue
[2026-03-27T02:45:58.349+0000] {logging_mixin.py:188} INFO - [2026-03-27T02:45:58.348+0000] {dagbag.py:538} INFO - Filling up the DagBag from /opt/airflow/dags/daily_revenue_etl_dag.py
[2026-03-27T02:45:58.384+0000] {processor.py:840} INFO - DAG(s) 'daily_revenue_etl_dag' retrieved from /opt/airflow/dags/daily_revenue_etl_dag.py
[2026-03-27T02:45:58.440+0000] {logging_mixin.py:188} INFO - [2026-03-27T02:45:58.439+0000] {dag.py:3036} INFO - Sync 1 DAGs
[2026-03-27T02:45:58.487+0000] {logging_mixin.py:188} INFO - [2026-03-27T02:45:58.487+0000] {dag.py:3823} INFO - Setting next_dagrun for daily_revenue_etl_dag to 2026-03-27 00:00:00+00:00, run_after=2026-03-28 00:00:00+00:00
[2026-03-27T02:45:58.560+0000] {processor.py:183} INFO - Processing /opt/airflow/dags/daily_revenue_etl_dag.py took 0.220 seconds
[2026-03-27T02:46:28.784+0000] {processor.py:161} INFO - Started process (PID=443) to work on /opt/airflow/dags/daily_revenue_etl_dag.py
[2026-03-27T02:46:28.787+0000] {processor.py:830} INFO - Processing file /opt/airflow/dags/daily_revenue_etl_dag.py for tasks to queue
[2026-03-27T02:46:28.793+0000] {logging_mixin.py:188} INFO - [2026-03-27T02:46:28.789+0000] {dagbag.py:538} INFO - Filling up the DagBag from /opt/airflow/dags/daily_revenue_etl_dag.py
[2026-03-27T02:46:28.838+0000] {processor.py:840} INFO - DAG(s) 'daily_revenue_etl_dag' retrieved from /opt/airflow/dags/daily_revenue_etl_dag.py
[2026-03-27T02:46:28.902+0000] {logging_mixin.py:188} INFO - [2026-03-27T02:46:28.900+0000] {dag.py:3036} INFO - Sync 1 DAGs
[2026-03-27T02:46:28.960+0000] {logging_mixin.py:188} INFO - [2026-03-27T02:46:28.960+0000] {dag.py:3823} INFO - Setting next_dagrun for daily_revenue_etl_dag to 2026-03-27 00:00:00+00:00, run_after=2026-03-28 00:00:00+00:00
[2026-03-27T02:46:28.999+0000] {processor.py:183} INFO - Processing /opt/airflow/dags/daily_revenue_etl_dag.py took 0.235 seconds
[2026-03-27T03:10:15.797+0000] {processor.py:161} INFO - Started process (PID=448) to work on /opt/airflow/dags/daily_revenue_etl_dag.py
[2026-03-27T03:10:15.799+0000] {processor.py:830} INFO - Processing file /opt/airflow/dags/daily_revenue_etl_dag.py for tasks to queue
[2026-03-27T03:10:15.801+0000] {logging_mixin.py:188} INFO - [2026-03-27T03:10:15.801+0000] {dagbag.py:538} INFO - Filling up the DagBag from /opt/airflow/dags/daily_revenue_etl_dag.py
[2026-03-27T03:10:15.830+0000] {processor.py:840} INFO - DAG(s) 'daily_revenue_etl_dag' retrieved from /opt/airflow/dags/daily_revenue_etl_dag.py
[2026-03-27T03:10:15.866+0000] {logging_mixin.py:188} INFO - [2026-03-27T03:10:15.866+0000] {dag.py:3036} INFO - Sync 1 DAGs
[2026-03-27T03:10:15.899+0000] {logging_mixin.py:188} INFO - [2026-03-27T03:10:15.898+0000] {dag.py:3823} INFO - Setting next_dagrun for daily_revenue_etl_dag to 2026-03-27 00:00:00+00:00, run_after=2026-03-28 00:00:00+00:00
[2026-03-27T03:10:15.925+0000] {processor.py:183} INFO - Processing /opt/airflow/dags/daily_revenue_etl_dag.py took 0.135 seconds
[2026-03-27T03:11:51.771+0000] {processor.py:161} INFO - Started process (PID=455) to work on /opt/airflow/dags/daily_revenue_etl_dag.py
[2026-03-27T03:11:51.774+0000] {processor.py:830} INFO - Processing file /opt/airflow/dags/daily_revenue_etl_dag.py for tasks to queue
[2026-03-27T03:11:51.775+0000] {logging_mixin.py:188} INFO - [2026-03-27T03:11:51.775+0000] {dagbag.py:538} INFO - Filling up the DagBag from /opt/airflow/dags/daily_revenue_etl_dag.py
[2026-03-27T02:48:19.257+0000] {processor.py:840} INFO - DAG(s) 'daily_revenue_etl_dag' retrieved from /opt/airflow/dags/daily_revenue_etl_dag.py
[2026-03-27T02:48:19.298+0000] {logging_mixin.py:188} INFO - [2026-03-27T02:48:19.298+0000] {dag.py:3036} INFO - Sync 1 DAGs
[2026-03-27T02:48:19.333+0000] {logging_mixin.py:188} INFO - [2026-03-27T02:48:19.332+0000] {dag.py:3823} INFO - Setting next_dagrun for daily_revenue_etl_dag to 2026-03-27 00:00:00+00:00, run_after=2026-03-28 00:00:00+00:00
[2026-03-27T02:48:19.490+0000] {processor.py:183} INFO - Processing /opt/airflow/dags/daily_revenue_etl_dag.py took 0.280 seconds
[2026-03-27T03:11:56.141+0000] {processor.py:161} INFO - Started process (PID=460) to work on /opt/airflow/dags/daily_revenue_etl_dag.py
[2026-03-27T03:11:56.143+0000] {processor.py:830} INFO - Processing file /opt/airflow/dags/daily_revenue_etl_dag.py for tasks to queue
[2026-03-27T03:11:56.144+0000] {logging_mixin.py:188} INFO - [2026-03-27T03:11:56.144+0000] {dagbag.py:538} INFO - Filling up the DagBag from /opt/airflow/dags/daily_revenue_etl_dag.py
[2026-03-27T02:48:23.606+0000] {processor.py:840} INFO - DAG(s) 'daily_revenue_etl_dag' retrieved from /opt/airflow/dags/daily_revenue_etl_dag.py
[2026-03-27T02:48:23.641+0000] {logging_mixin.py:188} INFO - [2026-03-27T02:48:23.641+0000] {dag.py:3036} INFO - Sync 1 DAGs
[2026-03-27T02:48:23.671+0000] {logging_mixin.py:188} INFO - [2026-03-27T02:48:23.670+0000] {dag.py:3823} INFO - Setting next_dagrun for daily_revenue_etl_dag to 2026-03-27 00:00:00+00:00, run_after=2026-03-28 00:00:00+00:00
[2026-03-27T02:48:23.702+0000] {processor.py:183} INFO - Processing /opt/airflow/dags/daily_revenue_etl_dag.py took 0.129 seconds
[2026-03-27T02:48:53.857+0000] {processor.py:161} INFO - Started process (PID=465) to work on /opt/airflow/dags/daily_revenue_etl_dag.py
[2026-03-27T02:48:53.859+0000] {processor.py:830} INFO - Processing file /opt/airflow/dags/daily_revenue_etl_dag.py for tasks to queue
[2026-03-27T02:48:53.859+0000] {logging_mixin.py:188} INFO - [2026-03-27T02:48:53.859+0000] {dagbag.py:538} INFO - Filling up the DagBag from /opt/airflow/dags/daily_revenue_etl_dag.py
[2026-03-27T02:48:53.875+0000] {processor.py:840} INFO - DAG(s) 'daily_revenue_etl_dag' retrieved from /opt/airflow/dags/daily_revenue_etl_dag.py
[2026-03-27T02:48:53.898+0000] {logging_mixin.py:188} INFO - [2026-03-27T02:48:53.898+0000] {dag.py:3036} INFO - Sync 1 DAGs
[2026-03-27T02:48:53.918+0000] {logging_mixin.py:188} INFO - [2026-03-27T02:48:53.918+0000] {dag.py:3823} INFO - Setting next_dagrun for daily_revenue_etl_dag to 2026-03-27 00:00:00+00:00, run_after=2026-03-28 00:00:00+00:00
[2026-03-27T02:48:53.933+0000] {processor.py:183} INFO - Processing /opt/airflow/dags/daily_revenue_etl_dag.py took 0.078 seconds
[2026-03-27T03:12:51.626+0000] {processor.py:161} INFO - Started process (PID=470) to work on /opt/airflow/dags/daily_revenue_etl_dag.py
[2026-03-27T03:12:51.627+0000] {processor.py:830} INFO - Processing file /opt/airflow/dags/daily_revenue_etl_dag.py for tasks to queue
[2026-03-27T03:12:51.628+0000] {logging_mixin.py:188} INFO - [2026-03-27T03:12:51.628+0000] {dagbag.py:538} INFO - Filling up the DagBag from /opt/airflow/dags/daily_revenue_etl_dag.py
[2026-03-27T03:12:51.647+0000] {processor.py:840} INFO - DAG(s) 'daily_revenue_etl_dag' retrieved from /opt/airflow/dags/daily_revenue_etl_dag.py
[2026-03-27T03:12:51.671+0000] {logging_mixin.py:188} INFO - [2026-03-27T03:12:51.671+0000] {dag.py:3036} INFO - Sync 1 DAGs
[2026-03-27T03:12:51.689+0000] {logging_mixin.py:188} INFO - [2026-03-27T03:12:51.689+0000] {dag.py:3823} INFO - Setting next_dagrun for daily_revenue_etl_dag to 2026-03-27 00:00:00+00:00, run_after=2026-03-28 00:00:00+00:00
[2026-03-27T03:12:51.706+0000] {processor.py:183} INFO - Processing /opt/airflow/dags/daily_revenue_etl_dag.py took 0.084 seconds
[2026-03-27T02:49:49.264+0000] {processor.py:161} INFO - Started process (PID=475) to work on /opt/airflow/dags/daily_revenue_etl_dag.py
[2026-03-27T02:49:49.267+0000] {processor.py:830} INFO - Processing file /opt/airflow/dags/daily_revenue_etl_dag.py for tasks to queue
[2026-03-27T02:49:49.269+0000] {logging_mixin.py:188} INFO - [2026-03-27T02:49:49.268+0000] {dagbag.py:538} INFO - Filling up the DagBag from /opt/airflow/dags/daily_revenue_etl_dag.py
[2026-03-27T02:49:49.308+0000] {processor.py:840} INFO - DAG(s) 'daily_revenue_etl_dag' retrieved from /opt/airflow/dags/daily_revenue_etl_dag.py
[2026-03-27T02:49:49.355+0000] {logging_mixin.py:188} INFO - [2026-03-27T02:49:49.354+0000] {dag.py:3036} INFO - Sync 1 DAGs
[2026-03-27T02:49:49.397+0000] {logging_mixin.py:188} INFO - [2026-03-27T02:49:49.397+0000] {dag.py:3823} INFO - Setting next_dagrun for daily_revenue_etl_dag to 2026-03-27 00:00:00+00:00, run_after=2026-03-28 00:00:00+00:00
[2026-03-27T02:49:49.430+0000] {processor.py:183} INFO - Processing /opt/airflow/dags/daily_revenue_etl_dag.py took 0.174 seconds
[2026-03-27T03:13:51.208+0000] {processor.py:161} INFO - Started process (PID=480) to work on /opt/airflow/dags/daily_revenue_etl_dag.py
[2026-03-27T03:13:51.211+0000] {processor.py:830} INFO - Processing file /opt/airflow/dags/daily_revenue_etl_dag.py for tasks to queue
[2026-03-27T03:13:51.214+0000] {logging_mixin.py:188} INFO - [2026-03-27T03:13:51.213+0000] {dagbag.py:538} INFO - Filling up the DagBag from /opt/airflow/dags/daily_revenue_etl_dag.py
[2026-03-27T03:13:51.251+0000] {processor.py:840} INFO - DAG(s) 'daily_revenue_etl_dag' retrieved from /opt/airflow/dags/daily_revenue_etl_dag.py
[2026-03-27T03:13:51.297+0000] {logging_mixin.py:188} INFO - [2026-03-27T03:13:51.296+0000] {dag.py:3036} INFO - Sync 1 DAGs
[2026-03-27T03:13:51.333+0000] {logging_mixin.py:188} INFO - [2026-03-27T03:13:51.333+0000] {dag.py:3823} INFO - Setting next_dagrun for daily_revenue_etl_dag to 2026-03-27 00:00:00+00:00, run_after=2026-03-28 00:00:00+00:00
[2026-03-27T03:13:51.358+0000] {processor.py:183} INFO - Processing /opt/airflow/dags/daily_revenue_etl_dag.py took 0.156 seconds
[2026-03-27T02:50:48.934+0000] {processor.py:161} INFO - Started process (PID=485) to work on /opt/airflow/dags/daily_revenue_etl_dag.py
[2026-03-27T02:50:48.937+0000] {processor.py:830} INFO - Processing file /opt/airflow/dags/daily_revenue_etl_dag.py for tasks to queue
[2026-03-27T02:50:48.940+0000] {logging_mixin.py:188} INFO - [2026-03-27T02:50:48.940+0000] {dagbag.py:538} INFO - Filling up the DagBag from /opt/airflow/dags/daily_revenue_etl_dag.py
[2026-03-27T02:50:48.973+0000] {processor.py:840} INFO - DAG(s) 'daily_revenue_etl_dag' retrieved from /opt/airflow/dags/daily_revenue_etl_dag.py
[2026-03-27T02:50:49.006+0000] {logging_mixin.py:188} INFO - [2026-03-27T02:50:49.006+0000] {dag.py:3036} INFO - Sync 1 DAGs
[2026-03-27T02:50:49.034+0000] {logging_mixin.py:188} INFO - [2026-03-27T02:50:49.033+0000] {dag.py:3823} INFO - Setting next_dagrun for daily_revenue_etl_dag to 2026-03-27 00:00:00+00:00, run_after=2026-03-28 00:00:00+00:00
[2026-03-27T03:14:21.616+0000] {processor.py:183} INFO - Processing /opt/airflow/dags/daily_revenue_etl_dag.py took 0.131 seconds
[2026-03-27T03:14:51.745+0000] {processor.py:161} INFO - Started process (PID=491) to work on /opt/airflow/dags/daily_revenue_etl_dag.py
[2026-03-27T03:14:51.745+0000] {processor.py:830} INFO - Processing file /opt/airflow/dags/daily_revenue_etl_dag.py for tasks to queue
[2026-03-27T03:14:51.746+0000] {logging_mixin.py:188} INFO - [2026-03-27T03:14:51.746+0000] {dagbag.py:538} INFO - Filling up the DagBag from /opt/airflow/dags/daily_revenue_etl_dag.py
[2026-03-27T03:14:51.766+0000] {processor.py:840} INFO - DAG(s) 'daily_revenue_etl_dag' retrieved from /opt/airflow/dags/daily_revenue_etl_dag.py
[2026-03-27T02:51:19.356+0000] {logging_mixin.py:188} INFO - [2026-03-27T02:51:19.356+0000] {dag.py:3036} INFO - Sync 1 DAGs
[2026-03-27T02:51:19.375+0000] {logging_mixin.py:188} INFO - [2026-03-27T02:51:19.375+0000] {dag.py:3823} INFO - Setting next_dagrun for daily_revenue_etl_dag to 2026-03-27 00:00:00+00:00, run_after=2026-03-28 00:00:00+00:00
[2026-03-27T02:51:19.394+0000] {processor.py:183} INFO - Processing /opt/airflow/dags/daily_revenue_etl_dag.py took 0.208 seconds
[2026-03-27T02:51:49.451+0000] {processor.py:161} INFO - Started process (PID=496) to work on /opt/airflow/dags/daily_revenue_etl_dag.py
[2026-03-27T02:51:49.453+0000] {processor.py:830} INFO - Processing file /opt/airflow/dags/daily_revenue_etl_dag.py for tasks to queue
[2026-03-27T02:51:49.454+0000] {logging_mixin.py:188} INFO - [2026-03-27T02:51:49.454+0000] {dagbag.py:538} INFO - Filling up the DagBag from /opt/airflow/dags/daily_revenue_etl_dag.py
[2026-03-27T02:51:49.485+0000] {processor.py:840} INFO - DAG(s) 'daily_revenue_etl_dag' retrieved from /opt/airflow/dags/daily_revenue_etl_dag.py
[2026-03-27T02:51:49.509+0000] {logging_mixin.py:188} INFO - [2026-03-27T02:51:49.508+0000] {dag.py:3036} INFO - Sync 1 DAGs
[2026-03-27T02:51:49.562+0000] {logging_mixin.py:188} INFO - [2026-03-27T02:51:49.562+0000] {dag.py:3823} INFO - Setting next_dagrun for daily_revenue_etl_dag to 2026-03-27 00:00:00+00:00, run_after=2026-03-28 00:00:00+00:00
[2026-03-27T02:51:49.606+0000] {processor.py:183} INFO - Processing /opt/airflow/dags/daily_revenue_etl_dag.py took 0.163 seconds
[2026-03-27T02:52:19.779+0000] {processor.py:161} INFO - Started process (PID=501) to work on /opt/airflow/dags/daily_revenue_etl_dag.py
[2026-03-27T02:52:19.780+0000] {processor.py:830} INFO - Processing file /opt/airflow/dags/daily_revenue_etl_dag.py for tasks to queue
[2026-03-27T02:52:19.782+0000] {logging_mixin.py:188} INFO - [2026-03-27T02:52:19.781+0000] {dagbag.py:538} INFO - Filling up the DagBag from /opt/airflow/dags/daily_revenue_etl_dag.py
[2026-03-27T02:52:19.805+0000] {processor.py:840} INFO - DAG(s) 'daily_revenue_etl_dag' retrieved from /opt/airflow/dags/daily_revenue_etl_dag.py
[2026-03-27T02:52:19.823+0000] {logging_mixin.py:188} INFO - [2026-03-27T02:52:19.822+0000] {dag.py:3036} INFO - Sync 1 DAGs
[2026-03-27T02:52:19.854+0000] {logging_mixin.py:188} INFO - [2026-03-27T02:52:19.854+0000] {dag.py:3823} INFO - Setting next_dagrun for daily_revenue_etl_dag to 2026-03-27 00:00:00+00:00, run_after=2026-03-28 00:00:00+00:00
[2026-03-27T02:52:19.875+0000] {processor.py:183} INFO - Processing /opt/airflow/dags/daily_revenue_etl_dag.py took 0.099 seconds
[2026-03-27T03:15:56.484+0000] {processor.py:161} INFO - Started process (PID=506) to work on /opt/airflow/dags/daily_revenue_etl_dag.py
[2026-03-27T03:15:56.485+0000] {processor.py:830} INFO - Processing file /opt/airflow/dags/daily_revenue_etl_dag.py for tasks to queue
[2026-03-27T03:15:56.486+0000] {logging_mixin.py:188} INFO - [2026-03-27T03:15:56.485+0000] {dagbag.py:538} INFO - Filling up the DagBag from /opt/airflow/dags/daily_revenue_etl_dag.py
[2026-03-27T03:15:56.503+0000] {processor.py:840} INFO - DAG(s) 'daily_revenue_etl_dag' retrieved from /opt/airflow/dags/daily_revenue_etl_dag.py
[2026-03-27T03:15:56.528+0000] {logging_mixin.py:188} INFO - [2026-03-27T03:15:56.527+0000] {dag.py:3036} INFO - Sync 1 DAGs
[2026-03-27T03:15:56.549+0000] {logging_mixin.py:188} INFO - [2026-03-27T03:15:56.549+0000] {dag.py:3823} INFO - Setting next_dagrun for daily_revenue_etl_dag to 2026-03-27 00:00:00+00:00, run_after=2026-03-28 00:00:00+00:00
[2026-03-27T03:15:56.566+0000] {processor.py:183} INFO - Processing /opt/airflow/dags/daily_revenue_etl_dag.py took 0.086 seconds
[2026-03-27T02:52:54.141+0000] {processor.py:161} INFO - Started process (PID=512) to work on /opt/airflow/dags/daily_revenue_etl_dag.py
[2026-03-27T02:52:54.145+0000] {processor.py:830} INFO - Processing file /opt/airflow/dags/daily_revenue_etl_dag.py for tasks to queue
[2026-03-27T02:52:54.149+0000] {logging_mixin.py:188} INFO - [2026-03-27T02:52:54.147+0000] {dagbag.py:538} INFO - Filling up the DagBag from /opt/airflow/dags/daily_revenue_etl_dag.py
[2026-03-27T02:52:54.201+0000] {processor.py:840} INFO - DAG(s) 'daily_revenue_etl_dag' retrieved from /opt/airflow/dags/daily_revenue_etl_dag.py
[2026-03-27T02:52:54.223+0000] {logging_mixin.py:188} INFO - [2026-03-27T02:52:54.223+0000] {dag.py:3036} INFO - Sync 1 DAGs
[2026-03-27T02:52:54.267+0000] {logging_mixin.py:188} INFO - [2026-03-27T02:52:54.266+0000] {dag.py:3823} INFO - Setting next_dagrun for daily_revenue_etl_dag to 2026-03-27 00:00:00+00:00, run_after=2026-03-28 00:00:00+00:00
[2026-03-27T02:52:54.296+0000] {processor.py:183} INFO - Processing /opt/airflow/dags/daily_revenue_etl_dag.py took 0.163 seconds
[2026-03-27T02:53:24.392+0000] {processor.py:161} INFO - Started process (PID=517) to work on /opt/airflow/dags/daily_revenue_etl_dag.py
[2026-03-27T02:53:24.394+0000] {processor.py:830} INFO - Processing file /opt/airflow/dags/daily_revenue_etl_dag.py for tasks to queue
[2026-03-27T02:53:24.396+0000] {logging_mixin.py:188} INFO - [2026-03-27T02:53:24.395+0000] {dagbag.py:538} INFO - Filling up the DagBag from /opt/airflow/dags/daily_revenue_etl_dag.py
[2026-03-27T02:53:24.432+0000] {processor.py:840} INFO - DAG(s) 'daily_revenue_etl_dag' retrieved from /opt/airflow/dags/daily_revenue_etl_dag.py
[2026-03-27T02:53:24.455+0000] {logging_mixin.py:188} INFO - [2026-03-27T02:53:24.453+0000] {dag.py:3036} INFO - Sync 1 DAGs
[2026-03-27T02:53:24.497+0000] {logging_mixin.py:188} INFO - [2026-03-27T02:53:24.497+0000] {dag.py:3823} INFO - Setting next_dagrun for daily_revenue_etl_dag to 2026-03-27 00:00:00+00:00, run_after=2026-03-28 00:00:00+00:00
[2026-03-27T02:53:24.527+0000] {processor.py:183} INFO - Processing /opt/airflow/dags/daily_revenue_etl_dag.py took 0.140 seconds
[2026-03-27T02:53:54.688+0000] {processor.py:161} INFO - Started process (PID=522) to work on /opt/airflow/dags/daily_revenue_etl_dag.py
[2026-03-27T02:53:54.689+0000] {processor.py:830} INFO - Processing file /opt/airflow/dags/daily_revenue_etl_dag.py for tasks to queue
[2026-03-27T02:53:54.691+0000] {logging_mixin.py:188} INFO - [2026-03-27T02:53:54.690+0000] {dagbag.py:538} INFO - Filling up the DagBag from /opt/airflow/dags/daily_revenue_etl_dag.py
[2026-03-27T02:53:54.708+0000] {processor.py:840} INFO - DAG(s) 'daily_revenue_etl_dag' retrieved from /opt/airflow/dags/daily_revenue_etl_dag.py
[2026-03-27T02:53:54.719+0000] {logging_mixin.py:188} INFO - [2026-03-27T02:53:54.719+0000] {dag.py:3036} INFO - Sync 1 DAGs
[2026-03-27T02:53:54.742+0000] {logging_mixin.py:188} INFO - [2026-03-27T02:53:54.742+0000] {dag.py:3823} INFO - Setting next_dagrun for daily_revenue_etl_dag to 2026-03-27 00:00:00+00:00, run_after=2026-03-28 00:00:00+00:00
[2026-03-27T02:53:54.760+0000] {processor.py:183} INFO - Processing /opt/airflow/dags/daily_revenue_etl_dag.py took 0.075 seconds
[2026-03-27T02:54:24.902+0000] {processor.py:161} INFO - Started process (PID=528) to work on /opt/airflow/dags/daily_revenue_etl_dag.py
[2026-03-27T02:54:24.904+0000] {processor.py:830} INFO - Processing file /opt/airflow/dags/daily_revenue_etl_dag.py for tasks to queue
[2026-03-27T02:54:24.905+0000] {logging_mixin.py:188} INFO - [2026-03-27T02:54:24.904+0000] {dagbag.py:538} INFO - Filling up the DagBag from /opt/airflow/dags/daily_revenue_etl_dag.py
[2026-03-27T02:54:24.925+0000] {processor.py:840} INFO - DAG(s) 'daily_revenue_etl_dag' retrieved from /opt/airflow/dags/daily_revenue_etl_dag.py
[2026-03-27T02:54:24.940+0000] {logging_mixin.py:188} INFO - [2026-03-27T02:54:24.940+0000] {dag.py:3036} INFO - Sync 1 DAGs
[2026-03-27T02:54:24.962+0000] {logging_mixin.py:188} INFO - [2026-03-27T02:54:24.961+0000] {dag.py:3823} INFO - Setting next_dagrun for daily_revenue_etl_dag to 2026-03-27 00:00:00+00:00, run_after=2026-03-28 00:00:00+00:00
[2026-03-27T02:54:24.981+0000] {processor.py:183} INFO - Processing /opt/airflow/dags/daily_revenue_etl_dag.py took 0.083 seconds
[2026-03-27T03:18:11.693+0000] {processor.py:161} INFO - Started process (PID=533) to work on /opt/airflow/dags/daily_revenue_etl_dag.py
[2026-03-27T03:18:11.695+0000] {processor.py:830} INFO - Processing file /opt/airflow/dags/daily_revenue_etl_dag.py for tasks to queue
[2026-03-27T03:18:11.696+0000] {logging_mixin.py:188} INFO - [2026-03-27T03:18:11.696+0000] {dagbag.py:538} INFO - Filling up the DagBag from /opt/airflow/dags/daily_revenue_etl_dag.py
[2026-03-27T03:18:11.724+0000] {processor.py:840} INFO - DAG(s) 'daily_revenue_etl_dag' retrieved from /opt/airflow/dags/daily_revenue_etl_dag.py
[2026-03-27T03:18:11.767+0000] {logging_mixin.py:188} INFO - [2026-03-27T03:18:11.767+0000] {dag.py:3036} INFO - Sync 1 DAGs
[2026-03-27T03:18:11.806+0000] {logging_mixin.py:188} INFO - [2026-03-27T03:18:11.806+0000] {dag.py:3823} INFO - Setting next_dagrun for daily_revenue_etl_dag to 2026-03-27 00:00:00+00:00, run_after=2026-03-28 00:00:00+00:00
[2026-03-27T03:18:11.846+0000] {processor.py:183} INFO - Processing /opt/airflow/dags/daily_revenue_etl_dag.py took 0.159 seconds
[2026-03-27T03:18:16.719+0000] {processor.py:161} INFO - Started process (PID=538) to work on /opt/airflow/dags/daily_revenue_etl_dag.py
[2026-03-27T03:18:16.720+0000] {processor.py:830} INFO - Processing file /opt/airflow/dags/daily_revenue_etl_dag.py for tasks to queue
[2026-03-27T03:18:16.721+0000] {logging_mixin.py:188} INFO - [2026-03-27T03:18:16.720+0000] {dagbag.py:538} INFO - Filling up the DagBag from /opt/airflow/dags/daily_revenue_etl_dag.py
[2026-03-27T03:18:16.737+0000] {processor.py:840} INFO - DAG(s) 'daily_revenue_etl_dag' retrieved from /opt/airflow/dags/daily_revenue_etl_dag.py
[2026-03-27T03:18:16.760+0000] {logging_mixin.py:188} INFO - [2026-03-27T03:18:16.760+0000] {dag.py:3036} INFO - Sync 1 DAGs
[2026-03-27T03:18:16.778+0000] {logging_mixin.py:188} INFO - [2026-03-27T03:18:16.778+0000] {dag.py:3823} INFO - Setting next_dagrun for daily_revenue_etl_dag to 2026-03-27 00:00:00+00:00, run_after=2026-03-28 00:00:00+00:00
[2026-03-27T03:18:16.794+0000] {processor.py:183} INFO - Processing /opt/airflow/dags/daily_revenue_etl_dag.py took 0.079 seconds
[2026-03-27T03:18:46.911+0000] {processor.py:161} INFO - Started process (PID=544) to work on /opt/airflow/dags/daily_revenue_etl_dag.py
[2026-03-27T03:18:46.913+0000] {processor.py:830} INFO - Processing file /opt/airflow/dags/daily_revenue_etl_dag.py for tasks to queue
[2026-03-27T03:18:46.916+0000] {logging_mixin.py:188} INFO - [2026-03-27T03:18:46.916+0000] {dagbag.py:538} INFO - Filling up the DagBag from /opt/airflow/dags/daily_revenue_etl_dag.py
[2026-03-27T02:55:14.395+0000] {processor.py:840} INFO - DAG(s) 'daily_revenue_etl_dag' retrieved from /opt/airflow/dags/daily_revenue_etl_dag.py
[2026-03-27T02:55:14.417+0000] {logging_mixin.py:188} INFO - [2026-03-27T02:55:14.417+0000] {dag.py:3036} INFO - Sync 1 DAGs
[2026-03-27T02:55:14.453+0000] {logging_mixin.py:188} INFO - [2026-03-27T02:55:14.453+0000] {dag.py:3823} INFO - Setting next_dagrun for daily_revenue_etl_dag to 2026-03-27 00:00:00+00:00, run_after=2026-03-28 00:00:00+00:00
[2026-03-27T02:55:14.476+0000] {processor.py:183} INFO - Processing /opt/airflow/dags/daily_revenue_etl_dag.py took 0.124 seconds
[2026-03-27T02:55:44.677+0000] {processor.py:161} INFO - Started process (PID=549) to work on /opt/airflow/dags/daily_revenue_etl_dag.py
[2026-03-27T02:55:44.688+0000] {processor.py:830} INFO - Processing file /opt/airflow/dags/daily_revenue_etl_dag.py for tasks to queue
[2026-03-27T02:55:44.691+0000] {logging_mixin.py:188} INFO - [2026-03-27T02:55:44.691+0000] {dagbag.py:538} INFO - Filling up the DagBag from /opt/airflow/dags/daily_revenue_etl_dag.py
[2026-03-27T02:55:44.783+0000] {processor.py:840} INFO - DAG(s) 'daily_revenue_etl_dag' retrieved from /opt/airflow/dags/daily_revenue_etl_dag.py
[2026-03-27T02:55:44.813+0000] {logging_mixin.py:188} INFO - [2026-03-27T02:55:44.812+0000] {dag.py:3036} INFO - Sync 1 DAGs
[2026-03-27T02:55:44.887+0000] {logging_mixin.py:188} INFO - [2026-03-27T02:55:44.887+0000] {dag.py:3823} INFO - Setting next_dagrun for daily_revenue_etl_dag to 2026-03-27 00:00:00+00:00, run_after=2026-03-28 00:00:00+00:00
[2026-03-27T02:55:44.950+0000] {processor.py:183} INFO - Processing /opt/airflow/dags/daily_revenue_etl_dag.py took 0.282 seconds
[2026-03-27T03:19:45.747+0000] {processor.py:161} INFO - Started process (PID=555) to work on /opt/airflow/dags/daily_revenue_etl_dag.py
[2026-03-27T03:19:45.749+0000] {processor.py:830} INFO - Processing file /opt/airflow/dags/daily_revenue_etl_dag.py for tasks to queue
[2026-03-27T03:19:45.750+0000] {logging_mixin.py:188} INFO - [2026-03-27T03:19:45.750+0000] {dagbag.py:538} INFO - Filling up the DagBag from /opt/airflow/dags/daily_revenue_etl_dag.py
[2026-03-27T03:19:45.789+0000] {processor.py:840} INFO - DAG(s) 'daily_revenue_etl_dag' retrieved from /opt/airflow/dags/daily_revenue_etl_dag.py
[2026-03-27T02:56:13.280+0000] {logging_mixin.py:188} INFO - [2026-03-27T02:56:13.279+0000] {dag.py:3036} INFO - Sync 1 DAGs
[2026-03-27T02:56:13.343+0000] {logging_mixin.py:188} INFO - [2026-03-27T02:56:13.343+0000] {dag.py:3823} INFO - Setting next_dagrun for daily_revenue_etl_dag to 2026-03-27 00:00:00+00:00, run_after=2026-03-28 00:00:00+00:00
[2026-03-27T02:56:13.380+0000] {processor.py:183} INFO - Processing /opt/airflow/dags/daily_revenue_etl_dag.py took 0.189 seconds
[2026-03-27T03:19:46.996+0000] {processor.py:161} INFO - Started process (PID=560) to work on /opt/airflow/dags/daily_revenue_etl_dag.py
[2026-03-27T03:19:46.998+0000] {processor.py:830} INFO - Processing file /opt/airflow/dags/daily_revenue_etl_dag.py for tasks to queue
[2026-03-27T03:19:47.000+0000] {logging_mixin.py:188} INFO - [2026-03-27T03:19:46.999+0000] {dagbag.py:538} INFO - Filling up the DagBag from /opt/airflow/dags/daily_revenue_etl_dag.py
[2026-03-27T03:19:47.025+0000] {processor.py:840} INFO - DAG(s) 'daily_revenue_etl_dag' retrieved from /opt/airflow/dags/daily_revenue_etl_dag.py
[2026-03-27T02:56:14.512+0000] {logging_mixin.py:188} INFO - [2026-03-27T02:56:14.512+0000] {dag.py:3036} INFO - Sync 1 DAGs
[2026-03-27T02:56:14.540+0000] {logging_mixin.py:188} INFO - [2026-03-27T02:56:14.540+0000] {dag.py:3823} INFO - Setting next_dagrun for daily_revenue_etl_dag to 2026-03-27 00:00:00+00:00, run_after=2026-03-28 00:00:00+00:00
[2026-03-27T02:56:14.563+0000] {processor.py:183} INFO - Processing /opt/airflow/dags/daily_revenue_etl_dag.py took 0.120 seconds
[2026-03-27T03:19:52.028+0000] {processor.py:161} INFO - Started process (PID=565) to work on /opt/airflow/dags/daily_revenue_etl_dag.py
[2026-03-27T03:19:52.030+0000] {processor.py:830} INFO - Processing file /opt/airflow/dags/daily_revenue_etl_dag.py for tasks to queue
[2026-03-27T03:19:52.031+0000] {logging_mixin.py:188} INFO - [2026-03-27T03:19:52.030+0000] {dagbag.py:538} INFO - Filling up the DagBag from /opt/airflow/dags/daily_revenue_etl_dag.py
[2026-03-27T03:19:52.051+0000] {processor.py:840} INFO - DAG(s) 'daily_revenue_etl_dag' retrieved from /opt/airflow/dags/daily_revenue_etl_dag.py
[2026-03-27T02:56:19.530+0000] {logging_mixin.py:188} INFO - [2026-03-27T02:56:19.530+0000] {dag.py:3036} INFO - Sync 1 DAGs
[2026-03-27T02:56:19.561+0000] {logging_mixin.py:188} INFO - [2026-03-27T02:56:19.560+0000] {dag.py:3823} INFO - Setting next_dagrun for daily_revenue_etl_dag to 2026-03-27 00:00:00+00:00, run_after=2026-03-28 00:00:00+00:00
[2026-03-27T02:56:19.593+0000] {processor.py:183} INFO - Processing /opt/airflow/dags/daily_revenue_etl_dag.py took 0.123 seconds
[2026-03-27T02:56:49.831+0000] {processor.py:161} INFO - Started process (PID=570) to work on /opt/airflow/dags/daily_revenue_etl_dag.py
[2026-03-27T02:56:49.832+0000] {processor.py:830} INFO - Processing file /opt/airflow/dags/daily_revenue_etl_dag.py for tasks to queue
[2026-03-27T02:56:49.833+0000] {logging_mixin.py:188} INFO - [2026-03-27T02:56:49.833+0000] {dagbag.py:538} INFO - Filling up the DagBag from /opt/airflow/dags/daily_revenue_etl_dag.py
[2026-03-27T02:56:49.850+0000] {processor.py:840} INFO - DAG(s) 'daily_revenue_etl_dag' retrieved from /opt/airflow/dags/daily_revenue_etl_dag.py
[2026-03-27T02:56:49.861+0000] {logging_mixin.py:188} INFO - [2026-03-27T02:56:49.860+0000] {dag.py:3036} INFO - Sync 1 DAGs
[2026-03-27T02:56:49.880+0000] {logging_mixin.py:188} INFO - [2026-03-27T02:56:49.879+0000] {dag.py:3823} INFO - Setting next_dagrun for daily_revenue_etl_dag to 2026-03-27 00:00:00+00:00, run_after=2026-03-28 00:00:00+00:00
[2026-03-27T02:56:49.898+0000] {processor.py:183} INFO - Processing /opt/airflow/dags/daily_revenue_etl_dag.py took 0.070 seconds
[2026-03-27T02:57:20.053+0000] {processor.py:161} INFO - Started process (PID=576) to work on /opt/airflow/dags/daily_revenue_etl_dag.py
[2026-03-27T02:57:20.054+0000] {processor.py:830} INFO - Processing file /opt/airflow/dags/daily_revenue_etl_dag.py for tasks to queue
[2026-03-27T02:57:20.055+0000] {logging_mixin.py:188} INFO - [2026-03-27T02:57:20.054+0000] {dagbag.py:538} INFO - Filling up the DagBag from /opt/airflow/dags/daily_revenue_etl_dag.py
[2026-03-27T02:57:20.074+0000] {processor.py:840} INFO - DAG(s) 'daily_revenue_etl_dag' retrieved from /opt/airflow/dags/daily_revenue_etl_dag.py
[2026-03-27T02:57:20.085+0000] {logging_mixin.py:188} INFO - [2026-03-27T02:57:20.085+0000] {dag.py:3036} INFO - Sync 1 DAGs
[2026-03-27T02:57:20.110+0000] {logging_mixin.py:188} INFO - [2026-03-27T02:57:20.110+0000] {dag.py:3823} INFO - Setting next_dagrun for daily_revenue_etl_dag to 2026-03-27 00:00:00+00:00, run_after=2026-03-28 00:00:00+00:00
[2026-03-27T02:57:20.130+0000] {processor.py:183} INFO - Processing /opt/airflow/dags/daily_revenue_etl_dag.py took 0.081 seconds
[2026-03-27T03:21:21.814+0000] {processor.py:161} INFO - Started process (PID=581) to work on /opt/airflow/dags/daily_revenue_etl_dag.py
[2026-03-27T03:21:21.815+0000] {processor.py:830} INFO - Processing file /opt/airflow/dags/daily_revenue_etl_dag.py for tasks to queue
[2026-03-27T03:21:21.816+0000] {logging_mixin.py:188} INFO - [2026-03-27T03:21:21.816+0000] {dagbag.py:538} INFO - Filling up the DagBag from /opt/airflow/dags/daily_revenue_etl_dag.py
[2026-03-27T03:21:21.845+0000] {processor.py:840} INFO - DAG(s) 'daily_revenue_etl_dag' retrieved from /opt/airflow/dags/daily_revenue_etl_dag.py
[2026-03-27T02:57:49.333+0000] {logging_mixin.py:188} INFO - [2026-03-27T02:57:49.332+0000] {dag.py:3036} INFO - Sync 1 DAGs
[2026-03-27T02:57:49.362+0000] {logging_mixin.py:188} INFO - [2026-03-27T02:57:49.361+0000] {dag.py:3823} INFO - Setting next_dagrun for daily_revenue_etl_dag to 2026-03-27 00:00:00+00:00, run_after=2026-03-28 00:00:00+00:00
[2026-03-27T02:57:49.379+0000] {processor.py:183} INFO - Processing /opt/airflow/dags/daily_revenue_etl_dag.py took 0.116 seconds
[2026-03-27T02:58:13.471+0000] {processor.py:161} INFO - Started process (PID=586) to work on /opt/airflow/dags/daily_revenue_etl_dag.py
[2026-03-27T02:58:13.473+0000] {processor.py:830} INFO - Processing file /opt/airflow/dags/daily_revenue_etl_dag.py for tasks to queue
[2026-03-27T02:58:13.474+0000] {logging_mixin.py:188} INFO - [2026-03-27T02:58:13.473+0000] {dagbag.py:538} INFO - Filling up the DagBag from /opt/airflow/dags/daily_revenue_etl_dag.py
[2026-03-27T02:58:13.497+0000] {processor.py:840} INFO - DAG(s) 'daily_revenue_etl_dag' retrieved from /opt/airflow/dags/daily_revenue_etl_dag.py
[2026-03-27T02:58:13.516+0000] {logging_mixin.py:188} INFO - [2026-03-27T02:58:13.516+0000] {dag.py:3036} INFO - Sync 1 DAGs
[2026-03-27T02:58:13.547+0000] {logging_mixin.py:188} INFO - [2026-03-27T02:58:13.546+0000] {dag.py:3823} INFO - Setting next_dagrun for daily_revenue_etl_dag to 2026-03-27 00:00:00+00:00, run_after=2026-03-28 00:00:00+00:00
[2026-03-27T02:58:13.569+0000] {processor.py:183} INFO - Processing /opt/airflow/dags/daily_revenue_etl_dag.py took 0.102 seconds
[2026-03-27T03:21:47.092+0000] {processor.py:161} INFO - Started process (PID=591) to work on /opt/airflow/dags/daily_revenue_etl_dag.py
[2026-03-27T03:21:47.093+0000] {processor.py:830} INFO - Processing file /opt/airflow/dags/daily_revenue_etl_dag.py for tasks to queue
[2026-03-27T03:21:47.094+0000] {logging_mixin.py:188} INFO - [2026-03-27T03:21:47.094+0000] {dagbag.py:538} INFO - Filling up the DagBag from /opt/airflow/dags/daily_revenue_etl_dag.py
[2026-03-27T03:21:47.114+0000] {processor.py:840} INFO - DAG(s) 'daily_revenue_etl_dag' retrieved from /opt/airflow/dags/daily_revenue_etl_dag.py
[2026-03-27T03:21:47.150+0000] {logging_mixin.py:188} INFO - [2026-03-27T03:21:47.150+0000] {dag.py:3036} INFO - Sync 1 DAGs
[2026-03-27T03:21:47.185+0000] {logging_mixin.py:188} INFO - [2026-03-27T03:21:47.185+0000] {dag.py:3823} INFO - Setting next_dagrun for daily_revenue_etl_dag to 2026-03-27 00:00:00+00:00, run_after=2026-03-28 00:00:00+00:00
[2026-03-27T03:21:47.210+0000] {processor.py:183} INFO - Processing /opt/airflow/dags/daily_revenue_etl_dag.py took 0.123 seconds
[2026-03-27T02:58:44.778+0000] {processor.py:161} INFO - Started process (PID=596) to work on /opt/airflow/dags/daily_revenue_etl_dag.py
[2026-03-27T02:58:44.780+0000] {processor.py:830} INFO - Processing file /opt/airflow/dags/daily_revenue_etl_dag.py for tasks to queue
[2026-03-27T02:58:44.781+0000] {logging_mixin.py:188} INFO - [2026-03-27T02:58:44.781+0000] {dagbag.py:538} INFO - Filling up the DagBag from /opt/airflow/dags/daily_revenue_etl_dag.py
[2026-03-27T02:58:44.800+0000] {processor.py:840} INFO - DAG(s) 'daily_revenue_etl_dag' retrieved from /opt/airflow/dags/daily_revenue_etl_dag.py
[2026-03-27T02:58:44.814+0000] {logging_mixin.py:188} INFO - [2026-03-27T02:58:44.814+0000] {dag.py:3036} INFO - Sync 1 DAGs
[2026-03-27T02:58:44.837+0000] {logging_mixin.py:188} INFO - [2026-03-27T02:58:44.837+0000] {dag.py:3823} INFO - Setting next_dagrun for daily_revenue_etl_dag to 2026-03-27 00:00:00+00:00, run_after=2026-03-28 00:00:00+00:00
[2026-03-27T02:58:44.855+0000] {processor.py:183} INFO - Processing /opt/airflow/dags/daily_revenue_etl_dag.py took 0.081 seconds
[2026-03-27T02:59:15.012+0000] {processor.py:161} INFO - Started process (PID=601) to work on /opt/airflow/dags/daily_revenue_etl_dag.py
[2026-03-27T02:59:15.013+0000] {processor.py:830} INFO - Processing file /opt/airflow/dags/daily_revenue_etl_dag.py for tasks to queue
[2026-03-27T02:59:15.014+0000] {logging_mixin.py:188} INFO - [2026-03-27T02:59:15.014+0000] {dagbag.py:538} INFO - Filling up the DagBag from /opt/airflow/dags/daily_revenue_etl_dag.py
[2026-03-27T02:59:15.034+0000] {processor.py:840} INFO - DAG(s) 'daily_revenue_etl_dag' retrieved from /opt/airflow/dags/daily_revenue_etl_dag.py
[2026-03-27T02:59:15.048+0000] {logging_mixin.py:188} INFO - [2026-03-27T02:59:15.048+0000] {dag.py:3036} INFO - Sync 1 DAGs
[2026-03-27T02:59:15.075+0000] {logging_mixin.py:188} INFO - [2026-03-27T02:59:15.075+0000] {dag.py:3823} INFO - Setting next_dagrun for daily_revenue_etl_dag to 2026-03-27 00:00:00+00:00, run_after=2026-03-28 00:00:00+00:00
[2026-03-27T02:59:15.096+0000] {processor.py:183} INFO - Processing /opt/airflow/dags/daily_revenue_etl_dag.py took 0.088 seconds
[2026-03-27T03:22:51.728+0000] {processor.py:161} INFO - Started process (PID=606) to work on /opt/airflow/dags/daily_revenue_etl_dag.py
[2026-03-27T03:22:51.729+0000] {processor.py:830} INFO - Processing file /opt/airflow/dags/daily_revenue_etl_dag.py for tasks to queue
[2026-03-27T03:22:51.731+0000] {logging_mixin.py:188} INFO - [2026-03-27T03:22:51.730+0000] {dagbag.py:538} INFO - Filling up the DagBag from /opt/airflow/dags/daily_revenue_etl_dag.py
[2026-03-27T03:22:51.765+0000] {processor.py:840} INFO - DAG(s) 'daily_revenue_etl_dag' retrieved from /opt/airflow/dags/daily_revenue_etl_dag.py
[2026-03-27T03:22:51.799+0000] {logging_mixin.py:188} INFO - [2026-03-27T03:22:51.799+0000] {dag.py:3036} INFO - Sync 1 DAGs
[2026-03-27T03:22:51.822+0000] {logging_mixin.py:188} INFO - [2026-03-27T03:22:51.822+0000] {dag.py:3823} INFO - Setting next_dagrun for daily_revenue_etl_dag to 2026-03-27 00:00:00+00:00, run_after=2026-03-28 00:00:00+00:00
[2026-03-27T03:22:51.839+0000] {processor.py:183} INFO - Processing /opt/airflow/dags/daily_revenue_etl_dag.py took 0.118 seconds
[2026-03-27T03:25:02.458+0000] {processor.py:161} INFO - Started process (PID=615) to work on /opt/airflow/dags/daily_revenue_etl_dag.py
[2026-03-27T03:25:02.460+0000] {processor.py:830} INFO - Processing file /opt/airflow/dags/daily_revenue_etl_dag.py for tasks to queue
[2026-03-27T03:25:02.461+0000] {logging_mixin.py:188} INFO - [2026-03-27T03:25:02.461+0000] {dagbag.py:538} INFO - Filling up the DagBag from /opt/airflow/dags/daily_revenue_etl_dag.py
[2026-03-27T03:25:02.485+0000] {processor.py:840} INFO - DAG(s) 'daily_revenue_etl_dag' retrieved from /opt/airflow/dags/daily_revenue_etl_dag.py
[2026-03-27T03:25:02.511+0000] {logging_mixin.py:188} INFO - [2026-03-27T03:25:02.511+0000] {dag.py:3036} INFO - Sync 1 DAGs
[2026-03-27T03:25:02.537+0000] {logging_mixin.py:188} INFO - [2026-03-27T03:25:02.536+0000] {dag.py:3823} INFO - Setting next_dagrun for daily_revenue_etl_dag to 2026-03-27 00:00:00+00:00, run_after=2026-03-28 00:00:00+00:00
[2026-03-27T03:25:02.558+0000] {processor.py:183} INFO - Processing /opt/airflow/dags/daily_revenue_etl_dag.py took 0.104 seconds
[2026-03-27T03:02:00.088+0000] {processor.py:161} INFO - Started process (PID=620) to work on /opt/airflow/dags/daily_revenue_etl_dag.py
[2026-03-27T03:02:00.089+0000] {processor.py:830} INFO - Processing file /opt/airflow/dags/daily_revenue_etl_dag.py for tasks to queue
[2026-03-27T03:02:00.090+0000] {logging_mixin.py:188} INFO - [2026-03-27T03:02:00.090+0000] {dagbag.py:538} INFO - Filling up the DagBag from /opt/airflow/dags/daily_revenue_etl_dag.py
[2026-03-27T03:02:00.106+0000] {processor.py:840} INFO - DAG(s) 'daily_revenue_etl_dag' retrieved from /opt/airflow/dags/daily_revenue_etl_dag.py
[2026-03-27T03:02:00.118+0000] {logging_mixin.py:188} INFO - [2026-03-27T03:02:00.118+0000] {dag.py:3036} INFO - Sync 1 DAGs
[2026-03-27T03:02:00.137+0000] {logging_mixin.py:188} INFO - [2026-03-27T03:02:00.137+0000] {dag.py:3823} INFO - Setting next_dagrun for daily_revenue_etl_dag to 2026-03-27 00:00:00+00:00, run_after=2026-03-28 00:00:00+00:00
[2026-03-27T03:02:00.152+0000] {processor.py:183} INFO - Processing /opt/airflow/dags/daily_revenue_etl_dag.py took 0.067 seconds
[2026-03-27T03:25:37.660+0000] {processor.py:161} INFO - Started process (PID=625) to work on /opt/airflow/dags/daily_revenue_etl_dag.py
[2026-03-27T03:25:37.661+0000] {processor.py:830} INFO - Processing file /opt/airflow/dags/daily_revenue_etl_dag.py for tasks to queue
[2026-03-27T03:25:37.662+0000] {logging_mixin.py:188} INFO - [2026-03-27T03:25:37.662+0000] {dagbag.py:538} INFO - Filling up the DagBag from /opt/airflow/dags/daily_revenue_etl_dag.py
[2026-03-27T03:02:05.111+0000] {processor.py:840} INFO - DAG(s) 'daily_revenue_etl_dag' retrieved from /opt/airflow/dags/daily_revenue_etl_dag.py
[2026-03-27T03:02:05.121+0000] {logging_mixin.py:188} INFO - [2026-03-27T03:02:05.121+0000] {dag.py:3036} INFO - Sync 1 DAGs
[2026-03-27T03:02:05.140+0000] {logging_mixin.py:188} INFO - [2026-03-27T03:02:05.140+0000] {dag.py:3823} INFO - Setting next_dagrun for daily_revenue_etl_dag to 2026-03-27 00:00:00+00:00, run_after=2026-03-28 00:00:00+00:00
[2026-03-27T03:02:05.155+0000] {processor.py:183} INFO - Processing /opt/airflow/dags/daily_revenue_etl_dag.py took 0.066 seconds
[2026-03-27T03:02:35.427+0000] {processor.py:161} INFO - Started process (PID=630) to work on /opt/airflow/dags/daily_revenue_etl_dag.py
[2026-03-27T03:02:35.429+0000] {processor.py:830} INFO - Processing file /opt/airflow/dags/daily_revenue_etl_dag.py for tasks to queue
[2026-03-27T03:02:35.431+0000] {logging_mixin.py:188} INFO - [2026-03-27T03:02:35.430+0000] {dagbag.py:538} INFO - Filling up the DagBag from /opt/airflow/dags/daily_revenue_etl_dag.py
[2026-03-27T03:02:35.466+0000] {processor.py:840} INFO - DAG(s) 'daily_revenue_etl_dag' retrieved from /opt/airflow/dags/daily_revenue_etl_dag.py
[2026-03-27T03:02:35.490+0000] {logging_mixin.py:188} INFO - [2026-03-27T03:02:35.489+0000] {dag.py:3036} INFO - Sync 1 DAGs
[2026-03-27T03:02:35.550+0000] {logging_mixin.py:188} INFO - [2026-03-27T03:02:35.550+0000] {dag.py:3823} INFO - Setting next_dagrun for daily_revenue_etl_dag to 2026-03-27 00:00:00+00:00, run_after=2026-03-28 00:00:00+00:00
[2026-03-27T03:02:35.605+0000] {processor.py:183} INFO - Processing /opt/airflow/dags/daily_revenue_etl_dag.py took 0.183 seconds
[2026-03-27T03:03:05.818+0000] {processor.py:161} INFO - Started process (PID=635) to work on /opt/airflow/dags/daily_revenue_etl_dag.py
[2026-03-27T03:03:05.820+0000] {processor.py:830} INFO - Processing file /opt/airflow/dags/daily_revenue_etl_dag.py for tasks to queue
[2026-03-27T03:03:05.822+0000] {logging_mixin.py:188} INFO - [2026-03-27T03:03:05.821+0000] {dagbag.py:538} INFO - Filling up the DagBag from /opt/airflow/dags/daily_revenue_etl_dag.py
[2026-03-27T03:03:05.848+0000] {processor.py:840} INFO - DAG(s) 'daily_revenue_etl_dag' retrieved from /opt/airflow/dags/daily_revenue_etl_dag.py
[2026-03-27T03:03:05.864+0000] {logging_mixin.py:188} INFO - [2026-03-27T03:03:05.864+0000] {dag.py:3036} INFO - Sync 1 DAGs
[2026-03-27T03:03:05.894+0000] {logging_mixin.py:188} INFO - [2026-03-27T03:03:05.893+0000] {dag.py:3823} INFO - Setting next_dagrun for daily_revenue_etl_dag to 2026-03-27 00:00:00+00:00, run_after=2026-03-28 00:00:00+00:00
[2026-03-27T03:03:05.914+0000] {processor.py:183} INFO - Processing /opt/airflow/dags/daily_revenue_etl_dag.py took 0.101 seconds
[2026-03-27T03:27:07.638+0000] {processor.py:161} INFO - Started process (PID=641) to work on /opt/airflow/dags/daily_revenue_etl_dag.py
[2026-03-27T03:27:07.639+0000] {processor.py:830} INFO - Processing file /opt/airflow/dags/daily_revenue_etl_dag.py for tasks to queue
[2026-03-27T03:27:07.640+0000] {logging_mixin.py:188} INFO - [2026-03-27T03:27:07.639+0000] {dagbag.py:538} INFO - Filling up the DagBag from /opt/airflow/dags/daily_revenue_etl_dag.py
[2026-03-27T03:27:07.656+0000] {processor.py:840} INFO - DAG(s) 'daily_revenue_etl_dag' retrieved from /opt/airflow/dags/daily_revenue_etl_dag.py
[2026-03-27T03:27:07.681+0000] {logging_mixin.py:188} INFO - [2026-03-27T03:27:07.680+0000] {dag.py:3036} INFO - Sync 1 DAGs
[2026-03-27T03:27:07.700+0000] {logging_mixin.py:188} INFO - [2026-03-27T03:27:07.699+0000] {dag.py:3823} INFO - Setting next_dagrun for daily_revenue_etl_dag to 2026-03-27 00:00:00+00:00, run_after=2026-03-28 00:00:00+00:00
[2026-03-27T03:27:07.715+0000] {processor.py:183} INFO - Processing /opt/airflow/dags/daily_revenue_etl_dag.py took 0.080 seconds
[2026-03-27T03:27:37.820+0000] {processor.py:161} INFO - Started process (PID=646) to work on /opt/airflow/dags/daily_revenue_etl_dag.py
[2026-03-27T03:27:37.821+0000] {processor.py:830} INFO - Processing file /opt/airflow/dags/daily_revenue_etl_dag.py for tasks to queue
[2026-03-27T03:27:37.822+0000] {logging_mixin.py:188} INFO - [2026-03-27T03:27:37.822+0000] {dagbag.py:538} INFO - Filling up the DagBag from /opt/airflow/dags/daily_revenue_etl_dag.py
[2026-03-27T03:27:37.839+0000] {processor.py:840} INFO - DAG(s) 'daily_revenue_etl_dag' retrieved from /opt/airflow/dags/daily_revenue_etl_dag.py
[2026-03-27T03:27:37.863+0000] {logging_mixin.py:188} INFO - [2026-03-27T03:27:37.863+0000] {dag.py:3036} INFO - Sync 1 DAGs
[2026-03-27T03:04:05.339+0000] {logging_mixin.py:188} INFO - [2026-03-27T03:04:05.339+0000] {dag.py:3823} INFO - Setting next_dagrun for daily_revenue_etl_dag to 2026-03-27 00:00:00+00:00, run_after=2026-03-28 00:00:00+00:00
[2026-03-27T03:04:05.355+0000] {processor.py:183} INFO - Processing /opt/airflow/dags/daily_revenue_etl_dag.py took 0.083 seconds
[2026-03-27T03:04:35.515+0000] {processor.py:161} INFO - Started process (PID=651) to work on /opt/airflow/dags/daily_revenue_etl_dag.py
[2026-03-27T03:04:35.516+0000] {processor.py:830} INFO - Processing file /opt/airflow/dags/daily_revenue_etl_dag.py for tasks to queue
[2026-03-27T03:04:35.517+0000] {logging_mixin.py:188} INFO - [2026-03-27T03:04:35.517+0000] {dagbag.py:538} INFO - Filling up the DagBag from /opt/airflow/dags/daily_revenue_etl_dag.py
[2026-03-27T03:04:35.536+0000] {processor.py:840} INFO - DAG(s) 'daily_revenue_etl_dag' retrieved from /opt/airflow/dags/daily_revenue_etl_dag.py
[2026-03-27T03:04:35.550+0000] {logging_mixin.py:188} INFO - [2026-03-27T03:04:35.549+0000] {dag.py:3036} INFO - Sync 1 DAGs
[2026-03-27T03:04:35.570+0000] {logging_mixin.py:188} INFO - [2026-03-27T03:04:35.570+0000] {dag.py:3823} INFO - Setting next_dagrun for daily_revenue_etl_dag to 2026-03-27 00:00:00+00:00, run_after=2026-03-28 00:00:00+00:00
[2026-03-27T03:04:35.586+0000] {processor.py:183} INFO - Processing /opt/airflow/dags/daily_revenue_etl_dag.py took 0.074 seconds
[2026-03-27T03:05:05.689+0000] {processor.py:161} INFO - Started process (PID=656) to work on /opt/airflow/dags/daily_revenue_etl_dag.py
[2026-03-27T03:05:05.690+0000] {processor.py:830} INFO - Processing file /opt/airflow/dags/daily_revenue_etl_dag.py for tasks to queue
[2026-03-27T03:05:05.691+0000] {logging_mixin.py:188} INFO - [2026-03-27T03:05:05.690+0000] {dagbag.py:538} INFO - Filling up the DagBag from /opt/airflow/dags/daily_revenue_etl_dag.py
[2026-03-27T03:05:05.707+0000] {processor.py:840} INFO - DAG(s) 'daily_revenue_etl_dag' retrieved from /opt/airflow/dags/daily_revenue_etl_dag.py
[2026-03-27T03:05:05.721+0000] {logging_mixin.py:188} INFO - [2026-03-27T03:05:05.721+0000] {dag.py:3036} INFO - Sync 1 DAGs
[2026-03-27T03:05:05.743+0000] {logging_mixin.py:188} INFO - [2026-03-27T03:05:05.742+0000] {dag.py:3823} INFO - Setting next_dagrun for daily_revenue_etl_dag to 2026-03-27 00:00:00+00:00, run_after=2026-03-28 00:00:00+00:00
[2026-03-27T03:05:05.758+0000] {processor.py:183} INFO - Processing /opt/airflow/dags/daily_revenue_etl_dag.py took 0.073 seconds
[2026-03-27T03:05:35.930+0000] {processor.py:161} INFO - Started process (PID=662) to work on /opt/airflow/dags/daily_revenue_etl_dag.py
[2026-03-27T03:05:35.931+0000] {processor.py:830} INFO - Processing file /opt/airflow/dags/daily_revenue_etl_dag.py for tasks to queue
[2026-03-27T03:05:35.932+0000] {logging_mixin.py:188} INFO - [2026-03-27T03:05:35.932+0000] {dagbag.py:538} INFO - Filling up the DagBag from /opt/airflow/dags/daily_revenue_etl_dag.py
[2026-03-27T03:05:35.949+0000] {processor.py:840} INFO - DAG(s) 'daily_revenue_etl_dag' retrieved from /opt/airflow/dags/daily_revenue_etl_dag.py
[2026-03-27T03:05:35.960+0000] {logging_mixin.py:188} INFO - [2026-03-27T03:05:35.959+0000] {dag.py:3036} INFO - Sync 1 DAGs
[2026-03-27T03:05:35.977+0000] {logging_mixin.py:188} INFO - [2026-03-27T03:05:35.977+0000] {dag.py:3823} INFO - Setting next_dagrun for daily_revenue_etl_dag to 2026-03-27 00:00:00+00:00, run_after=2026-03-28 00:00:00+00:00
[2026-03-27T03:05:35.991+0000] {processor.py:183} INFO - Processing /opt/airflow/dags/daily_revenue_etl_dag.py took 0.064 seconds
[2026-03-27T03:29:21.624+0000] {processor.py:161} INFO - Started process (PID=667) to work on /opt/airflow/dags/daily_revenue_etl_dag.py
[2026-03-27T03:29:21.625+0000] {processor.py:830} INFO - Processing file /opt/airflow/dags/daily_revenue_etl_dag.py for tasks to queue
[2026-03-27T03:29:21.626+0000] {logging_mixin.py:188} INFO - [2026-03-27T03:29:21.626+0000] {dagbag.py:538} INFO - Filling up the DagBag from /opt/airflow/dags/daily_revenue_etl_dag.py
[2026-03-27T03:29:21.645+0000] {processor.py:840} INFO - DAG(s) 'daily_revenue_etl_dag' retrieved from /opt/airflow/dags/daily_revenue_etl_dag.py
[2026-03-27T03:29:21.667+0000] {logging_mixin.py:188} INFO - [2026-03-27T03:29:21.667+0000] {dag.py:3036} INFO - Sync 1 DAGs
[2026-03-27T03:29:21.686+0000] {logging_mixin.py:188} INFO - [2026-03-27T03:29:21.686+0000] {dag.py:3823} INFO - Setting next_dagrun for daily_revenue_etl_dag to 2026-03-27 00:00:00+00:00, run_after=2026-03-28 00:00:00+00:00
[2026-03-27T03:29:21.702+0000] {processor.py:183} INFO - Processing /opt/airflow/dags/daily_revenue_etl_dag.py took 0.081 seconds
[2026-03-27T03:06:19.268+0000] {processor.py:161} INFO - Started process (PID=672) to work on /opt/airflow/dags/daily_revenue_etl_dag.py
[2026-03-27T03:06:19.269+0000] {processor.py:830} INFO - Processing file /opt/airflow/dags/daily_revenue_etl_dag.py for tasks to queue
[2026-03-27T03:06:19.270+0000] {logging_mixin.py:188} INFO - [2026-03-27T03:06:19.270+0000] {dagbag.py:538} INFO - Filling up the DagBag from /opt/airflow/dags/daily_revenue_etl_dag.py
[2026-03-27T03:06:19.288+0000] {processor.py:840} INFO - DAG(s) 'daily_revenue_etl_dag' retrieved from /opt/airflow/dags/daily_revenue_etl_dag.py
[2026-03-27T03:06:19.301+0000] {logging_mixin.py:188} INFO - [2026-03-27T03:06:19.301+0000] {dag.py:3036} INFO - Sync 1 DAGs
[2026-03-27T03:06:19.322+0000] {logging_mixin.py:188} INFO - [2026-03-27T03:06:19.321+0000] {dag.py:3823} INFO - Setting next_dagrun for daily_revenue_etl_dag to 2026-03-27 00:00:00+00:00, run_after=2026-03-28 00:00:00+00:00
[2026-03-27T03:06:19.340+0000] {processor.py:183} INFO - Processing /opt/airflow/dags/daily_revenue_etl_dag.py took 0.075 seconds
[2026-03-27T03:29:52.922+0000] {processor.py:161} INFO - Started process (PID=677) to work on /opt/airflow/dags/daily_revenue_etl_dag.py
[2026-03-27T03:29:52.923+0000] {processor.py:830} INFO - Processing file /opt/airflow/dags/daily_revenue_etl_dag.py for tasks to queue
[2026-03-27T03:29:52.924+0000] {logging_mixin.py:188} INFO - [2026-03-27T03:29:52.923+0000] {dagbag.py:538} INFO - Filling up the DagBag from /opt/airflow/dags/daily_revenue_etl_dag.py
[2026-03-27T03:29:52.942+0000] {processor.py:840} INFO - DAG(s) 'daily_revenue_etl_dag' retrieved from /opt/airflow/dags/daily_revenue_etl_dag.py
[2026-03-27T03:29:52.965+0000] {logging_mixin.py:188} INFO - [2026-03-27T03:29:52.965+0000] {dag.py:3036} INFO - Sync 1 DAGs
[2026-03-27T03:29:52.984+0000] {logging_mixin.py:188} INFO - [2026-03-27T03:29:52.984+0000] {dag.py:3823} INFO - Setting next_dagrun for daily_revenue_etl_dag to 2026-03-27 00:00:00+00:00, run_after=2026-03-28 00:00:00+00:00
[2026-03-27T03:29:53.001+0000] {processor.py:183} INFO - Processing /opt/airflow/dags/daily_revenue_etl_dag.py took 0.082 seconds
[2026-03-27T03:30:23.121+0000] {processor.py:161} INFO - Started process (PID=682) to work on /opt/airflow/dags/daily_revenue_etl_dag.py
[2026-03-27T03:30:23.122+0000] {processor.py:830} INFO - Processing file /opt/airflow/dags/daily_revenue_etl_dag.py for tasks to queue
[2026-03-27T03:30:23.123+0000] {logging_mixin.py:188} INFO - [2026-03-27T03:30:23.123+0000] {dagbag.py:538} INFO - Filling up the DagBag from /opt/airflow/dags/daily_revenue_etl_dag.py
[2026-03-27T03:06:50.602+0000] {processor.py:840} INFO - DAG(s) 'daily_revenue_etl_dag' retrieved from /opt/airflow/dags/daily_revenue_etl_dag.py
[2026-03-27T03:06:50.614+0000] {logging_mixin.py:188} INFO - [2026-03-27T03:06:50.614+0000] {dag.py:3036} INFO - Sync 1 DAGs
[2026-03-27T03:06:50.635+0000] {logging_mixin.py:188} INFO - [2026-03-27T03:06:50.635+0000] {dag.py:3823} INFO - Setting next_dagrun for daily_revenue_etl_dag to 2026-03-27 00:00:00+00:00, run_after=2026-03-28 00:00:00+00:00
[2026-03-27T03:06:50.649+0000] {processor.py:183} INFO - Processing /opt/airflow/dags/daily_revenue_etl_dag.py took 0.073 seconds
[2026-03-27T03:07:20.807+0000] {processor.py:161} INFO - Started process (PID=687) to work on /opt/airflow/dags/daily_revenue_etl_dag.py
[2026-03-27T03:07:20.809+0000] {processor.py:830} INFO - Processing file /opt/airflow/dags/daily_revenue_etl_dag.py for tasks to queue
[2026-03-27T03:07:20.811+0000] {logging_mixin.py:188} INFO - [2026-03-27T03:07:20.810+0000] {dagbag.py:538} INFO - Filling up the DagBag from /opt/airflow/dags/daily_revenue_etl_dag.py
[2026-03-27T03:07:20.841+0000] {processor.py:840} INFO - DAG(s) 'daily_revenue_etl_dag' retrieved from /opt/airflow/dags/daily_revenue_etl_dag.py
[2026-03-27T03:07:20.857+0000] {logging_mixin.py:188} INFO - [2026-03-27T03:07:20.857+0000] {dag.py:3036} INFO - Sync 1 DAGs
[2026-03-27T03:07:20.885+0000] {logging_mixin.py:188} INFO - [2026-03-27T03:07:20.884+0000] {dag.py:3823} INFO - Setting next_dagrun for daily_revenue_etl_dag to 2026-03-27 00:00:00+00:00, run_after=2026-03-28 00:00:00+00:00
[2026-03-27T03:07:20.911+0000] {processor.py:183} INFO - Processing /opt/airflow/dags/daily_revenue_etl_dag.py took 0.108 seconds
[2026-03-27T03:31:21.748+0000] {processor.py:161} INFO - Started process (PID=693) to work on /opt/airflow/dags/daily_revenue_etl_dag.py
[2026-03-27T03:31:21.751+0000] {processor.py:830} INFO - Processing file /opt/airflow/dags/daily_revenue_etl_dag.py for tasks to queue
[2026-03-27T03:31:21.753+0000] {logging_mixin.py:188} INFO - [2026-03-27T03:31:21.752+0000] {dagbag.py:538} INFO - Filling up the DagBag from /opt/airflow/dags/daily_revenue_etl_dag.py
[2026-03-27T03:07:49.254+0000] {processor.py:840} INFO - DAG(s) 'daily_revenue_etl_dag' retrieved from /opt/airflow/dags/daily_revenue_etl_dag.py
[2026-03-27T03:07:49.277+0000] {logging_mixin.py:188} INFO - [2026-03-27T03:07:49.277+0000] {dag.py:3036} INFO - Sync 1 DAGs
[2026-03-27T03:07:49.329+0000] {logging_mixin.py:188} INFO - [2026-03-27T03:07:49.329+0000] {dag.py:3823} INFO - Setting next_dagrun for daily_revenue_etl_dag to 2026-03-27 00:00:00+00:00, run_after=2026-03-28 00:00:00+00:00
[2026-03-27T03:07:49.366+0000] {processor.py:183} INFO - Processing /opt/airflow/dags/daily_revenue_etl_dag.py took 0.167 seconds
[2026-03-27T03:08:19.585+0000] {processor.py:161} INFO - Started process (PID=698) to work on /opt/airflow/dags/daily_revenue_etl_dag.py
[2026-03-27T03:08:19.587+0000] {processor.py:830} INFO - Processing file /opt/airflow/dags/daily_revenue_etl_dag.py for tasks to queue
[2026-03-27T03:08:19.588+0000] {logging_mixin.py:188} INFO - [2026-03-27T03:08:19.588+0000] {dagbag.py:538} INFO - Filling up the DagBag from /opt/airflow/dags/daily_revenue_etl_dag.py
[2026-03-27T03:08:19.622+0000] {processor.py:840} INFO - DAG(s) 'daily_revenue_etl_dag' retrieved from /opt/airflow/dags/daily_revenue_etl_dag.py
[2026-03-27T03:08:19.638+0000] {logging_mixin.py:188} INFO - [2026-03-27T03:08:19.638+0000] {dag.py:3036} INFO - Sync 1 DAGs
[2026-03-27T03:08:19.665+0000] {logging_mixin.py:188} INFO - [2026-03-27T03:08:19.664+0000] {dag.py:3823} INFO - Setting next_dagrun for daily_revenue_etl_dag to 2026-03-27 00:00:00+00:00, run_after=2026-03-28 00:00:00+00:00
[2026-03-27T03:08:19.684+0000] {processor.py:183} INFO - Processing /opt/airflow/dags/daily_revenue_etl_dag.py took 0.106 seconds
[2026-03-27T03:31:53.135+0000] {processor.py:161} INFO - Started process (PID=703) to work on /opt/airflow/dags/daily_revenue_etl_dag.py
[2026-03-27T03:31:53.136+0000] {processor.py:830} INFO - Processing file /opt/airflow/dags/daily_revenue_etl_dag.py for tasks to queue
[2026-03-27T03:31:53.137+0000] {logging_mixin.py:188} INFO - [2026-03-27T03:31:53.137+0000] {dagbag.py:538} INFO - Filling up the DagBag from /opt/airflow/dags/daily_revenue_etl_dag.py
[2026-03-27T03:31:53.153+0000] {processor.py:840} INFO - DAG(s) 'daily_revenue_etl_dag' retrieved from /opt/airflow/dags/daily_revenue_etl_dag.py
[2026-03-27T03:31:53.174+0000] {logging_mixin.py:188} INFO - [2026-03-27T03:31:53.174+0000] {dag.py:3036} INFO - Sync 1 DAGs
[2026-03-27T03:31:53.191+0000] {logging_mixin.py:188} INFO - [2026-03-27T03:31:53.191+0000] {dag.py:3823} INFO - Setting next_dagrun for daily_revenue_etl_dag to 2026-03-27 00:00:00+00:00, run_after=2026-03-28 00:00:00+00:00
[2026-03-27T03:31:53.206+0000] {processor.py:183} INFO - Processing /opt/airflow/dags/daily_revenue_etl_dag.py took 0.074 seconds
[2026-03-27T03:08:50.795+0000] {processor.py:161} INFO - Started process (PID=708) to work on /opt/airflow/dags/daily_revenue_etl_dag.py
[2026-03-27T03:08:50.796+0000] {processor.py:830} INFO - Processing file /opt/airflow/dags/daily_revenue_etl_dag.py for tasks to queue
[2026-03-27T03:08:50.797+0000] {logging_mixin.py:188} INFO - [2026-03-27T03:08:50.797+0000] {dagbag.py:538} INFO - Filling up the DagBag from /opt/airflow/dags/daily_revenue_etl_dag.py
[2026-03-27T03:08:50.823+0000] {processor.py:840} INFO - DAG(s) 'daily_revenue_etl_dag' retrieved from /opt/airflow/dags/daily_revenue_etl_dag.py
[2026-03-27T03:08:50.837+0000] {logging_mixin.py:188} INFO - [2026-03-27T03:08:50.837+0000] {dag.py:3036} INFO - Sync 1 DAGs
[2026-03-27T03:08:50.864+0000] {logging_mixin.py:188} INFO - [2026-03-27T03:08:50.864+0000] {dag.py:3823} INFO - Setting next_dagrun for daily_revenue_etl_dag to 2026-03-27 00:00:00+00:00, run_after=2026-03-28 00:00:00+00:00
[2026-03-27T03:08:50.889+0000] {processor.py:183} INFO - Processing /opt/airflow/dags/daily_revenue_etl_dag.py took 0.100 seconds
[2026-03-27T03:32:51.635+0000] {processor.py:161} INFO - Started process (PID=713) to work on /opt/airflow/dags/daily_revenue_etl_dag.py
[2026-03-27T03:32:51.637+0000] {processor.py:830} INFO - Processing file /opt/airflow/dags/daily_revenue_etl_dag.py for tasks to queue
[2026-03-27T03:32:51.639+0000] {logging_mixin.py:188} INFO - [2026-03-27T03:32:51.638+0000] {dagbag.py:538} INFO - Filling up the DagBag from /opt/airflow/dags/daily_revenue_etl_dag.py
[2026-03-27T03:32:51.668+0000] {processor.py:840} INFO - DAG(s) 'daily_revenue_etl_dag' retrieved from /opt/airflow/dags/daily_revenue_etl_dag.py
[2026-03-27T03:32:51.703+0000] {logging_mixin.py:188} INFO - [2026-03-27T03:32:51.703+0000] {dag.py:3036} INFO - Sync 1 DAGs
[2026-03-27T03:32:51.726+0000] {logging_mixin.py:188} INFO - [2026-03-27T03:32:51.726+0000] {dag.py:3823} INFO - Setting next_dagrun for daily_revenue_etl_dag to 2026-03-27 00:00:00+00:00, run_after=2026-03-28 00:00:00+00:00
[2026-03-27T03:32:51.743+0000] {processor.py:183} INFO - Processing /opt/airflow/dags/daily_revenue_etl_dag.py took 0.115 seconds
[2026-03-27T03:33:21.802+0000] {processor.py:161} INFO - Started process (PID=718) to work on /opt/airflow/dags/daily_revenue_etl_dag.py
[2026-03-27T03:33:21.803+0000] {processor.py:830} INFO - Processing file /opt/airflow/dags/daily_revenue_etl_dag.py for tasks to queue
[2026-03-27T03:33:21.804+0000] {logging_mixin.py:188} INFO - [2026-03-27T03:33:21.804+0000] {dagbag.py:538} INFO - Filling up the DagBag from /opt/airflow/dags/daily_revenue_etl_dag.py
[2026-03-27T03:33:21.824+0000] {processor.py:840} INFO - DAG(s) 'daily_revenue_etl_dag' retrieved from /opt/airflow/dags/daily_revenue_etl_dag.py
[2026-03-27T03:09:49.291+0000] {logging_mixin.py:188} INFO - [2026-03-27T03:09:49.291+0000] {dag.py:3036} INFO - Sync 1 DAGs
[2026-03-27T03:09:49.337+0000] {logging_mixin.py:188} INFO - [2026-03-27T03:09:49.336+0000] {dag.py:3823} INFO - Setting next_dagrun for daily_revenue_etl_dag to 2026-03-27 00:00:00+00:00, run_after=2026-03-28 00:00:00+00:00
[2026-03-27T03:09:49.378+0000] {processor.py:183} INFO - Processing /opt/airflow/dags/daily_revenue_etl_dag.py took 0.141 seconds
[2026-03-27T03:10:19.724+0000] {processor.py:161} INFO - Started process (PID=723) to work on /opt/airflow/dags/daily_revenue_etl_dag.py
[2026-03-27T03:10:19.729+0000] {processor.py:830} INFO - Processing file /opt/airflow/dags/daily_revenue_etl_dag.py for tasks to queue
[2026-03-27T03:10:19.732+0000] {logging_mixin.py:188} INFO - [2026-03-27T03:10:19.731+0000] {dagbag.py:538} INFO - Filling up the DagBag from /opt/airflow/dags/daily_revenue_etl_dag.py
[2026-03-27T03:10:19.811+0000] {processor.py:840} INFO - DAG(s) 'daily_revenue_etl_dag' retrieved from /opt/airflow/dags/daily_revenue_etl_dag.py
[2026-03-27T03:10:19.863+0000] {logging_mixin.py:188} INFO - [2026-03-27T03:10:19.861+0000] {dag.py:3036} INFO - Sync 1 DAGs
[2026-03-27T03:10:19.946+0000] {logging_mixin.py:188} INFO - [2026-03-27T03:10:19.946+0000] {dag.py:3823} INFO - Setting next_dagrun for daily_revenue_etl_dag to 2026-03-27 00:00:00+00:00, run_after=2026-03-28 00:00:00+00:00
[2026-03-27T03:10:20.056+0000] {processor.py:183} INFO - Processing /opt/airflow/dags/daily_revenue_etl_dag.py took 0.348 seconds
[2026-03-27T03:34:03.365+0000] {processor.py:161} INFO - Started process (PID=728) to work on /opt/airflow/dags/daily_revenue_etl_dag.py
[2026-03-27T03:34:03.367+0000] {processor.py:830} INFO - Processing file /opt/airflow/dags/daily_revenue_etl_dag.py for tasks to queue
[2026-03-27T03:34:03.369+0000] {logging_mixin.py:188} INFO - [2026-03-27T03:34:03.369+0000] {dagbag.py:538} INFO - Filling up the DagBag from /opt/airflow/dags/daily_revenue_etl_dag.py
[2026-03-27T03:34:03.417+0000] {processor.py:840} INFO - DAG(s) 'daily_revenue_etl_dag' retrieved from /opt/airflow/dags/daily_revenue_etl_dag.py
[2026-03-27T03:34:03.481+0000] {logging_mixin.py:188} INFO - [2026-03-27T03:34:03.480+0000] {dag.py:3036} INFO - Sync 1 DAGs
[2026-03-27T03:10:31.028+0000] {logging_mixin.py:188} INFO - [2026-03-27T03:10:31.027+0000] {dag.py:3823} INFO - Setting next_dagrun for daily_revenue_etl_dag to 2026-03-27 00:00:00+00:00, run_after=2026-03-28 00:00:00+00:00
[2026-03-27T03:10:31.114+0000] {processor.py:183} INFO - Processing /opt/airflow/dags/daily_revenue_etl_dag.py took 0.292 seconds
[2026-03-27T03:34:08.397+0000] {processor.py:161} INFO - Started process (PID=734) to work on /opt/airflow/dags/daily_revenue_etl_dag.py
[2026-03-27T03:34:08.399+0000] {processor.py:830} INFO - Processing file /opt/airflow/dags/daily_revenue_etl_dag.py for tasks to queue
[2026-03-27T03:34:08.401+0000] {logging_mixin.py:188} INFO - [2026-03-27T03:34:08.401+0000] {dagbag.py:538} INFO - Filling up the DagBag from /opt/airflow/dags/daily_revenue_etl_dag.py
[2026-03-27T03:34:08.427+0000] {processor.py:840} INFO - DAG(s) 'daily_revenue_etl_dag' retrieved from /opt/airflow/dags/daily_revenue_etl_dag.py
[2026-03-27T03:34:08.473+0000] {logging_mixin.py:188} INFO - [2026-03-27T03:34:08.473+0000] {dag.py:3036} INFO - Sync 1 DAGs
[2026-03-27T03:34:08.507+0000] {logging_mixin.py:188} INFO - [2026-03-27T03:34:08.507+0000] {dag.py:3823} INFO - Setting next_dagrun for daily_revenue_etl_dag to 2026-03-27 00:00:00+00:00, run_after=2026-03-28 00:00:00+00:00
[2026-03-27T03:10:36.002+0000] {processor.py:183} INFO - Processing /opt/airflow/dags/daily_revenue_etl_dag.py took 0.159 seconds
[2026-03-27T03:34:13.444+0000] {processor.py:161} INFO - Started process (PID=739) to work on /opt/airflow/dags/daily_revenue_etl_dag.py
[2026-03-27T03:34:13.445+0000] {processor.py:830} INFO - Processing file /opt/airflow/dags/daily_revenue_etl_dag.py for tasks to queue
[2026-03-27T03:34:13.446+0000] {logging_mixin.py:188} INFO - [2026-03-27T03:34:13.446+0000] {dagbag.py:538} INFO - Filling up the DagBag from /opt/airflow/dags/daily_revenue_etl_dag.py
[2026-03-27T03:34:13.464+0000] {processor.py:840} INFO - DAG(s) 'daily_revenue_etl_dag' retrieved from /opt/airflow/dags/daily_revenue_etl_dag.py
[2026-03-27T03:34:13.490+0000] {logging_mixin.py:188} INFO - [2026-03-27T03:34:13.490+0000] {dag.py:3036} INFO - Sync 1 DAGs
[2026-03-27T03:34:13.516+0000] {logging_mixin.py:188} INFO - [2026-03-27T03:34:13.515+0000] {dag.py:3823} INFO - Setting next_dagrun for daily_revenue_etl_dag to 2026-03-27 00:00:00+00:00, run_after=2026-03-28 00:00:00+00:00
[2026-03-27T03:10:40.999+0000] {processor.py:183} INFO - Processing /opt/airflow/dags/daily_revenue_etl_dag.py took 0.093 seconds
[2026-03-27T03:34:18.479+0000] {processor.py:161} INFO - Started process (PID=744) to work on /opt/airflow/dags/daily_revenue_etl_dag.py
[2026-03-27T03:34:18.480+0000] {processor.py:830} INFO - Processing file /opt/airflow/dags/daily_revenue_etl_dag.py for tasks to queue
[2026-03-27T03:34:18.481+0000] {logging_mixin.py:188} INFO - [2026-03-27T03:34:18.481+0000] {dagbag.py:538} INFO - Filling up the DagBag from /opt/airflow/dags/daily_revenue_etl_dag.py
[2026-03-27T03:34:18.497+0000] {processor.py:840} INFO - DAG(s) 'daily_revenue_etl_dag' retrieved from /opt/airflow/dags/daily_revenue_etl_dag.py
[2026-03-27T03:10:45.988+0000] {logging_mixin.py:188} INFO - [2026-03-27T03:10:45.988+0000] {dag.py:3036} INFO - Sync 1 DAGs
[2026-03-27T03:10:46.008+0000] {logging_mixin.py:188} INFO - [2026-03-27T03:10:46.008+0000] {dag.py:3823} INFO - Setting next_dagrun for daily_revenue_etl_dag to 2026-03-27 00:00:00+00:00, run_after=2026-03-28 00:00:00+00:00
[2026-03-27T03:10:46.024+0000] {processor.py:183} INFO - Processing /opt/airflow/dags/daily_revenue_etl_dag.py took 0.080 seconds
[2026-03-27T03:34:23.558+0000] {processor.py:161} INFO - Started process (PID=750) to work on /opt/airflow/dags/daily_revenue_etl_dag.py
[2026-03-27T03:34:23.561+0000] {processor.py:830} INFO - Processing file /opt/airflow/dags/daily_revenue_etl_dag.py for tasks to queue
[2026-03-27T03:10:51.019+0000] {logging_mixin.py:188} INFO - [2026-03-27T03:34:23.563+0000] {dagbag.py:538} INFO - Filling up the DagBag from /opt/airflow/dags/daily_revenue_etl_dag.py
[2026-03-27T03:10:51.058+0000] {processor.py:840} INFO - DAG(s) 'daily_revenue_etl_dag' retrieved from /opt/airflow/dags/daily_revenue_etl_dag.py
[2026-03-27T03:10:51.087+0000] {logging_mixin.py:188} INFO - [2026-03-27T03:10:51.086+0000] {dag.py:3036} INFO - Sync 1 DAGs
[2026-03-27T03:10:51.156+0000] {logging_mixin.py:188} INFO - [2026-03-27T03:10:51.154+0000] {dag.py:3823} INFO - Setting next_dagrun for daily_revenue_etl_dag to 2026-03-27 00:00:00+00:00, run_after=2026-03-28 00:00:00+00:00
[2026-03-27T03:10:51.229+0000] {processor.py:183} INFO - Processing /opt/airflow/dags/daily_revenue_etl_dag.py took 0.225 seconds
[2026-03-27T03:34:51.783+0000] {processor.py:161} INFO - Started process (PID=755) to work on /opt/airflow/dags/daily_revenue_etl_dag.py
[2026-03-27T03:34:51.784+0000] {processor.py:830} INFO - Processing file /opt/airflow/dags/daily_revenue_etl_dag.py for tasks to queue
[2026-03-27T03:34:51.785+0000] {logging_mixin.py:188} INFO - [2026-03-27T03:34:51.784+0000] {dagbag.py:538} INFO - Filling up the DagBag from /opt/airflow/dags/daily_revenue_etl_dag.py
[2026-03-27T03:34:51.805+0000] {processor.py:840} INFO - DAG(s) 'daily_revenue_etl_dag' retrieved from /opt/airflow/dags/daily_revenue_etl_dag.py
[2026-03-27T03:34:51.830+0000] {logging_mixin.py:188} INFO - [2026-03-27T03:34:51.830+0000] {dag.py:3036} INFO - Sync 1 DAGs
[2026-03-27T03:11:19.312+0000] {logging_mixin.py:188} INFO - [2026-03-27T03:11:19.312+0000] {dag.py:3823} INFO - Setting next_dagrun for daily_revenue_etl_dag to 2026-03-27 00:00:00+00:00, run_after=2026-03-28 00:00:00+00:00
[2026-03-27T03:11:19.330+0000] {processor.py:183} INFO - Processing /opt/airflow/dags/daily_revenue_etl_dag.py took 0.093 seconds
[2026-03-27T03:11:49.457+0000] {processor.py:161} INFO - Started process (PID=760) to work on /opt/airflow/dags/daily_revenue_etl_dag.py
[2026-03-27T03:11:49.459+0000] {processor.py:830} INFO - Processing file /opt/airflow/dags/daily_revenue_etl_dag.py for tasks to queue
[2026-03-27T03:11:49.461+0000] {logging_mixin.py:188} INFO - [2026-03-27T03:11:49.460+0000] {dagbag.py:538} INFO - Filling up the DagBag from /opt/airflow/dags/daily_revenue_etl_dag.py
[2026-03-27T03:11:49.487+0000] {processor.py:840} INFO - DAG(s) 'daily_revenue_etl_dag' retrieved from /opt/airflow/dags/daily_revenue_etl_dag.py
[2026-03-27T03:11:49.504+0000] {logging_mixin.py:188} INFO - [2026-03-27T03:11:49.504+0000] {dag.py:3036} INFO - Sync 1 DAGs
[2026-03-27T03:11:49.538+0000] {logging_mixin.py:188} INFO - [2026-03-27T03:11:49.537+0000] {dag.py:3823} INFO - Setting next_dagrun for daily_revenue_etl_dag to 2026-03-27 00:00:00+00:00, run_after=2026-03-28 00:00:00+00:00
[2026-03-27T03:11:49.572+0000] {processor.py:183} INFO - Processing /opt/airflow/dags/daily_revenue_etl_dag.py took 0.121 seconds
[2026-03-27T03:12:19.724+0000] {processor.py:161} INFO - Started process (PID=765) to work on /opt/airflow/dags/daily_revenue_etl_dag.py
[2026-03-27T03:12:19.726+0000] {processor.py:830} INFO - Processing file /opt/airflow/dags/daily_revenue_etl_dag.py for tasks to queue
[2026-03-27T03:12:19.728+0000] {logging_mixin.py:188} INFO - [2026-03-27T03:12:19.728+0000] {dagbag.py:538} INFO - Filling up the DagBag from /opt/airflow/dags/daily_revenue_etl_dag.py
[2026-03-27T03:12:19.767+0000] {processor.py:840} INFO - DAG(s) 'daily_revenue_etl_dag' retrieved from /opt/airflow/dags/daily_revenue_etl_dag.py
[2026-03-27T03:12:19.798+0000] {logging_mixin.py:188} INFO - [2026-03-27T03:12:19.798+0000] {dag.py:3036} INFO - Sync 1 DAGs
[2026-03-27T03:12:19.880+0000] {logging_mixin.py:188} INFO - [2026-03-27T03:12:19.878+0000] {dag.py:3823} INFO - Setting next_dagrun for daily_revenue_etl_dag to 2026-03-27 00:00:00+00:00, run_after=2026-03-28 00:00:00+00:00
[2026-03-27T03:12:19.922+0000] {processor.py:183} INFO - Processing /opt/airflow/dags/daily_revenue_etl_dag.py took 0.205 seconds
[2026-03-27T03:35:58.554+0000] {processor.py:161} INFO - Started process (PID=770) to work on /opt/airflow/dags/daily_revenue_etl_dag.py
[2026-03-27T03:35:58.555+0000] {processor.py:830} INFO - Processing file /opt/airflow/dags/daily_revenue_etl_dag.py for tasks to queue
[2026-03-27T03:35:58.558+0000] {logging_mixin.py:188} INFO - [2026-03-27T03:35:58.556+0000] {dagbag.py:538} INFO - Filling up the DagBag from /opt/airflow/dags/daily_revenue_etl_dag.py
[2026-03-27T03:35:58.574+0000] {processor.py:840} INFO - DAG(s) 'daily_revenue_etl_dag' retrieved from /opt/airflow/dags/daily_revenue_etl_dag.py
[2026-03-27T03:35:58.597+0000] {logging_mixin.py:188} INFO - [2026-03-27T03:35:58.597+0000] {dag.py:3036} INFO - Sync 1 DAGs
[2026-03-27T03:35:58.615+0000] {logging_mixin.py:188} INFO - [2026-03-27T03:35:58.615+0000] {dag.py:3823} INFO - Setting next_dagrun for daily_revenue_etl_dag to 2026-03-27 00:00:00+00:00, run_after=2026-03-28 00:00:00+00:00
[2026-03-27T03:35:58.645+0000] {processor.py:183} INFO - Processing /opt/airflow/dags/daily_revenue_etl_dag.py took 0.094 seconds
[2026-03-27T03:36:28.755+0000] {processor.py:161} INFO - Started process (PID=775) to work on /opt/airflow/dags/daily_revenue_etl_dag.py
[2026-03-27T03:36:28.756+0000] {processor.py:830} INFO - Processing file /opt/airflow/dags/daily_revenue_etl_dag.py for tasks to queue
[2026-03-27T03:36:28.757+0000] {logging_mixin.py:188} INFO - [2026-03-27T03:36:28.757+0000] {dagbag.py:538} INFO - Filling up the DagBag from /opt/airflow/dags/daily_revenue_etl_dag.py
[2026-03-27T03:12:56.262+0000] {processor.py:840} INFO - DAG(s) 'daily_revenue_etl_dag' retrieved from /opt/airflow/dags/daily_revenue_etl_dag.py
[2026-03-27T03:12:56.273+0000] {logging_mixin.py:188} INFO - [2026-03-27T03:12:56.273+0000] {dag.py:3036} INFO - Sync 1 DAGs
[2026-03-27T03:12:56.295+0000] {logging_mixin.py:188} INFO - [2026-03-27T03:12:56.294+0000] {dag.py:3823} INFO - Setting next_dagrun for daily_revenue_etl_dag to 2026-03-27 00:00:00+00:00, run_after=2026-03-28 00:00:00+00:00
[2026-03-27T03:12:56.312+0000] {processor.py:183} INFO - Processing /opt/airflow/dags/daily_revenue_etl_dag.py took 0.077 seconds
[2026-03-27T03:13:26.487+0000] {processor.py:161} INFO - Started process (PID=780) to work on /opt/airflow/dags/daily_revenue_etl_dag.py
[2026-03-27T03:13:26.488+0000] {processor.py:830} INFO - Processing file /opt/airflow/dags/daily_revenue_etl_dag.py for tasks to queue
[2026-03-27T03:13:26.489+0000] {logging_mixin.py:188} INFO - [2026-03-27T03:13:26.489+0000] {dagbag.py:538} INFO - Filling up the DagBag from /opt/airflow/dags/daily_revenue_etl_dag.py
[2026-03-27T03:13:26.505+0000] {processor.py:840} INFO - DAG(s) 'daily_revenue_etl_dag' retrieved from /opt/airflow/dags/daily_revenue_etl_dag.py
[2026-03-27T03:13:26.515+0000] {logging_mixin.py:188} INFO - [2026-03-27T03:13:26.515+0000] {dag.py:3036} INFO - Sync 1 DAGs
[2026-03-27T03:13:26.533+0000] {logging_mixin.py:188} INFO - [2026-03-27T03:13:26.533+0000] {dag.py:3823} INFO - Setting next_dagrun for daily_revenue_etl_dag to 2026-03-27 00:00:00+00:00, run_after=2026-03-28 00:00:00+00:00
[2026-03-27T03:13:26.549+0000] {processor.py:183} INFO - Processing /opt/airflow/dags/daily_revenue_etl_dag.py took 0.064 seconds
[2026-03-27T03:13:56.700+0000] {processor.py:161} INFO - Started process (PID=785) to work on /opt/airflow/dags/daily_revenue_etl_dag.py
[2026-03-27T03:13:56.701+0000] {processor.py:830} INFO - Processing file /opt/airflow/dags/daily_revenue_etl_dag.py for tasks to queue
[2026-03-27T03:13:56.702+0000] {logging_mixin.py:188} INFO - [2026-03-27T03:13:56.702+0000] {dagbag.py:538} INFO - Filling up the DagBag from /opt/airflow/dags/daily_revenue_etl_dag.py
[2026-03-27T03:13:56.722+0000] {processor.py:840} INFO - DAG(s) 'daily_revenue_etl_dag' retrieved from /opt/airflow/dags/daily_revenue_etl_dag.py
[2026-03-27T03:13:56.733+0000] {logging_mixin.py:188} INFO - [2026-03-27T03:13:56.732+0000] {dag.py:3036} INFO - Sync 1 DAGs
[2026-03-27T03:13:56.753+0000] {logging_mixin.py:188} INFO - [2026-03-27T03:13:56.753+0000] {dag.py:3823} INFO - Setting next_dagrun for daily_revenue_etl_dag to 2026-03-27 00:00:00+00:00, run_after=2026-03-28 00:00:00+00:00
[2026-03-27T03:13:56.768+0000] {processor.py:183} INFO - Processing /opt/airflow/dags/daily_revenue_etl_dag.py took 0.071 seconds
[2026-03-27T03:14:26.926+0000] {processor.py:161} INFO - Started process (PID=790) to work on /opt/airflow/dags/daily_revenue_etl_dag.py
[2026-03-27T03:14:26.929+0000] {processor.py:830} INFO - Processing file /opt/airflow/dags/daily_revenue_etl_dag.py for tasks to queue
[2026-03-27T03:14:26.930+0000] {logging_mixin.py:188} INFO - [2026-03-27T03:14:26.930+0000] {dagbag.py:538} INFO - Filling up the DagBag from /opt/airflow/dags/daily_revenue_etl_dag.py
[2026-03-27T03:14:26.949+0000] {processor.py:840} INFO - DAG(s) 'daily_revenue_etl_dag' retrieved from /opt/airflow/dags/daily_revenue_etl_dag.py
[2026-03-27T03:14:26.959+0000] {logging_mixin.py:188} INFO - [2026-03-27T03:14:26.959+0000] {dag.py:3036} INFO - Sync 1 DAGs
[2026-03-27T03:14:26.980+0000] {logging_mixin.py:188} INFO - [2026-03-27T03:14:26.980+0000] {dag.py:3823} INFO - Setting next_dagrun for daily_revenue_etl_dag to 2026-03-27 00:00:00+00:00, run_after=2026-03-28 00:00:00+00:00
[2026-03-27T03:14:26.996+0000] {processor.py:183} INFO - Processing /opt/airflow/dags/daily_revenue_etl_dag.py took 0.074 seconds
[2026-03-27T03:38:21.681+0000] {processor.py:161} INFO - Started process (PID=795) to work on /opt/airflow/dags/daily_revenue_etl_dag.py
[2026-03-27T03:38:21.682+0000] {processor.py:830} INFO - Processing file /opt/airflow/dags/daily_revenue_etl_dag.py for tasks to queue
[2026-03-27T03:38:21.684+0000] {logging_mixin.py:188} INFO - [2026-03-27T03:38:21.683+0000] {dagbag.py:538} INFO - Filling up the DagBag from /opt/airflow/dags/daily_revenue_etl_dag.py
[2026-03-27T03:38:21.704+0000] {processor.py:840} INFO - DAG(s) 'daily_revenue_etl_dag' retrieved from /opt/airflow/dags/daily_revenue_etl_dag.py
[2026-03-27T03:38:21.747+0000] {logging_mixin.py:188} INFO - [2026-03-27T03:38:21.746+0000] {dag.py:3036} INFO - Sync 1 DAGs
[2026-03-27T03:38:21.788+0000] {logging_mixin.py:188} INFO - [2026-03-27T03:38:21.788+0000] {dag.py:3823} INFO - Setting next_dagrun for daily_revenue_etl_dag to 2026-03-27 00:00:00+00:00, run_after=2026-03-28 00:00:00+00:00
[2026-03-27T03:14:49.323+0000] {processor.py:183} INFO - Processing /opt/airflow/dags/daily_revenue_etl_dag.py took 0.178 seconds
[2026-03-27T03:38:23.920+0000] {processor.py:161} INFO - Started process (PID=800) to work on /opt/airflow/dags/daily_revenue_etl_dag.py
[2026-03-27T03:38:23.923+0000] {processor.py:830} INFO - Processing file /opt/airflow/dags/daily_revenue_etl_dag.py for tasks to queue
[2026-03-27T03:38:23.925+0000] {logging_mixin.py:188} INFO - [2026-03-27T03:38:23.924+0000] {dagbag.py:538} INFO - Filling up the DagBag from /opt/airflow/dags/daily_revenue_etl_dag.py
[2026-03-27T03:14:51.425+0000] {processor.py:840} INFO - DAG(s) 'daily_revenue_etl_dag' retrieved from /opt/airflow/dags/daily_revenue_etl_dag.py
[2026-03-27T03:14:51.461+0000] {logging_mixin.py:188} INFO - [2026-03-27T03:14:51.459+0000] {dag.py:3036} INFO - Sync 1 DAGs
[2026-03-27T03:14:51.513+0000] {logging_mixin.py:188} INFO - [2026-03-27T03:14:51.513+0000] {dag.py:3823} INFO - Setting next_dagrun for daily_revenue_etl_dag to 2026-03-27 00:00:00+00:00, run_after=2026-03-28 00:00:00+00:00
[2026-03-27T03:14:51.560+0000] {processor.py:183} INFO - Processing /opt/airflow/dags/daily_revenue_etl_dag.py took 0.178 seconds
[2026-03-27T03:14:56.423+0000] {processor.py:161} INFO - Started process (PID=805) to work on /opt/airflow/dags/daily_revenue_etl_dag.py
[2026-03-27T03:14:56.424+0000] {processor.py:830} INFO - Processing file /opt/airflow/dags/daily_revenue_etl_dag.py for tasks to queue
[2026-03-27T03:14:56.426+0000] {logging_mixin.py:188} INFO - [2026-03-27T03:14:56.425+0000] {dagbag.py:538} INFO - Filling up the DagBag from /opt/airflow/dags/daily_revenue_etl_dag.py
[2026-03-27T03:14:56.444+0000] {processor.py:840} INFO - DAG(s) 'daily_revenue_etl_dag' retrieved from /opt/airflow/dags/daily_revenue_etl_dag.py
[2026-03-27T03:14:56.457+0000] {logging_mixin.py:188} INFO - [2026-03-27T03:14:56.457+0000] {dag.py:3036} INFO - Sync 1 DAGs
[2026-03-27T03:14:56.479+0000] {logging_mixin.py:188} INFO - [2026-03-27T03:14:56.479+0000] {dag.py:3823} INFO - Setting next_dagrun for daily_revenue_etl_dag to 2026-03-27 00:00:00+00:00, run_after=2026-03-28 00:00:00+00:00
[2026-03-27T03:14:56.496+0000] {processor.py:183} INFO - Processing /opt/airflow/dags/daily_revenue_etl_dag.py took 0.076 seconds
[2026-03-27T03:15:26.619+0000] {processor.py:161} INFO - Started process (PID=810) to work on /opt/airflow/dags/daily_revenue_etl_dag.py
[2026-03-27T03:15:26.620+0000] {processor.py:830} INFO - Processing file /opt/airflow/dags/daily_revenue_etl_dag.py for tasks to queue
[2026-03-27T03:15:26.621+0000] {logging_mixin.py:188} INFO - [2026-03-27T03:15:26.620+0000] {dagbag.py:538} INFO - Filling up the DagBag from /opt/airflow/dags/daily_revenue_etl_dag.py
[2026-03-27T03:15:26.637+0000] {processor.py:840} INFO - DAG(s) 'daily_revenue_etl_dag' retrieved from /opt/airflow/dags/daily_revenue_etl_dag.py
[2026-03-27T03:15:26.661+0000] {logging_mixin.py:188} INFO - [2026-03-27T03:15:26.661+0000] {dag.py:3036} INFO - Sync 1 DAGs
[2026-03-27T03:15:26.682+0000] {logging_mixin.py:188} INFO - [2026-03-27T03:15:26.681+0000] {dag.py:3823} INFO - Setting next_dagrun for daily_revenue_etl_dag to 2026-03-27 00:00:00+00:00, run_after=2026-03-28 00:00:00+00:00
[2026-03-27T03:15:26.697+0000] {processor.py:183} INFO - Processing /opt/airflow/dags/daily_revenue_etl_dag.py took 0.081 seconds
[2026-03-27T03:15:56.875+0000] {processor.py:161} INFO - Started process (PID=815) to work on /opt/airflow/dags/daily_revenue_etl_dag.py
[2026-03-27T03:15:56.876+0000] {processor.py:830} INFO - Processing file /opt/airflow/dags/daily_revenue_etl_dag.py for tasks to queue
[2026-03-27T03:15:56.876+0000] {logging_mixin.py:188} INFO - [2026-03-27T03:15:56.876+0000] {dagbag.py:538} INFO - Filling up the DagBag from /opt/airflow/dags/daily_revenue_etl_dag.py
[2026-03-27T03:15:56.893+0000] {processor.py:840} INFO - DAG(s) 'daily_revenue_etl_dag' retrieved from /opt/airflow/dags/daily_revenue_etl_dag.py
[2026-03-27T03:15:56.917+0000] {logging_mixin.py:188} INFO - [2026-03-27T03:15:56.917+0000] {dag.py:3036} INFO - Sync 1 DAGs
[2026-03-27T03:15:56.935+0000] {logging_mixin.py:188} INFO - [2026-03-27T03:15:56.935+0000] {dag.py:3823} INFO - Setting next_dagrun for daily_revenue_etl_dag to 2026-03-27 00:00:00+00:00, run_after=2026-03-28 00:00:00+00:00
[2026-03-27T03:15:56.953+0000] {processor.py:183} INFO - Processing /opt/airflow/dags/daily_revenue_etl_dag.py took 0.081 seconds
[2026-03-27T03:16:27.056+0000] {processor.py:161} INFO - Started process (PID=820) to work on /opt/airflow/dags/daily_revenue_etl_dag.py
[2026-03-27T03:16:27.057+0000] {processor.py:830} INFO - Processing file /opt/airflow/dags/daily_revenue_etl_dag.py for tasks to queue
[2026-03-27T03:16:27.059+0000] {logging_mixin.py:188} INFO - [2026-03-27T03:16:27.058+0000] {dagbag.py:538} INFO - Filling up the DagBag from /opt/airflow/dags/daily_revenue_etl_dag.py
[2026-03-27T03:16:27.076+0000] {processor.py:840} INFO - DAG(s) 'daily_revenue_etl_dag' retrieved from /opt/airflow/dags/daily_revenue_etl_dag.py
[2026-03-27T03:16:27.099+0000] {logging_mixin.py:188} INFO - [2026-03-27T03:16:27.098+0000] {dag.py:3036} INFO - Sync 1 DAGs
[2026-03-27T03:16:27.118+0000] {logging_mixin.py:188} INFO - [2026-03-27T03:16:27.118+0000] {dag.py:3823} INFO - Setting next_dagrun for daily_revenue_etl_dag to 2026-03-27 00:00:00+00:00, run_after=2026-03-28 00:00:00+00:00
[2026-03-27T03:16:27.134+0000] {processor.py:183} INFO - Processing /opt/airflow/dags/daily_revenue_etl_dag.py took 0.081 seconds
[2026-03-27T03:40:21.790+0000] {processor.py:161} INFO - Started process (PID=825) to work on /opt/airflow/dags/daily_revenue_etl_dag.py
[2026-03-27T03:40:21.791+0000] {processor.py:830} INFO - Processing file /opt/airflow/dags/daily_revenue_etl_dag.py for tasks to queue
[2026-03-27T03:40:21.792+0000] {logging_mixin.py:188} INFO - [2026-03-27T03:40:21.792+0000] {dagbag.py:538} INFO - Filling up the DagBag from /opt/airflow/dags/daily_revenue_etl_dag.py
[2026-03-27T03:40:21.810+0000] {processor.py:840} INFO - DAG(s) 'daily_revenue_etl_dag' retrieved from /opt/airflow/dags/daily_revenue_etl_dag.py
[2026-03-27T03:40:21.835+0000] {logging_mixin.py:188} INFO - [2026-03-27T03:40:21.835+0000] {dag.py:3036} INFO - Sync 1 DAGs
[2026-03-27T03:16:49.339+0000] {logging_mixin.py:188} INFO - [2026-03-27T03:16:49.338+0000] {dag.py:3823} INFO - Setting next_dagrun for daily_revenue_etl_dag to 2026-03-27 00:00:00+00:00, run_after=2026-03-28 00:00:00+00:00
[2026-03-27T03:16:49.365+0000] {processor.py:183} INFO - Processing /opt/airflow/dags/daily_revenue_etl_dag.py took 0.101 seconds
[2026-03-27T03:40:23.958+0000] {processor.py:161} INFO - Started process (PID=830) to work on /opt/airflow/dags/daily_revenue_etl_dag.py
[2026-03-27T03:40:23.961+0000] {processor.py:830} INFO - Processing file /opt/airflow/dags/daily_revenue_etl_dag.py for tasks to queue
[2026-03-27T03:40:23.962+0000] {logging_mixin.py:188} INFO - [2026-03-27T03:40:23.962+0000] {dagbag.py:538} INFO - Filling up the DagBag from /opt/airflow/dags/daily_revenue_etl_dag.py
[2026-03-27T03:40:23.986+0000] {processor.py:840} INFO - DAG(s) 'daily_revenue_etl_dag' retrieved from /opt/airflow/dags/daily_revenue_etl_dag.py
[2026-03-27T03:40:24.040+0000] {logging_mixin.py:188} INFO - [2026-03-27T03:40:24.039+0000] {dag.py:3036} INFO - Sync 1 DAGs
[2026-03-27T03:40:24.083+0000] {logging_mixin.py:188} INFO - [2026-03-27T03:40:24.083+0000] {dag.py:3823} INFO - Setting next_dagrun for daily_revenue_etl_dag to 2026-03-27 00:00:00+00:00, run_after=2026-03-28 00:00:00+00:00
[2026-03-27T03:16:51.591+0000] {processor.py:183} INFO - Processing /opt/airflow/dags/daily_revenue_etl_dag.py took 0.162 seconds
[2026-03-27T03:40:28.978+0000] {processor.py:161} INFO - Started process (PID=835) to work on /opt/airflow/dags/daily_revenue_etl_dag.py
[2026-03-27T03:40:28.979+0000] {processor.py:830} INFO - Processing file /opt/airflow/dags/daily_revenue_etl_dag.py for tasks to queue
[2026-03-27T03:40:28.980+0000] {logging_mixin.py:188} INFO - [2026-03-27T03:40:28.980+0000] {dagbag.py:538} INFO - Filling up the DagBag from /opt/airflow/dags/daily_revenue_etl_dag.py
[2026-03-27T03:40:28.998+0000] {processor.py:840} INFO - DAG(s) 'daily_revenue_etl_dag' retrieved from /opt/airflow/dags/daily_revenue_etl_dag.py
[2026-03-27T03:40:29.023+0000] {logging_mixin.py:188} INFO - [2026-03-27T03:40:29.022+0000] {dag.py:3036} INFO - Sync 1 DAGs
[2026-03-27T03:40:29.048+0000] {logging_mixin.py:188} INFO - [2026-03-27T03:40:29.048+0000] {dag.py:3823} INFO - Setting next_dagrun for daily_revenue_etl_dag to 2026-03-27 00:00:00+00:00, run_after=2026-03-28 00:00:00+00:00
[2026-03-27T03:40:29.065+0000] {processor.py:183} INFO - Processing /opt/airflow/dags/daily_revenue_etl_dag.py took 0.091 seconds
[2026-03-27T03:17:26.666+0000] {processor.py:161} INFO - Started process (PID=840) to work on /opt/airflow/dags/daily_revenue_etl_dag.py
[2026-03-27T03:17:26.668+0000] {processor.py:830} INFO - Processing file /opt/airflow/dags/daily_revenue_etl_dag.py for tasks to queue
[2026-03-27T03:17:26.669+0000] {logging_mixin.py:188} INFO - [2026-03-27T03:17:26.669+0000] {dagbag.py:538} INFO - Filling up the DagBag from /opt/airflow/dags/daily_revenue_etl_dag.py
[2026-03-27T03:17:26.698+0000] {processor.py:840} INFO - DAG(s) 'daily_revenue_etl_dag' retrieved from /opt/airflow/dags/daily_revenue_etl_dag.py
[2026-03-27T03:17:26.732+0000] {logging_mixin.py:188} INFO - [2026-03-27T03:17:26.731+0000] {dag.py:3036} INFO - Sync 1 DAGs
[2026-03-27T03:17:26.758+0000] {logging_mixin.py:188} INFO - [2026-03-27T03:17:26.757+0000] {dag.py:3823} INFO - Setting next_dagrun for daily_revenue_etl_dag to 2026-03-27 00:00:00+00:00, run_after=2026-03-28 00:00:00+00:00
[2026-03-27T03:17:26.779+0000] {processor.py:183} INFO - Processing /opt/airflow/dags/daily_revenue_etl_dag.py took 0.118 seconds
[2026-03-27T03:17:56.902+0000] {processor.py:161} INFO - Started process (PID=845) to work on /opt/airflow/dags/daily_revenue_etl_dag.py
[2026-03-27T03:17:56.903+0000] {processor.py:830} INFO - Processing file /opt/airflow/dags/daily_revenue_etl_dag.py for tasks to queue
[2026-03-27T03:17:56.905+0000] {logging_mixin.py:188} INFO - [2026-03-27T03:17:56.904+0000] {dagbag.py:538} INFO - Filling up the DagBag from /opt/airflow/dags/daily_revenue_etl_dag.py
[2026-03-27T03:17:56.926+0000] {processor.py:840} INFO - DAG(s) 'daily_revenue_etl_dag' retrieved from /opt/airflow/dags/daily_revenue_etl_dag.py
[2026-03-27T03:17:56.955+0000] {logging_mixin.py:188} INFO - [2026-03-27T03:17:56.955+0000] {dag.py:3036} INFO - Sync 1 DAGs
[2026-03-27T03:17:56.982+0000] {logging_mixin.py:188} INFO - [2026-03-27T03:17:56.981+0000] {dag.py:3823} INFO - Setting next_dagrun for daily_revenue_etl_dag to 2026-03-27 00:00:00+00:00, run_after=2026-03-28 00:00:00+00:00
[2026-03-27T03:17:57.011+0000] {processor.py:183} INFO - Processing /opt/airflow/dags/daily_revenue_etl_dag.py took 0.113 seconds
[2026-03-27T03:41:51.708+0000] {processor.py:161} INFO - Started process (PID=852) to work on /opt/airflow/dags/daily_revenue_etl_dag.py
[2026-03-27T03:41:51.710+0000] {processor.py:830} INFO - Processing file /opt/airflow/dags/daily_revenue_etl_dag.py for tasks to queue
[2026-03-27T03:41:51.712+0000] {logging_mixin.py:188} INFO - [2026-03-27T03:41:51.712+0000] {dagbag.py:538} INFO - Filling up the DagBag from /opt/airflow/dags/daily_revenue_etl_dag.py
[2026-03-27T03:41:51.756+0000] {processor.py:840} INFO - DAG(s) 'daily_revenue_etl_dag' retrieved from /opt/airflow/dags/daily_revenue_etl_dag.py
[2026-03-27T03:41:51.832+0000] {logging_mixin.py:188} INFO - [2026-03-27T03:41:51.830+0000] {dag.py:3036} INFO - Sync 1 DAGs
[2026-03-27T03:18:19.370+0000] {logging_mixin.py:188} INFO - [2026-03-27T03:18:19.369+0000] {dag.py:3823} INFO - Setting next_dagrun for daily_revenue_etl_dag to 2026-03-27 00:00:00+00:00, run_after=2026-03-28 00:00:00+00:00
[2026-03-27T03:18:19.423+0000] {processor.py:183} INFO - Processing /opt/airflow/dags/daily_revenue_etl_dag.py took 0.242 seconds
[2026-03-27T03:42:09.089+0000] {processor.py:161} INFO - Started process (PID=857) to work on /opt/airflow/dags/daily_revenue_etl_dag.py
[2026-03-27T03:42:09.090+0000] {processor.py:830} INFO - Processing file /opt/airflow/dags/daily_revenue_etl_dag.py for tasks to queue
[2026-03-27T03:42:09.091+0000] {logging_mixin.py:188} INFO - [2026-03-27T03:42:09.091+0000] {dagbag.py:538} INFO - Filling up the DagBag from /opt/airflow/dags/daily_revenue_etl_dag.py
[2026-03-27T03:42:09.107+0000] {processor.py:840} INFO - DAG(s) 'daily_revenue_etl_dag' retrieved from /opt/airflow/dags/daily_revenue_etl_dag.py
[2026-03-27T03:42:09.129+0000] {logging_mixin.py:188} INFO - [2026-03-27T03:42:09.129+0000] {dag.py:3036} INFO - Sync 1 DAGs
[2026-03-27T03:42:09.149+0000] {logging_mixin.py:188} INFO - [2026-03-27T03:42:09.148+0000] {dag.py:3823} INFO - Setting next_dagrun for daily_revenue_etl_dag to 2026-03-27 00:00:00+00:00, run_after=2026-03-28 00:00:00+00:00
[2026-03-27T03:42:09.165+0000] {processor.py:183} INFO - Processing /opt/airflow/dags/daily_revenue_etl_dag.py took 0.080 seconds
[2026-03-27T03:19:06.790+0000] {processor.py:161} INFO - Started process (PID=862) to work on /opt/airflow/dags/daily_revenue_etl_dag.py
[2026-03-27T03:19:06.792+0000] {processor.py:830} INFO - Processing file /opt/airflow/dags/daily_revenue_etl_dag.py for tasks to queue
[2026-03-27T03:19:06.793+0000] {logging_mixin.py:188} INFO - [2026-03-27T03:19:06.793+0000] {dagbag.py:538} INFO - Filling up the DagBag from /opt/airflow/dags/daily_revenue_etl_dag.py
[2026-03-27T03:19:06.822+0000] {processor.py:840} INFO - DAG(s) 'daily_revenue_etl_dag' retrieved from /opt/airflow/dags/daily_revenue_etl_dag.py
[2026-03-27T03:19:06.860+0000] {logging_mixin.py:188} INFO - [2026-03-27T03:19:06.859+0000] {dag.py:3036} INFO - Sync 1 DAGs
[2026-03-27T03:19:06.922+0000] {logging_mixin.py:188} INFO - [2026-03-27T03:19:06.922+0000] {dag.py:3823} INFO - Setting next_dagrun for daily_revenue_etl_dag to 2026-03-27 00:00:00+00:00, run_after=2026-03-28 00:00:00+00:00
[2026-03-27T03:19:06.966+0000] {processor.py:183} INFO - Processing /opt/airflow/dags/daily_revenue_etl_dag.py took 0.180 seconds
[2026-03-27T03:19:37.063+0000] {processor.py:161} INFO - Started process (PID=867) to work on /opt/airflow/dags/daily_revenue_etl_dag.py
[2026-03-27T03:19:37.064+0000] {processor.py:830} INFO - Processing file /opt/airflow/dags/daily_revenue_etl_dag.py for tasks to queue
[2026-03-27T03:19:37.066+0000] {logging_mixin.py:188} INFO - [2026-03-27T03:19:37.065+0000] {dagbag.py:538} INFO - Filling up the DagBag from /opt/airflow/dags/daily_revenue_etl_dag.py
[2026-03-27T03:19:37.089+0000] {processor.py:840} INFO - DAG(s) 'daily_revenue_etl_dag' retrieved from /opt/airflow/dags/daily_revenue_etl_dag.py
[2026-03-27T03:19:37.120+0000] {logging_mixin.py:188} INFO - [2026-03-27T03:19:37.119+0000] {dag.py:3036} INFO - Sync 1 DAGs
[2026-03-27T03:19:37.144+0000] {logging_mixin.py:188} INFO - [2026-03-27T03:19:37.144+0000] {dag.py:3823} INFO - Setting next_dagrun for daily_revenue_etl_dag to 2026-03-27 00:00:00+00:00, run_after=2026-03-28 00:00:00+00:00
[2026-03-27T03:19:37.166+0000] {processor.py:183} INFO - Processing /opt/airflow/dags/daily_revenue_etl_dag.py took 0.107 seconds
[2026-03-27T03:43:21.764+0000] {processor.py:161} INFO - Started process (PID=872) to work on /opt/airflow/dags/daily_revenue_etl_dag.py
[2026-03-27T03:43:21.766+0000] {processor.py:830} INFO - Processing file /opt/airflow/dags/daily_revenue_etl_dag.py for tasks to queue
[2026-03-27T03:43:21.768+0000] {logging_mixin.py:188} INFO - [2026-03-27T03:43:21.768+0000] {dagbag.py:538} INFO - Filling up the DagBag from /opt/airflow/dags/daily_revenue_etl_dag.py
[2026-03-27T03:43:21.790+0000] {processor.py:840} INFO - DAG(s) 'daily_revenue_etl_dag' retrieved from /opt/airflow/dags/daily_revenue_etl_dag.py
[2026-03-27T03:43:21.830+0000] {logging_mixin.py:188} INFO - [2026-03-27T03:43:21.829+0000] {dag.py:3036} INFO - Sync 1 DAGs
[2026-03-27T03:19:49.348+0000] {logging_mixin.py:188} INFO - [2026-03-27T03:19:49.347+0000] {dag.py:3823} INFO - Setting next_dagrun for daily_revenue_etl_dag to 2026-03-27 00:00:00+00:00, run_after=2026-03-28 00:00:00+00:00
[2026-03-27T03:19:49.387+0000] {processor.py:183} INFO - Processing /opt/airflow/dags/daily_revenue_etl_dag.py took 0.146 seconds
[2026-03-27T03:20:19.449+0000] {processor.py:161} INFO - Started process (PID=877) to work on /opt/airflow/dags/daily_revenue_etl_dag.py
[2026-03-27T03:20:19.450+0000] {processor.py:830} INFO - Processing file /opt/airflow/dags/daily_revenue_etl_dag.py for tasks to queue
[2026-03-27T03:20:19.451+0000] {logging_mixin.py:188} INFO - [2026-03-27T03:20:19.451+0000] {dagbag.py:538} INFO - Filling up the DagBag from /opt/airflow/dags/daily_revenue_etl_dag.py
[2026-03-27T03:20:19.468+0000] {processor.py:840} INFO - DAG(s) 'daily_revenue_etl_dag' retrieved from /opt/airflow/dags/daily_revenue_etl_dag.py
[2026-03-27T03:20:19.493+0000] {logging_mixin.py:188} INFO - [2026-03-27T03:20:19.493+0000] {dag.py:3036} INFO - Sync 1 DAGs
[2026-03-27T03:20:19.519+0000] {logging_mixin.py:188} INFO - [2026-03-27T03:20:19.519+0000] {dag.py:3823} INFO - Setting next_dagrun for daily_revenue_etl_dag to 2026-03-27 00:00:00+00:00, run_after=2026-03-28 00:00:00+00:00
[2026-03-27T03:20:19.539+0000] {processor.py:183} INFO - Processing /opt/airflow/dags/daily_revenue_etl_dag.py took 0.093 seconds
[2026-03-27T03:44:19.330+0000] {processor.py:161} INFO - Started process (PID=882) to work on /opt/airflow/dags/daily_revenue_etl_dag.py
[2026-03-27T03:44:19.332+0000] {processor.py:830} INFO - Processing file /opt/airflow/dags/daily_revenue_etl_dag.py for tasks to queue
[2026-03-27T03:44:19.333+0000] {logging_mixin.py:188} INFO - [2026-03-27T03:44:19.333+0000] {dagbag.py:538} INFO - Filling up the DagBag from /opt/airflow/dags/daily_revenue_etl_dag.py
[2026-03-27T03:44:19.355+0000] {processor.py:840} INFO - DAG(s) 'daily_revenue_etl_dag' retrieved from /opt/airflow/dags/daily_revenue_etl_dag.py
[2026-03-27T03:44:19.385+0000] {logging_mixin.py:188} INFO - [2026-03-27T03:44:19.385+0000] {dag.py:3036} INFO - Sync 1 DAGs
[2026-03-27T03:44:19.411+0000] {logging_mixin.py:188} INFO - [2026-03-27T03:44:19.410+0000] {dag.py:3823} INFO - Setting next_dagrun for daily_revenue_etl_dag to 2026-03-27 00:00:00+00:00, run_after=2026-03-28 00:00:00+00:00
[2026-03-27T03:44:19.433+0000] {processor.py:183} INFO - Processing /opt/airflow/dags/daily_revenue_etl_dag.py took 0.107 seconds
[2026-03-27T03:44:49.526+0000] {processor.py:161} INFO - Started process (PID=887) to work on /opt/airflow/dags/daily_revenue_etl_dag.py
[2026-03-27T03:44:49.527+0000] {processor.py:830} INFO - Processing file /opt/airflow/dags/daily_revenue_etl_dag.py for tasks to queue
[2026-03-27T03:44:49.528+0000] {logging_mixin.py:188} INFO - [2026-03-27T03:44:49.528+0000] {dagbag.py:538} INFO - Filling up the DagBag from /opt/airflow/dags/daily_revenue_etl_dag.py
[2026-03-27T03:44:49.545+0000] {processor.py:840} INFO - DAG(s) 'daily_revenue_etl_dag' retrieved from /opt/airflow/dags/daily_revenue_etl_dag.py
[2026-03-27T03:21:17.046+0000] {logging_mixin.py:188} INFO - [2026-03-27T03:21:17.046+0000] {dag.py:3036} INFO - Sync 1 DAGs
[2026-03-27T03:21:17.067+0000] {logging_mixin.py:188} INFO - [2026-03-27T03:21:17.067+0000] {dag.py:3823} INFO - Setting next_dagrun for daily_revenue_etl_dag to 2026-03-27 00:00:00+00:00, run_after=2026-03-28 00:00:00+00:00
[2026-03-27T03:21:17.086+0000] {processor.py:183} INFO - Processing /opt/airflow/dags/daily_revenue_etl_dag.py took 0.087 seconds
[2026-03-27T03:21:47.286+0000] {processor.py:161} INFO - Started process (PID=892) to work on /opt/airflow/dags/daily_revenue_etl_dag.py
[2026-03-27T03:21:47.287+0000] {processor.py:830} INFO - Processing file /opt/airflow/dags/daily_revenue_etl_dag.py for tasks to queue
[2026-03-27T03:21:47.288+0000] {logging_mixin.py:188} INFO - [2026-03-27T03:21:47.287+0000] {dagbag.py:538} INFO - Filling up the DagBag from /opt/airflow/dags/daily_revenue_etl_dag.py
[2026-03-27T03:21:47.304+0000] {processor.py:840} INFO - DAG(s) 'daily_revenue_etl_dag' retrieved from /opt/airflow/dags/daily_revenue_etl_dag.py
[2026-03-27T03:21:47.326+0000] {logging_mixin.py:188} INFO - [2026-03-27T03:21:47.326+0000] {dag.py:3036} INFO - Sync 1 DAGs
[2026-03-27T03:21:47.347+0000] {logging_mixin.py:188} INFO - [2026-03-27T03:21:47.346+0000] {dag.py:3823} INFO - Setting next_dagrun for daily_revenue_etl_dag to 2026-03-27 00:00:00+00:00, run_after=2026-03-28 00:00:00+00:00
[2026-03-27T03:21:47.365+0000] {processor.py:183} INFO - Processing /opt/airflow/dags/daily_revenue_etl_dag.py took 0.083 seconds
[2026-03-27T03:45:21.822+0000] {processor.py:161} INFO - Started process (PID=897) to work on /opt/airflow/dags/daily_revenue_etl_dag.py
[2026-03-27T03:45:21.823+0000] {processor.py:830} INFO - Processing file /opt/airflow/dags/daily_revenue_etl_dag.py for tasks to queue
[2026-03-27T03:45:21.824+0000] {logging_mixin.py:188} INFO - [2026-03-27T03:45:21.823+0000] {dagbag.py:538} INFO - Filling up the DagBag from /opt/airflow/dags/daily_revenue_etl_dag.py
[2026-03-27T03:45:21.841+0000] {processor.py:840} INFO - DAG(s) 'daily_revenue_etl_dag' retrieved from /opt/airflow/dags/daily_revenue_etl_dag.py
[2026-03-27T03:45:21.863+0000] {logging_mixin.py:188} INFO - [2026-03-27T03:45:21.863+0000] {dag.py:3036} INFO - Sync 1 DAGs
[2026-03-27T03:21:49.362+0000] {logging_mixin.py:188} INFO - [2026-03-27T03:21:49.362+0000] {dag.py:3823} INFO - Setting next_dagrun for daily_revenue_etl_dag to 2026-03-27 00:00:00+00:00, run_after=2026-03-28 00:00:00+00:00
[2026-03-27T03:21:49.386+0000] {processor.py:183} INFO - Processing /opt/airflow/dags/daily_revenue_etl_dag.py took 0.091 seconds
[2026-03-27T03:22:19.587+0000] {processor.py:161} INFO - Started process (PID=903) to work on /opt/airflow/dags/daily_revenue_etl_dag.py
[2026-03-27T03:22:19.588+0000] {processor.py:830} INFO - Processing file /opt/airflow/dags/daily_revenue_etl_dag.py for tasks to queue
[2026-03-27T03:22:19.589+0000] {logging_mixin.py:188} INFO - [2026-03-27T03:22:19.588+0000] {dagbag.py:538} INFO - Filling up the DagBag from /opt/airflow/dags/daily_revenue_etl_dag.py
[2026-03-27T03:22:19.608+0000] {processor.py:840} INFO - DAG(s) 'daily_revenue_etl_dag' retrieved from /opt/airflow/dags/daily_revenue_etl_dag.py
[2026-03-27T03:22:19.633+0000] {logging_mixin.py:188} INFO - [2026-03-27T03:22:19.633+0000] {dag.py:3036} INFO - Sync 1 DAGs
[2026-03-27T03:22:19.657+0000] {logging_mixin.py:188} INFO - [2026-03-27T03:22:19.656+0000] {dag.py:3823} INFO - Setting next_dagrun for daily_revenue_etl_dag to 2026-03-27 00:00:00+00:00, run_after=2026-03-28 00:00:00+00:00
[2026-03-27T03:22:19.679+0000] {processor.py:183} INFO - Processing /opt/airflow/dags/daily_revenue_etl_dag.py took 0.095 seconds
[2026-03-27T03:22:49.801+0000] {processor.py:161} INFO - Started process (PID=909) to work on /opt/airflow/dags/daily_revenue_etl_dag.py
[2026-03-27T03:22:49.803+0000] {processor.py:830} INFO - Processing file /opt/airflow/dags/daily_revenue_etl_dag.py for tasks to queue
[2026-03-27T03:22:49.806+0000] {logging_mixin.py:188} INFO - [2026-03-27T03:22:49.805+0000] {dagbag.py:538} INFO - Filling up the DagBag from /opt/airflow/dags/daily_revenue_etl_dag.py
[2026-03-27T03:22:49.838+0000] {processor.py:840} INFO - DAG(s) 'daily_revenue_etl_dag' retrieved from /opt/airflow/dags/daily_revenue_etl_dag.py
[2026-03-27T03:22:49.872+0000] {logging_mixin.py:188} INFO - [2026-03-27T03:22:49.871+0000] {dag.py:3036} INFO - Sync 1 DAGs
[2026-03-27T03:22:49.898+0000] {logging_mixin.py:188} INFO - [2026-03-27T03:22:49.898+0000] {dag.py:3823} INFO - Setting next_dagrun for daily_revenue_etl_dag to 2026-03-27 00:00:00+00:00, run_after=2026-03-28 00:00:00+00:00
[2026-03-27T03:22:49.919+0000] {processor.py:183} INFO - Processing /opt/airflow/dags/daily_revenue_etl_dag.py took 0.125 seconds
[2026-03-27T03:46:39.598+0000] {processor.py:161} INFO - Started process (PID=914) to work on /opt/airflow/dags/daily_revenue_etl_dag.py
[2026-03-27T03:46:39.599+0000] {processor.py:830} INFO - Processing file /opt/airflow/dags/daily_revenue_etl_dag.py for tasks to queue
[2026-03-27T03:46:39.600+0000] {logging_mixin.py:188} INFO - [2026-03-27T03:46:39.600+0000] {dagbag.py:538} INFO - Filling up the DagBag from /opt/airflow/dags/daily_revenue_etl_dag.py
[2026-03-27T03:46:39.616+0000] {processor.py:840} INFO - DAG(s) 'daily_revenue_etl_dag' retrieved from /opt/airflow/dags/daily_revenue_etl_dag.py
[2026-03-27T03:46:39.638+0000] {logging_mixin.py:188} INFO - [2026-03-27T03:46:39.637+0000] {dag.py:3036} INFO - Sync 1 DAGs
[2026-03-27T03:46:39.655+0000] {logging_mixin.py:188} INFO - [2026-03-27T03:46:39.655+0000] {dag.py:3823} INFO - Setting next_dagrun for daily_revenue_etl_dag to 2026-03-27 00:00:00+00:00, run_after=2026-03-28 00:00:00+00:00
[2026-03-27T03:46:39.681+0000] {processor.py:183} INFO - Processing /opt/airflow/dags/daily_revenue_etl_dag.py took 0.085 seconds
[2026-03-27T03:47:09.791+0000] {processor.py:161} INFO - Started process (PID=919) to work on /opt/airflow/dags/daily_revenue_etl_dag.py
[2026-03-27T03:47:09.793+0000] {processor.py:830} INFO - Processing file /opt/airflow/dags/daily_revenue_etl_dag.py for tasks to queue
[2026-03-27T03:47:09.794+0000] {logging_mixin.py:188} INFO - [2026-03-27T03:47:09.794+0000] {dagbag.py:538} INFO - Filling up the DagBag from /opt/airflow/dags/daily_revenue_etl_dag.py
[2026-03-27T03:47:09.810+0000] {processor.py:840} INFO - DAG(s) 'daily_revenue_etl_dag' retrieved from /opt/airflow/dags/daily_revenue_etl_dag.py
[2026-03-27T03:23:37.311+0000] {logging_mixin.py:188} INFO - [2026-03-27T03:23:37.311+0000] {dag.py:3036} INFO - Sync 1 DAGs
[2026-03-27T03:23:37.331+0000] {logging_mixin.py:188} INFO - [2026-03-27T03:23:37.331+0000] {dag.py:3823} INFO - Setting next_dagrun for daily_revenue_etl_dag to 2026-03-27 00:00:00+00:00, run_after=2026-03-28 00:00:00+00:00
[2026-03-27T03:23:37.348+0000] {processor.py:183} INFO - Processing /opt/airflow/dags/daily_revenue_etl_dag.py took 0.080 seconds
[2026-03-27T03:24:07.538+0000] {processor.py:161} INFO - Started process (PID=925) to work on /opt/airflow/dags/daily_revenue_etl_dag.py
[2026-03-27T03:24:07.539+0000] {processor.py:830} INFO - Processing file /opt/airflow/dags/daily_revenue_etl_dag.py for tasks to queue
[2026-03-27T03:24:07.540+0000] {logging_mixin.py:188} INFO - [2026-03-27T03:24:07.540+0000] {dagbag.py:538} INFO - Filling up the DagBag from /opt/airflow/dags/daily_revenue_etl_dag.py
[2026-03-27T03:24:07.556+0000] {processor.py:840} INFO - DAG(s) 'daily_revenue_etl_dag' retrieved from /opt/airflow/dags/daily_revenue_etl_dag.py
[2026-03-27T03:24:07.576+0000] {logging_mixin.py:188} INFO - [2026-03-27T03:24:07.576+0000] {dag.py:3036} INFO - Sync 1 DAGs
[2026-03-27T03:24:07.593+0000] {logging_mixin.py:188} INFO - [2026-03-27T03:24:07.593+0000] {dag.py:3823} INFO - Setting next_dagrun for daily_revenue_etl_dag to 2026-03-27 00:00:00+00:00, run_after=2026-03-28 00:00:00+00:00
[2026-03-27T03:24:07.621+0000] {processor.py:183} INFO - Processing /opt/airflow/dags/daily_revenue_etl_dag.py took 0.085 seconds
[2026-03-27T03:24:37.746+0000] {processor.py:161} INFO - Started process (PID=930) to work on /opt/airflow/dags/daily_revenue_etl_dag.py
[2026-03-27T03:24:37.747+0000] {processor.py:830} INFO - Processing file /opt/airflow/dags/daily_revenue_etl_dag.py for tasks to queue
[2026-03-27T03:24:37.748+0000] {logging_mixin.py:188} INFO - [2026-03-27T03:24:37.747+0000] {dagbag.py:538} INFO - Filling up the DagBag from /opt/airflow/dags/daily_revenue_etl_dag.py
[2026-03-27T03:24:37.763+0000] {processor.py:840} INFO - DAG(s) 'daily_revenue_etl_dag' retrieved from /opt/airflow/dags/daily_revenue_etl_dag.py
[2026-03-27T03:24:37.785+0000] {logging_mixin.py:188} INFO - [2026-03-27T03:24:37.785+0000] {dag.py:3036} INFO - Sync 1 DAGs
[2026-03-27T03:24:37.803+0000] {logging_mixin.py:188} INFO - [2026-03-27T03:24:37.803+0000] {dag.py:3823} INFO - Setting next_dagrun for daily_revenue_etl_dag to 2026-03-27 00:00:00+00:00, run_after=2026-03-28 00:00:00+00:00
[2026-03-27T03:24:37.828+0000] {processor.py:183} INFO - Processing /opt/airflow/dags/daily_revenue_etl_dag.py took 0.085 seconds
[2026-03-27T03:25:07.977+0000] {processor.py:161} INFO - Started process (PID=935) to work on /opt/airflow/dags/daily_revenue_etl_dag.py
[2026-03-27T03:25:07.978+0000] {processor.py:830} INFO - Processing file /opt/airflow/dags/daily_revenue_etl_dag.py for tasks to queue
[2026-03-27T03:25:07.979+0000] {logging_mixin.py:188} INFO - [2026-03-27T03:25:07.978+0000] {dagbag.py:538} INFO - Filling up the DagBag from /opt/airflow/dags/daily_revenue_etl_dag.py
[2026-03-27T03:25:07.996+0000] {processor.py:840} INFO - DAG(s) 'daily_revenue_etl_dag' retrieved from /opt/airflow/dags/daily_revenue_etl_dag.py
[2026-03-27T03:25:08.020+0000] {logging_mixin.py:188} INFO - [2026-03-27T03:25:08.020+0000] {dag.py:3036} INFO - Sync 1 DAGs
[2026-03-27T03:25:08.040+0000] {logging_mixin.py:188} INFO - [2026-03-27T03:25:08.040+0000] {dag.py:3823} INFO - Setting next_dagrun for daily_revenue_etl_dag to 2026-03-27 00:00:00+00:00, run_after=2026-03-28 00:00:00+00:00
[2026-03-27T03:25:08.068+0000] {processor.py:183} INFO - Processing /opt/airflow/dags/daily_revenue_etl_dag.py took 0.094 seconds
[2026-03-27T03:25:38.189+0000] {processor.py:161} INFO - Started process (PID=940) to work on /opt/airflow/dags/daily_revenue_etl_dag.py
[2026-03-27T03:25:38.191+0000] {processor.py:830} INFO - Processing file /opt/airflow/dags/daily_revenue_etl_dag.py for tasks to queue
[2026-03-27T03:25:38.192+0000] {logging_mixin.py:188} INFO - [2026-03-27T03:25:38.192+0000] {dagbag.py:538} INFO - Filling up the DagBag from /opt/airflow/dags/daily_revenue_etl_dag.py
[2026-03-27T03:25:38.209+0000] {processor.py:840} INFO - DAG(s) 'daily_revenue_etl_dag' retrieved from /opt/airflow/dags/daily_revenue_etl_dag.py
[2026-03-27T03:25:38.232+0000] {logging_mixin.py:188} INFO - [2026-03-27T03:25:38.232+0000] {dag.py:3036} INFO - Sync 1 DAGs
[2026-03-27T03:25:38.249+0000] {logging_mixin.py:188} INFO - [2026-03-27T03:25:38.249+0000] {dag.py:3823} INFO - Setting next_dagrun for daily_revenue_etl_dag to 2026-03-27 00:00:00+00:00, run_after=2026-03-28 00:00:00+00:00
[2026-03-27T03:25:38.275+0000] {processor.py:183} INFO - Processing /opt/airflow/dags/daily_revenue_etl_dag.py took 0.090 seconds
[2026-03-27T03:49:14.855+0000] {processor.py:161} INFO - Started process (PID=945) to work on /opt/airflow/dags/daily_revenue_etl_dag.py
[2026-03-27T03:49:14.856+0000] {processor.py:830} INFO - Processing file /opt/airflow/dags/daily_revenue_etl_dag.py for tasks to queue
[2026-03-27T03:49:14.857+0000] {logging_mixin.py:188} INFO - [2026-03-27T03:49:14.857+0000] {dagbag.py:538} INFO - Filling up the DagBag from /opt/airflow/dags/daily_revenue_etl_dag.py
[2026-03-27T03:49:14.873+0000] {processor.py:840} INFO - DAG(s) 'daily_revenue_etl_dag' retrieved from /opt/airflow/dags/daily_revenue_etl_dag.py
[2026-03-27T03:49:14.894+0000] {logging_mixin.py:188} INFO - [2026-03-27T03:49:14.894+0000] {dag.py:3036} INFO - Sync 1 DAGs
[2026-03-27T03:49:14.914+0000] {logging_mixin.py:188} INFO - [2026-03-27T03:49:14.913+0000] {dag.py:3823} INFO - Setting next_dagrun for daily_revenue_etl_dag to 2026-03-27 00:00:00+00:00, run_after=2026-03-28 00:00:00+00:00
[2026-03-27T03:49:14.931+0000] {processor.py:183} INFO - Processing /opt/airflow/dags/daily_revenue_etl_dag.py took 0.079 seconds
[2026-03-27T03:26:12.535+0000] {processor.py:161} INFO - Started process (PID=950) to work on /opt/airflow/dags/daily_revenue_etl_dag.py
[2026-03-27T03:26:12.536+0000] {processor.py:830} INFO - Processing file /opt/airflow/dags/daily_revenue_etl_dag.py for tasks to queue
[2026-03-27T03:26:12.537+0000] {logging_mixin.py:188} INFO - [2026-03-27T03:26:12.537+0000] {dagbag.py:538} INFO - Filling up the DagBag from /opt/airflow/dags/daily_revenue_etl_dag.py
[2026-03-27T03:26:12.559+0000] {processor.py:840} INFO - DAG(s) 'daily_revenue_etl_dag' retrieved from /opt/airflow/dags/daily_revenue_etl_dag.py
[2026-03-27T03:26:12.583+0000] {logging_mixin.py:188} INFO - [2026-03-27T03:26:12.583+0000] {dag.py:3036} INFO - Sync 1 DAGs
[2026-03-27T03:26:12.604+0000] {logging_mixin.py:188} INFO - [2026-03-27T03:26:12.603+0000] {dag.py:3823} INFO - Setting next_dagrun for daily_revenue_etl_dag to 2026-03-27 00:00:00+00:00, run_after=2026-03-28 00:00:00+00:00
[2026-03-27T03:26:12.620+0000] {processor.py:183} INFO - Processing /opt/airflow/dags/daily_revenue_etl_dag.py took 0.089 seconds
[2026-03-27T03:26:42.795+0000] {processor.py:161} INFO - Started process (PID=955) to work on /opt/airflow/dags/daily_revenue_etl_dag.py
[2026-03-27T03:26:42.796+0000] {processor.py:830} INFO - Processing file /opt/airflow/dags/daily_revenue_etl_dag.py for tasks to queue
[2026-03-27T03:26:42.798+0000] {logging_mixin.py:188} INFO - [2026-03-27T03:26:42.797+0000] {dagbag.py:538} INFO - Filling up the DagBag from /opt/airflow/dags/daily_revenue_etl_dag.py
[2026-03-27T03:26:42.813+0000] {processor.py:840} INFO - DAG(s) 'daily_revenue_etl_dag' retrieved from /opt/airflow/dags/daily_revenue_etl_dag.py
[2026-03-27T03:26:42.835+0000] {logging_mixin.py:188} INFO - [2026-03-27T03:26:42.835+0000] {dag.py:3036} INFO - Sync 1 DAGs
[2026-03-27T03:26:42.853+0000] {logging_mixin.py:188} INFO - [2026-03-27T03:26:42.853+0000] {dag.py:3823} INFO - Setting next_dagrun for daily_revenue_etl_dag to 2026-03-27 00:00:00+00:00, run_after=2026-03-28 00:00:00+00:00
[2026-03-27T03:26:42.869+0000] {processor.py:183} INFO - Processing /opt/airflow/dags/daily_revenue_etl_dag.py took 0.076 seconds
[2026-03-27T03:27:12.989+0000] {processor.py:161} INFO - Started process (PID=960) to work on /opt/airflow/dags/daily_revenue_etl_dag.py
[2026-03-27T03:27:12.990+0000] {processor.py:830} INFO - Processing file /opt/airflow/dags/daily_revenue_etl_dag.py for tasks to queue
[2026-03-27T03:27:12.991+0000] {logging_mixin.py:188} INFO - [2026-03-27T03:27:12.990+0000] {dagbag.py:538} INFO - Filling up the DagBag from /opt/airflow/dags/daily_revenue_etl_dag.py
[2026-03-27T03:27:13.012+0000] {processor.py:840} INFO - DAG(s) 'daily_revenue_etl_dag' retrieved from /opt/airflow/dags/daily_revenue_etl_dag.py
[2026-03-27T03:27:13.037+0000] {logging_mixin.py:188} INFO - [2026-03-27T03:27:13.036+0000] {dag.py:3036} INFO - Sync 1 DAGs
[2026-03-27T03:27:13.057+0000] {logging_mixin.py:188} INFO - [2026-03-27T03:27:13.056+0000] {dag.py:3823} INFO - Setting next_dagrun for daily_revenue_etl_dag to 2026-03-27 00:00:00+00:00, run_after=2026-03-28 00:00:00+00:00
[2026-03-27T03:27:13.072+0000] {processor.py:183} INFO - Processing /opt/airflow/dags/daily_revenue_etl_dag.py took 0.087 seconds
[2026-03-27T03:27:43.220+0000] {processor.py:161} INFO - Started process (PID=965) to work on /opt/airflow/dags/daily_revenue_etl_dag.py
[2026-03-27T03:27:43.223+0000] {processor.py:830} INFO - Processing file /opt/airflow/dags/daily_revenue_etl_dag.py for tasks to queue
[2026-03-27T03:27:43.226+0000] {logging_mixin.py:188} INFO - [2026-03-27T03:27:43.225+0000] {dagbag.py:538} INFO - Filling up the DagBag from /opt/airflow/dags/daily_revenue_etl_dag.py
[2026-03-27T03:27:43.270+0000] {processor.py:840} INFO - DAG(s) 'daily_revenue_etl_dag' retrieved from /opt/airflow/dags/daily_revenue_etl_dag.py
[2026-03-27T03:27:43.306+0000] {logging_mixin.py:188} INFO - [2026-03-27T03:27:43.305+0000] {dag.py:3036} INFO - Sync 1 DAGs
[2026-03-27T03:27:43.337+0000] {logging_mixin.py:188} INFO - [2026-03-27T03:27:43.336+0000] {dag.py:3823} INFO - Setting next_dagrun for daily_revenue_etl_dag to 2026-03-27 00:00:00+00:00, run_after=2026-03-28 00:00:00+00:00
[2026-03-27T03:27:43.360+0000] {processor.py:183} INFO - Processing /opt/airflow/dags/daily_revenue_etl_dag.py took 0.151 seconds
[2026-03-27T03:51:21.860+0000] {processor.py:161} INFO - Started process (PID=970) to work on /opt/airflow/dags/daily_revenue_etl_dag.py
[2026-03-27T03:51:21.863+0000] {processor.py:830} INFO - Processing file /opt/airflow/dags/daily_revenue_etl_dag.py for tasks to queue
[2026-03-27T03:51:21.865+0000] {logging_mixin.py:188} INFO - [2026-03-27T03:51:21.864+0000] {dagbag.py:538} INFO - Filling up the DagBag from /opt/airflow/dags/daily_revenue_etl_dag.py
[2026-03-27T03:51:21.896+0000] {processor.py:840} INFO - DAG(s) 'daily_revenue_etl_dag' retrieved from /opt/airflow/dags/daily_revenue_etl_dag.py
[2026-03-27T03:27:49.438+0000] {logging_mixin.py:188} INFO - [2026-03-27T03:27:49.438+0000] {dag.py:3036} INFO - Sync 1 DAGs
[2026-03-27T03:27:49.480+0000] {logging_mixin.py:188} INFO - [2026-03-27T03:27:49.479+0000] {dag.py:3823} INFO - Setting next_dagrun for daily_revenue_etl_dag to 2026-03-27 00:00:00+00:00, run_after=2026-03-28 00:00:00+00:00
[2026-03-27T03:27:49.507+0000] {processor.py:183} INFO - Processing /opt/airflow/dags/daily_revenue_etl_dag.py took 0.175 seconds
[2026-03-27T03:51:25.094+0000] {processor.py:161} INFO - Started process (PID=975) to work on /opt/airflow/dags/daily_revenue_etl_dag.py
[2026-03-27T03:51:25.096+0000] {processor.py:830} INFO - Processing file /opt/airflow/dags/daily_revenue_etl_dag.py for tasks to queue
[2026-03-27T03:51:25.097+0000] {logging_mixin.py:188} INFO - [2026-03-27T03:51:25.097+0000] {dagbag.py:538} INFO - Filling up the DagBag from /opt/airflow/dags/daily_revenue_etl_dag.py
[2026-03-27T03:51:25.121+0000] {processor.py:840} INFO - DAG(s) 'daily_revenue_etl_dag' retrieved from /opt/airflow/dags/daily_revenue_etl_dag.py
[2026-03-27T03:51:25.150+0000] {logging_mixin.py:188} INFO - [2026-03-27T03:51:25.149+0000] {dag.py:3036} INFO - Sync 1 DAGs
[2026-03-27T03:51:25.172+0000] {logging_mixin.py:188} INFO - [2026-03-27T03:51:25.172+0000] {dag.py:3823} INFO - Setting next_dagrun for daily_revenue_etl_dag to 2026-03-27 00:00:00+00:00, run_after=2026-03-28 00:00:00+00:00
[2026-03-27T03:27:52.676+0000] {processor.py:183} INFO - Processing /opt/airflow/dags/daily_revenue_etl_dag.py took 0.101 seconds
[2026-03-27T03:51:30.129+0000] {processor.py:161} INFO - Started process (PID=980) to work on /opt/airflow/dags/daily_revenue_etl_dag.py
[2026-03-27T03:51:30.130+0000] {processor.py:830} INFO - Processing file /opt/airflow/dags/daily_revenue_etl_dag.py for tasks to queue
[2026-03-27T03:51:30.132+0000] {logging_mixin.py:188} INFO - [2026-03-27T03:51:30.131+0000] {dagbag.py:538} INFO - Filling up the DagBag from /opt/airflow/dags/daily_revenue_etl_dag.py
[2026-03-27T03:51:30.151+0000] {processor.py:840} INFO - DAG(s) 'daily_revenue_etl_dag' retrieved from /opt/airflow/dags/daily_revenue_etl_dag.py
[2026-03-27T03:27:57.671+0000] {logging_mixin.py:188} INFO - [2026-03-27T03:27:57.671+0000] {dag.py:3036} INFO - Sync 1 DAGs
[2026-03-27T03:27:57.701+0000] {logging_mixin.py:188} INFO - [2026-03-27T03:27:57.701+0000] {dag.py:3823} INFO - Setting next_dagrun for daily_revenue_etl_dag to 2026-03-27 00:00:00+00:00, run_after=2026-03-28 00:00:00+00:00
[2026-03-27T03:27:57.728+0000] {processor.py:183} INFO - Processing /opt/airflow/dags/daily_revenue_etl_dag.py took 0.120 seconds
[2026-03-27T03:28:27.930+0000] {processor.py:161} INFO - Started process (PID=986) to work on /opt/airflow/dags/daily_revenue_etl_dag.py
[2026-03-27T03:28:27.931+0000] {processor.py:830} INFO - Processing file /opt/airflow/dags/daily_revenue_etl_dag.py for tasks to queue
[2026-03-27T03:28:27.932+0000] {logging_mixin.py:188} INFO - [2026-03-27T03:28:27.932+0000] {dagbag.py:538} INFO - Filling up the DagBag from /opt/airflow/dags/daily_revenue_etl_dag.py
[2026-03-27T03:28:27.948+0000] {processor.py:840} INFO - DAG(s) 'daily_revenue_etl_dag' retrieved from /opt/airflow/dags/daily_revenue_etl_dag.py
[2026-03-27T03:28:27.969+0000] {logging_mixin.py:188} INFO - [2026-03-27T03:28:27.969+0000] {dag.py:3036} INFO - Sync 1 DAGs
[2026-03-27T03:28:27.987+0000] {logging_mixin.py:188} INFO - [2026-03-27T03:28:27.987+0000] {dag.py:3823} INFO - Setting next_dagrun for daily_revenue_etl_dag to 2026-03-27 00:00:00+00:00, run_after=2026-03-28 00:00:00+00:00
[2026-03-27T03:28:28.011+0000] {processor.py:183} INFO - Processing /opt/airflow/dags/daily_revenue_etl_dag.py took 0.084 seconds
[2026-03-27T03:28:58.115+0000] {processor.py:161} INFO - Started process (PID=991) to work on /opt/airflow/dags/daily_revenue_etl_dag.py
[2026-03-27T03:28:58.116+0000] {processor.py:830} INFO - Processing file /opt/airflow/dags/daily_revenue_etl_dag.py for tasks to queue
[2026-03-27T03:28:58.117+0000] {logging_mixin.py:188} INFO - [2026-03-27T03:28:58.116+0000] {dagbag.py:538} INFO - Filling up the DagBag from /opt/airflow/dags/daily_revenue_etl_dag.py
[2026-03-27T03:28:58.134+0000] {processor.py:840} INFO - DAG(s) 'daily_revenue_etl_dag' retrieved from /opt/airflow/dags/daily_revenue_etl_dag.py
[2026-03-27T03:28:58.157+0000] {logging_mixin.py:188} INFO - [2026-03-27T03:28:58.157+0000] {dag.py:3036} INFO - Sync 1 DAGs
[2026-03-27T03:28:58.178+0000] {logging_mixin.py:188} INFO - [2026-03-27T03:28:58.177+0000] {dag.py:3823} INFO - Setting next_dagrun for daily_revenue_etl_dag to 2026-03-27 00:00:00+00:00, run_after=2026-03-28 00:00:00+00:00
[2026-03-27T03:28:58.194+0000] {processor.py:183} INFO - Processing /opt/airflow/dags/daily_revenue_etl_dag.py took 0.083 seconds
[2026-03-27T03:52:51.862+0000] {processor.py:161} INFO - Started process (PID=997) to work on /opt/airflow/dags/daily_revenue_etl_dag.py
[2026-03-27T03:52:51.863+0000] {processor.py:830} INFO - Processing file /opt/airflow/dags/daily_revenue_etl_dag.py for tasks to queue
[2026-03-27T03:52:51.864+0000] {logging_mixin.py:188} INFO - [2026-03-27T03:52:51.864+0000] {dagbag.py:538} INFO - Filling up the DagBag from /opt/airflow/dags/daily_revenue_etl_dag.py
[2026-03-27T03:52:51.884+0000] {processor.py:840} INFO - DAG(s) 'daily_revenue_etl_dag' retrieved from /opt/airflow/dags/daily_revenue_etl_dag.py
[2026-03-27T03:52:51.906+0000] {logging_mixin.py:188} INFO - [2026-03-27T03:52:51.906+0000] {dag.py:3036} INFO - Sync 1 DAGs
[2026-03-27T03:52:51.923+0000] {logging_mixin.py:188} INFO - [2026-03-27T03:52:51.923+0000] {dag.py:3823} INFO - Setting next_dagrun for daily_revenue_etl_dag to 2026-03-27 00:00:00+00:00, run_after=2026-03-28 00:00:00+00:00
[2026-03-27T03:29:19.420+0000] {processor.py:183} INFO - Processing /opt/airflow/dags/daily_revenue_etl_dag.py took 0.082 seconds
[2026-03-27T03:29:49.538+0000] {processor.py:161} INFO - Started process (PID=1002) to work on /opt/airflow/dags/daily_revenue_etl_dag.py
[2026-03-27T03:29:49.539+0000] {processor.py:830} INFO - Processing file /opt/airflow/dags/daily_revenue_etl_dag.py for tasks to queue
[2026-03-27T03:29:49.539+0000] {logging_mixin.py:188} INFO - [2026-03-27T03:29:49.539+0000] {dagbag.py:538} INFO - Filling up the DagBag from /opt/airflow/dags/daily_revenue_etl_dag.py
[2026-03-27T03:29:49.556+0000] {processor.py:840} INFO - DAG(s) 'daily_revenue_etl_dag' retrieved from /opt/airflow/dags/daily_revenue_etl_dag.py
[2026-03-27T03:29:49.578+0000] {logging_mixin.py:188} INFO - [2026-03-27T03:29:49.578+0000] {dag.py:3036} INFO - Sync 1 DAGs
[2026-03-27T03:29:49.597+0000] {logging_mixin.py:188} INFO - [2026-03-27T03:29:49.597+0000] {dag.py:3823} INFO - Setting next_dagrun for daily_revenue_etl_dag to 2026-03-27 00:00:00+00:00, run_after=2026-03-28 00:00:00+00:00
[2026-03-27T03:29:49.612+0000] {processor.py:183} INFO - Processing /opt/airflow/dags/daily_revenue_etl_dag.py took 0.077 seconds
[2026-03-27T03:30:19.798+0000] {processor.py:161} INFO - Started process (PID=1007) to work on /opt/airflow/dags/daily_revenue_etl_dag.py
[2026-03-27T03:30:19.799+0000] {processor.py:830} INFO - Processing file /opt/airflow/dags/daily_revenue_etl_dag.py for tasks to queue
[2026-03-27T03:30:19.800+0000] {logging_mixin.py:188} INFO - [2026-03-27T03:30:19.800+0000] {dagbag.py:538} INFO - Filling up the DagBag from /opt/airflow/dags/daily_revenue_etl_dag.py
[2026-03-27T03:30:19.816+0000] {processor.py:840} INFO - DAG(s) 'daily_revenue_etl_dag' retrieved from /opt/airflow/dags/daily_revenue_etl_dag.py
[2026-03-27T03:30:19.838+0000] {logging_mixin.py:188} INFO - [2026-03-27T03:30:19.838+0000] {dag.py:3036} INFO - Sync 1 DAGs
[2026-03-27T03:30:19.857+0000] {logging_mixin.py:188} INFO - [2026-03-27T03:30:19.857+0000] {dag.py:3823} INFO - Setting next_dagrun for daily_revenue_etl_dag to 2026-03-27 00:00:00+00:00, run_after=2026-03-28 00:00:00+00:00
[2026-03-27T03:30:19.874+0000] {processor.py:183} INFO - Processing /opt/airflow/dags/daily_revenue_etl_dag.py took 0.078 seconds
[2026-03-27T03:53:55.345+0000] {processor.py:161} INFO - Started process (PID=1012) to work on /opt/airflow/dags/daily_revenue_etl_dag.py
[2026-03-27T03:53:55.346+0000] {processor.py:830} INFO - Processing file /opt/airflow/dags/daily_revenue_etl_dag.py for tasks to queue
[2026-03-27T03:53:55.347+0000] {logging_mixin.py:188} INFO - [2026-03-27T03:53:55.347+0000] {dagbag.py:538} INFO - Filling up the DagBag from /opt/airflow/dags/daily_revenue_etl_dag.py
[2026-03-27T03:53:55.366+0000] {processor.py:840} INFO - DAG(s) 'daily_revenue_etl_dag' retrieved from /opt/airflow/dags/daily_revenue_etl_dag.py
[2026-03-27T03:53:55.392+0000] {logging_mixin.py:188} INFO - [2026-03-27T03:53:55.392+0000] {dag.py:3036} INFO - Sync 1 DAGs
[2026-03-27T03:53:55.411+0000] {logging_mixin.py:188} INFO - [2026-03-27T03:53:55.411+0000] {dag.py:3823} INFO - Setting next_dagrun for daily_revenue_etl_dag to 2026-03-27 00:00:00+00:00, run_after=2026-03-28 00:00:00+00:00
[2026-03-27T03:53:55.425+0000] {processor.py:183} INFO - Processing /opt/airflow/dags/daily_revenue_etl_dag.py took 0.084 seconds
[2026-03-27T03:55:21.908+0000] {processor.py:161} INFO - Started process (PID=1017) to work on /opt/airflow/dags/daily_revenue_etl_dag.py
[2026-03-27T03:55:21.909+0000] {processor.py:830} INFO - Processing file /opt/airflow/dags/daily_revenue_etl_dag.py for tasks to queue
[2026-03-27T03:55:21.910+0000] {logging_mixin.py:188} INFO - [2026-03-27T03:55:21.910+0000] {dagbag.py:538} INFO - Filling up the DagBag from /opt/airflow/dags/daily_revenue_etl_dag.py
[2026-03-27T03:55:21.928+0000] {processor.py:840} INFO - DAG(s) 'daily_revenue_etl_dag' retrieved from /opt/airflow/dags/daily_revenue_etl_dag.py
[2026-03-27T03:31:49.441+0000] {logging_mixin.py:188} INFO - [2026-03-27T03:31:49.441+0000] {dag.py:3036} INFO - Sync 1 DAGs
[2026-03-27T03:31:49.463+0000] {logging_mixin.py:188} INFO - [2026-03-27T03:31:49.462+0000] {dag.py:3823} INFO - Setting next_dagrun for daily_revenue_etl_dag to 2026-03-27 00:00:00+00:00, run_after=2026-03-28 00:00:00+00:00
[2026-03-27T03:31:49.482+0000] {processor.py:183} INFO - Processing /opt/airflow/dags/daily_revenue_etl_dag.py took 0.089 seconds
[2026-03-27T03:32:19.622+0000] {processor.py:161} INFO - Started process (PID=1023) to work on /opt/airflow/dags/daily_revenue_etl_dag.py
[2026-03-27T03:32:19.623+0000] {processor.py:830} INFO - Processing file /opt/airflow/dags/daily_revenue_etl_dag.py for tasks to queue
[2026-03-27T03:32:19.624+0000] {logging_mixin.py:188} INFO - [2026-03-27T03:32:19.624+0000] {dagbag.py:538} INFO - Filling up the DagBag from /opt/airflow/dags/daily_revenue_etl_dag.py
[2026-03-27T03:32:19.641+0000] {processor.py:840} INFO - DAG(s) 'daily_revenue_etl_dag' retrieved from /opt/airflow/dags/daily_revenue_etl_dag.py
[2026-03-27T03:32:19.665+0000] {logging_mixin.py:188} INFO - [2026-03-27T03:32:19.665+0000] {dag.py:3036} INFO - Sync 1 DAGs
[2026-03-27T03:32:19.684+0000] {logging_mixin.py:188} INFO - [2026-03-27T03:32:19.684+0000] {dag.py:3823} INFO - Setting next_dagrun for daily_revenue_etl_dag to 2026-03-27 00:00:00+00:00, run_after=2026-03-28 00:00:00+00:00
[2026-03-27T03:32:19.701+0000] {processor.py:183} INFO - Processing /opt/airflow/dags/daily_revenue_etl_dag.py took 0.082 seconds
[2026-03-27T03:32:49.854+0000] {processor.py:161} INFO - Started process (PID=1028) to work on /opt/airflow/dags/daily_revenue_etl_dag.py
[2026-03-27T03:32:49.856+0000] {processor.py:830} INFO - Processing file /opt/airflow/dags/daily_revenue_etl_dag.py for tasks to queue
[2026-03-27T03:32:49.859+0000] {logging_mixin.py:188} INFO - [2026-03-27T03:32:49.858+0000] {dagbag.py:538} INFO - Filling up the DagBag from /opt/airflow/dags/daily_revenue_etl_dag.py
[2026-03-27T03:32:49.905+0000] {processor.py:840} INFO - DAG(s) 'daily_revenue_etl_dag' retrieved from /opt/airflow/dags/daily_revenue_etl_dag.py
[2026-03-27T03:32:49.964+0000] {logging_mixin.py:188} INFO - [2026-03-27T03:32:49.964+0000] {dag.py:3036} INFO - Sync 1 DAGs
[2026-03-27T03:32:49.995+0000] {logging_mixin.py:188} INFO - [2026-03-27T03:32:49.995+0000] {dag.py:3823} INFO - Setting next_dagrun for daily_revenue_etl_dag to 2026-03-27 00:00:00+00:00, run_after=2026-03-28 00:00:00+00:00
[2026-03-27T03:32:50.017+0000] {processor.py:183} INFO - Processing /opt/airflow/dags/daily_revenue_etl_dag.py took 0.173 seconds
[2026-03-27T03:56:25.593+0000] {processor.py:161} INFO - Started process (PID=1033) to work on /opt/airflow/dags/daily_revenue_etl_dag.py
[2026-03-27T03:56:25.594+0000] {processor.py:830} INFO - Processing file /opt/airflow/dags/daily_revenue_etl_dag.py for tasks to queue
[2026-03-27T03:56:25.595+0000] {logging_mixin.py:188} INFO - [2026-03-27T03:56:25.595+0000] {dagbag.py:538} INFO - Filling up the DagBag from /opt/airflow/dags/daily_revenue_etl_dag.py
[2026-03-27T03:56:25.616+0000] {processor.py:840} INFO - DAG(s) 'daily_revenue_etl_dag' retrieved from /opt/airflow/dags/daily_revenue_etl_dag.py
[2026-03-27T03:56:25.642+0000] {logging_mixin.py:188} INFO - [2026-03-27T03:56:25.642+0000] {dag.py:3036} INFO - Sync 1 DAGs
[2026-03-27T03:56:25.662+0000] {logging_mixin.py:188} INFO - [2026-03-27T03:56:25.662+0000] {dag.py:3823} INFO - Setting next_dagrun for daily_revenue_etl_dag to 2026-03-27 00:00:00+00:00, run_after=2026-03-28 00:00:00+00:00
[2026-03-27T03:56:25.683+0000] {processor.py:183} INFO - Processing /opt/airflow/dags/daily_revenue_etl_dag.py took 0.093 seconds
[2026-03-27T03:56:55.778+0000] {processor.py:161} INFO - Started process (PID=1038) to work on /opt/airflow/dags/daily_revenue_etl_dag.py
[2026-03-27T03:56:55.780+0000] {processor.py:830} INFO - Processing file /opt/airflow/dags/daily_revenue_etl_dag.py for tasks to queue
[2026-03-27T03:56:55.782+0000] {logging_mixin.py:188} INFO - [2026-03-27T03:56:55.781+0000] {dagbag.py:538} INFO - Filling up the DagBag from /opt/airflow/dags/daily_revenue_etl_dag.py
[2026-03-27T03:33:23.299+0000] {processor.py:840} INFO - DAG(s) 'daily_revenue_etl_dag' retrieved from /opt/airflow/dags/daily_revenue_etl_dag.py
[2026-03-27T03:33:23.331+0000] {logging_mixin.py:188} INFO - [2026-03-27T03:33:23.331+0000] {dag.py:3036} INFO - Sync 1 DAGs
[2026-03-27T03:33:23.359+0000] {logging_mixin.py:188} INFO - [2026-03-27T03:33:23.358+0000] {dag.py:3823} INFO - Setting next_dagrun for daily_revenue_etl_dag to 2026-03-27 00:00:00+00:00, run_after=2026-03-28 00:00:00+00:00
[2026-03-27T03:33:23.376+0000] {processor.py:183} INFO - Processing /opt/airflow/dags/daily_revenue_etl_dag.py took 0.108 seconds
[2026-03-27T03:33:53.557+0000] {processor.py:161} INFO - Started process (PID=1043) to work on /opt/airflow/dags/daily_revenue_etl_dag.py
[2026-03-27T03:33:53.558+0000] {processor.py:830} INFO - Processing file /opt/airflow/dags/daily_revenue_etl_dag.py for tasks to queue
[2026-03-27T03:33:53.559+0000] {logging_mixin.py:188} INFO - [2026-03-27T03:33:53.559+0000] {dagbag.py:538} INFO - Filling up the DagBag from /opt/airflow/dags/daily_revenue_etl_dag.py
[2026-03-27T03:33:53.578+0000] {processor.py:840} INFO - DAG(s) 'daily_revenue_etl_dag' retrieved from /opt/airflow/dags/daily_revenue_etl_dag.py
[2026-03-27T03:33:53.613+0000] {logging_mixin.py:188} INFO - [2026-03-27T03:33:53.612+0000] {dag.py:3036} INFO - Sync 1 DAGs
[2026-03-27T03:33:53.643+0000] {logging_mixin.py:188} INFO - [2026-03-27T03:33:53.643+0000] {dag.py:3823} INFO - Setting next_dagrun for daily_revenue_etl_dag to 2026-03-27 00:00:00+00:00, run_after=2026-03-28 00:00:00+00:00
[2026-03-27T03:33:53.692+0000] {processor.py:183} INFO - Processing /opt/airflow/dags/daily_revenue_etl_dag.py took 0.140 seconds
[2026-03-27T03:34:23.778+0000] {processor.py:161} INFO - Started process (PID=1050) to work on /opt/airflow/dags/daily_revenue_etl_dag.py
[2026-03-27T03:34:23.779+0000] {processor.py:830} INFO - Processing file /opt/airflow/dags/daily_revenue_etl_dag.py for tasks to queue
[2026-03-27T03:34:23.780+0000] {logging_mixin.py:188} INFO - [2026-03-27T03:34:23.780+0000] {dagbag.py:538} INFO - Filling up the DagBag from /opt/airflow/dags/daily_revenue_etl_dag.py
[2026-03-27T03:34:23.798+0000] {processor.py:840} INFO - DAG(s) 'daily_revenue_etl_dag' retrieved from /opt/airflow/dags/daily_revenue_etl_dag.py
[2026-03-27T03:34:23.823+0000] {logging_mixin.py:188} INFO - [2026-03-27T03:34:23.823+0000] {dag.py:3036} INFO - Sync 1 DAGs
[2026-03-27T03:34:23.843+0000] {logging_mixin.py:188} INFO - [2026-03-27T03:34:23.843+0000] {dag.py:3823} INFO - Setting next_dagrun for daily_revenue_etl_dag to 2026-03-27 00:00:00+00:00, run_after=2026-03-28 00:00:00+00:00
[2026-03-27T03:34:23.859+0000] {processor.py:183} INFO - Processing /opt/airflow/dags/daily_revenue_etl_dag.py took 0.085 seconds
[2026-03-27T03:34:53.984+0000] {processor.py:161} INFO - Started process (PID=1055) to work on /opt/airflow/dags/daily_revenue_etl_dag.py
[2026-03-27T03:34:53.986+0000] {processor.py:830} INFO - Processing file /opt/airflow/dags/daily_revenue_etl_dag.py for tasks to queue
[2026-03-27T03:34:53.986+0000] {logging_mixin.py:188} INFO - [2026-03-27T03:34:53.986+0000] {dagbag.py:538} INFO - Filling up the DagBag from /opt/airflow/dags/daily_revenue_etl_dag.py
[2026-03-27T03:34:54.005+0000] {processor.py:840} INFO - DAG(s) 'daily_revenue_etl_dag' retrieved from /opt/airflow/dags/daily_revenue_etl_dag.py
[2026-03-27T03:34:54.031+0000] {logging_mixin.py:188} INFO - [2026-03-27T03:34:54.030+0000] {dag.py:3036} INFO - Sync 1 DAGs
[2026-03-27T03:34:54.052+0000] {logging_mixin.py:188} INFO - [2026-03-27T03:34:54.052+0000] {dag.py:3823} INFO - Setting next_dagrun for daily_revenue_etl_dag to 2026-03-27 00:00:00+00:00, run_after=2026-03-28 00:00:00+00:00
[2026-03-27T03:34:54.069+0000] {processor.py:183} INFO - Processing /opt/airflow/dags/daily_revenue_etl_dag.py took 0.088 seconds
[2026-03-27T03:35:24.272+0000] {processor.py:161} INFO - Started process (PID=1060) to work on /opt/airflow/dags/daily_revenue_etl_dag.py
[2026-03-27T03:35:24.273+0000] {processor.py:830} INFO - Processing file /opt/airflow/dags/daily_revenue_etl_dag.py for tasks to queue
[2026-03-27T03:35:24.273+0000] {logging_mixin.py:188} INFO - [2026-03-27T03:35:24.273+0000] {dagbag.py:538} INFO - Filling up the DagBag from /opt/airflow/dags/daily_revenue_etl_dag.py
[2026-03-27T03:35:24.289+0000] {processor.py:840} INFO - DAG(s) 'daily_revenue_etl_dag' retrieved from /opt/airflow/dags/daily_revenue_etl_dag.py
[2026-03-27T03:35:24.312+0000] {logging_mixin.py:188} INFO - [2026-03-27T03:35:24.312+0000] {dag.py:3036} INFO - Sync 1 DAGs
[2026-03-27T03:35:24.331+0000] {logging_mixin.py:188} INFO - [2026-03-27T03:35:24.331+0000] {dag.py:3823} INFO - Setting next_dagrun for daily_revenue_etl_dag to 2026-03-27 00:00:00+00:00, run_after=2026-03-28 00:00:00+00:00
[2026-03-27T03:35:24.350+0000] {processor.py:183} INFO - Processing /opt/airflow/dags/daily_revenue_etl_dag.py took 0.081 seconds
[2026-03-27T03:59:00.848+0000] {processor.py:161} INFO - Started process (PID=1065) to work on /opt/airflow/dags/daily_revenue_etl_dag.py
[2026-03-27T03:59:00.849+0000] {processor.py:830} INFO - Processing file /opt/airflow/dags/daily_revenue_etl_dag.py for tasks to queue
[2026-03-27T03:59:00.850+0000] {logging_mixin.py:188} INFO - [2026-03-27T03:59:00.850+0000] {dagbag.py:538} INFO - Filling up the DagBag from /opt/airflow/dags/daily_revenue_etl_dag.py
[2026-03-27T03:59:00.867+0000] {processor.py:840} INFO - DAG(s) 'daily_revenue_etl_dag' retrieved from /opt/airflow/dags/daily_revenue_etl_dag.py
[2026-03-27T03:59:00.892+0000] {logging_mixin.py:188} INFO - [2026-03-27T03:59:00.891+0000] {dag.py:3036} INFO - Sync 1 DAGs
[2026-03-27T03:59:00.913+0000] {logging_mixin.py:188} INFO - [2026-03-27T03:59:00.913+0000] {dag.py:3823} INFO - Setting next_dagrun for daily_revenue_etl_dag to 2026-03-27 00:00:00+00:00, run_after=2026-03-28 00:00:00+00:00
[2026-03-27T03:59:00.929+0000] {processor.py:183} INFO - Processing /opt/airflow/dags/daily_revenue_etl_dag.py took 0.084 seconds
[2026-03-27T04:01:21.812+0000] {processor.py:161} INFO - Started process (PID=1070) to work on /opt/airflow/dags/daily_revenue_etl_dag.py
[2026-03-27T04:01:21.813+0000] {processor.py:830} INFO - Processing file /opt/airflow/dags/daily_revenue_etl_dag.py for tasks to queue
[2026-03-27T04:01:21.814+0000] {logging_mixin.py:188} INFO - [2026-03-27T04:01:21.814+0000] {dagbag.py:538} INFO - Filling up the DagBag from /opt/airflow/dags/daily_revenue_etl_dag.py
[2026-03-27T04:01:21.832+0000] {processor.py:840} INFO - DAG(s) 'daily_revenue_etl_dag' retrieved from /opt/airflow/dags/daily_revenue_etl_dag.py
[2026-03-27T04:01:21.855+0000] {logging_mixin.py:188} INFO - [2026-03-27T04:01:21.855+0000] {dag.py:3036} INFO - Sync 1 DAGs
[2026-03-27T04:01:21.875+0000] {logging_mixin.py:188} INFO - [2026-03-27T04:01:21.875+0000] {dag.py:3823} INFO - Setting next_dagrun for daily_revenue_etl_dag to 2026-03-27 00:00:00+00:00, run_after=2026-03-28 00:00:00+00:00
[2026-03-27T04:01:21.894+0000] {processor.py:183} INFO - Processing /opt/airflow/dags/daily_revenue_etl_dag.py took 0.085 seconds
[2026-03-27T03:38:19.507+0000] {processor.py:161} INFO - Started process (PID=1075) to work on /opt/airflow/dags/daily_revenue_etl_dag.py
[2026-03-27T03:38:19.508+0000] {processor.py:830} INFO - Processing file /opt/airflow/dags/daily_revenue_etl_dag.py for tasks to queue
[2026-03-27T03:38:19.509+0000] {logging_mixin.py:188} INFO - [2026-03-27T03:38:19.509+0000] {dagbag.py:538} INFO - Filling up the DagBag from /opt/airflow/dags/daily_revenue_etl_dag.py
[2026-03-27T03:38:19.530+0000] {processor.py:840} INFO - DAG(s) 'daily_revenue_etl_dag' retrieved from /opt/airflow/dags/daily_revenue_etl_dag.py
[2026-03-27T03:38:19.556+0000] {logging_mixin.py:188} INFO - [2026-03-27T03:38:19.556+0000] {dag.py:3036} INFO - Sync 1 DAGs
[2026-03-27T03:38:19.576+0000] {logging_mixin.py:188} INFO - [2026-03-27T03:38:19.575+0000] {dag.py:3823} INFO - Setting next_dagrun for daily_revenue_etl_dag to 2026-03-27 00:00:00+00:00, run_after=2026-03-28 00:00:00+00:00
[2026-03-27T03:38:19.594+0000] {processor.py:183} INFO - Processing /opt/airflow/dags/daily_revenue_etl_dag.py took 0.090 seconds
[2026-03-27T04:01:56.142+0000] {processor.py:161} INFO - Started process (PID=1080) to work on /opt/airflow/dags/daily_revenue_etl_dag.py
[2026-03-27T04:01:56.143+0000] {processor.py:830} INFO - Processing file /opt/airflow/dags/daily_revenue_etl_dag.py for tasks to queue
[2026-03-27T04:01:56.144+0000] {logging_mixin.py:188} INFO - [2026-03-27T04:01:56.144+0000] {dagbag.py:538} INFO - Filling up the DagBag from /opt/airflow/dags/daily_revenue_etl_dag.py
[2026-03-27T04:01:56.160+0000] {processor.py:840} INFO - DAG(s) 'daily_revenue_etl_dag' retrieved from /opt/airflow/dags/daily_revenue_etl_dag.py
[2026-03-27T04:01:56.187+0000] {logging_mixin.py:188} INFO - [2026-03-27T04:01:56.187+0000] {dag.py:3036} INFO - Sync 1 DAGs
[2026-03-27T04:01:56.207+0000] {logging_mixin.py:188} INFO - [2026-03-27T04:01:56.207+0000] {dag.py:3823} INFO - Setting next_dagrun for daily_revenue_etl_dag to 2026-03-27 00:00:00+00:00, run_after=2026-03-28 00:00:00+00:00
[2026-03-27T04:01:56.223+0000] {processor.py:183} INFO - Processing /opt/airflow/dags/daily_revenue_etl_dag.py took 0.084 seconds
[2026-03-27T04:02:26.373+0000] {processor.py:161} INFO - Started process (PID=1085) to work on /opt/airflow/dags/daily_revenue_etl_dag.py
[2026-03-27T04:02:26.375+0000] {processor.py:830} INFO - Processing file /opt/airflow/dags/daily_revenue_etl_dag.py for tasks to queue
[2026-03-27T03:38:53.873+0000] {logging_mixin.py:188} INFO - [2026-03-27T03:38:53.872+0000] {dagbag.py:538} INFO - Filling up the DagBag from /opt/airflow/dags/daily_revenue_etl_dag.py
[2026-03-27T03:38:53.892+0000] {processor.py:840} INFO - DAG(s) 'daily_revenue_etl_dag' retrieved from /opt/airflow/dags/daily_revenue_etl_dag.py
[2026-03-27T03:38:53.916+0000] {logging_mixin.py:188} INFO - [2026-03-27T03:38:53.916+0000] {dag.py:3036} INFO - Sync 1 DAGs
[2026-03-27T03:38:53.935+0000] {logging_mixin.py:188} INFO - [2026-03-27T03:38:53.935+0000] {dag.py:3823} INFO - Setting next_dagrun for daily_revenue_etl_dag to 2026-03-27 00:00:00+00:00, run_after=2026-03-28 00:00:00+00:00
[2026-03-27T03:38:53.951+0000] {processor.py:183} INFO - Processing /opt/airflow/dags/daily_revenue_etl_dag.py took 0.083 seconds
[2026-03-27T03:39:24.082+0000] {processor.py:161} INFO - Started process (PID=1092) to work on /opt/airflow/dags/daily_revenue_etl_dag.py
[2026-03-27T03:39:24.083+0000] {processor.py:830} INFO - Processing file /opt/airflow/dags/daily_revenue_etl_dag.py for tasks to queue
[2026-03-27T03:39:24.085+0000] {logging_mixin.py:188} INFO - [2026-03-27T03:39:24.084+0000] {dagbag.py:538} INFO - Filling up the DagBag from /opt/airflow/dags/daily_revenue_etl_dag.py
[2026-03-27T03:39:24.106+0000] {processor.py:840} INFO - DAG(s) 'daily_revenue_etl_dag' retrieved from /opt/airflow/dags/daily_revenue_etl_dag.py
[2026-03-27T03:39:24.131+0000] {logging_mixin.py:188} INFO - [2026-03-27T03:39:24.131+0000] {dag.py:3036} INFO - Sync 1 DAGs
[2026-03-27T03:39:24.152+0000] {logging_mixin.py:188} INFO - [2026-03-27T03:39:24.152+0000] {dag.py:3823} INFO - Setting next_dagrun for daily_revenue_etl_dag to 2026-03-27 00:00:00+00:00, run_after=2026-03-28 00:00:00+00:00
[2026-03-27T03:39:24.171+0000] {processor.py:183} INFO - Processing /opt/airflow/dags/daily_revenue_etl_dag.py took 0.093 seconds
[2026-03-27T04:03:21.829+0000] {processor.py:161} INFO - Started process (PID=1097) to work on /opt/airflow/dags/daily_revenue_etl_dag.py
[2026-03-27T04:03:21.830+0000] {processor.py:830} INFO - Processing file /opt/airflow/dags/daily_revenue_etl_dag.py for tasks to queue
[2026-03-27T04:03:21.832+0000] {logging_mixin.py:188} INFO - [2026-03-27T04:03:21.831+0000] {dagbag.py:538} INFO - Filling up the DagBag from /opt/airflow/dags/daily_revenue_etl_dag.py
[2026-03-27T04:03:21.852+0000] {processor.py:840} INFO - DAG(s) 'daily_revenue_etl_dag' retrieved from /opt/airflow/dags/daily_revenue_etl_dag.py
[2026-03-27T04:03:21.885+0000] {logging_mixin.py:188} INFO - [2026-03-27T04:03:21.884+0000] {dag.py:3036} INFO - Sync 1 DAGs
[2026-03-27T04:03:21.910+0000] {logging_mixin.py:188} INFO - [2026-03-27T04:03:21.909+0000] {dag.py:3823} INFO - Setting next_dagrun for daily_revenue_etl_dag to 2026-03-27 00:00:00+00:00, run_after=2026-03-28 00:00:00+00:00
[2026-03-27T04:03:21.938+0000] {processor.py:183} INFO - Processing /opt/airflow/dags/daily_revenue_etl_dag.py took 0.113 seconds
[2026-03-27T03:40:19.534+0000] {processor.py:161} INFO - Started process (PID=1102) to work on /opt/airflow/dags/daily_revenue_etl_dag.py
[2026-03-27T03:40:19.537+0000] {processor.py:830} INFO - Processing file /opt/airflow/dags/daily_revenue_etl_dag.py for tasks to queue
[2026-03-27T03:40:19.539+0000] {logging_mixin.py:188} INFO - [2026-03-27T03:40:19.538+0000] {dagbag.py:538} INFO - Filling up the DagBag from /opt/airflow/dags/daily_revenue_etl_dag.py
[2026-03-27T03:40:19.579+0000] {processor.py:840} INFO - DAG(s) 'daily_revenue_etl_dag' retrieved from /opt/airflow/dags/daily_revenue_etl_dag.py
[2026-03-27T03:40:19.631+0000] {logging_mixin.py:188} INFO - [2026-03-27T03:40:19.631+0000] {dag.py:3036} INFO - Sync 1 DAGs
[2026-03-27T03:40:19.667+0000] {logging_mixin.py:188} INFO - [2026-03-27T03:40:19.666+0000] {dag.py:3823} INFO - Setting next_dagrun for daily_revenue_etl_dag to 2026-03-27 00:00:00+00:00, run_after=2026-03-28 00:00:00+00:00
[2026-03-27T03:40:19.696+0000] {processor.py:183} INFO - Processing /opt/airflow/dags/daily_revenue_etl_dag.py took 0.170 seconds
[2026-03-27T03:40:49.819+0000] {processor.py:161} INFO - Started process (PID=1107) to work on /opt/airflow/dags/daily_revenue_etl_dag.py
[2026-03-27T03:40:49.820+0000] {processor.py:830} INFO - Processing file /opt/airflow/dags/daily_revenue_etl_dag.py for tasks to queue
[2026-03-27T03:40:49.821+0000] {logging_mixin.py:188} INFO - [2026-03-27T03:40:49.820+0000] {dagbag.py:538} INFO - Filling up the DagBag from /opt/airflow/dags/daily_revenue_etl_dag.py
[2026-03-27T03:40:49.840+0000] {processor.py:840} INFO - DAG(s) 'daily_revenue_etl_dag' retrieved from /opt/airflow/dags/daily_revenue_etl_dag.py
[2026-03-27T03:40:49.866+0000] {logging_mixin.py:188} INFO - [2026-03-27T03:40:49.865+0000] {dag.py:3036} INFO - Sync 1 DAGs
[2026-03-27T03:40:49.884+0000] {logging_mixin.py:188} INFO - [2026-03-27T03:40:49.884+0000] {dag.py:3823} INFO - Setting next_dagrun for daily_revenue_etl_dag to 2026-03-27 00:00:00+00:00, run_after=2026-03-28 00:00:00+00:00
[2026-03-27T03:40:49.900+0000] {processor.py:183} INFO - Processing /opt/airflow/dags/daily_revenue_etl_dag.py took 0.084 seconds
[2026-03-27T04:04:26.415+0000] {processor.py:161} INFO - Started process (PID=1112) to work on /opt/airflow/dags/daily_revenue_etl_dag.py
[2026-03-27T04:04:26.416+0000] {processor.py:830} INFO - Processing file /opt/airflow/dags/daily_revenue_etl_dag.py for tasks to queue
[2026-03-27T04:04:26.417+0000] {logging_mixin.py:188} INFO - [2026-03-27T04:04:26.417+0000] {dagbag.py:538} INFO - Filling up the DagBag from /opt/airflow/dags/daily_revenue_etl_dag.py
[2026-03-27T04:04:26.433+0000] {processor.py:840} INFO - DAG(s) 'daily_revenue_etl_dag' retrieved from /opt/airflow/dags/daily_revenue_etl_dag.py
[2026-03-27T04:04:26.455+0000] {logging_mixin.py:188} INFO - [2026-03-27T04:04:26.455+0000] {dag.py:3036} INFO - Sync 1 DAGs
[2026-03-27T04:04:26.477+0000] {logging_mixin.py:188} INFO - [2026-03-27T04:04:26.477+0000] {dag.py:3823} INFO - Setting next_dagrun for daily_revenue_etl_dag to 2026-03-27 00:00:00+00:00, run_after=2026-03-28 00:00:00+00:00
[2026-03-27T04:04:26.498+0000] {processor.py:183} INFO - Processing /opt/airflow/dags/daily_revenue_etl_dag.py took 0.086 seconds
[2026-03-27T03:41:24.140+0000] {processor.py:161} INFO - Started process (PID=1117) to work on /opt/airflow/dags/daily_revenue_etl_dag.py
[2026-03-27T03:41:24.141+0000] {processor.py:830} INFO - Processing file /opt/airflow/dags/daily_revenue_etl_dag.py for tasks to queue
[2026-03-27T03:41:24.142+0000] {logging_mixin.py:188} INFO - [2026-03-27T03:41:24.142+0000] {dagbag.py:538} INFO - Filling up the DagBag from /opt/airflow/dags/daily_revenue_etl_dag.py
[2026-03-27T03:41:24.161+0000] {processor.py:840} INFO - DAG(s) 'daily_revenue_etl_dag' retrieved from /opt/airflow/dags/daily_revenue_etl_dag.py
[2026-03-27T03:41:24.184+0000] {logging_mixin.py:188} INFO - [2026-03-27T03:41:24.183+0000] {dag.py:3036} INFO - Sync 1 DAGs
[2026-03-27T03:41:24.203+0000] {logging_mixin.py:188} INFO - [2026-03-27T03:41:24.203+0000] {dag.py:3823} INFO - Setting next_dagrun for daily_revenue_etl_dag to 2026-03-27 00:00:00+00:00, run_after=2026-03-28 00:00:00+00:00
[2026-03-27T03:41:24.219+0000] {processor.py:183} INFO - Processing /opt/airflow/dags/daily_revenue_etl_dag.py took 0.083 seconds
[2026-03-27T04:05:21.846+0000] {processor.py:161} INFO - Started process (PID=1122) to work on /opt/airflow/dags/daily_revenue_etl_dag.py
[2026-03-27T04:05:21.847+0000] {processor.py:830} INFO - Processing file /opt/airflow/dags/daily_revenue_etl_dag.py for tasks to queue
[2026-03-27T04:05:21.848+0000] {logging_mixin.py:188} INFO - [2026-03-27T04:05:21.847+0000] {dagbag.py:538} INFO - Filling up the DagBag from /opt/airflow/dags/daily_revenue_etl_dag.py
[2026-03-27T04:05:21.867+0000] {processor.py:840} INFO - DAG(s) 'daily_revenue_etl_dag' retrieved from /opt/airflow/dags/daily_revenue_etl_dag.py
[2026-03-27T04:05:21.892+0000] {logging_mixin.py:188} INFO - [2026-03-27T04:05:21.892+0000] {dag.py:3036} INFO - Sync 1 DAGs
[2026-03-27T04:05:21.914+0000] {logging_mixin.py:188} INFO - [2026-03-27T04:05:21.914+0000] {dag.py:3823} INFO - Setting next_dagrun for daily_revenue_etl_dag to 2026-03-27 00:00:00+00:00, run_after=2026-03-28 00:00:00+00:00
[2026-03-27T04:05:21.936+0000] {processor.py:183} INFO - Processing /opt/airflow/dags/daily_revenue_etl_dag.py took 0.093 seconds
[2026-03-27T04:07:41.726+0000] {processor.py:161} INFO - Started process (PID=1127) to work on /opt/airflow/dags/daily_revenue_etl_dag.py
[2026-03-27T04:07:41.727+0000] {processor.py:830} INFO - Processing file /opt/airflow/dags/daily_revenue_etl_dag.py for tasks to queue
[2026-03-27T04:07:41.728+0000] {logging_mixin.py:188} INFO - [2026-03-27T04:07:41.727+0000] {dagbag.py:538} INFO - Filling up the DagBag from /opt/airflow/dags/daily_revenue_etl_dag.py
[2026-03-27T04:07:41.747+0000] {processor.py:840} INFO - DAG(s) 'daily_revenue_etl_dag' retrieved from /opt/airflow/dags/daily_revenue_etl_dag.py
[2026-03-27T04:07:41.776+0000] {logging_mixin.py:188} INFO - [2026-03-27T04:07:41.776+0000] {dag.py:3036} INFO - Sync 1 DAGs
[2026-03-27T04:07:41.798+0000] {logging_mixin.py:188} INFO - [2026-03-27T04:07:41.798+0000] {dag.py:3823} INFO - Setting next_dagrun for daily_revenue_etl_dag to 2026-03-27 00:00:00+00:00, run_after=2026-03-28 00:00:00+00:00
[2026-03-27T04:07:41.817+0000] {processor.py:183} INFO - Processing /opt/airflow/dags/daily_revenue_etl_dag.py took 0.095 seconds
[2026-03-27T04:08:11.914+0000] {processor.py:161} INFO - Started process (PID=1133) to work on /opt/airflow/dags/daily_revenue_etl_dag.py
[2026-03-27T04:08:11.915+0000] {processor.py:830} INFO - Processing file /opt/airflow/dags/daily_revenue_etl_dag.py for tasks to queue
[2026-03-27T04:08:11.916+0000] {logging_mixin.py:188} INFO - [2026-03-27T04:08:11.915+0000] {dagbag.py:538} INFO - Filling up the DagBag from /opt/airflow/dags/daily_revenue_etl_dag.py
[2026-03-27T04:08:11.932+0000] {processor.py:840} INFO - DAG(s) 'daily_revenue_etl_dag' retrieved from /opt/airflow/dags/daily_revenue_etl_dag.py
[2026-03-27T03:44:39.464+0000] {logging_mixin.py:188} INFO - [2026-03-27T03:44:39.464+0000] {dag.py:3036} INFO - Sync 1 DAGs
[2026-03-27T03:44:39.485+0000] {logging_mixin.py:188} INFO - [2026-03-27T03:44:39.485+0000] {dag.py:3823} INFO - Setting next_dagrun for daily_revenue_etl_dag to 2026-03-27 00:00:00+00:00, run_after=2026-03-28 00:00:00+00:00
[2026-03-27T03:44:39.504+0000] {processor.py:183} INFO - Processing /opt/airflow/dags/daily_revenue_etl_dag.py took 0.091 seconds
[2026-03-27T03:45:09.691+0000] {processor.py:161} INFO - Started process (PID=1138) to work on /opt/airflow/dags/daily_revenue_etl_dag.py
[2026-03-27T03:45:09.692+0000] {processor.py:830} INFO - Processing file /opt/airflow/dags/daily_revenue_etl_dag.py for tasks to queue
[2026-03-27T03:45:09.693+0000] {logging_mixin.py:188} INFO - [2026-03-27T03:45:09.693+0000] {dagbag.py:538} INFO - Filling up the DagBag from /opt/airflow/dags/daily_revenue_etl_dag.py
[2026-03-27T03:45:09.712+0000] {processor.py:840} INFO - DAG(s) 'daily_revenue_etl_dag' retrieved from /opt/airflow/dags/daily_revenue_etl_dag.py
[2026-03-27T03:45:09.736+0000] {logging_mixin.py:188} INFO - [2026-03-27T03:45:09.735+0000] {dag.py:3036} INFO - Sync 1 DAGs
[2026-03-27T03:45:09.756+0000] {logging_mixin.py:188} INFO - [2026-03-27T03:45:09.756+0000] {dag.py:3823} INFO - Setting next_dagrun for daily_revenue_etl_dag to 2026-03-27 00:00:00+00:00, run_after=2026-03-28 00:00:00+00:00
[2026-03-27T03:45:09.775+0000] {processor.py:183} INFO - Processing /opt/airflow/dags/daily_revenue_etl_dag.py took 0.087 seconds
[2026-03-27T03:45:39.911+0000] {processor.py:161} INFO - Started process (PID=1143) to work on /opt/airflow/dags/daily_revenue_etl_dag.py
[2026-03-27T03:45:39.912+0000] {processor.py:830} INFO - Processing file /opt/airflow/dags/daily_revenue_etl_dag.py for tasks to queue
[2026-03-27T03:45:39.913+0000] {logging_mixin.py:188} INFO - [2026-03-27T03:45:39.912+0000] {dagbag.py:538} INFO - Filling up the DagBag from /opt/airflow/dags/daily_revenue_etl_dag.py
[2026-03-27T03:45:39.931+0000] {processor.py:840} INFO - DAG(s) 'daily_revenue_etl_dag' retrieved from /opt/airflow/dags/daily_revenue_etl_dag.py
[2026-03-27T03:45:39.958+0000] {logging_mixin.py:188} INFO - [2026-03-27T03:45:39.958+0000] {dag.py:3036} INFO - Sync 1 DAGs
[2026-03-27T03:45:39.982+0000] {logging_mixin.py:188} INFO - [2026-03-27T03:45:39.981+0000] {dag.py:3823} INFO - Setting next_dagrun for daily_revenue_etl_dag to 2026-03-27 00:00:00+00:00, run_after=2026-03-28 00:00:00+00:00
[2026-03-27T03:45:40.001+0000] {processor.py:183} INFO - Processing /opt/airflow/dags/daily_revenue_etl_dag.py took 0.094 seconds
[2026-03-27T03:46:10.124+0000] {processor.py:161} INFO - Started process (PID=1148) to work on /opt/airflow/dags/daily_revenue_etl_dag.py
[2026-03-27T03:46:10.125+0000] {processor.py:830} INFO - Processing file /opt/airflow/dags/daily_revenue_etl_dag.py for tasks to queue
[2026-03-27T03:46:10.126+0000] {logging_mixin.py:188} INFO - [2026-03-27T03:46:10.126+0000] {dagbag.py:538} INFO - Filling up the DagBag from /opt/airflow/dags/daily_revenue_etl_dag.py
[2026-03-27T03:46:10.144+0000] {processor.py:840} INFO - DAG(s) 'daily_revenue_etl_dag' retrieved from /opt/airflow/dags/daily_revenue_etl_dag.py
[2026-03-27T03:46:10.167+0000] {logging_mixin.py:188} INFO - [2026-03-27T03:46:10.167+0000] {dag.py:3036} INFO - Sync 1 DAGs
[2026-03-27T03:46:10.189+0000] {logging_mixin.py:188} INFO - [2026-03-27T03:46:10.189+0000] {dag.py:3823} INFO - Setting next_dagrun for daily_revenue_etl_dag to 2026-03-27 00:00:00+00:00, run_after=2026-03-28 00:00:00+00:00
[2026-03-27T03:46:10.206+0000] {processor.py:183} INFO - Processing /opt/airflow/dags/daily_revenue_etl_dag.py took 0.084 seconds
[2026-03-27T03:46:40.364+0000] {processor.py:161} INFO - Started process (PID=1154) to work on /opt/airflow/dags/daily_revenue_etl_dag.py
[2026-03-27T03:46:40.365+0000] {processor.py:830} INFO - Processing file /opt/airflow/dags/daily_revenue_etl_dag.py for tasks to queue
[2026-03-27T03:46:40.366+0000] {logging_mixin.py:188} INFO - [2026-03-27T03:46:40.366+0000] {dagbag.py:538} INFO - Filling up the DagBag from /opt/airflow/dags/daily_revenue_etl_dag.py
[2026-03-27T03:46:40.382+0000] {processor.py:840} INFO - DAG(s) 'daily_revenue_etl_dag' retrieved from /opt/airflow/dags/daily_revenue_etl_dag.py
[2026-03-27T03:46:40.406+0000] {logging_mixin.py:188} INFO - [2026-03-27T03:46:40.405+0000] {dag.py:3036} INFO - Sync 1 DAGs
[2026-03-27T03:46:40.426+0000] {logging_mixin.py:188} INFO - [2026-03-27T03:46:40.426+0000] {dag.py:3823} INFO - Setting next_dagrun for daily_revenue_etl_dag to 2026-03-27 00:00:00+00:00, run_after=2026-03-28 00:00:00+00:00
[2026-03-27T03:46:40.443+0000] {processor.py:183} INFO - Processing /opt/airflow/dags/daily_revenue_etl_dag.py took 0.083 seconds
[2026-03-27T04:10:21.954+0000] {processor.py:161} INFO - Started process (PID=1159) to work on /opt/airflow/dags/daily_revenue_etl_dag.py
[2026-03-27T04:10:21.955+0000] {processor.py:830} INFO - Processing file /opt/airflow/dags/daily_revenue_etl_dag.py for tasks to queue
[2026-03-27T04:10:21.956+0000] {logging_mixin.py:188} INFO - [2026-03-27T04:10:21.956+0000] {dagbag.py:538} INFO - Filling up the DagBag from /opt/airflow/dags/daily_revenue_etl_dag.py
[2026-03-27T04:10:21.975+0000] {processor.py:840} INFO - DAG(s) 'daily_revenue_etl_dag' retrieved from /opt/airflow/dags/daily_revenue_etl_dag.py
[2026-03-27T04:10:21.997+0000] {logging_mixin.py:188} INFO - [2026-03-27T04:10:21.996+0000] {dag.py:3036} INFO - Sync 1 DAGs
[2026-03-27T04:10:22.014+0000] {logging_mixin.py:188} INFO - [2026-03-27T04:10:22.014+0000] {dag.py:3823} INFO - Setting next_dagrun for daily_revenue_etl_dag to 2026-03-27 00:00:00+00:00, run_after=2026-03-28 00:00:00+00:00
[2026-03-27T04:10:22.029+0000] {processor.py:183} INFO - Processing /opt/airflow/dags/daily_revenue_etl_dag.py took 0.078 seconds
[2026-03-27T04:10:57.216+0000] {processor.py:161} INFO - Started process (PID=1165) to work on /opt/airflow/dags/daily_revenue_etl_dag.py
[2026-03-27T04:10:57.217+0000] {processor.py:830} INFO - Processing file /opt/airflow/dags/daily_revenue_etl_dag.py for tasks to queue
[2026-03-27T04:10:57.217+0000] {logging_mixin.py:188} INFO - [2026-03-27T04:10:57.217+0000] {dagbag.py:538} INFO - Filling up the DagBag from /opt/airflow/dags/daily_revenue_etl_dag.py
[2026-03-27T04:10:57.233+0000] {processor.py:840} INFO - DAG(s) 'daily_revenue_etl_dag' retrieved from /opt/airflow/dags/daily_revenue_etl_dag.py
[2026-03-27T04:10:57.255+0000] {logging_mixin.py:188} INFO - [2026-03-27T04:10:57.255+0000] {dag.py:3036} INFO - Sync 1 DAGs
[2026-03-27T03:47:24.784+0000] {logging_mixin.py:188} INFO - [2026-03-27T03:47:24.784+0000] {dag.py:3823} INFO - Setting next_dagrun for daily_revenue_etl_dag to 2026-03-27 00:00:00+00:00, run_after=2026-03-28 00:00:00+00:00
[2026-03-27T03:47:24.799+0000] {processor.py:183} INFO - Processing /opt/airflow/dags/daily_revenue_etl_dag.py took 0.076 seconds
[2026-03-27T04:11:02.257+0000] {processor.py:161} INFO - Started process (PID=1170) to work on /opt/airflow/dags/daily_revenue_etl_dag.py
[2026-03-27T04:11:02.258+0000] {processor.py:830} INFO - Processing file /opt/airflow/dags/daily_revenue_etl_dag.py for tasks to queue
[2026-03-27T04:11:02.259+0000] {logging_mixin.py:188} INFO - [2026-03-27T04:11:02.259+0000] {dagbag.py:538} INFO - Filling up the DagBag from /opt/airflow/dags/daily_revenue_etl_dag.py
[2026-03-27T03:47:29.785+0000] {processor.py:840} INFO - DAG(s) 'daily_revenue_etl_dag' retrieved from /opt/airflow/dags/daily_revenue_etl_dag.py
[2026-03-27T03:47:29.806+0000] {logging_mixin.py:188} INFO - [2026-03-27T03:47:29.806+0000] {dag.py:3036} INFO - Sync 1 DAGs
[2026-03-27T03:47:29.830+0000] {logging_mixin.py:188} INFO - [2026-03-27T03:47:29.830+0000] {dag.py:3823} INFO - Setting next_dagrun for daily_revenue_etl_dag to 2026-03-27 00:00:00+00:00, run_after=2026-03-28 00:00:00+00:00
[2026-03-27T03:47:29.847+0000] {processor.py:183} INFO - Processing /opt/airflow/dags/daily_revenue_etl_dag.py took 0.084 seconds
[2026-03-27T03:48:00.004+0000] {processor.py:161} INFO - Started process (PID=1176) to work on /opt/airflow/dags/daily_revenue_etl_dag.py
[2026-03-27T03:48:00.005+0000] {processor.py:830} INFO - Processing file /opt/airflow/dags/daily_revenue_etl_dag.py for tasks to queue
[2026-03-27T03:48:00.006+0000] {logging_mixin.py:188} INFO - [2026-03-27T03:48:00.006+0000] {dagbag.py:538} INFO - Filling up the DagBag from /opt/airflow/dags/daily_revenue_etl_dag.py
[2026-03-27T03:48:00.024+0000] {processor.py:840} INFO - DAG(s) 'daily_revenue_etl_dag' retrieved from /opt/airflow/dags/daily_revenue_etl_dag.py
[2026-03-27T03:48:00.045+0000] {logging_mixin.py:188} INFO - [2026-03-27T03:48:00.045+0000] {dag.py:3036} INFO - Sync 1 DAGs
[2026-03-27T03:48:00.063+0000] {logging_mixin.py:188} INFO - [2026-03-27T03:48:00.063+0000] {dag.py:3823} INFO - Setting next_dagrun for daily_revenue_etl_dag to 2026-03-27 00:00:00+00:00, run_after=2026-03-28 00:00:00+00:00
[2026-03-27T03:48:00.078+0000] {processor.py:183} INFO - Processing /opt/airflow/dags/daily_revenue_etl_dag.py took 0.076 seconds
[2026-03-27T03:48:30.181+0000] {processor.py:161} INFO - Started process (PID=1181) to work on /opt/airflow/dags/daily_revenue_etl_dag.py
[2026-03-27T03:48:30.182+0000] {processor.py:830} INFO - Processing file /opt/airflow/dags/daily_revenue_etl_dag.py for tasks to queue
[2026-03-27T03:48:30.183+0000] {logging_mixin.py:188} INFO - [2026-03-27T03:48:30.183+0000] {dagbag.py:538} INFO - Filling up the DagBag from /opt/airflow/dags/daily_revenue_etl_dag.py
[2026-03-27T03:48:30.200+0000] {processor.py:840} INFO - DAG(s) 'daily_revenue_etl_dag' retrieved from /opt/airflow/dags/daily_revenue_etl_dag.py
[2026-03-27T03:48:30.220+0000] {logging_mixin.py:188} INFO - [2026-03-27T03:48:30.220+0000] {dag.py:3036} INFO - Sync 1 DAGs
[2026-03-27T03:48:30.238+0000] {logging_mixin.py:188} INFO - [2026-03-27T03:48:30.238+0000] {dag.py:3823} INFO - Setting next_dagrun for daily_revenue_etl_dag to 2026-03-27 00:00:00+00:00, run_after=2026-03-28 00:00:00+00:00
[2026-03-27T03:48:30.254+0000] {processor.py:183} INFO - Processing /opt/airflow/dags/daily_revenue_etl_dag.py took 0.080 seconds
[2026-03-27T03:49:00.437+0000] {processor.py:161} INFO - Started process (PID=1186) to work on /opt/airflow/dags/daily_revenue_etl_dag.py
[2026-03-27T03:49:00.438+0000] {processor.py:830} INFO - Processing file /opt/airflow/dags/daily_revenue_etl_dag.py for tasks to queue
[2026-03-27T03:49:00.439+0000] {logging_mixin.py:188} INFO - [2026-03-27T03:49:00.439+0000] {dagbag.py:538} INFO - Filling up the DagBag from /opt/airflow/dags/daily_revenue_etl_dag.py
[2026-03-27T03:49:00.456+0000] {processor.py:840} INFO - DAG(s) 'daily_revenue_etl_dag' retrieved from /opt/airflow/dags/daily_revenue_etl_dag.py
[2026-03-27T03:49:00.477+0000] {logging_mixin.py:188} INFO - [2026-03-27T03:49:00.477+0000] {dag.py:3036} INFO - Sync 1 DAGs
[2026-03-27T03:49:00.495+0000] {logging_mixin.py:188} INFO - [2026-03-27T03:49:00.495+0000] {dag.py:3823} INFO - Setting next_dagrun for daily_revenue_etl_dag to 2026-03-27 00:00:00+00:00, run_after=2026-03-28 00:00:00+00:00
[2026-03-27T03:49:00.512+0000] {processor.py:183} INFO - Processing /opt/airflow/dags/daily_revenue_etl_dag.py took 0.077 seconds
[2026-03-27T04:12:52.057+0000] {processor.py:161} INFO - Started process (PID=1191) to work on /opt/airflow/dags/daily_revenue_etl_dag.py
[2026-03-27T04:12:52.059+0000] {processor.py:830} INFO - Processing file /opt/airflow/dags/daily_revenue_etl_dag.py for tasks to queue
[2026-03-27T04:12:52.060+0000] {logging_mixin.py:188} INFO - [2026-03-27T04:12:52.059+0000] {dagbag.py:538} INFO - Filling up the DagBag from /opt/airflow/dags/daily_revenue_etl_dag.py
[2026-03-27T03:49:19.588+0000] {processor.py:840} INFO - DAG(s) 'daily_revenue_etl_dag' retrieved from /opt/airflow/dags/daily_revenue_etl_dag.py
[2026-03-27T03:49:19.616+0000] {logging_mixin.py:188} INFO - [2026-03-27T03:49:19.615+0000] {dag.py:3036} INFO - Sync 1 DAGs
[2026-03-27T03:49:19.641+0000] {logging_mixin.py:188} INFO - [2026-03-27T03:49:19.641+0000] {dag.py:3823} INFO - Setting next_dagrun for daily_revenue_etl_dag to 2026-03-27 00:00:00+00:00, run_after=2026-03-28 00:00:00+00:00
[2026-03-27T03:49:19.656+0000] {processor.py:183} INFO - Processing /opt/airflow/dags/daily_revenue_etl_dag.py took 0.090 seconds
[2026-03-27T04:13:22.350+0000] {processor.py:161} INFO - Started process (PID=1196) to work on /opt/airflow/dags/daily_revenue_etl_dag.py
[2026-03-27T04:13:22.351+0000] {processor.py:830} INFO - Processing file /opt/airflow/dags/daily_revenue_etl_dag.py for tasks to queue
[2026-03-27T04:13:22.352+0000] {logging_mixin.py:188} INFO - [2026-03-27T04:13:22.352+0000] {dagbag.py:538} INFO - Filling up the DagBag from /opt/airflow/dags/daily_revenue_etl_dag.py
[2026-03-27T04:13:22.368+0000] {processor.py:840} INFO - DAG(s) 'daily_revenue_etl_dag' retrieved from /opt/airflow/dags/daily_revenue_etl_dag.py
[2026-03-27T04:13:22.388+0000] {logging_mixin.py:188} INFO - [2026-03-27T04:13:22.388+0000] {dag.py:3036} INFO - Sync 1 DAGs
[2026-03-27T04:13:22.404+0000] {logging_mixin.py:188} INFO - [2026-03-27T04:13:22.404+0000] {dag.py:3823} INFO - Setting next_dagrun for daily_revenue_etl_dag to 2026-03-27 00:00:00+00:00, run_after=2026-03-28 00:00:00+00:00
[2026-03-27T04:13:22.418+0000] {processor.py:183} INFO - Processing /opt/airflow/dags/daily_revenue_etl_dag.py took 0.070 seconds
[2026-03-27T04:13:52.555+0000] {processor.py:161} INFO - Started process (PID=1201) to work on /opt/airflow/dags/daily_revenue_etl_dag.py
[2026-03-27T04:13:52.556+0000] {processor.py:830} INFO - Processing file /opt/airflow/dags/daily_revenue_etl_dag.py for tasks to queue
[2026-03-27T04:13:52.557+0000] {logging_mixin.py:188} INFO - [2026-03-27T04:13:52.557+0000] {dagbag.py:538} INFO - Filling up the DagBag from /opt/airflow/dags/daily_revenue_etl_dag.py
[2026-03-27T04:13:52.576+0000] {processor.py:840} INFO - DAG(s) 'daily_revenue_etl_dag' retrieved from /opt/airflow/dags/daily_revenue_etl_dag.py
[2026-03-27T03:50:20.093+0000] {logging_mixin.py:188} INFO - [2026-03-27T03:50:20.093+0000] {dag.py:3036} INFO - Sync 1 DAGs
[2026-03-27T03:50:20.114+0000] {logging_mixin.py:188} INFO - [2026-03-27T03:50:20.113+0000] {dag.py:3823} INFO - Setting next_dagrun for daily_revenue_etl_dag to 2026-03-27 00:00:00+00:00, run_after=2026-03-28 00:00:00+00:00
[2026-03-27T03:50:20.132+0000] {processor.py:183} INFO - Processing /opt/airflow/dags/daily_revenue_etl_dag.py took 0.085 seconds
[2026-03-27T03:50:50.288+0000] {processor.py:161} INFO - Started process (PID=1206) to work on /opt/airflow/dags/daily_revenue_etl_dag.py
[2026-03-27T03:50:50.290+0000] {processor.py:830} INFO - Processing file /opt/airflow/dags/daily_revenue_etl_dag.py for tasks to queue
[2026-03-27T03:50:50.291+0000] {logging_mixin.py:188} INFO - [2026-03-27T03:50:50.291+0000] {dagbag.py:538} INFO - Filling up the DagBag from /opt/airflow/dags/daily_revenue_etl_dag.py
[2026-03-27T03:50:50.314+0000] {processor.py:840} INFO - DAG(s) 'daily_revenue_etl_dag' retrieved from /opt/airflow/dags/daily_revenue_etl_dag.py
[2026-03-27T03:50:50.344+0000] {logging_mixin.py:188} INFO - [2026-03-27T03:50:50.344+0000] {dag.py:3036} INFO - Sync 1 DAGs
[2026-03-27T03:50:50.366+0000] {logging_mixin.py:188} INFO - [2026-03-27T03:50:50.366+0000] {dag.py:3823} INFO - Setting next_dagrun for daily_revenue_etl_dag to 2026-03-27 00:00:00+00:00, run_after=2026-03-28 00:00:00+00:00
[2026-03-27T03:50:50.384+0000] {processor.py:183} INFO - Processing /opt/airflow/dags/daily_revenue_etl_dag.py took 0.100 seconds
[2026-03-27T04:14:52.006+0000] {processor.py:161} INFO - Started process (PID=1211) to work on /opt/airflow/dags/daily_revenue_etl_dag.py
[2026-03-27T04:14:52.007+0000] {processor.py:830} INFO - Processing file /opt/airflow/dags/daily_revenue_etl_dag.py for tasks to queue
[2026-03-27T04:14:52.008+0000] {logging_mixin.py:188} INFO - [2026-03-27T04:14:52.008+0000] {dagbag.py:538} INFO - Filling up the DagBag from /opt/airflow/dags/daily_revenue_etl_dag.py
[2026-03-27T04:14:52.031+0000] {processor.py:840} INFO - DAG(s) 'daily_revenue_etl_dag' retrieved from /opt/airflow/dags/daily_revenue_etl_dag.py
[2026-03-27T04:14:52.056+0000] {logging_mixin.py:188} INFO - [2026-03-27T04:14:52.056+0000] {dag.py:3036} INFO - Sync 1 DAGs
[2026-03-27T03:51:19.600+0000] {logging_mixin.py:188} INFO - [2026-03-27T03:51:19.599+0000] {dag.py:3823} INFO - Setting next_dagrun for daily_revenue_etl_dag to 2026-03-27 00:00:00+00:00, run_after=2026-03-28 00:00:00+00:00
[2026-03-27T03:51:19.618+0000] {processor.py:183} INFO - Processing /opt/airflow/dags/daily_revenue_etl_dag.py took 0.095 seconds
[2026-03-27T03:51:49.746+0000] {processor.py:161} INFO - Started process (PID=1217) to work on /opt/airflow/dags/daily_revenue_etl_dag.py
[2026-03-27T03:51:49.747+0000] {processor.py:830} INFO - Processing file /opt/airflow/dags/daily_revenue_etl_dag.py for tasks to queue
[2026-03-27T03:51:49.749+0000] {logging_mixin.py:188} INFO - [2026-03-27T03:51:49.749+0000] {dagbag.py:538} INFO - Filling up the DagBag from /opt/airflow/dags/daily_revenue_etl_dag.py
[2026-03-27T03:51:49.781+0000] {processor.py:840} INFO - DAG(s) 'daily_revenue_etl_dag' retrieved from /opt/airflow/dags/daily_revenue_etl_dag.py
[2026-03-27T03:51:49.814+0000] {logging_mixin.py:188} INFO - [2026-03-27T03:51:49.813+0000] {dag.py:3036} INFO - Sync 1 DAGs
[2026-03-27T03:51:49.847+0000] {logging_mixin.py:188} INFO - [2026-03-27T03:51:49.846+0000] {dag.py:3823} INFO - Setting next_dagrun for daily_revenue_etl_dag to 2026-03-27 00:00:00+00:00, run_after=2026-03-28 00:00:00+00:00
[2026-03-27T03:51:49.877+0000] {processor.py:183} INFO - Processing /opt/airflow/dags/daily_revenue_etl_dag.py took 0.136 seconds
[2026-03-27T04:15:42.586+0000] {processor.py:161} INFO - Started process (PID=1222) to work on /opt/airflow/dags/daily_revenue_etl_dag.py
[2026-03-27T04:15:42.587+0000] {processor.py:830} INFO - Processing file /opt/airflow/dags/daily_revenue_etl_dag.py for tasks to queue
[2026-03-27T04:15:42.589+0000] {logging_mixin.py:188} INFO - [2026-03-27T04:15:42.588+0000] {dagbag.py:538} INFO - Filling up the DagBag from /opt/airflow/dags/daily_revenue_etl_dag.py
[2026-03-27T04:15:42.614+0000] {processor.py:840} INFO - DAG(s) 'daily_revenue_etl_dag' retrieved from /opt/airflow/dags/daily_revenue_etl_dag.py
[2026-03-27T04:15:42.656+0000] {logging_mixin.py:188} INFO - [2026-03-27T04:15:42.655+0000] {dag.py:3036} INFO - Sync 1 DAGs
[2026-03-27T04:15:42.688+0000] {logging_mixin.py:188} INFO - [2026-03-27T04:15:42.688+0000] {dag.py:3823} INFO - Setting next_dagrun for daily_revenue_etl_dag to 2026-03-27 00:00:00+00:00, run_after=2026-03-28 00:00:00+00:00
[2026-03-27T04:15:42.714+0000] {processor.py:183} INFO - Processing /opt/airflow/dags/daily_revenue_etl_dag.py took 0.137 seconds
[2026-03-27T04:16:21.929+0000] {processor.py:161} INFO - Started process (PID=1228) to work on /opt/airflow/dags/daily_revenue_etl_dag.py
[2026-03-27T04:16:21.931+0000] {processor.py:830} INFO - Processing file /opt/airflow/dags/daily_revenue_etl_dag.py for tasks to queue
[2026-03-27T04:16:21.933+0000] {logging_mixin.py:188} INFO - [2026-03-27T04:16:21.933+0000] {dagbag.py:538} INFO - Filling up the DagBag from /opt/airflow/dags/daily_revenue_etl_dag.py
[2026-03-27T04:16:21.952+0000] {processor.py:840} INFO - DAG(s) 'daily_revenue_etl_dag' retrieved from /opt/airflow/dags/daily_revenue_etl_dag.py
[2026-03-27T04:16:21.979+0000] {logging_mixin.py:188} INFO - [2026-03-27T04:16:21.978+0000] {dag.py:3036} INFO - Sync 1 DAGs
[2026-03-27T04:16:22.004+0000] {logging_mixin.py:188} INFO - [2026-03-27T04:16:22.003+0000] {dag.py:3823} INFO - Setting next_dagrun for daily_revenue_etl_dag to 2026-03-27 00:00:00+00:00, run_after=2026-03-28 00:00:00+00:00
[2026-03-27T04:16:22.027+0000] {processor.py:183} INFO - Processing /opt/airflow/dags/daily_revenue_etl_dag.py took 0.102 seconds
[2026-03-27T04:17:28.831+0000] {processor.py:161} INFO - Started process (PID=1234) to work on /opt/airflow/dags/daily_revenue_etl_dag.py
[2026-03-27T04:17:28.840+0000] {processor.py:830} INFO - Processing file /opt/airflow/dags/daily_revenue_etl_dag.py for tasks to queue
[2026-03-27T04:17:28.845+0000] {logging_mixin.py:188} INFO - [2026-03-27T04:17:28.844+0000] {dagbag.py:538} INFO - Filling up the DagBag from /opt/airflow/dags/daily_revenue_etl_dag.py
[2026-03-27T04:17:28.957+0000] {processor.py:840} INFO - DAG(s) 'daily_revenue_etl_dag' retrieved from /opt/airflow/dags/daily_revenue_etl_dag.py
[2026-03-27T04:17:29.170+0000] {logging_mixin.py:188} INFO - [2026-03-27T04:17:29.168+0000] {dag.py:3036} INFO - Sync 1 DAGs
[2026-03-27T04:17:29.358+0000] {logging_mixin.py:188} INFO - [2026-03-27T04:17:29.356+0000] {dag.py:3823} INFO - Setting next_dagrun for daily_revenue_etl_dag to 2026-03-27 00:00:00+00:00, run_after=2026-03-28 00:00:00+00:00
[2026-03-27T04:17:29.559+0000] {processor.py:183} INFO - Processing /opt/airflow/dags/daily_revenue_etl_dag.py took 0.747 seconds
[2026-03-27T04:19:52.035+0000] {processor.py:161} INFO - Started process (PID=1240) to work on /opt/airflow/dags/daily_revenue_etl_dag.py
[2026-03-27T04:19:52.038+0000] {processor.py:830} INFO - Processing file /opt/airflow/dags/daily_revenue_etl_dag.py for tasks to queue
[2026-03-27T04:19:52.041+0000] {logging_mixin.py:188} INFO - [2026-03-27T04:19:52.041+0000] {dagbag.py:538} INFO - Filling up the DagBag from /opt/airflow/dags/daily_revenue_etl_dag.py
[2026-03-27T04:19:52.086+0000] {processor.py:840} INFO - DAG(s) 'daily_revenue_etl_dag' retrieved from /opt/airflow/dags/daily_revenue_etl_dag.py
[2026-03-27T03:56:19.684+0000] {logging_mixin.py:188} INFO - [2026-03-27T03:56:19.684+0000] {dag.py:3036} INFO - Sync 1 DAGs
[2026-03-27T03:56:19.741+0000] {logging_mixin.py:188} INFO - [2026-03-27T03:56:19.740+0000] {dag.py:3823} INFO - Setting next_dagrun for daily_revenue_etl_dag to 2026-03-27 00:00:00+00:00, run_after=2026-03-28 00:00:00+00:00
[2026-03-27T03:56:19.785+0000] {processor.py:183} INFO - Processing /opt/airflow/dags/daily_revenue_etl_dag.py took 0.245 seconds
[2026-03-27T04:19:58.192+0000] {processor.py:161} INFO - Started process (PID=1245) to work on /opt/airflow/dags/daily_revenue_etl_dag.py
[2026-03-27T04:19:58.198+0000] {processor.py:830} INFO - Processing file /opt/airflow/dags/daily_revenue_etl_dag.py for tasks to queue
[2026-03-27T04:19:58.203+0000] {logging_mixin.py:188} INFO - [2026-03-27T04:19:58.202+0000] {dagbag.py:538} INFO - Filling up the DagBag from /opt/airflow/dags/daily_revenue_etl_dag.py
[2026-03-27T03:56:25.785+0000] {processor.py:840} INFO - DAG(s) 'daily_revenue_etl_dag' retrieved from /opt/airflow/dags/daily_revenue_etl_dag.py
[2026-03-27T03:56:25.863+0000] {logging_mixin.py:188} INFO - [2026-03-27T03:56:25.862+0000] {dag.py:3036} INFO - Sync 1 DAGs
[2026-03-27T03:56:25.918+0000] {logging_mixin.py:188} INFO - [2026-03-27T03:56:25.917+0000] {dag.py:3823} INFO - Setting next_dagrun for daily_revenue_etl_dag to 2026-03-27 00:00:00+00:00, run_after=2026-03-28 00:00:00+00:00
[2026-03-27T03:56:25.959+0000] {processor.py:183} INFO - Processing /opt/airflow/dags/daily_revenue_etl_dag.py took 0.257 seconds
[2026-03-27T03:56:56.170+0000] {processor.py:161} INFO - Started process (PID=1250) to work on /opt/airflow/dags/daily_revenue_etl_dag.py
[2026-03-27T03:56:56.173+0000] {processor.py:830} INFO - Processing file /opt/airflow/dags/daily_revenue_etl_dag.py for tasks to queue
[2026-03-27T03:56:56.175+0000] {logging_mixin.py:188} INFO - [2026-03-27T03:56:56.174+0000] {dagbag.py:538} INFO - Filling up the DagBag from /opt/airflow/dags/daily_revenue_etl_dag.py
[2026-03-27T03:56:56.201+0000] {processor.py:840} INFO - DAG(s) 'daily_revenue_etl_dag' retrieved from /opt/airflow/dags/daily_revenue_etl_dag.py
[2026-03-27T03:56:56.238+0000] {logging_mixin.py:188} INFO - [2026-03-27T03:56:56.238+0000] {dag.py:3036} INFO - Sync 1 DAGs
[2026-03-27T03:56:56.266+0000] {logging_mixin.py:188} INFO - [2026-03-27T03:56:56.266+0000] {dag.py:3823} INFO - Setting next_dagrun for daily_revenue_etl_dag to 2026-03-27 00:00:00+00:00, run_after=2026-03-28 00:00:00+00:00
[2026-03-27T03:56:56.287+0000] {processor.py:183} INFO - Processing /opt/airflow/dags/daily_revenue_etl_dag.py took 0.121 seconds
[2026-03-27T03:57:26.404+0000] {processor.py:161} INFO - Started process (PID=1255) to work on /opt/airflow/dags/daily_revenue_etl_dag.py
[2026-03-27T03:57:26.405+0000] {processor.py:830} INFO - Processing file /opt/airflow/dags/daily_revenue_etl_dag.py for tasks to queue
[2026-03-27T03:57:26.406+0000] {logging_mixin.py:188} INFO - [2026-03-27T03:57:26.406+0000] {dagbag.py:538} INFO - Filling up the DagBag from /opt/airflow/dags/daily_revenue_etl_dag.py
[2026-03-27T03:57:26.427+0000] {processor.py:840} INFO - DAG(s) 'daily_revenue_etl_dag' retrieved from /opt/airflow/dags/daily_revenue_etl_dag.py
[2026-03-27T03:57:26.454+0000] {logging_mixin.py:188} INFO - [2026-03-27T03:57:26.454+0000] {dag.py:3036} INFO - Sync 1 DAGs
[2026-03-27T03:57:26.478+0000] {logging_mixin.py:188} INFO - [2026-03-27T03:57:26.478+0000] {dag.py:3823} INFO - Setting next_dagrun for daily_revenue_etl_dag to 2026-03-27 00:00:00+00:00, run_after=2026-03-28 00:00:00+00:00
[2026-03-27T03:57:26.504+0000] {processor.py:183} INFO - Processing /opt/airflow/dags/daily_revenue_etl_dag.py took 0.104 seconds
[2026-03-27T03:57:56.726+0000] {processor.py:161} INFO - Started process (PID=1261) to work on /opt/airflow/dags/daily_revenue_etl_dag.py
[2026-03-27T03:57:56.727+0000] {processor.py:830} INFO - Processing file /opt/airflow/dags/daily_revenue_etl_dag.py for tasks to queue
[2026-03-27T03:57:56.728+0000] {logging_mixin.py:188} INFO - [2026-03-27T03:57:56.728+0000] {dagbag.py:538} INFO - Filling up the DagBag from /opt/airflow/dags/daily_revenue_etl_dag.py
[2026-03-27T03:57:56.753+0000] {processor.py:840} INFO - DAG(s) 'daily_revenue_etl_dag' retrieved from /opt/airflow/dags/daily_revenue_etl_dag.py
[2026-03-27T03:57:56.785+0000] {logging_mixin.py:188} INFO - [2026-03-27T03:57:56.785+0000] {dag.py:3036} INFO - Sync 1 DAGs
[2026-03-27T03:57:56.818+0000] {logging_mixin.py:188} INFO - [2026-03-27T03:57:56.818+0000] {dag.py:3823} INFO - Setting next_dagrun for daily_revenue_etl_dag to 2026-03-27 00:00:00+00:00, run_after=2026-03-28 00:00:00+00:00
[2026-03-27T03:57:56.866+0000] {processor.py:183} INFO - Processing /opt/airflow/dags/daily_revenue_etl_dag.py took 0.143 seconds
[2026-03-27T04:21:33.266+0000] {processor.py:161} INFO - Started process (PID=1266) to work on /opt/airflow/dags/daily_revenue_etl_dag.py
[2026-03-27T04:21:33.268+0000] {processor.py:830} INFO - Processing file /opt/airflow/dags/daily_revenue_etl_dag.py for tasks to queue
[2026-03-27T04:21:33.269+0000] {logging_mixin.py:188} INFO - [2026-03-27T04:21:33.269+0000] {dagbag.py:538} INFO - Filling up the DagBag from /opt/airflow/dags/daily_revenue_etl_dag.py
[2026-03-27T04:21:33.292+0000] {processor.py:840} INFO - DAG(s) 'daily_revenue_etl_dag' retrieved from /opt/airflow/dags/daily_revenue_etl_dag.py
[2026-03-27T04:21:33.325+0000] {logging_mixin.py:188} INFO - [2026-03-27T04:21:33.325+0000] {dag.py:3036} INFO - Sync 1 DAGs
[2026-03-27T04:21:33.354+0000] {logging_mixin.py:188} INFO - [2026-03-27T04:21:33.354+0000] {dag.py:3823} INFO - Setting next_dagrun for daily_revenue_etl_dag to 2026-03-27 00:00:00+00:00, run_after=2026-03-28 00:00:00+00:00
[2026-03-27T04:21:33.380+0000] {processor.py:183} INFO - Processing /opt/airflow/dags/daily_revenue_etl_dag.py took 0.118 seconds
[2026-03-27T04:22:51.988+0000] {processor.py:161} INFO - Started process (PID=1272) to work on /opt/airflow/dags/daily_revenue_etl_dag.py
[2026-03-27T04:22:51.989+0000] {processor.py:830} INFO - Processing file /opt/airflow/dags/daily_revenue_etl_dag.py for tasks to queue
[2026-03-27T04:22:51.990+0000] {logging_mixin.py:188} INFO - [2026-03-27T04:22:51.990+0000] {dagbag.py:538} INFO - Filling up the DagBag from /opt/airflow/dags/daily_revenue_etl_dag.py
[2026-03-27T04:22:52.012+0000] {processor.py:840} INFO - DAG(s) 'daily_revenue_etl_dag' retrieved from /opt/airflow/dags/daily_revenue_etl_dag.py
[2026-03-27T04:22:52.074+0000] {logging_mixin.py:188} INFO - [2026-03-27T04:22:52.074+0000] {dag.py:3036} INFO - Sync 1 DAGs
[2026-03-27T04:22:52.111+0000] {logging_mixin.py:188} INFO - [2026-03-27T04:22:52.110+0000] {dag.py:3823} INFO - Setting next_dagrun for daily_revenue_etl_dag to 2026-03-27 00:00:00+00:00, run_after=2026-03-28 00:00:00+00:00
[2026-03-27T03:59:19.660+0000] {processor.py:183} INFO - Processing /opt/airflow/dags/daily_revenue_etl_dag.py took 0.149 seconds
[2026-03-27T04:23:18.429+0000] {processor.py:161} INFO - Started process (PID=1277) to work on /opt/airflow/dags/daily_revenue_etl_dag.py
[2026-03-27T04:23:18.432+0000] {processor.py:830} INFO - Processing file /opt/airflow/dags/daily_revenue_etl_dag.py for tasks to queue
[2026-03-27T04:23:18.436+0000] {logging_mixin.py:188} INFO - [2026-03-27T04:23:18.436+0000] {dagbag.py:538} INFO - Filling up the DagBag from /opt/airflow/dags/daily_revenue_etl_dag.py
[2026-03-27T04:23:18.479+0000] {processor.py:840} INFO - DAG(s) 'daily_revenue_etl_dag' retrieved from /opt/airflow/dags/daily_revenue_etl_dag.py
[2026-03-27T04:23:18.521+0000] {logging_mixin.py:188} INFO - [2026-03-27T04:23:18.520+0000] {dag.py:3036} INFO - Sync 1 DAGs
[2026-03-27T03:59:46.081+0000] {logging_mixin.py:188} INFO - [2026-03-27T03:59:46.080+0000] {dag.py:3823} INFO - Setting next_dagrun for daily_revenue_etl_dag to 2026-03-27 00:00:00+00:00, run_after=2026-03-28 00:00:00+00:00
[2026-03-27T03:59:46.113+0000] {processor.py:183} INFO - Processing /opt/airflow/dags/daily_revenue_etl_dag.py took 0.171 seconds
[2026-03-27T04:23:23.468+0000] {processor.py:161} INFO - Started process (PID=1282) to work on /opt/airflow/dags/daily_revenue_etl_dag.py
[2026-03-27T04:23:23.469+0000] {processor.py:830} INFO - Processing file /opt/airflow/dags/daily_revenue_etl_dag.py for tasks to queue
[2026-03-27T04:23:23.471+0000] {logging_mixin.py:188} INFO - [2026-03-27T04:23:23.470+0000] {dagbag.py:538} INFO - Filling up the DagBag from /opt/airflow/dags/daily_revenue_etl_dag.py
[2026-03-27T04:23:23.497+0000] {processor.py:840} INFO - DAG(s) 'daily_revenue_etl_dag' retrieved from /opt/airflow/dags/daily_revenue_etl_dag.py
[2026-03-27T04:23:23.535+0000] {logging_mixin.py:188} INFO - [2026-03-27T04:23:23.534+0000] {dag.py:3036} INFO - Sync 1 DAGs
[2026-03-27T03:59:51.090+0000] {logging_mixin.py:188} INFO - [2026-03-27T03:59:51.090+0000] {dag.py:3823} INFO - Setting next_dagrun for daily_revenue_etl_dag to 2026-03-27 00:00:00+00:00, run_after=2026-03-28 00:00:00+00:00
[2026-03-27T03:59:51.116+0000] {processor.py:183} INFO - Processing /opt/airflow/dags/daily_revenue_etl_dag.py took 0.129 seconds
[2026-03-27T04:23:28.513+0000] {processor.py:161} INFO - Started process (PID=1287) to work on /opt/airflow/dags/daily_revenue_etl_dag.py
[2026-03-27T04:23:28.514+0000] {processor.py:830} INFO - Processing file /opt/airflow/dags/daily_revenue_etl_dag.py for tasks to queue
[2026-03-27T04:23:28.515+0000] {logging_mixin.py:188} INFO - [2026-03-27T04:23:28.515+0000] {dagbag.py:538} INFO - Filling up the DagBag from /opt/airflow/dags/daily_revenue_etl_dag.py
[2026-03-27T04:23:28.539+0000] {processor.py:840} INFO - DAG(s) 'daily_revenue_etl_dag' retrieved from /opt/airflow/dags/daily_revenue_etl_dag.py
[2026-03-27T03:59:56.097+0000] {logging_mixin.py:188} INFO - [2026-03-27T03:59:56.097+0000] {dag.py:3036} INFO - Sync 1 DAGs
[2026-03-27T03:59:56.127+0000] {logging_mixin.py:188} INFO - [2026-03-27T03:59:56.126+0000] {dag.py:3823} INFO - Setting next_dagrun for daily_revenue_etl_dag to 2026-03-27 00:00:00+00:00, run_after=2026-03-28 00:00:00+00:00
[2026-03-27T03:59:56.155+0000] {processor.py:183} INFO - Processing /opt/airflow/dags/daily_revenue_etl_dag.py took 0.122 seconds
[2026-03-27T04:00:01.103+0000] {processor.py:161} INFO - Started process (PID=1292) to work on /opt/airflow/dags/daily_revenue_etl_dag.py
[2026-03-27T04:00:01.109+0000] {processor.py:830} INFO - Processing file /opt/airflow/dags/daily_revenue_etl_dag.py for tasks to queue
[2026-03-27T04:00:01.112+0000] {logging_mixin.py:188} INFO - [2026-03-27T04:00:01.112+0000] {dagbag.py:538} INFO - Filling up the DagBag from /opt/airflow/dags/daily_revenue_etl_dag.py
[2026-03-27T04:00:01.154+0000] {processor.py:840} INFO - DAG(s) 'daily_revenue_etl_dag' retrieved from /opt/airflow/dags/daily_revenue_etl_dag.py
[2026-03-27T04:00:01.199+0000] {logging_mixin.py:188} INFO - [2026-03-27T04:00:01.199+0000] {dag.py:3036} INFO - Sync 1 DAGs
[2026-03-27T04:00:01.227+0000] {logging_mixin.py:188} INFO - [2026-03-27T04:00:01.227+0000] {dag.py:3823} INFO - Setting next_dagrun for daily_revenue_etl_dag to 2026-03-27 00:00:00+00:00, run_after=2026-03-28 00:00:00+00:00
[2026-03-27T04:00:01.250+0000] {processor.py:183} INFO - Processing /opt/airflow/dags/daily_revenue_etl_dag.py took 0.156 seconds
[2026-03-27T04:00:31.450+0000] {processor.py:161} INFO - Started process (PID=1297) to work on /opt/airflow/dags/daily_revenue_etl_dag.py
[2026-03-27T04:00:31.453+0000] {processor.py:830} INFO - Processing file /opt/airflow/dags/daily_revenue_etl_dag.py for tasks to queue
[2026-03-27T04:00:31.455+0000] {logging_mixin.py:188} INFO - [2026-03-27T04:00:31.454+0000] {dagbag.py:538} INFO - Filling up the DagBag from /opt/airflow/dags/daily_revenue_etl_dag.py
[2026-03-27T04:00:31.488+0000] {processor.py:840} INFO - DAG(s) 'daily_revenue_etl_dag' retrieved from /opt/airflow/dags/daily_revenue_etl_dag.py
[2026-03-27T04:00:31.531+0000] {logging_mixin.py:188} INFO - [2026-03-27T04:00:31.530+0000] {dag.py:3036} INFO - Sync 1 DAGs
[2026-03-27T04:00:31.570+0000] {logging_mixin.py:188} INFO - [2026-03-27T04:00:31.569+0000] {dag.py:3823} INFO - Setting next_dagrun for daily_revenue_etl_dag to 2026-03-27 00:00:00+00:00, run_after=2026-03-28 00:00:00+00:00
[2026-03-27T04:00:31.614+0000] {processor.py:183} INFO - Processing /opt/airflow/dags/daily_revenue_etl_dag.py took 0.171 seconds
[2026-03-27T04:24:22.098+0000] {processor.py:161} INFO - Started process (PID=1302) to work on /opt/airflow/dags/daily_revenue_etl_dag.py
[2026-03-27T04:24:22.100+0000] {processor.py:830} INFO - Processing file /opt/airflow/dags/daily_revenue_etl_dag.py for tasks to queue
[2026-03-27T04:24:22.102+0000] {logging_mixin.py:188} INFO - [2026-03-27T04:24:22.101+0000] {dagbag.py:538} INFO - Filling up the DagBag from /opt/airflow/dags/daily_revenue_etl_dag.py
[2026-03-27T04:24:22.140+0000] {processor.py:840} INFO - DAG(s) 'daily_revenue_etl_dag' retrieved from /opt/airflow/dags/daily_revenue_etl_dag.py
[2026-03-27T04:00:49.738+0000] {logging_mixin.py:188} INFO - [2026-03-27T04:00:49.737+0000] {dag.py:3036} INFO - Sync 1 DAGs
[2026-03-27T04:00:49.795+0000] {logging_mixin.py:188} INFO - [2026-03-27T04:00:49.795+0000] {dag.py:3823} INFO - Setting next_dagrun for daily_revenue_etl_dag to 2026-03-27 00:00:00+00:00, run_after=2026-03-28 00:00:00+00:00
[2026-03-27T04:00:49.841+0000] {processor.py:183} INFO - Processing /opt/airflow/dags/daily_revenue_etl_dag.py took 0.223 seconds
[2026-03-27T04:24:28.606+0000] {processor.py:161} INFO - Started process (PID=1307) to work on /opt/airflow/dags/daily_revenue_etl_dag.py
[2026-03-27T04:24:28.610+0000] {processor.py:830} INFO - Processing file /opt/airflow/dags/daily_revenue_etl_dag.py for tasks to queue
[2026-03-27T04:24:28.613+0000] {logging_mixin.py:188} INFO - [2026-03-27T04:24:28.612+0000] {dagbag.py:538} INFO - Filling up the DagBag from /opt/airflow/dags/daily_revenue_etl_dag.py
[2026-03-27T04:24:28.655+0000] {processor.py:840} INFO - DAG(s) 'daily_revenue_etl_dag' retrieved from /opt/airflow/dags/daily_revenue_etl_dag.py
[2026-03-27T04:00:56.250+0000] {logging_mixin.py:188} INFO - [2026-03-27T04:00:56.249+0000] {dag.py:3036} INFO - Sync 1 DAGs
[2026-03-27T04:00:56.338+0000] {logging_mixin.py:188} INFO - [2026-03-27T04:00:56.337+0000] {dag.py:3823} INFO - Setting next_dagrun for daily_revenue_etl_dag to 2026-03-27 00:00:00+00:00, run_after=2026-03-28 00:00:00+00:00
[2026-03-27T04:00:56.390+0000] {processor.py:183} INFO - Processing /opt/airflow/dags/daily_revenue_etl_dag.py took 0.279 seconds
[2026-03-27T04:24:33.657+0000] {processor.py:161} INFO - Started process (PID=1312) to work on /opt/airflow/dags/daily_revenue_etl_dag.py
[2026-03-27T04:24:33.659+0000] {processor.py:830} INFO - Processing file /opt/airflow/dags/daily_revenue_etl_dag.py for tasks to queue
[2026-03-27T04:24:33.661+0000] {logging_mixin.py:188} INFO - [2026-03-27T04:24:33.660+0000] {dagbag.py:538} INFO - Filling up the DagBag from /opt/airflow/dags/daily_revenue_etl_dag.py
[2026-03-27T04:01:01.234+0000] {processor.py:840} INFO - DAG(s) 'daily_revenue_etl_dag' retrieved from /opt/airflow/dags/daily_revenue_etl_dag.py
[2026-03-27T04:01:01.310+0000] {logging_mixin.py:188} INFO - [2026-03-27T04:01:01.308+0000] {dag.py:3036} INFO - Sync 1 DAGs
[2026-03-27T04:01:01.349+0000] {logging_mixin.py:188} INFO - [2026-03-27T04:01:01.349+0000] {dag.py:3823} INFO - Setting next_dagrun for daily_revenue_etl_dag to 2026-03-27 00:00:00+00:00, run_after=2026-03-28 00:00:00+00:00
[2026-03-27T04:01:01.380+0000] {processor.py:183} INFO - Processing /opt/airflow/dags/daily_revenue_etl_dag.py took 0.203 seconds
[2026-03-27T04:24:38.701+0000] {processor.py:161} INFO - Started process (PID=1317) to work on /opt/airflow/dags/daily_revenue_etl_dag.py
[2026-03-27T04:24:38.703+0000] {processor.py:830} INFO - Processing file /opt/airflow/dags/daily_revenue_etl_dag.py for tasks to queue
[2026-03-27T04:24:38.706+0000] {logging_mixin.py:188} INFO - [2026-03-27T04:24:38.705+0000] {dagbag.py:538} INFO - Filling up the DagBag from /opt/airflow/dags/daily_revenue_etl_dag.py
[2026-03-27T04:01:06.279+0000] {processor.py:840} INFO - DAG(s) 'daily_revenue_etl_dag' retrieved from /opt/airflow/dags/daily_revenue_etl_dag.py
[2026-03-27T04:01:06.384+0000] {logging_mixin.py:188} INFO - [2026-03-27T04:01:06.383+0000] {dag.py:3036} INFO - Sync 1 DAGs
[2026-03-27T04:01:06.445+0000] {logging_mixin.py:188} INFO - [2026-03-27T04:01:06.444+0000] {dag.py:3823} INFO - Setting next_dagrun for daily_revenue_etl_dag to 2026-03-27 00:00:00+00:00, run_after=2026-03-28 00:00:00+00:00
[2026-03-27T04:01:06.543+0000] {processor.py:183} INFO - Processing /opt/airflow/dags/daily_revenue_etl_dag.py took 0.324 seconds
[2026-03-27T04:24:52.037+0000] {processor.py:161} INFO - Started process (PID=1322) to work on /opt/airflow/dags/daily_revenue_etl_dag.py
[2026-03-27T04:24:52.040+0000] {processor.py:830} INFO - Processing file /opt/airflow/dags/daily_revenue_etl_dag.py for tasks to queue
[2026-03-27T04:24:52.042+0000] {logging_mixin.py:188} INFO - [2026-03-27T04:24:52.042+0000] {dagbag.py:538} INFO - Filling up the DagBag from /opt/airflow/dags/daily_revenue_etl_dag.py
[2026-03-27T04:24:52.076+0000] {processor.py:840} INFO - DAG(s) 'daily_revenue_etl_dag' retrieved from /opt/airflow/dags/daily_revenue_etl_dag.py
[2026-03-27T04:24:52.120+0000] {logging_mixin.py:188} INFO - [2026-03-27T04:24:52.120+0000] {dag.py:3036} INFO - Sync 1 DAGs
[2026-03-27T04:01:19.683+0000] {logging_mixin.py:188} INFO - [2026-03-27T04:01:19.683+0000] {dag.py:3823} INFO - Setting next_dagrun for daily_revenue_etl_dag to 2026-03-27 00:00:00+00:00, run_after=2026-03-28 00:00:00+00:00
[2026-03-27T04:01:19.715+0000] {processor.py:183} INFO - Processing /opt/airflow/dags/daily_revenue_etl_dag.py took 0.161 seconds
[2026-03-27T04:01:50.025+0000] {processor.py:161} INFO - Started process (PID=1327) to work on /opt/airflow/dags/daily_revenue_etl_dag.py
[2026-03-27T04:01:50.029+0000] {processor.py:830} INFO - Processing file /opt/airflow/dags/daily_revenue_etl_dag.py for tasks to queue
[2026-03-27T04:01:50.032+0000] {logging_mixin.py:188} INFO - [2026-03-27T04:01:50.031+0000] {dagbag.py:538} INFO - Filling up the DagBag from /opt/airflow/dags/daily_revenue_etl_dag.py
[2026-03-27T04:01:50.101+0000] {processor.py:840} INFO - DAG(s) 'daily_revenue_etl_dag' retrieved from /opt/airflow/dags/daily_revenue_etl_dag.py
[2026-03-27T04:01:50.196+0000] {logging_mixin.py:188} INFO - [2026-03-27T04:01:50.195+0000] {dag.py:3036} INFO - Sync 1 DAGs
[2026-03-27T04:01:50.318+0000] {logging_mixin.py:188} INFO - [2026-03-27T04:01:50.317+0000] {dag.py:3823} INFO - Setting next_dagrun for daily_revenue_etl_dag to 2026-03-27 00:00:00+00:00, run_after=2026-03-28 00:00:00+00:00
[2026-03-27T04:01:50.461+0000] {processor.py:183} INFO - Processing /opt/airflow/dags/daily_revenue_etl_dag.py took 0.451 seconds
[2026-03-27T04:25:38.682+0000] {processor.py:161} INFO - Started process (PID=1332) to work on /opt/airflow/dags/daily_revenue_etl_dag.py
[2026-03-27T04:25:38.685+0000] {processor.py:830} INFO - Processing file /opt/airflow/dags/daily_revenue_etl_dag.py for tasks to queue
[2026-03-27T04:25:38.686+0000] {logging_mixin.py:188} INFO - [2026-03-27T04:25:38.686+0000] {dagbag.py:538} INFO - Filling up the DagBag from /opt/airflow/dags/daily_revenue_etl_dag.py
[2026-03-27T04:25:38.714+0000] {processor.py:840} INFO - DAG(s) 'daily_revenue_etl_dag' retrieved from /opt/airflow/dags/daily_revenue_etl_dag.py
[2026-03-27T04:25:38.749+0000] {logging_mixin.py:188} INFO - [2026-03-27T04:25:38.749+0000] {dag.py:3036} INFO - Sync 1 DAGs
[2026-03-27T04:25:38.775+0000] {logging_mixin.py:188} INFO - [2026-03-27T04:25:38.775+0000] {dag.py:3823} INFO - Setting next_dagrun for daily_revenue_etl_dag to 2026-03-27 00:00:00+00:00, run_after=2026-03-28 00:00:00+00:00
[2026-03-27T04:25:38.797+0000] {processor.py:183} INFO - Processing /opt/airflow/dags/daily_revenue_etl_dag.py took 0.120 seconds
[2026-03-27T04:26:22.055+0000] {processor.py:161} INFO - Started process (PID=1338) to work on /opt/airflow/dags/daily_revenue_etl_dag.py
[2026-03-27T04:26:22.057+0000] {processor.py:830} INFO - Processing file /opt/airflow/dags/daily_revenue_etl_dag.py for tasks to queue
[2026-03-27T04:26:22.059+0000] {logging_mixin.py:188} INFO - [2026-03-27T04:26:22.058+0000] {dagbag.py:538} INFO - Filling up the DagBag from /opt/airflow/dags/daily_revenue_etl_dag.py
[2026-03-27T04:26:22.089+0000] {processor.py:840} INFO - DAG(s) 'daily_revenue_etl_dag' retrieved from /opt/airflow/dags/daily_revenue_etl_dag.py
[2026-03-27T04:26:22.123+0000] {logging_mixin.py:188} INFO - [2026-03-27T04:26:22.123+0000] {dag.py:3036} INFO - Sync 1 DAGs
[2026-03-27T04:26:22.148+0000] {logging_mixin.py:188} INFO - [2026-03-27T04:26:22.148+0000] {dag.py:3823} INFO - Setting next_dagrun for daily_revenue_etl_dag to 2026-03-27 00:00:00+00:00, run_after=2026-03-28 00:00:00+00:00
[2026-03-27T04:02:49.702+0000] {processor.py:183} INFO - Processing /opt/airflow/dags/daily_revenue_etl_dag.py took 0.121 seconds
[2026-03-27T04:03:20.053+0000] {processor.py:161} INFO - Started process (PID=1344) to work on /opt/airflow/dags/daily_revenue_etl_dag.py
[2026-03-27T04:03:20.057+0000] {processor.py:830} INFO - Processing file /opt/airflow/dags/daily_revenue_etl_dag.py for tasks to queue
[2026-03-27T04:03:20.059+0000] {logging_mixin.py:188} INFO - [2026-03-27T04:03:20.058+0000] {dagbag.py:538} INFO - Filling up the DagBag from /opt/airflow/dags/daily_revenue_etl_dag.py
[2026-03-27T04:03:20.108+0000] {processor.py:840} INFO - DAG(s) 'daily_revenue_etl_dag' retrieved from /opt/airflow/dags/daily_revenue_etl_dag.py
[2026-03-27T04:03:20.173+0000] {logging_mixin.py:188} INFO - [2026-03-27T04:03:20.173+0000] {dag.py:3036} INFO - Sync 1 DAGs
[2026-03-27T04:03:20.222+0000] {logging_mixin.py:188} INFO - [2026-03-27T04:03:20.222+0000] {dag.py:3823} INFO - Setting next_dagrun for daily_revenue_etl_dag to 2026-03-27 00:00:00+00:00, run_after=2026-03-28 00:00:00+00:00
[2026-03-27T04:03:20.260+0000] {processor.py:183} INFO - Processing /opt/airflow/dags/daily_revenue_etl_dag.py took 0.222 seconds
[2026-03-27T04:26:53.861+0000] {processor.py:161} INFO - Started process (PID=1349) to work on /opt/airflow/dags/daily_revenue_etl_dag.py
[2026-03-27T04:26:53.863+0000] {processor.py:830} INFO - Processing file /opt/airflow/dags/daily_revenue_etl_dag.py for tasks to queue
[2026-03-27T04:26:53.865+0000] {logging_mixin.py:188} INFO - [2026-03-27T04:26:53.865+0000] {dagbag.py:538} INFO - Filling up the DagBag from /opt/airflow/dags/daily_revenue_etl_dag.py
[2026-03-27T04:26:53.897+0000] {processor.py:840} INFO - DAG(s) 'daily_revenue_etl_dag' retrieved from /opt/airflow/dags/daily_revenue_etl_dag.py
[2026-03-27T04:26:53.941+0000] {logging_mixin.py:188} INFO - [2026-03-27T04:26:53.939+0000] {dag.py:3036} INFO - Sync 1 DAGs
[2026-03-27T04:26:53.981+0000] {logging_mixin.py:188} INFO - [2026-03-27T04:26:53.981+0000] {dag.py:3823} INFO - Setting next_dagrun for daily_revenue_etl_dag to 2026-03-27 00:00:00+00:00, run_after=2026-03-28 00:00:00+00:00
[2026-03-27T04:03:21.554+0000] {processor.py:183} INFO - Processing /opt/airflow/dags/daily_revenue_etl_dag.py took 0.176 seconds
[2026-03-27T04:26:58.920+0000] {processor.py:161} INFO - Started process (PID=1354) to work on /opt/airflow/dags/daily_revenue_etl_dag.py
[2026-03-27T04:26:58.922+0000] {processor.py:830} INFO - Processing file /opt/airflow/dags/daily_revenue_etl_dag.py for tasks to queue
[2026-03-27T04:26:58.923+0000] {logging_mixin.py:188} INFO - [2026-03-27T04:26:58.923+0000] {dagbag.py:538} INFO - Filling up the DagBag from /opt/airflow/dags/daily_revenue_etl_dag.py
[2026-03-27T04:26:58.954+0000] {processor.py:840} INFO - DAG(s) 'daily_revenue_etl_dag' retrieved from /opt/airflow/dags/daily_revenue_etl_dag.py
[2026-03-27T04:03:26.512+0000] {logging_mixin.py:188} INFO - [2026-03-27T04:26:58.992+0000] {dag.py:3036} INFO - Sync 1 DAGs
[2026-03-27T04:03:26.546+0000] {logging_mixin.py:188} INFO - [2026-03-27T04:03:26.546+0000] {dag.py:3823} INFO - Setting next_dagrun for daily_revenue_etl_dag to 2026-03-27 00:00:00+00:00, run_after=2026-03-28 00:00:00+00:00
[2026-03-27T04:03:26.587+0000] {processor.py:183} INFO - Processing /opt/airflow/dags/daily_revenue_etl_dag.py took 0.154 seconds
[2026-03-27T04:03:31.548+0000] {processor.py:161} INFO - Started process (PID=1359) to work on /opt/airflow/dags/daily_revenue_etl_dag.py
[2026-03-27T04:03:31.551+0000] {processor.py:830} INFO - Processing file /opt/airflow/dags/daily_revenue_etl_dag.py for tasks to queue
[2026-03-27T04:03:31.554+0000] {logging_mixin.py:188} INFO - [2026-03-27T04:03:31.553+0000] {dagbag.py:538} INFO - Filling up the DagBag from /opt/airflow/dags/daily_revenue_etl_dag.py
[2026-03-27T04:03:31.601+0000] {processor.py:840} INFO - DAG(s) 'daily_revenue_etl_dag' retrieved from /opt/airflow/dags/daily_revenue_etl_dag.py
[2026-03-27T04:03:31.673+0000] {logging_mixin.py:188} INFO - [2026-03-27T04:03:31.672+0000] {dag.py:3036} INFO - Sync 1 DAGs
[2026-03-27T04:03:31.758+0000] {logging_mixin.py:188} INFO - [2026-03-27T04:03:31.751+0000] {dag.py:3823} INFO - Setting next_dagrun for daily_revenue_etl_dag to 2026-03-27 00:00:00+00:00, run_after=2026-03-28 00:00:00+00:00
[2026-03-27T04:03:31.879+0000] {processor.py:183} INFO - Processing /opt/airflow/dags/daily_revenue_etl_dag.py took 0.342 seconds
[2026-03-27T04:04:02.190+0000] {processor.py:161} INFO - Started process (PID=1364) to work on /opt/airflow/dags/daily_revenue_etl_dag.py
[2026-03-27T04:04:02.192+0000] {processor.py:830} INFO - Processing file /opt/airflow/dags/daily_revenue_etl_dag.py for tasks to queue
[2026-03-27T04:04:02.193+0000] {logging_mixin.py:188} INFO - [2026-03-27T04:04:02.193+0000] {dagbag.py:538} INFO - Filling up the DagBag from /opt/airflow/dags/daily_revenue_etl_dag.py
[2026-03-27T04:04:02.230+0000] {processor.py:840} INFO - DAG(s) 'daily_revenue_etl_dag' retrieved from /opt/airflow/dags/daily_revenue_etl_dag.py
[2026-03-27T04:04:02.270+0000] {logging_mixin.py:188} INFO - [2026-03-27T04:04:02.270+0000] {dag.py:3036} INFO - Sync 1 DAGs
[2026-03-27T04:04:02.301+0000] {logging_mixin.py:188} INFO - [2026-03-27T04:04:02.301+0000] {dag.py:3823} INFO - Setting next_dagrun for daily_revenue_etl_dag to 2026-03-27 00:00:00+00:00, run_after=2026-03-28 00:00:00+00:00
[2026-03-27T04:04:02.326+0000] {processor.py:183} INFO - Processing /opt/airflow/dags/daily_revenue_etl_dag.py took 0.142 seconds
[2026-03-27T04:27:38.871+0000] {processor.py:161} INFO - Started process (PID=1369) to work on /opt/airflow/dags/daily_revenue_etl_dag.py
[2026-03-27T04:27:38.872+0000] {processor.py:830} INFO - Processing file /opt/airflow/dags/daily_revenue_etl_dag.py for tasks to queue
[2026-03-27T04:27:38.873+0000] {logging_mixin.py:188} INFO - [2026-03-27T04:27:38.873+0000] {dagbag.py:538} INFO - Filling up the DagBag from /opt/airflow/dags/daily_revenue_etl_dag.py
[2026-03-27T04:27:38.889+0000] {processor.py:840} INFO - DAG(s) 'daily_revenue_etl_dag' retrieved from /opt/airflow/dags/daily_revenue_etl_dag.py
[2026-03-27T04:27:38.912+0000] {logging_mixin.py:188} INFO - [2026-03-27T04:27:38.912+0000] {dag.py:3036} INFO - Sync 1 DAGs
[2026-03-27T04:27:38.931+0000] {logging_mixin.py:188} INFO - [2026-03-27T04:27:38.930+0000] {dag.py:3823} INFO - Setting next_dagrun for daily_revenue_etl_dag to 2026-03-27 00:00:00+00:00, run_after=2026-03-28 00:00:00+00:00
[2026-03-27T04:27:38.947+0000] {processor.py:183} INFO - Processing /opt/airflow/dags/daily_revenue_etl_dag.py took 0.079 seconds
[2026-03-27T04:30:22.102+0000] {processor.py:161} INFO - Started process (PID=1374) to work on /opt/airflow/dags/daily_revenue_etl_dag.py
[2026-03-27T04:30:22.104+0000] {processor.py:830} INFO - Processing file /opt/airflow/dags/daily_revenue_etl_dag.py for tasks to queue
[2026-03-27T04:30:22.105+0000] {logging_mixin.py:188} INFO - [2026-03-27T04:30:22.105+0000] {dagbag.py:538} INFO - Filling up the DagBag from /opt/airflow/dags/daily_revenue_etl_dag.py
[2026-03-27T04:30:22.137+0000] {processor.py:840} INFO - DAG(s) 'daily_revenue_etl_dag' retrieved from /opt/airflow/dags/daily_revenue_etl_dag.py
[2026-03-27T04:30:22.180+0000] {logging_mixin.py:188} INFO - [2026-03-27T04:30:22.179+0000] {dag.py:3036} INFO - Sync 1 DAGs
[2026-03-27T04:06:49.745+0000] {logging_mixin.py:188} INFO - [2026-03-27T04:06:49.745+0000] {dag.py:3823} INFO - Setting next_dagrun for daily_revenue_etl_dag to 2026-03-27 00:00:00+00:00, run_after=2026-03-28 00:00:00+00:00
[2026-03-27T04:06:49.777+0000] {processor.py:183} INFO - Processing /opt/airflow/dags/daily_revenue_etl_dag.py took 0.148 seconds
[2026-03-27T04:30:24.147+0000] {processor.py:161} INFO - Started process (PID=1379) to work on /opt/airflow/dags/daily_revenue_etl_dag.py
[2026-03-27T04:30:24.149+0000] {processor.py:830} INFO - Processing file /opt/airflow/dags/daily_revenue_etl_dag.py for tasks to queue
[2026-03-27T04:30:24.150+0000] {logging_mixin.py:188} INFO - [2026-03-27T04:30:24.150+0000] {dagbag.py:538} INFO - Filling up the DagBag from /opt/airflow/dags/daily_revenue_etl_dag.py
[2026-03-27T04:30:24.193+0000] {processor.py:840} INFO - DAG(s) 'daily_revenue_etl_dag' retrieved from /opt/airflow/dags/daily_revenue_etl_dag.py
[2026-03-27T04:30:24.243+0000] {logging_mixin.py:188} INFO - [2026-03-27T04:30:24.243+0000] {dag.py:3036} INFO - Sync 1 DAGs
[2026-03-27T04:06:51.823+0000] {logging_mixin.py:188} INFO - [2026-03-27T04:06:51.821+0000] {dag.py:3823} INFO - Setting next_dagrun for daily_revenue_etl_dag to 2026-03-27 00:00:00+00:00, run_after=2026-03-28 00:00:00+00:00
[2026-03-27T04:06:51.888+0000] {processor.py:183} INFO - Processing /opt/airflow/dags/daily_revenue_etl_dag.py took 0.216 seconds
[2026-03-27T04:07:22.048+0000] {processor.py:161} INFO - Started process (PID=1384) to work on /opt/airflow/dags/daily_revenue_etl_dag.py
[2026-03-27T04:07:22.049+0000] {processor.py:830} INFO - Processing file /opt/airflow/dags/daily_revenue_etl_dag.py for tasks to queue
[2026-03-27T04:07:22.050+0000] {logging_mixin.py:188} INFO - [2026-03-27T04:07:22.050+0000] {dagbag.py:538} INFO - Filling up the DagBag from /opt/airflow/dags/daily_revenue_etl_dag.py
[2026-03-27T04:07:22.073+0000] {processor.py:840} INFO - DAG(s) 'daily_revenue_etl_dag' retrieved from /opt/airflow/dags/daily_revenue_etl_dag.py
[2026-03-27T04:07:22.107+0000] {logging_mixin.py:188} INFO - [2026-03-27T04:07:22.107+0000] {dag.py:3036} INFO - Sync 1 DAGs
[2026-03-27T04:07:22.137+0000] {logging_mixin.py:188} INFO - [2026-03-27T04:07:22.137+0000] {dag.py:3823} INFO - Setting next_dagrun for daily_revenue_etl_dag to 2026-03-27 00:00:00+00:00, run_after=2026-03-28 00:00:00+00:00
[2026-03-27T04:07:22.164+0000] {processor.py:183} INFO - Processing /opt/airflow/dags/daily_revenue_etl_dag.py took 0.119 seconds
[2026-03-27T04:07:52.331+0000] {processor.py:161} INFO - Started process (PID=1390) to work on /opt/airflow/dags/daily_revenue_etl_dag.py
[2026-03-27T04:07:52.333+0000] {processor.py:830} INFO - Processing file /opt/airflow/dags/daily_revenue_etl_dag.py for tasks to queue
[2026-03-27T04:07:52.335+0000] {logging_mixin.py:188} INFO - [2026-03-27T04:07:52.334+0000] {dagbag.py:538} INFO - Filling up the DagBag from /opt/airflow/dags/daily_revenue_etl_dag.py
[2026-03-27T04:07:52.363+0000] {processor.py:840} INFO - DAG(s) 'daily_revenue_etl_dag' retrieved from /opt/airflow/dags/daily_revenue_etl_dag.py
[2026-03-27T04:07:52.398+0000] {logging_mixin.py:188} INFO - [2026-03-27T04:07:52.397+0000] {dag.py:3036} INFO - Sync 1 DAGs
[2026-03-27T04:07:52.442+0000] {logging_mixin.py:188} INFO - [2026-03-27T04:07:52.441+0000] {dag.py:3823} INFO - Setting next_dagrun for daily_revenue_etl_dag to 2026-03-27 00:00:00+00:00, run_after=2026-03-28 00:00:00+00:00
[2026-03-27T04:07:52.485+0000] {processor.py:183} INFO - Processing /opt/airflow/dags/daily_revenue_etl_dag.py took 0.159 seconds
[2026-03-27T04:31:52.083+0000] {processor.py:161} INFO - Started process (PID=1396) to work on /opt/airflow/dags/daily_revenue_etl_dag.py
[2026-03-27T04:31:52.085+0000] {processor.py:830} INFO - Processing file /opt/airflow/dags/daily_revenue_etl_dag.py for tasks to queue
[2026-03-27T04:31:52.086+0000] {logging_mixin.py:188} INFO - [2026-03-27T04:31:52.086+0000] {dagbag.py:538} INFO - Filling up the DagBag from /opt/airflow/dags/daily_revenue_etl_dag.py
[2026-03-27T04:31:52.109+0000] {processor.py:840} INFO - DAG(s) 'daily_revenue_etl_dag' retrieved from /opt/airflow/dags/daily_revenue_etl_dag.py
[2026-03-27T04:31:52.146+0000] {logging_mixin.py:188} INFO - [2026-03-27T04:31:52.146+0000] {dag.py:3036} INFO - Sync 1 DAGs
[2026-03-27T04:31:52.173+0000] {logging_mixin.py:188} INFO - [2026-03-27T04:31:52.173+0000] {dag.py:3823} INFO - Setting next_dagrun for daily_revenue_etl_dag to 2026-03-27 00:00:00+00:00, run_after=2026-03-28 00:00:00+00:00
[2026-03-27T04:31:52.198+0000] {processor.py:183} INFO - Processing /opt/airflow/dags/daily_revenue_etl_dag.py took 0.119 seconds
[2026-03-27T04:32:04.347+0000] {processor.py:161} INFO - Started process (PID=1401) to work on /opt/airflow/dags/daily_revenue_etl_dag.py
[2026-03-27T04:32:04.349+0000] {processor.py:830} INFO - Processing file /opt/airflow/dags/daily_revenue_etl_dag.py for tasks to queue
[2026-03-27T04:32:04.351+0000] {logging_mixin.py:188} INFO - [2026-03-27T04:32:04.350+0000] {dagbag.py:538} INFO - Filling up the DagBag from /opt/airflow/dags/daily_revenue_etl_dag.py
[2026-03-27T04:32:04.387+0000] {processor.py:840} INFO - DAG(s) 'daily_revenue_etl_dag' retrieved from /opt/airflow/dags/daily_revenue_etl_dag.py
[2026-03-27T04:32:04.428+0000] {logging_mixin.py:188} INFO - [2026-03-27T04:32:04.427+0000] {dag.py:3036} INFO - Sync 1 DAGs
[2026-03-27T04:32:04.466+0000] {logging_mixin.py:188} INFO - [2026-03-27T04:32:04.466+0000] {dag.py:3823} INFO - Setting next_dagrun for daily_revenue_etl_dag to 2026-03-27 00:00:00+00:00, run_after=2026-03-28 00:00:00+00:00
[2026-03-27T04:08:32.043+0000] {processor.py:183} INFO - Processing /opt/airflow/dags/daily_revenue_etl_dag.py took 0.174 seconds
[2026-03-27T04:32:09.393+0000] {processor.py:161} INFO - Started process (PID=1406) to work on /opt/airflow/dags/daily_revenue_etl_dag.py
[2026-03-27T04:32:09.394+0000] {processor.py:830} INFO - Processing file /opt/airflow/dags/daily_revenue_etl_dag.py for tasks to queue
[2026-03-27T04:32:09.395+0000] {logging_mixin.py:188} INFO - [2026-03-27T04:32:09.395+0000] {dagbag.py:538} INFO - Filling up the DagBag from /opt/airflow/dags/daily_revenue_etl_dag.py
[2026-03-27T04:32:09.428+0000] {processor.py:840} INFO - DAG(s) 'daily_revenue_etl_dag' retrieved from /opt/airflow/dags/daily_revenue_etl_dag.py
[2026-03-27T04:32:09.486+0000] {logging_mixin.py:188} INFO - [2026-03-27T04:32:09.485+0000] {dag.py:3036} INFO - Sync 1 DAGs
[2026-03-27T04:08:37.051+0000] {logging_mixin.py:188} INFO - [2026-03-27T04:08:37.051+0000] {dag.py:3823} INFO - Setting next_dagrun for daily_revenue_etl_dag to 2026-03-27 00:00:00+00:00, run_after=2026-03-28 00:00:00+00:00
[2026-03-27T04:08:37.078+0000] {processor.py:183} INFO - Processing /opt/airflow/dags/daily_revenue_etl_dag.py took 0.156 seconds
[2026-03-27T04:32:14.457+0000] {processor.py:161} INFO - Started process (PID=1411) to work on /opt/airflow/dags/daily_revenue_etl_dag.py
[2026-03-27T04:32:14.459+0000] {processor.py:830} INFO - Processing file /opt/airflow/dags/daily_revenue_etl_dag.py for tasks to queue
[2026-03-27T04:32:14.461+0000] {logging_mixin.py:188} INFO - [2026-03-27T04:32:14.461+0000] {dagbag.py:538} INFO - Filling up the DagBag from /opt/airflow/dags/daily_revenue_etl_dag.py
[2026-03-27T04:32:14.500+0000] {processor.py:840} INFO - DAG(s) 'daily_revenue_etl_dag' retrieved from /opt/airflow/dags/daily_revenue_etl_dag.py
[2026-03-27T04:08:42.071+0000] {logging_mixin.py:188} INFO - [2026-03-27T04:08:42.071+0000] {dag.py:3036} INFO - Sync 1 DAGs
[2026-03-27T04:08:42.106+0000] {logging_mixin.py:188} INFO - [2026-03-27T04:08:42.106+0000] {dag.py:3823} INFO - Setting next_dagrun for daily_revenue_etl_dag to 2026-03-27 00:00:00+00:00, run_after=2026-03-28 00:00:00+00:00
[2026-03-27T04:08:42.132+0000] {processor.py:183} INFO - Processing /opt/airflow/dags/daily_revenue_etl_dag.py took 0.156 seconds
[2026-03-27T04:09:12.352+0000] {processor.py:161} INFO - Started process (PID=1416) to work on /opt/airflow/dags/daily_revenue_etl_dag.py
[2026-03-27T04:09:12.354+0000] {processor.py:830} INFO - Processing file /opt/airflow/dags/daily_revenue_etl_dag.py for tasks to queue
[2026-03-27T04:09:12.355+0000] {logging_mixin.py:188} INFO - [2026-03-27T04:09:12.354+0000] {dagbag.py:538} INFO - Filling up the DagBag from /opt/airflow/dags/daily_revenue_etl_dag.py
[2026-03-27T04:09:12.377+0000] {processor.py:840} INFO - DAG(s) 'daily_revenue_etl_dag' retrieved from /opt/airflow/dags/daily_revenue_etl_dag.py
[2026-03-27T04:09:12.406+0000] {logging_mixin.py:188} INFO - [2026-03-27T04:09:12.405+0000] {dag.py:3036} INFO - Sync 1 DAGs
[2026-03-27T04:09:12.430+0000] {logging_mixin.py:188} INFO - [2026-03-27T04:09:12.429+0000] {dag.py:3823} INFO - Setting next_dagrun for daily_revenue_etl_dag to 2026-03-27 00:00:00+00:00, run_after=2026-03-28 00:00:00+00:00
[2026-03-27T04:09:12.465+0000] {processor.py:183} INFO - Processing /opt/airflow/dags/daily_revenue_etl_dag.py took 0.117 seconds
[2026-03-27T04:09:42.962+0000] {processor.py:161} INFO - Started process (PID=1422) to work on /opt/airflow/dags/daily_revenue_etl_dag.py
[2026-03-27T04:09:42.967+0000] {processor.py:830} INFO - Processing file /opt/airflow/dags/daily_revenue_etl_dag.py for tasks to queue
[2026-03-27T04:09:42.969+0000] {logging_mixin.py:188} INFO - [2026-03-27T04:09:42.968+0000] {dagbag.py:538} INFO - Filling up the DagBag from /opt/airflow/dags/daily_revenue_etl_dag.py
[2026-03-27T04:09:43.003+0000] {processor.py:840} INFO - DAG(s) 'daily_revenue_etl_dag' retrieved from /opt/airflow/dags/daily_revenue_etl_dag.py
[2026-03-27T04:09:43.038+0000] {logging_mixin.py:188} INFO - [2026-03-27T04:09:43.037+0000] {dag.py:3036} INFO - Sync 1 DAGs
[2026-03-27T04:09:43.063+0000] {logging_mixin.py:188} INFO - [2026-03-27T04:09:43.062+0000] {dag.py:3823} INFO - Setting next_dagrun for daily_revenue_etl_dag to 2026-03-27 00:00:00+00:00, run_after=2026-03-28 00:00:00+00:00
[2026-03-27T04:09:43.082+0000] {processor.py:183} INFO - Processing /opt/airflow/dags/daily_revenue_etl_dag.py took 0.128 seconds
[2026-03-27T04:33:19.530+0000] {processor.py:161} INFO - Started process (PID=1427) to work on /opt/airflow/dags/daily_revenue_etl_dag.py
[2026-03-27T04:33:19.532+0000] {processor.py:830} INFO - Processing file /opt/airflow/dags/daily_revenue_etl_dag.py for tasks to queue
[2026-03-27T04:33:19.534+0000] {logging_mixin.py:188} INFO - [2026-03-27T04:33:19.533+0000] {dagbag.py:538} INFO - Filling up the DagBag from /opt/airflow/dags/daily_revenue_etl_dag.py
[2026-03-27T04:33:19.562+0000] {processor.py:840} INFO - DAG(s) 'daily_revenue_etl_dag' retrieved from /opt/airflow/dags/daily_revenue_etl_dag.py
[2026-03-27T04:33:19.603+0000] {logging_mixin.py:188} INFO - [2026-03-27T04:33:19.603+0000] {dag.py:3036} INFO - Sync 1 DAGs
[2026-03-27T04:33:19.638+0000] {logging_mixin.py:188} INFO - [2026-03-27T04:33:19.638+0000] {dag.py:3823} INFO - Setting next_dagrun for daily_revenue_etl_dag to 2026-03-27 00:00:00+00:00, run_after=2026-03-28 00:00:00+00:00
[2026-03-27T04:09:47.200+0000] {processor.py:183} INFO - Processing /opt/airflow/dags/daily_revenue_etl_dag.py took 0.140 seconds
[2026-03-27T04:09:52.229+0000] {processor.py:161} INFO - Started process (PID=1432) to work on /opt/airflow/dags/daily_revenue_etl_dag.py
[2026-03-27T04:09:52.231+0000] {processor.py:830} INFO - Processing file /opt/airflow/dags/daily_revenue_etl_dag.py for tasks to queue
[2026-03-27T04:09:52.232+0000] {logging_mixin.py:188} INFO - [2026-03-27T04:09:52.232+0000] {dagbag.py:538} INFO - Filling up the DagBag from /opt/airflow/dags/daily_revenue_etl_dag.py
[2026-03-27T04:09:52.264+0000] {processor.py:840} INFO - DAG(s) 'daily_revenue_etl_dag' retrieved from /opt/airflow/dags/daily_revenue_etl_dag.py
[2026-03-27T04:09:52.318+0000] {logging_mixin.py:188} INFO - [2026-03-27T04:09:52.317+0000] {dag.py:3036} INFO - Sync 1 DAGs
[2026-03-27T04:09:52.353+0000] {logging_mixin.py:188} INFO - [2026-03-27T04:09:52.353+0000] {dag.py:3823} INFO - Setting next_dagrun for daily_revenue_etl_dag to 2026-03-27 00:00:00+00:00, run_after=2026-03-28 00:00:00+00:00
[2026-03-27T04:09:52.396+0000] {processor.py:183} INFO - Processing /opt/airflow/dags/daily_revenue_etl_dag.py took 0.172 seconds
[2026-03-27T04:33:52.096+0000] {processor.py:161} INFO - Started process (PID=1437) to work on /opt/airflow/dags/daily_revenue_etl_dag.py
[2026-03-27T04:33:52.098+0000] {processor.py:830} INFO - Processing file /opt/airflow/dags/daily_revenue_etl_dag.py for tasks to queue
[2026-03-27T04:33:52.100+0000] {logging_mixin.py:188} INFO - [2026-03-27T04:33:52.099+0000] {dagbag.py:538} INFO - Filling up the DagBag from /opt/airflow/dags/daily_revenue_etl_dag.py
[2026-03-27T04:33:52.132+0000] {processor.py:840} INFO - DAG(s) 'daily_revenue_etl_dag' retrieved from /opt/airflow/dags/daily_revenue_etl_dag.py
[2026-03-27T04:33:52.168+0000] {logging_mixin.py:188} INFO - [2026-03-27T04:33:52.167+0000] {dag.py:3036} INFO - Sync 1 DAGs
[2026-03-27T04:33:52.201+0000] {logging_mixin.py:188} INFO - [2026-03-27T04:33:52.201+0000] {dag.py:3823} INFO - Setting next_dagrun for daily_revenue_etl_dag to 2026-03-27 00:00:00+00:00, run_after=2026-03-28 00:00:00+00:00
[2026-03-27T04:10:19.767+0000] {processor.py:183} INFO - Processing /opt/airflow/dags/daily_revenue_etl_dag.py took 0.143 seconds
[2026-03-27T04:10:49.937+0000] {processor.py:161} INFO - Started process (PID=1442) to work on /opt/airflow/dags/daily_revenue_etl_dag.py
[2026-03-27T04:10:49.938+0000] {processor.py:830} INFO - Processing file /opt/airflow/dags/daily_revenue_etl_dag.py for tasks to queue
[2026-03-27T04:10:49.940+0000] {logging_mixin.py:188} INFO - [2026-03-27T04:10:49.939+0000] {dagbag.py:538} INFO - Filling up the DagBag from /opt/airflow/dags/daily_revenue_etl_dag.py
[2026-03-27T04:10:49.966+0000] {processor.py:840} INFO - DAG(s) 'daily_revenue_etl_dag' retrieved from /opt/airflow/dags/daily_revenue_etl_dag.py
[2026-03-27T04:10:50.008+0000] {logging_mixin.py:188} INFO - [2026-03-27T04:10:50.008+0000] {dag.py:3036} INFO - Sync 1 DAGs
[2026-03-27T04:10:50.037+0000] {logging_mixin.py:188} INFO - [2026-03-27T04:10:50.036+0000] {dag.py:3823} INFO - Setting next_dagrun for daily_revenue_etl_dag to 2026-03-27 00:00:00+00:00, run_after=2026-03-28 00:00:00+00:00
[2026-03-27T04:10:50.062+0000] {processor.py:183} INFO - Processing /opt/airflow/dags/daily_revenue_etl_dag.py took 0.130 seconds
[2026-03-27T04:34:39.668+0000] {processor.py:161} INFO - Started process (PID=1447) to work on /opt/airflow/dags/daily_revenue_etl_dag.py
[2026-03-27T04:34:39.671+0000] {processor.py:830} INFO - Processing file /opt/airflow/dags/daily_revenue_etl_dag.py for tasks to queue
[2026-03-27T04:34:39.674+0000] {logging_mixin.py:188} INFO - [2026-03-27T04:34:39.672+0000] {dagbag.py:538} INFO - Filling up the DagBag from /opt/airflow/dags/daily_revenue_etl_dag.py
[2026-03-27T04:34:39.697+0000] {processor.py:840} INFO - DAG(s) 'daily_revenue_etl_dag' retrieved from /opt/airflow/dags/daily_revenue_etl_dag.py
[2026-03-27T04:34:39.729+0000] {logging_mixin.py:188} INFO - [2026-03-27T04:34:39.729+0000] {dag.py:3036} INFO - Sync 1 DAGs
[2026-03-27T04:34:39.756+0000] {logging_mixin.py:188} INFO - [2026-03-27T04:34:39.756+0000] {dag.py:3823} INFO - Setting next_dagrun for daily_revenue_etl_dag to 2026-03-27 00:00:00+00:00, run_after=2026-03-28 00:00:00+00:00
[2026-03-27T04:34:39.793+0000] {processor.py:183} INFO - Processing /opt/airflow/dags/daily_revenue_etl_dag.py took 0.130 seconds
[2026-03-27T04:11:37.417+0000] {processor.py:161} INFO - Started process (PID=1452) to work on /opt/airflow/dags/daily_revenue_etl_dag.py
[2026-03-27T04:11:37.418+0000] {processor.py:830} INFO - Processing file /opt/airflow/dags/daily_revenue_etl_dag.py for tasks to queue
[2026-03-27T04:11:37.420+0000] {logging_mixin.py:188} INFO - [2026-03-27T04:11:37.419+0000] {dagbag.py:538} INFO - Filling up the DagBag from /opt/airflow/dags/daily_revenue_etl_dag.py
[2026-03-27T04:11:37.446+0000] {processor.py:840} INFO - DAG(s) 'daily_revenue_etl_dag' retrieved from /opt/airflow/dags/daily_revenue_etl_dag.py
[2026-03-27T04:11:37.478+0000] {logging_mixin.py:188} INFO - [2026-03-27T04:11:37.478+0000] {dag.py:3036} INFO - Sync 1 DAGs
[2026-03-27T04:11:37.508+0000] {logging_mixin.py:188} INFO - [2026-03-27T04:11:37.508+0000] {dag.py:3823} INFO - Setting next_dagrun for daily_revenue_etl_dag to 2026-03-27 00:00:00+00:00, run_after=2026-03-28 00:00:00+00:00
[2026-03-27T04:11:37.537+0000] {processor.py:183} INFO - Processing /opt/airflow/dags/daily_revenue_etl_dag.py took 0.126 seconds
[2026-03-27T04:35:22.111+0000] {processor.py:161} INFO - Started process (PID=1457) to work on /opt/airflow/dags/daily_revenue_etl_dag.py
[2026-03-27T04:35:22.113+0000] {processor.py:830} INFO - Processing file /opt/airflow/dags/daily_revenue_etl_dag.py for tasks to queue
[2026-03-27T04:35:22.114+0000] {logging_mixin.py:188} INFO - [2026-03-27T04:35:22.114+0000] {dagbag.py:538} INFO - Filling up the DagBag from /opt/airflow/dags/daily_revenue_etl_dag.py
[2026-03-27T04:35:22.147+0000] {processor.py:840} INFO - DAG(s) 'daily_revenue_etl_dag' retrieved from /opt/airflow/dags/daily_revenue_etl_dag.py
[2026-03-27T04:35:22.186+0000] {logging_mixin.py:188} INFO - [2026-03-27T04:35:22.186+0000] {dag.py:3036} INFO - Sync 1 DAGs
[2026-03-27T04:35:22.214+0000] {logging_mixin.py:188} INFO - [2026-03-27T04:35:22.214+0000] {dag.py:3823} INFO - Setting next_dagrun for daily_revenue_etl_dag to 2026-03-27 00:00:00+00:00, run_after=2026-03-28 00:00:00+00:00
[2026-03-27T04:11:49.779+0000] {processor.py:183} INFO - Processing /opt/airflow/dags/daily_revenue_etl_dag.py took 0.131 seconds
[2026-03-27T04:12:19.881+0000] {processor.py:161} INFO - Started process (PID=1462) to work on /opt/airflow/dags/daily_revenue_etl_dag.py
[2026-03-27T04:12:19.885+0000] {processor.py:830} INFO - Processing file /opt/airflow/dags/daily_revenue_etl_dag.py for tasks to queue
[2026-03-27T04:12:19.888+0000] {logging_mixin.py:188} INFO - [2026-03-27T04:12:19.887+0000] {dagbag.py:538} INFO - Filling up the DagBag from /opt/airflow/dags/daily_revenue_etl_dag.py
[2026-03-27T04:12:19.923+0000] {processor.py:840} INFO - DAG(s) 'daily_revenue_etl_dag' retrieved from /opt/airflow/dags/daily_revenue_etl_dag.py
[2026-03-27T04:12:19.973+0000] {logging_mixin.py:188} INFO - [2026-03-27T04:12:19.972+0000] {dag.py:3036} INFO - Sync 1 DAGs
[2026-03-27T04:12:20.028+0000] {logging_mixin.py:188} INFO - [2026-03-27T04:12:20.027+0000] {dag.py:3823} INFO - Setting next_dagrun for daily_revenue_etl_dag to 2026-03-27 00:00:00+00:00, run_after=2026-03-28 00:00:00+00:00
[2026-03-27T04:12:20.086+0000] {processor.py:183} INFO - Processing /opt/airflow/dags/daily_revenue_etl_dag.py took 0.211 seconds
[2026-03-27T04:12:50.278+0000] {processor.py:161} INFO - Started process (PID=1468) to work on /opt/airflow/dags/daily_revenue_etl_dag.py
[2026-03-27T04:12:50.281+0000] {processor.py:830} INFO - Processing file /opt/airflow/dags/daily_revenue_etl_dag.py for tasks to queue
[2026-03-27T04:12:50.283+0000] {logging_mixin.py:188} INFO - [2026-03-27T04:12:50.282+0000] {dagbag.py:538} INFO - Filling up the DagBag from /opt/airflow/dags/daily_revenue_etl_dag.py
[2026-03-27T04:12:50.323+0000] {processor.py:840} INFO - DAG(s) 'daily_revenue_etl_dag' retrieved from /opt/airflow/dags/daily_revenue_etl_dag.py
[2026-03-27T04:12:50.385+0000] {logging_mixin.py:188} INFO - [2026-03-27T04:12:50.384+0000] {dag.py:3036} INFO - Sync 1 DAGs
[2026-03-27T04:12:50.423+0000] {logging_mixin.py:188} INFO - [2026-03-27T04:12:50.422+0000] {dag.py:3823} INFO - Setting next_dagrun for daily_revenue_etl_dag to 2026-03-27 00:00:00+00:00, run_after=2026-03-28 00:00:00+00:00
[2026-03-27T04:12:50.452+0000] {processor.py:183} INFO - Processing /opt/airflow/dags/daily_revenue_etl_dag.py took 0.183 seconds
[2026-03-27T04:36:24.971+0000] {processor.py:161} INFO - Started process (PID=1473) to work on /opt/airflow/dags/daily_revenue_etl_dag.py
[2026-03-27T04:36:24.972+0000] {processor.py:830} INFO - Processing file /opt/airflow/dags/daily_revenue_etl_dag.py for tasks to queue
[2026-03-27T04:36:24.973+0000] {logging_mixin.py:188} INFO - [2026-03-27T04:36:24.973+0000] {dagbag.py:538} INFO - Filling up the DagBag from /opt/airflow/dags/daily_revenue_etl_dag.py
[2026-03-27T04:12:52.535+0000] {processor.py:840} INFO - DAG(s) 'daily_revenue_etl_dag' retrieved from /opt/airflow/dags/daily_revenue_etl_dag.py
[2026-03-27T04:12:52.578+0000] {logging_mixin.py:188} INFO - [2026-03-27T04:12:52.577+0000] {dag.py:3036} INFO - Sync 1 DAGs
[2026-03-27T04:12:52.616+0000] {logging_mixin.py:188} INFO - [2026-03-27T04:12:52.616+0000] {dag.py:3823} INFO - Setting next_dagrun for daily_revenue_etl_dag to 2026-03-27 00:00:00+00:00, run_after=2026-03-28 00:00:00+00:00
[2026-03-27T04:12:52.645+0000] {processor.py:183} INFO - Processing /opt/airflow/dags/daily_revenue_etl_dag.py took 0.139 seconds
[2026-03-27T04:12:57.560+0000] {processor.py:161} INFO - Started process (PID=1478) to work on /opt/airflow/dags/daily_revenue_etl_dag.py
[2026-03-27T04:12:57.561+0000] {processor.py:830} INFO - Processing file /opt/airflow/dags/daily_revenue_etl_dag.py for tasks to queue
[2026-03-27T04:12:57.563+0000] {logging_mixin.py:188} INFO - [2026-03-27T04:12:57.562+0000] {dagbag.py:538} INFO - Filling up the DagBag from /opt/airflow/dags/daily_revenue_etl_dag.py
[2026-03-27T04:12:57.589+0000] {processor.py:840} INFO - DAG(s) 'daily_revenue_etl_dag' retrieved from /opt/airflow/dags/daily_revenue_etl_dag.py
[2026-03-27T04:12:57.622+0000] {logging_mixin.py:188} INFO - [2026-03-27T04:12:57.621+0000] {dag.py:3036} INFO - Sync 1 DAGs
[2026-03-27T04:12:57.645+0000] {logging_mixin.py:188} INFO - [2026-03-27T04:12:57.645+0000] {dag.py:3823} INFO - Setting next_dagrun for daily_revenue_etl_dag to 2026-03-27 00:00:00+00:00, run_after=2026-03-28 00:00:00+00:00
[2026-03-27T04:12:57.668+0000] {processor.py:183} INFO - Processing /opt/airflow/dags/daily_revenue_etl_dag.py took 0.113 seconds
[2026-03-27T04:36:52.216+0000] {processor.py:161} INFO - Started process (PID=1483) to work on /opt/airflow/dags/daily_revenue_etl_dag.py
[2026-03-27T04:36:52.218+0000] {processor.py:830} INFO - Processing file /opt/airflow/dags/daily_revenue_etl_dag.py for tasks to queue
[2026-03-27T04:36:52.219+0000] {logging_mixin.py:188} INFO - [2026-03-27T04:36:52.219+0000] {dagbag.py:538} INFO - Filling up the DagBag from /opt/airflow/dags/daily_revenue_etl_dag.py
[2026-03-27T04:13:19.783+0000] {processor.py:840} INFO - DAG(s) 'daily_revenue_etl_dag' retrieved from /opt/airflow/dags/daily_revenue_etl_dag.py
[2026-03-27T04:13:19.821+0000] {logging_mixin.py:188} INFO - [2026-03-27T04:13:19.820+0000] {dag.py:3036} INFO - Sync 1 DAGs
[2026-03-27T04:13:19.852+0000] {logging_mixin.py:188} INFO - [2026-03-27T04:13:19.852+0000] {dag.py:3823} INFO - Setting next_dagrun for daily_revenue_etl_dag to 2026-03-27 00:00:00+00:00, run_after=2026-03-28 00:00:00+00:00
[2026-03-27T04:13:19.877+0000] {processor.py:183} INFO - Processing /opt/airflow/dags/daily_revenue_etl_dag.py took 0.125 seconds
[2026-03-27T04:13:50.108+0000] {processor.py:161} INFO - Started process (PID=1488) to work on /opt/airflow/dags/daily_revenue_etl_dag.py
[2026-03-27T04:13:50.111+0000] {processor.py:830} INFO - Processing file /opt/airflow/dags/daily_revenue_etl_dag.py for tasks to queue
[2026-03-27T04:13:50.113+0000] {logging_mixin.py:188} INFO - [2026-03-27T04:13:50.113+0000] {dagbag.py:538} INFO - Filling up the DagBag from /opt/airflow/dags/daily_revenue_etl_dag.py
[2026-03-27T04:13:50.147+0000] {processor.py:840} INFO - DAG(s) 'daily_revenue_etl_dag' retrieved from /opt/airflow/dags/daily_revenue_etl_dag.py
[2026-03-27T04:13:50.195+0000] {logging_mixin.py:188} INFO - [2026-03-27T04:13:50.195+0000] {dag.py:3036} INFO - Sync 1 DAGs
[2026-03-27T04:13:50.228+0000] {logging_mixin.py:188} INFO - [2026-03-27T04:13:50.228+0000] {dag.py:3823} INFO - Setting next_dagrun for daily_revenue_etl_dag to 2026-03-27 00:00:00+00:00, run_after=2026-03-28 00:00:00+00:00
[2026-03-27T04:13:50.267+0000] {processor.py:183} INFO - Processing /opt/airflow/dags/daily_revenue_etl_dag.py took 0.163 seconds
[2026-03-27T04:14:20.331+0000] {processor.py:161} INFO - Started process (PID=1493) to work on /opt/airflow/dags/daily_revenue_etl_dag.py
[2026-03-27T04:14:20.333+0000] {processor.py:830} INFO - Processing file /opt/airflow/dags/daily_revenue_etl_dag.py for tasks to queue
[2026-03-27T04:14:20.334+0000] {logging_mixin.py:188} INFO - [2026-03-27T04:14:20.333+0000] {dagbag.py:538} INFO - Filling up the DagBag from /opt/airflow/dags/daily_revenue_etl_dag.py
[2026-03-27T04:14:20.357+0000] {processor.py:840} INFO - DAG(s) 'daily_revenue_etl_dag' retrieved from /opt/airflow/dags/daily_revenue_etl_dag.py
[2026-03-27T04:14:20.384+0000] {logging_mixin.py:188} INFO - [2026-03-27T04:14:20.383+0000] {dag.py:3036} INFO - Sync 1 DAGs
[2026-03-27T04:14:20.410+0000] {logging_mixin.py:188} INFO - [2026-03-27T04:14:20.410+0000] {dag.py:3823} INFO - Setting next_dagrun for daily_revenue_etl_dag to 2026-03-27 00:00:00+00:00, run_after=2026-03-28 00:00:00+00:00
[2026-03-27T04:14:20.436+0000] {processor.py:183} INFO - Processing /opt/airflow/dags/daily_revenue_etl_dag.py took 0.108 seconds
[2026-03-27T04:38:05.042+0000] {processor.py:161} INFO - Started process (PID=1498) to work on /opt/airflow/dags/daily_revenue_etl_dag.py
[2026-03-27T04:38:05.044+0000] {processor.py:830} INFO - Processing file /opt/airflow/dags/daily_revenue_etl_dag.py for tasks to queue
[2026-03-27T04:38:05.045+0000] {logging_mixin.py:188} INFO - [2026-03-27T04:38:05.045+0000] {dagbag.py:538} INFO - Filling up the DagBag from /opt/airflow/dags/daily_revenue_etl_dag.py
[2026-03-27T04:38:05.070+0000] {processor.py:840} INFO - DAG(s) 'daily_revenue_etl_dag' retrieved from /opt/airflow/dags/daily_revenue_etl_dag.py
[2026-03-27T04:38:05.104+0000] {logging_mixin.py:188} INFO - [2026-03-27T04:38:05.104+0000] {dag.py:3036} INFO - Sync 1 DAGs
[2026-03-27T04:38:05.136+0000] {logging_mixin.py:188} INFO - [2026-03-27T04:38:05.136+0000] {dag.py:3823} INFO - Setting next_dagrun for daily_revenue_etl_dag to 2026-03-27 00:00:00+00:00, run_after=2026-03-28 00:00:00+00:00
[2026-03-27T04:38:05.167+0000] {processor.py:183} INFO - Processing /opt/airflow/dags/daily_revenue_etl_dag.py took 0.130 seconds
[2026-03-27T04:17:19.835+0000] {processor.py:161} INFO - Started process (PID=1505) to work on /opt/airflow/dags/daily_revenue_etl_dag.py
[2026-03-27T04:17:19.838+0000] {processor.py:830} INFO - Processing file /opt/airflow/dags/daily_revenue_etl_dag.py for tasks to queue
[2026-03-27T04:17:19.841+0000] {logging_mixin.py:188} INFO - [2026-03-27T04:17:19.839+0000] {dagbag.py:538} INFO - Filling up the DagBag from /opt/airflow/dags/daily_revenue_etl_dag.py
[2026-03-27T04:17:19.922+0000] {processor.py:840} INFO - DAG(s) 'daily_revenue_etl_dag' retrieved from /opt/airflow/dags/daily_revenue_etl_dag.py
[2026-03-27T04:17:20.022+0000] {logging_mixin.py:188} INFO - [2026-03-27T04:17:20.021+0000] {dag.py:3036} INFO - Sync 1 DAGs
[2026-03-27T04:17:20.097+0000] {logging_mixin.py:188} INFO - [2026-03-27T04:17:20.095+0000] {dag.py:3823} INFO - Setting next_dagrun for daily_revenue_etl_dag to 2026-03-27 00:00:00+00:00, run_after=2026-03-28 00:00:00+00:00
[2026-03-27T04:17:20.169+0000] {processor.py:183} INFO - Processing /opt/airflow/dags/daily_revenue_etl_dag.py took 0.351 seconds
[2026-03-27T04:40:55.321+0000] {processor.py:161} INFO - Started process (PID=1510) to work on /opt/airflow/dags/daily_revenue_etl_dag.py
[2026-03-27T04:40:55.323+0000] {processor.py:830} INFO - Processing file /opt/airflow/dags/daily_revenue_etl_dag.py for tasks to queue
[2026-03-27T04:40:55.325+0000] {logging_mixin.py:188} INFO - [2026-03-27T04:40:55.324+0000] {dagbag.py:538} INFO - Filling up the DagBag from /opt/airflow/dags/daily_revenue_etl_dag.py
[2026-03-27T04:40:55.370+0000] {processor.py:840} INFO - DAG(s) 'daily_revenue_etl_dag' retrieved from /opt/airflow/dags/daily_revenue_etl_dag.py
[2026-03-27T04:40:55.444+0000] {logging_mixin.py:188} INFO - [2026-03-27T04:40:55.441+0000] {dag.py:3036} INFO - Sync 1 DAGs
[2026-03-27T04:17:23.125+0000] {logging_mixin.py:188} INFO - [2026-03-27T04:17:23.124+0000] {dag.py:3823} INFO - Setting next_dagrun for daily_revenue_etl_dag to 2026-03-27 00:00:00+00:00, run_after=2026-03-28 00:00:00+00:00
[2026-03-27T04:17:23.232+0000] {processor.py:183} INFO - Processing /opt/airflow/dags/daily_revenue_etl_dag.py took 0.386 seconds
[2026-03-27T04:17:53.752+0000] {processor.py:161} INFO - Started process (PID=1515) to work on /opt/airflow/dags/daily_revenue_etl_dag.py
[2026-03-27T04:17:53.757+0000] {processor.py:830} INFO - Processing file /opt/airflow/dags/daily_revenue_etl_dag.py for tasks to queue
[2026-03-27T04:17:53.761+0000] {logging_mixin.py:188} INFO - [2026-03-27T04:17:53.760+0000] {dagbag.py:538} INFO - Filling up the DagBag from /opt/airflow/dags/daily_revenue_etl_dag.py
[2026-03-27T04:17:53.841+0000] {processor.py:840} INFO - DAG(s) 'daily_revenue_etl_dag' retrieved from /opt/airflow/dags/daily_revenue_etl_dag.py
[2026-03-27T04:17:53.978+0000] {logging_mixin.py:188} INFO - [2026-03-27T04:17:53.974+0000] {dag.py:3036} INFO - Sync 1 DAGs
[2026-03-27T04:17:54.057+0000] {logging_mixin.py:188} INFO - [2026-03-27T04:17:54.055+0000] {dag.py:3823} INFO - Setting next_dagrun for daily_revenue_etl_dag to 2026-03-27 00:00:00+00:00, run_after=2026-03-28 00:00:00+00:00
[2026-03-27T04:17:54.151+0000] {processor.py:183} INFO - Processing /opt/airflow/dags/daily_revenue_etl_dag.py took 0.411 seconds
[2026-03-27T04:41:40.398+0000] {processor.py:161} INFO - Started process (PID=1520) to work on /opt/airflow/dags/daily_revenue_etl_dag.py
[2026-03-27T04:41:40.400+0000] {processor.py:830} INFO - Processing file /opt/airflow/dags/daily_revenue_etl_dag.py for tasks to queue
[2026-03-27T04:41:40.401+0000] {logging_mixin.py:188} INFO - [2026-03-27T04:41:40.401+0000] {dagbag.py:538} INFO - Filling up the DagBag from /opt/airflow/dags/daily_revenue_etl_dag.py
[2026-03-27T04:41:40.434+0000] {processor.py:840} INFO - DAG(s) 'daily_revenue_etl_dag' retrieved from /opt/airflow/dags/daily_revenue_etl_dag.py
[2026-03-27T04:41:40.478+0000] {logging_mixin.py:188} INFO - [2026-03-27T04:41:40.478+0000] {dag.py:3036} INFO - Sync 1 DAGs
[2026-03-27T04:41:40.515+0000] {logging_mixin.py:188} INFO - [2026-03-27T04:41:40.514+0000] {dag.py:3823} INFO - Setting next_dagrun for daily_revenue_etl_dag to 2026-03-27 00:00:00+00:00, run_after=2026-03-28 00:00:00+00:00
[2026-03-27T04:41:40.545+0000] {processor.py:183} INFO - Processing /opt/airflow/dags/daily_revenue_etl_dag.py took 0.154 seconds
[2026-03-27T04:41:45.502+0000] {processor.py:161} INFO - Started process (PID=1525) to work on /opt/airflow/dags/daily_revenue_etl_dag.py
[2026-03-27T04:41:45.506+0000] {processor.py:830} INFO - Processing file /opt/airflow/dags/daily_revenue_etl_dag.py for tasks to queue
[2026-03-27T04:41:45.511+0000] {logging_mixin.py:188} INFO - [2026-03-27T04:41:45.509+0000] {dagbag.py:538} INFO - Filling up the DagBag from /opt/airflow/dags/daily_revenue_etl_dag.py
[2026-03-27T04:18:13.180+0000] {processor.py:840} INFO - DAG(s) 'daily_revenue_etl_dag' retrieved from /opt/airflow/dags/daily_revenue_etl_dag.py
[2026-03-27T04:18:13.301+0000] {logging_mixin.py:188} INFO - [2026-03-27T04:18:13.300+0000] {dag.py:3036} INFO - Sync 1 DAGs
[2026-03-27T04:18:13.441+0000] {logging_mixin.py:188} INFO - [2026-03-27T04:18:13.440+0000] {dag.py:3823} INFO - Setting next_dagrun for daily_revenue_etl_dag to 2026-03-27 00:00:00+00:00, run_after=2026-03-28 00:00:00+00:00
[2026-03-27T04:18:13.500+0000] {processor.py:183} INFO - Processing /opt/airflow/dags/daily_revenue_etl_dag.py took 0.463 seconds
[2026-03-27T04:18:43.805+0000] {processor.py:161} INFO - Started process (PID=1530) to work on /opt/airflow/dags/daily_revenue_etl_dag.py
[2026-03-27T04:18:43.806+0000] {processor.py:830} INFO - Processing file /opt/airflow/dags/daily_revenue_etl_dag.py for tasks to queue
[2026-03-27T04:18:43.808+0000] {logging_mixin.py:188} INFO - [2026-03-27T04:18:43.807+0000] {dagbag.py:538} INFO - Filling up the DagBag from /opt/airflow/dags/daily_revenue_etl_dag.py
[2026-03-27T04:18:43.836+0000] {processor.py:840} INFO - DAG(s) 'daily_revenue_etl_dag' retrieved from /opt/airflow/dags/daily_revenue_etl_dag.py
[2026-03-27T04:18:43.877+0000] {logging_mixin.py:188} INFO - [2026-03-27T04:18:43.875+0000] {dag.py:3036} INFO - Sync 1 DAGs
[2026-03-27T04:18:43.919+0000] {logging_mixin.py:188} INFO - [2026-03-27T04:18:43.918+0000] {dag.py:3823} INFO - Setting next_dagrun for daily_revenue_etl_dag to 2026-03-27 00:00:00+00:00, run_after=2026-03-28 00:00:00+00:00
[2026-03-27T04:18:43.950+0000] {processor.py:183} INFO - Processing /opt/airflow/dags/daily_revenue_etl_dag.py took 0.150 seconds
[2026-03-27T04:42:20.481+0000] {processor.py:161} INFO - Started process (PID=1535) to work on /opt/airflow/dags/daily_revenue_etl_dag.py
[2026-03-27T04:42:20.483+0000] {processor.py:830} INFO - Processing file /opt/airflow/dags/daily_revenue_etl_dag.py for tasks to queue
[2026-03-27T04:42:20.484+0000] {logging_mixin.py:188} INFO - [2026-03-27T04:42:20.484+0000] {dagbag.py:538} INFO - Filling up the DagBag from /opt/airflow/dags/daily_revenue_etl_dag.py
[2026-03-27T04:42:20.510+0000] {processor.py:840} INFO - DAG(s) 'daily_revenue_etl_dag' retrieved from /opt/airflow/dags/daily_revenue_etl_dag.py
[2026-03-27T04:42:20.549+0000] {logging_mixin.py:188} INFO - [2026-03-27T04:42:20.549+0000] {dag.py:3036} INFO - Sync 1 DAGs
[2026-03-27T04:42:20.582+0000] {logging_mixin.py:188} INFO - [2026-03-27T04:42:20.582+0000] {dag.py:3823} INFO - Setting next_dagrun for daily_revenue_etl_dag to 2026-03-27 00:00:00+00:00, run_after=2026-03-28 00:00:00+00:00
[2026-03-27T04:18:48.155+0000] {processor.py:183} INFO - Processing /opt/airflow/dags/daily_revenue_etl_dag.py took 0.134 seconds
[2026-03-27T04:18:53.183+0000] {processor.py:161} INFO - Started process (PID=1540) to work on /opt/airflow/dags/daily_revenue_etl_dag.py
[2026-03-27T04:18:53.197+0000] {processor.py:830} INFO - Processing file /opt/airflow/dags/daily_revenue_etl_dag.py for tasks to queue
[2026-03-27T04:18:53.203+0000] {logging_mixin.py:188} INFO - [2026-03-27T04:18:53.200+0000] {dagbag.py:538} INFO - Filling up the DagBag from /opt/airflow/dags/daily_revenue_etl_dag.py
[2026-03-27T04:18:53.406+0000] {processor.py:840} INFO - DAG(s) 'daily_revenue_etl_dag' retrieved from /opt/airflow/dags/daily_revenue_etl_dag.py
[2026-03-27T04:18:53.530+0000] {logging_mixin.py:188} INFO - [2026-03-27T04:18:53.529+0000] {dag.py:3036} INFO - Sync 1 DAGs
[2026-03-27T04:18:53.702+0000] {logging_mixin.py:188} INFO - [2026-03-27T04:18:53.700+0000] {dag.py:3823} INFO - Setting next_dagrun for daily_revenue_etl_dag to 2026-03-27 00:00:00+00:00, run_after=2026-03-28 00:00:00+00:00
[2026-03-27T04:18:53.768+0000] {processor.py:183} INFO - Processing /opt/airflow/dags/daily_revenue_etl_dag.py took 0.609 seconds
[2026-03-27T04:42:55.631+0000] {processor.py:161} INFO - Started process (PID=1545) to work on /opt/airflow/dags/daily_revenue_etl_dag.py
[2026-03-27T04:42:55.636+0000] {processor.py:830} INFO - Processing file /opt/airflow/dags/daily_revenue_etl_dag.py for tasks to queue
[2026-03-27T04:42:55.643+0000] {logging_mixin.py:188} INFO - [2026-03-27T04:42:55.640+0000] {dagbag.py:538} INFO - Filling up the DagBag from /opt/airflow/dags/daily_revenue_etl_dag.py
[2026-03-27T04:19:23.308+0000] {processor.py:840} INFO - DAG(s) 'daily_revenue_etl_dag' retrieved from /opt/airflow/dags/daily_revenue_etl_dag.py
[2026-03-27T04:19:23.499+0000] {logging_mixin.py:188} INFO - [2026-03-27T04:19:23.495+0000] {dag.py:3036} INFO - Sync 1 DAGs
[2026-03-27T04:19:23.671+0000] {logging_mixin.py:188} INFO - [2026-03-27T04:19:23.667+0000] {dag.py:3823} INFO - Setting next_dagrun for daily_revenue_etl_dag to 2026-03-27 00:00:00+00:00, run_after=2026-03-28 00:00:00+00:00
[2026-03-27T04:19:23.897+0000] {processor.py:183} INFO - Processing /opt/airflow/dags/daily_revenue_etl_dag.py took 0.744 seconds
[2026-03-27T04:43:00.610+0000] {processor.py:161} INFO - Started process (PID=1550) to work on /opt/airflow/dags/daily_revenue_etl_dag.py
[2026-03-27T04:43:00.621+0000] {processor.py:830} INFO - Processing file /opt/airflow/dags/daily_revenue_etl_dag.py for tasks to queue
[2026-03-27T04:43:00.630+0000] {logging_mixin.py:188} INFO - [2026-03-27T04:43:00.628+0000] {dagbag.py:538} INFO - Filling up the DagBag from /opt/airflow/dags/daily_revenue_etl_dag.py
[2026-03-27T04:19:28.270+0000] {processor.py:840} INFO - DAG(s) 'daily_revenue_etl_dag' retrieved from /opt/airflow/dags/daily_revenue_etl_dag.py
[2026-03-27T04:19:28.375+0000] {logging_mixin.py:188} INFO - [2026-03-27T04:19:28.374+0000] {dag.py:3036} INFO - Sync 1 DAGs
[2026-03-27T04:19:28.445+0000] {logging_mixin.py:188} INFO - [2026-03-27T04:19:28.444+0000] {dag.py:3823} INFO - Setting next_dagrun for daily_revenue_etl_dag to 2026-03-27 00:00:00+00:00, run_after=2026-03-28 00:00:00+00:00
[2026-03-27T04:19:28.509+0000] {processor.py:183} INFO - Processing /opt/airflow/dags/daily_revenue_etl_dag.py took 0.369 seconds
[2026-03-27T04:19:49.851+0000] {processor.py:161} INFO - Started process (PID=1555) to work on /opt/airflow/dags/daily_revenue_etl_dag.py
[2026-03-27T04:19:49.857+0000] {processor.py:830} INFO - Processing file /opt/airflow/dags/daily_revenue_etl_dag.py for tasks to queue
[2026-03-27T04:19:49.860+0000] {logging_mixin.py:188} INFO - [2026-03-27T04:19:49.859+0000] {dagbag.py:538} INFO - Filling up the DagBag from /opt/airflow/dags/daily_revenue_etl_dag.py
[2026-03-27T04:19:49.925+0000] {processor.py:840} INFO - DAG(s) 'daily_revenue_etl_dag' retrieved from /opt/airflow/dags/daily_revenue_etl_dag.py
[2026-03-27T04:19:50.006+0000] {logging_mixin.py:188} INFO - [2026-03-27T04:19:50.005+0000] {dag.py:3036} INFO - Sync 1 DAGs
[2026-03-27T04:19:50.118+0000] {logging_mixin.py:188} INFO - [2026-03-27T04:19:50.117+0000] {dag.py:3823} INFO - Setting next_dagrun for daily_revenue_etl_dag to 2026-03-27 00:00:00+00:00, run_after=2026-03-28 00:00:00+00:00
[2026-03-27T04:19:50.239+0000] {processor.py:183} INFO - Processing /opt/airflow/dags/daily_revenue_etl_dag.py took 0.400 seconds
[2026-03-27T04:19:53.531+0000] {processor.py:161} INFO - Started process (PID=1560) to work on /opt/airflow/dags/daily_revenue_etl_dag.py
[2026-03-27T04:19:53.542+0000] {processor.py:830} INFO - Processing file /opt/airflow/dags/daily_revenue_etl_dag.py for tasks to queue
[2026-03-27T04:19:53.554+0000] {logging_mixin.py:188} INFO - [2026-03-27T04:19:53.552+0000] {dagbag.py:538} INFO - Filling up the DagBag from /opt/airflow/dags/daily_revenue_etl_dag.py
[2026-03-27T04:19:53.763+0000] {processor.py:840} INFO - DAG(s) 'daily_revenue_etl_dag' retrieved from /opt/airflow/dags/daily_revenue_etl_dag.py
[2026-03-27T04:19:53.912+0000] {logging_mixin.py:188} INFO - [2026-03-27T04:19:53.911+0000] {dag.py:3036} INFO - Sync 1 DAGs
[2026-03-27T04:19:54.014+0000] {logging_mixin.py:188} INFO - [2026-03-27T04:19:54.013+0000] {dag.py:3823} INFO - Setting next_dagrun for daily_revenue_etl_dag to 2026-03-27 00:00:00+00:00, run_after=2026-03-28 00:00:00+00:00
[2026-03-27T04:19:54.095+0000] {processor.py:183} INFO - Processing /opt/airflow/dags/daily_revenue_etl_dag.py took 0.589 seconds
[2026-03-27T04:43:30.695+0000] {processor.py:161} INFO - Started process (PID=1565) to work on /opt/airflow/dags/daily_revenue_etl_dag.py
[2026-03-27T04:43:30.697+0000] {processor.py:830} INFO - Processing file /opt/airflow/dags/daily_revenue_etl_dag.py for tasks to queue
[2026-03-27T04:43:30.698+0000] {logging_mixin.py:188} INFO - [2026-03-27T04:43:30.698+0000] {dagbag.py:538} INFO - Filling up the DagBag from /opt/airflow/dags/daily_revenue_etl_dag.py
[2026-03-27T04:43:30.728+0000] {processor.py:840} INFO - DAG(s) 'daily_revenue_etl_dag' retrieved from /opt/airflow/dags/daily_revenue_etl_dag.py
[2026-03-27T04:43:30.761+0000] {logging_mixin.py:188} INFO - [2026-03-27T04:43:30.761+0000] {dag.py:3036} INFO - Sync 1 DAGs
[2026-03-27T04:43:30.787+0000] {logging_mixin.py:188} INFO - [2026-03-27T04:43:30.787+0000] {dag.py:3823} INFO - Setting next_dagrun for daily_revenue_etl_dag to 2026-03-27 00:00:00+00:00, run_after=2026-03-28 00:00:00+00:00
[2026-03-27T04:43:30.811+0000] {processor.py:183} INFO - Processing /opt/airflow/dags/daily_revenue_etl_dag.py took 0.122 seconds
[2026-03-27T04:20:53.804+0000] {processor.py:161} INFO - Started process (PID=1572) to work on /opt/airflow/dags/daily_revenue_etl_dag.py
[2026-03-27T04:20:53.820+0000] {processor.py:830} INFO - Processing file /opt/airflow/dags/daily_revenue_etl_dag.py for tasks to queue
[2026-03-27T04:20:53.840+0000] {logging_mixin.py:188} INFO - [2026-03-27T04:20:53.837+0000] {dagbag.py:538} INFO - Filling up the DagBag from /opt/airflow/dags/daily_revenue_etl_dag.py
[2026-03-27T04:20:54.234+0000] {processor.py:840} INFO - DAG(s) 'daily_revenue_etl_dag' retrieved from /opt/airflow/dags/daily_revenue_etl_dag.py
[2026-03-27T04:20:54.803+0000] {logging_mixin.py:188} INFO - [2026-03-27T04:20:54.796+0000] {dag.py:3036} INFO - Sync 1 DAGs
[2026-03-27T04:20:55.327+0000] {logging_mixin.py:188} INFO - [2026-03-27T04:20:55.325+0000] {dag.py:3823} INFO - Setting next_dagrun for daily_revenue_etl_dag to 2026-03-27 00:00:00+00:00, run_after=2026-03-28 00:00:00+00:00
[2026-03-27T04:20:55.613+0000] {processor.py:183} INFO - Processing /opt/airflow/dags/daily_revenue_etl_dag.py took 1.840 seconds
[2026-03-27T04:21:23.822+0000] {processor.py:161} INFO - Started process (PID=1577) to work on /opt/airflow/dags/daily_revenue_etl_dag.py
[2026-03-27T04:21:23.835+0000] {processor.py:830} INFO - Processing file /opt/airflow/dags/daily_revenue_etl_dag.py for tasks to queue
[2026-03-27T04:21:23.849+0000] {logging_mixin.py:188} INFO - [2026-03-27T04:21:23.847+0000] {dagbag.py:538} INFO - Filling up the DagBag from /opt/airflow/dags/daily_revenue_etl_dag.py
[2026-03-27T04:21:24.124+0000] {processor.py:840} INFO - DAG(s) 'daily_revenue_etl_dag' retrieved from /opt/airflow/dags/daily_revenue_etl_dag.py
[2026-03-27T04:21:24.380+0000] {logging_mixin.py:188} INFO - [2026-03-27T04:21:24.378+0000] {dag.py:3036} INFO - Sync 1 DAGs
[2026-03-27T04:21:24.480+0000] {logging_mixin.py:188} INFO - [2026-03-27T04:21:24.479+0000] {dag.py:3823} INFO - Setting next_dagrun for daily_revenue_etl_dag to 2026-03-27 00:00:00+00:00, run_after=2026-03-28 00:00:00+00:00
[2026-03-27T04:21:24.550+0000] {processor.py:183} INFO - Processing /opt/airflow/dags/daily_revenue_etl_dag.py took 0.753 seconds
[2026-03-27T04:45:22.222+0000] {processor.py:161} INFO - Started process (PID=1582) to work on /opt/airflow/dags/daily_revenue_etl_dag.py
[2026-03-27T04:45:22.224+0000] {processor.py:830} INFO - Processing file /opt/airflow/dags/daily_revenue_etl_dag.py for tasks to queue
[2026-03-27T04:45:22.225+0000] {logging_mixin.py:188} INFO - [2026-03-27T04:45:22.225+0000] {dagbag.py:538} INFO - Filling up the DagBag from /opt/airflow/dags/daily_revenue_etl_dag.py
[2026-03-27T04:45:22.252+0000] {processor.py:840} INFO - DAG(s) 'daily_revenue_etl_dag' retrieved from /opt/airflow/dags/daily_revenue_etl_dag.py
[2026-03-27T04:45:22.291+0000] {logging_mixin.py:188} INFO - [2026-03-27T04:45:22.290+0000] {dag.py:3036} INFO - Sync 1 DAGs
[2026-03-27T04:21:49.878+0000] {logging_mixin.py:188} INFO - [2026-03-27T04:21:49.878+0000] {dag.py:3823} INFO - Setting next_dagrun for daily_revenue_etl_dag to 2026-03-27 00:00:00+00:00, run_after=2026-03-28 00:00:00+00:00
[2026-03-27T04:21:49.907+0000] {processor.py:183} INFO - Processing /opt/airflow/dags/daily_revenue_etl_dag.py took 0.141 seconds
[2026-03-27T04:22:20.080+0000] {processor.py:161} INFO - Started process (PID=1587) to work on /opt/airflow/dags/daily_revenue_etl_dag.py
[2026-03-27T04:22:20.083+0000] {processor.py:830} INFO - Processing file /opt/airflow/dags/daily_revenue_etl_dag.py for tasks to queue
[2026-03-27T04:22:20.087+0000] {logging_mixin.py:188} INFO - [2026-03-27T04:22:20.086+0000] {dagbag.py:538} INFO - Filling up the DagBag from /opt/airflow/dags/daily_revenue_etl_dag.py
[2026-03-27T04:22:20.130+0000] {processor.py:840} INFO - DAG(s) 'daily_revenue_etl_dag' retrieved from /opt/airflow/dags/daily_revenue_etl_dag.py
[2026-03-27T04:22:20.184+0000] {logging_mixin.py:188} INFO - [2026-03-27T04:22:20.183+0000] {dag.py:3036} INFO - Sync 1 DAGs
[2026-03-27T04:22:20.221+0000] {logging_mixin.py:188} INFO - [2026-03-27T04:22:20.220+0000] {dag.py:3823} INFO - Setting next_dagrun for daily_revenue_etl_dag to 2026-03-27 00:00:00+00:00, run_after=2026-03-28 00:00:00+00:00
[2026-03-27T04:22:20.250+0000] {processor.py:183} INFO - Processing /opt/airflow/dags/daily_revenue_etl_dag.py took 0.176 seconds
[2026-03-27T04:46:15.956+0000] {processor.py:161} INFO - Started process (PID=1592) to work on /opt/airflow/dags/daily_revenue_etl_dag.py
[2026-03-27T04:46:15.958+0000] {processor.py:830} INFO - Processing file /opt/airflow/dags/daily_revenue_etl_dag.py for tasks to queue
[2026-03-27T04:46:15.959+0000] {logging_mixin.py:188} INFO - [2026-03-27T04:46:15.959+0000] {dagbag.py:538} INFO - Filling up the DagBag from /opt/airflow/dags/daily_revenue_etl_dag.py
[2026-03-27T04:46:15.984+0000] {processor.py:840} INFO - DAG(s) 'daily_revenue_etl_dag' retrieved from /opt/airflow/dags/daily_revenue_etl_dag.py
[2026-03-27T04:46:16.011+0000] {logging_mixin.py:188} INFO - [2026-03-27T04:46:16.011+0000] {dag.py:3036} INFO - Sync 1 DAGs
[2026-03-27T04:46:16.035+0000] {logging_mixin.py:188} INFO - [2026-03-27T04:46:16.034+0000] {dag.py:3823} INFO - Setting next_dagrun for daily_revenue_etl_dag to 2026-03-27 00:00:00+00:00, run_after=2026-03-28 00:00:00+00:00
[2026-03-27T04:46:16.055+0000] {processor.py:183} INFO - Processing /opt/airflow/dags/daily_revenue_etl_dag.py took 0.104 seconds
[2026-03-27T04:23:13.849+0000] {processor.py:161} INFO - Started process (PID=1597) to work on /opt/airflow/dags/daily_revenue_etl_dag.py
[2026-03-27T04:23:13.854+0000] {processor.py:830} INFO - Processing file /opt/airflow/dags/daily_revenue_etl_dag.py for tasks to queue
[2026-03-27T04:23:13.867+0000] {logging_mixin.py:188} INFO - [2026-03-27T04:23:13.866+0000] {dagbag.py:538} INFO - Filling up the DagBag from /opt/airflow/dags/daily_revenue_etl_dag.py
[2026-03-27T04:23:14.141+0000] {processor.py:840} INFO - DAG(s) 'daily_revenue_etl_dag' retrieved from /opt/airflow/dags/daily_revenue_etl_dag.py
[2026-03-27T04:23:14.250+0000] {logging_mixin.py:188} INFO - [2026-03-27T04:23:14.248+0000] {dag.py:3036} INFO - Sync 1 DAGs
[2026-03-27T04:23:14.368+0000] {logging_mixin.py:188} INFO - [2026-03-27T04:23:14.366+0000] {dag.py:3823} INFO - Setting next_dagrun for daily_revenue_etl_dag to 2026-03-27 00:00:00+00:00, run_after=2026-03-28 00:00:00+00:00
[2026-03-27T04:23:14.511+0000] {processor.py:183} INFO - Processing /opt/airflow/dags/daily_revenue_etl_dag.py took 0.678 seconds
[2026-03-27T04:46:51.146+0000] {processor.py:161} INFO - Started process (PID=1602) to work on /opt/airflow/dags/daily_revenue_etl_dag.py
[2026-03-27T04:46:51.152+0000] {processor.py:830} INFO - Processing file /opt/airflow/dags/daily_revenue_etl_dag.py for tasks to queue
[2026-03-27T04:46:51.167+0000] {logging_mixin.py:188} INFO - [2026-03-27T04:46:51.164+0000] {dagbag.py:538} INFO - Filling up the DagBag from /opt/airflow/dags/daily_revenue_etl_dag.py
[2026-03-27T04:46:51.220+0000] {processor.py:840} INFO - DAG(s) 'daily_revenue_etl_dag' retrieved from /opt/airflow/dags/daily_revenue_etl_dag.py
[2026-03-27T04:23:18.893+0000] {logging_mixin.py:188} INFO - [2026-03-27T04:23:18.892+0000] {dag.py:3036} INFO - Sync 1 DAGs
[2026-03-27T04:23:19.003+0000] {logging_mixin.py:188} INFO - [2026-03-27T04:23:19.002+0000] {dag.py:3823} INFO - Setting next_dagrun for daily_revenue_etl_dag to 2026-03-27 00:00:00+00:00, run_after=2026-03-28 00:00:00+00:00
[2026-03-27T04:23:19.075+0000] {processor.py:183} INFO - Processing /opt/airflow/dags/daily_revenue_etl_dag.py took 0.405 seconds
[2026-03-27T04:23:49.221+0000] {processor.py:161} INFO - Started process (PID=1607) to work on /opt/airflow/dags/daily_revenue_etl_dag.py
[2026-03-27T04:23:49.224+0000] {processor.py:830} INFO - Processing file /opt/airflow/dags/daily_revenue_etl_dag.py for tasks to queue
[2026-03-27T04:23:49.226+0000] {logging_mixin.py:188} INFO - [2026-03-27T04:23:49.225+0000] {dagbag.py:538} INFO - Filling up the DagBag from /opt/airflow/dags/daily_revenue_etl_dag.py
[2026-03-27T04:23:49.257+0000] {processor.py:840} INFO - DAG(s) 'daily_revenue_etl_dag' retrieved from /opt/airflow/dags/daily_revenue_etl_dag.py
[2026-03-27T04:23:49.287+0000] {logging_mixin.py:188} INFO - [2026-03-27T04:23:49.286+0000] {dag.py:3036} INFO - Sync 1 DAGs
[2026-03-27T04:23:49.309+0000] {logging_mixin.py:188} INFO - [2026-03-27T04:23:49.308+0000] {dag.py:3823} INFO - Setting next_dagrun for daily_revenue_etl_dag to 2026-03-27 00:00:00+00:00, run_after=2026-03-28 00:00:00+00:00
[2026-03-27T04:23:49.326+0000] {processor.py:183} INFO - Processing /opt/airflow/dags/daily_revenue_etl_dag.py took 0.111 seconds
[2026-03-27T04:24:19.463+0000] {processor.py:161} INFO - Started process (PID=1612) to work on /opt/airflow/dags/daily_revenue_etl_dag.py
[2026-03-27T04:24:19.466+0000] {processor.py:830} INFO - Processing file /opt/airflow/dags/daily_revenue_etl_dag.py for tasks to queue
[2026-03-27T04:24:19.469+0000] {logging_mixin.py:188} INFO - [2026-03-27T04:24:19.468+0000] {dagbag.py:538} INFO - Filling up the DagBag from /opt/airflow/dags/daily_revenue_etl_dag.py
[2026-03-27T04:24:19.507+0000] {processor.py:840} INFO - DAG(s) 'daily_revenue_etl_dag' retrieved from /opt/airflow/dags/daily_revenue_etl_dag.py
[2026-03-27T04:24:19.556+0000] {logging_mixin.py:188} INFO - [2026-03-27T04:24:19.555+0000] {dag.py:3036} INFO - Sync 1 DAGs
[2026-03-27T04:24:19.597+0000] {logging_mixin.py:188} INFO - [2026-03-27T04:24:19.596+0000] {dag.py:3823} INFO - Setting next_dagrun for daily_revenue_etl_dag to 2026-03-27 00:00:00+00:00, run_after=2026-03-28 00:00:00+00:00
[2026-03-27T04:24:19.632+0000] {processor.py:183} INFO - Processing /opt/airflow/dags/daily_revenue_etl_dag.py took 0.174 seconds
[2026-03-27T04:47:56.175+0000] {processor.py:161} INFO - Started process (PID=1617) to work on /opt/airflow/dags/daily_revenue_etl_dag.py
[2026-03-27T04:47:56.176+0000] {processor.py:830} INFO - Processing file /opt/airflow/dags/daily_revenue_etl_dag.py for tasks to queue
[2026-03-27T04:47:56.178+0000] {logging_mixin.py:188} INFO - [2026-03-27T04:47:56.177+0000] {dagbag.py:538} INFO - Filling up the DagBag from /opt/airflow/dags/daily_revenue_etl_dag.py
[2026-03-27T04:47:56.209+0000] {processor.py:840} INFO - DAG(s) 'daily_revenue_etl_dag' retrieved from /opt/airflow/dags/daily_revenue_etl_dag.py
[2026-03-27T04:47:56.245+0000] {logging_mixin.py:188} INFO - [2026-03-27T04:47:56.245+0000] {dag.py:3036} INFO - Sync 1 DAGs
[2026-03-27T04:47:56.277+0000] {logging_mixin.py:188} INFO - [2026-03-27T04:47:56.276+0000] {dag.py:3823} INFO - Setting next_dagrun for daily_revenue_etl_dag to 2026-03-27 00:00:00+00:00, run_after=2026-03-28 00:00:00+00:00
[2026-03-27T04:47:56.309+0000] {processor.py:183} INFO - Processing /opt/airflow/dags/daily_revenue_etl_dag.py took 0.138 seconds
[2026-03-27T04:49:52.208+0000] {processor.py:161} INFO - Started process (PID=1622) to work on /opt/airflow/dags/daily_revenue_etl_dag.py
[2026-03-27T04:49:52.210+0000] {processor.py:830} INFO - Processing file /opt/airflow/dags/daily_revenue_etl_dag.py for tasks to queue
[2026-03-27T04:49:52.211+0000] {logging_mixin.py:188} INFO - [2026-03-27T04:49:52.211+0000] {dagbag.py:538} INFO - Filling up the DagBag from /opt/airflow/dags/daily_revenue_etl_dag.py
[2026-03-27T04:49:52.242+0000] {processor.py:840} INFO - DAG(s) 'daily_revenue_etl_dag' retrieved from /opt/airflow/dags/daily_revenue_etl_dag.py
[2026-03-27T04:49:52.278+0000] {logging_mixin.py:188} INFO - [2026-03-27T04:49:52.278+0000] {dag.py:3036} INFO - Sync 1 DAGs
[2026-03-27T04:49:52.310+0000] {logging_mixin.py:188} INFO - [2026-03-27T04:49:52.309+0000] {dag.py:3823} INFO - Setting next_dagrun for daily_revenue_etl_dag to 2026-03-27 00:00:00+00:00, run_after=2026-03-28 00:00:00+00:00
[2026-03-27T04:49:52.340+0000] {processor.py:183} INFO - Processing /opt/airflow/dags/daily_revenue_etl_dag.py took 0.135 seconds
[2026-03-27T04:50:26.539+0000] {processor.py:161} INFO - Started process (PID=1627) to work on /opt/airflow/dags/daily_revenue_etl_dag.py
[2026-03-27T04:50:26.541+0000] {processor.py:830} INFO - Processing file /opt/airflow/dags/daily_revenue_etl_dag.py for tasks to queue
[2026-03-27T04:50:26.542+0000] {logging_mixin.py:188} INFO - [2026-03-27T04:50:26.542+0000] {dagbag.py:538} INFO - Filling up the DagBag from /opt/airflow/dags/daily_revenue_etl_dag.py
[2026-03-27T04:50:26.576+0000] {processor.py:840} INFO - DAG(s) 'daily_revenue_etl_dag' retrieved from /opt/airflow/dags/daily_revenue_etl_dag.py
[2026-03-27T04:26:54.185+0000] {logging_mixin.py:188} INFO - [2026-03-27T04:26:54.184+0000] {dag.py:3036} INFO - Sync 1 DAGs
[2026-03-27T04:26:54.269+0000] {logging_mixin.py:188} INFO - [2026-03-27T04:26:54.268+0000] {dag.py:3823} INFO - Setting next_dagrun for daily_revenue_etl_dag to 2026-03-27 00:00:00+00:00, run_after=2026-03-28 00:00:00+00:00
[2026-03-27T04:26:54.339+0000] {processor.py:183} INFO - Processing /opt/airflow/dags/daily_revenue_etl_dag.py took 0.252 seconds
[2026-03-27T04:27:24.428+0000] {processor.py:161} INFO - Started process (PID=1632) to work on /opt/airflow/dags/daily_revenue_etl_dag.py
[2026-03-27T04:27:24.429+0000] {processor.py:830} INFO - Processing file /opt/airflow/dags/daily_revenue_etl_dag.py for tasks to queue
[2026-03-27T04:27:24.431+0000] {logging_mixin.py:188} INFO - [2026-03-27T04:27:24.430+0000] {dagbag.py:538} INFO - Filling up the DagBag from /opt/airflow/dags/daily_revenue_etl_dag.py
[2026-03-27T04:27:24.453+0000] {processor.py:840} INFO - DAG(s) 'daily_revenue_etl_dag' retrieved from /opt/airflow/dags/daily_revenue_etl_dag.py
[2026-03-27T04:27:24.487+0000] {logging_mixin.py:188} INFO - [2026-03-27T04:27:24.487+0000] {dag.py:3036} INFO - Sync 1 DAGs
[2026-03-27T04:27:24.519+0000] {logging_mixin.py:188} INFO - [2026-03-27T04:27:24.519+0000] {dag.py:3823} INFO - Setting next_dagrun for daily_revenue_etl_dag to 2026-03-27 00:00:00+00:00, run_after=2026-03-28 00:00:00+00:00
[2026-03-27T04:27:24.542+0000] {processor.py:183} INFO - Processing /opt/airflow/dags/daily_revenue_etl_dag.py took 0.119 seconds
[2026-03-27T04:51:22.204+0000] {processor.py:161} INFO - Started process (PID=1637) to work on /opt/airflow/dags/daily_revenue_etl_dag.py
[2026-03-27T04:51:22.207+0000] {processor.py:830} INFO - Processing file /opt/airflow/dags/daily_revenue_etl_dag.py for tasks to queue
[2026-03-27T04:51:22.210+0000] {logging_mixin.py:188} INFO - [2026-03-27T04:51:22.209+0000] {dagbag.py:538} INFO - Filling up the DagBag from /opt/airflow/dags/daily_revenue_etl_dag.py
[2026-03-27T04:51:22.246+0000] {processor.py:840} INFO - DAG(s) 'daily_revenue_etl_dag' retrieved from /opt/airflow/dags/daily_revenue_etl_dag.py
[2026-03-27T04:51:22.287+0000] {logging_mixin.py:188} INFO - [2026-03-27T04:51:22.287+0000] {dag.py:3036} INFO - Sync 1 DAGs
[2026-03-27T04:27:49.877+0000] {logging_mixin.py:188} INFO - [2026-03-27T04:27:49.877+0000] {dag.py:3823} INFO - Setting next_dagrun for daily_revenue_etl_dag to 2026-03-27 00:00:00+00:00, run_after=2026-03-28 00:00:00+00:00
[2026-03-27T04:27:49.906+0000] {processor.py:183} INFO - Processing /opt/airflow/dags/daily_revenue_etl_dag.py took 0.151 seconds
[2026-03-27T04:51:41.562+0000] {processor.py:161} INFO - Started process (PID=1642) to work on /opt/airflow/dags/daily_revenue_etl_dag.py
[2026-03-27T04:51:41.564+0000] {processor.py:830} INFO - Processing file /opt/airflow/dags/daily_revenue_etl_dag.py for tasks to queue
[2026-03-27T04:51:41.565+0000] {logging_mixin.py:188} INFO - [2026-03-27T04:51:41.564+0000] {dagbag.py:538} INFO - Filling up the DagBag from /opt/airflow/dags/daily_revenue_etl_dag.py
[2026-03-27T04:51:41.587+0000] {processor.py:840} INFO - DAG(s) 'daily_revenue_etl_dag' retrieved from /opt/airflow/dags/daily_revenue_etl_dag.py
[2026-03-27T04:51:41.626+0000] {logging_mixin.py:188} INFO - [2026-03-27T04:51:41.625+0000] {dag.py:3036} INFO - Sync 1 DAGs
[2026-03-27T04:51:41.650+0000] {logging_mixin.py:188} INFO - [2026-03-27T04:51:41.649+0000] {dag.py:3823} INFO - Setting next_dagrun for daily_revenue_etl_dag to 2026-03-27 00:00:00+00:00, run_after=2026-03-28 00:00:00+00:00
[2026-03-27T04:51:41.671+0000] {processor.py:183} INFO - Processing /opt/airflow/dags/daily_revenue_etl_dag.py took 0.114 seconds
[2026-03-27T04:54:41.918+0000] {processor.py:161} INFO - Started process (PID=1649) to work on /opt/airflow/dags/daily_revenue_etl_dag.py
[2026-03-27T04:54:41.920+0000] {processor.py:830} INFO - Processing file /opt/airflow/dags/daily_revenue_etl_dag.py for tasks to queue
[2026-03-27T04:54:41.921+0000] {logging_mixin.py:188} INFO - [2026-03-27T04:54:41.921+0000] {dagbag.py:538} INFO - Filling up the DagBag from /opt/airflow/dags/daily_revenue_etl_dag.py
[2026-03-27T04:54:41.950+0000] {processor.py:840} INFO - DAG(s) 'daily_revenue_etl_dag' retrieved from /opt/airflow/dags/daily_revenue_etl_dag.py
[2026-03-27T04:54:41.984+0000] {logging_mixin.py:188} INFO - [2026-03-27T04:54:41.984+0000] {dag.py:3036} INFO - Sync 1 DAGs
[2026-03-27T04:54:42.015+0000] {logging_mixin.py:188} INFO - [2026-03-27T04:54:42.014+0000] {dag.py:3823} INFO - Setting next_dagrun for daily_revenue_etl_dag to 2026-03-27 00:00:00+00:00, run_after=2026-03-28 00:00:00+00:00
[2026-03-27T04:54:42.044+0000] {processor.py:183} INFO - Processing /opt/airflow/dags/daily_revenue_etl_dag.py took 0.131 seconds
[2026-03-27T04:55:12.171+0000] {processor.py:161} INFO - Started process (PID=1655) to work on /opt/airflow/dags/daily_revenue_etl_dag.py
[2026-03-27T04:55:12.173+0000] {processor.py:830} INFO - Processing file /opt/airflow/dags/daily_revenue_etl_dag.py for tasks to queue
[2026-03-27T04:55:12.175+0000] {logging_mixin.py:188} INFO - [2026-03-27T04:55:12.175+0000] {dagbag.py:538} INFO - Filling up the DagBag from /opt/airflow/dags/daily_revenue_etl_dag.py
[2026-03-27T04:55:12.213+0000] {processor.py:840} INFO - DAG(s) 'daily_revenue_etl_dag' retrieved from /opt/airflow/dags/daily_revenue_etl_dag.py
[2026-03-27T04:55:12.254+0000] {logging_mixin.py:188} INFO - [2026-03-27T04:55:12.254+0000] {dag.py:3036} INFO - Sync 1 DAGs
[2026-03-27T04:31:39.871+0000] {logging_mixin.py:188} INFO - [2026-03-27T04:31:39.871+0000] {dag.py:3823} INFO - Setting next_dagrun for daily_revenue_etl_dag to 2026-03-27 00:00:00+00:00, run_after=2026-03-28 00:00:00+00:00
[2026-03-27T04:31:39.909+0000] {processor.py:183} INFO - Processing /opt/airflow/dags/daily_revenue_etl_dag.py took 0.161 seconds
[2026-03-27T04:55:22.270+0000] {processor.py:161} INFO - Started process (PID=1661) to work on /opt/airflow/dags/daily_revenue_etl_dag.py
[2026-03-27T04:55:22.272+0000] {processor.py:830} INFO - Processing file /opt/airflow/dags/daily_revenue_etl_dag.py for tasks to queue
[2026-03-27T04:55:22.273+0000] {logging_mixin.py:188} INFO - [2026-03-27T04:55:22.273+0000] {dagbag.py:538} INFO - Filling up the DagBag from /opt/airflow/dags/daily_revenue_etl_dag.py
[2026-03-27T04:55:22.302+0000] {processor.py:840} INFO - DAG(s) 'daily_revenue_etl_dag' retrieved from /opt/airflow/dags/daily_revenue_etl_dag.py
[2026-03-27T04:31:49.933+0000] {logging_mixin.py:188} INFO - [2026-03-27T04:31:49.931+0000] {dag.py:3036} INFO - Sync 1 DAGs
[2026-03-27T04:31:50.090+0000] {logging_mixin.py:188} INFO - [2026-03-27T04:31:50.088+0000] {dag.py:3823} INFO - Setting next_dagrun for daily_revenue_etl_dag to 2026-03-27 00:00:00+00:00, run_after=2026-03-28 00:00:00+00:00
[2026-03-27T04:31:50.217+0000] {processor.py:183} INFO - Processing /opt/airflow/dags/daily_revenue_etl_dag.py took 0.390 seconds
[2026-03-27T04:32:20.458+0000] {processor.py:161} INFO - Started process (PID=1666) to work on /opt/airflow/dags/daily_revenue_etl_dag.py
[2026-03-27T04:32:20.459+0000] {processor.py:830} INFO - Processing file /opt/airflow/dags/daily_revenue_etl_dag.py for tasks to queue
[2026-03-27T04:32:20.460+0000] {logging_mixin.py:188} INFO - [2026-03-27T04:32:20.460+0000] {dagbag.py:538} INFO - Filling up the DagBag from /opt/airflow/dags/daily_revenue_etl_dag.py
[2026-03-27T04:32:20.477+0000] {processor.py:840} INFO - DAG(s) 'daily_revenue_etl_dag' retrieved from /opt/airflow/dags/daily_revenue_etl_dag.py
[2026-03-27T04:32:20.498+0000] {logging_mixin.py:188} INFO - [2026-03-27T04:32:20.498+0000] {dag.py:3036} INFO - Sync 1 DAGs
[2026-03-27T04:32:20.518+0000] {logging_mixin.py:188} INFO - [2026-03-27T04:32:20.517+0000] {dag.py:3823} INFO - Setting next_dagrun for daily_revenue_etl_dag to 2026-03-27 00:00:00+00:00, run_after=2026-03-28 00:00:00+00:00
[2026-03-27T04:32:20.537+0000] {processor.py:183} INFO - Processing /opt/airflow/dags/daily_revenue_etl_dag.py took 0.082 seconds
[2026-03-27T04:56:02.066+0000] {processor.py:161} INFO - Started process (PID=1671) to work on /opt/airflow/dags/daily_revenue_etl_dag.py
[2026-03-27T04:56:02.068+0000] {processor.py:830} INFO - Processing file /opt/airflow/dags/daily_revenue_etl_dag.py for tasks to queue
[2026-03-27T04:56:02.069+0000] {logging_mixin.py:188} INFO - [2026-03-27T04:56:02.069+0000] {dagbag.py:538} INFO - Filling up the DagBag from /opt/airflow/dags/daily_revenue_etl_dag.py
[2026-03-27T04:56:02.091+0000] {processor.py:840} INFO - DAG(s) 'daily_revenue_etl_dag' retrieved from /opt/airflow/dags/daily_revenue_etl_dag.py
[2026-03-27T04:56:02.115+0000] {logging_mixin.py:188} INFO - [2026-03-27T04:56:02.115+0000] {dag.py:3036} INFO - Sync 1 DAGs
[2026-03-27T04:56:02.138+0000] {logging_mixin.py:188} INFO - [2026-03-27T04:56:02.138+0000] {dag.py:3823} INFO - Setting next_dagrun for daily_revenue_etl_dag to 2026-03-27 00:00:00+00:00, run_after=2026-03-28 00:00:00+00:00
[2026-03-27T04:56:02.161+0000] {processor.py:183} INFO - Processing /opt/airflow/dags/daily_revenue_etl_dag.py took 0.100 seconds
[2026-03-27T04:56:32.271+0000] {processor.py:161} INFO - Started process (PID=1676) to work on /opt/airflow/dags/daily_revenue_etl_dag.py
[2026-03-27T04:56:32.272+0000] {processor.py:830} INFO - Processing file /opt/airflow/dags/daily_revenue_etl_dag.py for tasks to queue
[2026-03-27T04:56:32.274+0000] {logging_mixin.py:188} INFO - [2026-03-27T04:56:32.273+0000] {dagbag.py:538} INFO - Filling up the DagBag from /opt/airflow/dags/daily_revenue_etl_dag.py
[2026-03-27T04:32:59.864+0000] {processor.py:840} INFO - DAG(s) 'daily_revenue_etl_dag' retrieved from /opt/airflow/dags/daily_revenue_etl_dag.py
[2026-03-27T04:32:59.898+0000] {logging_mixin.py:188} INFO - [2026-03-27T04:32:59.898+0000] {dag.py:3036} INFO - Sync 1 DAGs
[2026-03-27T04:32:59.927+0000] {logging_mixin.py:188} INFO - [2026-03-27T04:32:59.927+0000] {dag.py:3823} INFO - Setting next_dagrun for daily_revenue_etl_dag to 2026-03-27 00:00:00+00:00, run_after=2026-03-28 00:00:00+00:00
[2026-03-27T04:32:59.958+0000] {processor.py:183} INFO - Processing /opt/airflow/dags/daily_revenue_etl_dag.py took 0.132 seconds
[2026-03-27T04:33:30.186+0000] {processor.py:161} INFO - Started process (PID=1681) to work on /opt/airflow/dags/daily_revenue_etl_dag.py
[2026-03-27T04:33:30.188+0000] {processor.py:830} INFO - Processing file /opt/airflow/dags/daily_revenue_etl_dag.py for tasks to queue
[2026-03-27T04:33:30.190+0000] {logging_mixin.py:188} INFO - [2026-03-27T04:33:30.189+0000] {dagbag.py:538} INFO - Filling up the DagBag from /opt/airflow/dags/daily_revenue_etl_dag.py
[2026-03-27T04:33:30.219+0000] {processor.py:840} INFO - DAG(s) 'daily_revenue_etl_dag' retrieved from /opt/airflow/dags/daily_revenue_etl_dag.py
[2026-03-27T04:33:30.253+0000] {logging_mixin.py:188} INFO - [2026-03-27T04:33:30.253+0000] {dag.py:3036} INFO - Sync 1 DAGs
[2026-03-27T04:33:30.283+0000] {logging_mixin.py:188} INFO - [2026-03-27T04:33:30.282+0000] {dag.py:3823} INFO - Setting next_dagrun for daily_revenue_etl_dag to 2026-03-27 00:00:00+00:00, run_after=2026-03-28 00:00:00+00:00
[2026-03-27T04:33:30.322+0000] {processor.py:183} INFO - Processing /opt/airflow/dags/daily_revenue_etl_dag.py took 0.143 seconds
[2026-03-27T04:34:00.419+0000] {processor.py:161} INFO - Started process (PID=1686) to work on /opt/airflow/dags/daily_revenue_etl_dag.py
[2026-03-27T04:34:00.420+0000] {processor.py:830} INFO - Processing file /opt/airflow/dags/daily_revenue_etl_dag.py for tasks to queue
[2026-03-27T04:34:00.422+0000] {logging_mixin.py:188} INFO - [2026-03-27T04:34:00.421+0000] {dagbag.py:538} INFO - Filling up the DagBag from /opt/airflow/dags/daily_revenue_etl_dag.py
[2026-03-27T04:34:00.440+0000] {processor.py:840} INFO - DAG(s) 'daily_revenue_etl_dag' retrieved from /opt/airflow/dags/daily_revenue_etl_dag.py
[2026-03-27T04:34:00.469+0000] {logging_mixin.py:188} INFO - [2026-03-27T04:34:00.469+0000] {dag.py:3036} INFO - Sync 1 DAGs
[2026-03-27T04:34:00.495+0000] {logging_mixin.py:188} INFO - [2026-03-27T04:34:00.495+0000] {dag.py:3823} INFO - Setting next_dagrun for daily_revenue_etl_dag to 2026-03-27 00:00:00+00:00, run_after=2026-03-28 00:00:00+00:00
[2026-03-27T04:34:00.519+0000] {processor.py:183} INFO - Processing /opt/airflow/dags/daily_revenue_etl_dag.py took 0.104 seconds
[2026-03-27T04:34:30.629+0000] {processor.py:161} INFO - Started process (PID=1691) to work on /opt/airflow/dags/daily_revenue_etl_dag.py
[2026-03-27T04:34:30.631+0000] {processor.py:830} INFO - Processing file /opt/airflow/dags/daily_revenue_etl_dag.py for tasks to queue
[2026-03-27T04:34:30.631+0000] {logging_mixin.py:188} INFO - [2026-03-27T04:34:30.631+0000] {dagbag.py:538} INFO - Filling up the DagBag from /opt/airflow/dags/daily_revenue_etl_dag.py
[2026-03-27T04:34:30.648+0000] {processor.py:840} INFO - DAG(s) 'daily_revenue_etl_dag' retrieved from /opt/airflow/dags/daily_revenue_etl_dag.py
[2026-03-27T04:34:30.670+0000] {logging_mixin.py:188} INFO - [2026-03-27T04:34:30.669+0000] {dag.py:3036} INFO - Sync 1 DAGs
[2026-03-27T04:34:30.688+0000] {logging_mixin.py:188} INFO - [2026-03-27T04:34:30.687+0000] {dag.py:3823} INFO - Setting next_dagrun for daily_revenue_etl_dag to 2026-03-27 00:00:00+00:00, run_after=2026-03-28 00:00:00+00:00
[2026-03-27T04:34:30.717+0000] {processor.py:183} INFO - Processing /opt/airflow/dags/daily_revenue_etl_dag.py took 0.092 seconds
[2026-03-27T04:58:22.289+0000] {processor.py:161} INFO - Started process (PID=1696) to work on /opt/airflow/dags/daily_revenue_etl_dag.py
[2026-03-27T04:58:22.290+0000] {processor.py:830} INFO - Processing file /opt/airflow/dags/daily_revenue_etl_dag.py for tasks to queue
[2026-03-27T04:58:22.291+0000] {logging_mixin.py:188} INFO - [2026-03-27T04:58:22.291+0000] {dagbag.py:538} INFO - Filling up the DagBag from /opt/airflow/dags/daily_revenue_etl_dag.py
[2026-03-27T04:58:22.308+0000] {processor.py:840} INFO - DAG(s) 'daily_revenue_etl_dag' retrieved from /opt/airflow/dags/daily_revenue_etl_dag.py
[2026-03-27T04:58:22.331+0000] {logging_mixin.py:188} INFO - [2026-03-27T04:58:22.331+0000] {dag.py:3036} INFO - Sync 1 DAGs
[2026-03-27T04:58:22.353+0000] {logging_mixin.py:188} INFO - [2026-03-27T04:58:22.352+0000] {dag.py:3823} INFO - Setting next_dagrun for daily_revenue_etl_dag to 2026-03-27 00:00:00+00:00, run_after=2026-03-28 00:00:00+00:00
[2026-03-27T04:34:49.947+0000] {processor.py:183} INFO - Processing /opt/airflow/dags/daily_revenue_etl_dag.py took 0.093 seconds
[2026-03-27T04:58:27.452+0000] {processor.py:161} INFO - Started process (PID=1701) to work on /opt/airflow/dags/daily_revenue_etl_dag.py
[2026-03-27T04:58:27.454+0000] {processor.py:830} INFO - Processing file /opt/airflow/dags/daily_revenue_etl_dag.py for tasks to queue
[2026-03-27T04:58:27.455+0000] {logging_mixin.py:188} INFO - [2026-03-27T04:58:27.454+0000] {dagbag.py:538} INFO - Filling up the DagBag from /opt/airflow/dags/daily_revenue_etl_dag.py
[2026-03-27T04:58:27.471+0000] {processor.py:840} INFO - DAG(s) 'daily_revenue_etl_dag' retrieved from /opt/airflow/dags/daily_revenue_etl_dag.py
[2026-03-27T04:58:27.493+0000] {logging_mixin.py:188} INFO - [2026-03-27T04:58:27.493+0000] {dag.py:3036} INFO - Sync 1 DAGs
[2026-03-27T04:58:27.511+0000] {logging_mixin.py:188} INFO - [2026-03-27T04:58:27.511+0000] {dag.py:3823} INFO - Setting next_dagrun for daily_revenue_etl_dag to 2026-03-27 00:00:00+00:00, run_after=2026-03-28 00:00:00+00:00
[2026-03-27T04:58:27.527+0000] {processor.py:183} INFO - Processing /opt/airflow/dags/daily_revenue_etl_dag.py took 0.077 seconds
[2026-03-27T04:36:49.947+0000] {processor.py:161} INFO - Started process (PID=1707) to work on /opt/airflow/dags/daily_revenue_etl_dag.py
[2026-03-27T04:36:49.949+0000] {processor.py:830} INFO - Processing file /opt/airflow/dags/daily_revenue_etl_dag.py for tasks to queue
[2026-03-27T04:36:49.951+0000] {logging_mixin.py:188} INFO - [2026-03-27T04:36:49.951+0000] {dagbag.py:538} INFO - Filling up the DagBag from /opt/airflow/dags/daily_revenue_etl_dag.py
[2026-03-27T04:36:50.004+0000] {processor.py:840} INFO - DAG(s) 'daily_revenue_etl_dag' retrieved from /opt/airflow/dags/daily_revenue_etl_dag.py
[2026-03-27T04:36:50.074+0000] {logging_mixin.py:188} INFO - [2026-03-27T04:36:50.073+0000] {dag.py:3036} INFO - Sync 1 DAGs
[2026-03-27T05:00:22.610+0000] {logging_mixin.py:188} INFO - [2026-03-27T05:00:22.608+0000] {dag.py:3823} INFO - Setting next_dagrun for daily_revenue_etl_dag to 2026-03-27 00:00:00+00:00, run_after=2026-03-28 00:00:00+00:00
[2026-03-27T05:00:22.700+0000] {processor.py:183} INFO - Processing /opt/airflow/dags/daily_revenue_etl_dag.py took 0.324 seconds
[2026-03-27T05:00:57.694+0000] {processor.py:161} INFO - Started process (PID=1712) to work on /opt/airflow/dags/daily_revenue_etl_dag.py
[2026-03-27T05:00:57.696+0000] {processor.py:830} INFO - Processing file /opt/airflow/dags/daily_revenue_etl_dag.py for tasks to queue
[2026-03-27T05:00:57.698+0000] {logging_mixin.py:188} INFO - [2026-03-27T05:00:57.697+0000] {dagbag.py:538} INFO - Filling up the DagBag from /opt/airflow/dags/daily_revenue_etl_dag.py
[2026-03-27T05:00:57.752+0000] {processor.py:840} INFO - DAG(s) 'daily_revenue_etl_dag' retrieved from /opt/airflow/dags/daily_revenue_etl_dag.py
[2026-03-27T05:00:57.804+0000] {logging_mixin.py:188} INFO - [2026-03-27T05:00:57.804+0000] {dag.py:3036} INFO - Sync 1 DAGs
[2026-03-27T04:37:25.412+0000] {logging_mixin.py:188} INFO - [2026-03-27T04:37:25.411+0000] {dag.py:3823} INFO - Setting next_dagrun for daily_revenue_etl_dag to 2026-03-27 00:00:00+00:00, run_after=2026-03-28 00:00:00+00:00
[2026-03-27T04:37:25.460+0000] {processor.py:183} INFO - Processing /opt/airflow/dags/daily_revenue_etl_dag.py took 0.204 seconds
[2026-03-27T05:01:02.732+0000] {processor.py:161} INFO - Started process (PID=1717) to work on /opt/airflow/dags/daily_revenue_etl_dag.py
[2026-03-27T05:01:02.733+0000] {processor.py:830} INFO - Processing file /opt/airflow/dags/daily_revenue_etl_dag.py for tasks to queue
[2026-03-27T05:01:02.734+0000] {logging_mixin.py:188} INFO - [2026-03-27T05:01:02.734+0000] {dagbag.py:538} INFO - Filling up the DagBag from /opt/airflow/dags/daily_revenue_etl_dag.py
[2026-03-27T05:01:02.753+0000] {processor.py:840} INFO - DAG(s) 'daily_revenue_etl_dag' retrieved from /opt/airflow/dags/daily_revenue_etl_dag.py
[2026-03-27T05:01:02.784+0000] {logging_mixin.py:188} INFO - [2026-03-27T05:01:02.784+0000] {dag.py:3036} INFO - Sync 1 DAGs
[2026-03-27T05:01:02.813+0000] {logging_mixin.py:188} INFO - [2026-03-27T05:01:02.812+0000] {dag.py:3823} INFO - Setting next_dagrun for daily_revenue_etl_dag to 2026-03-27 00:00:00+00:00, run_after=2026-03-28 00:00:00+00:00
[2026-03-27T04:37:30.414+0000] {processor.py:183} INFO - Processing /opt/airflow/dags/daily_revenue_etl_dag.py took 0.116 seconds
[2026-03-27T05:01:07.847+0000] {processor.py:161} INFO - Started process (PID=1722) to work on /opt/airflow/dags/daily_revenue_etl_dag.py
[2026-03-27T05:01:07.850+0000] {processor.py:830} INFO - Processing file /opt/airflow/dags/daily_revenue_etl_dag.py for tasks to queue
[2026-03-27T05:01:07.851+0000] {logging_mixin.py:188} INFO - [2026-03-27T05:01:07.851+0000] {dagbag.py:538} INFO - Filling up the DagBag from /opt/airflow/dags/daily_revenue_etl_dag.py
[2026-03-27T04:37:35.465+0000] {processor.py:840} INFO - DAG(s) 'daily_revenue_etl_dag' retrieved from /opt/airflow/dags/daily_revenue_etl_dag.py
[2026-03-27T04:37:35.540+0000] {logging_mixin.py:188} INFO - [2026-03-27T04:37:35.539+0000] {dag.py:3036} INFO - Sync 1 DAGs
[2026-03-27T04:37:35.661+0000] {logging_mixin.py:188} INFO - [2026-03-27T04:37:35.660+0000] {dag.py:3823} INFO - Setting next_dagrun for daily_revenue_etl_dag to 2026-03-27 00:00:00+00:00, run_after=2026-03-28 00:00:00+00:00
[2026-03-27T04:37:35.751+0000] {processor.py:183} INFO - Processing /opt/airflow/dags/daily_revenue_etl_dag.py took 0.347 seconds
[2026-03-27T04:37:50.120+0000] {processor.py:161} INFO - Started process (PID=1727) to work on /opt/airflow/dags/daily_revenue_etl_dag.py
[2026-03-27T04:37:50.125+0000] {processor.py:830} INFO - Processing file /opt/airflow/dags/daily_revenue_etl_dag.py for tasks to queue
[2026-03-27T04:37:50.130+0000] {logging_mixin.py:188} INFO - [2026-03-27T04:37:50.128+0000] {dagbag.py:538} INFO - Filling up the DagBag from /opt/airflow/dags/daily_revenue_etl_dag.py
[2026-03-27T04:37:50.204+0000] {processor.py:840} INFO - DAG(s) 'daily_revenue_etl_dag' retrieved from /opt/airflow/dags/daily_revenue_etl_dag.py
[2026-03-27T05:01:22.702+0000] {logging_mixin.py:188} INFO - [2026-03-27T05:01:22.702+0000] {dag.py:3036} INFO - Sync 1 DAGs
[2026-03-27T05:01:22.748+0000] {logging_mixin.py:188} INFO - [2026-03-27T05:01:22.748+0000] {dag.py:3823} INFO - Setting next_dagrun for daily_revenue_etl_dag to 2026-03-27 00:00:00+00:00, run_after=2026-03-28 00:00:00+00:00
[2026-03-27T05:01:22.795+0000] {processor.py:183} INFO - Processing /opt/airflow/dags/daily_revenue_etl_dag.py took 0.256 seconds
[2026-03-27T05:01:57.869+0000] {processor.py:161} INFO - Started process (PID=1733) to work on /opt/airflow/dags/daily_revenue_etl_dag.py
[2026-03-27T05:01:57.873+0000] {processor.py:830} INFO - Processing file /opt/airflow/dags/daily_revenue_etl_dag.py for tasks to queue
[2026-03-27T05:01:57.876+0000] {logging_mixin.py:188} INFO - [2026-03-27T05:01:57.875+0000] {dagbag.py:538} INFO - Filling up the DagBag from /opt/airflow/dags/daily_revenue_etl_dag.py
[2026-03-27T04:38:25.543+0000] {processor.py:840} INFO - DAG(s) 'daily_revenue_etl_dag' retrieved from /opt/airflow/dags/daily_revenue_etl_dag.py
[2026-03-27T04:38:25.727+0000] {logging_mixin.py:188} INFO - [2026-03-27T04:38:25.725+0000] {dag.py:3036} INFO - Sync 1 DAGs
[2026-03-27T04:38:25.896+0000] {logging_mixin.py:188} INFO - [2026-03-27T04:38:25.895+0000] {dag.py:3823} INFO - Setting next_dagrun for daily_revenue_etl_dag to 2026-03-27 00:00:00+00:00, run_after=2026-03-28 00:00:00+00:00
[2026-03-27T04:38:26.055+0000] {processor.py:183} INFO - Processing /opt/airflow/dags/daily_revenue_etl_dag.py took 0.630 seconds
[2026-03-27T04:38:56.356+0000] {processor.py:161} INFO - Started process (PID=1738) to work on /opt/airflow/dags/daily_revenue_etl_dag.py
[2026-03-27T04:38:56.359+0000] {processor.py:830} INFO - Processing file /opt/airflow/dags/daily_revenue_etl_dag.py for tasks to queue
[2026-03-27T04:38:56.361+0000] {logging_mixin.py:188} INFO - [2026-03-27T04:38:56.360+0000] {dagbag.py:538} INFO - Filling up the DagBag from /opt/airflow/dags/daily_revenue_etl_dag.py
[2026-03-27T04:38:56.404+0000] {processor.py:840} INFO - DAG(s) 'daily_revenue_etl_dag' retrieved from /opt/airflow/dags/daily_revenue_etl_dag.py
[2026-03-27T04:38:56.461+0000] {logging_mixin.py:188} INFO - [2026-03-27T04:38:56.461+0000] {dag.py:3036} INFO - Sync 1 DAGs
[2026-03-27T04:38:56.510+0000] {logging_mixin.py:188} INFO - [2026-03-27T04:38:56.509+0000] {dag.py:3823} INFO - Setting next_dagrun for daily_revenue_etl_dag to 2026-03-27 00:00:00+00:00, run_after=2026-03-28 00:00:00+00:00
[2026-03-27T04:38:56.556+0000] {processor.py:183} INFO - Processing /opt/airflow/dags/daily_revenue_etl_dag.py took 0.208 seconds
[2026-03-27T05:02:37.857+0000] {processor.py:161} INFO - Started process (PID=1743) to work on /opt/airflow/dags/daily_revenue_etl_dag.py
[2026-03-27T05:02:37.858+0000] {processor.py:830} INFO - Processing file /opt/airflow/dags/daily_revenue_etl_dag.py for tasks to queue
[2026-03-27T05:02:37.859+0000] {logging_mixin.py:188} INFO - [2026-03-27T05:02:37.859+0000] {dagbag.py:538} INFO - Filling up the DagBag from /opt/airflow/dags/daily_revenue_etl_dag.py
[2026-03-27T05:02:37.875+0000] {processor.py:840} INFO - DAG(s) 'daily_revenue_etl_dag' retrieved from /opt/airflow/dags/daily_revenue_etl_dag.py
[2026-03-27T05:02:37.898+0000] {logging_mixin.py:188} INFO - [2026-03-27T05:02:37.897+0000] {dag.py:3036} INFO - Sync 1 DAGs
[2026-03-27T05:02:37.916+0000] {logging_mixin.py:188} INFO - [2026-03-27T05:02:37.915+0000] {dag.py:3823} INFO - Setting next_dagrun for daily_revenue_etl_dag to 2026-03-27 00:00:00+00:00, run_after=2026-03-28 00:00:00+00:00
[2026-03-27T05:02:37.951+0000] {processor.py:183} INFO - Processing /opt/airflow/dags/daily_revenue_etl_dag.py took 0.096 seconds
[2026-03-27T05:03:22.329+0000] {processor.py:161} INFO - Started process (PID=1748) to work on /opt/airflow/dags/daily_revenue_etl_dag.py
[2026-03-27T05:03:22.330+0000] {processor.py:830} INFO - Processing file /opt/airflow/dags/daily_revenue_etl_dag.py for tasks to queue
[2026-03-27T05:03:22.332+0000] {logging_mixin.py:188} INFO - [2026-03-27T05:03:22.332+0000] {dagbag.py:538} INFO - Filling up the DagBag from /opt/airflow/dags/daily_revenue_etl_dag.py
[2026-03-27T05:03:22.372+0000] {processor.py:840} INFO - DAG(s) 'daily_revenue_etl_dag' retrieved from /opt/airflow/dags/daily_revenue_etl_dag.py
[2026-03-27T04:39:50.090+0000] {logging_mixin.py:188} INFO - [2026-03-27T04:39:50.087+0000] {dag.py:3036} INFO - Sync 1 DAGs
[2026-03-27T04:39:50.202+0000] {logging_mixin.py:188} INFO - [2026-03-27T04:39:50.202+0000] {dag.py:3823} INFO - Setting next_dagrun for daily_revenue_etl_dag to 2026-03-27 00:00:00+00:00, run_after=2026-03-28 00:00:00+00:00
[2026-03-27T04:39:50.275+0000] {processor.py:183} INFO - Processing /opt/airflow/dags/daily_revenue_etl_dag.py took 0.377 seconds
[2026-03-27T05:03:32.956+0000] {processor.py:161} INFO - Started process (PID=1753) to work on /opt/airflow/dags/daily_revenue_etl_dag.py
[2026-03-27T05:03:32.958+0000] {processor.py:830} INFO - Processing file /opt/airflow/dags/daily_revenue_etl_dag.py for tasks to queue
[2026-03-27T05:03:32.960+0000] {logging_mixin.py:188} INFO - [2026-03-27T05:03:32.959+0000] {dagbag.py:538} INFO - Filling up the DagBag from /opt/airflow/dags/daily_revenue_etl_dag.py
[2026-03-27T05:03:32.983+0000] {processor.py:840} INFO - DAG(s) 'daily_revenue_etl_dag' retrieved from /opt/airflow/dags/daily_revenue_etl_dag.py
[2026-03-27T05:03:33.012+0000] {logging_mixin.py:188} INFO - [2026-03-27T05:03:33.012+0000] {dag.py:3036} INFO - Sync 1 DAGs
[2026-03-27T05:03:33.040+0000] {logging_mixin.py:188} INFO - [2026-03-27T05:03:33.040+0000] {dag.py:3823} INFO - Setting next_dagrun for daily_revenue_etl_dag to 2026-03-27 00:00:00+00:00, run_after=2026-03-28 00:00:00+00:00
[2026-03-27T05:03:33.084+0000] {processor.py:183} INFO - Processing /opt/airflow/dags/daily_revenue_etl_dag.py took 0.133 seconds
[2026-03-27T05:04:22.366+0000] {processor.py:161} INFO - Started process (PID=1758) to work on /opt/airflow/dags/daily_revenue_etl_dag.py
[2026-03-27T05:04:22.372+0000] {processor.py:830} INFO - Processing file /opt/airflow/dags/daily_revenue_etl_dag.py for tasks to queue
[2026-03-27T05:04:22.381+0000] {logging_mixin.py:188} INFO - [2026-03-27T05:04:22.379+0000] {dagbag.py:538} INFO - Filling up the DagBag from /opt/airflow/dags/daily_revenue_etl_dag.py
[2026-03-27T04:40:50.014+0000] {processor.py:840} INFO - DAG(s) 'daily_revenue_etl_dag' retrieved from /opt/airflow/dags/daily_revenue_etl_dag.py
[2026-03-27T04:40:50.057+0000] {logging_mixin.py:188} INFO - [2026-03-27T04:40:50.056+0000] {dag.py:3036} INFO - Sync 1 DAGs
[2026-03-27T04:40:50.083+0000] {logging_mixin.py:188} INFO - [2026-03-27T04:40:50.083+0000] {dag.py:3823} INFO - Setting next_dagrun for daily_revenue_etl_dag to 2026-03-27 00:00:00+00:00, run_after=2026-03-28 00:00:00+00:00
[2026-03-27T04:40:50.122+0000] {processor.py:183} INFO - Processing /opt/airflow/dags/daily_revenue_etl_dag.py took 0.192 seconds
[2026-03-27T04:41:20.254+0000] {processor.py:161} INFO - Started process (PID=1763) to work on /opt/airflow/dags/daily_revenue_etl_dag.py
[2026-03-27T04:41:20.255+0000] {processor.py:830} INFO - Processing file /opt/airflow/dags/daily_revenue_etl_dag.py for tasks to queue
[2026-03-27T04:41:20.256+0000] {logging_mixin.py:188} INFO - [2026-03-27T04:41:20.256+0000] {dagbag.py:538} INFO - Filling up the DagBag from /opt/airflow/dags/daily_revenue_etl_dag.py
[2026-03-27T04:41:20.273+0000] {processor.py:840} INFO - DAG(s) 'daily_revenue_etl_dag' retrieved from /opt/airflow/dags/daily_revenue_etl_dag.py
[2026-03-27T04:41:20.298+0000] {logging_mixin.py:188} INFO - [2026-03-27T04:41:20.298+0000] {dag.py:3036} INFO - Sync 1 DAGs
[2026-03-27T04:41:20.318+0000] {logging_mixin.py:188} INFO - [2026-03-27T04:41:20.318+0000] {dag.py:3823} INFO - Setting next_dagrun for daily_revenue_etl_dag to 2026-03-27 00:00:00+00:00, run_after=2026-03-28 00:00:00+00:00
[2026-03-27T04:41:20.335+0000] {processor.py:183} INFO - Processing /opt/airflow/dags/daily_revenue_etl_dag.py took 0.084 seconds
[2026-03-27T04:41:50.527+0000] {processor.py:161} INFO - Started process (PID=1768) to work on /opt/airflow/dags/daily_revenue_etl_dag.py
[2026-03-27T04:41:50.529+0000] {processor.py:830} INFO - Processing file /opt/airflow/dags/daily_revenue_etl_dag.py for tasks to queue
[2026-03-27T04:41:50.530+0000] {logging_mixin.py:188} INFO - [2026-03-27T04:41:50.530+0000] {dagbag.py:538} INFO - Filling up the DagBag from /opt/airflow/dags/daily_revenue_etl_dag.py
[2026-03-27T04:41:50.562+0000] {processor.py:840} INFO - DAG(s) 'daily_revenue_etl_dag' retrieved from /opt/airflow/dags/daily_revenue_etl_dag.py
[2026-03-27T04:41:50.606+0000] {logging_mixin.py:188} INFO - [2026-03-27T04:41:50.606+0000] {dag.py:3036} INFO - Sync 1 DAGs
[2026-03-27T04:41:50.646+0000] {logging_mixin.py:188} INFO - [2026-03-27T04:41:50.645+0000] {dag.py:3823} INFO - Setting next_dagrun for daily_revenue_etl_dag to 2026-03-27 00:00:00+00:00, run_after=2026-03-28 00:00:00+00:00
[2026-03-27T05:05:23.122+0000] {processor.py:183} INFO - Processing /opt/airflow/dags/daily_revenue_etl_dag.py took 0.174 seconds
[2026-03-27T05:05:53.208+0000] {processor.py:161} INFO - Started process (PID=1775) to work on /opt/airflow/dags/daily_revenue_etl_dag.py
[2026-03-27T05:05:53.210+0000] {processor.py:830} INFO - Processing file /opt/airflow/dags/daily_revenue_etl_dag.py for tasks to queue
[2026-03-27T05:05:53.211+0000] {logging_mixin.py:188} INFO - [2026-03-27T05:05:53.210+0000] {dagbag.py:538} INFO - Filling up the DagBag from /opt/airflow/dags/daily_revenue_etl_dag.py
[2026-03-27T05:05:53.238+0000] {processor.py:840} INFO - DAG(s) 'daily_revenue_etl_dag' retrieved from /opt/airflow/dags/daily_revenue_etl_dag.py
[2026-03-27T04:42:21.064+0000] {logging_mixin.py:188} INFO - [2026-03-27T04:42:21.063+0000] {dag.py:3036} INFO - Sync 1 DAGs
[2026-03-27T04:42:21.110+0000] {logging_mixin.py:188} INFO - [2026-03-27T04:42:21.109+0000] {dag.py:3823} INFO - Setting next_dagrun for daily_revenue_etl_dag to 2026-03-27 00:00:00+00:00, run_after=2026-03-28 00:00:00+00:00
[2026-03-27T04:42:21.157+0000] {processor.py:183} INFO - Processing /opt/airflow/dags/daily_revenue_etl_dag.py took 0.383 seconds
[2026-03-27T04:42:51.368+0000] {processor.py:161} INFO - Started process (PID=1780) to work on /opt/airflow/dags/daily_revenue_etl_dag.py
[2026-03-27T04:42:51.369+0000] {processor.py:830} INFO - Processing file /opt/airflow/dags/daily_revenue_etl_dag.py for tasks to queue
[2026-03-27T04:42:51.370+0000] {logging_mixin.py:188} INFO - [2026-03-27T04:42:51.370+0000] {dagbag.py:538} INFO - Filling up the DagBag from /opt/airflow/dags/daily_revenue_etl_dag.py
[2026-03-27T04:42:51.395+0000] {processor.py:840} INFO - DAG(s) 'daily_revenue_etl_dag' retrieved from /opt/airflow/dags/daily_revenue_etl_dag.py
[2026-03-27T04:42:51.412+0000] {logging_mixin.py:188} INFO - [2026-03-27T04:42:51.411+0000] {dag.py:3036} INFO - Sync 1 DAGs
[2026-03-27T04:42:51.438+0000] {logging_mixin.py:188} INFO - [2026-03-27T04:42:51.437+0000] {dag.py:3823} INFO - Setting next_dagrun for daily_revenue_etl_dag to 2026-03-27 00:00:00+00:00, run_after=2026-03-28 00:00:00+00:00
[2026-03-27T04:42:51.461+0000] {processor.py:183} INFO - Processing /opt/airflow/dags/daily_revenue_etl_dag.py took 0.099 seconds
[2026-03-27T04:43:21.675+0000] {processor.py:161} INFO - Started process (PID=1785) to work on /opt/airflow/dags/daily_revenue_etl_dag.py
[2026-03-27T04:43:21.678+0000] {processor.py:830} INFO - Processing file /opt/airflow/dags/daily_revenue_etl_dag.py for tasks to queue
[2026-03-27T04:43:21.681+0000] {logging_mixin.py:188} INFO - [2026-03-27T04:43:21.680+0000] {dagbag.py:538} INFO - Filling up the DagBag from /opt/airflow/dags/daily_revenue_etl_dag.py
[2026-03-27T04:43:21.730+0000] {processor.py:840} INFO - DAG(s) 'daily_revenue_etl_dag' retrieved from /opt/airflow/dags/daily_revenue_etl_dag.py
[2026-03-27T04:43:21.764+0000] {logging_mixin.py:188} INFO - [2026-03-27T04:43:21.762+0000] {dag.py:3036} INFO - Sync 1 DAGs
[2026-03-27T04:43:21.831+0000] {logging_mixin.py:188} INFO - [2026-03-27T04:43:21.831+0000] {dag.py:3823} INFO - Setting next_dagrun for daily_revenue_etl_dag to 2026-03-27 00:00:00+00:00, run_after=2026-03-28 00:00:00+00:00
[2026-03-27T04:43:21.860+0000] {processor.py:183} INFO - Processing /opt/airflow/dags/daily_revenue_etl_dag.py took 0.198 seconds
[2026-03-27T05:06:58.377+0000] {processor.py:161} INFO - Started process (PID=1790) to work on /opt/airflow/dags/daily_revenue_etl_dag.py
[2026-03-27T05:06:58.379+0000] {processor.py:830} INFO - Processing file /opt/airflow/dags/daily_revenue_etl_dag.py for tasks to queue
[2026-03-27T05:06:58.381+0000] {logging_mixin.py:188} INFO - [2026-03-27T05:06:58.380+0000] {dagbag.py:538} INFO - Filling up the DagBag from /opt/airflow/dags/daily_revenue_etl_dag.py
[2026-03-27T05:06:58.410+0000] {processor.py:840} INFO - DAG(s) 'daily_revenue_etl_dag' retrieved from /opt/airflow/dags/daily_revenue_etl_dag.py
[2026-03-27T04:43:26.029+0000] {logging_mixin.py:188} INFO - [2026-03-27T04:43:26.029+0000] {dag.py:3036} INFO - Sync 1 DAGs
[2026-03-27T04:43:26.063+0000] {logging_mixin.py:188} INFO - [2026-03-27T04:43:26.063+0000] {dag.py:3823} INFO - Setting next_dagrun for daily_revenue_etl_dag to 2026-03-27 00:00:00+00:00, run_after=2026-03-28 00:00:00+00:00
[2026-03-27T04:43:26.088+0000] {processor.py:183} INFO - Processing /opt/airflow/dags/daily_revenue_etl_dag.py took 0.141 seconds
[2026-03-27T05:07:03.450+0000] {processor.py:161} INFO - Started process (PID=1795) to work on /opt/airflow/dags/daily_revenue_etl_dag.py
[2026-03-27T05:07:03.453+0000] {processor.py:830} INFO - Processing file /opt/airflow/dags/daily_revenue_etl_dag.py for tasks to queue
[2026-03-27T05:07:03.456+0000] {logging_mixin.py:188} INFO - [2026-03-27T05:07:03.454+0000] {dagbag.py:538} INFO - Filling up the DagBag from /opt/airflow/dags/daily_revenue_etl_dag.py
[2026-03-27T04:43:31.081+0000] {processor.py:840} INFO - DAG(s) 'daily_revenue_etl_dag' retrieved from /opt/airflow/dags/daily_revenue_etl_dag.py
[2026-03-27T04:43:31.106+0000] {logging_mixin.py:188} INFO - [2026-03-27T04:43:31.105+0000] {dag.py:3036} INFO - Sync 1 DAGs
[2026-03-27T04:43:31.150+0000] {logging_mixin.py:188} INFO - [2026-03-27T04:43:31.150+0000] {dag.py:3823} INFO - Setting next_dagrun for daily_revenue_etl_dag to 2026-03-27 00:00:00+00:00, run_after=2026-03-28 00:00:00+00:00
[2026-03-27T04:43:31.182+0000] {processor.py:183} INFO - Processing /opt/airflow/dags/daily_revenue_etl_dag.py took 0.171 seconds
[2026-03-27T04:44:01.379+0000] {processor.py:161} INFO - Started process (PID=1800) to work on /opt/airflow/dags/daily_revenue_etl_dag.py
[2026-03-27T04:44:01.380+0000] {processor.py:830} INFO - Processing file /opt/airflow/dags/daily_revenue_etl_dag.py for tasks to queue
[2026-03-27T04:44:01.381+0000] {logging_mixin.py:188} INFO - [2026-03-27T04:44:01.381+0000] {dagbag.py:538} INFO - Filling up the DagBag from /opt/airflow/dags/daily_revenue_etl_dag.py
[2026-03-27T04:44:01.409+0000] {processor.py:840} INFO - DAG(s) 'daily_revenue_etl_dag' retrieved from /opt/airflow/dags/daily_revenue_etl_dag.py
[2026-03-27T04:44:01.426+0000] {logging_mixin.py:188} INFO - [2026-03-27T04:44:01.425+0000] {dag.py:3036} INFO - Sync 1 DAGs
[2026-03-27T04:44:01.464+0000] {logging_mixin.py:188} INFO - [2026-03-27T04:44:01.464+0000] {dag.py:3823} INFO - Setting next_dagrun for daily_revenue_etl_dag to 2026-03-27 00:00:00+00:00, run_after=2026-03-28 00:00:00+00:00
[2026-03-27T04:44:01.495+0000] {processor.py:183} INFO - Processing /opt/airflow/dags/daily_revenue_etl_dag.py took 0.121 seconds
[2026-03-27T04:44:31.686+0000] {processor.py:161} INFO - Started process (PID=1805) to work on /opt/airflow/dags/daily_revenue_etl_dag.py
[2026-03-27T04:44:31.691+0000] {processor.py:830} INFO - Processing file /opt/airflow/dags/daily_revenue_etl_dag.py for tasks to queue
[2026-03-27T04:44:31.694+0000] {logging_mixin.py:188} INFO - [2026-03-27T04:44:31.693+0000] {dagbag.py:538} INFO - Filling up the DagBag from /opt/airflow/dags/daily_revenue_etl_dag.py
[2026-03-27T04:44:31.738+0000] {processor.py:840} INFO - DAG(s) 'daily_revenue_etl_dag' retrieved from /opt/airflow/dags/daily_revenue_etl_dag.py
[2026-03-27T04:44:31.765+0000] {logging_mixin.py:188} INFO - [2026-03-27T04:44:31.763+0000] {dag.py:3036} INFO - Sync 1 DAGs
[2026-03-27T04:44:31.810+0000] {logging_mixin.py:188} INFO - [2026-03-27T04:44:31.809+0000] {dag.py:3823} INFO - Setting next_dagrun for daily_revenue_etl_dag to 2026-03-27 00:00:00+00:00, run_after=2026-03-28 00:00:00+00:00
[2026-03-27T04:44:31.840+0000] {processor.py:183} INFO - Processing /opt/airflow/dags/daily_revenue_etl_dag.py took 0.164 seconds
[2026-03-27T05:08:22.298+0000] {processor.py:161} INFO - Started process (PID=1810) to work on /opt/airflow/dags/daily_revenue_etl_dag.py
[2026-03-27T05:08:22.302+0000] {processor.py:830} INFO - Processing file /opt/airflow/dags/daily_revenue_etl_dag.py for tasks to queue
[2026-03-27T05:08:22.305+0000] {logging_mixin.py:188} INFO - [2026-03-27T05:08:22.304+0000] {dagbag.py:538} INFO - Filling up the DagBag from /opt/airflow/dags/daily_revenue_etl_dag.py
[2026-03-27T05:08:22.366+0000] {processor.py:840} INFO - DAG(s) 'daily_revenue_etl_dag' retrieved from /opt/airflow/dags/daily_revenue_etl_dag.py
[2026-03-27T04:44:50.078+0000] {logging_mixin.py:188} INFO - [2026-03-27T04:44:50.077+0000] {dag.py:3036} INFO - Sync 1 DAGs
[2026-03-27T04:44:50.206+0000] {logging_mixin.py:188} INFO - [2026-03-27T04:44:50.204+0000] {dag.py:3823} INFO - Setting next_dagrun for daily_revenue_etl_dag to 2026-03-27 00:00:00+00:00, run_after=2026-03-28 00:00:00+00:00
[2026-03-27T04:44:50.291+0000] {processor.py:183} INFO - Processing /opt/airflow/dags/daily_revenue_etl_dag.py took 0.436 seconds
[2026-03-27T05:08:23.551+0000] {processor.py:161} INFO - Started process (PID=1815) to work on /opt/airflow/dags/daily_revenue_etl_dag.py
[2026-03-27T05:08:23.562+0000] {processor.py:830} INFO - Processing file /opt/airflow/dags/daily_revenue_etl_dag.py for tasks to queue
[2026-03-27T05:08:23.570+0000] {logging_mixin.py:188} INFO - [2026-03-27T05:08:23.568+0000] {dagbag.py:538} INFO - Filling up the DagBag from /opt/airflow/dags/daily_revenue_etl_dag.py
[2026-03-27T04:44:51.203+0000] {processor.py:840} INFO - DAG(s) 'daily_revenue_etl_dag' retrieved from /opt/airflow/dags/daily_revenue_etl_dag.py
[2026-03-27T04:44:51.250+0000] {logging_mixin.py:188} INFO - [2026-03-27T04:44:51.249+0000] {dag.py:3036} INFO - Sync 1 DAGs
[2026-03-27T04:44:51.344+0000] {logging_mixin.py:188} INFO - [2026-03-27T04:44:51.343+0000] {dag.py:3823} INFO - Setting next_dagrun for daily_revenue_etl_dag to 2026-03-27 00:00:00+00:00, run_after=2026-03-28 00:00:00+00:00
[2026-03-27T04:44:51.434+0000] {processor.py:183} INFO - Processing /opt/airflow/dags/daily_revenue_etl_dag.py took 0.327 seconds
[2026-03-27T04:45:21.752+0000] {processor.py:161} INFO - Started process (PID=1820) to work on /opt/airflow/dags/daily_revenue_etl_dag.py
[2026-03-27T04:45:21.754+0000] {processor.py:830} INFO - Processing file /opt/airflow/dags/daily_revenue_etl_dag.py for tasks to queue
[2026-03-27T04:45:21.755+0000] {logging_mixin.py:188} INFO - [2026-03-27T04:45:21.755+0000] {dagbag.py:538} INFO - Filling up the DagBag from /opt/airflow/dags/daily_revenue_etl_dag.py
[2026-03-27T04:45:21.780+0000] {processor.py:840} INFO - DAG(s) 'daily_revenue_etl_dag' retrieved from /opt/airflow/dags/daily_revenue_etl_dag.py
[2026-03-27T04:45:21.795+0000] {logging_mixin.py:188} INFO - [2026-03-27T04:45:21.794+0000] {dag.py:3036} INFO - Sync 1 DAGs
[2026-03-27T04:45:21.820+0000] {logging_mixin.py:188} INFO - [2026-03-27T04:45:21.820+0000] {dag.py:3823} INFO - Setting next_dagrun for daily_revenue_etl_dag to 2026-03-27 00:00:00+00:00, run_after=2026-03-28 00:00:00+00:00
[2026-03-27T04:45:21.841+0000] {processor.py:183} INFO - Processing /opt/airflow/dags/daily_revenue_etl_dag.py took 0.094 seconds
[2026-03-27T05:09:23.531+0000] {processor.py:161} INFO - Started process (PID=1825) to work on /opt/airflow/dags/daily_revenue_etl_dag.py
[2026-03-27T05:09:23.533+0000] {processor.py:830} INFO - Processing file /opt/airflow/dags/daily_revenue_etl_dag.py for tasks to queue
[2026-03-27T05:09:23.534+0000] {logging_mixin.py:188} INFO - [2026-03-27T05:09:23.534+0000] {dagbag.py:538} INFO - Filling up the DagBag from /opt/airflow/dags/daily_revenue_etl_dag.py
[2026-03-27T05:09:23.553+0000] {processor.py:840} INFO - DAG(s) 'daily_revenue_etl_dag' retrieved from /opt/airflow/dags/daily_revenue_etl_dag.py
[2026-03-27T05:09:23.579+0000] {logging_mixin.py:188} INFO - [2026-03-27T05:09:23.579+0000] {dag.py:3036} INFO - Sync 1 DAGs
[2026-03-27T05:09:23.606+0000] {logging_mixin.py:188} INFO - [2026-03-27T05:09:23.605+0000] {dag.py:3823} INFO - Setting next_dagrun for daily_revenue_etl_dag to 2026-03-27 00:00:00+00:00, run_after=2026-03-28 00:00:00+00:00
[2026-03-27T05:09:23.631+0000] {processor.py:183} INFO - Processing /opt/airflow/dags/daily_revenue_etl_dag.py took 0.103 seconds
[2026-03-27T04:46:21.371+0000] {processor.py:161} INFO - Started process (PID=1832) to work on /opt/airflow/dags/daily_revenue_etl_dag.py
[2026-03-27T04:46:21.373+0000] {processor.py:830} INFO - Processing file /opt/airflow/dags/daily_revenue_etl_dag.py for tasks to queue
[2026-03-27T04:46:21.376+0000] {logging_mixin.py:188} INFO - [2026-03-27T04:46:21.375+0000] {dagbag.py:538} INFO - Filling up the DagBag from /opt/airflow/dags/daily_revenue_etl_dag.py
[2026-03-27T04:46:21.405+0000] {processor.py:840} INFO - DAG(s) 'daily_revenue_etl_dag' retrieved from /opt/airflow/dags/daily_revenue_etl_dag.py
[2026-03-27T04:46:21.424+0000] {logging_mixin.py:188} INFO - [2026-03-27T04:46:21.424+0000] {dag.py:3036} INFO - Sync 1 DAGs
[2026-03-27T04:46:21.459+0000] {logging_mixin.py:188} INFO - [2026-03-27T04:46:21.458+0000] {dag.py:3823} INFO - Setting next_dagrun for daily_revenue_etl_dag to 2026-03-27 00:00:00+00:00, run_after=2026-03-28 00:00:00+00:00
[2026-03-27T04:46:21.484+0000] {processor.py:183} INFO - Processing /opt/airflow/dags/daily_revenue_etl_dag.py took 0.118 seconds
[2026-03-27T04:46:51.669+0000] {processor.py:161} INFO - Started process (PID=1837) to work on /opt/airflow/dags/daily_revenue_etl_dag.py
[2026-03-27T04:46:51.671+0000] {processor.py:830} INFO - Processing file /opt/airflow/dags/daily_revenue_etl_dag.py for tasks to queue
[2026-03-27T04:46:51.673+0000] {logging_mixin.py:188} INFO - [2026-03-27T04:46:51.672+0000] {dagbag.py:538} INFO - Filling up the DagBag from /opt/airflow/dags/daily_revenue_etl_dag.py
[2026-03-27T04:46:51.703+0000] {processor.py:840} INFO - DAG(s) 'daily_revenue_etl_dag' retrieved from /opt/airflow/dags/daily_revenue_etl_dag.py
[2026-03-27T04:46:51.718+0000] {logging_mixin.py:188} INFO - [2026-03-27T04:46:51.718+0000] {dag.py:3036} INFO - Sync 1 DAGs
[2026-03-27T04:46:51.745+0000] {logging_mixin.py:188} INFO - [2026-03-27T04:46:51.745+0000] {dag.py:3823} INFO - Setting next_dagrun for daily_revenue_etl_dag to 2026-03-27 00:00:00+00:00, run_after=2026-03-28 00:00:00+00:00
[2026-03-27T04:46:51.777+0000] {processor.py:183} INFO - Processing /opt/airflow/dags/daily_revenue_etl_dag.py took 0.113 seconds
[2026-03-27T05:10:52.313+0000] {processor.py:161} INFO - Started process (PID=1842) to work on /opt/airflow/dags/daily_revenue_etl_dag.py
[2026-03-27T05:10:52.314+0000] {processor.py:830} INFO - Processing file /opt/airflow/dags/daily_revenue_etl_dag.py for tasks to queue
[2026-03-27T05:10:52.315+0000] {logging_mixin.py:188} INFO - [2026-03-27T05:10:52.315+0000] {dagbag.py:538} INFO - Filling up the DagBag from /opt/airflow/dags/daily_revenue_etl_dag.py
[2026-03-27T05:10:52.346+0000] {processor.py:840} INFO - DAG(s) 'daily_revenue_etl_dag' retrieved from /opt/airflow/dags/daily_revenue_etl_dag.py
[2026-03-27T05:10:52.382+0000] {logging_mixin.py:188} INFO - [2026-03-27T05:10:52.381+0000] {dag.py:3036} INFO - Sync 1 DAGs
[2026-03-27T05:10:52.415+0000] {logging_mixin.py:188} INFO - [2026-03-27T05:10:52.414+0000] {dag.py:3823} INFO - Setting next_dagrun for daily_revenue_etl_dag to 2026-03-27 00:00:00+00:00, run_after=2026-03-28 00:00:00+00:00
[2026-03-27T05:10:52.446+0000] {processor.py:183} INFO - Processing /opt/airflow/dags/daily_revenue_etl_dag.py took 0.139 seconds
[2026-03-27T04:47:50.223+0000] {processor.py:161} INFO - Started process (PID=1847) to work on /opt/airflow/dags/daily_revenue_etl_dag.py
[2026-03-27T04:47:50.225+0000] {processor.py:830} INFO - Processing file /opt/airflow/dags/daily_revenue_etl_dag.py for tasks to queue
[2026-03-27T04:47:50.226+0000] {logging_mixin.py:188} INFO - [2026-03-27T04:47:50.225+0000] {dagbag.py:538} INFO - Filling up the DagBag from /opt/airflow/dags/daily_revenue_etl_dag.py
[2026-03-27T04:47:50.248+0000] {processor.py:840} INFO - DAG(s) 'daily_revenue_etl_dag' retrieved from /opt/airflow/dags/daily_revenue_etl_dag.py
[2026-03-27T04:47:50.264+0000] {logging_mixin.py:188} INFO - [2026-03-27T04:47:50.264+0000] {dag.py:3036} INFO - Sync 1 DAGs
[2026-03-27T04:47:50.294+0000] {logging_mixin.py:188} INFO - [2026-03-27T04:47:50.293+0000] {dag.py:3823} INFO - Setting next_dagrun for daily_revenue_etl_dag to 2026-03-27 00:00:00+00:00, run_after=2026-03-28 00:00:00+00:00
[2026-03-27T04:47:50.319+0000] {processor.py:183} INFO - Processing /opt/airflow/dags/daily_revenue_etl_dag.py took 0.101 seconds
[2026-03-27T05:11:23.789+0000] {processor.py:161} INFO - Started process (PID=1852) to work on /opt/airflow/dags/daily_revenue_etl_dag.py
[2026-03-27T05:11:23.790+0000] {processor.py:830} INFO - Processing file /opt/airflow/dags/daily_revenue_etl_dag.py for tasks to queue
[2026-03-27T05:11:23.791+0000] {logging_mixin.py:188} INFO - [2026-03-27T05:11:23.791+0000] {dagbag.py:538} INFO - Filling up the DagBag from /opt/airflow/dags/daily_revenue_etl_dag.py
[2026-03-27T05:11:23.813+0000] {processor.py:840} INFO - DAG(s) 'daily_revenue_etl_dag' retrieved from /opt/airflow/dags/daily_revenue_etl_dag.py
[2026-03-27T05:11:23.843+0000] {logging_mixin.py:188} INFO - [2026-03-27T05:11:23.843+0000] {dag.py:3036} INFO - Sync 1 DAGs
[2026-03-27T05:11:23.873+0000] {logging_mixin.py:188} INFO - [2026-03-27T05:11:23.872+0000] {dag.py:3823} INFO - Setting next_dagrun for daily_revenue_etl_dag to 2026-03-27 00:00:00+00:00, run_after=2026-03-28 00:00:00+00:00
[2026-03-27T05:11:23.899+0000] {processor.py:183} INFO - Processing /opt/airflow/dags/daily_revenue_etl_dag.py took 0.114 seconds
[2026-03-27T05:12:22.344+0000] {processor.py:161} INFO - Started process (PID=1857) to work on /opt/airflow/dags/daily_revenue_etl_dag.py
[2026-03-27T05:12:22.346+0000] {processor.py:830} INFO - Processing file /opt/airflow/dags/daily_revenue_etl_dag.py for tasks to queue
[2026-03-27T05:12:22.348+0000] {logging_mixin.py:188} INFO - [2026-03-27T05:12:22.347+0000] {dagbag.py:538} INFO - Filling up the DagBag from /opt/airflow/dags/daily_revenue_etl_dag.py
[2026-03-27T05:12:22.373+0000] {processor.py:840} INFO - DAG(s) 'daily_revenue_etl_dag' retrieved from /opt/airflow/dags/daily_revenue_etl_dag.py
[2026-03-27T05:12:22.408+0000] {logging_mixin.py:188} INFO - [2026-03-27T05:12:22.407+0000] {dag.py:3036} INFO - Sync 1 DAGs
[2026-03-27T05:12:22.436+0000] {logging_mixin.py:188} INFO - [2026-03-27T05:12:22.436+0000] {dag.py:3823} INFO - Setting next_dagrun for daily_revenue_etl_dag to 2026-03-27 00:00:00+00:00, run_after=2026-03-28 00:00:00+00:00
[2026-03-27T04:48:50.090+0000] {processor.py:183} INFO - Processing /opt/airflow/dags/daily_revenue_etl_dag.py took 0.175 seconds
[2026-03-27T04:49:20.386+0000] {processor.py:161} INFO - Started process (PID=1862) to work on /opt/airflow/dags/daily_revenue_etl_dag.py
[2026-03-27T04:49:20.391+0000] {processor.py:830} INFO - Processing file /opt/airflow/dags/daily_revenue_etl_dag.py for tasks to queue
[2026-03-27T04:49:20.395+0000] {logging_mixin.py:188} INFO - [2026-03-27T04:49:20.393+0000] {dagbag.py:538} INFO - Filling up the DagBag from /opt/airflow/dags/daily_revenue_etl_dag.py
[2026-03-27T04:49:20.449+0000] {processor.py:840} INFO - DAG(s) 'daily_revenue_etl_dag' retrieved from /opt/airflow/dags/daily_revenue_etl_dag.py
[2026-03-27T04:49:20.496+0000] {logging_mixin.py:188} INFO - [2026-03-27T04:49:20.494+0000] {dag.py:3036} INFO - Sync 1 DAGs
[2026-03-27T04:49:20.574+0000] {logging_mixin.py:188} INFO - [2026-03-27T04:49:20.573+0000] {dag.py:3823} INFO - Setting next_dagrun for daily_revenue_etl_dag to 2026-03-27 00:00:00+00:00, run_after=2026-03-28 00:00:00+00:00
[2026-03-27T04:49:20.687+0000] {processor.py:183} INFO - Processing /opt/airflow/dags/daily_revenue_etl_dag.py took 0.310 seconds
[2026-03-27T05:13:08.959+0000] {processor.py:161} INFO - Started process (PID=1867) to work on /opt/airflow/dags/daily_revenue_etl_dag.py
[2026-03-27T05:13:08.964+0000] {processor.py:830} INFO - Processing file /opt/airflow/dags/daily_revenue_etl_dag.py for tasks to queue
[2026-03-27T05:13:08.967+0000] {logging_mixin.py:188} INFO - [2026-03-27T05:13:08.966+0000] {dagbag.py:538} INFO - Filling up the DagBag from /opt/airflow/dags/daily_revenue_etl_dag.py
[2026-03-27T05:13:09.010+0000] {processor.py:840} INFO - DAG(s) 'daily_revenue_etl_dag' retrieved from /opt/airflow/dags/daily_revenue_etl_dag.py
[2026-03-27T05:13:09.053+0000] {logging_mixin.py:188} INFO - [2026-03-27T05:13:09.053+0000] {dag.py:3036} INFO - Sync 1 DAGs
[2026-03-27T05:13:09.087+0000] {logging_mixin.py:188} INFO - [2026-03-27T05:13:09.087+0000] {dag.py:3823} INFO - Setting next_dagrun for daily_revenue_etl_dag to 2026-03-27 00:00:00+00:00, run_after=2026-03-28 00:00:00+00:00
[2026-03-27T04:49:36.705+0000] {processor.py:183} INFO - Processing /opt/airflow/dags/daily_revenue_etl_dag.py took 0.175 seconds
[2026-03-27T05:13:13.972+0000] {processor.py:161} INFO - Started process (PID=1872) to work on /opt/airflow/dags/daily_revenue_etl_dag.py
[2026-03-27T05:13:13.973+0000] {processor.py:830} INFO - Processing file /opt/airflow/dags/daily_revenue_etl_dag.py for tasks to queue
[2026-03-27T05:13:13.974+0000] {logging_mixin.py:188} INFO - [2026-03-27T05:13:13.974+0000] {dagbag.py:538} INFO - Filling up the DagBag from /opt/airflow/dags/daily_revenue_etl_dag.py
[2026-03-27T05:13:13.997+0000] {processor.py:840} INFO - DAG(s) 'daily_revenue_etl_dag' retrieved from /opt/airflow/dags/daily_revenue_etl_dag.py
[2026-03-27T05:13:14.032+0000] {logging_mixin.py:188} INFO - [2026-03-27T05:13:14.031+0000] {dag.py:3036} INFO - Sync 1 DAGs
[2026-03-27T05:13:14.062+0000] {logging_mixin.py:188} INFO - [2026-03-27T05:13:14.062+0000] {dag.py:3823} INFO - Setting next_dagrun for daily_revenue_etl_dag to 2026-03-27 00:00:00+00:00, run_after=2026-03-28 00:00:00+00:00
[2026-03-27T05:13:14.091+0000] {processor.py:183} INFO - Processing /opt/airflow/dags/daily_revenue_etl_dag.py took 0.124 seconds
[2026-03-27T05:13:44.193+0000] {processor.py:161} INFO - Started process (PID=1877) to work on /opt/airflow/dags/daily_revenue_etl_dag.py
[2026-03-27T05:13:44.195+0000] {processor.py:830} INFO - Processing file /opt/airflow/dags/daily_revenue_etl_dag.py for tasks to queue
[2026-03-27T05:13:44.197+0000] {logging_mixin.py:188} INFO - [2026-03-27T05:13:44.196+0000] {dagbag.py:538} INFO - Filling up the DagBag from /opt/airflow/dags/daily_revenue_etl_dag.py
[2026-03-27T04:50:11.790+0000] {processor.py:840} INFO - DAG(s) 'daily_revenue_etl_dag' retrieved from /opt/airflow/dags/daily_revenue_etl_dag.py
[2026-03-27T04:50:11.809+0000] {logging_mixin.py:188} INFO - [2026-03-27T04:50:11.808+0000] {dag.py:3036} INFO - Sync 1 DAGs
[2026-03-27T04:50:11.848+0000] {logging_mixin.py:188} INFO - [2026-03-27T04:50:11.847+0000] {dag.py:3823} INFO - Setting next_dagrun for daily_revenue_etl_dag to 2026-03-27 00:00:00+00:00, run_after=2026-03-28 00:00:00+00:00
[2026-03-27T04:50:11.886+0000] {processor.py:183} INFO - Processing /opt/airflow/dags/daily_revenue_etl_dag.py took 0.136 seconds
[2026-03-27T05:13:52.378+0000] {processor.py:161} INFO - Started process (PID=1882) to work on /opt/airflow/dags/daily_revenue_etl_dag.py
[2026-03-27T05:13:52.381+0000] {processor.py:830} INFO - Processing file /opt/airflow/dags/daily_revenue_etl_dag.py for tasks to queue
[2026-03-27T05:13:52.382+0000] {logging_mixin.py:188} INFO - [2026-03-27T05:13:52.381+0000] {dagbag.py:538} INFO - Filling up the DagBag from /opt/airflow/dags/daily_revenue_etl_dag.py
[2026-03-27T05:13:52.415+0000] {processor.py:840} INFO - DAG(s) 'daily_revenue_etl_dag' retrieved from /opt/airflow/dags/daily_revenue_etl_dag.py
[2026-03-27T05:13:52.471+0000] {logging_mixin.py:188} INFO - [2026-03-27T05:13:52.471+0000] {dag.py:3036} INFO - Sync 1 DAGs
[2026-03-27T04:50:20.097+0000] {logging_mixin.py:188} INFO - [2026-03-27T04:50:20.096+0000] {dag.py:3823} INFO - Setting next_dagrun for daily_revenue_etl_dag to 2026-03-27 00:00:00+00:00, run_after=2026-03-28 00:00:00+00:00
[2026-03-27T04:50:20.127+0000] {processor.py:183} INFO - Processing /opt/airflow/dags/daily_revenue_etl_dag.py took 0.178 seconds
[2026-03-27T04:50:50.215+0000] {processor.py:161} INFO - Started process (PID=1887) to work on /opt/airflow/dags/daily_revenue_etl_dag.py
[2026-03-27T04:50:50.218+0000] {processor.py:830} INFO - Processing file /opt/airflow/dags/daily_revenue_etl_dag.py for tasks to queue
[2026-03-27T04:50:50.219+0000] {logging_mixin.py:188} INFO - [2026-03-27T04:50:50.219+0000] {dagbag.py:538} INFO - Filling up the DagBag from /opt/airflow/dags/daily_revenue_etl_dag.py
[2026-03-27T04:50:50.238+0000] {processor.py:840} INFO - DAG(s) 'daily_revenue_etl_dag' retrieved from /opt/airflow/dags/daily_revenue_etl_dag.py
[2026-03-27T04:50:50.253+0000] {logging_mixin.py:188} INFO - [2026-03-27T04:50:50.252+0000] {dag.py:3036} INFO - Sync 1 DAGs
[2026-03-27T04:50:50.278+0000] {logging_mixin.py:188} INFO - [2026-03-27T04:50:50.278+0000] {dag.py:3823} INFO - Setting next_dagrun for daily_revenue_etl_dag to 2026-03-27 00:00:00+00:00, run_after=2026-03-28 00:00:00+00:00
[2026-03-27T04:50:50.303+0000] {processor.py:183} INFO - Processing /opt/airflow/dags/daily_revenue_etl_dag.py took 0.092 seconds
[2026-03-27T04:51:20.460+0000] {processor.py:161} INFO - Started process (PID=1896) to work on /opt/airflow/dags/daily_revenue_etl_dag.py
[2026-03-27T04:51:20.461+0000] {processor.py:830} INFO - Processing file /opt/airflow/dags/daily_revenue_etl_dag.py for tasks to queue
[2026-03-27T04:51:20.463+0000] {logging_mixin.py:188} INFO - [2026-03-27T04:51:20.462+0000] {dagbag.py:538} INFO - Filling up the DagBag from /opt/airflow/dags/daily_revenue_etl_dag.py
[2026-03-27T04:51:20.493+0000] {processor.py:840} INFO - DAG(s) 'daily_revenue_etl_dag' retrieved from /opt/airflow/dags/daily_revenue_etl_dag.py
[2026-03-27T04:51:20.509+0000] {logging_mixin.py:188} INFO - [2026-03-27T04:51:20.508+0000] {dag.py:3036} INFO - Sync 1 DAGs
[2026-03-27T04:51:20.544+0000] {logging_mixin.py:188} INFO - [2026-03-27T04:51:20.544+0000] {dag.py:3823} INFO - Setting next_dagrun for daily_revenue_etl_dag to 2026-03-27 00:00:00+00:00, run_after=2026-03-28 00:00:00+00:00
[2026-03-27T04:51:20.569+0000] {processor.py:183} INFO - Processing /opt/airflow/dags/daily_revenue_etl_dag.py took 0.114 seconds
[2026-03-27T04:51:50.792+0000] {processor.py:161} INFO - Started process (PID=1901) to work on /opt/airflow/dags/daily_revenue_etl_dag.py
[2026-03-27T04:51:50.794+0000] {processor.py:830} INFO - Processing file /opt/airflow/dags/daily_revenue_etl_dag.py for tasks to queue
[2026-03-27T04:51:50.795+0000] {logging_mixin.py:188} INFO - [2026-03-27T04:51:50.795+0000] {dagbag.py:538} INFO - Filling up the DagBag from /opt/airflow/dags/daily_revenue_etl_dag.py
[2026-03-27T04:51:50.821+0000] {processor.py:840} INFO - DAG(s) 'daily_revenue_etl_dag' retrieved from /opt/airflow/dags/daily_revenue_etl_dag.py
[2026-03-27T04:51:50.838+0000] {logging_mixin.py:188} INFO - [2026-03-27T04:51:50.838+0000] {dag.py:3036} INFO - Sync 1 DAGs
[2026-03-27T04:51:50.865+0000] {logging_mixin.py:188} INFO - [2026-03-27T04:51:50.865+0000] {dag.py:3823} INFO - Setting next_dagrun for daily_revenue_etl_dag to 2026-03-27 00:00:00+00:00, run_after=2026-03-28 00:00:00+00:00
[2026-03-27T04:51:50.888+0000] {processor.py:183} INFO - Processing /opt/airflow/dags/daily_revenue_etl_dag.py took 0.101 seconds
[2026-03-27T05:15:24.327+0000] {processor.py:161} INFO - Started process (PID=1906) to work on /opt/airflow/dags/daily_revenue_etl_dag.py
[2026-03-27T05:15:24.331+0000] {processor.py:830} INFO - Processing file /opt/airflow/dags/daily_revenue_etl_dag.py for tasks to queue
[2026-03-27T05:15:24.336+0000] {logging_mixin.py:188} INFO - [2026-03-27T05:15:24.334+0000] {dagbag.py:538} INFO - Filling up the DagBag from /opt/airflow/dags/daily_revenue_etl_dag.py
[2026-03-27T05:15:24.385+0000] {processor.py:840} INFO - DAG(s) 'daily_revenue_etl_dag' retrieved from /opt/airflow/dags/daily_revenue_etl_dag.py
[2026-03-27T05:15:24.421+0000] {logging_mixin.py:188} INFO - [2026-03-27T05:15:24.420+0000] {dag.py:3036} INFO - Sync 1 DAGs
[2026-03-27T04:51:52.040+0000] {logging_mixin.py:188} INFO - [2026-03-27T04:51:52.040+0000] {dag.py:3823} INFO - Setting next_dagrun for daily_revenue_etl_dag to 2026-03-27 00:00:00+00:00, run_after=2026-03-28 00:00:00+00:00
[2026-03-27T04:51:52.068+0000] {processor.py:183} INFO - Processing /opt/airflow/dags/daily_revenue_etl_dag.py took 0.169 seconds
[2026-03-27T04:51:57.043+0000] {processor.py:161} INFO - Started process (PID=1911) to work on /opt/airflow/dags/daily_revenue_etl_dag.py
[2026-03-27T04:51:57.046+0000] {processor.py:830} INFO - Processing file /opt/airflow/dags/daily_revenue_etl_dag.py for tasks to queue
[2026-03-27T04:51:57.048+0000] {logging_mixin.py:188} INFO - [2026-03-27T04:51:57.047+0000] {dagbag.py:538} INFO - Filling up the DagBag from /opt/airflow/dags/daily_revenue_etl_dag.py
[2026-03-27T04:51:57.081+0000] {processor.py:840} INFO - DAG(s) 'daily_revenue_etl_dag' retrieved from /opt/airflow/dags/daily_revenue_etl_dag.py
[2026-03-27T04:51:57.099+0000] {logging_mixin.py:188} INFO - [2026-03-27T04:51:57.098+0000] {dag.py:3036} INFO - Sync 1 DAGs
[2026-03-27T04:51:57.130+0000] {logging_mixin.py:188} INFO - [2026-03-27T04:51:57.130+0000] {dag.py:3823} INFO - Setting next_dagrun for daily_revenue_etl_dag to 2026-03-27 00:00:00+00:00, run_after=2026-03-28 00:00:00+00:00
[2026-03-27T04:51:57.152+0000] {processor.py:183} INFO - Processing /opt/airflow/dags/daily_revenue_etl_dag.py took 0.117 seconds
[2026-03-27T04:52:27.385+0000] {processor.py:161} INFO - Started process (PID=1916) to work on /opt/airflow/dags/daily_revenue_etl_dag.py
[2026-03-27T04:52:27.387+0000] {processor.py:830} INFO - Processing file /opt/airflow/dags/daily_revenue_etl_dag.py for tasks to queue
[2026-03-27T04:52:27.389+0000] {logging_mixin.py:188} INFO - [2026-03-27T04:52:27.389+0000] {dagbag.py:538} INFO - Filling up the DagBag from /opt/airflow/dags/daily_revenue_etl_dag.py
[2026-03-27T04:52:27.412+0000] {processor.py:840} INFO - DAG(s) 'daily_revenue_etl_dag' retrieved from /opt/airflow/dags/daily_revenue_etl_dag.py
[2026-03-27T04:52:27.427+0000] {logging_mixin.py:188} INFO - [2026-03-27T04:52:27.427+0000] {dag.py:3036} INFO - Sync 1 DAGs
[2026-03-27T04:52:27.454+0000] {logging_mixin.py:188} INFO - [2026-03-27T04:52:27.454+0000] {dag.py:3823} INFO - Setting next_dagrun for daily_revenue_etl_dag to 2026-03-27 00:00:00+00:00, run_after=2026-03-28 00:00:00+00:00
[2026-03-27T04:52:27.477+0000] {processor.py:183} INFO - Processing /opt/airflow/dags/daily_revenue_etl_dag.py took 0.096 seconds
[2026-03-27T04:52:57.687+0000] {processor.py:161} INFO - Started process (PID=1921) to work on /opt/airflow/dags/daily_revenue_etl_dag.py
[2026-03-27T04:52:57.690+0000] {processor.py:830} INFO - Processing file /opt/airflow/dags/daily_revenue_etl_dag.py for tasks to queue
[2026-03-27T04:52:57.696+0000] {logging_mixin.py:188} INFO - [2026-03-27T04:52:57.695+0000] {dagbag.py:538} INFO - Filling up the DagBag from /opt/airflow/dags/daily_revenue_etl_dag.py
[2026-03-27T04:52:57.734+0000] {processor.py:840} INFO - DAG(s) 'daily_revenue_etl_dag' retrieved from /opt/airflow/dags/daily_revenue_etl_dag.py
[2026-03-27T04:52:57.752+0000] {logging_mixin.py:188} INFO - [2026-03-27T04:52:57.751+0000] {dag.py:3036} INFO - Sync 1 DAGs
[2026-03-27T04:52:57.789+0000] {logging_mixin.py:188} INFO - [2026-03-27T04:52:57.789+0000] {dag.py:3823} INFO - Setting next_dagrun for daily_revenue_etl_dag to 2026-03-27 00:00:00+00:00, run_after=2026-03-28 00:00:00+00:00
[2026-03-27T04:52:57.828+0000] {processor.py:183} INFO - Processing /opt/airflow/dags/daily_revenue_etl_dag.py took 0.148 seconds
[2026-03-27T05:16:49.444+0000] {processor.py:161} INFO - Started process (PID=1926) to work on /opt/airflow/dags/daily_revenue_etl_dag.py
[2026-03-27T05:16:49.447+0000] {processor.py:830} INFO - Processing file /opt/airflow/dags/daily_revenue_etl_dag.py for tasks to queue
[2026-03-27T05:16:49.450+0000] {logging_mixin.py:188} INFO - [2026-03-27T05:16:49.449+0000] {dagbag.py:538} INFO - Filling up the DagBag from /opt/airflow/dags/daily_revenue_etl_dag.py
[2026-03-27T05:16:49.478+0000] {processor.py:840} INFO - DAG(s) 'daily_revenue_etl_dag' retrieved from /opt/airflow/dags/daily_revenue_etl_dag.py
[2026-03-27T05:16:49.508+0000] {logging_mixin.py:188} INFO - [2026-03-27T05:16:49.508+0000] {dag.py:3036} INFO - Sync 1 DAGs
[2026-03-27T05:16:49.531+0000] {logging_mixin.py:188} INFO - [2026-03-27T05:16:49.531+0000] {dag.py:3823} INFO - Setting next_dagrun for daily_revenue_etl_dag to 2026-03-27 00:00:00+00:00, run_after=2026-03-28 00:00:00+00:00
[2026-03-27T05:16:49.549+0000] {processor.py:183} INFO - Processing /opt/airflow/dags/daily_revenue_etl_dag.py took 0.116 seconds
[2026-03-27T05:18:52.397+0000] {processor.py:161} INFO - Started process (PID=1931) to work on /opt/airflow/dags/daily_revenue_etl_dag.py
[2026-03-27T05:18:52.398+0000] {processor.py:830} INFO - Processing file /opt/airflow/dags/daily_revenue_etl_dag.py for tasks to queue
[2026-03-27T05:18:52.400+0000] {logging_mixin.py:188} INFO - [2026-03-27T05:18:52.399+0000] {dagbag.py:538} INFO - Filling up the DagBag from /opt/airflow/dags/daily_revenue_etl_dag.py
[2026-03-27T05:18:52.421+0000] {processor.py:840} INFO - DAG(s) 'daily_revenue_etl_dag' retrieved from /opt/airflow/dags/daily_revenue_etl_dag.py
[2026-03-27T05:18:52.456+0000] {logging_mixin.py:188} INFO - [2026-03-27T05:18:52.456+0000] {dag.py:3036} INFO - Sync 1 DAGs
[2026-03-27T05:18:52.489+0000] {logging_mixin.py:188} INFO - [2026-03-27T05:18:52.489+0000] {dag.py:3823} INFO - Setting next_dagrun for daily_revenue_etl_dag to 2026-03-27 00:00:00+00:00, run_after=2026-03-28 00:00:00+00:00
[2026-03-27T04:55:20.109+0000] {processor.py:183} INFO - Processing /opt/airflow/dags/daily_revenue_etl_dag.py took 0.124 seconds
[2026-03-27T05:18:59.618+0000] {processor.py:161} INFO - Started process (PID=1936) to work on /opt/airflow/dags/daily_revenue_etl_dag.py
[2026-03-27T05:18:59.619+0000] {processor.py:830} INFO - Processing file /opt/airflow/dags/daily_revenue_etl_dag.py for tasks to queue
[2026-03-27T05:18:59.620+0000] {logging_mixin.py:188} INFO - [2026-03-27T05:18:59.620+0000] {dagbag.py:538} INFO - Filling up the DagBag from /opt/airflow/dags/daily_revenue_etl_dag.py
[2026-03-27T05:18:59.640+0000] {processor.py:840} INFO - DAG(s) 'daily_revenue_etl_dag' retrieved from /opt/airflow/dags/daily_revenue_etl_dag.py
[2026-03-27T05:18:59.673+0000] {logging_mixin.py:188} INFO - [2026-03-27T05:18:59.673+0000] {dag.py:3036} INFO - Sync 1 DAGs
[2026-03-27T05:18:59.703+0000] {logging_mixin.py:188} INFO - [2026-03-27T05:18:59.703+0000] {dag.py:3823} INFO - Setting next_dagrun for daily_revenue_etl_dag to 2026-03-27 00:00:00+00:00, run_after=2026-03-28 00:00:00+00:00
[2026-03-27T05:18:59.728+0000] {processor.py:183} INFO - Processing /opt/airflow/dags/daily_revenue_etl_dag.py took 0.113 seconds
[2026-03-27T04:55:57.450+0000] {processor.py:161} INFO - Started process (PID=1941) to work on /opt/airflow/dags/daily_revenue_etl_dag.py
[2026-03-27T04:55:57.456+0000] {processor.py:830} INFO - Processing file /opt/airflow/dags/daily_revenue_etl_dag.py for tasks to queue
[2026-03-27T04:55:57.460+0000] {logging_mixin.py:188} INFO - [2026-03-27T04:55:57.458+0000] {dagbag.py:538} INFO - Filling up the DagBag from /opt/airflow/dags/daily_revenue_etl_dag.py
[2026-03-27T04:55:57.501+0000] {processor.py:840} INFO - DAG(s) 'daily_revenue_etl_dag' retrieved from /opt/airflow/dags/daily_revenue_etl_dag.py
[2026-03-27T04:55:57.523+0000] {logging_mixin.py:188} INFO - [2026-03-27T04:55:57.522+0000] {dag.py:3036} INFO - Sync 1 DAGs
[2026-03-27T04:55:57.553+0000] {logging_mixin.py:188} INFO - [2026-03-27T04:55:57.552+0000] {dag.py:3823} INFO - Setting next_dagrun for daily_revenue_etl_dag to 2026-03-27 00:00:00+00:00, run_after=2026-03-28 00:00:00+00:00
[2026-03-27T04:55:57.577+0000] {processor.py:183} INFO - Processing /opt/airflow/dags/daily_revenue_etl_dag.py took 0.139 seconds
[2026-03-27T04:56:27.760+0000] {processor.py:161} INFO - Started process (PID=1948) to work on /opt/airflow/dags/daily_revenue_etl_dag.py
[2026-03-27T04:56:27.762+0000] {processor.py:830} INFO - Processing file /opt/airflow/dags/daily_revenue_etl_dag.py for tasks to queue
[2026-03-27T04:56:27.763+0000] {logging_mixin.py:188} INFO - [2026-03-27T04:56:27.763+0000] {dagbag.py:538} INFO - Filling up the DagBag from /opt/airflow/dags/daily_revenue_etl_dag.py
[2026-03-27T04:56:27.788+0000] {processor.py:840} INFO - DAG(s) 'daily_revenue_etl_dag' retrieved from /opt/airflow/dags/daily_revenue_etl_dag.py
[2026-03-27T04:56:27.804+0000] {logging_mixin.py:188} INFO - [2026-03-27T04:56:27.804+0000] {dag.py:3036} INFO - Sync 1 DAGs
[2026-03-27T04:56:27.832+0000] {logging_mixin.py:188} INFO - [2026-03-27T04:56:27.832+0000] {dag.py:3823} INFO - Setting next_dagrun for daily_revenue_etl_dag to 2026-03-27 00:00:00+00:00, run_after=2026-03-28 00:00:00+00:00
[2026-03-27T04:56:27.857+0000] {processor.py:183} INFO - Processing /opt/airflow/dags/daily_revenue_etl_dag.py took 0.100 seconds
[2026-03-27T05:20:22.451+0000] {processor.py:161} INFO - Started process (PID=1953) to work on /opt/airflow/dags/daily_revenue_etl_dag.py
[2026-03-27T05:20:22.456+0000] {processor.py:830} INFO - Processing file /opt/airflow/dags/daily_revenue_etl_dag.py for tasks to queue
[2026-03-27T05:20:22.460+0000] {logging_mixin.py:188} INFO - [2026-03-27T05:20:22.459+0000] {dagbag.py:538} INFO - Filling up the DagBag from /opt/airflow/dags/daily_revenue_etl_dag.py
[2026-03-27T04:56:50.120+0000] {processor.py:840} INFO - DAG(s) 'daily_revenue_etl_dag' retrieved from /opt/airflow/dags/daily_revenue_etl_dag.py
[2026-03-27T04:56:50.172+0000] {logging_mixin.py:188} INFO - [2026-03-27T04:56:50.171+0000] {dag.py:3036} INFO - Sync 1 DAGs
[2026-03-27T04:56:50.249+0000] {logging_mixin.py:188} INFO - [2026-03-27T04:56:50.249+0000] {dag.py:3823} INFO - Setting next_dagrun for daily_revenue_etl_dag to 2026-03-27 00:00:00+00:00, run_after=2026-03-28 00:00:00+00:00
[2026-03-27T04:56:50.301+0000] {processor.py:183} INFO - Processing /opt/airflow/dags/daily_revenue_etl_dag.py took 0.273 seconds
[2026-03-27T04:56:52.632+0000] {processor.py:161} INFO - Started process (PID=1958) to work on /opt/airflow/dags/daily_revenue_etl_dag.py
[2026-03-27T04:56:52.638+0000] {processor.py:830} INFO - Processing file /opt/airflow/dags/daily_revenue_etl_dag.py for tasks to queue
[2026-03-27T04:56:52.645+0000] {logging_mixin.py:188} INFO - [2026-03-27T04:56:52.644+0000] {dagbag.py:538} INFO - Filling up the DagBag from /opt/airflow/dags/daily_revenue_etl_dag.py
[2026-03-27T04:56:52.713+0000] {processor.py:840} INFO - DAG(s) 'daily_revenue_etl_dag' retrieved from /opt/airflow/dags/daily_revenue_etl_dag.py
[2026-03-27T04:56:52.764+0000] {logging_mixin.py:188} INFO - [2026-03-27T04:56:52.763+0000] {dag.py:3036} INFO - Sync 1 DAGs
[2026-03-27T04:56:52.881+0000] {logging_mixin.py:188} INFO - [2026-03-27T04:56:52.879+0000] {dag.py:3823} INFO - Setting next_dagrun for daily_revenue_etl_dag to 2026-03-27 00:00:00+00:00, run_after=2026-03-28 00:00:00+00:00
[2026-03-27T04:56:53.049+0000] {processor.py:183} INFO - Processing /opt/airflow/dags/daily_revenue_etl_dag.py took 0.437 seconds
[2026-03-27T05:20:39.881+0000] {processor.py:161} INFO - Started process (PID=1963) to work on /opt/airflow/dags/daily_revenue_etl_dag.py
[2026-03-27T05:20:39.882+0000] {processor.py:830} INFO - Processing file /opt/airflow/dags/daily_revenue_etl_dag.py for tasks to queue
[2026-03-27T05:20:39.884+0000] {logging_mixin.py:188} INFO - [2026-03-27T05:20:39.884+0000] {dagbag.py:538} INFO - Filling up the DagBag from /opt/airflow/dags/daily_revenue_etl_dag.py
[2026-03-27T05:20:39.918+0000] {processor.py:840} INFO - DAG(s) 'daily_revenue_etl_dag' retrieved from /opt/airflow/dags/daily_revenue_etl_dag.py
[2026-03-27T05:20:39.957+0000] {logging_mixin.py:188} INFO - [2026-03-27T05:20:39.957+0000] {dag.py:3036} INFO - Sync 1 DAGs
[2026-03-27T04:57:07.583+0000] {logging_mixin.py:188} INFO - [2026-03-27T04:57:07.583+0000] {dag.py:3823} INFO - Setting next_dagrun for daily_revenue_etl_dag to 2026-03-27 00:00:00+00:00, run_after=2026-03-28 00:00:00+00:00
[2026-03-27T04:57:07.612+0000] {processor.py:183} INFO - Processing /opt/airflow/dags/daily_revenue_etl_dag.py took 0.149 seconds
[2026-03-27T05:20:44.909+0000] {processor.py:161} INFO - Started process (PID=1968) to work on /opt/airflow/dags/daily_revenue_etl_dag.py
[2026-03-27T05:20:44.911+0000] {processor.py:830} INFO - Processing file /opt/airflow/dags/daily_revenue_etl_dag.py for tasks to queue
[2026-03-27T05:20:44.912+0000] {logging_mixin.py:188} INFO - [2026-03-27T05:20:44.912+0000] {dagbag.py:538} INFO - Filling up the DagBag from /opt/airflow/dags/daily_revenue_etl_dag.py
[2026-03-27T05:20:44.939+0000] {processor.py:840} INFO - DAG(s) 'daily_revenue_etl_dag' retrieved from /opt/airflow/dags/daily_revenue_etl_dag.py
[2026-03-27T04:57:12.567+0000] {logging_mixin.py:188} INFO - [2026-03-27T04:57:12.567+0000] {dag.py:3036} INFO - Sync 1 DAGs
[2026-03-27T04:57:12.605+0000] {logging_mixin.py:188} INFO - [2026-03-27T04:57:12.605+0000] {dag.py:3823} INFO - Setting next_dagrun for daily_revenue_etl_dag to 2026-03-27 00:00:00+00:00, run_after=2026-03-28 00:00:00+00:00
[2026-03-27T04:57:12.650+0000] {processor.py:183} INFO - Processing /opt/airflow/dags/daily_revenue_etl_dag.py took 0.155 seconds
[2026-03-27T04:57:42.976+0000] {processor.py:161} INFO - Started process (PID=1973) to work on /opt/airflow/dags/daily_revenue_etl_dag.py
[2026-03-27T04:57:42.980+0000] {processor.py:830} INFO - Processing file /opt/airflow/dags/daily_revenue_etl_dag.py for tasks to queue
[2026-03-27T04:57:42.982+0000] {logging_mixin.py:188} INFO - [2026-03-27T04:57:42.981+0000] {dagbag.py:538} INFO - Filling up the DagBag from /opt/airflow/dags/daily_revenue_etl_dag.py
[2026-03-27T04:57:43.013+0000] {processor.py:840} INFO - DAG(s) 'daily_revenue_etl_dag' retrieved from /opt/airflow/dags/daily_revenue_etl_dag.py
[2026-03-27T04:57:43.032+0000] {logging_mixin.py:188} INFO - [2026-03-27T04:57:43.032+0000] {dag.py:3036} INFO - Sync 1 DAGs
[2026-03-27T04:57:43.063+0000] {logging_mixin.py:188} INFO - [2026-03-27T04:57:43.063+0000] {dag.py:3823} INFO - Setting next_dagrun for daily_revenue_etl_dag to 2026-03-27 00:00:00+00:00, run_after=2026-03-28 00:00:00+00:00
[2026-03-27T04:57:43.090+0000] {processor.py:183} INFO - Processing /opt/airflow/dags/daily_revenue_etl_dag.py took 0.121 seconds
[2026-03-27T05:21:22.447+0000] {processor.py:161} INFO - Started process (PID=1978) to work on /opt/airflow/dags/daily_revenue_etl_dag.py
[2026-03-27T05:21:22.449+0000] {processor.py:830} INFO - Processing file /opt/airflow/dags/daily_revenue_etl_dag.py for tasks to queue
[2026-03-27T05:21:22.451+0000] {logging_mixin.py:188} INFO - [2026-03-27T05:21:22.450+0000] {dagbag.py:538} INFO - Filling up the DagBag from /opt/airflow/dags/daily_revenue_etl_dag.py
[2026-03-27T05:21:22.486+0000] {processor.py:840} INFO - DAG(s) 'daily_revenue_etl_dag' retrieved from /opt/airflow/dags/daily_revenue_etl_dag.py
[2026-03-27T04:57:50.120+0000] {logging_mixin.py:188} INFO - [2026-03-27T04:57:50.120+0000] {dag.py:3036} INFO - Sync 1 DAGs
[2026-03-27T04:57:50.154+0000] {logging_mixin.py:188} INFO - [2026-03-27T04:57:50.153+0000] {dag.py:3823} INFO - Setting next_dagrun for daily_revenue_etl_dag to 2026-03-27 00:00:00+00:00, run_after=2026-03-28 00:00:00+00:00
[2026-03-27T04:57:50.185+0000] {processor.py:183} INFO - Processing /opt/airflow/dags/daily_revenue_etl_dag.py took 0.152 seconds
[2026-03-27T04:58:20.490+0000] {processor.py:161} INFO - Started process (PID=1983) to work on /opt/airflow/dags/daily_revenue_etl_dag.py
[2026-03-27T04:58:20.492+0000] {processor.py:830} INFO - Processing file /opt/airflow/dags/daily_revenue_etl_dag.py for tasks to queue
[2026-03-27T04:58:20.495+0000] {logging_mixin.py:188} INFO - [2026-03-27T04:58:20.493+0000] {dagbag.py:538} INFO - Filling up the DagBag from /opt/airflow/dags/daily_revenue_etl_dag.py
[2026-03-27T04:58:20.536+0000] {processor.py:840} INFO - DAG(s) 'daily_revenue_etl_dag' retrieved from /opt/airflow/dags/daily_revenue_etl_dag.py
[2026-03-27T04:58:20.574+0000] {logging_mixin.py:188} INFO - [2026-03-27T04:58:20.573+0000] {dag.py:3036} INFO - Sync 1 DAGs
[2026-03-27T04:58:20.616+0000] {logging_mixin.py:188} INFO - [2026-03-27T04:58:20.616+0000] {dag.py:3823} INFO - Setting next_dagrun for daily_revenue_etl_dag to 2026-03-27 00:00:00+00:00, run_after=2026-03-28 00:00:00+00:00
[2026-03-27T04:58:20.649+0000] {processor.py:183} INFO - Processing /opt/airflow/dags/daily_revenue_etl_dag.py took 0.167 seconds
[2026-03-27T05:21:54.930+0000] {processor.py:161} INFO - Started process (PID=1988) to work on /opt/airflow/dags/daily_revenue_etl_dag.py
[2026-03-27T05:21:54.932+0000] {processor.py:830} INFO - Processing file /opt/airflow/dags/daily_revenue_etl_dag.py for tasks to queue
[2026-03-27T05:21:54.933+0000] {logging_mixin.py:188} INFO - [2026-03-27T05:21:54.933+0000] {dagbag.py:538} INFO - Filling up the DagBag from /opt/airflow/dags/daily_revenue_etl_dag.py
[2026-03-27T05:21:54.965+0000] {processor.py:840} INFO - DAG(s) 'daily_revenue_etl_dag' retrieved from /opt/airflow/dags/daily_revenue_etl_dag.py
[2026-03-27T05:21:54.997+0000] {logging_mixin.py:188} INFO - [2026-03-27T05:21:54.996+0000] {dag.py:3036} INFO - Sync 1 DAGs
[2026-03-27T05:21:55.027+0000] {logging_mixin.py:188} INFO - [2026-03-27T05:21:55.026+0000] {dag.py:3823} INFO - Setting next_dagrun for daily_revenue_etl_dag to 2026-03-27 00:00:00+00:00, run_after=2026-03-28 00:00:00+00:00
[2026-03-27T05:21:55.057+0000] {processor.py:183} INFO - Processing /opt/airflow/dags/daily_revenue_etl_dag.py took 0.132 seconds
[2026-03-27T04:58:52.766+0000] {processor.py:161} INFO - Started process (PID=1993) to work on /opt/airflow/dags/daily_revenue_etl_dag.py
[2026-03-27T04:58:52.768+0000] {processor.py:830} INFO - Processing file /opt/airflow/dags/daily_revenue_etl_dag.py for tasks to queue
[2026-03-27T04:58:52.771+0000] {logging_mixin.py:188} INFO - [2026-03-27T04:58:52.770+0000] {dagbag.py:538} INFO - Filling up the DagBag from /opt/airflow/dags/daily_revenue_etl_dag.py
[2026-03-27T04:58:52.822+0000] {processor.py:840} INFO - DAG(s) 'daily_revenue_etl_dag' retrieved from /opt/airflow/dags/daily_revenue_etl_dag.py
[2026-03-27T04:58:52.851+0000] {logging_mixin.py:188} INFO - [2026-03-27T04:58:52.850+0000] {dag.py:3036} INFO - Sync 1 DAGs
[2026-03-27T04:58:52.888+0000] {logging_mixin.py:188} INFO - [2026-03-27T04:58:52.888+0000] {dag.py:3823} INFO - Setting next_dagrun for daily_revenue_etl_dag to 2026-03-27 00:00:00+00:00, run_after=2026-03-28 00:00:00+00:00
[2026-03-27T04:58:52.918+0000] {processor.py:183} INFO - Processing /opt/airflow/dags/daily_revenue_etl_dag.py took 0.157 seconds
[2026-03-27T05:22:52.484+0000] {processor.py:161} INFO - Started process (PID=1998) to work on /opt/airflow/dags/daily_revenue_etl_dag.py
[2026-03-27T05:22:52.486+0000] {processor.py:830} INFO - Processing file /opt/airflow/dags/daily_revenue_etl_dag.py for tasks to queue
[2026-03-27T05:22:52.489+0000] {logging_mixin.py:188} INFO - [2026-03-27T05:22:52.487+0000] {dagbag.py:538} INFO - Filling up the DagBag from /opt/airflow/dags/daily_revenue_etl_dag.py
[2026-03-27T05:22:52.524+0000] {processor.py:840} INFO - DAG(s) 'daily_revenue_etl_dag' retrieved from /opt/airflow/dags/daily_revenue_etl_dag.py
[2026-03-27T04:59:20.164+0000] {logging_mixin.py:188} INFO - [2026-03-27T04:59:20.163+0000] {dag.py:3036} INFO - Sync 1 DAGs
[2026-03-27T04:59:20.205+0000] {logging_mixin.py:188} INFO - [2026-03-27T04:59:20.204+0000] {dag.py:3823} INFO - Setting next_dagrun for daily_revenue_etl_dag to 2026-03-27 00:00:00+00:00, run_after=2026-03-28 00:00:00+00:00
[2026-03-27T04:59:20.387+0000] {processor.py:183} INFO - Processing /opt/airflow/dags/daily_revenue_etl_dag.py took 0.324 seconds
[2026-03-27T05:23:20.116+0000] {processor.py:161} INFO - Started process (PID=2003) to work on /opt/airflow/dags/daily_revenue_etl_dag.py
[2026-03-27T05:23:20.117+0000] {processor.py:830} INFO - Processing file /opt/airflow/dags/daily_revenue_etl_dag.py for tasks to queue
[2026-03-27T05:23:20.118+0000] {logging_mixin.py:188} INFO - [2026-03-27T05:23:20.117+0000] {dagbag.py:538} INFO - Filling up the DagBag from /opt/airflow/dags/daily_revenue_etl_dag.py
[2026-03-27T05:23:20.141+0000] {processor.py:840} INFO - DAG(s) 'daily_revenue_etl_dag' retrieved from /opt/airflow/dags/daily_revenue_etl_dag.py
[2026-03-27T05:23:20.179+0000] {logging_mixin.py:188} INFO - [2026-03-27T05:23:20.179+0000] {dag.py:3036} INFO - Sync 1 DAGs
[2026-03-27T05:23:20.225+0000] {logging_mixin.py:188} INFO - [2026-03-27T05:23:20.225+0000] {dag.py:3823} INFO - Setting next_dagrun for daily_revenue_etl_dag to 2026-03-27 00:00:00+00:00, run_after=2026-03-28 00:00:00+00:00
[2026-03-27T05:23:20.261+0000] {processor.py:183} INFO - Processing /opt/airflow/dags/daily_revenue_etl_dag.py took 0.150 seconds
[2026-03-27T05:23:25.178+0000] {processor.py:161} INFO - Started process (PID=2008) to work on /opt/airflow/dags/daily_revenue_etl_dag.py
[2026-03-27T05:23:25.180+0000] {processor.py:830} INFO - Processing file /opt/airflow/dags/daily_revenue_etl_dag.py for tasks to queue
[2026-03-27T05:23:25.181+0000] {logging_mixin.py:188} INFO - [2026-03-27T05:23:25.181+0000] {dagbag.py:538} INFO - Filling up the DagBag from /opt/airflow/dags/daily_revenue_etl_dag.py
[2026-03-27T05:23:25.205+0000] {processor.py:840} INFO - DAG(s) 'daily_revenue_etl_dag' retrieved from /opt/airflow/dags/daily_revenue_etl_dag.py
[2026-03-27T05:23:25.237+0000] {logging_mixin.py:188} INFO - [2026-03-27T05:23:25.237+0000] {dag.py:3036} INFO - Sync 1 DAGs
[2026-03-27T05:23:25.263+0000] {logging_mixin.py:188} INFO - [2026-03-27T05:23:25.263+0000] {dag.py:3823} INFO - Setting next_dagrun for daily_revenue_etl_dag to 2026-03-27 00:00:00+00:00, run_after=2026-03-28 00:00:00+00:00
[2026-03-27T04:59:52.884+0000] {processor.py:183} INFO - Processing /opt/airflow/dags/daily_revenue_etl_dag.py took 0.113 seconds
[2026-03-27T05:23:30.233+0000] {processor.py:161} INFO - Started process (PID=2013) to work on /opt/airflow/dags/daily_revenue_etl_dag.py
[2026-03-27T05:23:30.235+0000] {processor.py:830} INFO - Processing file /opt/airflow/dags/daily_revenue_etl_dag.py for tasks to queue
[2026-03-27T05:23:30.236+0000] {logging_mixin.py:188} INFO - [2026-03-27T05:23:30.235+0000] {dagbag.py:538} INFO - Filling up the DagBag from /opt/airflow/dags/daily_revenue_etl_dag.py
[2026-03-27T05:23:30.255+0000] {processor.py:840} INFO - DAG(s) 'daily_revenue_etl_dag' retrieved from /opt/airflow/dags/daily_revenue_etl_dag.py
[2026-03-27T05:23:30.281+0000] {logging_mixin.py:188} INFO - [2026-03-27T05:23:30.281+0000] {dag.py:3036} INFO - Sync 1 DAGs
[2026-03-27T04:59:57.901+0000] {logging_mixin.py:188} INFO - [2026-03-27T04:59:57.900+0000] {dag.py:3823} INFO - Setting next_dagrun for daily_revenue_etl_dag to 2026-03-27 00:00:00+00:00, run_after=2026-03-28 00:00:00+00:00
[2026-03-27T04:59:57.925+0000] {processor.py:183} INFO - Processing /opt/airflow/dags/daily_revenue_etl_dag.py took 0.099 seconds
[2026-03-27T05:23:35.281+0000] {processor.py:161} INFO - Started process (PID=2018) to work on /opt/airflow/dags/daily_revenue_etl_dag.py
[2026-03-27T05:23:35.282+0000] {processor.py:830} INFO - Processing file /opt/airflow/dags/daily_revenue_etl_dag.py for tasks to queue
[2026-03-27T05:23:35.283+0000] {logging_mixin.py:188} INFO - [2026-03-27T05:23:35.283+0000] {dagbag.py:538} INFO - Filling up the DagBag from /opt/airflow/dags/daily_revenue_etl_dag.py
[2026-03-27T05:00:02.910+0000] {processor.py:840} INFO - DAG(s) 'daily_revenue_etl_dag' retrieved from /opt/airflow/dags/daily_revenue_etl_dag.py
[2026-03-27T05:00:02.930+0000] {logging_mixin.py:188} INFO - [2026-03-27T05:00:02.930+0000] {dag.py:3036} INFO - Sync 1 DAGs
[2026-03-27T05:00:02.974+0000] {logging_mixin.py:188} INFO - [2026-03-27T05:00:02.973+0000] {dag.py:3823} INFO - Setting next_dagrun for daily_revenue_etl_dag to 2026-03-27 00:00:00+00:00, run_after=2026-03-28 00:00:00+00:00
[2026-03-27T05:00:02.996+0000] {processor.py:183} INFO - Processing /opt/airflow/dags/daily_revenue_etl_dag.py took 0.124 seconds
[2026-03-27T05:23:52.519+0000] {processor.py:161} INFO - Started process (PID=2023) to work on /opt/airflow/dags/daily_revenue_etl_dag.py
[2026-03-27T05:23:52.523+0000] {processor.py:830} INFO - Processing file /opt/airflow/dags/daily_revenue_etl_dag.py for tasks to queue
[2026-03-27T05:23:52.525+0000] {logging_mixin.py:188} INFO - [2026-03-27T05:23:52.524+0000] {dagbag.py:538} INFO - Filling up the DagBag from /opt/airflow/dags/daily_revenue_etl_dag.py
[2026-03-27T05:00:20.149+0000] {processor.py:840} INFO - DAG(s) 'daily_revenue_etl_dag' retrieved from /opt/airflow/dags/daily_revenue_etl_dag.py
[2026-03-27T05:00:20.167+0000] {logging_mixin.py:188} INFO - [2026-03-27T05:00:20.166+0000] {dag.py:3036} INFO - Sync 1 DAGs
[2026-03-27T05:00:20.218+0000] {logging_mixin.py:188} INFO - [2026-03-27T05:00:20.218+0000] {dag.py:3823} INFO - Setting next_dagrun for daily_revenue_etl_dag to 2026-03-27 00:00:00+00:00, run_after=2026-03-28 00:00:00+00:00
[2026-03-27T05:00:20.255+0000] {processor.py:183} INFO - Processing /opt/airflow/dags/daily_revenue_etl_dag.py took 0.147 seconds
[2026-03-27T05:00:50.511+0000] {processor.py:161} INFO - Started process (PID=2028) to work on /opt/airflow/dags/daily_revenue_etl_dag.py
[2026-03-27T05:00:50.515+0000] {processor.py:830} INFO - Processing file /opt/airflow/dags/daily_revenue_etl_dag.py for tasks to queue
[2026-03-27T05:00:50.519+0000] {logging_mixin.py:188} INFO - [2026-03-27T05:00:50.518+0000] {dagbag.py:538} INFO - Filling up the DagBag from /opt/airflow/dags/daily_revenue_etl_dag.py
[2026-03-27T05:00:50.561+0000] {processor.py:840} INFO - DAG(s) 'daily_revenue_etl_dag' retrieved from /opt/airflow/dags/daily_revenue_etl_dag.py
[2026-03-27T05:00:50.606+0000] {logging_mixin.py:188} INFO - [2026-03-27T05:00:50.604+0000] {dag.py:3036} INFO - Sync 1 DAGs
[2026-03-27T05:00:50.691+0000] {logging_mixin.py:188} INFO - [2026-03-27T05:00:50.691+0000] {dag.py:3823} INFO - Setting next_dagrun for daily_revenue_etl_dag to 2026-03-27 00:00:00+00:00, run_after=2026-03-28 00:00:00+00:00
[2026-03-27T05:00:50.754+0000] {processor.py:183} INFO - Processing /opt/airflow/dags/daily_revenue_etl_dag.py took 0.253 seconds
[2026-03-27T05:24:25.317+0000] {processor.py:161} INFO - Started process (PID=2033) to work on /opt/airflow/dags/daily_revenue_etl_dag.py
[2026-03-27T05:24:25.318+0000] {processor.py:830} INFO - Processing file /opt/airflow/dags/daily_revenue_etl_dag.py for tasks to queue
[2026-03-27T05:24:25.320+0000] {logging_mixin.py:188} INFO - [2026-03-27T05:24:25.320+0000] {dagbag.py:538} INFO - Filling up the DagBag from /opt/airflow/dags/daily_revenue_etl_dag.py
[2026-03-27T05:24:25.373+0000] {processor.py:840} INFO - DAG(s) 'daily_revenue_etl_dag' retrieved from /opt/airflow/dags/daily_revenue_etl_dag.py
[2026-03-27T05:00:53.046+0000] {logging_mixin.py:188} INFO - [2026-03-27T05:00:53.045+0000] {dag.py:3036} INFO - Sync 1 DAGs
[2026-03-27T05:00:53.118+0000] {logging_mixin.py:188} INFO - [2026-03-27T05:00:53.117+0000] {dag.py:3823} INFO - Setting next_dagrun for daily_revenue_etl_dag to 2026-03-27 00:00:00+00:00, run_after=2026-03-28 00:00:00+00:00
[2026-03-27T05:00:53.166+0000] {processor.py:183} INFO - Processing /opt/airflow/dags/daily_revenue_etl_dag.py took 0.263 seconds
[2026-03-27T05:24:30.348+0000] {processor.py:161} INFO - Started process (PID=2038) to work on /opt/airflow/dags/daily_revenue_etl_dag.py
[2026-03-27T05:24:30.350+0000] {processor.py:830} INFO - Processing file /opt/airflow/dags/daily_revenue_etl_dag.py for tasks to queue
[2026-03-27T05:24:30.352+0000] {logging_mixin.py:188} INFO - [2026-03-27T05:24:30.352+0000] {dagbag.py:538} INFO - Filling up the DagBag from /opt/airflow/dags/daily_revenue_etl_dag.py
[2026-03-27T05:24:30.378+0000] {processor.py:840} INFO - DAG(s) 'daily_revenue_etl_dag' retrieved from /opt/airflow/dags/daily_revenue_etl_dag.py
[2026-03-27T05:00:58.009+0000] {logging_mixin.py:188} INFO - [2026-03-27T05:00:58.009+0000] {dag.py:3036} INFO - Sync 1 DAGs
[2026-03-27T05:00:58.071+0000] {logging_mixin.py:188} INFO - [2026-03-27T05:00:58.070+0000] {dag.py:3823} INFO - Setting next_dagrun for daily_revenue_etl_dag to 2026-03-27 00:00:00+00:00, run_after=2026-03-28 00:00:00+00:00
[2026-03-27T05:00:58.111+0000] {processor.py:183} INFO - Processing /opt/airflow/dags/daily_revenue_etl_dag.py took 0.176 seconds
[2026-03-27T05:24:35.394+0000] {processor.py:161} INFO - Started process (PID=2043) to work on /opt/airflow/dags/daily_revenue_etl_dag.py
[2026-03-27T05:24:35.396+0000] {processor.py:830} INFO - Processing file /opt/airflow/dags/daily_revenue_etl_dag.py for tasks to queue
[2026-03-27T05:24:35.398+0000] {logging_mixin.py:188} INFO - [2026-03-27T05:24:35.397+0000] {dagbag.py:538} INFO - Filling up the DagBag from /opt/airflow/dags/daily_revenue_etl_dag.py
[2026-03-27T05:01:03.032+0000] {processor.py:840} INFO - DAG(s) 'daily_revenue_etl_dag' retrieved from /opt/airflow/dags/daily_revenue_etl_dag.py
[2026-03-27T05:01:03.066+0000] {logging_mixin.py:188} INFO - [2026-03-27T05:01:03.065+0000] {dag.py:3036} INFO - Sync 1 DAGs
[2026-03-27T05:01:03.110+0000] {logging_mixin.py:188} INFO - [2026-03-27T05:01:03.110+0000] {dag.py:3823} INFO - Setting next_dagrun for daily_revenue_etl_dag to 2026-03-27 00:00:00+00:00, run_after=2026-03-28 00:00:00+00:00
[2026-03-27T05:01:03.134+0000] {processor.py:183} INFO - Processing /opt/airflow/dags/daily_revenue_etl_dag.py took 0.148 seconds
[2026-03-27T05:01:08.027+0000] {processor.py:161} INFO - Started process (PID=2048) to work on /opt/airflow/dags/daily_revenue_etl_dag.py
[2026-03-27T05:01:08.030+0000] {processor.py:830} INFO - Processing file /opt/airflow/dags/daily_revenue_etl_dag.py for tasks to queue
[2026-03-27T05:01:08.032+0000] {logging_mixin.py:188} INFO - [2026-03-27T05:01:08.031+0000] {dagbag.py:538} INFO - Filling up the DagBag from /opt/airflow/dags/daily_revenue_etl_dag.py
[2026-03-27T05:01:08.079+0000] {processor.py:840} INFO - DAG(s) 'daily_revenue_etl_dag' retrieved from /opt/airflow/dags/daily_revenue_etl_dag.py
[2026-03-27T05:01:08.096+0000] {logging_mixin.py:188} INFO - [2026-03-27T05:01:08.096+0000] {dag.py:3036} INFO - Sync 1 DAGs
[2026-03-27T05:01:08.131+0000] {logging_mixin.py:188} INFO - [2026-03-27T05:01:08.130+0000] {dag.py:3823} INFO - Setting next_dagrun for daily_revenue_etl_dag to 2026-03-27 00:00:00+00:00, run_after=2026-03-28 00:00:00+00:00
[2026-03-27T05:01:08.155+0000] {processor.py:183} INFO - Processing /opt/airflow/dags/daily_revenue_etl_dag.py took 0.132 seconds
[2026-03-27T05:01:20.157+0000] {processor.py:161} INFO - Started process (PID=2055) to work on /opt/airflow/dags/daily_revenue_etl_dag.py
[2026-03-27T05:01:20.159+0000] {processor.py:830} INFO - Processing file /opt/airflow/dags/daily_revenue_etl_dag.py for tasks to queue
[2026-03-27T05:01:20.161+0000] {logging_mixin.py:188} INFO - [2026-03-27T05:01:20.161+0000] {dagbag.py:538} INFO - Filling up the DagBag from /opt/airflow/dags/daily_revenue_etl_dag.py
[2026-03-27T05:01:20.202+0000] {processor.py:840} INFO - DAG(s) 'daily_revenue_etl_dag' retrieved from /opt/airflow/dags/daily_revenue_etl_dag.py
[2026-03-27T05:01:20.238+0000] {logging_mixin.py:188} INFO - [2026-03-27T05:01:20.237+0000] {dag.py:3036} INFO - Sync 1 DAGs
[2026-03-27T05:01:20.272+0000] {logging_mixin.py:188} INFO - [2026-03-27T05:01:20.271+0000] {dag.py:3823} INFO - Setting next_dagrun for daily_revenue_etl_dag to 2026-03-27 00:00:00+00:00, run_after=2026-03-28 00:00:00+00:00
[2026-03-27T05:01:20.301+0000] {processor.py:183} INFO - Processing /opt/airflow/dags/daily_revenue_etl_dag.py took 0.151 seconds
[2026-03-27T05:01:50.570+0000] {processor.py:161} INFO - Started process (PID=2060) to work on /opt/airflow/dags/daily_revenue_etl_dag.py
[2026-03-27T05:01:50.572+0000] {processor.py:830} INFO - Processing file /opt/airflow/dags/daily_revenue_etl_dag.py for tasks to queue
[2026-03-27T05:01:50.574+0000] {logging_mixin.py:188} INFO - [2026-03-27T05:01:50.574+0000] {dagbag.py:538} INFO - Filling up the DagBag from /opt/airflow/dags/daily_revenue_etl_dag.py
[2026-03-27T05:01:50.647+0000] {processor.py:840} INFO - DAG(s) 'daily_revenue_etl_dag' retrieved from /opt/airflow/dags/daily_revenue_etl_dag.py
[2026-03-27T05:01:50.677+0000] {logging_mixin.py:188} INFO - [2026-03-27T05:01:50.677+0000] {dag.py:3036} INFO - Sync 1 DAGs
[2026-03-27T05:01:50.725+0000] {logging_mixin.py:188} INFO - [2026-03-27T05:01:50.724+0000] {dag.py:3823} INFO - Setting next_dagrun for daily_revenue_etl_dag to 2026-03-27 00:00:00+00:00, run_after=2026-03-28 00:00:00+00:00
[2026-03-27T05:01:50.754+0000] {processor.py:183} INFO - Processing /opt/airflow/dags/daily_revenue_etl_dag.py took 0.211 seconds
[2026-03-27T05:25:40.420+0000] {processor.py:161} INFO - Started process (PID=2065) to work on /opt/airflow/dags/daily_revenue_etl_dag.py
[2026-03-27T05:25:40.423+0000] {processor.py:830} INFO - Processing file /opt/airflow/dags/daily_revenue_etl_dag.py for tasks to queue
[2026-03-27T05:25:40.425+0000] {logging_mixin.py:188} INFO - [2026-03-27T05:25:40.424+0000] {dagbag.py:538} INFO - Filling up the DagBag from /opt/airflow/dags/daily_revenue_etl_dag.py
[2026-03-27T05:25:40.451+0000] {processor.py:840} INFO - DAG(s) 'daily_revenue_etl_dag' retrieved from /opt/airflow/dags/daily_revenue_etl_dag.py
[2026-03-27T05:25:40.488+0000] {logging_mixin.py:188} INFO - [2026-03-27T05:25:40.488+0000] {dag.py:3036} INFO - Sync 1 DAGs
[2026-03-27T05:25:40.518+0000] {logging_mixin.py:188} INFO - [2026-03-27T05:25:40.518+0000] {dag.py:3823} INFO - Setting next_dagrun for daily_revenue_etl_dag to 2026-03-27 00:00:00+00:00, run_after=2026-03-28 00:00:00+00:00
[2026-03-27T05:02:08.146+0000] {processor.py:183} INFO - Processing /opt/airflow/dags/daily_revenue_etl_dag.py took 0.138 seconds
[2026-03-27T05:25:45.448+0000] {processor.py:161} INFO - Started process (PID=2070) to work on /opt/airflow/dags/daily_revenue_etl_dag.py
[2026-03-27T05:25:45.449+0000] {processor.py:830} INFO - Processing file /opt/airflow/dags/daily_revenue_etl_dag.py for tasks to queue
[2026-03-27T05:25:45.451+0000] {logging_mixin.py:188} INFO - [2026-03-27T05:25:45.451+0000] {dagbag.py:538} INFO - Filling up the DagBag from /opt/airflow/dags/daily_revenue_etl_dag.py
[2026-03-27T05:25:45.477+0000] {processor.py:840} INFO - DAG(s) 'daily_revenue_etl_dag' retrieved from /opt/airflow/dags/daily_revenue_etl_dag.py
[2026-03-27T05:25:45.512+0000] {logging_mixin.py:188} INFO - [2026-03-27T05:25:45.512+0000] {dag.py:3036} INFO - Sync 1 DAGs
[2026-03-27T05:02:13.144+0000] {logging_mixin.py:188} INFO - [2026-03-27T05:02:13.144+0000] {dag.py:3823} INFO - Setting next_dagrun for daily_revenue_etl_dag to 2026-03-27 00:00:00+00:00, run_after=2026-03-28 00:00:00+00:00
[2026-03-27T05:02:13.172+0000] {processor.py:183} INFO - Processing /opt/airflow/dags/daily_revenue_etl_dag.py took 0.132 seconds
[2026-03-27T05:25:50.504+0000] {processor.py:161} INFO - Started process (PID=2075) to work on /opt/airflow/dags/daily_revenue_etl_dag.py
[2026-03-27T05:25:50.505+0000] {processor.py:830} INFO - Processing file /opt/airflow/dags/daily_revenue_etl_dag.py for tasks to queue
[2026-03-27T05:25:50.508+0000] {logging_mixin.py:188} INFO - [2026-03-27T05:25:50.506+0000] {dagbag.py:538} INFO - Filling up the DagBag from /opt/airflow/dags/daily_revenue_etl_dag.py
[2026-03-27T05:25:50.530+0000] {processor.py:840} INFO - DAG(s) 'daily_revenue_etl_dag' retrieved from /opt/airflow/dags/daily_revenue_etl_dag.py
[2026-03-27T05:02:18.166+0000] {logging_mixin.py:188} INFO - [2026-03-27T05:02:18.165+0000] {dag.py:3036} INFO - Sync 1 DAGs
[2026-03-27T05:02:18.200+0000] {logging_mixin.py:188} INFO - [2026-03-27T05:02:18.200+0000] {dag.py:3823} INFO - Setting next_dagrun for daily_revenue_etl_dag to 2026-03-27 00:00:00+00:00, run_after=2026-03-28 00:00:00+00:00
[2026-03-27T05:02:18.228+0000] {processor.py:183} INFO - Processing /opt/airflow/dags/daily_revenue_etl_dag.py took 0.129 seconds
[2026-03-27T05:02:48.524+0000] {processor.py:161} INFO - Started process (PID=2080) to work on /opt/airflow/dags/daily_revenue_etl_dag.py
[2026-03-27T05:02:48.525+0000] {processor.py:830} INFO - Processing file /opt/airflow/dags/daily_revenue_etl_dag.py for tasks to queue
[2026-03-27T05:02:48.527+0000] {logging_mixin.py:188} INFO - [2026-03-27T05:02:48.526+0000] {dagbag.py:538} INFO - Filling up the DagBag from /opt/airflow/dags/daily_revenue_etl_dag.py
[2026-03-27T05:02:48.569+0000] {processor.py:840} INFO - DAG(s) 'daily_revenue_etl_dag' retrieved from /opt/airflow/dags/daily_revenue_etl_dag.py
[2026-03-27T05:02:48.587+0000] {logging_mixin.py:188} INFO - [2026-03-27T05:02:48.587+0000] {dag.py:3036} INFO - Sync 1 DAGs
[2026-03-27T05:02:48.625+0000] {logging_mixin.py:188} INFO - [2026-03-27T05:02:48.625+0000] {dag.py:3823} INFO - Setting next_dagrun for daily_revenue_etl_dag to 2026-03-27 00:00:00+00:00, run_after=2026-03-28 00:00:00+00:00
[2026-03-27T05:02:48.661+0000] {processor.py:183} INFO - Processing /opt/airflow/dags/daily_revenue_etl_dag.py took 0.143 seconds
[2026-03-27T05:03:18.897+0000] {processor.py:161} INFO - Started process (PID=2085) to work on /opt/airflow/dags/daily_revenue_etl_dag.py
[2026-03-27T05:03:18.899+0000] {processor.py:830} INFO - Processing file /opt/airflow/dags/daily_revenue_etl_dag.py for tasks to queue
[2026-03-27T05:03:18.900+0000] {logging_mixin.py:188} INFO - [2026-03-27T05:03:18.900+0000] {dagbag.py:538} INFO - Filling up the DagBag from /opt/airflow/dags/daily_revenue_etl_dag.py
[2026-03-27T05:03:18.936+0000] {processor.py:840} INFO - DAG(s) 'daily_revenue_etl_dag' retrieved from /opt/airflow/dags/daily_revenue_etl_dag.py
[2026-03-27T05:03:18.956+0000] {logging_mixin.py:188} INFO - [2026-03-27T05:03:18.956+0000] {dag.py:3036} INFO - Sync 1 DAGs
[2026-03-27T05:03:18.988+0000] {logging_mixin.py:188} INFO - [2026-03-27T05:03:18.988+0000] {dag.py:3823} INFO - Setting next_dagrun for daily_revenue_etl_dag to 2026-03-27 00:00:00+00:00, run_after=2026-03-28 00:00:00+00:00
[2026-03-27T05:03:19.018+0000] {processor.py:183} INFO - Processing /opt/airflow/dags/daily_revenue_etl_dag.py took 0.127 seconds
[2026-03-27T05:26:52.505+0000] {processor.py:161} INFO - Started process (PID=2090) to work on /opt/airflow/dags/daily_revenue_etl_dag.py
[2026-03-27T05:26:52.507+0000] {processor.py:830} INFO - Processing file /opt/airflow/dags/daily_revenue_etl_dag.py for tasks to queue
[2026-03-27T05:26:52.509+0000] {logging_mixin.py:188} INFO - [2026-03-27T05:26:52.508+0000] {dagbag.py:538} INFO - Filling up the DagBag from /opt/airflow/dags/daily_revenue_etl_dag.py
[2026-03-27T05:26:52.540+0000] {processor.py:840} INFO - DAG(s) 'daily_revenue_etl_dag' retrieved from /opt/airflow/dags/daily_revenue_etl_dag.py
[2026-03-27T05:03:20.185+0000] {logging_mixin.py:188} INFO - [2026-03-27T05:03:20.183+0000] {dag.py:3036} INFO - Sync 1 DAGs
[2026-03-27T05:03:20.237+0000] {logging_mixin.py:188} INFO - [2026-03-27T05:03:20.236+0000] {dag.py:3823} INFO - Setting next_dagrun for daily_revenue_etl_dag to 2026-03-27 00:00:00+00:00, run_after=2026-03-28 00:00:00+00:00
[2026-03-27T05:03:20.292+0000] {processor.py:183} INFO - Processing /opt/airflow/dags/daily_revenue_etl_dag.py took 0.196 seconds
[2026-03-27T05:26:55.541+0000] {processor.py:161} INFO - Started process (PID=2095) to work on /opt/airflow/dags/daily_revenue_etl_dag.py
[2026-03-27T05:26:55.543+0000] {processor.py:830} INFO - Processing file /opt/airflow/dags/daily_revenue_etl_dag.py for tasks to queue
[2026-03-27T05:26:55.544+0000] {logging_mixin.py:188} INFO - [2026-03-27T05:26:55.544+0000] {dagbag.py:538} INFO - Filling up the DagBag from /opt/airflow/dags/daily_revenue_etl_dag.py
[2026-03-27T05:26:55.581+0000] {processor.py:840} INFO - DAG(s) 'daily_revenue_etl_dag' retrieved from /opt/airflow/dags/daily_revenue_etl_dag.py
[2026-03-27T05:26:55.630+0000] {logging_mixin.py:188} INFO - [2026-03-27T05:26:55.629+0000] {dag.py:3036} INFO - Sync 1 DAGs
[2026-03-27T05:03:23.315+0000] {logging_mixin.py:188} INFO - [2026-03-27T05:03:23.314+0000] {dag.py:3823} INFO - Setting next_dagrun for daily_revenue_etl_dag to 2026-03-27 00:00:00+00:00, run_after=2026-03-28 00:00:00+00:00
[2026-03-27T05:03:23.384+0000] {processor.py:183} INFO - Processing /opt/airflow/dags/daily_revenue_etl_dag.py took 0.250 seconds
[2026-03-27T05:03:53.676+0000] {processor.py:161} INFO - Started process (PID=2102) to work on /opt/airflow/dags/daily_revenue_etl_dag.py
[2026-03-27T05:03:53.677+0000] {processor.py:830} INFO - Processing file /opt/airflow/dags/daily_revenue_etl_dag.py for tasks to queue
[2026-03-27T05:03:53.679+0000] {logging_mixin.py:188} INFO - [2026-03-27T05:03:53.678+0000] {dagbag.py:538} INFO - Filling up the DagBag from /opt/airflow/dags/daily_revenue_etl_dag.py
[2026-03-27T05:03:53.722+0000] {processor.py:840} INFO - DAG(s) 'daily_revenue_etl_dag' retrieved from /opt/airflow/dags/daily_revenue_etl_dag.py
[2026-03-27T05:03:53.748+0000] {logging_mixin.py:188} INFO - [2026-03-27T05:03:53.747+0000] {dag.py:3036} INFO - Sync 1 DAGs
[2026-03-27T05:03:53.785+0000] {logging_mixin.py:188} INFO - [2026-03-27T05:03:53.785+0000] {dag.py:3823} INFO - Setting next_dagrun for daily_revenue_etl_dag to 2026-03-27 00:00:00+00:00, run_after=2026-03-28 00:00:00+00:00
[2026-03-27T05:03:53.810+0000] {processor.py:183} INFO - Processing /opt/airflow/dags/daily_revenue_etl_dag.py took 0.141 seconds
[2026-03-27T05:27:52.470+0000] {processor.py:161} INFO - Started process (PID=2107) to work on /opt/airflow/dags/daily_revenue_etl_dag.py
[2026-03-27T05:27:52.473+0000] {processor.py:830} INFO - Processing file /opt/airflow/dags/daily_revenue_etl_dag.py for tasks to queue
[2026-03-27T05:27:52.475+0000] {logging_mixin.py:188} INFO - [2026-03-27T05:27:52.474+0000] {dagbag.py:538} INFO - Filling up the DagBag from /opt/airflow/dags/daily_revenue_etl_dag.py
[2026-03-27T05:27:52.501+0000] {processor.py:840} INFO - DAG(s) 'daily_revenue_etl_dag' retrieved from /opt/airflow/dags/daily_revenue_etl_dag.py
[2026-03-27T05:27:52.537+0000] {logging_mixin.py:188} INFO - [2026-03-27T05:27:52.536+0000] {dag.py:3036} INFO - Sync 1 DAGs
[2026-03-27T05:04:20.166+0000] {logging_mixin.py:188} INFO - [2026-03-27T05:04:20.166+0000] {dag.py:3823} INFO - Setting next_dagrun for daily_revenue_etl_dag to 2026-03-27 00:00:00+00:00, run_after=2026-03-28 00:00:00+00:00
[2026-03-27T05:04:20.194+0000] {processor.py:183} INFO - Processing /opt/airflow/dags/daily_revenue_etl_dag.py took 0.132 seconds
[2026-03-27T05:27:55.676+0000] {processor.py:161} INFO - Started process (PID=2112) to work on /opt/airflow/dags/daily_revenue_etl_dag.py
[2026-03-27T05:27:55.679+0000] {processor.py:830} INFO - Processing file /opt/airflow/dags/daily_revenue_etl_dag.py for tasks to queue
[2026-03-27T05:27:55.681+0000] {logging_mixin.py:188} INFO - [2026-03-27T05:27:55.681+0000] {dagbag.py:538} INFO - Filling up the DagBag from /opt/airflow/dags/daily_revenue_etl_dag.py
[2026-03-27T05:27:55.708+0000] {processor.py:840} INFO - DAG(s) 'daily_revenue_etl_dag' retrieved from /opt/airflow/dags/daily_revenue_etl_dag.py
[2026-03-27T05:27:55.749+0000] {logging_mixin.py:188} INFO - [2026-03-27T05:27:55.748+0000] {dag.py:3036} INFO - Sync 1 DAGs
[2026-03-27T05:27:55.782+0000] {logging_mixin.py:188} INFO - [2026-03-27T05:27:55.781+0000] {dag.py:3823} INFO - Setting next_dagrun for daily_revenue_etl_dag to 2026-03-27 00:00:00+00:00, run_after=2026-03-28 00:00:00+00:00
[2026-03-27T05:27:55.808+0000] {processor.py:183} INFO - Processing /opt/airflow/dags/daily_revenue_etl_dag.py took 0.138 seconds
[2026-03-27T05:28:00.717+0000] {processor.py:161} INFO - Started process (PID=2117) to work on /opt/airflow/dags/daily_revenue_etl_dag.py
[2026-03-27T05:28:00.718+0000] {processor.py:830} INFO - Processing file /opt/airflow/dags/daily_revenue_etl_dag.py for tasks to queue
[2026-03-27T05:28:00.721+0000] {logging_mixin.py:188} INFO - [2026-03-27T05:28:00.720+0000] {dagbag.py:538} INFO - Filling up the DagBag from /opt/airflow/dags/daily_revenue_etl_dag.py
[2026-03-27T05:28:00.748+0000] {processor.py:840} INFO - DAG(s) 'daily_revenue_etl_dag' retrieved from /opt/airflow/dags/daily_revenue_etl_dag.py
[2026-03-27T05:04:28.427+0000] {logging_mixin.py:188} INFO - [2026-03-27T05:04:28.426+0000] {dag.py:3036} INFO - Sync 1 DAGs
[2026-03-27T05:04:28.461+0000] {logging_mixin.py:188} INFO - [2026-03-27T05:04:28.460+0000] {dag.py:3823} INFO - Setting next_dagrun for daily_revenue_etl_dag to 2026-03-27 00:00:00+00:00, run_after=2026-03-28 00:00:00+00:00
[2026-03-27T05:04:28.492+0000] {processor.py:183} INFO - Processing /opt/airflow/dags/daily_revenue_etl_dag.py took 0.179 seconds
[2026-03-27T05:04:58.720+0000] {processor.py:161} INFO - Started process (PID=2122) to work on /opt/airflow/dags/daily_revenue_etl_dag.py
[2026-03-27T05:04:58.722+0000] {processor.py:830} INFO - Processing file /opt/airflow/dags/daily_revenue_etl_dag.py for tasks to queue
[2026-03-27T05:04:58.725+0000] {logging_mixin.py:188} INFO - [2026-03-27T05:04:58.724+0000] {dagbag.py:538} INFO - Filling up the DagBag from /opt/airflow/dags/daily_revenue_etl_dag.py
[2026-03-27T05:04:58.763+0000] {processor.py:840} INFO - DAG(s) 'daily_revenue_etl_dag' retrieved from /opt/airflow/dags/daily_revenue_etl_dag.py
[2026-03-27T05:04:58.783+0000] {logging_mixin.py:188} INFO - [2026-03-27T05:04:58.783+0000] {dag.py:3036} INFO - Sync 1 DAGs
[2026-03-27T05:04:58.826+0000] {logging_mixin.py:188} INFO - [2026-03-27T05:04:58.826+0000] {dag.py:3823} INFO - Setting next_dagrun for daily_revenue_etl_dag to 2026-03-27 00:00:00+00:00, run_after=2026-03-28 00:00:00+00:00
[2026-03-27T05:04:58.864+0000] {processor.py:183} INFO - Processing /opt/airflow/dags/daily_revenue_etl_dag.py took 0.149 seconds
[2026-03-27T05:28:52.448+0000] {processor.py:161} INFO - Started process (PID=2127) to work on /opt/airflow/dags/daily_revenue_etl_dag.py
[2026-03-27T05:28:52.450+0000] {processor.py:830} INFO - Processing file /opt/airflow/dags/daily_revenue_etl_dag.py for tasks to queue
[2026-03-27T05:28:52.451+0000] {logging_mixin.py:188} INFO - [2026-03-27T05:28:52.450+0000] {dagbag.py:538} INFO - Filling up the DagBag from /opt/airflow/dags/daily_revenue_etl_dag.py
[2026-03-27T05:28:52.481+0000] {processor.py:840} INFO - DAG(s) 'daily_revenue_etl_dag' retrieved from /opt/airflow/dags/daily_revenue_etl_dag.py
[2026-03-27T05:28:52.519+0000] {logging_mixin.py:188} INFO - [2026-03-27T05:28:52.519+0000] {dag.py:3036} INFO - Sync 1 DAGs
[2026-03-27T05:28:52.554+0000] {logging_mixin.py:188} INFO - [2026-03-27T05:28:52.553+0000] {dag.py:3823} INFO - Setting next_dagrun for daily_revenue_etl_dag to 2026-03-27 00:00:00+00:00, run_after=2026-03-28 00:00:00+00:00
[2026-03-27T05:05:20.181+0000] {processor.py:183} INFO - Processing /opt/airflow/dags/daily_revenue_etl_dag.py took 0.136 seconds
[2026-03-27T05:29:15.797+0000] {processor.py:161} INFO - Started process (PID=2132) to work on /opt/airflow/dags/daily_revenue_etl_dag.py
[2026-03-27T05:29:15.799+0000] {processor.py:830} INFO - Processing file /opt/airflow/dags/daily_revenue_etl_dag.py for tasks to queue
[2026-03-27T05:29:15.800+0000] {logging_mixin.py:188} INFO - [2026-03-27T05:29:15.800+0000] {dagbag.py:538} INFO - Filling up the DagBag from /opt/airflow/dags/daily_revenue_etl_dag.py
[2026-03-27T05:29:15.835+0000] {processor.py:840} INFO - DAG(s) 'daily_revenue_etl_dag' retrieved from /opt/airflow/dags/daily_revenue_etl_dag.py
[2026-03-27T05:29:15.881+0000] {logging_mixin.py:188} INFO - [2026-03-27T05:29:15.881+0000] {dag.py:3036} INFO - Sync 1 DAGs
[2026-03-27T05:29:15.913+0000] {logging_mixin.py:188} INFO - [2026-03-27T05:29:15.913+0000] {dag.py:3823} INFO - Setting next_dagrun for daily_revenue_etl_dag to 2026-03-27 00:00:00+00:00, run_after=2026-03-28 00:00:00+00:00
[2026-03-27T05:05:43.561+0000] {processor.py:183} INFO - Processing /opt/airflow/dags/daily_revenue_etl_dag.py took 0.167 seconds
[2026-03-27T05:29:20.894+0000] {processor.py:161} INFO - Started process (PID=2137) to work on /opt/airflow/dags/daily_revenue_etl_dag.py
[2026-03-27T05:29:20.896+0000] {processor.py:830} INFO - Processing file /opt/airflow/dags/daily_revenue_etl_dag.py for tasks to queue
[2026-03-27T05:29:20.898+0000] {logging_mixin.py:188} INFO - [2026-03-27T05:29:20.897+0000] {dagbag.py:538} INFO - Filling up the DagBag from /opt/airflow/dags/daily_revenue_etl_dag.py
[2026-03-27T05:29:20.936+0000] {processor.py:840} INFO - DAG(s) 'daily_revenue_etl_dag' retrieved from /opt/airflow/dags/daily_revenue_etl_dag.py
[2026-03-27T05:05:48.587+0000] {logging_mixin.py:188} INFO - [2026-03-27T05:05:48.586+0000] {dag.py:3036} INFO - Sync 1 DAGs
[2026-03-27T05:05:48.650+0000] {logging_mixin.py:188} INFO - [2026-03-27T05:05:48.648+0000] {dag.py:3823} INFO - Setting next_dagrun for daily_revenue_etl_dag to 2026-03-27 00:00:00+00:00, run_after=2026-03-28 00:00:00+00:00
[2026-03-27T05:05:48.700+0000] {processor.py:183} INFO - Processing /opt/airflow/dags/daily_revenue_etl_dag.py took 0.210 seconds
[2026-03-27T05:06:18.910+0000] {processor.py:161} INFO - Started process (PID=2142) to work on /opt/airflow/dags/daily_revenue_etl_dag.py
[2026-03-27T05:06:18.912+0000] {processor.py:830} INFO - Processing file /opt/airflow/dags/daily_revenue_etl_dag.py for tasks to queue
[2026-03-27T05:06:18.914+0000] {logging_mixin.py:188} INFO - [2026-03-27T05:06:18.913+0000] {dagbag.py:538} INFO - Filling up the DagBag from /opt/airflow/dags/daily_revenue_etl_dag.py
[2026-03-27T05:06:18.943+0000] {processor.py:840} INFO - DAG(s) 'daily_revenue_etl_dag' retrieved from /opt/airflow/dags/daily_revenue_etl_dag.py
[2026-03-27T05:06:18.960+0000] {logging_mixin.py:188} INFO - [2026-03-27T05:06:18.959+0000] {dag.py:3036} INFO - Sync 1 DAGs
[2026-03-27T05:06:18.988+0000] {logging_mixin.py:188} INFO - [2026-03-27T05:06:18.988+0000] {dag.py:3823} INFO - Setting next_dagrun for daily_revenue_etl_dag to 2026-03-27 00:00:00+00:00, run_after=2026-03-28 00:00:00+00:00
[2026-03-27T05:06:19.012+0000] {processor.py:183} INFO - Processing /opt/airflow/dags/daily_revenue_etl_dag.py took 0.107 seconds
[2026-03-27T05:29:52.468+0000] {processor.py:161} INFO - Started process (PID=2147) to work on /opt/airflow/dags/daily_revenue_etl_dag.py
[2026-03-27T05:29:52.470+0000] {processor.py:830} INFO - Processing file /opt/airflow/dags/daily_revenue_etl_dag.py for tasks to queue
[2026-03-27T05:29:52.471+0000] {logging_mixin.py:188} INFO - [2026-03-27T05:29:52.471+0000] {dagbag.py:538} INFO - Filling up the DagBag from /opt/airflow/dags/daily_revenue_etl_dag.py
[2026-03-27T05:29:52.504+0000] {processor.py:840} INFO - DAG(s) 'daily_revenue_etl_dag' retrieved from /opt/airflow/dags/daily_revenue_etl_dag.py
[2026-03-27T05:29:52.543+0000] {logging_mixin.py:188} INFO - [2026-03-27T05:29:52.543+0000] {dag.py:3036} INFO - Sync 1 DAGs
[2026-03-27T05:29:52.577+0000] {logging_mixin.py:188} INFO - [2026-03-27T05:29:52.576+0000] {dag.py:3823} INFO - Setting next_dagrun for daily_revenue_etl_dag to 2026-03-27 00:00:00+00:00, run_after=2026-03-28 00:00:00+00:00
[2026-03-27T05:06:20.248+0000] {processor.py:183} INFO - Processing /opt/airflow/dags/daily_revenue_etl_dag.py took 0.184 seconds
[2026-03-27T05:30:15.872+0000] {processor.py:161} INFO - Started process (PID=2152) to work on /opt/airflow/dags/daily_revenue_etl_dag.py
[2026-03-27T05:30:15.874+0000] {processor.py:830} INFO - Processing file /opt/airflow/dags/daily_revenue_etl_dag.py for tasks to queue
[2026-03-27T05:30:15.875+0000] {logging_mixin.py:188} INFO - [2026-03-27T05:30:15.875+0000] {dagbag.py:538} INFO - Filling up the DagBag from /opt/airflow/dags/daily_revenue_etl_dag.py
[2026-03-27T05:30:15.898+0000] {processor.py:840} INFO - DAG(s) 'daily_revenue_etl_dag' retrieved from /opt/airflow/dags/daily_revenue_etl_dag.py
[2026-03-27T05:30:15.930+0000] {logging_mixin.py:188} INFO - [2026-03-27T05:30:15.929+0000] {dag.py:3036} INFO - Sync 1 DAGs
[2026-03-27T05:30:15.960+0000] {logging_mixin.py:188} INFO - [2026-03-27T05:30:15.960+0000] {dag.py:3823} INFO - Setting next_dagrun for daily_revenue_etl_dag to 2026-03-27 00:00:00+00:00, run_after=2026-03-28 00:00:00+00:00
[2026-03-27T05:30:15.986+0000] {processor.py:183} INFO - Processing /opt/airflow/dags/daily_revenue_etl_dag.py took 0.119 seconds
[2026-03-27T05:07:13.735+0000] {processor.py:161} INFO - Started process (PID=2157) to work on /opt/airflow/dags/daily_revenue_etl_dag.py
[2026-03-27T05:07:13.737+0000] {processor.py:830} INFO - Processing file /opt/airflow/dags/daily_revenue_etl_dag.py for tasks to queue
[2026-03-27T05:07:13.739+0000] {logging_mixin.py:188} INFO - [2026-03-27T05:07:13.739+0000] {dagbag.py:538} INFO - Filling up the DagBag from /opt/airflow/dags/daily_revenue_etl_dag.py
[2026-03-27T05:07:13.780+0000] {processor.py:840} INFO - DAG(s) 'daily_revenue_etl_dag' retrieved from /opt/airflow/dags/daily_revenue_etl_dag.py
[2026-03-27T05:07:13.823+0000] {logging_mixin.py:188} INFO - [2026-03-27T05:07:13.823+0000] {dag.py:3036} INFO - Sync 1 DAGs
[2026-03-27T05:07:13.857+0000] {logging_mixin.py:188} INFO - [2026-03-27T05:07:13.857+0000] {dag.py:3823} INFO - Setting next_dagrun for daily_revenue_etl_dag to 2026-03-27 00:00:00+00:00, run_after=2026-03-28 00:00:00+00:00
[2026-03-27T05:07:13.886+0000] {processor.py:183} INFO - Processing /opt/airflow/dags/daily_revenue_etl_dag.py took 0.157 seconds
[2026-03-27T05:07:44.132+0000] {processor.py:161} INFO - Started process (PID=2162) to work on /opt/airflow/dags/daily_revenue_etl_dag.py
[2026-03-27T05:07:44.138+0000] {processor.py:830} INFO - Processing file /opt/airflow/dags/daily_revenue_etl_dag.py for tasks to queue
[2026-03-27T05:07:44.140+0000] {logging_mixin.py:188} INFO - [2026-03-27T05:07:44.139+0000] {dagbag.py:538} INFO - Filling up the DagBag from /opt/airflow/dags/daily_revenue_etl_dag.py
[2026-03-27T05:07:44.181+0000] {processor.py:840} INFO - DAG(s) 'daily_revenue_etl_dag' retrieved from /opt/airflow/dags/daily_revenue_etl_dag.py
[2026-03-27T05:07:44.233+0000] {logging_mixin.py:188} INFO - [2026-03-27T05:07:44.232+0000] {dag.py:3036} INFO - Sync 1 DAGs
[2026-03-27T05:07:44.279+0000] {logging_mixin.py:188} INFO - [2026-03-27T05:07:44.279+0000] {dag.py:3823} INFO - Setting next_dagrun for daily_revenue_etl_dag to 2026-03-27 00:00:00+00:00, run_after=2026-03-28 00:00:00+00:00
[2026-03-27T05:07:44.318+0000] {processor.py:183} INFO - Processing /opt/airflow/dags/daily_revenue_etl_dag.py took 0.197 seconds
[2026-03-27T05:07:50.259+0000] {processor.py:161} INFO - Started process (PID=2167) to work on /opt/airflow/dags/daily_revenue_etl_dag.py
[2026-03-27T05:07:50.262+0000] {processor.py:830} INFO - Processing file /opt/airflow/dags/daily_revenue_etl_dag.py for tasks to queue
[2026-03-27T05:07:50.263+0000] {logging_mixin.py:188} INFO - [2026-03-27T05:07:50.263+0000] {dagbag.py:538} INFO - Filling up the DagBag from /opt/airflow/dags/daily_revenue_etl_dag.py
[2026-03-27T05:07:50.299+0000] {processor.py:840} INFO - DAG(s) 'daily_revenue_etl_dag' retrieved from /opt/airflow/dags/daily_revenue_etl_dag.py
[2026-03-27T05:07:50.345+0000] {logging_mixin.py:188} INFO - [2026-03-27T05:07:50.344+0000] {dag.py:3036} INFO - Sync 1 DAGs
[2026-03-27T05:07:50.393+0000] {logging_mixin.py:188} INFO - [2026-03-27T05:07:50.392+0000] {dag.py:3823} INFO - Setting next_dagrun for daily_revenue_etl_dag to 2026-03-27 00:00:00+00:00, run_after=2026-03-28 00:00:00+00:00
[2026-03-27T05:07:50.426+0000] {processor.py:183} INFO - Processing /opt/airflow/dags/daily_revenue_etl_dag.py took 0.175 seconds
[2026-03-27T05:31:51.119+0000] {processor.py:161} INFO - Started process (PID=2172) to work on /opt/airflow/dags/daily_revenue_etl_dag.py
[2026-03-27T05:31:51.124+0000] {processor.py:830} INFO - Processing file /opt/airflow/dags/daily_revenue_etl_dag.py for tasks to queue
[2026-03-27T05:31:51.127+0000] {logging_mixin.py:188} INFO - [2026-03-27T05:31:51.126+0000] {dagbag.py:538} INFO - Filling up the DagBag from /opt/airflow/dags/daily_revenue_etl_dag.py
[2026-03-27T05:31:51.187+0000] {processor.py:840} INFO - DAG(s) 'daily_revenue_etl_dag' retrieved from /opt/airflow/dags/daily_revenue_etl_dag.py
[2026-03-27T05:08:18.871+0000] {logging_mixin.py:188} INFO - [2026-03-27T05:08:18.868+0000] {dag.py:3036} INFO - Sync 1 DAGs
[2026-03-27T05:08:18.931+0000] {logging_mixin.py:188} INFO - [2026-03-27T05:08:18.930+0000] {dag.py:3823} INFO - Setting next_dagrun for daily_revenue_etl_dag to 2026-03-27 00:00:00+00:00, run_after=2026-03-28 00:00:00+00:00
[2026-03-27T05:08:18.968+0000] {processor.py:183} INFO - Processing /opt/airflow/dags/daily_revenue_etl_dag.py took 0.257 seconds
[2026-03-27T05:31:52.426+0000] {processor.py:161} INFO - Started process (PID=2177) to work on /opt/airflow/dags/daily_revenue_etl_dag.py
[2026-03-27T05:31:52.428+0000] {processor.py:830} INFO - Processing file /opt/airflow/dags/daily_revenue_etl_dag.py for tasks to queue
[2026-03-27T05:31:52.430+0000] {logging_mixin.py:188} INFO - [2026-03-27T05:31:52.430+0000] {dagbag.py:538} INFO - Filling up the DagBag from /opt/airflow/dags/daily_revenue_etl_dag.py
[2026-03-27T05:31:52.490+0000] {processor.py:840} INFO - DAG(s) 'daily_revenue_etl_dag' retrieved from /opt/airflow/dags/daily_revenue_etl_dag.py
[2026-03-27T05:08:20.320+0000] {logging_mixin.py:188} INFO - [2026-03-27T05:08:20.319+0000] {dag.py:3036} INFO - Sync 1 DAGs
[2026-03-27T05:08:20.411+0000] {logging_mixin.py:188} INFO - [2026-03-27T05:08:20.408+0000] {dag.py:3823} INFO - Setting next_dagrun for daily_revenue_etl_dag to 2026-03-27 00:00:00+00:00, run_after=2026-03-28 00:00:00+00:00
[2026-03-27T05:08:20.485+0000] {processor.py:183} INFO - Processing /opt/airflow/dags/daily_revenue_etl_dag.py took 0.456 seconds
[2026-03-27T05:32:01.142+0000] {processor.py:161} INFO - Started process (PID=2182) to work on /opt/airflow/dags/daily_revenue_etl_dag.py
[2026-03-27T05:32:01.144+0000] {processor.py:830} INFO - Processing file /opt/airflow/dags/daily_revenue_etl_dag.py for tasks to queue
[2026-03-27T05:32:01.145+0000] {logging_mixin.py:188} INFO - [2026-03-27T05:32:01.144+0000] {dagbag.py:538} INFO - Filling up the DagBag from /opt/airflow/dags/daily_revenue_etl_dag.py
[2026-03-27T05:32:01.176+0000] {processor.py:840} INFO - DAG(s) 'daily_revenue_etl_dag' retrieved from /opt/airflow/dags/daily_revenue_etl_dag.py
[2026-03-27T05:32:01.218+0000] {logging_mixin.py:188} INFO - [2026-03-27T05:32:01.218+0000] {dag.py:3036} INFO - Sync 1 DAGs
[2026-03-27T05:08:28.850+0000] {logging_mixin.py:188} INFO - [2026-03-27T05:08:28.849+0000] {dag.py:3823} INFO - Setting next_dagrun for daily_revenue_etl_dag to 2026-03-27 00:00:00+00:00, run_after=2026-03-28 00:00:00+00:00
[2026-03-27T05:08:28.874+0000] {processor.py:183} INFO - Processing /opt/airflow/dags/daily_revenue_etl_dag.py took 0.138 seconds
[2026-03-27T05:32:06.185+0000] {processor.py:161} INFO - Started process (PID=2187) to work on /opt/airflow/dags/daily_revenue_etl_dag.py
[2026-03-27T05:32:06.187+0000] {processor.py:830} INFO - Processing file /opt/airflow/dags/daily_revenue_etl_dag.py for tasks to queue
[2026-03-27T05:32:06.188+0000] {logging_mixin.py:188} INFO - [2026-03-27T05:32:06.188+0000] {dagbag.py:538} INFO - Filling up the DagBag from /opt/airflow/dags/daily_revenue_etl_dag.py
[2026-03-27T05:32:06.210+0000] {processor.py:840} INFO - DAG(s) 'daily_revenue_etl_dag' retrieved from /opt/airflow/dags/daily_revenue_etl_dag.py
[2026-03-27T05:32:06.238+0000] {logging_mixin.py:188} INFO - [2026-03-27T05:32:06.238+0000] {dag.py:3036} INFO - Sync 1 DAGs
[2026-03-27T05:08:33.873+0000] {logging_mixin.py:188} INFO - [2026-03-27T05:08:33.873+0000] {dag.py:3823} INFO - Setting next_dagrun for daily_revenue_etl_dag to 2026-03-27 00:00:00+00:00, run_after=2026-03-28 00:00:00+00:00
[2026-03-27T05:08:33.899+0000] {processor.py:183} INFO - Processing /opt/airflow/dags/daily_revenue_etl_dag.py took 0.112 seconds
[2026-03-27T05:32:11.247+0000] {processor.py:161} INFO - Started process (PID=2192) to work on /opt/airflow/dags/daily_revenue_etl_dag.py
[2026-03-27T05:32:11.249+0000] {processor.py:830} INFO - Processing file /opt/airflow/dags/daily_revenue_etl_dag.py for tasks to queue
[2026-03-27T05:32:11.250+0000] {logging_mixin.py:188} INFO - [2026-03-27T05:32:11.250+0000] {dagbag.py:538} INFO - Filling up the DagBag from /opt/airflow/dags/daily_revenue_etl_dag.py
[2026-03-27T05:32:11.273+0000] {processor.py:840} INFO - DAG(s) 'daily_revenue_etl_dag' retrieved from /opt/airflow/dags/daily_revenue_etl_dag.py
[2026-03-27T05:08:38.928+0000] {logging_mixin.py:188} INFO - [2026-03-27T05:08:38.927+0000] {dag.py:3036} INFO - Sync 1 DAGs
[2026-03-27T05:08:38.964+0000] {logging_mixin.py:188} INFO - [2026-03-27T05:08:38.964+0000] {dag.py:3823} INFO - Setting next_dagrun for daily_revenue_etl_dag to 2026-03-27 00:00:00+00:00, run_after=2026-03-28 00:00:00+00:00
[2026-03-27T05:08:38.991+0000] {processor.py:183} INFO - Processing /opt/airflow/dags/daily_revenue_etl_dag.py took 0.134 seconds
[2026-03-27T05:32:22.446+0000] {processor.py:161} INFO - Started process (PID=2197) to work on /opt/airflow/dags/daily_revenue_etl_dag.py
[2026-03-27T05:32:22.448+0000] {processor.py:830} INFO - Processing file /opt/airflow/dags/daily_revenue_etl_dag.py for tasks to queue
[2026-03-27T05:32:22.450+0000] {logging_mixin.py:188} INFO - [2026-03-27T05:32:22.450+0000] {dagbag.py:538} INFO - Filling up the DagBag from /opt/airflow/dags/daily_revenue_etl_dag.py
[2026-03-27T05:32:22.478+0000] {processor.py:840} INFO - DAG(s) 'daily_revenue_etl_dag' retrieved from /opt/airflow/dags/daily_revenue_etl_dag.py
[2026-03-27T05:32:22.511+0000] {logging_mixin.py:188} INFO - [2026-03-27T05:32:22.510+0000] {dag.py:3036} INFO - Sync 1 DAGs
[2026-03-27T05:32:22.534+0000] {logging_mixin.py:188} INFO - [2026-03-27T05:32:22.534+0000] {dag.py:3823} INFO - Setting next_dagrun for daily_revenue_etl_dag to 2026-03-27 00:00:00+00:00, run_after=2026-03-28 00:00:00+00:00
[2026-03-27T05:32:22.562+0000] {processor.py:183} INFO - Processing /opt/airflow/dags/daily_revenue_etl_dag.py took 0.121 seconds
[2026-03-27T05:34:01.267+0000] {processor.py:161} INFO - Started process (PID=2204) to work on /opt/airflow/dags/daily_revenue_etl_dag.py
[2026-03-27T05:34:01.268+0000] {processor.py:830} INFO - Processing file /opt/airflow/dags/daily_revenue_etl_dag.py for tasks to queue
[2026-03-27T05:34:01.269+0000] {logging_mixin.py:188} INFO - [2026-03-27T05:34:01.269+0000] {dagbag.py:538} INFO - Filling up the DagBag from /opt/airflow/dags/daily_revenue_etl_dag.py
[2026-03-27T05:34:01.291+0000] {processor.py:840} INFO - DAG(s) 'daily_revenue_etl_dag' retrieved from /opt/airflow/dags/daily_revenue_etl_dag.py
[2026-03-27T05:34:01.320+0000] {logging_mixin.py:188} INFO - [2026-03-27T05:34:01.320+0000] {dag.py:3036} INFO - Sync 1 DAGs
[2026-03-27T05:34:01.355+0000] {logging_mixin.py:188} INFO - [2026-03-27T05:34:01.355+0000] {dag.py:3823} INFO - Setting next_dagrun for daily_revenue_etl_dag to 2026-03-27 00:00:00+00:00, run_after=2026-03-28 00:00:00+00:00
[2026-03-27T05:34:01.380+0000] {processor.py:183} INFO - Processing /opt/airflow/dags/daily_revenue_etl_dag.py took 0.117 seconds
[2026-03-27T05:10:59.129+0000] {processor.py:161} INFO - Started process (PID=2209) to work on /opt/airflow/dags/daily_revenue_etl_dag.py
[2026-03-27T05:10:59.131+0000] {processor.py:830} INFO - Processing file /opt/airflow/dags/daily_revenue_etl_dag.py for tasks to queue
[2026-03-27T05:10:59.132+0000] {logging_mixin.py:188} INFO - [2026-03-27T05:10:59.132+0000] {dagbag.py:538} INFO - Filling up the DagBag from /opt/airflow/dags/daily_revenue_etl_dag.py
[2026-03-27T05:10:59.164+0000] {processor.py:840} INFO - DAG(s) 'daily_revenue_etl_dag' retrieved from /opt/airflow/dags/daily_revenue_etl_dag.py
[2026-03-27T05:10:59.200+0000] {logging_mixin.py:188} INFO - [2026-03-27T05:10:59.200+0000] {dag.py:3036} INFO - Sync 1 DAGs
[2026-03-27T05:10:59.259+0000] {logging_mixin.py:188} INFO - [2026-03-27T05:10:59.258+0000] {dag.py:3823} INFO - Setting next_dagrun for daily_revenue_etl_dag to 2026-03-27 00:00:00+00:00, run_after=2026-03-28 00:00:00+00:00
[2026-03-27T05:10:59.308+0000] {processor.py:183} INFO - Processing /opt/airflow/dags/daily_revenue_etl_dag.py took 0.184 seconds
[2026-03-27T05:11:29.451+0000] {processor.py:161} INFO - Started process (PID=2214) to work on /opt/airflow/dags/daily_revenue_etl_dag.py
[2026-03-27T05:11:29.453+0000] {processor.py:830} INFO - Processing file /opt/airflow/dags/daily_revenue_etl_dag.py for tasks to queue
[2026-03-27T05:11:29.455+0000] {logging_mixin.py:188} INFO - [2026-03-27T05:11:29.454+0000] {dagbag.py:538} INFO - Filling up the DagBag from /opt/airflow/dags/daily_revenue_etl_dag.py
[2026-03-27T05:11:29.481+0000] {processor.py:840} INFO - DAG(s) 'daily_revenue_etl_dag' retrieved from /opt/airflow/dags/daily_revenue_etl_dag.py
[2026-03-27T05:11:29.517+0000] {logging_mixin.py:188} INFO - [2026-03-27T05:11:29.516+0000] {dag.py:3036} INFO - Sync 1 DAGs
[2026-03-27T05:11:29.550+0000] {logging_mixin.py:188} INFO - [2026-03-27T05:11:29.550+0000] {dag.py:3823} INFO - Setting next_dagrun for daily_revenue_etl_dag to 2026-03-27 00:00:00+00:00, run_after=2026-03-28 00:00:00+00:00
[2026-03-27T05:11:29.578+0000] {processor.py:183} INFO - Processing /opt/airflow/dags/daily_revenue_etl_dag.py took 0.132 seconds
[2026-03-27T05:11:59.835+0000] {processor.py:161} INFO - Started process (PID=2219) to work on /opt/airflow/dags/daily_revenue_etl_dag.py
[2026-03-27T05:11:59.837+0000] {processor.py:830} INFO - Processing file /opt/airflow/dags/daily_revenue_etl_dag.py for tasks to queue
[2026-03-27T05:11:59.839+0000] {logging_mixin.py:188} INFO - [2026-03-27T05:11:59.839+0000] {dagbag.py:538} INFO - Filling up the DagBag from /opt/airflow/dags/daily_revenue_etl_dag.py
[2026-03-27T05:11:59.881+0000] {processor.py:840} INFO - DAG(s) 'daily_revenue_etl_dag' retrieved from /opt/airflow/dags/daily_revenue_etl_dag.py
[2026-03-27T05:11:59.943+0000] {logging_mixin.py:188} INFO - [2026-03-27T05:11:59.942+0000] {dag.py:3036} INFO - Sync 1 DAGs
[2026-03-27T05:11:59.977+0000] {logging_mixin.py:188} INFO - [2026-03-27T05:11:59.977+0000] {dag.py:3823} INFO - Setting next_dagrun for daily_revenue_etl_dag to 2026-03-27 00:00:00+00:00, run_after=2026-03-28 00:00:00+00:00
[2026-03-27T05:12:00.003+0000] {processor.py:183} INFO - Processing /opt/airflow/dags/daily_revenue_etl_dag.py took 0.175 seconds
[2026-03-27T05:35:36.489+0000] {processor.py:161} INFO - Started process (PID=2224) to work on /opt/airflow/dags/daily_revenue_etl_dag.py
[2026-03-27T05:35:36.490+0000] {processor.py:830} INFO - Processing file /opt/airflow/dags/daily_revenue_etl_dag.py for tasks to queue
[2026-03-27T05:35:36.492+0000] {logging_mixin.py:188} INFO - [2026-03-27T05:35:36.492+0000] {dagbag.py:538} INFO - Filling up the DagBag from /opt/airflow/dags/daily_revenue_etl_dag.py
[2026-03-27T05:35:36.525+0000] {processor.py:840} INFO - DAG(s) 'daily_revenue_etl_dag' retrieved from /opt/airflow/dags/daily_revenue_etl_dag.py
[2026-03-27T05:35:36.570+0000] {logging_mixin.py:188} INFO - [2026-03-27T05:35:36.570+0000] {dag.py:3036} INFO - Sync 1 DAGs
[2026-03-27T05:12:04.220+0000] {logging_mixin.py:188} INFO - [2026-03-27T05:12:04.219+0000] {dag.py:3823} INFO - Setting next_dagrun for daily_revenue_etl_dag to 2026-03-27 00:00:00+00:00, run_after=2026-03-28 00:00:00+00:00
[2026-03-27T05:12:04.253+0000] {processor.py:183} INFO - Processing /opt/airflow/dags/daily_revenue_etl_dag.py took 0.161 seconds
[2026-03-27T05:35:41.543+0000] {processor.py:161} INFO - Started process (PID=2229) to work on /opt/airflow/dags/daily_revenue_etl_dag.py
[2026-03-27T05:35:41.546+0000] {processor.py:830} INFO - Processing file /opt/airflow/dags/daily_revenue_etl_dag.py for tasks to queue
[2026-03-27T05:35:41.547+0000] {logging_mixin.py:188} INFO - [2026-03-27T05:35:41.547+0000] {dagbag.py:538} INFO - Filling up the DagBag from /opt/airflow/dags/daily_revenue_etl_dag.py
[2026-03-27T05:35:41.571+0000] {processor.py:840} INFO - DAG(s) 'daily_revenue_etl_dag' retrieved from /opt/airflow/dags/daily_revenue_etl_dag.py
[2026-03-27T05:35:41.602+0000] {logging_mixin.py:188} INFO - [2026-03-27T05:35:41.602+0000] {dag.py:3036} INFO - Sync 1 DAGs
[2026-03-27T05:12:09.237+0000] {logging_mixin.py:188} INFO - [2026-03-27T05:12:09.237+0000] {dag.py:3823} INFO - Setting next_dagrun for daily_revenue_etl_dag to 2026-03-27 00:00:00+00:00, run_after=2026-03-28 00:00:00+00:00
[2026-03-27T05:12:09.260+0000] {processor.py:183} INFO - Processing /opt/airflow/dags/daily_revenue_etl_dag.py took 0.112 seconds
[2026-03-27T05:12:14.231+0000] {processor.py:161} INFO - Started process (PID=2234) to work on /opt/airflow/dags/daily_revenue_etl_dag.py
[2026-03-27T05:12:14.237+0000] {processor.py:830} INFO - Processing file /opt/airflow/dags/daily_revenue_etl_dag.py for tasks to queue
[2026-03-27T05:12:14.239+0000] {logging_mixin.py:188} INFO - [2026-03-27T05:12:14.238+0000] {dagbag.py:538} INFO - Filling up the DagBag from /opt/airflow/dags/daily_revenue_etl_dag.py
[2026-03-27T05:12:14.296+0000] {processor.py:840} INFO - DAG(s) 'daily_revenue_etl_dag' retrieved from /opt/airflow/dags/daily_revenue_etl_dag.py
[2026-03-27T05:12:14.366+0000] {logging_mixin.py:188} INFO - [2026-03-27T05:12:14.365+0000] {dag.py:3036} INFO - Sync 1 DAGs
[2026-03-27T05:12:14.411+0000] {logging_mixin.py:188} INFO - [2026-03-27T05:12:14.409+0000] {dag.py:3823} INFO - Setting next_dagrun for daily_revenue_etl_dag to 2026-03-27 00:00:00+00:00, run_after=2026-03-28 00:00:00+00:00
[2026-03-27T05:12:14.437+0000] {processor.py:183} INFO - Processing /opt/airflow/dags/daily_revenue_etl_dag.py took 0.216 seconds
[2026-03-27T05:12:44.542+0000] {processor.py:161} INFO - Started process (PID=2239) to work on /opt/airflow/dags/daily_revenue_etl_dag.py
[2026-03-27T05:12:44.543+0000] {processor.py:830} INFO - Processing file /opt/airflow/dags/daily_revenue_etl_dag.py for tasks to queue
[2026-03-27T05:12:44.544+0000] {logging_mixin.py:188} INFO - [2026-03-27T05:12:44.544+0000] {dagbag.py:538} INFO - Filling up the DagBag from /opt/airflow/dags/daily_revenue_etl_dag.py
[2026-03-27T05:12:44.564+0000] {processor.py:840} INFO - DAG(s) 'daily_revenue_etl_dag' retrieved from /opt/airflow/dags/daily_revenue_etl_dag.py
[2026-03-27T05:12:44.591+0000] {logging_mixin.py:188} INFO - [2026-03-27T05:12:44.590+0000] {dag.py:3036} INFO - Sync 1 DAGs
[2026-03-27T05:12:44.615+0000] {logging_mixin.py:188} INFO - [2026-03-27T05:12:44.614+0000] {dag.py:3823} INFO - Setting next_dagrun for daily_revenue_etl_dag to 2026-03-27 00:00:00+00:00, run_after=2026-03-28 00:00:00+00:00
[2026-03-27T05:12:44.635+0000] {processor.py:183} INFO - Processing /opt/airflow/dags/daily_revenue_etl_dag.py took 0.097 seconds
[2026-03-27T05:13:14.958+0000] {processor.py:161} INFO - Started process (PID=2244) to work on /opt/airflow/dags/daily_revenue_etl_dag.py
[2026-03-27T05:13:14.963+0000] {processor.py:830} INFO - Processing file /opt/airflow/dags/daily_revenue_etl_dag.py for tasks to queue
[2026-03-27T05:13:14.970+0000] {logging_mixin.py:188} INFO - [2026-03-27T05:13:14.969+0000] {dagbag.py:538} INFO - Filling up the DagBag from /opt/airflow/dags/daily_revenue_etl_dag.py
[2026-03-27T05:13:15.035+0000] {processor.py:840} INFO - DAG(s) 'daily_revenue_etl_dag' retrieved from /opt/airflow/dags/daily_revenue_etl_dag.py
[2026-03-27T05:13:15.146+0000] {logging_mixin.py:188} INFO - [2026-03-27T05:13:15.146+0000] {dag.py:3036} INFO - Sync 1 DAGs
[2026-03-27T05:13:15.252+0000] {logging_mixin.py:188} INFO - [2026-03-27T05:13:15.251+0000] {dag.py:3823} INFO - Setting next_dagrun for daily_revenue_etl_dag to 2026-03-27 00:00:00+00:00, run_after=2026-03-28 00:00:00+00:00
[2026-03-27T05:13:15.324+0000] {processor.py:183} INFO - Processing /opt/airflow/dags/daily_revenue_etl_dag.py took 0.372 seconds
[2026-03-27T05:13:45.772+0000] {processor.py:161} INFO - Started process (PID=2249) to work on /opt/airflow/dags/daily_revenue_etl_dag.py
[2026-03-27T05:13:45.784+0000] {processor.py:830} INFO - Processing file /opt/airflow/dags/daily_revenue_etl_dag.py for tasks to queue
[2026-03-27T05:13:45.794+0000] {logging_mixin.py:188} INFO - [2026-03-27T05:13:45.792+0000] {dagbag.py:538} INFO - Filling up the DagBag from /opt/airflow/dags/daily_revenue_etl_dag.py
[2026-03-27T05:13:45.868+0000] {processor.py:840} INFO - DAG(s) 'daily_revenue_etl_dag' retrieved from /opt/airflow/dags/daily_revenue_etl_dag.py
[2026-03-27T05:13:45.997+0000] {logging_mixin.py:188} INFO - [2026-03-27T05:13:45.997+0000] {dag.py:3036} INFO - Sync 1 DAGs
[2026-03-27T05:13:46.057+0000] {logging_mixin.py:188} INFO - [2026-03-27T05:13:46.056+0000] {dag.py:3823} INFO - Setting next_dagrun for daily_revenue_etl_dag to 2026-03-27 00:00:00+00:00, run_after=2026-03-28 00:00:00+00:00
[2026-03-27T05:13:46.100+0000] {processor.py:183} INFO - Processing /opt/airflow/dags/daily_revenue_etl_dag.py took 0.354 seconds
[2026-03-27T05:37:22.626+0000] {processor.py:161} INFO - Started process (PID=2254) to work on /opt/airflow/dags/daily_revenue_etl_dag.py
[2026-03-27T05:37:22.628+0000] {processor.py:830} INFO - Processing file /opt/airflow/dags/daily_revenue_etl_dag.py for tasks to queue
[2026-03-27T05:37:22.630+0000] {logging_mixin.py:188} INFO - [2026-03-27T05:37:22.629+0000] {dagbag.py:538} INFO - Filling up the DagBag from /opt/airflow/dags/daily_revenue_etl_dag.py
[2026-03-27T05:13:50.270+0000] {processor.py:840} INFO - DAG(s) 'daily_revenue_etl_dag' retrieved from /opt/airflow/dags/daily_revenue_etl_dag.py
[2026-03-27T05:13:50.318+0000] {logging_mixin.py:188} INFO - [2026-03-27T05:13:50.318+0000] {dag.py:3036} INFO - Sync 1 DAGs
[2026-03-27T05:13:50.353+0000] {logging_mixin.py:188} INFO - [2026-03-27T05:13:50.353+0000] {dag.py:3823} INFO - Setting next_dagrun for daily_revenue_etl_dag to 2026-03-27 00:00:00+00:00, run_after=2026-03-28 00:00:00+00:00
[2026-03-27T05:13:50.383+0000] {processor.py:183} INFO - Processing /opt/airflow/dags/daily_revenue_etl_dag.py took 0.153 seconds
[2026-03-27T05:37:26.699+0000] {processor.py:161} INFO - Started process (PID=2259) to work on /opt/airflow/dags/daily_revenue_etl_dag.py
[2026-03-27T05:37:26.702+0000] {processor.py:830} INFO - Processing file /opt/airflow/dags/daily_revenue_etl_dag.py for tasks to queue
[2026-03-27T05:37:26.706+0000] {logging_mixin.py:188} INFO - [2026-03-27T05:37:26.705+0000] {dagbag.py:538} INFO - Filling up the DagBag from /opt/airflow/dags/daily_revenue_etl_dag.py
[2026-03-27T05:37:26.763+0000] {processor.py:840} INFO - DAG(s) 'daily_revenue_etl_dag' retrieved from /opt/airflow/dags/daily_revenue_etl_dag.py
[2026-03-27T05:13:54.433+0000] {logging_mixin.py:188} INFO - [2026-03-27T05:13:54.433+0000] {dag.py:3036} INFO - Sync 1 DAGs
[2026-03-27T05:13:54.474+0000] {logging_mixin.py:188} INFO - [2026-03-27T05:13:54.473+0000] {dag.py:3823} INFO - Setting next_dagrun for daily_revenue_etl_dag to 2026-03-27 00:00:00+00:00, run_after=2026-03-28 00:00:00+00:00
[2026-03-27T05:13:54.506+0000] {processor.py:183} INFO - Processing /opt/airflow/dags/daily_revenue_etl_dag.py took 0.205 seconds
[2026-03-27T05:14:24.689+0000] {processor.py:161} INFO - Started process (PID=2264) to work on /opt/airflow/dags/daily_revenue_etl_dag.py
[2026-03-27T05:14:24.691+0000] {processor.py:830} INFO - Processing file /opt/airflow/dags/daily_revenue_etl_dag.py for tasks to queue
[2026-03-27T05:14:24.693+0000] {logging_mixin.py:188} INFO - [2026-03-27T05:14:24.693+0000] {dagbag.py:538} INFO - Filling up the DagBag from /opt/airflow/dags/daily_revenue_etl_dag.py
[2026-03-27T05:14:24.731+0000] {processor.py:840} INFO - DAG(s) 'daily_revenue_etl_dag' retrieved from /opt/airflow/dags/daily_revenue_etl_dag.py
[2026-03-27T05:14:24.766+0000] {logging_mixin.py:188} INFO - [2026-03-27T05:14:24.765+0000] {dag.py:3036} INFO - Sync 1 DAGs
[2026-03-27T05:14:24.790+0000] {logging_mixin.py:188} INFO - [2026-03-27T05:14:24.790+0000] {dag.py:3823} INFO - Setting next_dagrun for daily_revenue_etl_dag to 2026-03-27 00:00:00+00:00, run_after=2026-03-28 00:00:00+00:00
[2026-03-27T05:14:24.810+0000] {processor.py:183} INFO - Processing /opt/airflow/dags/daily_revenue_etl_dag.py took 0.127 seconds
[2026-03-27T05:14:54.953+0000] {processor.py:161} INFO - Started process (PID=2269) to work on /opt/airflow/dags/daily_revenue_etl_dag.py
[2026-03-27T05:14:54.955+0000] {processor.py:830} INFO - Processing file /opt/airflow/dags/daily_revenue_etl_dag.py for tasks to queue
[2026-03-27T05:14:54.956+0000] {logging_mixin.py:188} INFO - [2026-03-27T05:14:54.956+0000] {dagbag.py:538} INFO - Filling up the DagBag from /opt/airflow/dags/daily_revenue_etl_dag.py
[2026-03-27T05:14:54.979+0000] {processor.py:840} INFO - DAG(s) 'daily_revenue_etl_dag' retrieved from /opt/airflow/dags/daily_revenue_etl_dag.py
[2026-03-27T05:14:55.009+0000] {logging_mixin.py:188} INFO - [2026-03-27T05:14:55.009+0000] {dag.py:3036} INFO - Sync 1 DAGs
[2026-03-27T05:14:55.035+0000] {logging_mixin.py:188} INFO - [2026-03-27T05:14:55.035+0000] {dag.py:3823} INFO - Setting next_dagrun for daily_revenue_etl_dag to 2026-03-27 00:00:00+00:00, run_after=2026-03-28 00:00:00+00:00
[2026-03-27T05:14:55.060+0000] {processor.py:183} INFO - Processing /opt/airflow/dags/daily_revenue_etl_dag.py took 0.111 seconds
[2026-03-27T05:38:52.588+0000] {processor.py:161} INFO - Started process (PID=2274) to work on /opt/airflow/dags/daily_revenue_etl_dag.py
[2026-03-27T05:38:52.589+0000] {processor.py:830} INFO - Processing file /opt/airflow/dags/daily_revenue_etl_dag.py for tasks to queue
[2026-03-27T05:38:52.590+0000] {logging_mixin.py:188} INFO - [2026-03-27T05:38:52.590+0000] {dagbag.py:538} INFO - Filling up the DagBag from /opt/airflow/dags/daily_revenue_etl_dag.py
[2026-03-27T05:38:52.607+0000] {processor.py:840} INFO - DAG(s) 'daily_revenue_etl_dag' retrieved from /opt/airflow/dags/daily_revenue_etl_dag.py
[2026-03-27T05:38:52.627+0000] {logging_mixin.py:188} INFO - [2026-03-27T05:38:52.627+0000] {dag.py:3036} INFO - Sync 1 DAGs
[2026-03-27T05:15:20.263+0000] {logging_mixin.py:188} INFO - [2026-03-27T05:15:20.263+0000] {dag.py:3823} INFO - Setting next_dagrun for daily_revenue_etl_dag to 2026-03-27 00:00:00+00:00, run_after=2026-03-28 00:00:00+00:00
[2026-03-27T05:15:20.280+0000] {processor.py:183} INFO - Processing /opt/airflow/dags/daily_revenue_etl_dag.py took 0.078 seconds
[2026-03-27T05:39:16.870+0000] {processor.py:161} INFO - Started process (PID=2279) to work on /opt/airflow/dags/daily_revenue_etl_dag.py
[2026-03-27T05:39:16.871+0000] {processor.py:830} INFO - Processing file /opt/airflow/dags/daily_revenue_etl_dag.py for tasks to queue
[2026-03-27T05:39:16.872+0000] {logging_mixin.py:188} INFO - [2026-03-27T05:39:16.871+0000] {dagbag.py:538} INFO - Filling up the DagBag from /opt/airflow/dags/daily_revenue_etl_dag.py
[2026-03-27T05:39:16.887+0000] {processor.py:840} INFO - DAG(s) 'daily_revenue_etl_dag' retrieved from /opt/airflow/dags/daily_revenue_etl_dag.py
[2026-03-27T05:39:16.906+0000] {logging_mixin.py:188} INFO - [2026-03-27T05:39:16.905+0000] {dag.py:3036} INFO - Sync 1 DAGs
[2026-03-27T05:39:16.922+0000] {logging_mixin.py:188} INFO - [2026-03-27T05:39:16.921+0000] {dag.py:3823} INFO - Setting next_dagrun for daily_revenue_etl_dag to 2026-03-27 00:00:00+00:00, run_after=2026-03-28 00:00:00+00:00
[2026-03-27T05:39:16.947+0000] {processor.py:183} INFO - Processing /opt/airflow/dags/daily_revenue_etl_dag.py took 0.080 seconds
[2026-03-27T05:40:22.477+0000] {processor.py:161} INFO - Started process (PID=2286) to work on /opt/airflow/dags/daily_revenue_etl_dag.py
[2026-03-27T05:40:22.478+0000] {processor.py:830} INFO - Processing file /opt/airflow/dags/daily_revenue_etl_dag.py for tasks to queue
[2026-03-27T05:40:22.479+0000] {logging_mixin.py:188} INFO - [2026-03-27T05:40:22.478+0000] {dagbag.py:538} INFO - Filling up the DagBag from /opt/airflow/dags/daily_revenue_etl_dag.py
[2026-03-27T05:40:22.493+0000] {processor.py:840} INFO - DAG(s) 'daily_revenue_etl_dag' retrieved from /opt/airflow/dags/daily_revenue_etl_dag.py
[2026-03-27T05:40:22.513+0000] {logging_mixin.py:188} INFO - [2026-03-27T05:40:22.512+0000] {dag.py:3036} INFO - Sync 1 DAGs
[2026-03-27T05:40:22.529+0000] {logging_mixin.py:188} INFO - [2026-03-27T05:40:22.529+0000] {dag.py:3823} INFO - Setting next_dagrun for daily_revenue_etl_dag to 2026-03-27 00:00:00+00:00, run_after=2026-03-28 00:00:00+00:00
[2026-03-27T05:40:22.544+0000] {processor.py:183} INFO - Processing /opt/airflow/dags/daily_revenue_etl_dag.py took 0.069 seconds
[2026-03-27T05:41:27.107+0000] {processor.py:161} INFO - Started process (PID=2291) to work on /opt/airflow/dags/daily_revenue_etl_dag.py
[2026-03-27T05:41:27.108+0000] {processor.py:830} INFO - Processing file /opt/airflow/dags/daily_revenue_etl_dag.py for tasks to queue
[2026-03-27T05:41:27.109+0000] {logging_mixin.py:188} INFO - [2026-03-27T05:41:27.108+0000] {dagbag.py:538} INFO - Filling up the DagBag from /opt/airflow/dags/daily_revenue_etl_dag.py
[2026-03-27T05:41:27.126+0000] {processor.py:840} INFO - DAG(s) 'daily_revenue_etl_dag' retrieved from /opt/airflow/dags/daily_revenue_etl_dag.py
[2026-03-27T05:41:27.148+0000] {logging_mixin.py:188} INFO - [2026-03-27T05:41:27.148+0000] {dag.py:3036} INFO - Sync 1 DAGs
[2026-03-27T05:41:27.165+0000] {logging_mixin.py:188} INFO - [2026-03-27T05:41:27.164+0000] {dag.py:3823} INFO - Setting next_dagrun for daily_revenue_etl_dag to 2026-03-27 00:00:00+00:00, run_after=2026-03-28 00:00:00+00:00
[2026-03-27T05:41:27.179+0000] {processor.py:183} INFO - Processing /opt/airflow/dags/daily_revenue_etl_dag.py took 0.076 seconds
[2026-03-27T05:42:22.601+0000] {processor.py:161} INFO - Started process (PID=2296) to work on /opt/airflow/dags/daily_revenue_etl_dag.py
[2026-03-27T05:42:22.602+0000] {processor.py:830} INFO - Processing file /opt/airflow/dags/daily_revenue_etl_dag.py for tasks to queue
[2026-03-27T05:42:22.603+0000] {logging_mixin.py:188} INFO - [2026-03-27T05:42:22.603+0000] {dagbag.py:538} INFO - Filling up the DagBag from /opt/airflow/dags/daily_revenue_etl_dag.py
[2026-03-27T05:42:22.621+0000] {processor.py:840} INFO - DAG(s) 'daily_revenue_etl_dag' retrieved from /opt/airflow/dags/daily_revenue_etl_dag.py
[2026-03-27T05:42:22.642+0000] {logging_mixin.py:188} INFO - [2026-03-27T05:42:22.641+0000] {dag.py:3036} INFO - Sync 1 DAGs
[2026-03-27T05:42:22.658+0000] {logging_mixin.py:188} INFO - [2026-03-27T05:42:22.658+0000] {dag.py:3823} INFO - Setting next_dagrun for daily_revenue_etl_dag to 2026-03-27 00:00:00+00:00, run_after=2026-03-28 00:00:00+00:00
[2026-03-27T05:18:50.291+0000] {processor.py:183} INFO - Processing /opt/airflow/dags/daily_revenue_etl_dag.py took 0.076 seconds
[2026-03-27T05:19:20.509+0000] {processor.py:161} INFO - Started process (PID=2301) to work on /opt/airflow/dags/daily_revenue_etl_dag.py
[2026-03-27T05:19:20.510+0000] {processor.py:830} INFO - Processing file /opt/airflow/dags/daily_revenue_etl_dag.py for tasks to queue
[2026-03-27T05:19:20.511+0000] {logging_mixin.py:188} INFO - [2026-03-27T05:19:20.511+0000] {dagbag.py:538} INFO - Filling up the DagBag from /opt/airflow/dags/daily_revenue_etl_dag.py
[2026-03-27T05:19:20.527+0000] {processor.py:840} INFO - DAG(s) 'daily_revenue_etl_dag' retrieved from /opt/airflow/dags/daily_revenue_etl_dag.py
[2026-03-27T05:19:20.547+0000] {logging_mixin.py:188} INFO - [2026-03-27T05:19:20.547+0000] {dag.py:3036} INFO - Sync 1 DAGs
[2026-03-27T05:19:20.563+0000] {logging_mixin.py:188} INFO - [2026-03-27T05:19:20.563+0000] {dag.py:3823} INFO - Setting next_dagrun for daily_revenue_etl_dag to 2026-03-27 00:00:00+00:00, run_after=2026-03-28 00:00:00+00:00
[2026-03-27T05:19:20.588+0000] {processor.py:183} INFO - Processing /opt/airflow/dags/daily_revenue_etl_dag.py took 0.082 seconds
[2026-03-27T05:19:50.802+0000] {processor.py:161} INFO - Started process (PID=2307) to work on /opt/airflow/dags/daily_revenue_etl_dag.py
[2026-03-27T05:19:50.804+0000] {processor.py:830} INFO - Processing file /opt/airflow/dags/daily_revenue_etl_dag.py for tasks to queue
[2026-03-27T05:19:50.805+0000] {logging_mixin.py:188} INFO - [2026-03-27T05:19:50.805+0000] {dagbag.py:538} INFO - Filling up the DagBag from /opt/airflow/dags/daily_revenue_etl_dag.py
[2026-03-27T05:19:50.826+0000] {processor.py:840} INFO - DAG(s) 'daily_revenue_etl_dag' retrieved from /opt/airflow/dags/daily_revenue_etl_dag.py
[2026-03-27T05:19:50.848+0000] {logging_mixin.py:188} INFO - [2026-03-27T05:19:50.848+0000] {dag.py:3036} INFO - Sync 1 DAGs
[2026-03-27T05:19:50.865+0000] {logging_mixin.py:188} INFO - [2026-03-27T05:19:50.865+0000] {dag.py:3823} INFO - Setting next_dagrun for daily_revenue_etl_dag to 2026-03-27 00:00:00+00:00, run_after=2026-03-28 00:00:00+00:00
[2026-03-27T05:19:50.882+0000] {processor.py:183} INFO - Processing /opt/airflow/dags/daily_revenue_etl_dag.py took 0.084 seconds
[2026-03-27T05:43:27.324+0000] {processor.py:161} INFO - Started process (PID=2312) to work on /opt/airflow/dags/daily_revenue_etl_dag.py
[2026-03-27T05:43:27.326+0000] {processor.py:830} INFO - Processing file /opt/airflow/dags/daily_revenue_etl_dag.py for tasks to queue
[2026-03-27T05:43:27.327+0000] {logging_mixin.py:188} INFO - [2026-03-27T05:43:27.326+0000] {dagbag.py:538} INFO - Filling up the DagBag from /opt/airflow/dags/daily_revenue_etl_dag.py
[2026-03-27T05:43:27.345+0000] {processor.py:840} INFO - DAG(s) 'daily_revenue_etl_dag' retrieved from /opt/airflow/dags/daily_revenue_etl_dag.py
[2026-03-27T05:43:27.371+0000] {logging_mixin.py:188} INFO - [2026-03-27T05:43:27.371+0000] {dag.py:3036} INFO - Sync 1 DAGs
[2026-03-27T05:43:27.390+0000] {logging_mixin.py:188} INFO - [2026-03-27T05:43:27.390+0000] {dag.py:3823} INFO - Setting next_dagrun for daily_revenue_etl_dag to 2026-03-27 00:00:00+00:00, run_after=2026-03-28 00:00:00+00:00
[2026-03-27T05:43:27.410+0000] {processor.py:183} INFO - Processing /opt/airflow/dags/daily_revenue_etl_dag.py took 0.089 seconds
[2026-03-27T05:20:25.184+0000] {processor.py:161} INFO - Started process (PID=2318) to work on /opt/airflow/dags/daily_revenue_etl_dag.py
[2026-03-27T05:20:25.185+0000] {processor.py:830} INFO - Processing file /opt/airflow/dags/daily_revenue_etl_dag.py for tasks to queue
[2026-03-27T05:20:25.186+0000] {logging_mixin.py:188} INFO - [2026-03-27T05:20:25.186+0000] {dagbag.py:538} INFO - Filling up the DagBag from /opt/airflow/dags/daily_revenue_etl_dag.py
[2026-03-27T05:20:25.208+0000] {processor.py:840} INFO - DAG(s) 'daily_revenue_etl_dag' retrieved from /opt/airflow/dags/daily_revenue_etl_dag.py
[2026-03-27T05:20:25.235+0000] {logging_mixin.py:188} INFO - [2026-03-27T05:20:25.235+0000] {dag.py:3036} INFO - Sync 1 DAGs
[2026-03-27T05:20:25.251+0000] {logging_mixin.py:188} INFO - [2026-03-27T05:20:25.251+0000] {dag.py:3823} INFO - Setting next_dagrun for daily_revenue_etl_dag to 2026-03-27 00:00:00+00:00, run_after=2026-03-28 00:00:00+00:00
[2026-03-27T05:20:25.265+0000] {processor.py:183} INFO - Processing /opt/airflow/dags/daily_revenue_etl_dag.py took 0.086 seconds
[2026-03-27T05:20:55.448+0000] {processor.py:161} INFO - Started process (PID=2323) to work on /opt/airflow/dags/daily_revenue_etl_dag.py
[2026-03-27T05:20:55.449+0000] {processor.py:830} INFO - Processing file /opt/airflow/dags/daily_revenue_etl_dag.py for tasks to queue
[2026-03-27T05:20:55.451+0000] {logging_mixin.py:188} INFO - [2026-03-27T05:20:55.450+0000] {dagbag.py:538} INFO - Filling up the DagBag from /opt/airflow/dags/daily_revenue_etl_dag.py
[2026-03-27T05:20:55.472+0000] {processor.py:840} INFO - DAG(s) 'daily_revenue_etl_dag' retrieved from /opt/airflow/dags/daily_revenue_etl_dag.py
[2026-03-27T05:20:55.496+0000] {logging_mixin.py:188} INFO - [2026-03-27T05:20:55.496+0000] {dag.py:3036} INFO - Sync 1 DAGs
[2026-03-27T05:20:55.516+0000] {logging_mixin.py:188} INFO - [2026-03-27T05:20:55.516+0000] {dag.py:3823} INFO - Setting next_dagrun for daily_revenue_etl_dag to 2026-03-27 00:00:00+00:00, run_after=2026-03-28 00:00:00+00:00
[2026-03-27T05:20:55.540+0000] {processor.py:183} INFO - Processing /opt/airflow/dags/daily_revenue_etl_dag.py took 0.095 seconds
[2026-03-27T05:21:25.703+0000] {processor.py:161} INFO - Started process (PID=2328) to work on /opt/airflow/dags/daily_revenue_etl_dag.py
[2026-03-27T05:21:25.704+0000] {processor.py:830} INFO - Processing file /opt/airflow/dags/daily_revenue_etl_dag.py for tasks to queue
[2026-03-27T05:21:25.705+0000] {logging_mixin.py:188} INFO - [2026-03-27T05:21:25.705+0000] {dagbag.py:538} INFO - Filling up the DagBag from /opt/airflow/dags/daily_revenue_etl_dag.py
[2026-03-27T05:21:25.723+0000] {processor.py:840} INFO - DAG(s) 'daily_revenue_etl_dag' retrieved from /opt/airflow/dags/daily_revenue_etl_dag.py
[2026-03-27T05:21:25.749+0000] {logging_mixin.py:188} INFO - [2026-03-27T05:21:25.748+0000] {dag.py:3036} INFO - Sync 1 DAGs
[2026-03-27T05:21:25.766+0000] {logging_mixin.py:188} INFO - [2026-03-27T05:21:25.766+0000] {dag.py:3823} INFO - Setting next_dagrun for daily_revenue_etl_dag to 2026-03-27 00:00:00+00:00, run_after=2026-03-28 00:00:00+00:00
[2026-03-27T05:21:25.793+0000] {processor.py:183} INFO - Processing /opt/airflow/dags/daily_revenue_etl_dag.py took 0.093 seconds
[2026-03-27T05:21:56.008+0000] {processor.py:161} INFO - Started process (PID=2333) to work on /opt/airflow/dags/daily_revenue_etl_dag.py
[2026-03-27T05:21:56.010+0000] {processor.py:830} INFO - Processing file /opt/airflow/dags/daily_revenue_etl_dag.py for tasks to queue
[2026-03-27T05:21:56.011+0000] {logging_mixin.py:188} INFO - [2026-03-27T05:21:56.010+0000] {dagbag.py:538} INFO - Filling up the DagBag from /opt/airflow/dags/daily_revenue_etl_dag.py
[2026-03-27T05:21:56.034+0000] {processor.py:840} INFO - DAG(s) 'daily_revenue_etl_dag' retrieved from /opt/airflow/dags/daily_revenue_etl_dag.py
[2026-03-27T05:21:56.059+0000] {logging_mixin.py:188} INFO - [2026-03-27T05:21:56.058+0000] {dag.py:3036} INFO - Sync 1 DAGs
[2026-03-27T05:21:56.076+0000] {logging_mixin.py:188} INFO - [2026-03-27T05:21:56.076+0000] {dag.py:3823} INFO - Setting next_dagrun for daily_revenue_etl_dag to 2026-03-27 00:00:00+00:00, run_after=2026-03-28 00:00:00+00:00
[2026-03-27T05:21:56.104+0000] {processor.py:183} INFO - Processing /opt/airflow/dags/daily_revenue_etl_dag.py took 0.102 seconds
[2026-03-27T05:45:37.567+0000] {processor.py:161} INFO - Started process (PID=2338) to work on /opt/airflow/dags/daily_revenue_etl_dag.py
[2026-03-27T05:45:37.568+0000] {processor.py:830} INFO - Processing file /opt/airflow/dags/daily_revenue_etl_dag.py for tasks to queue
[2026-03-27T05:45:37.569+0000] {logging_mixin.py:188} INFO - [2026-03-27T05:45:37.569+0000] {dagbag.py:538} INFO - Filling up the DagBag from /opt/airflow/dags/daily_revenue_etl_dag.py
[2026-03-27T05:45:37.586+0000] {processor.py:840} INFO - DAG(s) 'daily_revenue_etl_dag' retrieved from /opt/airflow/dags/daily_revenue_etl_dag.py
[2026-03-27T05:45:37.605+0000] {logging_mixin.py:188} INFO - [2026-03-27T05:45:37.605+0000] {dag.py:3036} INFO - Sync 1 DAGs
[2026-03-27T05:45:37.622+0000] {logging_mixin.py:188} INFO - [2026-03-27T05:45:37.621+0000] {dag.py:3823} INFO - Setting next_dagrun for daily_revenue_etl_dag to 2026-03-27 00:00:00+00:00, run_after=2026-03-28 00:00:00+00:00
[2026-03-27T05:45:37.647+0000] {processor.py:183} INFO - Processing /opt/airflow/dags/daily_revenue_etl_dag.py took 0.082 seconds
[2026-03-27T05:47:28.460+0000] {processor.py:161} INFO - Started process (PID=2345) to work on /opt/airflow/dags/daily_revenue_etl_dag.py
[2026-03-27T05:47:28.462+0000] {processor.py:830} INFO - Processing file /opt/airflow/dags/daily_revenue_etl_dag.py for tasks to queue
[2026-03-27T05:47:28.464+0000] {logging_mixin.py:188} INFO - [2026-03-27T05:47:28.463+0000] {dagbag.py:538} INFO - Filling up the DagBag from /opt/airflow/dags/daily_revenue_etl_dag.py
[2026-03-27T05:47:28.499+0000] {processor.py:840} INFO - DAG(s) 'daily_revenue_etl_dag' retrieved from /opt/airflow/dags/daily_revenue_etl_dag.py
[2026-03-27T05:47:28.549+0000] {logging_mixin.py:188} INFO - [2026-03-27T05:47:28.548+0000] {dag.py:3036} INFO - Sync 1 DAGs
[2026-03-27T05:47:28.618+0000] {logging_mixin.py:188} INFO - [2026-03-27T05:47:28.617+0000] {dag.py:3823} INFO - Setting next_dagrun for daily_revenue_etl_dag to 2026-03-27 00:00:00+00:00, run_after=2026-03-28 00:00:00+00:00
[2026-03-27T05:47:28.696+0000] {processor.py:183} INFO - Processing /opt/airflow/dags/daily_revenue_etl_dag.py took 0.241 seconds
[2026-03-27T05:48:12.846+0000] {processor.py:161} INFO - Started process (PID=2350) to work on /opt/airflow/dags/daily_revenue_etl_dag.py
[2026-03-27T05:48:12.847+0000] {processor.py:830} INFO - Processing file /opt/airflow/dags/daily_revenue_etl_dag.py for tasks to queue
[2026-03-27T05:48:12.848+0000] {logging_mixin.py:188} INFO - [2026-03-27T05:48:12.847+0000] {dagbag.py:538} INFO - Filling up the DagBag from /opt/airflow/dags/daily_revenue_etl_dag.py
[2026-03-27T05:48:12.863+0000] {processor.py:840} INFO - DAG(s) 'daily_revenue_etl_dag' retrieved from /opt/airflow/dags/daily_revenue_etl_dag.py
[2026-03-27T05:48:12.888+0000] {logging_mixin.py:188} INFO - [2026-03-27T05:48:12.887+0000] {dag.py:3036} INFO - Sync 1 DAGs
[2026-03-27T05:48:12.907+0000] {logging_mixin.py:188} INFO - [2026-03-27T05:48:12.906+0000] {dag.py:3823} INFO - Setting next_dagrun for daily_revenue_etl_dag to 2026-03-27 00:00:00+00:00, run_after=2026-03-28 00:00:00+00:00
[2026-03-27T05:48:12.933+0000] {processor.py:183} INFO - Processing /opt/airflow/dags/daily_revenue_etl_dag.py took 0.091 seconds
[2026-03-27T05:49:52.607+0000] {processor.py:161} INFO - Started process (PID=2355) to work on /opt/airflow/dags/daily_revenue_etl_dag.py
[2026-03-27T05:49:52.608+0000] {processor.py:830} INFO - Processing file /opt/airflow/dags/daily_revenue_etl_dag.py for tasks to queue
[2026-03-27T05:49:52.609+0000] {logging_mixin.py:188} INFO - [2026-03-27T05:49:52.609+0000] {dagbag.py:538} INFO - Filling up the DagBag from /opt/airflow/dags/daily_revenue_etl_dag.py
[2026-03-27T05:49:52.627+0000] {processor.py:840} INFO - DAG(s) 'daily_revenue_etl_dag' retrieved from /opt/airflow/dags/daily_revenue_etl_dag.py
[2026-03-27T05:49:52.652+0000] {logging_mixin.py:188} INFO - [2026-03-27T05:49:52.651+0000] {dag.py:3036} INFO - Sync 1 DAGs
[2026-03-27T05:49:52.678+0000] {logging_mixin.py:188} INFO - [2026-03-27T05:49:52.678+0000] {dag.py:3823} INFO - Setting next_dagrun for daily_revenue_etl_dag to 2026-03-27 00:00:00+00:00, run_after=2026-03-28 00:00:00+00:00
[2026-03-27T05:49:52.700+0000] {processor.py:183} INFO - Processing /opt/airflow/dags/daily_revenue_etl_dag.py took 0.096 seconds
[2026-03-27T05:50:58.103+0000] {processor.py:161} INFO - Started process (PID=2360) to work on /opt/airflow/dags/daily_revenue_etl_dag.py
[2026-03-27T05:50:58.105+0000] {processor.py:830} INFO - Processing file /opt/airflow/dags/daily_revenue_etl_dag.py for tasks to queue
[2026-03-27T05:50:58.106+0000] {logging_mixin.py:188} INFO - [2026-03-27T05:50:58.105+0000] {dagbag.py:538} INFO - Filling up the DagBag from /opt/airflow/dags/daily_revenue_etl_dag.py
[2026-03-27T05:50:58.125+0000] {processor.py:840} INFO - DAG(s) 'daily_revenue_etl_dag' retrieved from /opt/airflow/dags/daily_revenue_etl_dag.py
[2026-03-27T05:50:58.148+0000] {logging_mixin.py:188} INFO - [2026-03-27T05:50:58.147+0000] {dag.py:3036} INFO - Sync 1 DAGs
[2026-03-27T05:50:58.167+0000] {logging_mixin.py:188} INFO - [2026-03-27T05:50:58.167+0000] {dag.py:3823} INFO - Setting next_dagrun for daily_revenue_etl_dag to 2026-03-27 00:00:00+00:00, run_after=2026-03-28 00:00:00+00:00
[2026-03-27T05:50:58.185+0000] {processor.py:183} INFO - Processing /opt/airflow/dags/daily_revenue_etl_dag.py took 0.084 seconds
[2026-03-27T05:51:28.217+0000] {processor.py:161} INFO - Started process (PID=2367) to work on /opt/airflow/dags/daily_revenue_etl_dag.py
[2026-03-27T05:51:28.218+0000] {processor.py:830} INFO - Processing file /opt/airflow/dags/daily_revenue_etl_dag.py for tasks to queue
[2026-03-27T05:51:28.219+0000] {logging_mixin.py:188} INFO - [2026-03-27T05:51:28.219+0000] {dagbag.py:538} INFO - Filling up the DagBag from /opt/airflow/dags/daily_revenue_etl_dag.py
[2026-03-27T05:51:28.237+0000] {processor.py:840} INFO - DAG(s) 'daily_revenue_etl_dag' retrieved from /opt/airflow/dags/daily_revenue_etl_dag.py
[2026-03-27T05:51:28.260+0000] {logging_mixin.py:188} INFO - [2026-03-27T05:51:28.260+0000] {dag.py:3036} INFO - Sync 1 DAGs
[2026-03-27T05:51:28.285+0000] {logging_mixin.py:188} INFO - [2026-03-27T05:51:28.284+0000] {dag.py:3823} INFO - Setting next_dagrun for daily_revenue_etl_dag to 2026-03-27 00:00:00+00:00, run_after=2026-03-28 00:00:00+00:00
[2026-03-27T05:51:28.303+0000] {processor.py:183} INFO - Processing /opt/airflow/dags/daily_revenue_etl_dag.py took 0.090 seconds
[2026-03-27T05:51:33.254+0000] {processor.py:161} INFO - Started process (PID=2373) to work on /opt/airflow/dags/daily_revenue_etl_dag.py
[2026-03-27T05:51:33.255+0000] {processor.py:830} INFO - Processing file /opt/airflow/dags/daily_revenue_etl_dag.py for tasks to queue
[2026-03-27T05:51:33.256+0000] {logging_mixin.py:188} INFO - [2026-03-27T05:51:33.255+0000] {dagbag.py:538} INFO - Filling up the DagBag from /opt/airflow/dags/daily_revenue_etl_dag.py
[2026-03-27T05:51:33.274+0000] {processor.py:840} INFO - DAG(s) 'daily_revenue_etl_dag' retrieved from /opt/airflow/dags/daily_revenue_etl_dag.py
[2026-03-27T05:51:33.296+0000] {logging_mixin.py:188} INFO - [2026-03-27T05:51:33.296+0000] {dag.py:3036} INFO - Sync 1 DAGs
[2026-03-27T05:51:33.315+0000] {logging_mixin.py:188} INFO - [2026-03-27T05:51:33.315+0000] {dag.py:3823} INFO - Setting next_dagrun for daily_revenue_etl_dag to 2026-03-27 00:00:00+00:00, run_after=2026-03-28 00:00:00+00:00
[2026-03-27T05:28:00.955+0000] {processor.py:183} INFO - Processing /opt/airflow/dags/daily_revenue_etl_dag.py took 0.081 seconds
[2026-03-27T05:51:38.300+0000] {processor.py:161} INFO - Started process (PID=2378) to work on /opt/airflow/dags/daily_revenue_etl_dag.py
[2026-03-27T05:51:38.301+0000] {processor.py:830} INFO - Processing file /opt/airflow/dags/daily_revenue_etl_dag.py for tasks to queue
[2026-03-27T05:51:38.302+0000] {logging_mixin.py:188} INFO - [2026-03-27T05:51:38.302+0000] {dagbag.py:538} INFO - Filling up the DagBag from /opt/airflow/dags/daily_revenue_etl_dag.py
[2026-03-27T05:28:05.948+0000] {processor.py:840} INFO - DAG(s) 'daily_revenue_etl_dag' retrieved from /opt/airflow/dags/daily_revenue_etl_dag.py
[2026-03-27T05:28:05.970+0000] {logging_mixin.py:188} INFO - [2026-03-27T05:28:05.970+0000] {dag.py:3036} INFO - Sync 1 DAGs
[2026-03-27T05:28:05.989+0000] {logging_mixin.py:188} INFO - [2026-03-27T05:28:05.989+0000] {dag.py:3823} INFO - Setting next_dagrun for daily_revenue_etl_dag to 2026-03-27 00:00:00+00:00, run_after=2026-03-28 00:00:00+00:00
[2026-03-27T05:28:06.004+0000] {processor.py:183} INFO - Processing /opt/airflow/dags/daily_revenue_etl_dag.py took 0.077 seconds
[2026-03-27T05:51:52.511+0000] {processor.py:161} INFO - Started process (PID=2383) to work on /opt/airflow/dags/daily_revenue_etl_dag.py
[2026-03-27T05:51:52.513+0000] {processor.py:830} INFO - Processing file /opt/airflow/dags/daily_revenue_etl_dag.py for tasks to queue
[2026-03-27T05:51:52.514+0000] {logging_mixin.py:188} INFO - [2026-03-27T05:51:52.514+0000] {dagbag.py:538} INFO - Filling up the DagBag from /opt/airflow/dags/daily_revenue_etl_dag.py
[2026-03-27T05:28:20.173+0000] {processor.py:840} INFO - DAG(s) 'daily_revenue_etl_dag' retrieved from /opt/airflow/dags/daily_revenue_etl_dag.py
[2026-03-27T05:28:20.229+0000] {logging_mixin.py:188} INFO - [2026-03-27T05:28:20.228+0000] {dag.py:3036} INFO - Sync 1 DAGs
[2026-03-27T05:28:20.268+0000] {logging_mixin.py:188} INFO - [2026-03-27T05:28:20.268+0000] {dag.py:3823} INFO - Setting next_dagrun for daily_revenue_etl_dag to 2026-03-27 00:00:00+00:00, run_after=2026-03-28 00:00:00+00:00
[2026-03-27T05:28:20.305+0000] {processor.py:183} INFO - Processing /opt/airflow/dags/daily_revenue_etl_dag.py took 0.171 seconds
[2026-03-27T05:28:50.395+0000] {processor.py:161} INFO - Started process (PID=2388) to work on /opt/airflow/dags/daily_revenue_etl_dag.py
[2026-03-27T05:28:50.396+0000] {processor.py:830} INFO - Processing file /opt/airflow/dags/daily_revenue_etl_dag.py for tasks to queue
[2026-03-27T05:28:50.397+0000] {logging_mixin.py:188} INFO - [2026-03-27T05:28:50.397+0000] {dagbag.py:538} INFO - Filling up the DagBag from /opt/airflow/dags/daily_revenue_etl_dag.py
[2026-03-27T05:28:50.413+0000] {processor.py:840} INFO - DAG(s) 'daily_revenue_etl_dag' retrieved from /opt/airflow/dags/daily_revenue_etl_dag.py
[2026-03-27T05:28:50.435+0000] {logging_mixin.py:188} INFO - [2026-03-27T05:28:50.435+0000] {dag.py:3036} INFO - Sync 1 DAGs
[2026-03-27T05:28:50.452+0000] {logging_mixin.py:188} INFO - [2026-03-27T05:28:50.451+0000] {dag.py:3823} INFO - Setting next_dagrun for daily_revenue_etl_dag to 2026-03-27 00:00:00+00:00, run_after=2026-03-28 00:00:00+00:00
[2026-03-27T05:28:50.466+0000] {processor.py:183} INFO - Processing /opt/airflow/dags/daily_revenue_etl_dag.py took 0.075 seconds
[2026-03-27T05:29:20.671+0000] {processor.py:161} INFO - Started process (PID=2394) to work on /opt/airflow/dags/daily_revenue_etl_dag.py
[2026-03-27T05:29:20.672+0000] {processor.py:830} INFO - Processing file /opt/airflow/dags/daily_revenue_etl_dag.py for tasks to queue
[2026-03-27T05:29:20.673+0000] {logging_mixin.py:188} INFO - [2026-03-27T05:29:20.673+0000] {dagbag.py:538} INFO - Filling up the DagBag from /opt/airflow/dags/daily_revenue_etl_dag.py
[2026-03-27T05:29:20.693+0000] {processor.py:840} INFO - DAG(s) 'daily_revenue_etl_dag' retrieved from /opt/airflow/dags/daily_revenue_etl_dag.py
[2026-03-27T05:29:20.719+0000] {logging_mixin.py:188} INFO - [2026-03-27T05:29:20.719+0000] {dag.py:3036} INFO - Sync 1 DAGs
[2026-03-27T05:29:20.736+0000] {logging_mixin.py:188} INFO - [2026-03-27T05:29:20.736+0000] {dag.py:3823} INFO - Setting next_dagrun for daily_revenue_etl_dag to 2026-03-27 00:00:00+00:00, run_after=2026-03-28 00:00:00+00:00
[2026-03-27T05:29:20.760+0000] {processor.py:183} INFO - Processing /opt/airflow/dags/daily_revenue_etl_dag.py took 0.092 seconds
[2026-03-27T05:53:18.355+0000] {processor.py:161} INFO - Started process (PID=2399) to work on /opt/airflow/dags/daily_revenue_etl_dag.py
[2026-03-27T05:53:18.356+0000] {processor.py:830} INFO - Processing file /opt/airflow/dags/daily_revenue_etl_dag.py for tasks to queue
[2026-03-27T05:53:18.357+0000] {logging_mixin.py:188} INFO - [2026-03-27T05:53:18.357+0000] {dagbag.py:538} INFO - Filling up the DagBag from /opt/airflow/dags/daily_revenue_etl_dag.py
[2026-03-27T05:53:18.373+0000] {processor.py:840} INFO - DAG(s) 'daily_revenue_etl_dag' retrieved from /opt/airflow/dags/daily_revenue_etl_dag.py
[2026-03-27T05:53:18.403+0000] {logging_mixin.py:188} INFO - [2026-03-27T05:53:18.403+0000] {dag.py:3036} INFO - Sync 1 DAGs
[2026-03-27T05:53:18.419+0000] {logging_mixin.py:188} INFO - [2026-03-27T05:53:18.419+0000] {dag.py:3823} INFO - Setting next_dagrun for daily_revenue_etl_dag to 2026-03-27 00:00:00+00:00, run_after=2026-03-28 00:00:00+00:00
[2026-03-27T05:53:18.434+0000] {processor.py:183} INFO - Processing /opt/airflow/dags/daily_revenue_etl_dag.py took 0.082 seconds
[2026-03-27T05:55:22.510+0000] {processor.py:161} INFO - Started process (PID=2406) to work on /opt/airflow/dags/daily_revenue_etl_dag.py
[2026-03-27T05:55:22.510+0000] {processor.py:830} INFO - Processing file /opt/airflow/dags/daily_revenue_etl_dag.py for tasks to queue
[2026-03-27T05:55:22.511+0000] {logging_mixin.py:188} INFO - [2026-03-27T05:55:22.511+0000] {dagbag.py:538} INFO - Filling up the DagBag from /opt/airflow/dags/daily_revenue_etl_dag.py
[2026-03-27T05:55:22.526+0000] {processor.py:840} INFO - DAG(s) 'daily_revenue_etl_dag' retrieved from /opt/airflow/dags/daily_revenue_etl_dag.py
[2026-03-27T05:55:22.545+0000] {logging_mixin.py:188} INFO - [2026-03-27T05:55:22.545+0000] {dag.py:3036} INFO - Sync 1 DAGs
[2026-03-27T05:31:50.199+0000] {logging_mixin.py:188} INFO - [2026-03-27T05:31:50.199+0000] {dag.py:3823} INFO - Setting next_dagrun for daily_revenue_etl_dag to 2026-03-27 00:00:00+00:00, run_after=2026-03-28 00:00:00+00:00
[2026-03-27T05:31:50.214+0000] {processor.py:183} INFO - Processing /opt/airflow/dags/daily_revenue_etl_dag.py took 0.070 seconds
[2026-03-27T05:55:23.619+0000] {processor.py:161} INFO - Started process (PID=2411) to work on /opt/airflow/dags/daily_revenue_etl_dag.py
[2026-03-27T05:55:23.620+0000] {processor.py:830} INFO - Processing file /opt/airflow/dags/daily_revenue_etl_dag.py for tasks to queue
[2026-03-27T05:55:23.621+0000] {logging_mixin.py:188} INFO - [2026-03-27T05:55:23.621+0000] {dagbag.py:538} INFO - Filling up the DagBag from /opt/airflow/dags/daily_revenue_etl_dag.py
[2026-03-27T05:55:23.637+0000] {processor.py:840} INFO - DAG(s) 'daily_revenue_etl_dag' retrieved from /opt/airflow/dags/daily_revenue_etl_dag.py
[2026-03-27T05:55:23.658+0000] {logging_mixin.py:188} INFO - [2026-03-27T05:55:23.658+0000] {dag.py:3036} INFO - Sync 1 DAGs
[2026-03-27T05:55:23.674+0000] {logging_mixin.py:188} INFO - [2026-03-27T05:55:23.674+0000] {dag.py:3823} INFO - Setting next_dagrun for daily_revenue_etl_dag to 2026-03-27 00:00:00+00:00, run_after=2026-03-28 00:00:00+00:00
[2026-03-27T05:55:23.690+0000] {processor.py:183} INFO - Processing /opt/airflow/dags/daily_revenue_etl_dag.py took 0.073 seconds
[2026-03-27T05:56:52.417+0000] {processor.py:161} INFO - Started process (PID=2417) to work on /opt/airflow/dags/daily_revenue_etl_dag.py
[2026-03-27T05:56:52.420+0000] {processor.py:830} INFO - Processing file /opt/airflow/dags/daily_revenue_etl_dag.py for tasks to queue
[2026-03-27T05:56:52.422+0000] {logging_mixin.py:188} INFO - [2026-03-27T05:56:52.422+0000] {dagbag.py:538} INFO - Filling up the DagBag from /opt/airflow/dags/daily_revenue_etl_dag.py
[2026-03-27T05:56:52.474+0000] {processor.py:840} INFO - DAG(s) 'daily_revenue_etl_dag' retrieved from /opt/airflow/dags/daily_revenue_etl_dag.py
[2026-03-27T05:56:52.538+0000] {logging_mixin.py:188} INFO - [2026-03-27T05:56:52.537+0000] {dag.py:3036} INFO - Sync 1 DAGs
[2026-03-27T05:33:20.228+0000] {logging_mixin.py:188} INFO - [2026-03-27T05:33:20.227+0000] {dag.py:3823} INFO - Setting next_dagrun for daily_revenue_etl_dag to 2026-03-27 00:00:00+00:00, run_after=2026-03-28 00:00:00+00:00
[2026-03-27T05:33:20.269+0000] {processor.py:183} INFO - Processing /opt/airflow/dags/daily_revenue_etl_dag.py took 0.225 seconds
[2026-03-27T05:57:03.768+0000] {processor.py:161} INFO - Started process (PID=2422) to work on /opt/airflow/dags/daily_revenue_etl_dag.py
[2026-03-27T05:57:03.770+0000] {processor.py:830} INFO - Processing file /opt/airflow/dags/daily_revenue_etl_dag.py for tasks to queue
[2026-03-27T05:57:03.772+0000] {logging_mixin.py:188} INFO - [2026-03-27T05:57:03.771+0000] {dagbag.py:538} INFO - Filling up the DagBag from /opt/airflow/dags/daily_revenue_etl_dag.py
[2026-03-27T05:57:03.801+0000] {processor.py:840} INFO - DAG(s) 'daily_revenue_etl_dag' retrieved from /opt/airflow/dags/daily_revenue_etl_dag.py
[2026-03-27T05:57:03.841+0000] {logging_mixin.py:188} INFO - [2026-03-27T05:57:03.840+0000] {dag.py:3036} INFO - Sync 1 DAGs
[2026-03-27T05:57:03.878+0000] {logging_mixin.py:188} INFO - [2026-03-27T05:57:03.878+0000] {dag.py:3823} INFO - Setting next_dagrun for daily_revenue_etl_dag to 2026-03-27 00:00:00+00:00, run_after=2026-03-28 00:00:00+00:00
[2026-03-27T05:57:03.907+0000] {processor.py:183} INFO - Processing /opt/airflow/dags/daily_revenue_etl_dag.py took 0.143 seconds
[2026-03-27T05:57:08.801+0000] {processor.py:161} INFO - Started process (PID=2427) to work on /opt/airflow/dags/daily_revenue_etl_dag.py
[2026-03-27T05:57:08.802+0000] {processor.py:830} INFO - Processing file /opt/airflow/dags/daily_revenue_etl_dag.py for tasks to queue
[2026-03-27T05:57:08.804+0000] {logging_mixin.py:188} INFO - [2026-03-27T05:57:08.803+0000] {dagbag.py:538} INFO - Filling up the DagBag from /opt/airflow/dags/daily_revenue_etl_dag.py
[2026-03-27T05:57:08.821+0000] {processor.py:840} INFO - DAG(s) 'daily_revenue_etl_dag' retrieved from /opt/airflow/dags/daily_revenue_etl_dag.py
[2026-03-27T05:57:08.844+0000] {logging_mixin.py:188} INFO - [2026-03-27T05:57:08.844+0000] {dag.py:3036} INFO - Sync 1 DAGs
[2026-03-27T05:57:08.864+0000] {logging_mixin.py:188} INFO - [2026-03-27T05:57:08.864+0000] {dag.py:3823} INFO - Setting next_dagrun for daily_revenue_etl_dag to 2026-03-27 00:00:00+00:00, run_after=2026-03-28 00:00:00+00:00
[2026-03-27T05:57:08.880+0000] {processor.py:183} INFO - Processing /opt/airflow/dags/daily_revenue_etl_dag.py took 0.081 seconds
[2026-03-27T05:59:44.079+0000] {processor.py:161} INFO - Started process (PID=2434) to work on /opt/airflow/dags/daily_revenue_etl_dag.py
[2026-03-27T05:59:44.080+0000] {processor.py:830} INFO - Processing file /opt/airflow/dags/daily_revenue_etl_dag.py for tasks to queue
[2026-03-27T05:59:44.080+0000] {logging_mixin.py:188} INFO - [2026-03-27T05:59:44.080+0000] {dagbag.py:538} INFO - Filling up the DagBag from /opt/airflow/dags/daily_revenue_etl_dag.py
[2026-03-27T05:59:44.096+0000] {processor.py:840} INFO - DAG(s) 'daily_revenue_etl_dag' retrieved from /opt/airflow/dags/daily_revenue_etl_dag.py
[2026-03-27T05:59:44.118+0000] {logging_mixin.py:188} INFO - [2026-03-27T05:59:44.117+0000] {dag.py:3036} INFO - Sync 1 DAGs
[2026-03-27T05:59:44.134+0000] {logging_mixin.py:188} INFO - [2026-03-27T05:59:44.134+0000] {dag.py:3823} INFO - Setting next_dagrun for daily_revenue_etl_dag to 2026-03-27 00:00:00+00:00, run_after=2026-03-28 00:00:00+00:00
[2026-03-27T05:59:44.148+0000] {processor.py:183} INFO - Processing /opt/airflow/dags/daily_revenue_etl_dag.py took 0.072 seconds
[2026-03-27T06:00:22.417+0000] {processor.py:161} INFO - Started process (PID=2439) to work on /opt/airflow/dags/daily_revenue_etl_dag.py
[2026-03-27T06:00:22.418+0000] {processor.py:830} INFO - Processing file /opt/airflow/dags/daily_revenue_etl_dag.py for tasks to queue
[2026-03-27T06:00:22.419+0000] {logging_mixin.py:188} INFO - [2026-03-27T06:00:22.419+0000] {dagbag.py:538} INFO - Filling up the DagBag from /opt/airflow/dags/daily_revenue_etl_dag.py
[2026-03-27T06:00:22.436+0000] {processor.py:840} INFO - DAG(s) 'daily_revenue_etl_dag' retrieved from /opt/airflow/dags/daily_revenue_etl_dag.py
[2026-03-27T06:00:22.461+0000] {logging_mixin.py:188} INFO - [2026-03-27T06:00:22.460+0000] {dag.py:3036} INFO - Sync 1 DAGs
[2026-03-27T06:00:22.479+0000] {logging_mixin.py:188} INFO - [2026-03-27T06:00:22.479+0000] {dag.py:3823} INFO - Setting next_dagrun for daily_revenue_etl_dag to 2026-03-27 00:00:00+00:00, run_after=2026-03-28 00:00:00+00:00
[2026-03-27T06:00:22.496+0000] {processor.py:183} INFO - Processing /opt/airflow/dags/daily_revenue_etl_dag.py took 0.081 seconds
[2026-03-27T05:37:21.965+0000] {processor.py:161} INFO - Started process (PID=2445) to work on /opt/airflow/dags/daily_revenue_etl_dag.py
[2026-03-27T05:37:21.966+0000] {processor.py:830} INFO - Processing file /opt/airflow/dags/daily_revenue_etl_dag.py for tasks to queue
[2026-03-27T05:37:21.967+0000] {logging_mixin.py:188} INFO - [2026-03-27T05:37:21.966+0000] {dagbag.py:538} INFO - Filling up the DagBag from /opt/airflow/dags/daily_revenue_etl_dag.py
[2026-03-27T05:37:21.982+0000] {processor.py:840} INFO - DAG(s) 'daily_revenue_etl_dag' retrieved from /opt/airflow/dags/daily_revenue_etl_dag.py
[2026-03-27T05:37:22.004+0000] {logging_mixin.py:188} INFO - [2026-03-27T05:37:22.004+0000] {dag.py:3036} INFO - Sync 1 DAGs
[2026-03-27T05:37:22.020+0000] {logging_mixin.py:188} INFO - [2026-03-27T05:37:22.020+0000] {dag.py:3823} INFO - Setting next_dagrun for daily_revenue_etl_dag to 2026-03-27 00:00:00+00:00, run_after=2026-03-28 00:00:00+00:00
[2026-03-27T05:37:22.036+0000] {processor.py:183} INFO - Processing /opt/airflow/dags/daily_revenue_etl_dag.py took 0.075 seconds
[2026-03-27T05:37:52.180+0000] {processor.py:161} INFO - Started process (PID=2451) to work on /opt/airflow/dags/daily_revenue_etl_dag.py
[2026-03-27T05:37:52.181+0000] {processor.py:830} INFO - Processing file /opt/airflow/dags/daily_revenue_etl_dag.py for tasks to queue
[2026-03-27T05:37:52.182+0000] {logging_mixin.py:188} INFO - [2026-03-27T05:37:52.182+0000] {dagbag.py:538} INFO - Filling up the DagBag from /opt/airflow/dags/daily_revenue_etl_dag.py
[2026-03-27T05:37:52.201+0000] {processor.py:840} INFO - DAG(s) 'daily_revenue_etl_dag' retrieved from /opt/airflow/dags/daily_revenue_etl_dag.py
[2026-03-27T05:37:52.223+0000] {logging_mixin.py:188} INFO - [2026-03-27T05:37:52.223+0000] {dag.py:3036} INFO - Sync 1 DAGs
[2026-03-27T05:37:52.243+0000] {logging_mixin.py:188} INFO - [2026-03-27T05:37:52.242+0000] {dag.py:3823} INFO - Setting next_dagrun for daily_revenue_etl_dag to 2026-03-27 00:00:00+00:00, run_after=2026-03-28 00:00:00+00:00
[2026-03-27T05:37:52.259+0000] {processor.py:183} INFO - Processing /opt/airflow/dags/daily_revenue_etl_dag.py took 0.082 seconds
[2026-03-27T05:38:22.417+0000] {processor.py:161} INFO - Started process (PID=2458) to work on /opt/airflow/dags/daily_revenue_etl_dag.py
[2026-03-27T05:38:22.419+0000] {processor.py:830} INFO - Processing file /opt/airflow/dags/daily_revenue_etl_dag.py for tasks to queue
[2026-03-27T05:38:22.420+0000] {logging_mixin.py:188} INFO - [2026-03-27T05:38:22.420+0000] {dagbag.py:538} INFO - Filling up the DagBag from /opt/airflow/dags/daily_revenue_etl_dag.py
[2026-03-27T05:38:22.438+0000] {processor.py:840} INFO - DAG(s) 'daily_revenue_etl_dag' retrieved from /opt/airflow/dags/daily_revenue_etl_dag.py
[2026-03-27T05:38:22.459+0000] {logging_mixin.py:188} INFO - [2026-03-27T05:38:22.459+0000] {dag.py:3036} INFO - Sync 1 DAGs
[2026-03-27T05:38:22.480+0000] {logging_mixin.py:188} INFO - [2026-03-27T05:38:22.479+0000] {dag.py:3823} INFO - Setting next_dagrun for daily_revenue_etl_dag to 2026-03-27 00:00:00+00:00, run_after=2026-03-28 00:00:00+00:00
[2026-03-27T05:38:22.497+0000] {processor.py:183} INFO - Processing /opt/airflow/dags/daily_revenue_etl_dag.py took 0.084 seconds
[2026-03-27T06:02:22.082+0000] {processor.py:161} INFO - Started process (PID=2463) to work on /opt/airflow/dags/daily_revenue_etl_dag.py
[2026-03-27T06:02:22.083+0000] {processor.py:830} INFO - Processing file /opt/airflow/dags/daily_revenue_etl_dag.py for tasks to queue
[2026-03-27T06:02:22.084+0000] {logging_mixin.py:188} INFO - [2026-03-27T06:02:22.084+0000] {dagbag.py:538} INFO - Filling up the DagBag from /opt/airflow/dags/daily_revenue_etl_dag.py
[2026-03-27T06:02:22.101+0000] {processor.py:840} INFO - DAG(s) 'daily_revenue_etl_dag' retrieved from /opt/airflow/dags/daily_revenue_etl_dag.py
[2026-03-27T06:02:22.124+0000] {logging_mixin.py:188} INFO - [2026-03-27T06:02:22.124+0000] {dag.py:3036} INFO - Sync 1 DAGs
[2026-03-27T06:02:22.144+0000] {logging_mixin.py:188} INFO - [2026-03-27T06:02:22.144+0000] {dag.py:3823} INFO - Setting next_dagrun for daily_revenue_etl_dag to 2026-03-27 00:00:00+00:00, run_after=2026-03-28 00:00:00+00:00
[2026-03-27T06:02:22.168+0000] {processor.py:183} INFO - Processing /opt/airflow/dags/daily_revenue_etl_dag.py took 0.089 seconds
[2026-03-27T06:02:54.355+0000] {processor.py:161} INFO - Started process (PID=2469) to work on /opt/airflow/dags/daily_revenue_etl_dag.py
[2026-03-27T06:02:54.356+0000] {processor.py:830} INFO - Processing file /opt/airflow/dags/daily_revenue_etl_dag.py for tasks to queue
[2026-03-27T06:02:54.357+0000] {logging_mixin.py:188} INFO - [2026-03-27T06:02:54.357+0000] {dagbag.py:538} INFO - Filling up the DagBag from /opt/airflow/dags/daily_revenue_etl_dag.py
[2026-03-27T06:02:54.373+0000] {processor.py:840} INFO - DAG(s) 'daily_revenue_etl_dag' retrieved from /opt/airflow/dags/daily_revenue_etl_dag.py
[2026-03-27T06:02:54.393+0000] {logging_mixin.py:188} INFO - [2026-03-27T06:02:54.393+0000] {dag.py:3036} INFO - Sync 1 DAGs
[2026-03-27T06:02:54.409+0000] {logging_mixin.py:188} INFO - [2026-03-27T06:02:54.409+0000] {dag.py:3823} INFO - Setting next_dagrun for daily_revenue_etl_dag to 2026-03-27 00:00:00+00:00, run_after=2026-03-28 00:00:00+00:00
[2026-03-27T06:02:54.424+0000] {processor.py:183} INFO - Processing /opt/airflow/dags/daily_revenue_etl_dag.py took 0.073 seconds
[2026-03-27T06:04:22.091+0000] {processor.py:161} INFO - Started process (PID=2475) to work on /opt/airflow/dags/daily_revenue_etl_dag.py
[2026-03-27T06:04:22.092+0000] {processor.py:830} INFO - Processing file /opt/airflow/dags/daily_revenue_etl_dag.py for tasks to queue
[2026-03-27T06:04:22.093+0000] {logging_mixin.py:188} INFO - [2026-03-27T06:04:22.092+0000] {dagbag.py:538} INFO - Filling up the DagBag from /opt/airflow/dags/daily_revenue_etl_dag.py
[2026-03-27T06:04:22.108+0000] {processor.py:840} INFO - DAG(s) 'daily_revenue_etl_dag' retrieved from /opt/airflow/dags/daily_revenue_etl_dag.py
[2026-03-27T05:40:49.772+0000] {logging_mixin.py:188} INFO - [2026-03-27T05:40:49.772+0000] {dag.py:3036} INFO - Sync 1 DAGs
[2026-03-27T05:40:49.790+0000] {logging_mixin.py:188} INFO - [2026-03-27T05:40:49.790+0000] {dag.py:3823} INFO - Setting next_dagrun for daily_revenue_etl_dag to 2026-03-27 00:00:00+00:00, run_after=2026-03-28 00:00:00+00:00
[2026-03-27T05:40:49.804+0000] {processor.py:183} INFO - Processing /opt/airflow/dags/daily_revenue_etl_dag.py took 0.071 seconds
[2026-03-27T05:41:20.032+0000] {processor.py:161} INFO - Started process (PID=2481) to work on /opt/airflow/dags/daily_revenue_etl_dag.py
[2026-03-27T05:41:20.036+0000] {processor.py:830} INFO - Processing file /opt/airflow/dags/daily_revenue_etl_dag.py for tasks to queue
[2026-03-27T05:41:20.038+0000] {logging_mixin.py:188} INFO - [2026-03-27T05:41:20.037+0000] {dagbag.py:538} INFO - Filling up the DagBag from /opt/airflow/dags/daily_revenue_etl_dag.py
[2026-03-27T05:41:20.066+0000] {processor.py:840} INFO - DAG(s) 'daily_revenue_etl_dag' retrieved from /opt/airflow/dags/daily_revenue_etl_dag.py
[2026-03-27T05:41:20.102+0000] {logging_mixin.py:188} INFO - [2026-03-27T05:41:20.101+0000] {dag.py:3036} INFO - Sync 1 DAGs
[2026-03-27T05:41:20.134+0000] {logging_mixin.py:188} INFO - [2026-03-27T05:41:20.134+0000] {dag.py:3823} INFO - Setting next_dagrun for daily_revenue_etl_dag to 2026-03-27 00:00:00+00:00, run_after=2026-03-28 00:00:00+00:00
[2026-03-27T05:41:20.166+0000] {processor.py:183} INFO - Processing /opt/airflow/dags/daily_revenue_etl_dag.py took 0.140 seconds
[2026-03-27T06:04:54.599+0000] {processor.py:161} INFO - Started process (PID=2486) to work on /opt/airflow/dags/daily_revenue_etl_dag.py
[2026-03-27T06:04:54.601+0000] {processor.py:830} INFO - Processing file /opt/airflow/dags/daily_revenue_etl_dag.py for tasks to queue
[2026-03-27T06:04:54.602+0000] {logging_mixin.py:188} INFO - [2026-03-27T06:04:54.601+0000] {dagbag.py:538} INFO - Filling up the DagBag from /opt/airflow/dags/daily_revenue_etl_dag.py
[2026-03-27T06:04:54.617+0000] {processor.py:840} INFO - DAG(s) 'daily_revenue_etl_dag' retrieved from /opt/airflow/dags/daily_revenue_etl_dag.py
[2026-03-27T06:04:54.637+0000] {logging_mixin.py:188} INFO - [2026-03-27T06:04:54.637+0000] {dag.py:3036} INFO - Sync 1 DAGs
[2026-03-27T06:04:54.653+0000] {logging_mixin.py:188} INFO - [2026-03-27T06:04:54.653+0000] {dag.py:3823} INFO - Setting next_dagrun for daily_revenue_etl_dag to 2026-03-27 00:00:00+00:00, run_after=2026-03-28 00:00:00+00:00
[2026-03-27T06:04:54.669+0000] {processor.py:183} INFO - Processing /opt/airflow/dags/daily_revenue_etl_dag.py took 0.072 seconds
[2026-03-27T06:05:52.054+0000] {processor.py:161} INFO - Started process (PID=2492) to work on /opt/airflow/dags/daily_revenue_etl_dag.py
[2026-03-27T06:05:52.055+0000] {processor.py:830} INFO - Processing file /opt/airflow/dags/daily_revenue_etl_dag.py for tasks to queue
[2026-03-27T06:05:52.056+0000] {logging_mixin.py:188} INFO - [2026-03-27T06:05:52.055+0000] {dagbag.py:538} INFO - Filling up the DagBag from /opt/airflow/dags/daily_revenue_etl_dag.py
[2026-03-27T06:05:52.071+0000] {processor.py:840} INFO - DAG(s) 'daily_revenue_etl_dag' retrieved from /opt/airflow/dags/daily_revenue_etl_dag.py
[2026-03-27T06:05:52.093+0000] {logging_mixin.py:188} INFO - [2026-03-27T06:05:52.092+0000] {dag.py:3036} INFO - Sync 1 DAGs
[2026-03-27T06:05:52.111+0000] {logging_mixin.py:188} INFO - [2026-03-27T06:05:52.111+0000] {dag.py:3823} INFO - Setting next_dagrun for daily_revenue_etl_dag to 2026-03-27 00:00:00+00:00, run_after=2026-03-28 00:00:00+00:00
[2026-03-27T06:05:52.128+0000] {processor.py:183} INFO - Processing /opt/airflow/dags/daily_revenue_etl_dag.py took 0.077 seconds
[2026-03-27T06:07:14.777+0000] {processor.py:161} INFO - Started process (PID=2498) to work on /opt/airflow/dags/daily_revenue_etl_dag.py
[2026-03-27T06:07:14.778+0000] {processor.py:830} INFO - Processing file /opt/airflow/dags/daily_revenue_etl_dag.py for tasks to queue
[2026-03-27T06:07:14.779+0000] {logging_mixin.py:188} INFO - [2026-03-27T06:07:14.779+0000] {dagbag.py:538} INFO - Filling up the DagBag from /opt/airflow/dags/daily_revenue_etl_dag.py
[2026-03-27T06:07:14.795+0000] {processor.py:840} INFO - DAG(s) 'daily_revenue_etl_dag' retrieved from /opt/airflow/dags/daily_revenue_etl_dag.py
[2026-03-27T06:07:14.820+0000] {logging_mixin.py:188} INFO - [2026-03-27T06:07:14.819+0000] {dag.py:3036} INFO - Sync 1 DAGs
[2026-03-27T06:07:14.840+0000] {logging_mixin.py:188} INFO - [2026-03-27T06:07:14.839+0000] {dag.py:3823} INFO - Setting next_dagrun for daily_revenue_etl_dag to 2026-03-27 00:00:00+00:00, run_after=2026-03-28 00:00:00+00:00
[2026-03-27T06:07:14.857+0000] {processor.py:183} INFO - Processing /opt/airflow/dags/daily_revenue_etl_dag.py took 0.084 seconds
[2026-03-27T06:07:45.018+0000] {processor.py:161} INFO - Started process (PID=2503) to work on /opt/airflow/dags/daily_revenue_etl_dag.py
[2026-03-27T06:07:45.019+0000] {processor.py:830} INFO - Processing file /opt/airflow/dags/daily_revenue_etl_dag.py for tasks to queue
[2026-03-27T05:44:12.664+0000] {logging_mixin.py:188} INFO - [2026-03-27T05:44:12.664+0000] {dagbag.py:538} INFO - Filling up the DagBag from /opt/airflow/dags/daily_revenue_etl_dag.py
[2026-03-27T05:44:12.706+0000] {processor.py:840} INFO - DAG(s) 'daily_revenue_etl_dag' retrieved from /opt/airflow/dags/daily_revenue_etl_dag.py
[2026-03-27T05:44:12.760+0000] {logging_mixin.py:188} INFO - [2026-03-27T05:44:12.758+0000] {dag.py:3036} INFO - Sync 1 DAGs
[2026-03-27T05:44:12.816+0000] {logging_mixin.py:188} INFO - [2026-03-27T05:44:12.815+0000] {dag.py:3823} INFO - Setting next_dagrun for daily_revenue_etl_dag to 2026-03-27 00:00:00+00:00, run_after=2026-03-28 00:00:00+00:00
[2026-03-27T05:44:12.865+0000] {processor.py:183} INFO - Processing /opt/airflow/dags/daily_revenue_etl_dag.py took 0.212 seconds
[2026-03-27T05:44:19.796+0000] {processor.py:161} INFO - Started process (PID=2508) to work on /opt/airflow/dags/daily_revenue_etl_dag.py
[2026-03-27T05:44:19.799+0000] {processor.py:830} INFO - Processing file /opt/airflow/dags/daily_revenue_etl_dag.py for tasks to queue
[2026-03-27T05:44:19.801+0000] {logging_mixin.py:188} INFO - [2026-03-27T05:44:19.801+0000] {dagbag.py:538} INFO - Filling up the DagBag from /opt/airflow/dags/daily_revenue_etl_dag.py
[2026-03-27T05:44:19.825+0000] {processor.py:840} INFO - DAG(s) 'daily_revenue_etl_dag' retrieved from /opt/airflow/dags/daily_revenue_etl_dag.py
[2026-03-27T05:44:19.860+0000] {logging_mixin.py:188} INFO - [2026-03-27T05:44:19.859+0000] {dag.py:3036} INFO - Sync 1 DAGs
[2026-03-27T05:44:19.891+0000] {logging_mixin.py:188} INFO - [2026-03-27T05:44:19.890+0000] {dag.py:3823} INFO - Setting next_dagrun for daily_revenue_etl_dag to 2026-03-27 00:00:00+00:00, run_after=2026-03-28 00:00:00+00:00
[2026-03-27T05:44:19.914+0000] {processor.py:183} INFO - Processing /opt/airflow/dags/daily_revenue_etl_dag.py took 0.124 seconds
[2026-03-27T05:44:50.026+0000] {processor.py:161} INFO - Started process (PID=2513) to work on /opt/airflow/dags/daily_revenue_etl_dag.py
[2026-03-27T05:44:50.027+0000] {processor.py:830} INFO - Processing file /opt/airflow/dags/daily_revenue_etl_dag.py for tasks to queue
[2026-03-27T05:44:50.028+0000] {logging_mixin.py:188} INFO - [2026-03-27T05:44:50.028+0000] {dagbag.py:538} INFO - Filling up the DagBag from /opt/airflow/dags/daily_revenue_etl_dag.py
[2026-03-27T05:44:50.045+0000] {processor.py:840} INFO - DAG(s) 'daily_revenue_etl_dag' retrieved from /opt/airflow/dags/daily_revenue_etl_dag.py
[2026-03-27T05:44:50.066+0000] {logging_mixin.py:188} INFO - [2026-03-27T05:44:50.066+0000] {dag.py:3036} INFO - Sync 1 DAGs
[2026-03-27T05:44:50.085+0000] {logging_mixin.py:188} INFO - [2026-03-27T05:44:50.084+0000] {dag.py:3823} INFO - Setting next_dagrun for daily_revenue_etl_dag to 2026-03-27 00:00:00+00:00, run_after=2026-03-28 00:00:00+00:00
[2026-03-27T05:44:50.106+0000] {processor.py:183} INFO - Processing /opt/airflow/dags/daily_revenue_etl_dag.py took 0.083 seconds
[2026-03-27T05:45:20.301+0000] {processor.py:161} INFO - Started process (PID=2518) to work on /opt/airflow/dags/daily_revenue_etl_dag.py
[2026-03-27T05:45:20.302+0000] {processor.py:830} INFO - Processing file /opt/airflow/dags/daily_revenue_etl_dag.py for tasks to queue
[2026-03-27T05:45:20.303+0000] {logging_mixin.py:188} INFO - [2026-03-27T05:45:20.303+0000] {dagbag.py:538} INFO - Filling up the DagBag from /opt/airflow/dags/daily_revenue_etl_dag.py
[2026-03-27T05:45:20.319+0000] {processor.py:840} INFO - DAG(s) 'daily_revenue_etl_dag' retrieved from /opt/airflow/dags/daily_revenue_etl_dag.py
[2026-03-27T05:45:20.341+0000] {logging_mixin.py:188} INFO - [2026-03-27T05:45:20.341+0000] {dag.py:3036} INFO - Sync 1 DAGs
[2026-03-27T05:45:20.358+0000] {logging_mixin.py:188} INFO - [2026-03-27T05:45:20.357+0000] {dag.py:3823} INFO - Setting next_dagrun for daily_revenue_etl_dag to 2026-03-27 00:00:00+00:00, run_after=2026-03-28 00:00:00+00:00
[2026-03-27T05:45:20.376+0000] {processor.py:183} INFO - Processing /opt/airflow/dags/daily_revenue_etl_dag.py took 0.078 seconds
[2026-03-27T06:09:21.985+0000] {processor.py:161} INFO - Started process (PID=2524) to work on /opt/airflow/dags/daily_revenue_etl_dag.py
[2026-03-27T06:09:21.986+0000] {processor.py:830} INFO - Processing file /opt/airflow/dags/daily_revenue_etl_dag.py for tasks to queue
[2026-03-27T06:09:21.987+0000] {logging_mixin.py:188} INFO - [2026-03-27T06:09:21.987+0000] {dagbag.py:538} INFO - Filling up the DagBag from /opt/airflow/dags/daily_revenue_etl_dag.py
[2026-03-27T06:09:22.004+0000] {processor.py:840} INFO - DAG(s) 'daily_revenue_etl_dag' retrieved from /opt/airflow/dags/daily_revenue_etl_dag.py
[2026-03-27T06:09:22.025+0000] {logging_mixin.py:188} INFO - [2026-03-27T06:09:22.024+0000] {dag.py:3036} INFO - Sync 1 DAGs
[2026-03-27T06:09:22.042+0000] {logging_mixin.py:188} INFO - [2026-03-27T06:09:22.042+0000] {dag.py:3823} INFO - Setting next_dagrun for daily_revenue_etl_dag to 2026-03-27 00:00:00+00:00, run_after=2026-03-28 00:00:00+00:00
[2026-03-27T06:09:22.069+0000] {processor.py:183} INFO - Processing /opt/airflow/dags/daily_revenue_etl_dag.py took 0.087 seconds
[2026-03-27T06:11:22.089+0000] {processor.py:161} INFO - Started process (PID=2530) to work on /opt/airflow/dags/daily_revenue_etl_dag.py
[2026-03-27T06:11:22.090+0000] {processor.py:830} INFO - Processing file /opt/airflow/dags/daily_revenue_etl_dag.py for tasks to queue
[2026-03-27T06:11:22.090+0000] {logging_mixin.py:188} INFO - [2026-03-27T06:11:22.090+0000] {dagbag.py:538} INFO - Filling up the DagBag from /opt/airflow/dags/daily_revenue_etl_dag.py
[2026-03-27T06:11:22.106+0000] {processor.py:840} INFO - DAG(s) 'daily_revenue_etl_dag' retrieved from /opt/airflow/dags/daily_revenue_etl_dag.py
[2026-03-27T06:11:22.125+0000] {logging_mixin.py:188} INFO - [2026-03-27T06:11:22.125+0000] {dag.py:3036} INFO - Sync 1 DAGs
[2026-03-27T06:11:22.141+0000] {logging_mixin.py:188} INFO - [2026-03-27T06:11:22.141+0000] {dag.py:3823} INFO - Setting next_dagrun for daily_revenue_etl_dag to 2026-03-27 00:00:00+00:00, run_after=2026-03-28 00:00:00+00:00
[2026-03-27T06:11:22.156+0000] {processor.py:183} INFO - Processing /opt/airflow/dags/daily_revenue_etl_dag.py took 0.070 seconds
[2026-03-27T06:11:55.385+0000] {processor.py:161} INFO - Started process (PID=2535) to work on /opt/airflow/dags/daily_revenue_etl_dag.py
[2026-03-27T06:11:55.386+0000] {processor.py:830} INFO - Processing file /opt/airflow/dags/daily_revenue_etl_dag.py for tasks to queue
[2026-03-27T06:11:55.387+0000] {logging_mixin.py:188} INFO - [2026-03-27T06:11:55.387+0000] {dagbag.py:538} INFO - Filling up the DagBag from /opt/airflow/dags/daily_revenue_etl_dag.py
[2026-03-27T06:11:55.403+0000] {processor.py:840} INFO - DAG(s) 'daily_revenue_etl_dag' retrieved from /opt/airflow/dags/daily_revenue_etl_dag.py
[2026-03-27T06:11:55.425+0000] {logging_mixin.py:188} INFO - [2026-03-27T06:11:55.425+0000] {dag.py:3036} INFO - Sync 1 DAGs
[2026-03-27T06:11:55.446+0000] {logging_mixin.py:188} INFO - [2026-03-27T06:11:55.446+0000] {dag.py:3823} INFO - Setting next_dagrun for daily_revenue_etl_dag to 2026-03-27 00:00:00+00:00, run_after=2026-03-28 00:00:00+00:00
[2026-03-27T06:11:55.465+0000] {processor.py:183} INFO - Processing /opt/airflow/dags/daily_revenue_etl_dag.py took 0.083 seconds
[2026-03-27T06:12:00.461+0000] {processor.py:161} INFO - Started process (PID=2540) to work on /opt/airflow/dags/daily_revenue_etl_dag.py
[2026-03-27T06:12:00.462+0000] {processor.py:830} INFO - Processing file /opt/airflow/dags/daily_revenue_etl_dag.py for tasks to queue
[2026-03-27T06:12:00.463+0000] {logging_mixin.py:188} INFO - [2026-03-27T06:12:00.462+0000] {dagbag.py:538} INFO - Filling up the DagBag from /opt/airflow/dags/daily_revenue_etl_dag.py
[2026-03-27T06:12:00.483+0000] {processor.py:840} INFO - DAG(s) 'daily_revenue_etl_dag' retrieved from /opt/airflow/dags/daily_revenue_etl_dag.py
[2026-03-27T05:48:28.158+0000] {logging_mixin.py:188} INFO - [2026-03-27T05:48:28.158+0000] {dag.py:3036} INFO - Sync 1 DAGs
[2026-03-27T05:48:28.178+0000] {logging_mixin.py:188} INFO - [2026-03-27T05:48:28.178+0000] {dag.py:3823} INFO - Setting next_dagrun for daily_revenue_etl_dag to 2026-03-27 00:00:00+00:00, run_after=2026-03-28 00:00:00+00:00
[2026-03-27T05:48:28.192+0000] {processor.py:183} INFO - Processing /opt/airflow/dags/daily_revenue_etl_dag.py took 0.084 seconds
[2026-03-27T05:48:58.441+0000] {processor.py:161} INFO - Started process (PID=2546) to work on /opt/airflow/dags/daily_revenue_etl_dag.py
[2026-03-27T05:48:58.441+0000] {processor.py:830} INFO - Processing file /opt/airflow/dags/daily_revenue_etl_dag.py for tasks to queue
[2026-03-27T05:48:58.442+0000] {logging_mixin.py:188} INFO - [2026-03-27T05:48:58.442+0000] {dagbag.py:538} INFO - Filling up the DagBag from /opt/airflow/dags/daily_revenue_etl_dag.py
[2026-03-27T05:48:58.458+0000] {processor.py:840} INFO - DAG(s) 'daily_revenue_etl_dag' retrieved from /opt/airflow/dags/daily_revenue_etl_dag.py
[2026-03-27T05:48:58.478+0000] {logging_mixin.py:188} INFO - [2026-03-27T05:48:58.478+0000] {dag.py:3036} INFO - Sync 1 DAGs
[2026-03-27T05:48:58.498+0000] {logging_mixin.py:188} INFO - [2026-03-27T05:48:58.498+0000] {dag.py:3823} INFO - Setting next_dagrun for daily_revenue_etl_dag to 2026-03-27 00:00:00+00:00, run_after=2026-03-28 00:00:00+00:00
[2026-03-27T05:48:58.517+0000] {processor.py:183} INFO - Processing /opt/airflow/dags/daily_revenue_etl_dag.py took 0.079 seconds
[2026-03-27T06:12:52.057+0000] {processor.py:161} INFO - Started process (PID=2551) to work on /opt/airflow/dags/daily_revenue_etl_dag.py
[2026-03-27T06:12:52.058+0000] {processor.py:830} INFO - Processing file /opt/airflow/dags/daily_revenue_etl_dag.py for tasks to queue
[2026-03-27T06:12:52.059+0000] {logging_mixin.py:188} INFO - [2026-03-27T06:12:52.058+0000] {dagbag.py:538} INFO - Filling up the DagBag from /opt/airflow/dags/daily_revenue_etl_dag.py
[2026-03-27T06:12:52.074+0000] {processor.py:840} INFO - DAG(s) 'daily_revenue_etl_dag' retrieved from /opt/airflow/dags/daily_revenue_etl_dag.py
[2026-03-27T06:12:52.095+0000] {logging_mixin.py:188} INFO - [2026-03-27T06:12:52.095+0000] {dag.py:3036} INFO - Sync 1 DAGs
[2026-03-27T06:12:52.113+0000] {logging_mixin.py:188} INFO - [2026-03-27T06:12:52.113+0000] {dag.py:3823} INFO - Setting next_dagrun for daily_revenue_etl_dag to 2026-03-27 00:00:00+00:00, run_after=2026-03-28 00:00:00+00:00
[2026-03-27T06:12:52.132+0000] {processor.py:183} INFO - Processing /opt/airflow/dags/daily_revenue_etl_dag.py took 0.079 seconds
[2026-03-27T06:13:40.493+0000] {processor.py:161} INFO - Started process (PID=2556) to work on /opt/airflow/dags/daily_revenue_etl_dag.py
[2026-03-27T06:13:40.494+0000] {processor.py:830} INFO - Processing file /opt/airflow/dags/daily_revenue_etl_dag.py for tasks to queue
[2026-03-27T06:13:40.495+0000] {logging_mixin.py:188} INFO - [2026-03-27T06:13:40.494+0000] {dagbag.py:538} INFO - Filling up the DagBag from /opt/airflow/dags/daily_revenue_etl_dag.py
[2026-03-27T06:13:40.514+0000] {processor.py:840} INFO - DAG(s) 'daily_revenue_etl_dag' retrieved from /opt/airflow/dags/daily_revenue_etl_dag.py
[2026-03-27T06:13:40.539+0000] {logging_mixin.py:188} INFO - [2026-03-27T06:13:40.539+0000] {dag.py:3036} INFO - Sync 1 DAGs
[2026-03-27T06:13:40.560+0000] {logging_mixin.py:188} INFO - [2026-03-27T06:13:40.560+0000] {dag.py:3823} INFO - Setting next_dagrun for daily_revenue_etl_dag to 2026-03-27 00:00:00+00:00, run_after=2026-03-28 00:00:00+00:00
[2026-03-27T06:13:40.582+0000] {processor.py:183} INFO - Processing /opt/airflow/dags/daily_revenue_etl_dag.py took 0.093 seconds
[2026-03-27T05:50:43.404+0000] {processor.py:161} INFO - Started process (PID=2561) to work on /opt/airflow/dags/daily_revenue_etl_dag.py
[2026-03-27T05:50:43.407+0000] {processor.py:830} INFO - Processing file /opt/airflow/dags/daily_revenue_etl_dag.py for tasks to queue
[2026-03-27T05:50:43.409+0000] {logging_mixin.py:188} INFO - [2026-03-27T05:50:43.408+0000] {dagbag.py:538} INFO - Filling up the DagBag from /opt/airflow/dags/daily_revenue_etl_dag.py
[2026-03-27T05:50:43.446+0000] {processor.py:840} INFO - DAG(s) 'daily_revenue_etl_dag' retrieved from /opt/airflow/dags/daily_revenue_etl_dag.py
[2026-03-27T05:50:43.493+0000] {logging_mixin.py:188} INFO - [2026-03-27T05:50:43.493+0000] {dag.py:3036} INFO - Sync 1 DAGs
[2026-03-27T05:50:43.537+0000] {logging_mixin.py:188} INFO - [2026-03-27T05:50:43.537+0000] {dag.py:3823} INFO - Setting next_dagrun for daily_revenue_etl_dag to 2026-03-27 00:00:00+00:00, run_after=2026-03-28 00:00:00+00:00
[2026-03-27T05:50:43.585+0000] {processor.py:183} INFO - Processing /opt/airflow/dags/daily_revenue_etl_dag.py took 0.189 seconds
[2026-03-27T06:14:22.037+0000] {processor.py:161} INFO - Started process (PID=2566) to work on /opt/airflow/dags/daily_revenue_etl_dag.py
[2026-03-27T06:14:22.038+0000] {processor.py:830} INFO - Processing file /opt/airflow/dags/daily_revenue_etl_dag.py for tasks to queue
[2026-03-27T06:14:22.039+0000] {logging_mixin.py:188} INFO - [2026-03-27T06:14:22.038+0000] {dagbag.py:538} INFO - Filling up the DagBag from /opt/airflow/dags/daily_revenue_etl_dag.py
[2026-03-27T06:14:22.059+0000] {processor.py:840} INFO - DAG(s) 'daily_revenue_etl_dag' retrieved from /opt/airflow/dags/daily_revenue_etl_dag.py
[2026-03-27T05:50:49.738+0000] {logging_mixin.py:188} INFO - [2026-03-27T05:50:49.738+0000] {dag.py:3036} INFO - Sync 1 DAGs
[2026-03-27T05:50:49.757+0000] {logging_mixin.py:188} INFO - [2026-03-27T05:50:49.757+0000] {dag.py:3823} INFO - Setting next_dagrun for daily_revenue_etl_dag to 2026-03-27 00:00:00+00:00, run_after=2026-03-28 00:00:00+00:00
[2026-03-27T05:50:49.771+0000] {processor.py:183} INFO - Processing /opt/airflow/dags/daily_revenue_etl_dag.py took 0.082 seconds
[2026-03-27T05:51:19.962+0000] {processor.py:161} INFO - Started process (PID=2573) to work on /opt/airflow/dags/daily_revenue_etl_dag.py
[2026-03-27T05:51:19.963+0000] {processor.py:830} INFO - Processing file /opt/airflow/dags/daily_revenue_etl_dag.py for tasks to queue
[2026-03-27T05:51:19.965+0000] {logging_mixin.py:188} INFO - [2026-03-27T05:51:19.964+0000] {dagbag.py:538} INFO - Filling up the DagBag from /opt/airflow/dags/daily_revenue_etl_dag.py
[2026-03-27T05:51:19.985+0000] {processor.py:840} INFO - DAG(s) 'daily_revenue_etl_dag' retrieved from /opt/airflow/dags/daily_revenue_etl_dag.py
[2026-03-27T05:51:20.007+0000] {logging_mixin.py:188} INFO - [2026-03-27T05:51:20.006+0000] {dag.py:3036} INFO - Sync 1 DAGs
[2026-03-27T05:51:20.024+0000] {logging_mixin.py:188} INFO - [2026-03-27T05:51:20.024+0000] {dag.py:3823} INFO - Setting next_dagrun for daily_revenue_etl_dag to 2026-03-27 00:00:00+00:00, run_after=2026-03-28 00:00:00+00:00
[2026-03-27T05:51:20.044+0000] {processor.py:183} INFO - Processing /opt/airflow/dags/daily_revenue_etl_dag.py took 0.085 seconds
[2026-03-27T05:51:50.312+0000] {processor.py:161} INFO - Started process (PID=2578) to work on /opt/airflow/dags/daily_revenue_etl_dag.py
[2026-03-27T05:51:50.313+0000] {processor.py:830} INFO - Processing file /opt/airflow/dags/daily_revenue_etl_dag.py for tasks to queue
[2026-03-27T05:51:50.314+0000] {logging_mixin.py:188} INFO - [2026-03-27T05:51:50.313+0000] {dagbag.py:538} INFO - Filling up the DagBag from /opt/airflow/dags/daily_revenue_etl_dag.py
[2026-03-27T05:51:50.329+0000] {processor.py:840} INFO - DAG(s) 'daily_revenue_etl_dag' retrieved from /opt/airflow/dags/daily_revenue_etl_dag.py
[2026-03-27T05:51:50.349+0000] {logging_mixin.py:188} INFO - [2026-03-27T05:51:50.349+0000] {dag.py:3036} INFO - Sync 1 DAGs
[2026-03-27T05:51:50.370+0000] {logging_mixin.py:188} INFO - [2026-03-27T05:51:50.369+0000] {dag.py:3823} INFO - Setting next_dagrun for daily_revenue_etl_dag to 2026-03-27 00:00:00+00:00, run_after=2026-03-28 00:00:00+00:00
[2026-03-27T05:51:50.387+0000] {processor.py:183} INFO - Processing /opt/airflow/dags/daily_revenue_etl_dag.py took 0.078 seconds
[2026-03-27T06:15:25.698+0000] {processor.py:161} INFO - Started process (PID=2583) to work on /opt/airflow/dags/daily_revenue_etl_dag.py
[2026-03-27T06:15:25.699+0000] {processor.py:830} INFO - Processing file /opt/airflow/dags/daily_revenue_etl_dag.py for tasks to queue
[2026-03-27T06:15:25.700+0000] {logging_mixin.py:188} INFO - [2026-03-27T06:15:25.700+0000] {dagbag.py:538} INFO - Filling up the DagBag from /opt/airflow/dags/daily_revenue_etl_dag.py
[2026-03-27T06:15:25.718+0000] {processor.py:840} INFO - DAG(s) 'daily_revenue_etl_dag' retrieved from /opt/airflow/dags/daily_revenue_etl_dag.py
[2026-03-27T06:15:25.743+0000] {logging_mixin.py:188} INFO - [2026-03-27T06:15:25.743+0000] {dag.py:3036} INFO - Sync 1 DAGs
[2026-03-27T06:15:25.762+0000] {logging_mixin.py:188} INFO - [2026-03-27T06:15:25.762+0000] {dag.py:3823} INFO - Setting next_dagrun for daily_revenue_etl_dag to 2026-03-27 00:00:00+00:00, run_after=2026-03-28 00:00:00+00:00
[2026-03-27T06:15:25.779+0000] {processor.py:183} INFO - Processing /opt/airflow/dags/daily_revenue_etl_dag.py took 0.084 seconds
[2026-03-27T06:17:35.895+0000] {processor.py:161} INFO - Started process (PID=2590) to work on /opt/airflow/dags/daily_revenue_etl_dag.py
[2026-03-27T06:17:35.896+0000] {processor.py:830} INFO - Processing file /opt/airflow/dags/daily_revenue_etl_dag.py for tasks to queue
[2026-03-27T06:17:35.897+0000] {logging_mixin.py:188} INFO - [2026-03-27T06:17:35.896+0000] {dagbag.py:538} INFO - Filling up the DagBag from /opt/airflow/dags/daily_revenue_etl_dag.py
[2026-03-27T06:17:35.912+0000] {processor.py:840} INFO - DAG(s) 'daily_revenue_etl_dag' retrieved from /opt/airflow/dags/daily_revenue_etl_dag.py
[2026-03-27T06:17:35.933+0000] {logging_mixin.py:188} INFO - [2026-03-27T06:17:35.933+0000] {dag.py:3036} INFO - Sync 1 DAGs
[2026-03-27T06:17:35.949+0000] {logging_mixin.py:188} INFO - [2026-03-27T06:17:35.949+0000] {dag.py:3823} INFO - Setting next_dagrun for daily_revenue_etl_dag to 2026-03-27 00:00:00+00:00, run_after=2026-03-28 00:00:00+00:00
[2026-03-27T06:17:35.968+0000] {processor.py:183} INFO - Processing /opt/airflow/dags/daily_revenue_etl_dag.py took 0.076 seconds
[2026-03-27T05:54:33.815+0000] {processor.py:161} INFO - Started process (PID=2596) to work on /opt/airflow/dags/daily_revenue_etl_dag.py
[2026-03-27T05:54:33.816+0000] {processor.py:830} INFO - Processing file /opt/airflow/dags/daily_revenue_etl_dag.py for tasks to queue
[2026-03-27T05:54:33.817+0000] {logging_mixin.py:188} INFO - [2026-03-27T05:54:33.817+0000] {dagbag.py:538} INFO - Filling up the DagBag from /opt/airflow/dags/daily_revenue_etl_dag.py
[2026-03-27T05:54:33.837+0000] {processor.py:840} INFO - DAG(s) 'daily_revenue_etl_dag' retrieved from /opt/airflow/dags/daily_revenue_etl_dag.py
[2026-03-27T05:54:33.858+0000] {logging_mixin.py:188} INFO - [2026-03-27T05:54:33.858+0000] {dag.py:3036} INFO - Sync 1 DAGs
[2026-03-27T05:54:33.878+0000] {logging_mixin.py:188} INFO - [2026-03-27T05:54:33.877+0000] {dag.py:3823} INFO - Setting next_dagrun for daily_revenue_etl_dag to 2026-03-27 00:00:00+00:00, run_after=2026-03-28 00:00:00+00:00
[2026-03-27T05:54:33.895+0000] {processor.py:183} INFO - Processing /opt/airflow/dags/daily_revenue_etl_dag.py took 0.083 seconds
[2026-03-27T05:55:04.133+0000] {processor.py:161} INFO - Started process (PID=2601) to work on /opt/airflow/dags/daily_revenue_etl_dag.py
[2026-03-27T05:55:04.134+0000] {processor.py:830} INFO - Processing file /opt/airflow/dags/daily_revenue_etl_dag.py for tasks to queue
[2026-03-27T05:55:04.135+0000] {logging_mixin.py:188} INFO - [2026-03-27T05:55:04.134+0000] {dagbag.py:538} INFO - Filling up the DagBag from /opt/airflow/dags/daily_revenue_etl_dag.py
[2026-03-27T05:55:04.151+0000] {processor.py:840} INFO - DAG(s) 'daily_revenue_etl_dag' retrieved from /opt/airflow/dags/daily_revenue_etl_dag.py
[2026-03-27T05:55:04.170+0000] {logging_mixin.py:188} INFO - [2026-03-27T05:55:04.170+0000] {dag.py:3036} INFO - Sync 1 DAGs
[2026-03-27T05:55:04.187+0000] {logging_mixin.py:188} INFO - [2026-03-27T05:55:04.187+0000] {dag.py:3823} INFO - Setting next_dagrun for daily_revenue_etl_dag to 2026-03-27 00:00:00+00:00, run_after=2026-03-28 00:00:00+00:00
[2026-03-27T05:55:04.204+0000] {processor.py:183} INFO - Processing /opt/airflow/dags/daily_revenue_etl_dag.py took 0.074 seconds
[2026-03-27T05:55:34.423+0000] {processor.py:161} INFO - Started process (PID=2606) to work on /opt/airflow/dags/daily_revenue_etl_dag.py
[2026-03-27T05:55:34.425+0000] {processor.py:830} INFO - Processing file /opt/airflow/dags/daily_revenue_etl_dag.py for tasks to queue
[2026-03-27T05:55:34.426+0000] {logging_mixin.py:188} INFO - [2026-03-27T05:55:34.426+0000] {dagbag.py:538} INFO - Filling up the DagBag from /opt/airflow/dags/daily_revenue_etl_dag.py
[2026-03-27T05:55:34.444+0000] {processor.py:840} INFO - DAG(s) 'daily_revenue_etl_dag' retrieved from /opt/airflow/dags/daily_revenue_etl_dag.py
[2026-03-27T05:55:34.464+0000] {logging_mixin.py:188} INFO - [2026-03-27T05:55:34.464+0000] {dag.py:3036} INFO - Sync 1 DAGs
[2026-03-27T05:55:34.482+0000] {logging_mixin.py:188} INFO - [2026-03-27T05:55:34.481+0000] {dag.py:3823} INFO - Setting next_dagrun for daily_revenue_etl_dag to 2026-03-27 00:00:00+00:00, run_after=2026-03-28 00:00:00+00:00
[2026-03-27T05:55:34.499+0000] {processor.py:183} INFO - Processing /opt/airflow/dags/daily_revenue_etl_dag.py took 0.081 seconds
[2026-03-27T06:19:21.989+0000] {processor.py:161} INFO - Started process (PID=2611) to work on /opt/airflow/dags/daily_revenue_etl_dag.py
[2026-03-27T06:19:21.990+0000] {processor.py:830} INFO - Processing file /opt/airflow/dags/daily_revenue_etl_dag.py for tasks to queue
[2026-03-27T06:19:21.991+0000] {logging_mixin.py:188} INFO - [2026-03-27T06:19:21.991+0000] {dagbag.py:538} INFO - Filling up the DagBag from /opt/airflow/dags/daily_revenue_etl_dag.py
[2026-03-27T06:19:22.007+0000] {processor.py:840} INFO - DAG(s) 'daily_revenue_etl_dag' retrieved from /opt/airflow/dags/daily_revenue_etl_dag.py
[2026-03-27T06:19:22.029+0000] {logging_mixin.py:188} INFO - [2026-03-27T06:19:22.029+0000] {dag.py:3036} INFO - Sync 1 DAGs
[2026-03-27T06:19:22.045+0000] {logging_mixin.py:188} INFO - [2026-03-27T06:19:22.045+0000] {dag.py:3823} INFO - Setting next_dagrun for daily_revenue_etl_dag to 2026-03-27 00:00:00+00:00, run_after=2026-03-28 00:00:00+00:00
[2026-03-27T06:19:22.062+0000] {processor.py:183} INFO - Processing /opt/airflow/dags/daily_revenue_etl_dag.py took 0.076 seconds
[2026-03-27T06:19:56.218+0000] {processor.py:161} INFO - Started process (PID=2616) to work on /opt/airflow/dags/daily_revenue_etl_dag.py
[2026-03-27T06:19:56.219+0000] {processor.py:830} INFO - Processing file /opt/airflow/dags/daily_revenue_etl_dag.py for tasks to queue
[2026-03-27T06:19:56.220+0000] {logging_mixin.py:188} INFO - [2026-03-27T06:19:56.219+0000] {dagbag.py:538} INFO - Filling up the DagBag from /opt/airflow/dags/daily_revenue_etl_dag.py
[2026-03-27T06:19:56.237+0000] {processor.py:840} INFO - DAG(s) 'daily_revenue_etl_dag' retrieved from /opt/airflow/dags/daily_revenue_etl_dag.py
[2026-03-27T06:19:56.260+0000] {logging_mixin.py:188} INFO - [2026-03-27T06:19:56.260+0000] {dag.py:3036} INFO - Sync 1 DAGs
[2026-03-27T06:19:56.277+0000] {logging_mixin.py:188} INFO - [2026-03-27T06:19:56.276+0000] {dag.py:3823} INFO - Setting next_dagrun for daily_revenue_etl_dag to 2026-03-27 00:00:00+00:00, run_after=2026-03-28 00:00:00+00:00
[2026-03-27T06:19:56.292+0000] {processor.py:183} INFO - Processing /opt/airflow/dags/daily_revenue_etl_dag.py took 0.078 seconds
[2026-03-27T06:21:21.953+0000] {processor.py:161} INFO - Started process (PID=2623) to work on /opt/airflow/dags/daily_revenue_etl_dag.py
[2026-03-27T06:21:21.954+0000] {processor.py:830} INFO - Processing file /opt/airflow/dags/daily_revenue_etl_dag.py for tasks to queue
[2026-03-27T06:21:21.955+0000] {logging_mixin.py:188} INFO - [2026-03-27T06:21:21.955+0000] {dagbag.py:538} INFO - Filling up the DagBag from /opt/airflow/dags/daily_revenue_etl_dag.py
[2026-03-27T06:21:21.972+0000] {processor.py:840} INFO - DAG(s) 'daily_revenue_etl_dag' retrieved from /opt/airflow/dags/daily_revenue_etl_dag.py
[2026-03-27T06:21:21.995+0000] {logging_mixin.py:188} INFO - [2026-03-27T06:21:21.995+0000] {dag.py:3036} INFO - Sync 1 DAGs
[2026-03-27T06:21:22.020+0000] {logging_mixin.py:188} INFO - [2026-03-27T06:21:22.020+0000] {dag.py:3823} INFO - Setting next_dagrun for daily_revenue_etl_dag to 2026-03-27 00:00:00+00:00, run_after=2026-03-28 00:00:00+00:00
[2026-03-27T06:21:22.043+0000] {processor.py:183} INFO - Processing /opt/airflow/dags/daily_revenue_etl_dag.py took 0.092 seconds
[2026-03-27T06:21:56.362+0000] {processor.py:161} INFO - Started process (PID=2628) to work on /opt/airflow/dags/daily_revenue_etl_dag.py
[2026-03-27T06:21:56.363+0000] {processor.py:830} INFO - Processing file /opt/airflow/dags/daily_revenue_etl_dag.py for tasks to queue
[2026-03-27T06:21:56.364+0000] {logging_mixin.py:188} INFO - [2026-03-27T06:21:56.364+0000] {dagbag.py:538} INFO - Filling up the DagBag from /opt/airflow/dags/daily_revenue_etl_dag.py
[2026-03-27T06:21:56.381+0000] {processor.py:840} INFO - DAG(s) 'daily_revenue_etl_dag' retrieved from /opt/airflow/dags/daily_revenue_etl_dag.py
[2026-03-27T06:21:56.403+0000] {logging_mixin.py:188} INFO - [2026-03-27T06:21:56.403+0000] {dag.py:3036} INFO - Sync 1 DAGs
[2026-03-27T06:21:56.423+0000] {logging_mixin.py:188} INFO - [2026-03-27T06:21:56.422+0000] {dag.py:3823} INFO - Setting next_dagrun for daily_revenue_etl_dag to 2026-03-27 00:00:00+00:00, run_after=2026-03-28 00:00:00+00:00
[2026-03-27T06:21:56.443+0000] {processor.py:183} INFO - Processing /opt/airflow/dags/daily_revenue_etl_dag.py took 0.084 seconds
[2026-03-27T05:58:54.249+0000] {processor.py:161} INFO - Started process (PID=2633) to work on /opt/airflow/dags/daily_revenue_etl_dag.py
[2026-03-27T05:58:54.250+0000] {processor.py:830} INFO - Processing file /opt/airflow/dags/daily_revenue_etl_dag.py for tasks to queue
[2026-03-27T05:58:54.252+0000] {logging_mixin.py:188} INFO - [2026-03-27T05:58:54.251+0000] {dagbag.py:538} INFO - Filling up the DagBag from /opt/airflow/dags/daily_revenue_etl_dag.py
[2026-03-27T05:58:54.270+0000] {processor.py:840} INFO - DAG(s) 'daily_revenue_etl_dag' retrieved from /opt/airflow/dags/daily_revenue_etl_dag.py
[2026-03-27T05:58:54.293+0000] {logging_mixin.py:188} INFO - [2026-03-27T05:58:54.293+0000] {dag.py:3036} INFO - Sync 1 DAGs
[2026-03-27T05:58:54.316+0000] {logging_mixin.py:188} INFO - [2026-03-27T05:58:54.315+0000] {dag.py:3823} INFO - Setting next_dagrun for daily_revenue_etl_dag to 2026-03-27 00:00:00+00:00, run_after=2026-03-28 00:00:00+00:00
[2026-03-27T05:58:54.337+0000] {processor.py:183} INFO - Processing /opt/airflow/dags/daily_revenue_etl_dag.py took 0.092 seconds
[2026-03-27T05:59:24.512+0000] {processor.py:161} INFO - Started process (PID=2639) to work on /opt/airflow/dags/daily_revenue_etl_dag.py
[2026-03-27T05:59:24.513+0000] {processor.py:830} INFO - Processing file /opt/airflow/dags/daily_revenue_etl_dag.py for tasks to queue
[2026-03-27T05:59:24.514+0000] {logging_mixin.py:188} INFO - [2026-03-27T05:59:24.514+0000] {dagbag.py:538} INFO - Filling up the DagBag from /opt/airflow/dags/daily_revenue_etl_dag.py
[2026-03-27T05:59:24.532+0000] {processor.py:840} INFO - DAG(s) 'daily_revenue_etl_dag' retrieved from /opt/airflow/dags/daily_revenue_etl_dag.py
[2026-03-27T05:59:24.560+0000] {logging_mixin.py:188} INFO - [2026-03-27T05:59:24.560+0000] {dag.py:3036} INFO - Sync 1 DAGs
[2026-03-27T05:59:24.584+0000] {logging_mixin.py:188} INFO - [2026-03-27T05:59:24.583+0000] {dag.py:3823} INFO - Setting next_dagrun for daily_revenue_etl_dag to 2026-03-27 00:00:00+00:00, run_after=2026-03-28 00:00:00+00:00
[2026-03-27T05:59:24.608+0000] {processor.py:183} INFO - Processing /opt/airflow/dags/daily_revenue_etl_dag.py took 0.099 seconds
[2026-03-27T06:23:22.145+0000] {processor.py:161} INFO - Started process (PID=2644) to work on /opt/airflow/dags/daily_revenue_etl_dag.py
[2026-03-27T06:23:22.146+0000] {processor.py:830} INFO - Processing file /opt/airflow/dags/daily_revenue_etl_dag.py for tasks to queue
[2026-03-27T06:23:22.147+0000] {logging_mixin.py:188} INFO - [2026-03-27T06:23:22.147+0000] {dagbag.py:538} INFO - Filling up the DagBag from /opt/airflow/dags/daily_revenue_etl_dag.py
[2026-03-27T05:59:49.803+0000] {processor.py:840} INFO - DAG(s) 'daily_revenue_etl_dag' retrieved from /opt/airflow/dags/daily_revenue_etl_dag.py
[2026-03-27T05:59:49.827+0000] {logging_mixin.py:188} INFO - [2026-03-27T05:59:49.827+0000] {dag.py:3036} INFO - Sync 1 DAGs
[2026-03-27T05:59:49.848+0000] {logging_mixin.py:188} INFO - [2026-03-27T05:59:49.847+0000] {dag.py:3823} INFO - Setting next_dagrun for daily_revenue_etl_dag to 2026-03-27 00:00:00+00:00, run_after=2026-03-28 00:00:00+00:00
[2026-03-27T05:59:49.865+0000] {processor.py:183} INFO - Processing /opt/airflow/dags/daily_revenue_etl_dag.py took 0.085 seconds
[2026-03-27T06:00:20.103+0000] {processor.py:161} INFO - Started process (PID=2649) to work on /opt/airflow/dags/daily_revenue_etl_dag.py
[2026-03-27T06:00:20.106+0000] {processor.py:830} INFO - Processing file /opt/airflow/dags/daily_revenue_etl_dag.py for tasks to queue
[2026-03-27T06:00:20.108+0000] {logging_mixin.py:188} INFO - [2026-03-27T06:00:20.108+0000] {dagbag.py:538} INFO - Filling up the DagBag from /opt/airflow/dags/daily_revenue_etl_dag.py
[2026-03-27T06:00:20.151+0000] {processor.py:840} INFO - DAG(s) 'daily_revenue_etl_dag' retrieved from /opt/airflow/dags/daily_revenue_etl_dag.py
[2026-03-27T06:00:20.201+0000] {logging_mixin.py:188} INFO - [2026-03-27T06:00:20.201+0000] {dag.py:3036} INFO - Sync 1 DAGs
[2026-03-27T06:00:20.242+0000] {logging_mixin.py:188} INFO - [2026-03-27T06:00:20.241+0000] {dag.py:3823} INFO - Setting next_dagrun for daily_revenue_etl_dag to 2026-03-27 00:00:00+00:00, run_after=2026-03-28 00:00:00+00:00
[2026-03-27T06:00:20.278+0000] {processor.py:183} INFO - Processing /opt/airflow/dags/daily_revenue_etl_dag.py took 0.186 seconds
[2026-03-27T06:23:56.695+0000] {processor.py:161} INFO - Started process (PID=2654) to work on /opt/airflow/dags/daily_revenue_etl_dag.py
[2026-03-27T06:23:56.696+0000] {processor.py:830} INFO - Processing file /opt/airflow/dags/daily_revenue_etl_dag.py for tasks to queue
[2026-03-27T06:23:56.697+0000] {logging_mixin.py:188} INFO - [2026-03-27T06:23:56.696+0000] {dagbag.py:538} INFO - Filling up the DagBag from /opt/airflow/dags/daily_revenue_etl_dag.py
[2026-03-27T06:23:56.714+0000] {processor.py:840} INFO - DAG(s) 'daily_revenue_etl_dag' retrieved from /opt/airflow/dags/daily_revenue_etl_dag.py
[2026-03-27T06:23:56.736+0000] {logging_mixin.py:188} INFO - [2026-03-27T06:23:56.736+0000] {dag.py:3036} INFO - Sync 1 DAGs
[2026-03-27T06:00:24.422+0000] {logging_mixin.py:188} INFO - [2026-03-27T06:00:24.421+0000] {dag.py:3823} INFO - Setting next_dagrun for daily_revenue_etl_dag to 2026-03-27 00:00:00+00:00, run_after=2026-03-28 00:00:00+00:00
[2026-03-27T06:00:24.439+0000] {processor.py:183} INFO - Processing /opt/airflow/dags/daily_revenue_etl_dag.py took 0.081 seconds
[2026-03-27T06:24:01.745+0000] {processor.py:161} INFO - Started process (PID=2659) to work on /opt/airflow/dags/daily_revenue_etl_dag.py
[2026-03-27T06:24:01.747+0000] {processor.py:830} INFO - Processing file /opt/airflow/dags/daily_revenue_etl_dag.py for tasks to queue
[2026-03-27T06:24:01.748+0000] {logging_mixin.py:188} INFO - [2026-03-27T06:24:01.747+0000] {dagbag.py:538} INFO - Filling up the DagBag from /opt/airflow/dags/daily_revenue_etl_dag.py
[2026-03-27T06:00:29.430+0000] {processor.py:840} INFO - DAG(s) 'daily_revenue_etl_dag' retrieved from /opt/airflow/dags/daily_revenue_etl_dag.py
[2026-03-27T06:00:29.455+0000] {logging_mixin.py:188} INFO - [2026-03-27T06:00:29.455+0000] {dag.py:3036} INFO - Sync 1 DAGs
[2026-03-27T06:00:29.477+0000] {logging_mixin.py:188} INFO - [2026-03-27T06:00:29.476+0000] {dag.py:3823} INFO - Setting next_dagrun for daily_revenue_etl_dag to 2026-03-27 00:00:00+00:00, run_after=2026-03-28 00:00:00+00:00
[2026-03-27T06:00:29.497+0000] {processor.py:183} INFO - Processing /opt/airflow/dags/daily_revenue_etl_dag.py took 0.095 seconds
[2026-03-27T06:24:21.994+0000] {processor.py:161} INFO - Started process (PID=2664) to work on /opt/airflow/dags/daily_revenue_etl_dag.py
[2026-03-27T06:24:21.995+0000] {processor.py:830} INFO - Processing file /opt/airflow/dags/daily_revenue_etl_dag.py for tasks to queue
[2026-03-27T06:24:21.996+0000] {logging_mixin.py:188} INFO - [2026-03-27T06:24:21.996+0000] {dagbag.py:538} INFO - Filling up the DagBag from /opt/airflow/dags/daily_revenue_etl_dag.py
[2026-03-27T06:24:22.015+0000] {processor.py:840} INFO - DAG(s) 'daily_revenue_etl_dag' retrieved from /opt/airflow/dags/daily_revenue_etl_dag.py
[2026-03-27T06:24:22.038+0000] {logging_mixin.py:188} INFO - [2026-03-27T06:24:22.038+0000] {dag.py:3036} INFO - Sync 1 DAGs
[2026-03-27T06:24:22.060+0000] {logging_mixin.py:188} INFO - [2026-03-27T06:24:22.060+0000] {dag.py:3823} INFO - Setting next_dagrun for daily_revenue_etl_dag to 2026-03-27 00:00:00+00:00, run_after=2026-03-28 00:00:00+00:00
[2026-03-27T06:24:22.078+0000] {processor.py:183} INFO - Processing /opt/airflow/dags/daily_revenue_etl_dag.py took 0.087 seconds
[2026-03-27T06:26:31.859+0000] {processor.py:161} INFO - Started process (PID=2670) to work on /opt/airflow/dags/daily_revenue_etl_dag.py
[2026-03-27T06:26:31.860+0000] {processor.py:830} INFO - Processing file /opt/airflow/dags/daily_revenue_etl_dag.py for tasks to queue
[2026-03-27T06:26:31.861+0000] {logging_mixin.py:188} INFO - [2026-03-27T06:26:31.861+0000] {dagbag.py:538} INFO - Filling up the DagBag from /opt/airflow/dags/daily_revenue_etl_dag.py
[2026-03-27T06:26:31.880+0000] {processor.py:840} INFO - DAG(s) 'daily_revenue_etl_dag' retrieved from /opt/airflow/dags/daily_revenue_etl_dag.py
[2026-03-27T06:26:31.906+0000] {logging_mixin.py:188} INFO - [2026-03-27T06:26:31.906+0000] {dag.py:3036} INFO - Sync 1 DAGs
[2026-03-27T06:26:31.932+0000] {logging_mixin.py:188} INFO - [2026-03-27T06:26:31.932+0000] {dag.py:3823} INFO - Setting next_dagrun for daily_revenue_etl_dag to 2026-03-27 00:00:00+00:00, run_after=2026-03-28 00:00:00+00:00
[2026-03-27T06:26:31.957+0000] {processor.py:183} INFO - Processing /opt/airflow/dags/daily_revenue_etl_dag.py took 0.103 seconds
[2026-03-27T06:27:36.922+0000] {processor.py:161} INFO - Started process (PID=2675) to work on /opt/airflow/dags/daily_revenue_etl_dag.py
[2026-03-27T06:27:36.923+0000] {processor.py:830} INFO - Processing file /opt/airflow/dags/daily_revenue_etl_dag.py for tasks to queue
[2026-03-27T06:27:36.924+0000] {logging_mixin.py:188} INFO - [2026-03-27T06:27:36.923+0000] {dagbag.py:538} INFO - Filling up the DagBag from /opt/airflow/dags/daily_revenue_etl_dag.py
[2026-03-27T06:27:36.942+0000] {processor.py:840} INFO - DAG(s) 'daily_revenue_etl_dag' retrieved from /opt/airflow/dags/daily_revenue_etl_dag.py
[2026-03-27T06:27:36.972+0000] {logging_mixin.py:188} INFO - [2026-03-27T06:27:36.971+0000] {dag.py:3036} INFO - Sync 1 DAGs
[2026-03-27T06:27:36.991+0000] {logging_mixin.py:188} INFO - [2026-03-27T06:27:36.990+0000] {dag.py:3823} INFO - Setting next_dagrun for daily_revenue_etl_dag to 2026-03-27 00:00:00+00:00, run_after=2026-03-28 00:00:00+00:00
[2026-03-27T06:27:37.006+0000] {processor.py:183} INFO - Processing /opt/airflow/dags/daily_revenue_etl_dag.py took 0.088 seconds
[2026-03-27T06:28:07.103+0000] {processor.py:161} INFO - Started process (PID=2680) to work on /opt/airflow/dags/daily_revenue_etl_dag.py
[2026-03-27T06:28:07.104+0000] {processor.py:830} INFO - Processing file /opt/airflow/dags/daily_revenue_etl_dag.py for tasks to queue
[2026-03-27T06:28:07.105+0000] {logging_mixin.py:188} INFO - [2026-03-27T06:28:07.105+0000] {dagbag.py:538} INFO - Filling up the DagBag from /opt/airflow/dags/daily_revenue_etl_dag.py
[2026-03-27T06:28:07.121+0000] {processor.py:840} INFO - DAG(s) 'daily_revenue_etl_dag' retrieved from /opt/airflow/dags/daily_revenue_etl_dag.py
[2026-03-27T06:04:34.819+0000] {logging_mixin.py:188} INFO - [2026-03-27T06:04:34.818+0000] {dag.py:3036} INFO - Sync 1 DAGs
[2026-03-27T06:04:34.849+0000] {logging_mixin.py:188} INFO - [2026-03-27T06:04:34.848+0000] {dag.py:3823} INFO - Setting next_dagrun for daily_revenue_etl_dag to 2026-03-27 00:00:00+00:00, run_after=2026-03-28 00:00:00+00:00
[2026-03-27T06:04:34.872+0000] {processor.py:183} INFO - Processing /opt/airflow/dags/daily_revenue_etl_dag.py took 0.099 seconds
[2026-03-27T06:28:17.100+0000] {processor.py:161} INFO - Started process (PID=2685) to work on /opt/airflow/dags/daily_revenue_etl_dag.py
[2026-03-27T06:28:17.101+0000] {processor.py:830} INFO - Processing file /opt/airflow/dags/daily_revenue_etl_dag.py for tasks to queue
[2026-03-27T06:28:17.102+0000] {logging_mixin.py:188} INFO - [2026-03-27T06:28:17.101+0000] {dagbag.py:538} INFO - Filling up the DagBag from /opt/airflow/dags/daily_revenue_etl_dag.py
[2026-03-27T06:28:17.120+0000] {processor.py:840} INFO - DAG(s) 'daily_revenue_etl_dag' retrieved from /opt/airflow/dags/daily_revenue_etl_dag.py
[2026-03-27T06:28:17.150+0000] {logging_mixin.py:188} INFO - [2026-03-27T06:28:17.150+0000] {dag.py:3036} INFO - Sync 1 DAGs
[2026-03-27T06:04:44.866+0000] {logging_mixin.py:188} INFO - [2026-03-27T06:04:44.865+0000] {dag.py:3823} INFO - Setting next_dagrun for daily_revenue_etl_dag to 2026-03-27 00:00:00+00:00, run_after=2026-03-28 00:00:00+00:00
[2026-03-27T06:04:44.929+0000] {processor.py:183} INFO - Processing /opt/airflow/dags/daily_revenue_etl_dag.py took 0.169 seconds
[2026-03-27T06:28:21.187+0000] {processor.py:161} INFO - Started process (PID=2690) to work on /opt/airflow/dags/daily_revenue_etl_dag.py
[2026-03-27T06:28:21.188+0000] {processor.py:830} INFO - Processing file /opt/airflow/dags/daily_revenue_etl_dag.py for tasks to queue
[2026-03-27T06:28:21.190+0000] {logging_mixin.py:188} INFO - [2026-03-27T06:28:21.190+0000] {dagbag.py:538} INFO - Filling up the DagBag from /opt/airflow/dags/daily_revenue_etl_dag.py
[2026-03-27T06:28:21.217+0000] {processor.py:840} INFO - DAG(s) 'daily_revenue_etl_dag' retrieved from /opt/airflow/dags/daily_revenue_etl_dag.py
[2026-03-27T06:28:21.251+0000] {logging_mixin.py:188} INFO - [2026-03-27T06:28:21.251+0000] {dag.py:3036} INFO - Sync 1 DAGs
[2026-03-27T06:28:21.276+0000] {logging_mixin.py:188} INFO - [2026-03-27T06:28:21.276+0000] {dag.py:3823} INFO - Setting next_dagrun for daily_revenue_etl_dag to 2026-03-27 00:00:00+00:00, run_after=2026-03-28 00:00:00+00:00
[2026-03-27T06:28:21.304+0000] {processor.py:183} INFO - Processing /opt/airflow/dags/daily_revenue_etl_dag.py took 0.122 seconds
[2026-03-27T06:30:51.194+0000] {processor.py:161} INFO - Started process (PID=2695) to work on /opt/airflow/dags/daily_revenue_etl_dag.py
[2026-03-27T06:30:51.195+0000] {processor.py:830} INFO - Processing file /opt/airflow/dags/daily_revenue_etl_dag.py for tasks to queue
[2026-03-27T06:30:51.196+0000] {logging_mixin.py:188} INFO - [2026-03-27T06:30:51.196+0000] {dagbag.py:538} INFO - Filling up the DagBag from /opt/airflow/dags/daily_revenue_etl_dag.py
[2026-03-27T06:30:51.213+0000] {processor.py:840} INFO - DAG(s) 'daily_revenue_etl_dag' retrieved from /opt/airflow/dags/daily_revenue_etl_dag.py
[2026-03-27T06:30:51.236+0000] {logging_mixin.py:188} INFO - [2026-03-27T06:30:51.235+0000] {dag.py:3036} INFO - Sync 1 DAGs
[2026-03-27T06:30:51.259+0000] {logging_mixin.py:188} INFO - [2026-03-27T06:30:51.259+0000] {dag.py:3823} INFO - Setting next_dagrun for daily_revenue_etl_dag to 2026-03-27 00:00:00+00:00, run_after=2026-03-28 00:00:00+00:00
[2026-03-27T06:30:51.279+0000] {processor.py:183} INFO - Processing /opt/airflow/dags/daily_revenue_etl_dag.py took 0.088 seconds
[2026-03-27T06:31:22.392+0000] {processor.py:161} INFO - Started process (PID=2700) to work on /opt/airflow/dags/daily_revenue_etl_dag.py
[2026-03-27T06:31:22.393+0000] {processor.py:830} INFO - Processing file /opt/airflow/dags/daily_revenue_etl_dag.py for tasks to queue
[2026-03-27T06:31:22.394+0000] {logging_mixin.py:188} INFO - [2026-03-27T06:31:22.394+0000] {dagbag.py:538} INFO - Filling up the DagBag from /opt/airflow/dags/daily_revenue_etl_dag.py
[2026-03-27T06:31:22.412+0000] {processor.py:840} INFO - DAG(s) 'daily_revenue_etl_dag' retrieved from /opt/airflow/dags/daily_revenue_etl_dag.py
[2026-03-27T06:31:22.435+0000] {logging_mixin.py:188} INFO - [2026-03-27T06:31:22.435+0000] {dag.py:3036} INFO - Sync 1 DAGs
[2026-03-27T06:31:22.455+0000] {logging_mixin.py:188} INFO - [2026-03-27T06:31:22.454+0000] {dag.py:3823} INFO - Setting next_dagrun for daily_revenue_etl_dag to 2026-03-27 00:00:00+00:00, run_after=2026-03-28 00:00:00+00:00
[2026-03-27T06:07:50.151+0000] {processor.py:183} INFO - Processing /opt/airflow/dags/daily_revenue_etl_dag.py took 0.085 seconds
[2026-03-27T06:07:55.166+0000] {processor.py:161} INFO - Started process (PID=2705) to work on /opt/airflow/dags/daily_revenue_etl_dag.py
[2026-03-27T06:07:55.167+0000] {processor.py:830} INFO - Processing file /opt/airflow/dags/daily_revenue_etl_dag.py for tasks to queue
[2026-03-27T06:07:55.168+0000] {logging_mixin.py:188} INFO - [2026-03-27T06:07:55.168+0000] {dagbag.py:538} INFO - Filling up the DagBag from /opt/airflow/dags/daily_revenue_etl_dag.py
[2026-03-27T06:07:55.188+0000] {processor.py:840} INFO - DAG(s) 'daily_revenue_etl_dag' retrieved from /opt/airflow/dags/daily_revenue_etl_dag.py
[2026-03-27T06:07:55.211+0000] {logging_mixin.py:188} INFO - [2026-03-27T06:07:55.210+0000] {dag.py:3036} INFO - Sync 1 DAGs
[2026-03-27T06:07:55.229+0000] {logging_mixin.py:188} INFO - [2026-03-27T06:07:55.228+0000] {dag.py:3823} INFO - Setting next_dagrun for daily_revenue_etl_dag to 2026-03-27 00:00:00+00:00, run_after=2026-03-28 00:00:00+00:00
[2026-03-27T06:07:55.245+0000] {processor.py:183} INFO - Processing /opt/airflow/dags/daily_revenue_etl_dag.py took 0.082 seconds
[2026-03-27T06:08:25.385+0000] {processor.py:161} INFO - Started process (PID=2710) to work on /opt/airflow/dags/daily_revenue_etl_dag.py
[2026-03-27T06:08:25.386+0000] {processor.py:830} INFO - Processing file /opt/airflow/dags/daily_revenue_etl_dag.py for tasks to queue
[2026-03-27T06:08:25.387+0000] {logging_mixin.py:188} INFO - [2026-03-27T06:08:25.387+0000] {dagbag.py:538} INFO - Filling up the DagBag from /opt/airflow/dags/daily_revenue_etl_dag.py
[2026-03-27T06:08:25.403+0000] {processor.py:840} INFO - DAG(s) 'daily_revenue_etl_dag' retrieved from /opt/airflow/dags/daily_revenue_etl_dag.py
[2026-03-27T06:08:25.424+0000] {logging_mixin.py:188} INFO - [2026-03-27T06:08:25.424+0000] {dag.py:3036} INFO - Sync 1 DAGs
[2026-03-27T06:08:25.442+0000] {logging_mixin.py:188} INFO - [2026-03-27T06:08:25.442+0000] {dag.py:3823} INFO - Setting next_dagrun for daily_revenue_etl_dag to 2026-03-27 00:00:00+00:00, run_after=2026-03-28 00:00:00+00:00
[2026-03-27T06:08:25.458+0000] {processor.py:183} INFO - Processing /opt/airflow/dags/daily_revenue_etl_dag.py took 0.076 seconds
[2026-03-27T06:08:55.582+0000] {processor.py:161} INFO - Started process (PID=2715) to work on /opt/airflow/dags/daily_revenue_etl_dag.py
[2026-03-27T06:08:55.583+0000] {processor.py:830} INFO - Processing file /opt/airflow/dags/daily_revenue_etl_dag.py for tasks to queue
[2026-03-27T06:08:55.584+0000] {logging_mixin.py:188} INFO - [2026-03-27T06:08:55.584+0000] {dagbag.py:538} INFO - Filling up the DagBag from /opt/airflow/dags/daily_revenue_etl_dag.py
[2026-03-27T06:08:55.600+0000] {processor.py:840} INFO - DAG(s) 'daily_revenue_etl_dag' retrieved from /opt/airflow/dags/daily_revenue_etl_dag.py
[2026-03-27T06:08:55.622+0000] {logging_mixin.py:188} INFO - [2026-03-27T06:08:55.621+0000] {dag.py:3036} INFO - Sync 1 DAGs
[2026-03-27T06:08:55.639+0000] {logging_mixin.py:188} INFO - [2026-03-27T06:08:55.639+0000] {dag.py:3823} INFO - Setting next_dagrun for daily_revenue_etl_dag to 2026-03-27 00:00:00+00:00, run_after=2026-03-28 00:00:00+00:00
[2026-03-27T06:08:55.655+0000] {processor.py:183} INFO - Processing /opt/airflow/dags/daily_revenue_etl_dag.py took 0.077 seconds
[2026-03-27T06:09:25.819+0000] {processor.py:161} INFO - Started process (PID=2720) to work on /opt/airflow/dags/daily_revenue_etl_dag.py
[2026-03-27T06:09:25.820+0000] {processor.py:830} INFO - Processing file /opt/airflow/dags/daily_revenue_etl_dag.py for tasks to queue
[2026-03-27T06:09:25.821+0000] {logging_mixin.py:188} INFO - [2026-03-27T06:09:25.821+0000] {dagbag.py:538} INFO - Filling up the DagBag from /opt/airflow/dags/daily_revenue_etl_dag.py
[2026-03-27T06:09:25.837+0000] {processor.py:840} INFO - DAG(s) 'daily_revenue_etl_dag' retrieved from /opt/airflow/dags/daily_revenue_etl_dag.py
[2026-03-27T06:09:25.859+0000] {logging_mixin.py:188} INFO - [2026-03-27T06:09:25.858+0000] {dag.py:3036} INFO - Sync 1 DAGs
[2026-03-27T06:09:25.876+0000] {logging_mixin.py:188} INFO - [2026-03-27T06:09:25.875+0000] {dag.py:3823} INFO - Setting next_dagrun for daily_revenue_etl_dag to 2026-03-27 00:00:00+00:00, run_after=2026-03-28 00:00:00+00:00
[2026-03-27T06:09:25.891+0000] {processor.py:183} INFO - Processing /opt/airflow/dags/daily_revenue_etl_dag.py took 0.074 seconds
[2026-03-27T06:33:21.288+0000] {processor.py:161} INFO - Started process (PID=2725) to work on /opt/airflow/dags/daily_revenue_etl_dag.py
[2026-03-27T06:33:21.289+0000] {processor.py:830} INFO - Processing file /opt/airflow/dags/daily_revenue_etl_dag.py for tasks to queue
[2026-03-27T06:33:21.291+0000] {logging_mixin.py:188} INFO - [2026-03-27T06:33:21.291+0000] {dagbag.py:538} INFO - Filling up the DagBag from /opt/airflow/dags/daily_revenue_etl_dag.py
[2026-03-27T06:33:21.311+0000] {processor.py:840} INFO - DAG(s) 'daily_revenue_etl_dag' retrieved from /opt/airflow/dags/daily_revenue_etl_dag.py
[2026-03-27T06:33:21.337+0000] {logging_mixin.py:188} INFO - [2026-03-27T06:33:21.337+0000] {dag.py:3036} INFO - Sync 1 DAGs
[2026-03-27T06:09:49.040+0000] {logging_mixin.py:188} INFO - [2026-03-27T06:09:49.040+0000] {dag.py:3823} INFO - Setting next_dagrun for daily_revenue_etl_dag to 2026-03-27 00:00:00+00:00, run_after=2026-03-28 00:00:00+00:00
[2026-03-27T06:09:49.057+0000] {processor.py:183} INFO - Processing /opt/airflow/dags/daily_revenue_etl_dag.py took 0.093 seconds
[2026-03-27T06:33:47.529+0000] {processor.py:161} INFO - Started process (PID=2730) to work on /opt/airflow/dags/daily_revenue_etl_dag.py
[2026-03-27T06:33:47.530+0000] {processor.py:830} INFO - Processing file /opt/airflow/dags/daily_revenue_etl_dag.py for tasks to queue
[2026-03-27T06:33:47.531+0000] {logging_mixin.py:188} INFO - [2026-03-27T06:33:47.531+0000] {dagbag.py:538} INFO - Filling up the DagBag from /opt/airflow/dags/daily_revenue_etl_dag.py
[2026-03-27T06:33:47.551+0000] {processor.py:840} INFO - DAG(s) 'daily_revenue_etl_dag' retrieved from /opt/airflow/dags/daily_revenue_etl_dag.py
[2026-03-27T06:33:47.575+0000] {logging_mixin.py:188} INFO - [2026-03-27T06:33:47.575+0000] {dag.py:3036} INFO - Sync 1 DAGs
[2026-03-27T06:33:47.597+0000] {logging_mixin.py:188} INFO - [2026-03-27T06:33:47.596+0000] {dag.py:3823} INFO - Setting next_dagrun for daily_revenue_etl_dag to 2026-03-27 00:00:00+00:00, run_after=2026-03-28 00:00:00+00:00
[2026-03-27T06:33:47.617+0000] {processor.py:183} INFO - Processing /opt/airflow/dags/daily_revenue_etl_dag.py took 0.091 seconds
[2026-03-27T06:34:17.702+0000] {processor.py:161} INFO - Started process (PID=2735) to work on /opt/airflow/dags/daily_revenue_etl_dag.py
[2026-03-27T06:34:17.703+0000] {processor.py:830} INFO - Processing file /opt/airflow/dags/daily_revenue_etl_dag.py for tasks to queue
[2026-03-27T06:34:17.704+0000] {logging_mixin.py:188} INFO - [2026-03-27T06:34:17.704+0000] {dagbag.py:538} INFO - Filling up the DagBag from /opt/airflow/dags/daily_revenue_etl_dag.py
[2026-03-27T06:34:17.721+0000] {processor.py:840} INFO - DAG(s) 'daily_revenue_etl_dag' retrieved from /opt/airflow/dags/daily_revenue_etl_dag.py
[2026-03-27T06:34:17.743+0000] {logging_mixin.py:188} INFO - [2026-03-27T06:34:17.743+0000] {dag.py:3036} INFO - Sync 1 DAGs
[2026-03-27T06:34:17.761+0000] {logging_mixin.py:188} INFO - [2026-03-27T06:34:17.761+0000] {dag.py:3823} INFO - Setting next_dagrun for daily_revenue_etl_dag to 2026-03-27 00:00:00+00:00, run_after=2026-03-28 00:00:00+00:00
[2026-03-27T06:10:45.454+0000] {processor.py:183} INFO - Processing /opt/airflow/dags/daily_revenue_etl_dag.py took 0.081 seconds
[2026-03-27T06:11:15.661+0000] {processor.py:161} INFO - Started process (PID=2740) to work on /opt/airflow/dags/daily_revenue_etl_dag.py
[2026-03-27T06:11:15.662+0000] {processor.py:830} INFO - Processing file /opt/airflow/dags/daily_revenue_etl_dag.py for tasks to queue
[2026-03-27T06:11:15.663+0000] {logging_mixin.py:188} INFO - [2026-03-27T06:11:15.662+0000] {dagbag.py:538} INFO - Filling up the DagBag from /opt/airflow/dags/daily_revenue_etl_dag.py
[2026-03-27T06:11:15.681+0000] {processor.py:840} INFO - DAG(s) 'daily_revenue_etl_dag' retrieved from /opt/airflow/dags/daily_revenue_etl_dag.py
[2026-03-27T06:11:15.704+0000] {logging_mixin.py:188} INFO - [2026-03-27T06:11:15.703+0000] {dag.py:3036} INFO - Sync 1 DAGs
[2026-03-27T06:11:15.722+0000] {logging_mixin.py:188} INFO - [2026-03-27T06:11:15.722+0000] {dag.py:3823} INFO - Setting next_dagrun for daily_revenue_etl_dag to 2026-03-27 00:00:00+00:00, run_after=2026-03-28 00:00:00+00:00
[2026-03-27T06:11:15.738+0000] {processor.py:183} INFO - Processing /opt/airflow/dags/daily_revenue_etl_dag.py took 0.080 seconds
[2026-03-27T06:11:45.870+0000] {processor.py:161} INFO - Started process (PID=2745) to work on /opt/airflow/dags/daily_revenue_etl_dag.py
[2026-03-27T06:11:45.871+0000] {processor.py:830} INFO - Processing file /opt/airflow/dags/daily_revenue_etl_dag.py for tasks to queue
[2026-03-27T06:11:45.873+0000] {logging_mixin.py:188} INFO - [2026-03-27T06:11:45.872+0000] {dagbag.py:538} INFO - Filling up the DagBag from /opt/airflow/dags/daily_revenue_etl_dag.py
[2026-03-27T06:11:45.893+0000] {processor.py:840} INFO - DAG(s) 'daily_revenue_etl_dag' retrieved from /opt/airflow/dags/daily_revenue_etl_dag.py
[2026-03-27T06:11:45.919+0000] {logging_mixin.py:188} INFO - [2026-03-27T06:11:45.919+0000] {dag.py:3036} INFO - Sync 1 DAGs
[2026-03-27T06:11:45.940+0000] {logging_mixin.py:188} INFO - [2026-03-27T06:11:45.940+0000] {dag.py:3823} INFO - Setting next_dagrun for daily_revenue_etl_dag to 2026-03-27 00:00:00+00:00, run_after=2026-03-28 00:00:00+00:00
[2026-03-27T06:11:45.957+0000] {processor.py:183} INFO - Processing /opt/airflow/dags/daily_revenue_etl_dag.py took 0.092 seconds
[2026-03-27T06:35:21.280+0000] {processor.py:161} INFO - Started process (PID=2750) to work on /opt/airflow/dags/daily_revenue_etl_dag.py
[2026-03-27T06:35:21.282+0000] {processor.py:830} INFO - Processing file /opt/airflow/dags/daily_revenue_etl_dag.py for tasks to queue
[2026-03-27T06:35:21.283+0000] {logging_mixin.py:188} INFO - [2026-03-27T06:35:21.283+0000] {dagbag.py:538} INFO - Filling up the DagBag from /opt/airflow/dags/daily_revenue_etl_dag.py
[2026-03-27T06:35:21.310+0000] {processor.py:840} INFO - DAG(s) 'daily_revenue_etl_dag' retrieved from /opt/airflow/dags/daily_revenue_etl_dag.py
[2026-03-27T06:35:21.340+0000] {logging_mixin.py:188} INFO - [2026-03-27T06:35:21.340+0000] {dag.py:3036} INFO - Sync 1 DAGs
[2026-03-27T06:35:21.362+0000] {logging_mixin.py:188} INFO - [2026-03-27T06:35:21.362+0000] {dag.py:3823} INFO - Setting next_dagrun for daily_revenue_etl_dag to 2026-03-27 00:00:00+00:00, run_after=2026-03-28 00:00:00+00:00
[2026-03-27T06:11:49.062+0000] {processor.py:183} INFO - Processing /opt/airflow/dags/daily_revenue_etl_dag.py took 0.105 seconds
[2026-03-27T06:12:19.186+0000] {processor.py:161} INFO - Started process (PID=2755) to work on /opt/airflow/dags/daily_revenue_etl_dag.py
[2026-03-27T06:12:19.187+0000] {processor.py:830} INFO - Processing file /opt/airflow/dags/daily_revenue_etl_dag.py for tasks to queue
[2026-03-27T06:12:19.188+0000] {logging_mixin.py:188} INFO - [2026-03-27T06:12:19.187+0000] {dagbag.py:538} INFO - Filling up the DagBag from /opt/airflow/dags/daily_revenue_etl_dag.py
[2026-03-27T06:12:19.203+0000] {processor.py:840} INFO - DAG(s) 'daily_revenue_etl_dag' retrieved from /opt/airflow/dags/daily_revenue_etl_dag.py
[2026-03-27T06:12:19.229+0000] {logging_mixin.py:188} INFO - [2026-03-27T06:12:19.229+0000] {dag.py:3036} INFO - Sync 1 DAGs
[2026-03-27T06:12:19.249+0000] {logging_mixin.py:188} INFO - [2026-03-27T06:12:19.249+0000] {dag.py:3823} INFO - Setting next_dagrun for daily_revenue_etl_dag to 2026-03-27 00:00:00+00:00, run_after=2026-03-28 00:00:00+00:00
[2026-03-27T06:12:19.264+0000] {processor.py:183} INFO - Processing /opt/airflow/dags/daily_revenue_etl_dag.py took 0.082 seconds
[2026-03-27T06:12:49.443+0000] {processor.py:161} INFO - Started process (PID=2760) to work on /opt/airflow/dags/daily_revenue_etl_dag.py
[2026-03-27T06:12:49.445+0000] {processor.py:830} INFO - Processing file /opt/airflow/dags/daily_revenue_etl_dag.py for tasks to queue
[2026-03-27T06:12:49.446+0000] {logging_mixin.py:188} INFO - [2026-03-27T06:12:49.446+0000] {dagbag.py:538} INFO - Filling up the DagBag from /opt/airflow/dags/daily_revenue_etl_dag.py
[2026-03-27T06:12:49.470+0000] {processor.py:840} INFO - DAG(s) 'daily_revenue_etl_dag' retrieved from /opt/airflow/dags/daily_revenue_etl_dag.py
[2026-03-27T06:12:49.509+0000] {logging_mixin.py:188} INFO - [2026-03-27T06:12:49.508+0000] {dag.py:3036} INFO - Sync 1 DAGs
[2026-03-27T06:12:49.553+0000] {logging_mixin.py:188} INFO - [2026-03-27T06:12:49.552+0000] {dag.py:3823} INFO - Setting next_dagrun for daily_revenue_etl_dag to 2026-03-27 00:00:00+00:00, run_after=2026-03-28 00:00:00+00:00
[2026-03-27T06:12:49.588+0000] {processor.py:183} INFO - Processing /opt/airflow/dags/daily_revenue_etl_dag.py took 0.149 seconds
[2026-03-27T06:36:22.998+0000] {processor.py:161} INFO - Started process (PID=2765) to work on /opt/airflow/dags/daily_revenue_etl_dag.py
[2026-03-27T06:36:23.001+0000] {processor.py:830} INFO - Processing file /opt/airflow/dags/daily_revenue_etl_dag.py for tasks to queue
[2026-03-27T06:36:23.003+0000] {logging_mixin.py:188} INFO - [2026-03-27T06:36:23.002+0000] {dagbag.py:538} INFO - Filling up the DagBag from /opt/airflow/dags/daily_revenue_etl_dag.py
[2026-03-27T06:12:50.718+0000] {processor.py:840} INFO - DAG(s) 'daily_revenue_etl_dag' retrieved from /opt/airflow/dags/daily_revenue_etl_dag.py
[2026-03-27T06:12:50.764+0000] {logging_mixin.py:188} INFO - [2026-03-27T06:12:50.764+0000] {dag.py:3036} INFO - Sync 1 DAGs
[2026-03-27T06:12:50.799+0000] {logging_mixin.py:188} INFO - [2026-03-27T06:12:50.799+0000] {dag.py:3823} INFO - Setting next_dagrun for daily_revenue_etl_dag to 2026-03-27 00:00:00+00:00, run_after=2026-03-28 00:00:00+00:00
[2026-03-27T06:12:50.827+0000] {processor.py:183} INFO - Processing /opt/airflow/dags/daily_revenue_etl_dag.py took 0.152 seconds
[2026-03-27T06:36:28.027+0000] {processor.py:161} INFO - Started process (PID=2770) to work on /opt/airflow/dags/daily_revenue_etl_dag.py
[2026-03-27T06:36:28.029+0000] {processor.py:830} INFO - Processing file /opt/airflow/dags/daily_revenue_etl_dag.py for tasks to queue
[2026-03-27T06:36:28.030+0000] {logging_mixin.py:188} INFO - [2026-03-27T06:36:28.029+0000] {dagbag.py:538} INFO - Filling up the DagBag from /opt/airflow/dags/daily_revenue_etl_dag.py
[2026-03-27T06:12:55.727+0000] {processor.py:840} INFO - DAG(s) 'daily_revenue_etl_dag' retrieved from /opt/airflow/dags/daily_revenue_etl_dag.py
[2026-03-27T06:12:55.750+0000] {logging_mixin.py:188} INFO - [2026-03-27T06:12:55.750+0000] {dag.py:3036} INFO - Sync 1 DAGs
[2026-03-27T06:12:55.771+0000] {logging_mixin.py:188} INFO - [2026-03-27T06:12:55.771+0000] {dag.py:3823} INFO - Setting next_dagrun for daily_revenue_etl_dag to 2026-03-27 00:00:00+00:00, run_after=2026-03-28 00:00:00+00:00
[2026-03-27T06:12:55.785+0000] {processor.py:183} INFO - Processing /opt/airflow/dags/daily_revenue_etl_dag.py took 0.083 seconds
[2026-03-27T06:13:00.742+0000] {processor.py:161} INFO - Started process (PID=2775) to work on /opt/airflow/dags/daily_revenue_etl_dag.py
[2026-03-27T06:13:00.743+0000] {processor.py:830} INFO - Processing file /opt/airflow/dags/daily_revenue_etl_dag.py for tasks to queue
[2026-03-27T06:13:00.744+0000] {logging_mixin.py:188} INFO - [2026-03-27T06:13:00.743+0000] {dagbag.py:538} INFO - Filling up the DagBag from /opt/airflow/dags/daily_revenue_etl_dag.py
[2026-03-27T06:13:00.762+0000] {processor.py:840} INFO - DAG(s) 'daily_revenue_etl_dag' retrieved from /opt/airflow/dags/daily_revenue_etl_dag.py
[2026-03-27T06:13:00.787+0000] {logging_mixin.py:188} INFO - [2026-03-27T06:13:00.787+0000] {dag.py:3036} INFO - Sync 1 DAGs
[2026-03-27T06:13:00.805+0000] {logging_mixin.py:188} INFO - [2026-03-27T06:13:00.805+0000] {dag.py:3823} INFO - Setting next_dagrun for daily_revenue_etl_dag to 2026-03-27 00:00:00+00:00, run_after=2026-03-28 00:00:00+00:00
[2026-03-27T06:13:00.819+0000] {processor.py:183} INFO - Processing /opt/airflow/dags/daily_revenue_etl_dag.py took 0.081 seconds
[2026-03-27T06:36:51.287+0000] {processor.py:161} INFO - Started process (PID=2780) to work on /opt/airflow/dags/daily_revenue_etl_dag.py
[2026-03-27T06:36:51.288+0000] {processor.py:830} INFO - Processing file /opt/airflow/dags/daily_revenue_etl_dag.py for tasks to queue
[2026-03-27T06:36:51.290+0000] {logging_mixin.py:188} INFO - [2026-03-27T06:36:51.289+0000] {dagbag.py:538} INFO - Filling up the DagBag from /opt/airflow/dags/daily_revenue_etl_dag.py
[2026-03-27T06:36:51.329+0000] {processor.py:840} INFO - DAG(s) 'daily_revenue_etl_dag' retrieved from /opt/airflow/dags/daily_revenue_etl_dag.py
[2026-03-27T06:36:51.376+0000] {logging_mixin.py:188} INFO - [2026-03-27T06:36:51.375+0000] {dag.py:3036} INFO - Sync 1 DAGs
[2026-03-27T06:13:19.100+0000] {logging_mixin.py:188} INFO - [2026-03-27T06:13:19.099+0000] {dag.py:3823} INFO - Setting next_dagrun for daily_revenue_etl_dag to 2026-03-27 00:00:00+00:00, run_after=2026-03-28 00:00:00+00:00
[2026-03-27T06:13:19.133+0000] {processor.py:183} INFO - Processing /opt/airflow/dags/daily_revenue_etl_dag.py took 0.172 seconds
[2026-03-27T06:13:49.364+0000] {processor.py:161} INFO - Started process (PID=2787) to work on /opt/airflow/dags/daily_revenue_etl_dag.py
[2026-03-27T06:13:49.365+0000] {processor.py:830} INFO - Processing file /opt/airflow/dags/daily_revenue_etl_dag.py for tasks to queue
[2026-03-27T06:13:49.366+0000] {logging_mixin.py:188} INFO - [2026-03-27T06:13:49.366+0000] {dagbag.py:538} INFO - Filling up the DagBag from /opt/airflow/dags/daily_revenue_etl_dag.py
[2026-03-27T06:13:49.386+0000] {processor.py:840} INFO - DAG(s) 'daily_revenue_etl_dag' retrieved from /opt/airflow/dags/daily_revenue_etl_dag.py
[2026-03-27T06:13:49.410+0000] {logging_mixin.py:188} INFO - [2026-03-27T06:13:49.410+0000] {dag.py:3036} INFO - Sync 1 DAGs
[2026-03-27T06:13:49.432+0000] {logging_mixin.py:188} INFO - [2026-03-27T06:13:49.432+0000] {dag.py:3823} INFO - Setting next_dagrun for daily_revenue_etl_dag to 2026-03-27 00:00:00+00:00, run_after=2026-03-28 00:00:00+00:00
[2026-03-27T06:13:49.454+0000] {processor.py:183} INFO - Processing /opt/airflow/dags/daily_revenue_etl_dag.py took 0.094 seconds
[2026-03-27T06:14:19.563+0000] {processor.py:161} INFO - Started process (PID=2792) to work on /opt/airflow/dags/daily_revenue_etl_dag.py
[2026-03-27T06:14:19.567+0000] {processor.py:830} INFO - Processing file /opt/airflow/dags/daily_revenue_etl_dag.py for tasks to queue
[2026-03-27T06:14:19.569+0000] {logging_mixin.py:188} INFO - [2026-03-27T06:14:19.569+0000] {dagbag.py:538} INFO - Filling up the DagBag from /opt/airflow/dags/daily_revenue_etl_dag.py
[2026-03-27T06:14:19.643+0000] {processor.py:840} INFO - DAG(s) 'daily_revenue_etl_dag' retrieved from /opt/airflow/dags/daily_revenue_etl_dag.py
[2026-03-27T06:14:19.713+0000] {logging_mixin.py:188} INFO - [2026-03-27T06:14:19.712+0000] {dag.py:3036} INFO - Sync 1 DAGs
[2026-03-27T06:14:19.753+0000] {logging_mixin.py:188} INFO - [2026-03-27T06:14:19.752+0000] {dag.py:3823} INFO - Setting next_dagrun for daily_revenue_etl_dag to 2026-03-27 00:00:00+00:00, run_after=2026-03-28 00:00:00+00:00
[2026-03-27T06:14:19.820+0000] {processor.py:183} INFO - Processing /opt/airflow/dags/daily_revenue_etl_dag.py took 0.265 seconds
[2026-03-27T06:37:53.005+0000] {processor.py:161} INFO - Started process (PID=2797) to work on /opt/airflow/dags/daily_revenue_etl_dag.py
[2026-03-27T06:37:53.008+0000] {processor.py:830} INFO - Processing file /opt/airflow/dags/daily_revenue_etl_dag.py for tasks to queue
[2026-03-27T06:37:53.010+0000] {logging_mixin.py:188} INFO - [2026-03-27T06:37:53.010+0000] {dagbag.py:538} INFO - Filling up the DagBag from /opt/airflow/dags/daily_revenue_etl_dag.py
[2026-03-27T06:37:53.051+0000] {processor.py:840} INFO - DAG(s) 'daily_revenue_etl_dag' retrieved from /opt/airflow/dags/daily_revenue_etl_dag.py
[2026-03-27T06:37:53.118+0000] {logging_mixin.py:188} INFO - [2026-03-27T06:37:53.117+0000] {dag.py:3036} INFO - Sync 1 DAGs
[2026-03-27T06:37:53.164+0000] {logging_mixin.py:188} INFO - [2026-03-27T06:37:53.164+0000] {dag.py:3823} INFO - Setting next_dagrun for daily_revenue_etl_dag to 2026-03-27 00:00:00+00:00, run_after=2026-03-28 00:00:00+00:00
[2026-03-27T06:14:20.890+0000] {processor.py:183} INFO - Processing /opt/airflow/dags/daily_revenue_etl_dag.py took 0.214 seconds
[2026-03-27T06:38:21.356+0000] {processor.py:161} INFO - Started process (PID=2802) to work on /opt/airflow/dags/daily_revenue_etl_dag.py
[2026-03-27T06:38:21.357+0000] {processor.py:830} INFO - Processing file /opt/airflow/dags/daily_revenue_etl_dag.py for tasks to queue
[2026-03-27T06:38:21.358+0000] {logging_mixin.py:188} INFO - [2026-03-27T06:38:21.358+0000] {dagbag.py:538} INFO - Filling up the DagBag from /opt/airflow/dags/daily_revenue_etl_dag.py
[2026-03-27T06:14:49.060+0000] {processor.py:840} INFO - DAG(s) 'daily_revenue_etl_dag' retrieved from /opt/airflow/dags/daily_revenue_etl_dag.py
[2026-03-27T06:14:49.088+0000] {logging_mixin.py:188} INFO - [2026-03-27T06:14:49.088+0000] {dag.py:3036} INFO - Sync 1 DAGs
[2026-03-27T06:14:49.111+0000] {logging_mixin.py:188} INFO - [2026-03-27T06:14:49.111+0000] {dag.py:3823} INFO - Setting next_dagrun for daily_revenue_etl_dag to 2026-03-27 00:00:00+00:00, run_after=2026-03-28 00:00:00+00:00
[2026-03-27T06:14:49.131+0000] {processor.py:183} INFO - Processing /opt/airflow/dags/daily_revenue_etl_dag.py took 0.093 seconds
[2026-03-27T06:15:19.224+0000] {processor.py:161} INFO - Started process (PID=2807) to work on /opt/airflow/dags/daily_revenue_etl_dag.py
[2026-03-27T06:15:19.225+0000] {processor.py:830} INFO - Processing file /opt/airflow/dags/daily_revenue_etl_dag.py for tasks to queue
[2026-03-27T06:15:19.225+0000] {logging_mixin.py:188} INFO - [2026-03-27T06:15:19.225+0000] {dagbag.py:538} INFO - Filling up the DagBag from /opt/airflow/dags/daily_revenue_etl_dag.py
[2026-03-27T06:15:19.243+0000] {processor.py:840} INFO - DAG(s) 'daily_revenue_etl_dag' retrieved from /opt/airflow/dags/daily_revenue_etl_dag.py
[2026-03-27T06:15:19.266+0000] {logging_mixin.py:188} INFO - [2026-03-27T06:15:19.266+0000] {dag.py:3036} INFO - Sync 1 DAGs
[2026-03-27T06:15:19.286+0000] {logging_mixin.py:188} INFO - [2026-03-27T06:15:19.286+0000] {dag.py:3823} INFO - Setting next_dagrun for daily_revenue_etl_dag to 2026-03-27 00:00:00+00:00, run_after=2026-03-28 00:00:00+00:00
[2026-03-27T06:15:19.304+0000] {processor.py:183} INFO - Processing /opt/airflow/dags/daily_revenue_etl_dag.py took 0.084 seconds
[2026-03-27T06:15:49.499+0000] {processor.py:161} INFO - Started process (PID=2812) to work on /opt/airflow/dags/daily_revenue_etl_dag.py
[2026-03-27T06:15:49.500+0000] {processor.py:830} INFO - Processing file /opt/airflow/dags/daily_revenue_etl_dag.py for tasks to queue
[2026-03-27T06:15:49.501+0000] {logging_mixin.py:188} INFO - [2026-03-27T06:15:49.501+0000] {dagbag.py:538} INFO - Filling up the DagBag from /opt/airflow/dags/daily_revenue_etl_dag.py
[2026-03-27T06:15:49.518+0000] {processor.py:840} INFO - DAG(s) 'daily_revenue_etl_dag' retrieved from /opt/airflow/dags/daily_revenue_etl_dag.py
[2026-03-27T06:15:49.540+0000] {logging_mixin.py:188} INFO - [2026-03-27T06:15:49.539+0000] {dag.py:3036} INFO - Sync 1 DAGs
[2026-03-27T06:15:49.559+0000] {logging_mixin.py:188} INFO - [2026-03-27T06:15:49.559+0000] {dag.py:3823} INFO - Setting next_dagrun for daily_revenue_etl_dag to 2026-03-27 00:00:00+00:00, run_after=2026-03-28 00:00:00+00:00
[2026-03-27T06:15:49.576+0000] {processor.py:183} INFO - Processing /opt/airflow/dags/daily_revenue_etl_dag.py took 0.079 seconds
[2026-03-27T06:16:19.687+0000] {processor.py:161} INFO - Started process (PID=2817) to work on /opt/airflow/dags/daily_revenue_etl_dag.py
[2026-03-27T06:16:19.688+0000] {processor.py:830} INFO - Processing file /opt/airflow/dags/daily_revenue_etl_dag.py for tasks to queue
[2026-03-27T06:16:19.689+0000] {logging_mixin.py:188} INFO - [2026-03-27T06:16:19.689+0000] {dagbag.py:538} INFO - Filling up the DagBag from /opt/airflow/dags/daily_revenue_etl_dag.py
[2026-03-27T06:16:19.706+0000] {processor.py:840} INFO - DAG(s) 'daily_revenue_etl_dag' retrieved from /opt/airflow/dags/daily_revenue_etl_dag.py
[2026-03-27T06:16:19.729+0000] {logging_mixin.py:188} INFO - [2026-03-27T06:16:19.728+0000] {dag.py:3036} INFO - Sync 1 DAGs
[2026-03-27T06:16:19.748+0000] {logging_mixin.py:188} INFO - [2026-03-27T06:16:19.748+0000] {dag.py:3823} INFO - Setting next_dagrun for daily_revenue_etl_dag to 2026-03-27 00:00:00+00:00, run_after=2026-03-28 00:00:00+00:00
[2026-03-27T06:16:19.766+0000] {processor.py:183} INFO - Processing /opt/airflow/dags/daily_revenue_etl_dag.py took 0.082 seconds
[2026-03-27T06:40:21.256+0000] {processor.py:161} INFO - Started process (PID=2822) to work on /opt/airflow/dags/daily_revenue_etl_dag.py
[2026-03-27T06:40:21.259+0000] {processor.py:830} INFO - Processing file /opt/airflow/dags/daily_revenue_etl_dag.py for tasks to queue
[2026-03-27T06:40:21.261+0000] {logging_mixin.py:188} INFO - [2026-03-27T06:40:21.260+0000] {dagbag.py:538} INFO - Filling up the DagBag from /opt/airflow/dags/daily_revenue_etl_dag.py
[2026-03-27T06:40:21.293+0000] {processor.py:840} INFO - DAG(s) 'daily_revenue_etl_dag' retrieved from /opt/airflow/dags/daily_revenue_etl_dag.py
[2026-03-27T06:40:21.331+0000] {logging_mixin.py:188} INFO - [2026-03-27T06:40:21.330+0000] {dag.py:3036} INFO - Sync 1 DAGs
[2026-03-27T06:40:21.370+0000] {logging_mixin.py:188} INFO - [2026-03-27T06:40:21.369+0000] {dag.py:3823} INFO - Setting next_dagrun for daily_revenue_etl_dag to 2026-03-27 00:00:00+00:00, run_after=2026-03-28 00:00:00+00:00
[2026-03-27T06:16:49.087+0000] {processor.py:183} INFO - Processing /opt/airflow/dags/daily_revenue_etl_dag.py took 0.150 seconds
[2026-03-27T06:40:23.286+0000] {processor.py:161} INFO - Started process (PID=2827) to work on /opt/airflow/dags/daily_revenue_etl_dag.py
[2026-03-27T06:40:23.287+0000] {processor.py:830} INFO - Processing file /opt/airflow/dags/daily_revenue_etl_dag.py for tasks to queue
[2026-03-27T06:40:23.288+0000] {logging_mixin.py:188} INFO - [2026-03-27T06:40:23.287+0000] {dagbag.py:538} INFO - Filling up the DagBag from /opt/airflow/dags/daily_revenue_etl_dag.py
[2026-03-27T06:40:23.305+0000] {processor.py:840} INFO - DAG(s) 'daily_revenue_etl_dag' retrieved from /opt/airflow/dags/daily_revenue_etl_dag.py
[2026-03-27T06:40:23.328+0000] {logging_mixin.py:188} INFO - [2026-03-27T06:40:23.328+0000] {dag.py:3036} INFO - Sync 1 DAGs
[2026-03-27T06:40:23.347+0000] {logging_mixin.py:188} INFO - [2026-03-27T06:40:23.347+0000] {dag.py:3823} INFO - Setting next_dagrun for daily_revenue_etl_dag to 2026-03-27 00:00:00+00:00, run_after=2026-03-28 00:00:00+00:00
[2026-03-27T06:40:23.363+0000] {processor.py:183} INFO - Processing /opt/airflow/dags/daily_revenue_etl_dag.py took 0.081 seconds
[2026-03-27T06:40:53.466+0000] {processor.py:161} INFO - Started process (PID=2832) to work on /opt/airflow/dags/daily_revenue_etl_dag.py
[2026-03-27T06:40:53.467+0000] {processor.py:830} INFO - Processing file /opt/airflow/dags/daily_revenue_etl_dag.py for tasks to queue
[2026-03-27T06:40:53.468+0000] {logging_mixin.py:188} INFO - [2026-03-27T06:40:53.468+0000] {dagbag.py:538} INFO - Filling up the DagBag from /opt/airflow/dags/daily_revenue_etl_dag.py
[2026-03-27T06:17:21.171+0000] {processor.py:840} INFO - DAG(s) 'daily_revenue_etl_dag' retrieved from /opt/airflow/dags/daily_revenue_etl_dag.py
[2026-03-27T06:17:21.193+0000] {logging_mixin.py:188} INFO - [2026-03-27T06:17:21.193+0000] {dag.py:3036} INFO - Sync 1 DAGs
[2026-03-27T06:17:21.212+0000] {logging_mixin.py:188} INFO - [2026-03-27T06:17:21.212+0000] {dag.py:3823} INFO - Setting next_dagrun for daily_revenue_etl_dag to 2026-03-27 00:00:00+00:00, run_after=2026-03-28 00:00:00+00:00
[2026-03-27T06:17:21.262+0000] {processor.py:183} INFO - Processing /opt/airflow/dags/daily_revenue_etl_dag.py took 0.115 seconds
[2026-03-27T06:17:51.407+0000] {processor.py:161} INFO - Started process (PID=2837) to work on /opt/airflow/dags/daily_revenue_etl_dag.py
[2026-03-27T06:17:51.409+0000] {processor.py:830} INFO - Processing file /opt/airflow/dags/daily_revenue_etl_dag.py for tasks to queue
[2026-03-27T06:17:51.410+0000] {logging_mixin.py:188} INFO - [2026-03-27T06:17:51.409+0000] {dagbag.py:538} INFO - Filling up the DagBag from /opt/airflow/dags/daily_revenue_etl_dag.py
[2026-03-27T06:17:51.428+0000] {processor.py:840} INFO - DAG(s) 'daily_revenue_etl_dag' retrieved from /opt/airflow/dags/daily_revenue_etl_dag.py
[2026-03-27T06:17:51.450+0000] {logging_mixin.py:188} INFO - [2026-03-27T06:17:51.450+0000] {dag.py:3036} INFO - Sync 1 DAGs
[2026-03-27T06:17:51.469+0000] {logging_mixin.py:188} INFO - [2026-03-27T06:17:51.469+0000] {dag.py:3823} INFO - Setting next_dagrun for daily_revenue_etl_dag to 2026-03-27 00:00:00+00:00, run_after=2026-03-28 00:00:00+00:00
[2026-03-27T06:17:51.485+0000] {processor.py:183} INFO - Processing /opt/airflow/dags/daily_revenue_etl_dag.py took 0.081 seconds
[2026-03-27T06:18:21.616+0000] {processor.py:161} INFO - Started process (PID=2842) to work on /opt/airflow/dags/daily_revenue_etl_dag.py
[2026-03-27T06:18:21.617+0000] {processor.py:830} INFO - Processing file /opt/airflow/dags/daily_revenue_etl_dag.py for tasks to queue
[2026-03-27T06:18:21.618+0000] {logging_mixin.py:188} INFO - [2026-03-27T06:18:21.618+0000] {dagbag.py:538} INFO - Filling up the DagBag from /opt/airflow/dags/daily_revenue_etl_dag.py
[2026-03-27T06:18:21.635+0000] {processor.py:840} INFO - DAG(s) 'daily_revenue_etl_dag' retrieved from /opt/airflow/dags/daily_revenue_etl_dag.py
[2026-03-27T06:18:21.658+0000] {logging_mixin.py:188} INFO - [2026-03-27T06:18:21.658+0000] {dag.py:3036} INFO - Sync 1 DAGs
[2026-03-27T06:18:21.677+0000] {logging_mixin.py:188} INFO - [2026-03-27T06:18:21.677+0000] {dag.py:3823} INFO - Setting next_dagrun for daily_revenue_etl_dag to 2026-03-27 00:00:00+00:00, run_after=2026-03-28 00:00:00+00:00
[2026-03-27T06:18:21.692+0000] {processor.py:183} INFO - Processing /opt/airflow/dags/daily_revenue_etl_dag.py took 0.080 seconds
[2026-03-27T06:18:51.838+0000] {processor.py:161} INFO - Started process (PID=2847) to work on /opt/airflow/dags/daily_revenue_etl_dag.py
[2026-03-27T06:18:51.839+0000] {processor.py:830} INFO - Processing file /opt/airflow/dags/daily_revenue_etl_dag.py for tasks to queue
[2026-03-27T06:18:51.840+0000] {logging_mixin.py:188} INFO - [2026-03-27T06:18:51.840+0000] {dagbag.py:538} INFO - Filling up the DagBag from /opt/airflow/dags/daily_revenue_etl_dag.py
[2026-03-27T06:18:51.859+0000] {processor.py:840} INFO - DAG(s) 'daily_revenue_etl_dag' retrieved from /opt/airflow/dags/daily_revenue_etl_dag.py
[2026-03-27T06:18:51.887+0000] {logging_mixin.py:188} INFO - [2026-03-27T06:18:51.887+0000] {dag.py:3036} INFO - Sync 1 DAGs
[2026-03-27T06:18:51.908+0000] {logging_mixin.py:188} INFO - [2026-03-27T06:18:51.908+0000] {dag.py:3823} INFO - Setting next_dagrun for daily_revenue_etl_dag to 2026-03-27 00:00:00+00:00, run_after=2026-03-28 00:00:00+00:00
[2026-03-27T06:18:51.926+0000] {processor.py:183} INFO - Processing /opt/airflow/dags/daily_revenue_etl_dag.py took 0.091 seconds
[2026-03-27T06:42:51.347+0000] {processor.py:161} INFO - Started process (PID=2852) to work on /opt/airflow/dags/daily_revenue_etl_dag.py
[2026-03-27T06:42:51.348+0000] {processor.py:830} INFO - Processing file /opt/airflow/dags/daily_revenue_etl_dag.py for tasks to queue
[2026-03-27T06:42:51.349+0000] {logging_mixin.py:188} INFO - [2026-03-27T06:42:51.349+0000] {dagbag.py:538} INFO - Filling up the DagBag from /opt/airflow/dags/daily_revenue_etl_dag.py
[2026-03-27T06:42:51.373+0000] {processor.py:840} INFO - DAG(s) 'daily_revenue_etl_dag' retrieved from /opt/airflow/dags/daily_revenue_etl_dag.py
[2026-03-27T06:19:19.097+0000] {logging_mixin.py:188} INFO - [2026-03-27T06:19:19.097+0000] {dag.py:3036} INFO - Sync 1 DAGs
[2026-03-27T06:19:19.134+0000] {logging_mixin.py:188} INFO - [2026-03-27T06:19:19.133+0000] {dag.py:3823} INFO - Setting next_dagrun for daily_revenue_etl_dag to 2026-03-27 00:00:00+00:00, run_after=2026-03-28 00:00:00+00:00
[2026-03-27T06:19:19.166+0000] {processor.py:183} INFO - Processing /opt/airflow/dags/daily_revenue_etl_dag.py took 0.134 seconds
[2026-03-27T06:42:53.537+0000] {processor.py:161} INFO - Started process (PID=2857) to work on /opt/airflow/dags/daily_revenue_etl_dag.py
[2026-03-27T06:42:53.538+0000] {processor.py:830} INFO - Processing file /opt/airflow/dags/daily_revenue_etl_dag.py for tasks to queue
[2026-03-27T06:42:53.540+0000] {logging_mixin.py:188} INFO - [2026-03-27T06:42:53.539+0000] {dagbag.py:538} INFO - Filling up the DagBag from /opt/airflow/dags/daily_revenue_etl_dag.py
[2026-03-27T06:42:53.557+0000] {processor.py:840} INFO - DAG(s) 'daily_revenue_etl_dag' retrieved from /opt/airflow/dags/daily_revenue_etl_dag.py
[2026-03-27T06:42:53.584+0000] {logging_mixin.py:188} INFO - [2026-03-27T06:42:53.584+0000] {dag.py:3036} INFO - Sync 1 DAGs
[2026-03-27T06:42:53.603+0000] {logging_mixin.py:188} INFO - [2026-03-27T06:42:53.603+0000] {dag.py:3823} INFO - Setting next_dagrun for daily_revenue_etl_dag to 2026-03-27 00:00:00+00:00, run_after=2026-03-28 00:00:00+00:00
[2026-03-27T06:42:53.618+0000] {processor.py:183} INFO - Processing /opt/airflow/dags/daily_revenue_etl_dag.py took 0.085 seconds
[2026-03-27T06:43:23.708+0000] {processor.py:161} INFO - Started process (PID=2862) to work on /opt/airflow/dags/daily_revenue_etl_dag.py
[2026-03-27T06:43:23.709+0000] {processor.py:830} INFO - Processing file /opt/airflow/dags/daily_revenue_etl_dag.py for tasks to queue
[2026-03-27T06:43:23.710+0000] {logging_mixin.py:188} INFO - [2026-03-27T06:43:23.710+0000] {dagbag.py:538} INFO - Filling up the DagBag from /opt/airflow/dags/daily_revenue_etl_dag.py
[2026-03-27T06:19:51.421+0000] {processor.py:840} INFO - DAG(s) 'daily_revenue_etl_dag' retrieved from /opt/airflow/dags/daily_revenue_etl_dag.py
[2026-03-27T06:19:51.450+0000] {logging_mixin.py:188} INFO - [2026-03-27T06:19:51.450+0000] {dag.py:3036} INFO - Sync 1 DAGs
[2026-03-27T06:19:51.476+0000] {logging_mixin.py:188} INFO - [2026-03-27T06:19:51.475+0000] {dag.py:3823} INFO - Setting next_dagrun for daily_revenue_etl_dag to 2026-03-27 00:00:00+00:00, run_after=2026-03-28 00:00:00+00:00
[2026-03-27T06:19:51.497+0000] {processor.py:183} INFO - Processing /opt/airflow/dags/daily_revenue_etl_dag.py took 0.103 seconds
[2026-03-27T06:43:33.895+0000] {processor.py:161} INFO - Started process (PID=2868) to work on /opt/airflow/dags/daily_revenue_etl_dag.py
[2026-03-27T06:43:33.898+0000] {processor.py:830} INFO - Processing file /opt/airflow/dags/daily_revenue_etl_dag.py for tasks to queue
[2026-03-27T06:43:33.900+0000] {logging_mixin.py:188} INFO - [2026-03-27T06:43:33.900+0000] {dagbag.py:538} INFO - Filling up the DagBag from /opt/airflow/dags/daily_revenue_etl_dag.py
[2026-03-27T06:43:33.944+0000] {processor.py:840} INFO - DAG(s) 'daily_revenue_etl_dag' retrieved from /opt/airflow/dags/daily_revenue_etl_dag.py
[2026-03-27T06:43:33.998+0000] {logging_mixin.py:188} INFO - [2026-03-27T06:43:33.997+0000] {dag.py:3036} INFO - Sync 1 DAGs
[2026-03-27T06:43:34.033+0000] {logging_mixin.py:188} INFO - [2026-03-27T06:43:34.032+0000] {dag.py:3823} INFO - Setting next_dagrun for daily_revenue_etl_dag to 2026-03-27 00:00:00+00:00, run_after=2026-03-28 00:00:00+00:00
[2026-03-27T06:43:34.071+0000] {processor.py:183} INFO - Processing /opt/airflow/dags/daily_revenue_etl_dag.py took 0.182 seconds
[2026-03-27T06:44:04.300+0000] {processor.py:161} INFO - Started process (PID=2874) to work on /opt/airflow/dags/daily_revenue_etl_dag.py
[2026-03-27T06:44:04.302+0000] {processor.py:830} INFO - Processing file /opt/airflow/dags/daily_revenue_etl_dag.py for tasks to queue
[2026-03-27T06:44:04.303+0000] {logging_mixin.py:188} INFO - [2026-03-27T06:44:04.302+0000] {dagbag.py:538} INFO - Filling up the DagBag from /opt/airflow/dags/daily_revenue_etl_dag.py
[2026-03-27T06:44:04.323+0000] {processor.py:840} INFO - DAG(s) 'daily_revenue_etl_dag' retrieved from /opt/airflow/dags/daily_revenue_etl_dag.py
[2026-03-27T06:44:04.352+0000] {logging_mixin.py:188} INFO - [2026-03-27T06:44:04.352+0000] {dag.py:3036} INFO - Sync 1 DAGs
[2026-03-27T06:44:04.374+0000] {logging_mixin.py:188} INFO - [2026-03-27T06:44:04.374+0000] {dag.py:3823} INFO - Setting next_dagrun for daily_revenue_etl_dag to 2026-03-27 00:00:00+00:00, run_after=2026-03-28 00:00:00+00:00
[2026-03-27T06:44:04.392+0000] {processor.py:183} INFO - Processing /opt/airflow/dags/daily_revenue_etl_dag.py took 0.095 seconds
[2026-03-27T06:44:34.477+0000] {processor.py:161} INFO - Started process (PID=2879) to work on /opt/airflow/dags/daily_revenue_etl_dag.py
[2026-03-27T06:44:34.478+0000] {processor.py:830} INFO - Processing file /opt/airflow/dags/daily_revenue_etl_dag.py for tasks to queue
[2026-03-27T06:44:34.479+0000] {logging_mixin.py:188} INFO - [2026-03-27T06:44:34.479+0000] {dagbag.py:538} INFO - Filling up the DagBag from /opt/airflow/dags/daily_revenue_etl_dag.py
[2026-03-27T06:44:34.495+0000] {processor.py:840} INFO - DAG(s) 'daily_revenue_etl_dag' retrieved from /opt/airflow/dags/daily_revenue_etl_dag.py
[2026-03-27T06:44:34.518+0000] {logging_mixin.py:188} INFO - [2026-03-27T06:44:34.518+0000] {dag.py:3036} INFO - Sync 1 DAGs
[2026-03-27T06:44:34.540+0000] {logging_mixin.py:188} INFO - [2026-03-27T06:44:34.540+0000] {dag.py:3823} INFO - Setting next_dagrun for daily_revenue_etl_dag to 2026-03-27 00:00:00+00:00, run_after=2026-03-28 00:00:00+00:00
[2026-03-27T06:44:34.558+0000] {processor.py:183} INFO - Processing /opt/airflow/dags/daily_revenue_etl_dag.py took 0.084 seconds
[2026-03-27T06:45:04.743+0000] {processor.py:161} INFO - Started process (PID=2884) to work on /opt/airflow/dags/daily_revenue_etl_dag.py
[2026-03-27T06:45:04.744+0000] {processor.py:830} INFO - Processing file /opt/airflow/dags/daily_revenue_etl_dag.py for tasks to queue
[2026-03-27T06:45:04.745+0000] {logging_mixin.py:188} INFO - [2026-03-27T06:45:04.744+0000] {dagbag.py:538} INFO - Filling up the DagBag from /opt/airflow/dags/daily_revenue_etl_dag.py
[2026-03-27T06:45:04.762+0000] {processor.py:840} INFO - DAG(s) 'daily_revenue_etl_dag' retrieved from /opt/airflow/dags/daily_revenue_etl_dag.py
[2026-03-27T06:45:04.783+0000] {logging_mixin.py:188} INFO - [2026-03-27T06:45:04.782+0000] {dag.py:3036} INFO - Sync 1 DAGs
[2026-03-27T06:45:04.800+0000] {logging_mixin.py:188} INFO - [2026-03-27T06:45:04.799+0000] {dag.py:3823} INFO - Setting next_dagrun for daily_revenue_etl_dag to 2026-03-27 00:00:00+00:00, run_after=2026-03-28 00:00:00+00:00
[2026-03-27T06:45:04.818+0000] {processor.py:183} INFO - Processing /opt/airflow/dags/daily_revenue_etl_dag.py took 0.078 seconds
[2026-03-27T06:45:38.954+0000] {processor.py:161} INFO - Started process (PID=2889) to work on /opt/airflow/dags/daily_revenue_etl_dag.py
[2026-03-27T06:45:38.955+0000] {processor.py:830} INFO - Processing file /opt/airflow/dags/daily_revenue_etl_dag.py for tasks to queue
[2026-03-27T06:45:38.956+0000] {logging_mixin.py:188} INFO - [2026-03-27T06:45:38.956+0000] {dagbag.py:538} INFO - Filling up the DagBag from /opt/airflow/dags/daily_revenue_etl_dag.py
[2026-03-27T06:45:38.972+0000] {processor.py:840} INFO - DAG(s) 'daily_revenue_etl_dag' retrieved from /opt/airflow/dags/daily_revenue_etl_dag.py
[2026-03-27T06:45:38.994+0000] {logging_mixin.py:188} INFO - [2026-03-27T06:45:38.993+0000] {dag.py:3036} INFO - Sync 1 DAGs
[2026-03-27T06:45:39.012+0000] {logging_mixin.py:188} INFO - [2026-03-27T06:45:39.011+0000] {dag.py:3823} INFO - Setting next_dagrun for daily_revenue_etl_dag to 2026-03-27 00:00:00+00:00, run_after=2026-03-28 00:00:00+00:00
[2026-03-27T06:45:39.027+0000] {processor.py:183} INFO - Processing /opt/airflow/dags/daily_revenue_etl_dag.py took 0.077 seconds
[2026-03-27T06:46:09.207+0000] {processor.py:161} INFO - Started process (PID=2894) to work on /opt/airflow/dags/daily_revenue_etl_dag.py
[2026-03-27T06:46:09.208+0000] {processor.py:830} INFO - Processing file /opt/airflow/dags/daily_revenue_etl_dag.py for tasks to queue
[2026-03-27T06:46:09.209+0000] {logging_mixin.py:188} INFO - [2026-03-27T06:46:09.209+0000] {dagbag.py:538} INFO - Filling up the DagBag from /opt/airflow/dags/daily_revenue_etl_dag.py
[2026-03-27T06:46:09.225+0000] {processor.py:840} INFO - DAG(s) 'daily_revenue_etl_dag' retrieved from /opt/airflow/dags/daily_revenue_etl_dag.py
[2026-03-27T06:46:09.246+0000] {logging_mixin.py:188} INFO - [2026-03-27T06:46:09.246+0000] {dag.py:3036} INFO - Sync 1 DAGs
[2026-03-27T06:46:09.263+0000] {logging_mixin.py:188} INFO - [2026-03-27T06:46:09.263+0000] {dag.py:3823} INFO - Setting next_dagrun for daily_revenue_etl_dag to 2026-03-27 00:00:00+00:00, run_after=2026-03-28 00:00:00+00:00
[2026-03-27T06:46:09.279+0000] {processor.py:183} INFO - Processing /opt/airflow/dags/daily_revenue_etl_dag.py took 0.075 seconds
[2026-03-27T06:46:39.402+0000] {processor.py:161} INFO - Started process (PID=2899) to work on /opt/airflow/dags/daily_revenue_etl_dag.py
[2026-03-27T06:46:39.403+0000] {processor.py:830} INFO - Processing file /opt/airflow/dags/daily_revenue_etl_dag.py for tasks to queue
[2026-03-27T06:46:39.404+0000] {logging_mixin.py:188} INFO - [2026-03-27T06:46:39.404+0000] {dagbag.py:538} INFO - Filling up the DagBag from /opt/airflow/dags/daily_revenue_etl_dag.py
[2026-03-27T06:46:39.422+0000] {processor.py:840} INFO - DAG(s) 'daily_revenue_etl_dag' retrieved from /opt/airflow/dags/daily_revenue_etl_dag.py
[2026-03-27T06:46:39.446+0000] {logging_mixin.py:188} INFO - [2026-03-27T06:46:39.446+0000] {dag.py:3036} INFO - Sync 1 DAGs
[2026-03-27T06:46:39.464+0000] {logging_mixin.py:188} INFO - [2026-03-27T06:46:39.463+0000] {dag.py:3823} INFO - Setting next_dagrun for daily_revenue_etl_dag to 2026-03-27 00:00:00+00:00, run_after=2026-03-28 00:00:00+00:00
[2026-03-27T06:46:39.479+0000] {processor.py:183} INFO - Processing /opt/airflow/dags/daily_revenue_etl_dag.py took 0.081 seconds
[2026-03-27T06:47:09.621+0000] {processor.py:161} INFO - Started process (PID=2904) to work on /opt/airflow/dags/daily_revenue_etl_dag.py
[2026-03-27T06:47:09.622+0000] {processor.py:830} INFO - Processing file /opt/airflow/dags/daily_revenue_etl_dag.py for tasks to queue
[2026-03-27T06:47:09.623+0000] {logging_mixin.py:188} INFO - [2026-03-27T06:47:09.623+0000] {dagbag.py:538} INFO - Filling up the DagBag from /opt/airflow/dags/daily_revenue_etl_dag.py
[2026-03-27T06:47:09.640+0000] {processor.py:840} INFO - DAG(s) 'daily_revenue_etl_dag' retrieved from /opt/airflow/dags/daily_revenue_etl_dag.py
[2026-03-27T06:47:09.662+0000] {logging_mixin.py:188} INFO - [2026-03-27T06:47:09.661+0000] {dag.py:3036} INFO - Sync 1 DAGs
[2026-03-27T06:47:09.680+0000] {logging_mixin.py:188} INFO - [2026-03-27T06:47:09.680+0000] {dag.py:3823} INFO - Setting next_dagrun for daily_revenue_etl_dag to 2026-03-27 00:00:00+00:00, run_after=2026-03-28 00:00:00+00:00
[2026-03-27T06:47:09.698+0000] {processor.py:183} INFO - Processing /opt/airflow/dags/daily_revenue_etl_dag.py took 0.080 seconds
[2026-03-27T06:47:39.821+0000] {processor.py:161} INFO - Started process (PID=2909) to work on /opt/airflow/dags/daily_revenue_etl_dag.py
[2026-03-27T06:47:39.822+0000] {processor.py:830} INFO - Processing file /opt/airflow/dags/daily_revenue_etl_dag.py for tasks to queue
[2026-03-27T06:47:39.823+0000] {logging_mixin.py:188} INFO - [2026-03-27T06:47:39.822+0000] {dagbag.py:538} INFO - Filling up the DagBag from /opt/airflow/dags/daily_revenue_etl_dag.py
[2026-03-27T06:47:39.839+0000] {processor.py:840} INFO - DAG(s) 'daily_revenue_etl_dag' retrieved from /opt/airflow/dags/daily_revenue_etl_dag.py
[2026-03-27T06:47:39.862+0000] {logging_mixin.py:188} INFO - [2026-03-27T06:47:39.862+0000] {dag.py:3036} INFO - Sync 1 DAGs
[2026-03-27T06:47:39.882+0000] {logging_mixin.py:188} INFO - [2026-03-27T06:47:39.882+0000] {dag.py:3823} INFO - Setting next_dagrun for daily_revenue_etl_dag to 2026-03-27 00:00:00+00:00, run_after=2026-03-28 00:00:00+00:00
[2026-03-27T06:47:39.897+0000] {processor.py:183} INFO - Processing /opt/airflow/dags/daily_revenue_etl_dag.py took 0.080 seconds
[2026-03-27T06:48:10.077+0000] {processor.py:161} INFO - Started process (PID=2914) to work on /opt/airflow/dags/daily_revenue_etl_dag.py
[2026-03-27T06:48:10.078+0000] {processor.py:830} INFO - Processing file /opt/airflow/dags/daily_revenue_etl_dag.py for tasks to queue
[2026-03-27T06:48:10.079+0000] {logging_mixin.py:188} INFO - [2026-03-27T06:48:10.078+0000] {dagbag.py:538} INFO - Filling up the DagBag from /opt/airflow/dags/daily_revenue_etl_dag.py
[2026-03-27T06:48:10.096+0000] {processor.py:840} INFO - DAG(s) 'daily_revenue_etl_dag' retrieved from /opt/airflow/dags/daily_revenue_etl_dag.py
[2026-03-27T06:48:10.117+0000] {logging_mixin.py:188} INFO - [2026-03-27T06:48:10.117+0000] {dag.py:3036} INFO - Sync 1 DAGs
[2026-03-27T06:48:10.136+0000] {logging_mixin.py:188} INFO - [2026-03-27T06:48:10.136+0000] {dag.py:3823} INFO - Setting next_dagrun for daily_revenue_etl_dag to 2026-03-27 00:00:00+00:00, run_after=2026-03-28 00:00:00+00:00
[2026-03-27T06:48:10.151+0000] {processor.py:183} INFO - Processing /opt/airflow/dags/daily_revenue_etl_dag.py took 0.078 seconds
[2026-03-27T06:48:40.249+0000] {processor.py:161} INFO - Started process (PID=2919) to work on /opt/airflow/dags/daily_revenue_etl_dag.py
[2026-03-27T06:48:40.250+0000] {processor.py:830} INFO - Processing file /opt/airflow/dags/daily_revenue_etl_dag.py for tasks to queue
[2026-03-27T06:48:40.251+0000] {logging_mixin.py:188} INFO - [2026-03-27T06:48:40.251+0000] {dagbag.py:538} INFO - Filling up the DagBag from /opt/airflow/dags/daily_revenue_etl_dag.py
[2026-03-27T06:48:40.268+0000] {processor.py:840} INFO - DAG(s) 'daily_revenue_etl_dag' retrieved from /opt/airflow/dags/daily_revenue_etl_dag.py
[2026-03-27T06:48:40.291+0000] {logging_mixin.py:188} INFO - [2026-03-27T06:48:40.291+0000] {dag.py:3036} INFO - Sync 1 DAGs
[2026-03-27T06:48:40.309+0000] {logging_mixin.py:188} INFO - [2026-03-27T06:48:40.309+0000] {dag.py:3823} INFO - Setting next_dagrun for daily_revenue_etl_dag to 2026-03-27 00:00:00+00:00, run_after=2026-03-28 00:00:00+00:00
[2026-03-27T06:48:40.325+0000] {processor.py:183} INFO - Processing /opt/airflow/dags/daily_revenue_etl_dag.py took 0.079 seconds
[2026-03-27T06:50:55.169+0000] {processor.py:161} INFO - Started process (PID=2925) to work on /opt/airflow/dags/daily_revenue_etl_dag.py
[2026-03-27T06:50:55.172+0000] {processor.py:830} INFO - Processing file /opt/airflow/dags/daily_revenue_etl_dag.py for tasks to queue
[2026-03-27T06:50:55.174+0000] {logging_mixin.py:188} INFO - [2026-03-27T06:50:55.173+0000] {dagbag.py:538} INFO - Filling up the DagBag from /opt/airflow/dags/daily_revenue_etl_dag.py
[2026-03-27T06:50:55.214+0000] {processor.py:840} INFO - DAG(s) 'daily_revenue_etl_dag' retrieved from /opt/airflow/dags/daily_revenue_etl_dag.py
[2026-03-27T06:50:55.283+0000] {logging_mixin.py:188} INFO - [2026-03-27T06:50:55.283+0000] {dag.py:3036} INFO - Sync 1 DAGs
[2026-03-27T06:50:55.330+0000] {logging_mixin.py:188} INFO - [2026-03-27T06:50:55.329+0000] {dag.py:3823} INFO - Setting next_dagrun for daily_revenue_etl_dag to 2026-03-27 00:00:00+00:00, run_after=2026-03-28 00:00:00+00:00
[2026-03-27T06:50:55.380+0000] {processor.py:183} INFO - Processing /opt/airflow/dags/daily_revenue_etl_dag.py took 0.217 seconds
[2026-03-27T06:51:29.387+0000] {processor.py:161} INFO - Started process (PID=2930) to work on /opt/airflow/dags/daily_revenue_etl_dag.py
[2026-03-27T06:51:29.388+0000] {processor.py:830} INFO - Processing file /opt/airflow/dags/daily_revenue_etl_dag.py for tasks to queue
[2026-03-27T06:51:29.389+0000] {logging_mixin.py:188} INFO - [2026-03-27T06:51:29.389+0000] {dagbag.py:538} INFO - Filling up the DagBag from /opt/airflow/dags/daily_revenue_etl_dag.py
[2026-03-27T06:51:29.406+0000] {processor.py:840} INFO - DAG(s) 'daily_revenue_etl_dag' retrieved from /opt/airflow/dags/daily_revenue_etl_dag.py
[2026-03-27T06:51:29.431+0000] {logging_mixin.py:188} INFO - [2026-03-27T06:51:29.430+0000] {dag.py:3036} INFO - Sync 1 DAGs
[2026-03-27T06:51:29.454+0000] {logging_mixin.py:188} INFO - [2026-03-27T06:51:29.454+0000] {dag.py:3823} INFO - Setting next_dagrun for daily_revenue_etl_dag to 2026-03-27 00:00:00+00:00, run_after=2026-03-28 00:00:00+00:00
[2026-03-27T06:51:29.474+0000] {processor.py:183} INFO - Processing /opt/airflow/dags/daily_revenue_etl_dag.py took 0.091 seconds
[2026-03-27T06:51:59.580+0000] {processor.py:161} INFO - Started process (PID=2936) to work on /opt/airflow/dags/daily_revenue_etl_dag.py
[2026-03-27T06:51:59.581+0000] {processor.py:830} INFO - Processing file /opt/airflow/dags/daily_revenue_etl_dag.py for tasks to queue
[2026-03-27T06:51:59.583+0000] {logging_mixin.py:188} INFO - [2026-03-27T06:51:59.582+0000] {dagbag.py:538} INFO - Filling up the DagBag from /opt/airflow/dags/daily_revenue_etl_dag.py
[2026-03-27T06:51:59.599+0000] {processor.py:840} INFO - DAG(s) 'daily_revenue_etl_dag' retrieved from /opt/airflow/dags/daily_revenue_etl_dag.py
[2026-03-27T06:28:27.315+0000] {logging_mixin.py:188} INFO - [2026-03-27T06:28:27.315+0000] {dag.py:3036} INFO - Sync 1 DAGs
[2026-03-27T06:28:27.336+0000] {logging_mixin.py:188} INFO - [2026-03-27T06:28:27.336+0000] {dag.py:3823} INFO - Setting next_dagrun for daily_revenue_etl_dag to 2026-03-27 00:00:00+00:00, run_after=2026-03-28 00:00:00+00:00
[2026-03-27T06:28:27.351+0000] {processor.py:183} INFO - Processing /opt/airflow/dags/daily_revenue_etl_dag.py took 0.082 seconds
[2026-03-27T06:28:47.413+0000] {processor.py:161} INFO - Started process (PID=2941) to work on /opt/airflow/dags/daily_revenue_etl_dag.py
[2026-03-27T06:28:47.414+0000] {processor.py:830} INFO - Processing file /opt/airflow/dags/daily_revenue_etl_dag.py for tasks to queue
[2026-03-27T06:28:47.415+0000] {logging_mixin.py:188} INFO - [2026-03-27T06:28:47.415+0000] {dagbag.py:538} INFO - Filling up the DagBag from /opt/airflow/dags/daily_revenue_etl_dag.py
[2026-03-27T06:28:47.433+0000] {processor.py:840} INFO - DAG(s) 'daily_revenue_etl_dag' retrieved from /opt/airflow/dags/daily_revenue_etl_dag.py
[2026-03-27T06:28:47.458+0000] {logging_mixin.py:188} INFO - [2026-03-27T06:28:47.458+0000] {dag.py:3036} INFO - Sync 1 DAGs
[2026-03-27T06:28:47.476+0000] {logging_mixin.py:188} INFO - [2026-03-27T06:28:47.476+0000] {dag.py:3823} INFO - Setting next_dagrun for daily_revenue_etl_dag to 2026-03-27 00:00:00+00:00, run_after=2026-03-28 00:00:00+00:00
[2026-03-27T06:28:47.492+0000] {processor.py:183} INFO - Processing /opt/airflow/dags/daily_revenue_etl_dag.py took 0.081 seconds
[2026-03-27T06:52:24.813+0000] {processor.py:161} INFO - Started process (PID=2946) to work on /opt/airflow/dags/daily_revenue_etl_dag.py
[2026-03-27T06:52:24.814+0000] {processor.py:830} INFO - Processing file /opt/airflow/dags/daily_revenue_etl_dag.py for tasks to queue
[2026-03-27T06:52:24.815+0000] {logging_mixin.py:188} INFO - [2026-03-27T06:52:24.815+0000] {dagbag.py:538} INFO - Filling up the DagBag from /opt/airflow/dags/daily_revenue_etl_dag.py
[2026-03-27T06:28:52.442+0000] {processor.py:840} INFO - DAG(s) 'daily_revenue_etl_dag' retrieved from /opt/airflow/dags/daily_revenue_etl_dag.py
[2026-03-27T06:28:52.466+0000] {logging_mixin.py:188} INFO - [2026-03-27T06:28:52.466+0000] {dag.py:3036} INFO - Sync 1 DAGs
[2026-03-27T06:28:52.485+0000] {logging_mixin.py:188} INFO - [2026-03-27T06:28:52.485+0000] {dag.py:3823} INFO - Setting next_dagrun for daily_revenue_etl_dag to 2026-03-27 00:00:00+00:00, run_after=2026-03-28 00:00:00+00:00
[2026-03-27T06:28:52.504+0000] {processor.py:183} INFO - Processing /opt/airflow/dags/daily_revenue_etl_dag.py took 0.085 seconds
[2026-03-27T06:52:50.068+0000] {processor.py:161} INFO - Started process (PID=2951) to work on /opt/airflow/dags/daily_revenue_etl_dag.py
[2026-03-27T06:52:50.070+0000] {processor.py:830} INFO - Processing file /opt/airflow/dags/daily_revenue_etl_dag.py for tasks to queue
[2026-03-27T06:52:50.072+0000] {logging_mixin.py:188} INFO - [2026-03-27T06:52:50.072+0000] {dagbag.py:538} INFO - Filling up the DagBag from /opt/airflow/dags/daily_revenue_etl_dag.py
[2026-03-27T06:52:50.100+0000] {processor.py:840} INFO - DAG(s) 'daily_revenue_etl_dag' retrieved from /opt/airflow/dags/daily_revenue_etl_dag.py
[2026-03-27T06:52:50.141+0000] {logging_mixin.py:188} INFO - [2026-03-27T06:52:50.140+0000] {dag.py:3036} INFO - Sync 1 DAGs
[2026-03-27T06:52:50.171+0000] {logging_mixin.py:188} INFO - [2026-03-27T06:52:50.171+0000] {dag.py:3823} INFO - Setting next_dagrun for daily_revenue_etl_dag to 2026-03-27 00:00:00+00:00, run_after=2026-03-28 00:00:00+00:00
[2026-03-27T06:52:50.207+0000] {processor.py:183} INFO - Processing /opt/airflow/dags/daily_revenue_etl_dag.py took 0.143 seconds
[2026-03-27T06:53:20.301+0000] {processor.py:161} INFO - Started process (PID=2956) to work on /opt/airflow/dags/daily_revenue_etl_dag.py
[2026-03-27T06:53:20.302+0000] {processor.py:830} INFO - Processing file /opt/airflow/dags/daily_revenue_etl_dag.py for tasks to queue
[2026-03-27T06:53:20.303+0000] {logging_mixin.py:188} INFO - [2026-03-27T06:53:20.302+0000] {dagbag.py:538} INFO - Filling up the DagBag from /opt/airflow/dags/daily_revenue_etl_dag.py
[2026-03-27T06:53:20.319+0000] {processor.py:840} INFO - DAG(s) 'daily_revenue_etl_dag' retrieved from /opt/airflow/dags/daily_revenue_etl_dag.py
[2026-03-27T06:53:20.341+0000] {logging_mixin.py:188} INFO - [2026-03-27T06:53:20.341+0000] {dag.py:3036} INFO - Sync 1 DAGs
[2026-03-27T06:53:20.361+0000] {logging_mixin.py:188} INFO - [2026-03-27T06:53:20.360+0000] {dag.py:3823} INFO - Setting next_dagrun for daily_revenue_etl_dag to 2026-03-27 00:00:00+00:00, run_after=2026-03-28 00:00:00+00:00
[2026-03-27T06:53:20.377+0000] {processor.py:183} INFO - Processing /opt/airflow/dags/daily_revenue_etl_dag.py took 0.079 seconds
[2026-03-27T06:53:51.594+0000] {processor.py:161} INFO - Started process (PID=2961) to work on /opt/airflow/dags/daily_revenue_etl_dag.py
[2026-03-27T06:53:51.595+0000] {processor.py:830} INFO - Processing file /opt/airflow/dags/daily_revenue_etl_dag.py for tasks to queue
[2026-03-27T06:53:51.596+0000] {logging_mixin.py:188} INFO - [2026-03-27T06:53:51.596+0000] {dagbag.py:538} INFO - Filling up the DagBag from /opt/airflow/dags/daily_revenue_etl_dag.py
[2026-03-27T06:53:51.612+0000] {processor.py:840} INFO - DAG(s) 'daily_revenue_etl_dag' retrieved from /opt/airflow/dags/daily_revenue_etl_dag.py
[2026-03-27T06:53:51.632+0000] {logging_mixin.py:188} INFO - [2026-03-27T06:53:51.632+0000] {dag.py:3036} INFO - Sync 1 DAGs
[2026-03-27T06:53:51.650+0000] {logging_mixin.py:188} INFO - [2026-03-27T06:53:51.650+0000] {dag.py:3823} INFO - Setting next_dagrun for daily_revenue_etl_dag to 2026-03-27 00:00:00+00:00, run_after=2026-03-28 00:00:00+00:00
[2026-03-27T06:53:51.666+0000] {processor.py:183} INFO - Processing /opt/airflow/dags/daily_revenue_etl_dag.py took 0.074 seconds
[2026-03-27T06:54:21.802+0000] {processor.py:161} INFO - Started process (PID=2966) to work on /opt/airflow/dags/daily_revenue_etl_dag.py
[2026-03-27T06:54:21.803+0000] {processor.py:830} INFO - Processing file /opt/airflow/dags/daily_revenue_etl_dag.py for tasks to queue
[2026-03-27T06:54:21.804+0000] {logging_mixin.py:188} INFO - [2026-03-27T06:54:21.804+0000] {dagbag.py:538} INFO - Filling up the DagBag from /opt/airflow/dags/daily_revenue_etl_dag.py
[2026-03-27T06:54:21.820+0000] {processor.py:840} INFO - DAG(s) 'daily_revenue_etl_dag' retrieved from /opt/airflow/dags/daily_revenue_etl_dag.py
[2026-03-27T06:54:21.846+0000] {logging_mixin.py:188} INFO - [2026-03-27T06:54:21.845+0000] {dag.py:3036} INFO - Sync 1 DAGs
[2026-03-27T06:54:21.866+0000] {logging_mixin.py:188} INFO - [2026-03-27T06:54:21.866+0000] {dag.py:3823} INFO - Setting next_dagrun for daily_revenue_etl_dag to 2026-03-27 00:00:00+00:00, run_after=2026-03-28 00:00:00+00:00
[2026-03-27T06:54:21.895+0000] {processor.py:183} INFO - Processing /opt/airflow/dags/daily_revenue_etl_dag.py took 0.096 seconds
[2026-03-27T06:54:55.051+0000] {processor.py:161} INFO - Started process (PID=2972) to work on /opt/airflow/dags/daily_revenue_etl_dag.py
[2026-03-27T06:54:55.052+0000] {processor.py:830} INFO - Processing file /opt/airflow/dags/daily_revenue_etl_dag.py for tasks to queue
[2026-03-27T06:54:55.053+0000] {logging_mixin.py:188} INFO - [2026-03-27T06:54:55.052+0000] {dagbag.py:538} INFO - Filling up the DagBag from /opt/airflow/dags/daily_revenue_etl_dag.py
[2026-03-27T06:54:55.075+0000] {processor.py:840} INFO - DAG(s) 'daily_revenue_etl_dag' retrieved from /opt/airflow/dags/daily_revenue_etl_dag.py
[2026-03-27T06:54:55.112+0000] {logging_mixin.py:188} INFO - [2026-03-27T06:54:55.111+0000] {dag.py:3036} INFO - Sync 1 DAGs
[2026-03-27T06:54:55.145+0000] {logging_mixin.py:188} INFO - [2026-03-27T06:54:55.144+0000] {dag.py:3823} INFO - Setting next_dagrun for daily_revenue_etl_dag to 2026-03-27 00:00:00+00:00, run_after=2026-03-28 00:00:00+00:00
[2026-03-27T06:54:55.167+0000] {processor.py:183} INFO - Processing /opt/airflow/dags/daily_revenue_etl_dag.py took 0.119 seconds
[2026-03-27T06:32:19.198+0000] {processor.py:161} INFO - Started process (PID=2977) to work on /opt/airflow/dags/daily_revenue_etl_dag.py
[2026-03-27T06:32:19.200+0000] {processor.py:830} INFO - Processing file /opt/airflow/dags/daily_revenue_etl_dag.py for tasks to queue
[2026-03-27T06:32:19.200+0000] {logging_mixin.py:188} INFO - [2026-03-27T06:32:19.200+0000] {dagbag.py:538} INFO - Filling up the DagBag from /opt/airflow/dags/daily_revenue_etl_dag.py
[2026-03-27T06:32:19.219+0000] {processor.py:840} INFO - DAG(s) 'daily_revenue_etl_dag' retrieved from /opt/airflow/dags/daily_revenue_etl_dag.py
[2026-03-27T06:32:19.241+0000] {logging_mixin.py:188} INFO - [2026-03-27T06:32:19.241+0000] {dag.py:3036} INFO - Sync 1 DAGs
[2026-03-27T06:32:19.260+0000] {logging_mixin.py:188} INFO - [2026-03-27T06:32:19.259+0000] {dag.py:3823} INFO - Setting next_dagrun for daily_revenue_etl_dag to 2026-03-27 00:00:00+00:00, run_after=2026-03-28 00:00:00+00:00
[2026-03-27T06:32:19.276+0000] {processor.py:183} INFO - Processing /opt/airflow/dags/daily_revenue_etl_dag.py took 0.082 seconds
[2026-03-27T06:56:05.677+0000] {processor.py:161} INFO - Started process (PID=2982) to work on /opt/airflow/dags/daily_revenue_etl_dag.py
[2026-03-27T06:56:05.680+0000] {processor.py:830} INFO - Processing file /opt/airflow/dags/daily_revenue_etl_dag.py for tasks to queue
[2026-03-27T06:56:05.682+0000] {logging_mixin.py:188} INFO - [2026-03-27T06:56:05.681+0000] {dagbag.py:538} INFO - Filling up the DagBag from /opt/airflow/dags/daily_revenue_etl_dag.py
[2026-03-27T06:56:05.728+0000] {processor.py:840} INFO - DAG(s) 'daily_revenue_etl_dag' retrieved from /opt/airflow/dags/daily_revenue_etl_dag.py
[2026-03-27T06:56:05.791+0000] {logging_mixin.py:188} INFO - [2026-03-27T06:56:05.790+0000] {dag.py:3036} INFO - Sync 1 DAGs
[2026-03-27T06:56:05.847+0000] {logging_mixin.py:188} INFO - [2026-03-27T06:56:05.846+0000] {dag.py:3823} INFO - Setting next_dagrun for daily_revenue_etl_dag to 2026-03-27 00:00:00+00:00, run_after=2026-03-28 00:00:00+00:00
[2026-03-27T06:56:05.899+0000] {processor.py:183} INFO - Processing /opt/airflow/dags/daily_revenue_etl_dag.py took 0.231 seconds
[2026-03-27T06:56:39.970+0000] {processor.py:161} INFO - Started process (PID=2987) to work on /opt/airflow/dags/daily_revenue_etl_dag.py
[2026-03-27T06:56:39.971+0000] {processor.py:830} INFO - Processing file /opt/airflow/dags/daily_revenue_etl_dag.py for tasks to queue
[2026-03-27T06:56:39.972+0000] {logging_mixin.py:188} INFO - [2026-03-27T06:56:39.971+0000] {dagbag.py:538} INFO - Filling up the DagBag from /opt/airflow/dags/daily_revenue_etl_dag.py
[2026-03-27T06:56:39.988+0000] {processor.py:840} INFO - DAG(s) 'daily_revenue_etl_dag' retrieved from /opt/airflow/dags/daily_revenue_etl_dag.py
[2026-03-27T06:56:40.011+0000] {logging_mixin.py:188} INFO - [2026-03-27T06:56:40.011+0000] {dag.py:3036} INFO - Sync 1 DAGs
[2026-03-27T06:56:40.031+0000] {logging_mixin.py:188} INFO - [2026-03-27T06:56:40.031+0000] {dag.py:3823} INFO - Setting next_dagrun for daily_revenue_etl_dag to 2026-03-27 00:00:00+00:00, run_after=2026-03-28 00:00:00+00:00
[2026-03-27T06:56:40.054+0000] {processor.py:183} INFO - Processing /opt/airflow/dags/daily_revenue_etl_dag.py took 0.087 seconds
[2026-03-27T06:57:10.179+0000] {processor.py:161} INFO - Started process (PID=2992) to work on /opt/airflow/dags/daily_revenue_etl_dag.py
[2026-03-27T06:57:10.181+0000] {processor.py:830} INFO - Processing file /opt/airflow/dags/daily_revenue_etl_dag.py for tasks to queue
[2026-03-27T06:57:10.182+0000] {logging_mixin.py:188} INFO - [2026-03-27T06:57:10.181+0000] {dagbag.py:538} INFO - Filling up the DagBag from /opt/airflow/dags/daily_revenue_etl_dag.py
[2026-03-27T06:57:10.209+0000] {processor.py:840} INFO - DAG(s) 'daily_revenue_etl_dag' retrieved from /opt/airflow/dags/daily_revenue_etl_dag.py
[2026-03-27T06:57:10.231+0000] {logging_mixin.py:188} INFO - [2026-03-27T06:57:10.231+0000] {dag.py:3036} INFO - Sync 1 DAGs
[2026-03-27T06:57:10.251+0000] {logging_mixin.py:188} INFO - [2026-03-27T06:57:10.251+0000] {dag.py:3823} INFO - Setting next_dagrun for daily_revenue_etl_dag to 2026-03-27 00:00:00+00:00, run_after=2026-03-28 00:00:00+00:00
[2026-03-27T06:33:37.905+0000] {processor.py:183} INFO - Processing /opt/airflow/dags/daily_revenue_etl_dag.py took 0.095 seconds
[2026-03-27T06:57:21.336+0000] {processor.py:161} INFO - Started process (PID=2998) to work on /opt/airflow/dags/daily_revenue_etl_dag.py
[2026-03-27T06:57:21.337+0000] {processor.py:830} INFO - Processing file /opt/airflow/dags/daily_revenue_etl_dag.py for tasks to queue
[2026-03-27T06:57:21.338+0000] {logging_mixin.py:188} INFO - [2026-03-27T06:57:21.338+0000] {dagbag.py:538} INFO - Filling up the DagBag from /opt/airflow/dags/daily_revenue_etl_dag.py
[2026-03-27T06:57:21.357+0000] {processor.py:840} INFO - DAG(s) 'daily_revenue_etl_dag' retrieved from /opt/airflow/dags/daily_revenue_etl_dag.py
[2026-03-27T06:57:21.385+0000] {logging_mixin.py:188} INFO - [2026-03-27T06:57:21.384+0000] {dag.py:3036} INFO - Sync 1 DAGs
[2026-03-27T06:57:21.410+0000] {logging_mixin.py:188} INFO - [2026-03-27T06:57:21.410+0000] {dag.py:3823} INFO - Setting next_dagrun for daily_revenue_etl_dag to 2026-03-27 00:00:00+00:00, run_after=2026-03-28 00:00:00+00:00
[2026-03-27T06:57:21.430+0000] {processor.py:183} INFO - Processing /opt/airflow/dags/daily_revenue_etl_dag.py took 0.098 seconds
[2026-03-27T06:57:51.574+0000] {processor.py:161} INFO - Started process (PID=3003) to work on /opt/airflow/dags/daily_revenue_etl_dag.py
[2026-03-27T06:57:51.576+0000] {processor.py:830} INFO - Processing file /opt/airflow/dags/daily_revenue_etl_dag.py for tasks to queue
[2026-03-27T06:57:51.576+0000] {logging_mixin.py:188} INFO - [2026-03-27T06:57:51.576+0000] {dagbag.py:538} INFO - Filling up the DagBag from /opt/airflow/dags/daily_revenue_etl_dag.py
[2026-03-27T06:57:51.592+0000] {processor.py:840} INFO - DAG(s) 'daily_revenue_etl_dag' retrieved from /opt/airflow/dags/daily_revenue_etl_dag.py
[2026-03-27T06:57:51.614+0000] {logging_mixin.py:188} INFO - [2026-03-27T06:57:51.614+0000] {dag.py:3036} INFO - Sync 1 DAGs
[2026-03-27T06:57:51.633+0000] {logging_mixin.py:188} INFO - [2026-03-27T06:57:51.632+0000] {dag.py:3823} INFO - Setting next_dagrun for daily_revenue_etl_dag to 2026-03-27 00:00:00+00:00, run_after=2026-03-28 00:00:00+00:00
[2026-03-27T06:57:51.652+0000] {processor.py:183} INFO - Processing /opt/airflow/dags/daily_revenue_etl_dag.py took 0.080 seconds
[2026-03-27T06:58:30.939+0000] {processor.py:161} INFO - Started process (PID=3008) to work on /opt/airflow/dags/daily_revenue_etl_dag.py
[2026-03-27T06:58:30.940+0000] {processor.py:830} INFO - Processing file /opt/airflow/dags/daily_revenue_etl_dag.py for tasks to queue
[2026-03-27T06:58:30.942+0000] {logging_mixin.py:188} INFO - [2026-03-27T06:58:30.941+0000] {dagbag.py:538} INFO - Filling up the DagBag from /opt/airflow/dags/daily_revenue_etl_dag.py
[2026-03-27T06:58:30.969+0000] {processor.py:840} INFO - DAG(s) 'daily_revenue_etl_dag' retrieved from /opt/airflow/dags/daily_revenue_etl_dag.py
[2026-03-27T06:58:31.005+0000] {logging_mixin.py:188} INFO - [2026-03-27T06:58:31.005+0000] {dag.py:3036} INFO - Sync 1 DAGs
[2026-03-27T06:58:31.038+0000] {logging_mixin.py:188} INFO - [2026-03-27T06:58:31.038+0000] {dag.py:3823} INFO - Setting next_dagrun for daily_revenue_etl_dag to 2026-03-27 00:00:00+00:00, run_after=2026-03-28 00:00:00+00:00
[2026-03-27T06:58:31.060+0000] {processor.py:183} INFO - Processing /opt/airflow/dags/daily_revenue_etl_dag.py took 0.125 seconds
[2026-03-27T06:59:01.162+0000] {processor.py:161} INFO - Started process (PID=3013) to work on /opt/airflow/dags/daily_revenue_etl_dag.py
[2026-03-27T06:59:01.165+0000] {processor.py:830} INFO - Processing file /opt/airflow/dags/daily_revenue_etl_dag.py for tasks to queue
[2026-03-27T06:59:01.168+0000] {logging_mixin.py:188} INFO - [2026-03-27T06:59:01.167+0000] {dagbag.py:538} INFO - Filling up the DagBag from /opt/airflow/dags/daily_revenue_etl_dag.py
[2026-03-27T06:59:01.208+0000] {processor.py:840} INFO - DAG(s) 'daily_revenue_etl_dag' retrieved from /opt/airflow/dags/daily_revenue_etl_dag.py
[2026-03-27T06:59:01.264+0000] {logging_mixin.py:188} INFO - [2026-03-27T06:59:01.263+0000] {dag.py:3036} INFO - Sync 1 DAGs
[2026-03-27T06:59:01.317+0000] {logging_mixin.py:188} INFO - [2026-03-27T06:59:01.317+0000] {dag.py:3823} INFO - Setting next_dagrun for daily_revenue_etl_dag to 2026-03-27 00:00:00+00:00, run_after=2026-03-28 00:00:00+00:00
[2026-03-27T06:59:01.349+0000] {processor.py:183} INFO - Processing /opt/airflow/dags/daily_revenue_etl_dag.py took 0.193 seconds
[2026-03-27T06:59:45.560+0000] {processor.py:161} INFO - Started process (PID=3018) to work on /opt/airflow/dags/daily_revenue_etl_dag.py
[2026-03-27T06:59:45.561+0000] {processor.py:830} INFO - Processing file /opt/airflow/dags/daily_revenue_etl_dag.py for tasks to queue
[2026-03-27T06:59:45.561+0000] {logging_mixin.py:188} INFO - [2026-03-27T06:59:45.561+0000] {dagbag.py:538} INFO - Filling up the DagBag from /opt/airflow/dags/daily_revenue_etl_dag.py
[2026-03-27T06:59:45.578+0000] {processor.py:840} INFO - DAG(s) 'daily_revenue_etl_dag' retrieved from /opt/airflow/dags/daily_revenue_etl_dag.py
[2026-03-27T06:59:45.600+0000] {logging_mixin.py:188} INFO - [2026-03-27T06:59:45.600+0000] {dag.py:3036} INFO - Sync 1 DAGs
[2026-03-27T06:59:45.619+0000] {logging_mixin.py:188} INFO - [2026-03-27T06:59:45.619+0000] {dag.py:3823} INFO - Setting next_dagrun for daily_revenue_etl_dag to 2026-03-27 00:00:00+00:00, run_after=2026-03-28 00:00:00+00:00
[2026-03-27T06:59:45.639+0000] {processor.py:183} INFO - Processing /opt/airflow/dags/daily_revenue_etl_dag.py took 0.084 seconds
[2026-03-27T07:00:31.029+0000] {processor.py:161} INFO - Started process (PID=3024) to work on /opt/airflow/dags/daily_revenue_etl_dag.py
[2026-03-27T07:00:31.030+0000] {processor.py:830} INFO - Processing file /opt/airflow/dags/daily_revenue_etl_dag.py for tasks to queue
[2026-03-27T07:00:31.032+0000] {logging_mixin.py:188} INFO - [2026-03-27T07:00:31.031+0000] {dagbag.py:538} INFO - Filling up the DagBag from /opt/airflow/dags/daily_revenue_etl_dag.py
[2026-03-27T07:00:31.058+0000] {processor.py:840} INFO - DAG(s) 'daily_revenue_etl_dag' retrieved from /opt/airflow/dags/daily_revenue_etl_dag.py
[2026-03-27T07:00:31.090+0000] {logging_mixin.py:188} INFO - [2026-03-27T07:00:31.089+0000] {dag.py:3036} INFO - Sync 1 DAGs
[2026-03-27T07:00:31.116+0000] {logging_mixin.py:188} INFO - [2026-03-27T07:00:31.115+0000] {dag.py:3823} INFO - Setting next_dagrun for daily_revenue_etl_dag to 2026-03-27 00:00:00+00:00, run_after=2026-03-28 00:00:00+00:00
[2026-03-27T07:00:31.143+0000] {processor.py:183} INFO - Processing /opt/airflow/dags/daily_revenue_etl_dag.py took 0.119 seconds
[2026-03-27T07:01:05.367+0000] {processor.py:161} INFO - Started process (PID=3029) to work on /opt/airflow/dags/daily_revenue_etl_dag.py
[2026-03-27T07:01:05.368+0000] {processor.py:830} INFO - Processing file /opt/airflow/dags/daily_revenue_etl_dag.py for tasks to queue
[2026-03-27T07:01:05.369+0000] {logging_mixin.py:188} INFO - [2026-03-27T07:01:05.369+0000] {dagbag.py:538} INFO - Filling up the DagBag from /opt/airflow/dags/daily_revenue_etl_dag.py
[2026-03-27T07:01:05.386+0000] {processor.py:840} INFO - DAG(s) 'daily_revenue_etl_dag' retrieved from /opt/airflow/dags/daily_revenue_etl_dag.py
[2026-03-27T07:01:05.411+0000] {logging_mixin.py:188} INFO - [2026-03-27T07:01:05.410+0000] {dag.py:3036} INFO - Sync 1 DAGs
[2026-03-27T07:01:05.431+0000] {logging_mixin.py:188} INFO - [2026-03-27T07:01:05.431+0000] {dag.py:3823} INFO - Setting next_dagrun for daily_revenue_etl_dag to 2026-03-27 00:00:00+00:00, run_after=2026-03-28 00:00:00+00:00
[2026-03-27T07:01:05.449+0000] {processor.py:183} INFO - Processing /opt/airflow/dags/daily_revenue_etl_dag.py took 0.085 seconds
[2026-03-27T07:01:35.585+0000] {processor.py:161} INFO - Started process (PID=3034) to work on /opt/airflow/dags/daily_revenue_etl_dag.py
[2026-03-27T07:01:35.586+0000] {processor.py:830} INFO - Processing file /opt/airflow/dags/daily_revenue_etl_dag.py for tasks to queue
[2026-03-27T07:01:35.587+0000] {logging_mixin.py:188} INFO - [2026-03-27T07:01:35.587+0000] {dagbag.py:538} INFO - Filling up the DagBag from /opt/airflow/dags/daily_revenue_etl_dag.py
[2026-03-27T07:01:35.604+0000] {processor.py:840} INFO - DAG(s) 'daily_revenue_etl_dag' retrieved from /opt/airflow/dags/daily_revenue_etl_dag.py
[2026-03-27T07:01:35.631+0000] {logging_mixin.py:188} INFO - [2026-03-27T07:01:35.631+0000] {dag.py:3036} INFO - Sync 1 DAGs
[2026-03-27T07:01:35.654+0000] {logging_mixin.py:188} INFO - [2026-03-27T07:01:35.653+0000] {dag.py:3823} INFO - Setting next_dagrun for daily_revenue_etl_dag to 2026-03-27 00:00:00+00:00, run_after=2026-03-28 00:00:00+00:00
[2026-03-27T07:01:35.673+0000] {processor.py:183} INFO - Processing /opt/airflow/dags/daily_revenue_etl_dag.py took 0.091 seconds
[2026-03-27T07:03:21.495+0000] {processor.py:161} INFO - Started process (PID=3041) to work on /opt/airflow/dags/daily_revenue_etl_dag.py
[2026-03-27T07:03:21.497+0000] {processor.py:830} INFO - Processing file /opt/airflow/dags/daily_revenue_etl_dag.py for tasks to queue
[2026-03-27T07:03:21.498+0000] {logging_mixin.py:188} INFO - [2026-03-27T07:03:21.498+0000] {dagbag.py:538} INFO - Filling up the DagBag from /opt/airflow/dags/daily_revenue_etl_dag.py
[2026-03-27T07:03:21.529+0000] {processor.py:840} INFO - DAG(s) 'daily_revenue_etl_dag' retrieved from /opt/airflow/dags/daily_revenue_etl_dag.py
[2026-03-27T07:03:21.563+0000] {logging_mixin.py:188} INFO - [2026-03-27T07:03:21.563+0000] {dag.py:3036} INFO - Sync 1 DAGs
[2026-03-27T07:03:21.589+0000] {logging_mixin.py:188} INFO - [2026-03-27T07:03:21.589+0000] {dag.py:3823} INFO - Setting next_dagrun for daily_revenue_etl_dag to 2026-03-27 00:00:00+00:00, run_after=2026-03-28 00:00:00+00:00
[2026-03-27T07:03:21.605+0000] {processor.py:183} INFO - Processing /opt/airflow/dags/daily_revenue_etl_dag.py took 0.114 seconds
[2026-03-27T07:03:55.767+0000] {processor.py:161} INFO - Started process (PID=3046) to work on /opt/airflow/dags/daily_revenue_etl_dag.py
[2026-03-27T07:03:55.768+0000] {processor.py:830} INFO - Processing file /opt/airflow/dags/daily_revenue_etl_dag.py for tasks to queue
[2026-03-27T07:03:55.769+0000] {logging_mixin.py:188} INFO - [2026-03-27T07:03:55.768+0000] {dagbag.py:538} INFO - Filling up the DagBag from /opt/airflow/dags/daily_revenue_etl_dag.py
[2026-03-27T07:03:55.787+0000] {processor.py:840} INFO - DAG(s) 'daily_revenue_etl_dag' retrieved from /opt/airflow/dags/daily_revenue_etl_dag.py
[2026-03-27T07:03:55.809+0000] {logging_mixin.py:188} INFO - [2026-03-27T07:03:55.809+0000] {dag.py:3036} INFO - Sync 1 DAGs
[2026-03-27T07:03:55.828+0000] {logging_mixin.py:188} INFO - [2026-03-27T07:03:55.827+0000] {dag.py:3823} INFO - Setting next_dagrun for daily_revenue_etl_dag to 2026-03-27 00:00:00+00:00, run_after=2026-03-28 00:00:00+00:00
[2026-03-27T07:03:55.845+0000] {processor.py:183} INFO - Processing /opt/airflow/dags/daily_revenue_etl_dag.py took 0.081 seconds
[2026-03-27T07:04:31.114+0000] {processor.py:161} INFO - Started process (PID=3051) to work on /opt/airflow/dags/daily_revenue_etl_dag.py
[2026-03-27T07:04:31.115+0000] {processor.py:830} INFO - Processing file /opt/airflow/dags/daily_revenue_etl_dag.py for tasks to queue
[2026-03-27T07:04:31.116+0000] {logging_mixin.py:188} INFO - [2026-03-27T07:04:31.115+0000] {dagbag.py:538} INFO - Filling up the DagBag from /opt/airflow/dags/daily_revenue_etl_dag.py
[2026-03-27T07:04:31.131+0000] {processor.py:840} INFO - DAG(s) 'daily_revenue_etl_dag' retrieved from /opt/airflow/dags/daily_revenue_etl_dag.py
[2026-03-27T07:04:31.152+0000] {logging_mixin.py:188} INFO - [2026-03-27T07:04:31.152+0000] {dag.py:3036} INFO - Sync 1 DAGs
[2026-03-27T07:04:31.170+0000] {logging_mixin.py:188} INFO - [2026-03-27T07:04:31.170+0000] {dag.py:3823} INFO - Setting next_dagrun for daily_revenue_etl_dag to 2026-03-27 00:00:00+00:00, run_after=2026-03-28 00:00:00+00:00
[2026-03-27T07:04:31.186+0000] {processor.py:183} INFO - Processing /opt/airflow/dags/daily_revenue_etl_dag.py took 0.076 seconds
[2026-03-27T07:05:21.491+0000] {processor.py:161} INFO - Started process (PID=3058) to work on /opt/airflow/dags/daily_revenue_etl_dag.py
[2026-03-27T07:05:21.492+0000] {processor.py:830} INFO - Processing file /opt/airflow/dags/daily_revenue_etl_dag.py for tasks to queue
[2026-03-27T07:05:21.493+0000] {logging_mixin.py:188} INFO - [2026-03-27T07:05:21.492+0000] {dagbag.py:538} INFO - Filling up the DagBag from /opt/airflow/dags/daily_revenue_etl_dag.py
[2026-03-27T07:05:21.508+0000] {processor.py:840} INFO - DAG(s) 'daily_revenue_etl_dag' retrieved from /opt/airflow/dags/daily_revenue_etl_dag.py
[2026-03-27T07:05:21.532+0000] {logging_mixin.py:188} INFO - [2026-03-27T07:05:21.532+0000] {dag.py:3036} INFO - Sync 1 DAGs
[2026-03-27T06:41:49.272+0000] {logging_mixin.py:188} INFO - [2026-03-27T06:41:49.271+0000] {dag.py:3823} INFO - Setting next_dagrun for daily_revenue_etl_dag to 2026-03-27 00:00:00+00:00, run_after=2026-03-28 00:00:00+00:00
[2026-03-27T06:41:49.291+0000] {processor.py:183} INFO - Processing /opt/airflow/dags/daily_revenue_etl_dag.py took 0.084 seconds
[2026-03-27T06:42:19.399+0000] {processor.py:161} INFO - Started process (PID=3063) to work on /opt/airflow/dags/daily_revenue_etl_dag.py
[2026-03-27T06:42:19.401+0000] {processor.py:830} INFO - Processing file /opt/airflow/dags/daily_revenue_etl_dag.py for tasks to queue
[2026-03-27T06:42:19.401+0000] {logging_mixin.py:188} INFO - [2026-03-27T06:42:19.401+0000] {dagbag.py:538} INFO - Filling up the DagBag from /opt/airflow/dags/daily_revenue_etl_dag.py
[2026-03-27T06:42:19.419+0000] {processor.py:840} INFO - DAG(s) 'daily_revenue_etl_dag' retrieved from /opt/airflow/dags/daily_revenue_etl_dag.py
[2026-03-27T06:42:19.440+0000] {logging_mixin.py:188} INFO - [2026-03-27T06:42:19.440+0000] {dag.py:3036} INFO - Sync 1 DAGs
[2026-03-27T06:42:19.457+0000] {logging_mixin.py:188} INFO - [2026-03-27T06:42:19.457+0000] {dag.py:3823} INFO - Setting next_dagrun for daily_revenue_etl_dag to 2026-03-27 00:00:00+00:00, run_after=2026-03-28 00:00:00+00:00
[2026-03-27T06:42:19.475+0000] {processor.py:183} INFO - Processing /opt/airflow/dags/daily_revenue_etl_dag.py took 0.079 seconds
[2026-03-27T07:06:15.991+0000] {processor.py:161} INFO - Started process (PID=3068) to work on /opt/airflow/dags/daily_revenue_etl_dag.py
[2026-03-27T07:06:15.992+0000] {processor.py:830} INFO - Processing file /opt/airflow/dags/daily_revenue_etl_dag.py for tasks to queue
[2026-03-27T07:06:15.993+0000] {logging_mixin.py:188} INFO - [2026-03-27T07:06:15.992+0000] {dagbag.py:538} INFO - Filling up the DagBag from /opt/airflow/dags/daily_revenue_etl_dag.py
[2026-03-27T07:06:16.009+0000] {processor.py:840} INFO - DAG(s) 'daily_revenue_etl_dag' retrieved from /opt/airflow/dags/daily_revenue_etl_dag.py
[2026-03-27T07:06:16.029+0000] {logging_mixin.py:188} INFO - [2026-03-27T07:06:16.028+0000] {dag.py:3036} INFO - Sync 1 DAGs
[2026-03-27T07:06:16.046+0000] {logging_mixin.py:188} INFO - [2026-03-27T07:06:16.045+0000] {dag.py:3823} INFO - Setting next_dagrun for daily_revenue_etl_dag to 2026-03-27 00:00:00+00:00, run_after=2026-03-28 00:00:00+00:00
[2026-03-27T07:06:16.071+0000] {processor.py:183} INFO - Processing /opt/airflow/dags/daily_revenue_etl_dag.py took 0.082 seconds
[2026-03-27T07:07:21.502+0000] {processor.py:161} INFO - Started process (PID=3073) to work on /opt/airflow/dags/daily_revenue_etl_dag.py
[2026-03-27T07:07:21.502+0000] {processor.py:830} INFO - Processing file /opt/airflow/dags/daily_revenue_etl_dag.py for tasks to queue
[2026-03-27T07:07:21.503+0000] {logging_mixin.py:188} INFO - [2026-03-27T07:07:21.503+0000] {dagbag.py:538} INFO - Filling up the DagBag from /opt/airflow/dags/daily_revenue_etl_dag.py
[2026-03-27T07:07:21.525+0000] {processor.py:840} INFO - DAG(s) 'daily_revenue_etl_dag' retrieved from /opt/airflow/dags/daily_revenue_etl_dag.py
[2026-03-27T06:43:49.275+0000] {logging_mixin.py:188} INFO - [2026-03-27T06:43:49.274+0000] {dag.py:3036} INFO - Sync 1 DAGs
[2026-03-27T06:43:49.297+0000] {logging_mixin.py:188} INFO - [2026-03-27T06:43:49.297+0000] {dag.py:3823} INFO - Setting next_dagrun for daily_revenue_etl_dag to 2026-03-27 00:00:00+00:00, run_after=2026-03-28 00:00:00+00:00
[2026-03-27T06:43:49.312+0000] {processor.py:183} INFO - Processing /opt/airflow/dags/daily_revenue_etl_dag.py took 0.092 seconds
[2026-03-27T06:44:19.470+0000] {processor.py:161} INFO - Started process (PID=3080) to work on /opt/airflow/dags/daily_revenue_etl_dag.py
[2026-03-27T06:44:19.471+0000] {processor.py:830} INFO - Processing file /opt/airflow/dags/daily_revenue_etl_dag.py for tasks to queue
[2026-03-27T06:44:19.473+0000] {logging_mixin.py:188} INFO - [2026-03-27T06:44:19.472+0000] {dagbag.py:538} INFO - Filling up the DagBag from /opt/airflow/dags/daily_revenue_etl_dag.py
[2026-03-27T06:44:19.497+0000] {processor.py:840} INFO - DAG(s) 'daily_revenue_etl_dag' retrieved from /opt/airflow/dags/daily_revenue_etl_dag.py
[2026-03-27T06:44:19.528+0000] {logging_mixin.py:188} INFO - [2026-03-27T06:44:19.527+0000] {dag.py:3036} INFO - Sync 1 DAGs
[2026-03-27T06:44:19.550+0000] {logging_mixin.py:188} INFO - [2026-03-27T06:44:19.550+0000] {dag.py:3823} INFO - Setting next_dagrun for daily_revenue_etl_dag to 2026-03-27 00:00:00+00:00, run_after=2026-03-28 00:00:00+00:00
[2026-03-27T06:44:19.568+0000] {processor.py:183} INFO - Processing /opt/airflow/dags/daily_revenue_etl_dag.py took 0.102 seconds
[2026-03-27T06:44:49.754+0000] {processor.py:161} INFO - Started process (PID=3085) to work on /opt/airflow/dags/daily_revenue_etl_dag.py
[2026-03-27T06:44:49.755+0000] {processor.py:830} INFO - Processing file /opt/airflow/dags/daily_revenue_etl_dag.py for tasks to queue
[2026-03-27T06:44:49.756+0000] {logging_mixin.py:188} INFO - [2026-03-27T06:44:49.755+0000] {dagbag.py:538} INFO - Filling up the DagBag from /opt/airflow/dags/daily_revenue_etl_dag.py
[2026-03-27T06:44:49.771+0000] {processor.py:840} INFO - DAG(s) 'daily_revenue_etl_dag' retrieved from /opt/airflow/dags/daily_revenue_etl_dag.py
[2026-03-27T06:44:49.793+0000] {logging_mixin.py:188} INFO - [2026-03-27T06:44:49.793+0000] {dag.py:3036} INFO - Sync 1 DAGs
[2026-03-27T06:44:49.812+0000] {logging_mixin.py:188} INFO - [2026-03-27T06:44:49.812+0000] {dag.py:3823} INFO - Setting next_dagrun for daily_revenue_etl_dag to 2026-03-27 00:00:00+00:00, run_after=2026-03-28 00:00:00+00:00
[2026-03-27T06:44:49.829+0000] {processor.py:183} INFO - Processing /opt/airflow/dags/daily_revenue_etl_dag.py took 0.079 seconds
[2026-03-27T07:08:31.194+0000] {processor.py:161} INFO - Started process (PID=3090) to work on /opt/airflow/dags/daily_revenue_etl_dag.py
[2026-03-27T07:08:31.195+0000] {processor.py:830} INFO - Processing file /opt/airflow/dags/daily_revenue_etl_dag.py for tasks to queue
[2026-03-27T07:08:31.196+0000] {logging_mixin.py:188} INFO - [2026-03-27T07:08:31.196+0000] {dagbag.py:538} INFO - Filling up the DagBag from /opt/airflow/dags/daily_revenue_etl_dag.py
[2026-03-27T07:08:31.213+0000] {processor.py:840} INFO - DAG(s) 'daily_revenue_etl_dag' retrieved from /opt/airflow/dags/daily_revenue_etl_dag.py
[2026-03-27T07:08:31.235+0000] {logging_mixin.py:188} INFO - [2026-03-27T07:08:31.235+0000] {dag.py:3036} INFO - Sync 1 DAGs
[2026-03-27T07:08:31.255+0000] {logging_mixin.py:188} INFO - [2026-03-27T07:08:31.255+0000] {dag.py:3823} INFO - Setting next_dagrun for daily_revenue_etl_dag to 2026-03-27 00:00:00+00:00, run_after=2026-03-28 00:00:00+00:00
[2026-03-27T07:08:31.272+0000] {processor.py:183} INFO - Processing /opt/airflow/dags/daily_revenue_etl_dag.py took 0.081 seconds
[2026-03-27T07:09:01.439+0000] {processor.py:161} INFO - Started process (PID=3095) to work on /opt/airflow/dags/daily_revenue_etl_dag.py
[2026-03-27T07:09:01.440+0000] {processor.py:830} INFO - Processing file /opt/airflow/dags/daily_revenue_etl_dag.py for tasks to queue
[2026-03-27T07:09:01.441+0000] {logging_mixin.py:188} INFO - [2026-03-27T07:09:01.441+0000] {dagbag.py:538} INFO - Filling up the DagBag from /opt/airflow/dags/daily_revenue_etl_dag.py
[2026-03-27T07:09:01.458+0000] {processor.py:840} INFO - DAG(s) 'daily_revenue_etl_dag' retrieved from /opt/airflow/dags/daily_revenue_etl_dag.py
[2026-03-27T07:09:01.479+0000] {logging_mixin.py:188} INFO - [2026-03-27T07:09:01.478+0000] {dag.py:3036} INFO - Sync 1 DAGs
[2026-03-27T07:09:01.498+0000] {logging_mixin.py:188} INFO - [2026-03-27T07:09:01.497+0000] {dag.py:3823} INFO - Setting next_dagrun for daily_revenue_etl_dag to 2026-03-27 00:00:00+00:00, run_after=2026-03-28 00:00:00+00:00
[2026-03-27T07:09:01.512+0000] {processor.py:183} INFO - Processing /opt/airflow/dags/daily_revenue_etl_dag.py took 0.076 seconds
[2026-03-27T07:09:46.828+0000] {processor.py:161} INFO - Started process (PID=3102) to work on /opt/airflow/dags/daily_revenue_etl_dag.py
[2026-03-27T07:09:46.829+0000] {processor.py:830} INFO - Processing file /opt/airflow/dags/daily_revenue_etl_dag.py for tasks to queue
[2026-03-27T07:09:46.830+0000] {logging_mixin.py:188} INFO - [2026-03-27T07:09:46.829+0000] {dagbag.py:538} INFO - Filling up the DagBag from /opt/airflow/dags/daily_revenue_etl_dag.py
[2026-03-27T07:09:46.846+0000] {processor.py:840} INFO - DAG(s) 'daily_revenue_etl_dag' retrieved from /opt/airflow/dags/daily_revenue_etl_dag.py
[2026-03-27T07:09:46.868+0000] {logging_mixin.py:188} INFO - [2026-03-27T07:09:46.868+0000] {dag.py:3036} INFO - Sync 1 DAGs
[2026-03-27T07:09:46.887+0000] {logging_mixin.py:188} INFO - [2026-03-27T07:09:46.886+0000] {dag.py:3823} INFO - Setting next_dagrun for daily_revenue_etl_dag to 2026-03-27 00:00:00+00:00, run_after=2026-03-28 00:00:00+00:00
[2026-03-27T07:09:46.904+0000] {processor.py:183} INFO - Processing /opt/airflow/dags/daily_revenue_etl_dag.py took 0.079 seconds
[2026-03-27T07:11:11.483+0000] {processor.py:161} INFO - Started process (PID=3107) to work on /opt/airflow/dags/daily_revenue_etl_dag.py
[2026-03-27T07:11:11.484+0000] {processor.py:830} INFO - Processing file /opt/airflow/dags/daily_revenue_etl_dag.py for tasks to queue
[2026-03-27T07:11:11.485+0000] {logging_mixin.py:188} INFO - [2026-03-27T07:11:11.484+0000] {dagbag.py:538} INFO - Filling up the DagBag from /opt/airflow/dags/daily_revenue_etl_dag.py
[2026-03-27T07:11:11.500+0000] {processor.py:840} INFO - DAG(s) 'daily_revenue_etl_dag' retrieved from /opt/airflow/dags/daily_revenue_etl_dag.py
[2026-03-27T07:11:11.519+0000] {logging_mixin.py:188} INFO - [2026-03-27T07:11:11.519+0000] {dag.py:3036} INFO - Sync 1 DAGs
[2026-03-27T07:11:11.541+0000] {logging_mixin.py:188} INFO - [2026-03-27T07:11:11.541+0000] {dag.py:3823} INFO - Setting next_dagrun for daily_revenue_etl_dag to 2026-03-27 00:00:00+00:00, run_after=2026-03-28 00:00:00+00:00
[2026-03-27T07:11:11.559+0000] {processor.py:183} INFO - Processing /opt/airflow/dags/daily_revenue_etl_dag.py took 0.079 seconds
[2026-03-27T06:48:09.427+0000] {processor.py:161} INFO - Started process (PID=3112) to work on /opt/airflow/dags/daily_revenue_etl_dag.py
[2026-03-27T06:48:09.428+0000] {processor.py:830} INFO - Processing file /opt/airflow/dags/daily_revenue_etl_dag.py for tasks to queue
[2026-03-27T06:48:09.429+0000] {logging_mixin.py:188} INFO - [2026-03-27T06:48:09.429+0000] {dagbag.py:538} INFO - Filling up the DagBag from /opt/airflow/dags/daily_revenue_etl_dag.py
[2026-03-27T06:48:09.446+0000] {processor.py:840} INFO - DAG(s) 'daily_revenue_etl_dag' retrieved from /opt/airflow/dags/daily_revenue_etl_dag.py
[2026-03-27T06:48:09.467+0000] {logging_mixin.py:188} INFO - [2026-03-27T06:48:09.467+0000] {dag.py:3036} INFO - Sync 1 DAGs
[2026-03-27T06:48:09.485+0000] {logging_mixin.py:188} INFO - [2026-03-27T06:48:09.484+0000] {dag.py:3823} INFO - Setting next_dagrun for daily_revenue_etl_dag to 2026-03-27 00:00:00+00:00, run_after=2026-03-28 00:00:00+00:00
[2026-03-27T06:48:09.501+0000] {processor.py:183} INFO - Processing /opt/airflow/dags/daily_revenue_etl_dag.py took 0.077 seconds
[2026-03-27T06:48:39.695+0000] {processor.py:161} INFO - Started process (PID=3117) to work on /opt/airflow/dags/daily_revenue_etl_dag.py
[2026-03-27T06:48:39.696+0000] {processor.py:830} INFO - Processing file /opt/airflow/dags/daily_revenue_etl_dag.py for tasks to queue
[2026-03-27T06:48:39.697+0000] {logging_mixin.py:188} INFO - [2026-03-27T06:48:39.696+0000] {dagbag.py:538} INFO - Filling up the DagBag from /opt/airflow/dags/daily_revenue_etl_dag.py
[2026-03-27T06:48:39.720+0000] {processor.py:840} INFO - DAG(s) 'daily_revenue_etl_dag' retrieved from /opt/airflow/dags/daily_revenue_etl_dag.py
[2026-03-27T06:48:39.750+0000] {logging_mixin.py:188} INFO - [2026-03-27T06:48:39.750+0000] {dag.py:3036} INFO - Sync 1 DAGs
[2026-03-27T06:48:39.773+0000] {logging_mixin.py:188} INFO - [2026-03-27T06:48:39.772+0000] {dag.py:3823} INFO - Setting next_dagrun for daily_revenue_etl_dag to 2026-03-27 00:00:00+00:00, run_after=2026-03-28 00:00:00+00:00
[2026-03-27T06:48:39.791+0000] {processor.py:183} INFO - Processing /opt/airflow/dags/daily_revenue_etl_dag.py took 0.101 seconds
[2026-03-27T06:49:09.921+0000] {processor.py:161} INFO - Started process (PID=3122) to work on /opt/airflow/dags/daily_revenue_etl_dag.py
[2026-03-27T06:49:09.922+0000] {processor.py:830} INFO - Processing file /opt/airflow/dags/daily_revenue_etl_dag.py for tasks to queue
[2026-03-27T06:49:09.924+0000] {logging_mixin.py:188} INFO - [2026-03-27T06:49:09.923+0000] {dagbag.py:538} INFO - Filling up the DagBag from /opt/airflow/dags/daily_revenue_etl_dag.py
[2026-03-27T06:49:09.945+0000] {processor.py:840} INFO - DAG(s) 'daily_revenue_etl_dag' retrieved from /opt/airflow/dags/daily_revenue_etl_dag.py
[2026-03-27T06:49:09.976+0000] {logging_mixin.py:188} INFO - [2026-03-27T06:49:09.976+0000] {dag.py:3036} INFO - Sync 1 DAGs
[2026-03-27T06:49:10.001+0000] {logging_mixin.py:188} INFO - [2026-03-27T06:49:10.001+0000] {dag.py:3823} INFO - Setting next_dagrun for daily_revenue_etl_dag to 2026-03-27 00:00:00+00:00, run_after=2026-03-28 00:00:00+00:00
[2026-03-27T06:49:10.034+0000] {processor.py:183} INFO - Processing /opt/airflow/dags/daily_revenue_etl_dag.py took 0.118 seconds
[2026-03-27T07:12:57.419+0000] {processor.py:161} INFO - Started process (PID=3128) to work on /opt/airflow/dags/daily_revenue_etl_dag.py
[2026-03-27T07:12:57.422+0000] {processor.py:830} INFO - Processing file /opt/airflow/dags/daily_revenue_etl_dag.py for tasks to queue
[2026-03-27T07:12:57.424+0000] {logging_mixin.py:188} INFO - [2026-03-27T07:12:57.423+0000] {dagbag.py:538} INFO - Filling up the DagBag from /opt/airflow/dags/daily_revenue_etl_dag.py
[2026-03-27T07:12:57.465+0000] {processor.py:840} INFO - DAG(s) 'daily_revenue_etl_dag' retrieved from /opt/airflow/dags/daily_revenue_etl_dag.py
[2026-03-27T07:12:57.523+0000] {logging_mixin.py:188} INFO - [2026-03-27T07:12:57.522+0000] {dag.py:3036} INFO - Sync 1 DAGs
[2026-03-27T07:12:57.586+0000] {logging_mixin.py:188} INFO - [2026-03-27T07:12:57.585+0000] {dag.py:3823} INFO - Setting next_dagrun for daily_revenue_etl_dag to 2026-03-27 00:00:00+00:00, run_after=2026-03-28 00:00:00+00:00
[2026-03-27T07:12:57.638+0000] {processor.py:183} INFO - Processing /opt/airflow/dags/daily_revenue_etl_dag.py took 0.230 seconds
[2026-03-27T06:49:59.597+0000] {processor.py:161} INFO - Started process (PID=3133) to work on /opt/airflow/dags/daily_revenue_etl_dag.py
[2026-03-27T06:49:59.598+0000] {processor.py:830} INFO - Processing file /opt/airflow/dags/daily_revenue_etl_dag.py for tasks to queue
[2026-03-27T06:49:59.599+0000] {logging_mixin.py:188} INFO - [2026-03-27T06:49:59.599+0000] {dagbag.py:538} INFO - Filling up the DagBag from /opt/airflow/dags/daily_revenue_etl_dag.py
[2026-03-27T06:49:59.617+0000] {processor.py:840} INFO - DAG(s) 'daily_revenue_etl_dag' retrieved from /opt/airflow/dags/daily_revenue_etl_dag.py
[2026-03-27T06:49:59.641+0000] {logging_mixin.py:188} INFO - [2026-03-27T06:49:59.641+0000] {dag.py:3036} INFO - Sync 1 DAGs
[2026-03-27T06:49:59.662+0000] {logging_mixin.py:188} INFO - [2026-03-27T06:49:59.661+0000] {dag.py:3823} INFO - Setting next_dagrun for daily_revenue_etl_dag to 2026-03-27 00:00:00+00:00, run_after=2026-03-28 00:00:00+00:00
[2026-03-27T06:49:59.679+0000] {processor.py:183} INFO - Processing /opt/airflow/dags/daily_revenue_etl_dag.py took 0.085 seconds
[2026-03-27T07:13:41.969+0000] {processor.py:161} INFO - Started process (PID=3138) to work on /opt/airflow/dags/daily_revenue_etl_dag.py
[2026-03-27T07:13:41.970+0000] {processor.py:830} INFO - Processing file /opt/airflow/dags/daily_revenue_etl_dag.py for tasks to queue
[2026-03-27T07:13:41.971+0000] {logging_mixin.py:188} INFO - [2026-03-27T07:13:41.971+0000] {dagbag.py:538} INFO - Filling up the DagBag from /opt/airflow/dags/daily_revenue_etl_dag.py
[2026-03-27T07:13:42.010+0000] {processor.py:840} INFO - DAG(s) 'daily_revenue_etl_dag' retrieved from /opt/airflow/dags/daily_revenue_etl_dag.py
[2026-03-27T07:13:42.079+0000] {logging_mixin.py:188} INFO - [2026-03-27T07:13:42.078+0000] {dag.py:3036} INFO - Sync 1 DAGs
[2026-03-27T06:50:09.744+0000] {logging_mixin.py:188} INFO - [2026-03-27T06:50:09.744+0000] {dag.py:3823} INFO - Setting next_dagrun for daily_revenue_etl_dag to 2026-03-27 00:00:00+00:00, run_after=2026-03-28 00:00:00+00:00
[2026-03-27T06:50:09.826+0000] {processor.py:183} INFO - Processing /opt/airflow/dags/daily_revenue_etl_dag.py took 0.248 seconds
[2026-03-27T07:13:47.087+0000] {processor.py:161} INFO - Started process (PID=3143) to work on /opt/airflow/dags/daily_revenue_etl_dag.py
[2026-03-27T07:13:47.089+0000] {processor.py:830} INFO - Processing file /opt/airflow/dags/daily_revenue_etl_dag.py for tasks to queue
[2026-03-27T07:13:47.090+0000] {logging_mixin.py:188} INFO - [2026-03-27T07:13:47.089+0000] {dagbag.py:538} INFO - Filling up the DagBag from /opt/airflow/dags/daily_revenue_etl_dag.py
[2026-03-27T07:13:47.107+0000] {processor.py:840} INFO - DAG(s) 'daily_revenue_etl_dag' retrieved from /opt/airflow/dags/daily_revenue_etl_dag.py
[2026-03-27T07:13:47.131+0000] {logging_mixin.py:188} INFO - [2026-03-27T07:13:47.131+0000] {dag.py:3036} INFO - Sync 1 DAGs
[2026-03-27T07:13:47.154+0000] {logging_mixin.py:188} INFO - [2026-03-27T07:13:47.154+0000] {dag.py:3823} INFO - Setting next_dagrun for daily_revenue_etl_dag to 2026-03-27 00:00:00+00:00, run_after=2026-03-28 00:00:00+00:00
[2026-03-27T07:13:47.173+0000] {processor.py:183} INFO - Processing /opt/airflow/dags/daily_revenue_etl_dag.py took 0.091 seconds
[2026-03-27T07:14:51.558+0000] {processor.py:161} INFO - Started process (PID=3148) to work on /opt/airflow/dags/daily_revenue_etl_dag.py
[2026-03-27T07:14:51.559+0000] {processor.py:830} INFO - Processing file /opt/airflow/dags/daily_revenue_etl_dag.py for tasks to queue
[2026-03-27T07:14:51.560+0000] {logging_mixin.py:188} INFO - [2026-03-27T07:14:51.560+0000] {dagbag.py:538} INFO - Filling up the DagBag from /opt/airflow/dags/daily_revenue_etl_dag.py
[2026-03-27T07:14:51.577+0000] {processor.py:840} INFO - DAG(s) 'daily_revenue_etl_dag' retrieved from /opt/airflow/dags/daily_revenue_etl_dag.py
[2026-03-27T06:51:19.330+0000] {logging_mixin.py:188} INFO - [2026-03-27T06:51:19.330+0000] {dag.py:3036} INFO - Sync 1 DAGs
[2026-03-27T06:51:19.353+0000] {logging_mixin.py:188} INFO - [2026-03-27T06:51:19.352+0000] {dag.py:3823} INFO - Setting next_dagrun for daily_revenue_etl_dag to 2026-03-27 00:00:00+00:00, run_after=2026-03-28 00:00:00+00:00
[2026-03-27T06:51:19.371+0000] {processor.py:183} INFO - Processing /opt/airflow/dags/daily_revenue_etl_dag.py took 0.087 seconds
[2026-03-27T06:51:49.550+0000] {processor.py:161} INFO - Started process (PID=3153) to work on /opt/airflow/dags/daily_revenue_etl_dag.py
[2026-03-27T06:51:49.551+0000] {processor.py:830} INFO - Processing file /opt/airflow/dags/daily_revenue_etl_dag.py for tasks to queue
[2026-03-27T06:51:49.552+0000] {logging_mixin.py:188} INFO - [2026-03-27T06:51:49.552+0000] {dagbag.py:538} INFO - Filling up the DagBag from /opt/airflow/dags/daily_revenue_etl_dag.py
[2026-03-27T07:15:21.843+0000] {processor.py:840} INFO - DAG(s) 'daily_revenue_etl_dag' retrieved from /opt/airflow/dags/daily_revenue_etl_dag.py
[2026-03-27T07:15:21.865+0000] {logging_mixin.py:188} INFO - [2026-03-27T07:15:21.865+0000] {dag.py:3036} INFO - Sync 1 DAGs
[2026-03-27T07:15:21.885+0000] {logging_mixin.py:188} INFO - [2026-03-27T07:15:21.885+0000] {dag.py:3823} INFO - Setting next_dagrun for daily_revenue_etl_dag to 2026-03-27 00:00:00+00:00, run_after=2026-03-28 00:00:00+00:00
[2026-03-27T07:15:21.903+0000] {processor.py:183} INFO - Processing /opt/airflow/dags/daily_revenue_etl_dag.py took 0.081 seconds
[2026-03-27T07:15:57.309+0000] {processor.py:161} INFO - Started process (PID=3158) to work on /opt/airflow/dags/daily_revenue_etl_dag.py
[2026-03-27T07:15:57.311+0000] {processor.py:830} INFO - Processing file /opt/airflow/dags/daily_revenue_etl_dag.py for tasks to queue
[2026-03-27T07:15:57.312+0000] {logging_mixin.py:188} INFO - [2026-03-27T07:15:57.312+0000] {dagbag.py:538} INFO - Filling up the DagBag from /opt/airflow/dags/daily_revenue_etl_dag.py
[2026-03-27T07:15:57.346+0000] {processor.py:840} INFO - DAG(s) 'daily_revenue_etl_dag' retrieved from /opt/airflow/dags/daily_revenue_etl_dag.py
[2026-03-27T06:52:24.995+0000] {logging_mixin.py:188} INFO - [2026-03-27T06:52:24.995+0000] {dag.py:3036} INFO - Sync 1 DAGs
[2026-03-27T06:52:25.034+0000] {logging_mixin.py:188} INFO - [2026-03-27T06:52:25.034+0000] {dag.py:3823} INFO - Setting next_dagrun for daily_revenue_etl_dag to 2026-03-27 00:00:00+00:00, run_after=2026-03-28 00:00:00+00:00
[2026-03-27T06:52:25.076+0000] {processor.py:183} INFO - Processing /opt/airflow/dags/daily_revenue_etl_dag.py took 0.168 seconds
[2026-03-27T07:16:21.498+0000] {processor.py:161} INFO - Started process (PID=3163) to work on /opt/airflow/dags/daily_revenue_etl_dag.py
[2026-03-27T07:16:21.501+0000] {processor.py:830} INFO - Processing file /opt/airflow/dags/daily_revenue_etl_dag.py for tasks to queue
[2026-03-27T07:16:21.503+0000] {logging_mixin.py:188} INFO - [2026-03-27T07:16:21.502+0000] {dagbag.py:538} INFO - Filling up the DagBag from /opt/airflow/dags/daily_revenue_etl_dag.py
[2026-03-27T07:16:21.535+0000] {processor.py:840} INFO - DAG(s) 'daily_revenue_etl_dag' retrieved from /opt/airflow/dags/daily_revenue_etl_dag.py
[2026-03-27T07:16:21.578+0000] {logging_mixin.py:188} INFO - [2026-03-27T07:16:21.578+0000] {dag.py:3036} INFO - Sync 1 DAGs
[2026-03-27T06:52:49.361+0000] {logging_mixin.py:188} INFO - [2026-03-27T06:52:49.361+0000] {dag.py:3823} INFO - Setting next_dagrun for daily_revenue_etl_dag to 2026-03-27 00:00:00+00:00, run_after=2026-03-28 00:00:00+00:00
[2026-03-27T06:52:49.426+0000] {processor.py:183} INFO - Processing /opt/airflow/dags/daily_revenue_etl_dag.py took 0.209 seconds
[2026-03-27T06:53:19.667+0000] {processor.py:161} INFO - Started process (PID=3168) to work on /opt/airflow/dags/daily_revenue_etl_dag.py
[2026-03-27T06:53:19.669+0000] {processor.py:830} INFO - Processing file /opt/airflow/dags/daily_revenue_etl_dag.py for tasks to queue
[2026-03-27T06:53:19.671+0000] {logging_mixin.py:188} INFO - [2026-03-27T06:53:19.671+0000] {dagbag.py:538} INFO - Filling up the DagBag from /opt/airflow/dags/daily_revenue_etl_dag.py
[2026-03-27T06:53:19.706+0000] {processor.py:840} INFO - DAG(s) 'daily_revenue_etl_dag' retrieved from /opt/airflow/dags/daily_revenue_etl_dag.py
[2026-03-27T07:16:52.028+0000] {logging_mixin.py:188} INFO - [2026-03-27T07:16:52.027+0000] {dag.py:3036} INFO - Sync 1 DAGs
[2026-03-27T07:16:52.073+0000] {logging_mixin.py:188} INFO - [2026-03-27T07:16:52.073+0000] {dag.py:3823} INFO - Setting next_dagrun for daily_revenue_etl_dag to 2026-03-27 00:00:00+00:00, run_after=2026-03-28 00:00:00+00:00
[2026-03-27T07:16:52.100+0000] {processor.py:183} INFO - Processing /opt/airflow/dags/daily_revenue_etl_dag.py took 0.169 seconds
[2026-03-27T07:17:27.169+0000] {processor.py:161} INFO - Started process (PID=3173) to work on /opt/airflow/dags/daily_revenue_etl_dag.py
[2026-03-27T07:17:27.170+0000] {processor.py:830} INFO - Processing file /opt/airflow/dags/daily_revenue_etl_dag.py for tasks to queue
[2026-03-27T07:17:27.171+0000] {logging_mixin.py:188} INFO - [2026-03-27T07:17:27.171+0000] {dagbag.py:538} INFO - Filling up the DagBag from /opt/airflow/dags/daily_revenue_etl_dag.py
[2026-03-27T07:17:27.187+0000] {processor.py:840} INFO - DAG(s) 'daily_revenue_etl_dag' retrieved from /opt/airflow/dags/daily_revenue_etl_dag.py
[2026-03-27T07:17:27.210+0000] {logging_mixin.py:188} INFO - [2026-03-27T07:17:27.210+0000] {dag.py:3036} INFO - Sync 1 DAGs
[2026-03-27T07:17:27.227+0000] {logging_mixin.py:188} INFO - [2026-03-27T07:17:27.227+0000] {dag.py:3823} INFO - Setting next_dagrun for daily_revenue_etl_dag to 2026-03-27 00:00:00+00:00, run_after=2026-03-28 00:00:00+00:00
[2026-03-27T07:17:27.246+0000] {processor.py:183} INFO - Processing /opt/airflow/dags/daily_revenue_etl_dag.py took 0.081 seconds
[2026-03-27T07:17:57.367+0000] {processor.py:161} INFO - Started process (PID=3178) to work on /opt/airflow/dags/daily_revenue_etl_dag.py
[2026-03-27T07:17:57.368+0000] {processor.py:830} INFO - Processing file /opt/airflow/dags/daily_revenue_etl_dag.py for tasks to queue
[2026-03-27T07:17:57.369+0000] {logging_mixin.py:188} INFO - [2026-03-27T07:17:57.368+0000] {dagbag.py:538} INFO - Filling up the DagBag from /opt/airflow/dags/daily_revenue_etl_dag.py
[2026-03-27T06:54:25.114+0000] {processor.py:840} INFO - DAG(s) 'daily_revenue_etl_dag' retrieved from /opt/airflow/dags/daily_revenue_etl_dag.py
[2026-03-27T06:54:25.141+0000] {logging_mixin.py:188} INFO - [2026-03-27T06:54:25.141+0000] {dag.py:3036} INFO - Sync 1 DAGs
[2026-03-27T06:54:25.165+0000] {logging_mixin.py:188} INFO - [2026-03-27T06:54:25.164+0000] {dag.py:3823} INFO - Setting next_dagrun for daily_revenue_etl_dag to 2026-03-27 00:00:00+00:00, run_after=2026-03-28 00:00:00+00:00
[2026-03-27T06:54:25.185+0000] {processor.py:183} INFO - Processing /opt/airflow/dags/daily_revenue_etl_dag.py took 0.093 seconds
[2026-03-27T07:18:21.606+0000] {processor.py:161} INFO - Started process (PID=3184) to work on /opt/airflow/dags/daily_revenue_etl_dag.py
[2026-03-27T07:18:21.607+0000] {processor.py:830} INFO - Processing file /opt/airflow/dags/daily_revenue_etl_dag.py for tasks to queue
[2026-03-27T07:18:21.608+0000] {logging_mixin.py:188} INFO - [2026-03-27T07:18:21.608+0000] {dagbag.py:538} INFO - Filling up the DagBag from /opt/airflow/dags/daily_revenue_etl_dag.py
[2026-03-27T07:18:21.628+0000] {processor.py:840} INFO - DAG(s) 'daily_revenue_etl_dag' retrieved from /opt/airflow/dags/daily_revenue_etl_dag.py
[2026-03-27T06:54:49.393+0000] {logging_mixin.py:188} INFO - [2026-03-27T06:54:49.393+0000] {dag.py:3036} INFO - Sync 1 DAGs
[2026-03-27T06:54:49.421+0000] {logging_mixin.py:188} INFO - [2026-03-27T06:54:49.420+0000] {dag.py:3823} INFO - Setting next_dagrun for daily_revenue_etl_dag to 2026-03-27 00:00:00+00:00, run_after=2026-03-28 00:00:00+00:00
[2026-03-27T06:54:49.444+0000] {processor.py:183} INFO - Processing /opt/airflow/dags/daily_revenue_etl_dag.py took 0.106 seconds
[2026-03-27T06:55:19.514+0000] {processor.py:161} INFO - Started process (PID=3190) to work on /opt/airflow/dags/daily_revenue_etl_dag.py
[2026-03-27T06:55:19.516+0000] {processor.py:830} INFO - Processing file /opt/airflow/dags/daily_revenue_etl_dag.py for tasks to queue
[2026-03-27T06:55:19.517+0000] {logging_mixin.py:188} INFO - [2026-03-27T06:55:19.517+0000] {dagbag.py:538} INFO - Filling up the DagBag from /opt/airflow/dags/daily_revenue_etl_dag.py
[2026-03-27T06:55:19.543+0000] {processor.py:840} INFO - DAG(s) 'daily_revenue_etl_dag' retrieved from /opt/airflow/dags/daily_revenue_etl_dag.py
[2026-03-27T06:55:19.575+0000] {logging_mixin.py:188} INFO - [2026-03-27T06:55:19.575+0000] {dag.py:3036} INFO - Sync 1 DAGs
[2026-03-27T06:55:19.602+0000] {logging_mixin.py:188} INFO - [2026-03-27T06:55:19.602+0000] {dag.py:3823} INFO - Setting next_dagrun for daily_revenue_etl_dag to 2026-03-27 00:00:00+00:00, run_after=2026-03-28 00:00:00+00:00
[2026-03-27T06:55:19.625+0000] {processor.py:183} INFO - Processing /opt/airflow/dags/daily_revenue_etl_dag.py took 0.115 seconds
[2026-03-27T06:55:49.796+0000] {processor.py:161} INFO - Started process (PID=3196) to work on /opt/airflow/dags/daily_revenue_etl_dag.py
[2026-03-27T06:55:49.797+0000] {processor.py:830} INFO - Processing file /opt/airflow/dags/daily_revenue_etl_dag.py for tasks to queue
[2026-03-27T06:55:49.798+0000] {logging_mixin.py:188} INFO - [2026-03-27T06:55:49.798+0000] {dagbag.py:538} INFO - Filling up the DagBag from /opt/airflow/dags/daily_revenue_etl_dag.py
[2026-03-27T06:55:49.816+0000] {processor.py:840} INFO - DAG(s) 'daily_revenue_etl_dag' retrieved from /opt/airflow/dags/daily_revenue_etl_dag.py
[2026-03-27T06:55:49.842+0000] {logging_mixin.py:188} INFO - [2026-03-27T06:55:49.842+0000] {dag.py:3036} INFO - Sync 1 DAGs
[2026-03-27T06:55:49.866+0000] {logging_mixin.py:188} INFO - [2026-03-27T06:55:49.865+0000] {dag.py:3823} INFO - Setting next_dagrun for daily_revenue_etl_dag to 2026-03-27 00:00:00+00:00, run_after=2026-03-28 00:00:00+00:00
[2026-03-27T06:55:49.885+0000] {processor.py:183} INFO - Processing /opt/airflow/dags/daily_revenue_etl_dag.py took 0.092 seconds
[2026-03-27T06:56:20.018+0000] {processor.py:161} INFO - Started process (PID=3201) to work on /opt/airflow/dags/daily_revenue_etl_dag.py
[2026-03-27T06:56:20.020+0000] {processor.py:830} INFO - Processing file /opt/airflow/dags/daily_revenue_etl_dag.py for tasks to queue
[2026-03-27T06:56:20.021+0000] {logging_mixin.py:188} INFO - [2026-03-27T06:56:20.021+0000] {dagbag.py:538} INFO - Filling up the DagBag from /opt/airflow/dags/daily_revenue_etl_dag.py
[2026-03-27T06:56:20.043+0000] {processor.py:840} INFO - DAG(s) 'daily_revenue_etl_dag' retrieved from /opt/airflow/dags/daily_revenue_etl_dag.py
[2026-03-27T06:56:20.074+0000] {logging_mixin.py:188} INFO - [2026-03-27T06:56:20.073+0000] {dag.py:3036} INFO - Sync 1 DAGs
[2026-03-27T07:19:52.376+0000] {logging_mixin.py:188} INFO - [2026-03-27T07:19:52.376+0000] {dag.py:3823} INFO - Setting next_dagrun for daily_revenue_etl_dag to 2026-03-27 00:00:00+00:00, run_after=2026-03-28 00:00:00+00:00
[2026-03-27T07:19:52.403+0000] {processor.py:183} INFO - Processing /opt/airflow/dags/daily_revenue_etl_dag.py took 0.117 seconds
[2026-03-27T07:20:22.558+0000] {processor.py:161} INFO - Started process (PID=3209) to work on /opt/airflow/dags/daily_revenue_etl_dag.py
[2026-03-27T07:20:22.560+0000] {processor.py:830} INFO - Processing file /opt/airflow/dags/daily_revenue_etl_dag.py for tasks to queue
[2026-03-27T07:20:22.562+0000] {logging_mixin.py:188} INFO - [2026-03-27T07:20:22.561+0000] {dagbag.py:538} INFO - Filling up the DagBag from /opt/airflow/dags/daily_revenue_etl_dag.py
[2026-03-27T07:20:22.585+0000] {processor.py:840} INFO - DAG(s) 'daily_revenue_etl_dag' retrieved from /opt/airflow/dags/daily_revenue_etl_dag.py
[2026-03-27T07:20:22.614+0000] {logging_mixin.py:188} INFO - [2026-03-27T07:20:22.614+0000] {dag.py:3036} INFO - Sync 1 DAGs
[2026-03-27T06:56:50.365+0000] {logging_mixin.py:188} INFO - [2026-03-27T06:56:50.364+0000] {dag.py:3823} INFO - Setting next_dagrun for daily_revenue_etl_dag to 2026-03-27 00:00:00+00:00, run_after=2026-03-28 00:00:00+00:00
[2026-03-27T06:56:50.384+0000] {processor.py:183} INFO - Processing /opt/airflow/dags/daily_revenue_etl_dag.py took 0.102 seconds
[2026-03-27T06:57:20.498+0000] {processor.py:161} INFO - Started process (PID=3214) to work on /opt/airflow/dags/daily_revenue_etl_dag.py
[2026-03-27T06:57:20.499+0000] {processor.py:830} INFO - Processing file /opt/airflow/dags/daily_revenue_etl_dag.py for tasks to queue
[2026-03-27T06:57:20.500+0000] {logging_mixin.py:188} INFO - [2026-03-27T06:57:20.500+0000] {dagbag.py:538} INFO - Filling up the DagBag from /opt/airflow/dags/daily_revenue_etl_dag.py
[2026-03-27T06:57:20.520+0000] {processor.py:840} INFO - DAG(s) 'daily_revenue_etl_dag' retrieved from /opt/airflow/dags/daily_revenue_etl_dag.py
[2026-03-27T06:57:20.546+0000] {logging_mixin.py:188} INFO - [2026-03-27T06:57:20.546+0000] {dag.py:3036} INFO - Sync 1 DAGs
[2026-03-27T06:57:20.567+0000] {logging_mixin.py:188} INFO - [2026-03-27T06:57:20.567+0000] {dag.py:3823} INFO - Setting next_dagrun for daily_revenue_etl_dag to 2026-03-27 00:00:00+00:00, run_after=2026-03-28 00:00:00+00:00
[2026-03-27T06:57:20.586+0000] {processor.py:183} INFO - Processing /opt/airflow/dags/daily_revenue_etl_dag.py took 0.092 seconds
[2026-03-27T07:21:02.904+0000] {processor.py:161} INFO - Started process (PID=3219) to work on /opt/airflow/dags/daily_revenue_etl_dag.py
[2026-03-27T07:21:02.905+0000] {processor.py:830} INFO - Processing file /opt/airflow/dags/daily_revenue_etl_dag.py for tasks to queue
[2026-03-27T07:21:02.906+0000] {logging_mixin.py:188} INFO - [2026-03-27T07:21:02.905+0000] {dagbag.py:538} INFO - Filling up the DagBag from /opt/airflow/dags/daily_revenue_etl_dag.py
[2026-03-27T07:21:02.925+0000] {processor.py:840} INFO - DAG(s) 'daily_revenue_etl_dag' retrieved from /opt/airflow/dags/daily_revenue_etl_dag.py
[2026-03-27T06:57:30.555+0000] {logging_mixin.py:188} INFO - [2026-03-27T06:57:30.554+0000] {dag.py:3036} INFO - Sync 1 DAGs
[2026-03-27T06:57:30.582+0000] {logging_mixin.py:188} INFO - [2026-03-27T06:57:30.582+0000] {dag.py:3823} INFO - Setting next_dagrun for daily_revenue_etl_dag to 2026-03-27 00:00:00+00:00, run_after=2026-03-28 00:00:00+00:00
[2026-03-27T06:57:30.604+0000] {processor.py:183} INFO - Processing /opt/airflow/dags/daily_revenue_etl_dag.py took 0.100 seconds
[2026-03-27T06:58:00.925+0000] {processor.py:161} INFO - Started process (PID=3224) to work on /opt/airflow/dags/daily_revenue_etl_dag.py
[2026-03-27T06:58:00.927+0000] {processor.py:830} INFO - Processing file /opt/airflow/dags/daily_revenue_etl_dag.py for tasks to queue
[2026-03-27T06:58:00.930+0000] {logging_mixin.py:188} INFO - [2026-03-27T06:58:00.929+0000] {dagbag.py:538} INFO - Filling up the DagBag from /opt/airflow/dags/daily_revenue_etl_dag.py
[2026-03-27T06:58:00.970+0000] {processor.py:840} INFO - DAG(s) 'daily_revenue_etl_dag' retrieved from /opt/airflow/dags/daily_revenue_etl_dag.py
[2026-03-27T06:58:01.009+0000] {logging_mixin.py:188} INFO - [2026-03-27T06:58:01.008+0000] {dag.py:3036} INFO - Sync 1 DAGs
[2026-03-27T06:58:01.041+0000] {logging_mixin.py:188} INFO - [2026-03-27T06:58:01.041+0000] {dag.py:3823} INFO - Setting next_dagrun for daily_revenue_etl_dag to 2026-03-27 00:00:00+00:00, run_after=2026-03-28 00:00:00+00:00
[2026-03-27T06:58:01.090+0000] {processor.py:183} INFO - Processing /opt/airflow/dags/daily_revenue_etl_dag.py took 0.170 seconds
[2026-03-27T07:21:51.511+0000] {processor.py:161} INFO - Started process (PID=3229) to work on /opt/airflow/dags/daily_revenue_etl_dag.py
[2026-03-27T07:21:51.513+0000] {processor.py:830} INFO - Processing file /opt/airflow/dags/daily_revenue_etl_dag.py for tasks to queue
[2026-03-27T07:21:51.514+0000] {logging_mixin.py:188} INFO - [2026-03-27T07:21:51.514+0000] {dagbag.py:538} INFO - Filling up the DagBag from /opt/airflow/dags/daily_revenue_etl_dag.py
[2026-03-27T07:21:51.537+0000] {processor.py:840} INFO - DAG(s) 'daily_revenue_etl_dag' retrieved from /opt/airflow/dags/daily_revenue_etl_dag.py
[2026-03-27T07:21:51.567+0000] {logging_mixin.py:188} INFO - [2026-03-27T07:21:51.567+0000] {dag.py:3036} INFO - Sync 1 DAGs
[2026-03-27T07:21:51.597+0000] {logging_mixin.py:188} INFO - [2026-03-27T07:21:51.597+0000] {dag.py:3823} INFO - Setting next_dagrun for daily_revenue_etl_dag to 2026-03-27 00:00:00+00:00, run_after=2026-03-28 00:00:00+00:00
[2026-03-27T07:21:51.622+0000] {processor.py:183} INFO - Processing /opt/airflow/dags/daily_revenue_etl_dag.py took 0.115 seconds
[2026-03-27T07:22:22.695+0000] {processor.py:161} INFO - Started process (PID=3234) to work on /opt/airflow/dags/daily_revenue_etl_dag.py
[2026-03-27T07:22:22.696+0000] {processor.py:830} INFO - Processing file /opt/airflow/dags/daily_revenue_etl_dag.py for tasks to queue
[2026-03-27T07:22:22.697+0000] {logging_mixin.py:188} INFO - [2026-03-27T07:22:22.697+0000] {dagbag.py:538} INFO - Filling up the DagBag from /opt/airflow/dags/daily_revenue_etl_dag.py
[2026-03-27T07:22:22.714+0000] {processor.py:840} INFO - DAG(s) 'daily_revenue_etl_dag' retrieved from /opt/airflow/dags/daily_revenue_etl_dag.py
[2026-03-27T07:22:22.736+0000] {logging_mixin.py:188} INFO - [2026-03-27T07:22:22.736+0000] {dag.py:3036} INFO - Sync 1 DAGs
[2026-03-27T07:22:22.754+0000] {logging_mixin.py:188} INFO - [2026-03-27T07:22:22.754+0000] {dag.py:3823} INFO - Setting next_dagrun for daily_revenue_etl_dag to 2026-03-27 00:00:00+00:00, run_after=2026-03-28 00:00:00+00:00
[2026-03-27T07:22:22.770+0000] {processor.py:183} INFO - Processing /opt/airflow/dags/daily_revenue_etl_dag.py took 0.079 seconds
[2026-03-27T07:23:03.024+0000] {processor.py:161} INFO - Started process (PID=3239) to work on /opt/airflow/dags/daily_revenue_etl_dag.py
[2026-03-27T07:23:03.027+0000] {processor.py:830} INFO - Processing file /opt/airflow/dags/daily_revenue_etl_dag.py for tasks to queue
[2026-03-27T07:23:03.029+0000] {logging_mixin.py:188} INFO - [2026-03-27T07:23:03.028+0000] {dagbag.py:538} INFO - Filling up the DagBag from /opt/airflow/dags/daily_revenue_etl_dag.py
[2026-03-27T07:23:03.064+0000] {processor.py:840} INFO - DAG(s) 'daily_revenue_etl_dag' retrieved from /opt/airflow/dags/daily_revenue_etl_dag.py
[2026-03-27T07:23:03.106+0000] {logging_mixin.py:188} INFO - [2026-03-27T07:23:03.105+0000] {dag.py:3036} INFO - Sync 1 DAGs
[2026-03-27T07:23:03.135+0000] {logging_mixin.py:188} INFO - [2026-03-27T07:23:03.135+0000] {dag.py:3823} INFO - Setting next_dagrun for daily_revenue_etl_dag to 2026-03-27 00:00:00+00:00, run_after=2026-03-28 00:00:00+00:00
[2026-03-27T07:23:03.165+0000] {processor.py:183} INFO - Processing /opt/airflow/dags/daily_revenue_etl_dag.py took 0.147 seconds
[2026-03-27T07:24:21.521+0000] {processor.py:161} INFO - Started process (PID=3246) to work on /opt/airflow/dags/daily_revenue_etl_dag.py
[2026-03-27T07:24:21.522+0000] {processor.py:830} INFO - Processing file /opt/airflow/dags/daily_revenue_etl_dag.py for tasks to queue
[2026-03-27T07:24:21.523+0000] {logging_mixin.py:188} INFO - [2026-03-27T07:24:21.522+0000] {dagbag.py:538} INFO - Filling up the DagBag from /opt/airflow/dags/daily_revenue_etl_dag.py
[2026-03-27T07:24:21.545+0000] {processor.py:840} INFO - DAG(s) 'daily_revenue_etl_dag' retrieved from /opt/airflow/dags/daily_revenue_etl_dag.py
[2026-03-27T07:24:21.568+0000] {logging_mixin.py:188} INFO - [2026-03-27T07:24:21.568+0000] {dag.py:3036} INFO - Sync 1 DAGs
[2026-03-27T07:24:21.588+0000] {logging_mixin.py:188} INFO - [2026-03-27T07:24:21.588+0000] {dag.py:3823} INFO - Setting next_dagrun for daily_revenue_etl_dag to 2026-03-27 00:00:00+00:00, run_after=2026-03-28 00:00:00+00:00
[2026-03-27T07:24:21.608+0000] {processor.py:183} INFO - Processing /opt/airflow/dags/daily_revenue_etl_dag.py took 0.090 seconds
[2026-03-27T07:25:02.888+0000] {processor.py:161} INFO - Started process (PID=3251) to work on /opt/airflow/dags/daily_revenue_etl_dag.py
[2026-03-27T07:25:02.889+0000] {processor.py:830} INFO - Processing file /opt/airflow/dags/daily_revenue_etl_dag.py for tasks to queue
[2026-03-27T07:25:02.890+0000] {logging_mixin.py:188} INFO - [2026-03-27T07:25:02.889+0000] {dagbag.py:538} INFO - Filling up the DagBag from /opt/airflow/dags/daily_revenue_etl_dag.py
[2026-03-27T07:25:02.906+0000] {processor.py:840} INFO - DAG(s) 'daily_revenue_etl_dag' retrieved from /opt/airflow/dags/daily_revenue_etl_dag.py
[2026-03-27T07:25:02.931+0000] {logging_mixin.py:188} INFO - [2026-03-27T07:25:02.931+0000] {dag.py:3036} INFO - Sync 1 DAGs
[2026-03-27T07:25:02.951+0000] {logging_mixin.py:188} INFO - [2026-03-27T07:25:02.951+0000] {dag.py:3823} INFO - Setting next_dagrun for daily_revenue_etl_dag to 2026-03-27 00:00:00+00:00, run_after=2026-03-28 00:00:00+00:00
[2026-03-27T07:25:02.966+0000] {processor.py:183} INFO - Processing /opt/airflow/dags/daily_revenue_etl_dag.py took 0.082 seconds
[2026-03-27T07:25:33.091+0000] {processor.py:161} INFO - Started process (PID=3258) to work on /opt/airflow/dags/daily_revenue_etl_dag.py
[2026-03-27T07:25:33.093+0000] {processor.py:830} INFO - Processing file /opt/airflow/dags/daily_revenue_etl_dag.py for tasks to queue
[2026-03-27T07:25:33.093+0000] {logging_mixin.py:188} INFO - [2026-03-27T07:25:33.093+0000] {dagbag.py:538} INFO - Filling up the DagBag from /opt/airflow/dags/daily_revenue_etl_dag.py
[2026-03-27T07:02:00.851+0000] {processor.py:840} INFO - DAG(s) 'daily_revenue_etl_dag' retrieved from /opt/airflow/dags/daily_revenue_etl_dag.py
[2026-03-27T07:02:00.874+0000] {logging_mixin.py:188} INFO - [2026-03-27T07:02:00.874+0000] {dag.py:3036} INFO - Sync 1 DAGs
[2026-03-27T07:02:00.894+0000] {logging_mixin.py:188} INFO - [2026-03-27T07:02:00.894+0000] {dag.py:3823} INFO - Setting next_dagrun for daily_revenue_etl_dag to 2026-03-27 00:00:00+00:00, run_after=2026-03-28 00:00:00+00:00
[2026-03-27T07:02:00.909+0000] {processor.py:183} INFO - Processing /opt/airflow/dags/daily_revenue_etl_dag.py took 0.079 seconds
[2026-03-27T07:02:31.142+0000] {processor.py:161} INFO - Started process (PID=3263) to work on /opt/airflow/dags/daily_revenue_etl_dag.py
[2026-03-27T07:02:31.144+0000] {processor.py:830} INFO - Processing file /opt/airflow/dags/daily_revenue_etl_dag.py for tasks to queue
[2026-03-27T07:02:31.146+0000] {logging_mixin.py:188} INFO - [2026-03-27T07:02:31.145+0000] {dagbag.py:538} INFO - Filling up the DagBag from /opt/airflow/dags/daily_revenue_etl_dag.py
[2026-03-27T07:02:31.178+0000] {processor.py:840} INFO - DAG(s) 'daily_revenue_etl_dag' retrieved from /opt/airflow/dags/daily_revenue_etl_dag.py
[2026-03-27T07:02:31.216+0000] {logging_mixin.py:188} INFO - [2026-03-27T07:02:31.215+0000] {dag.py:3036} INFO - Sync 1 DAGs
[2026-03-27T07:02:31.258+0000] {logging_mixin.py:188} INFO - [2026-03-27T07:02:31.258+0000] {dag.py:3823} INFO - Setting next_dagrun for daily_revenue_etl_dag to 2026-03-27 00:00:00+00:00, run_after=2026-03-28 00:00:00+00:00
[2026-03-27T07:02:31.286+0000] {processor.py:183} INFO - Processing /opt/airflow/dags/daily_revenue_etl_dag.py took 0.150 seconds
[2026-03-27T07:26:21.536+0000] {processor.py:161} INFO - Started process (PID=3268) to work on /opt/airflow/dags/daily_revenue_etl_dag.py
[2026-03-27T07:26:21.537+0000] {processor.py:830} INFO - Processing file /opt/airflow/dags/daily_revenue_etl_dag.py for tasks to queue
[2026-03-27T07:26:21.538+0000] {logging_mixin.py:188} INFO - [2026-03-27T07:26:21.538+0000] {dagbag.py:538} INFO - Filling up the DagBag from /opt/airflow/dags/daily_revenue_etl_dag.py
[2026-03-27T07:26:21.555+0000] {processor.py:840} INFO - DAG(s) 'daily_revenue_etl_dag' retrieved from /opt/airflow/dags/daily_revenue_etl_dag.py
[2026-03-27T07:26:21.577+0000] {logging_mixin.py:188} INFO - [2026-03-27T07:26:21.577+0000] {dag.py:3036} INFO - Sync 1 DAGs
[2026-03-27T07:26:21.595+0000] {logging_mixin.py:188} INFO - [2026-03-27T07:26:21.595+0000] {dag.py:3823} INFO - Setting next_dagrun for daily_revenue_etl_dag to 2026-03-27 00:00:00+00:00, run_after=2026-03-28 00:00:00+00:00
[2026-03-27T07:26:21.612+0000] {processor.py:183} INFO - Processing /opt/airflow/dags/daily_revenue_etl_dag.py took 0.080 seconds
[2026-03-27T07:27:13.934+0000] {processor.py:161} INFO - Started process (PID=3275) to work on /opt/airflow/dags/daily_revenue_etl_dag.py
[2026-03-27T07:27:13.935+0000] {processor.py:830} INFO - Processing file /opt/airflow/dags/daily_revenue_etl_dag.py for tasks to queue
[2026-03-27T07:27:13.936+0000] {logging_mixin.py:188} INFO - [2026-03-27T07:27:13.936+0000] {dagbag.py:538} INFO - Filling up the DagBag from /opt/airflow/dags/daily_revenue_etl_dag.py
[2026-03-27T07:27:13.961+0000] {processor.py:840} INFO - DAG(s) 'daily_revenue_etl_dag' retrieved from /opt/airflow/dags/daily_revenue_etl_dag.py
[2026-03-27T07:27:13.996+0000] {logging_mixin.py:188} INFO - [2026-03-27T07:27:13.996+0000] {dag.py:3036} INFO - Sync 1 DAGs
[2026-03-27T07:27:14.029+0000] {logging_mixin.py:188} INFO - [2026-03-27T07:27:14.029+0000] {dag.py:3823} INFO - Setting next_dagrun for daily_revenue_etl_dag to 2026-03-27 00:00:00+00:00, run_after=2026-03-28 00:00:00+00:00
[2026-03-27T07:27:14.085+0000] {processor.py:183} INFO - Processing /opt/airflow/dags/daily_revenue_etl_dag.py took 0.157 seconds
[2026-03-27T07:27:48.253+0000] {processor.py:161} INFO - Started process (PID=3282) to work on /opt/airflow/dags/daily_revenue_etl_dag.py
[2026-03-27T07:27:48.254+0000] {processor.py:830} INFO - Processing file /opt/airflow/dags/daily_revenue_etl_dag.py for tasks to queue
[2026-03-27T07:27:48.255+0000] {logging_mixin.py:188} INFO - [2026-03-27T07:27:48.255+0000] {dagbag.py:538} INFO - Filling up the DagBag from /opt/airflow/dags/daily_revenue_etl_dag.py
[2026-03-27T07:27:48.280+0000] {processor.py:840} INFO - DAG(s) 'daily_revenue_etl_dag' retrieved from /opt/airflow/dags/daily_revenue_etl_dag.py
[2026-03-27T07:27:48.310+0000] {logging_mixin.py:188} INFO - [2026-03-27T07:27:48.310+0000] {dag.py:3036} INFO - Sync 1 DAGs
[2026-03-27T07:27:48.336+0000] {logging_mixin.py:188} INFO - [2026-03-27T07:27:48.336+0000] {dag.py:3823} INFO - Setting next_dagrun for daily_revenue_etl_dag to 2026-03-27 00:00:00+00:00, run_after=2026-03-28 00:00:00+00:00
[2026-03-27T07:04:16.101+0000] {processor.py:183} INFO - Processing /opt/airflow/dags/daily_revenue_etl_dag.py took 0.106 seconds
[2026-03-27T07:27:53.362+0000] {processor.py:161} INFO - Started process (PID=3287) to work on /opt/airflow/dags/daily_revenue_etl_dag.py
[2026-03-27T07:27:53.363+0000] {processor.py:830} INFO - Processing file /opt/airflow/dags/daily_revenue_etl_dag.py for tasks to queue
[2026-03-27T07:27:53.364+0000] {logging_mixin.py:188} INFO - [2026-03-27T07:27:53.364+0000] {dagbag.py:538} INFO - Filling up the DagBag from /opt/airflow/dags/daily_revenue_etl_dag.py
[2026-03-27T07:27:53.382+0000] {processor.py:840} INFO - DAG(s) 'daily_revenue_etl_dag' retrieved from /opt/airflow/dags/daily_revenue_etl_dag.py
[2026-03-27T07:27:53.407+0000] {logging_mixin.py:188} INFO - [2026-03-27T07:27:53.407+0000] {dag.py:3036} INFO - Sync 1 DAGs
[2026-03-27T07:27:53.431+0000] {logging_mixin.py:188} INFO - [2026-03-27T07:27:53.430+0000] {dag.py:3823} INFO - Setting next_dagrun for daily_revenue_etl_dag to 2026-03-27 00:00:00+00:00, run_after=2026-03-28 00:00:00+00:00
[2026-03-27T07:27:53.453+0000] {processor.py:183} INFO - Processing /opt/airflow/dags/daily_revenue_etl_dag.py took 0.094 seconds
[2026-03-27T07:28:48.921+0000] {processor.py:161} INFO - Started process (PID=3292) to work on /opt/airflow/dags/daily_revenue_etl_dag.py
[2026-03-27T07:28:48.927+0000] {processor.py:830} INFO - Processing file /opt/airflow/dags/daily_revenue_etl_dag.py for tasks to queue
[2026-03-27T07:28:48.931+0000] {logging_mixin.py:188} INFO - [2026-03-27T07:28:48.930+0000] {dagbag.py:538} INFO - Filling up the DagBag from /opt/airflow/dags/daily_revenue_etl_dag.py
[2026-03-27T07:28:49.019+0000] {processor.py:840} INFO - DAG(s) 'daily_revenue_etl_dag' retrieved from /opt/airflow/dags/daily_revenue_etl_dag.py
[2026-03-27T07:28:49.125+0000] {logging_mixin.py:188} INFO - [2026-03-27T07:28:49.123+0000] {dag.py:3036} INFO - Sync 1 DAGs
[2026-03-27T07:28:49.240+0000] {logging_mixin.py:188} INFO - [2026-03-27T07:28:49.239+0000] {dag.py:3823} INFO - Setting next_dagrun for daily_revenue_etl_dag to 2026-03-27 00:00:00+00:00, run_after=2026-03-28 00:00:00+00:00
[2026-03-27T07:28:49.360+0000] {processor.py:183} INFO - Processing /opt/airflow/dags/daily_revenue_etl_dag.py took 0.450 seconds
[2026-03-27T07:29:19.668+0000] {processor.py:161} INFO - Started process (PID=3299) to work on /opt/airflow/dags/daily_revenue_etl_dag.py
[2026-03-27T07:29:19.670+0000] {processor.py:830} INFO - Processing file /opt/airflow/dags/daily_revenue_etl_dag.py for tasks to queue
[2026-03-27T07:29:19.672+0000] {logging_mixin.py:188} INFO - [2026-03-27T07:29:19.671+0000] {dagbag.py:538} INFO - Filling up the DagBag from /opt/airflow/dags/daily_revenue_etl_dag.py
[2026-03-27T07:29:19.699+0000] {processor.py:840} INFO - DAG(s) 'daily_revenue_etl_dag' retrieved from /opt/airflow/dags/daily_revenue_etl_dag.py
[2026-03-27T07:29:19.738+0000] {logging_mixin.py:188} INFO - [2026-03-27T07:29:19.737+0000] {dag.py:3036} INFO - Sync 1 DAGs
[2026-03-27T07:05:46.893+0000] {logging_mixin.py:188} INFO - [2026-03-27T07:05:46.892+0000] {dag.py:3823} INFO - Setting next_dagrun for daily_revenue_etl_dag to 2026-03-27 00:00:00+00:00, run_after=2026-03-28 00:00:00+00:00
[2026-03-27T07:05:46.938+0000] {processor.py:183} INFO - Processing /opt/airflow/dags/daily_revenue_etl_dag.py took 0.163 seconds
[2026-03-27T07:29:21.699+0000] {processor.py:161} INFO - Started process (PID=3304) to work on /opt/airflow/dags/daily_revenue_etl_dag.py
[2026-03-27T07:29:21.701+0000] {processor.py:830} INFO - Processing file /opt/airflow/dags/daily_revenue_etl_dag.py for tasks to queue
[2026-03-27T07:29:21.702+0000] {logging_mixin.py:188} INFO - [2026-03-27T07:29:21.702+0000] {dagbag.py:538} INFO - Filling up the DagBag from /opt/airflow/dags/daily_revenue_etl_dag.py
[2026-03-27T07:29:21.725+0000] {processor.py:840} INFO - DAG(s) 'daily_revenue_etl_dag' retrieved from /opt/airflow/dags/daily_revenue_etl_dag.py
[2026-03-27T07:29:21.751+0000] {logging_mixin.py:188} INFO - [2026-03-27T07:29:21.751+0000] {dag.py:3036} INFO - Sync 1 DAGs
[2026-03-27T07:29:21.771+0000] {logging_mixin.py:188} INFO - [2026-03-27T07:29:21.770+0000] {dag.py:3823} INFO - Setting next_dagrun for daily_revenue_etl_dag to 2026-03-27 00:00:00+00:00, run_after=2026-03-28 00:00:00+00:00
[2026-03-27T07:29:21.788+0000] {processor.py:183} INFO - Processing /opt/airflow/dags/daily_revenue_etl_dag.py took 0.096 seconds
