[2026-04-13T03:36:37.661+0000] {processor.py:161} INFO - Started process (PID=174) to work on /opt/airflow/dags/daily_revenue_etl_dag.py
[2026-04-13T03:36:37.663+0000] {processor.py:830} INFO - Processing file /opt/airflow/dags/daily_revenue_etl_dag.py for tasks to queue
[2026-04-13T03:36:37.665+0000] {logging_mixin.py:188} INFO - [2026-04-13T03:36:37.665+0000] {dagbag.py:538} INFO - Filling up the DagBag from /opt/airflow/dags/daily_revenue_etl_dag.py
[2026-04-13T03:36:37.697+0000] {processor.py:840} INFO - DAG(s) 'daily_revenue_etl_dag' retrieved from /opt/airflow/dags/daily_revenue_etl_dag.py
[2026-04-13T03:36:37.765+0000] {logging_mixin.py:188} INFO - [2026-04-13T03:36:37.764+0000] {dag.py:3036} INFO - Sync 1 DAGs
[2026-04-13T03:36:37.791+0000] {logging_mixin.py:188} INFO - [2026-04-13T03:36:37.791+0000] {dag.py:3823} INFO - Setting next_dagrun for daily_revenue_etl_dag to 2026-04-12 00:00:00+00:00, run_after=2026-04-13 00:00:00+00:00
[2026-04-13T03:36:37.819+0000] {processor.py:183} INFO - Processing /opt/airflow/dags/daily_revenue_etl_dag.py took 0.163 seconds
[2026-04-13T03:37:07.934+0000] {processor.py:161} INFO - Started process (PID=188) to work on /opt/airflow/dags/daily_revenue_etl_dag.py
[2026-04-13T03:37:07.935+0000] {processor.py:830} INFO - Processing file /opt/airflow/dags/daily_revenue_etl_dag.py for tasks to queue
[2026-04-13T03:37:07.936+0000] {logging_mixin.py:188} INFO - [2026-04-13T03:37:07.936+0000] {dagbag.py:538} INFO - Filling up the DagBag from /opt/airflow/dags/daily_revenue_etl_dag.py
[2026-04-13T03:37:07.958+0000] {processor.py:840} INFO - DAG(s) 'daily_revenue_etl_dag' retrieved from /opt/airflow/dags/daily_revenue_etl_dag.py
[2026-04-13T03:37:07.985+0000] {logging_mixin.py:188} INFO - [2026-04-13T03:37:07.985+0000] {dag.py:3036} INFO - Sync 1 DAGs
[2026-04-13T03:37:08.006+0000] {logging_mixin.py:188} INFO - [2026-04-13T03:37:08.006+0000] {dag.py:3823} INFO - Setting next_dagrun for daily_revenue_etl_dag to 2026-04-13 00:00:00+00:00, run_after=2026-04-14 00:00:00+00:00
[2026-04-13T03:37:08.026+0000] {processor.py:183} INFO - Processing /opt/airflow/dags/daily_revenue_etl_dag.py took 0.096 seconds
[2026-04-13T04:01:13.582+0000] {processor.py:161} INFO - Started process (PID=195) to work on /opt/airflow/dags/daily_revenue_etl_dag.py
[2026-04-13T04:01:13.584+0000] {processor.py:830} INFO - Processing file /opt/airflow/dags/daily_revenue_etl_dag.py for tasks to queue
[2026-04-13T04:01:13.585+0000] {logging_mixin.py:188} INFO - [2026-04-13T04:01:13.585+0000] {dagbag.py:538} INFO - Filling up the DagBag from /opt/airflow/dags/daily_revenue_etl_dag.py
[2026-04-13T04:01:13.618+0000] {processor.py:840} INFO - DAG(s) 'daily_revenue_etl_dag' retrieved from /opt/airflow/dags/daily_revenue_etl_dag.py
[2026-04-13T04:01:13.660+0000] {logging_mixin.py:188} INFO - [2026-04-13T04:01:13.659+0000] {dag.py:3036} INFO - Sync 1 DAGs
[2026-04-13T04:01:13.690+0000] {logging_mixin.py:188} INFO - [2026-04-13T04:01:13.690+0000] {dag.py:3823} INFO - Setting next_dagrun for daily_revenue_etl_dag to 2026-04-13 00:00:00+00:00, run_after=2026-04-14 00:00:00+00:00
[2026-04-13T03:37:16.284+0000] {processor.py:183} INFO - Processing /opt/airflow/dags/daily_revenue_etl_dag.py took 0.141 seconds
[2026-04-13T04:01:15.772+0000] {processor.py:161} INFO - Started process (PID=204) to work on /opt/airflow/dags/daily_revenue_etl_dag.py
[2026-04-13T04:01:15.773+0000] {processor.py:830} INFO - Processing file /opt/airflow/dags/daily_revenue_etl_dag.py for tasks to queue
[2026-04-13T04:01:15.774+0000] {logging_mixin.py:188} INFO - [2026-04-13T04:01:15.774+0000] {dagbag.py:538} INFO - Filling up the DagBag from /opt/airflow/dags/daily_revenue_etl_dag.py
[2026-04-13T04:01:15.796+0000] {processor.py:840} INFO - DAG(s) 'daily_revenue_etl_dag' retrieved from /opt/airflow/dags/daily_revenue_etl_dag.py
[2026-04-13T04:01:15.830+0000] {logging_mixin.py:188} INFO - [2026-04-13T04:01:15.830+0000] {dag.py:3036} INFO - Sync 1 DAGs
[2026-04-13T03:37:18.422+0000] {logging_mixin.py:188} INFO - [2026-04-13T03:37:18.421+0000] {dag.py:3823} INFO - Setting next_dagrun for daily_revenue_etl_dag to 2026-04-13 00:00:00+00:00, run_after=2026-04-14 00:00:00+00:00
[2026-04-13T03:37:18.450+0000] {processor.py:183} INFO - Processing /opt/airflow/dags/daily_revenue_etl_dag.py took 0.119 seconds
[2026-04-13T04:01:20.807+0000] {processor.py:161} INFO - Started process (PID=210) to work on /opt/airflow/dags/daily_revenue_etl_dag.py
[2026-04-13T04:01:20.808+0000] {processor.py:830} INFO - Processing file /opt/airflow/dags/daily_revenue_etl_dag.py for tasks to queue
[2026-04-13T04:01:20.809+0000] {logging_mixin.py:188} INFO - [2026-04-13T04:01:20.809+0000] {dagbag.py:538} INFO - Filling up the DagBag from /opt/airflow/dags/daily_revenue_etl_dag.py
[2026-04-13T04:01:20.828+0000] {processor.py:840} INFO - DAG(s) 'daily_revenue_etl_dag' retrieved from /opt/airflow/dags/daily_revenue_etl_dag.py
[2026-04-13T04:01:20.853+0000] {logging_mixin.py:188} INFO - [2026-04-13T04:01:20.853+0000] {dag.py:3036} INFO - Sync 1 DAGs
[2026-04-13T03:37:23.443+0000] {logging_mixin.py:188} INFO - [2026-04-13T03:37:23.443+0000] {dag.py:3823} INFO - Setting next_dagrun for daily_revenue_etl_dag to 2026-04-13 00:00:00+00:00, run_after=2026-04-14 00:00:00+00:00
[2026-04-13T03:37:23.461+0000] {processor.py:183} INFO - Processing /opt/airflow/dags/daily_revenue_etl_dag.py took 0.089 seconds
[2026-04-13T04:01:25.840+0000] {processor.py:161} INFO - Started process (PID=215) to work on /opt/airflow/dags/daily_revenue_etl_dag.py
[2026-04-13T04:01:25.841+0000] {processor.py:830} INFO - Processing file /opt/airflow/dags/daily_revenue_etl_dag.py for tasks to queue
[2026-04-13T04:01:25.842+0000] {logging_mixin.py:188} INFO - [2026-04-13T04:01:25.841+0000] {dagbag.py:538} INFO - Filling up the DagBag from /opt/airflow/dags/daily_revenue_etl_dag.py
[2026-04-13T04:01:25.859+0000] {processor.py:840} INFO - DAG(s) 'daily_revenue_etl_dag' retrieved from /opt/airflow/dags/daily_revenue_etl_dag.py
[2026-04-13T04:01:25.884+0000] {logging_mixin.py:188} INFO - [2026-04-13T04:01:25.884+0000] {dag.py:3036} INFO - Sync 1 DAGs
[2026-04-13T04:01:25.903+0000] {logging_mixin.py:188} INFO - [2026-04-13T04:01:25.903+0000] {dag.py:3823} INFO - Setting next_dagrun for daily_revenue_etl_dag to 2026-04-13 00:00:00+00:00, run_after=2026-04-14 00:00:00+00:00
[2026-04-13T04:01:25.919+0000] {processor.py:183} INFO - Processing /opt/airflow/dags/daily_revenue_etl_dag.py took 0.082 seconds
[2026-04-13T03:37:33.455+0000] {processor.py:161} INFO - Started process (PID=220) to work on /opt/airflow/dags/daily_revenue_etl_dag.py
[2026-04-13T03:37:33.456+0000] {processor.py:830} INFO - Processing file /opt/airflow/dags/daily_revenue_etl_dag.py for tasks to queue
[2026-04-13T03:37:33.457+0000] {logging_mixin.py:188} INFO - [2026-04-13T03:37:33.457+0000] {dagbag.py:538} INFO - Filling up the DagBag from /opt/airflow/dags/daily_revenue_etl_dag.py
[2026-04-13T03:37:33.476+0000] {processor.py:840} INFO - DAG(s) 'daily_revenue_etl_dag' retrieved from /opt/airflow/dags/daily_revenue_etl_dag.py
[2026-04-13T03:37:33.505+0000] {logging_mixin.py:188} INFO - [2026-04-13T03:37:33.505+0000] {dag.py:3036} INFO - Sync 1 DAGs
[2026-04-13T03:37:33.529+0000] {logging_mixin.py:188} INFO - [2026-04-13T03:37:33.529+0000] {dag.py:3823} INFO - Setting next_dagrun for daily_revenue_etl_dag to 2026-04-13 00:00:00+00:00, run_after=2026-04-14 00:00:00+00:00
[2026-04-13T03:37:33.545+0000] {processor.py:183} INFO - Processing /opt/airflow/dags/daily_revenue_etl_dag.py took 0.094 seconds
[2026-04-13T03:38:03.725+0000] {processor.py:161} INFO - Started process (PID=231) to work on /opt/airflow/dags/daily_revenue_etl_dag.py
[2026-04-13T03:38:03.726+0000] {processor.py:830} INFO - Processing file /opt/airflow/dags/daily_revenue_etl_dag.py for tasks to queue
[2026-04-13T03:38:03.727+0000] {logging_mixin.py:188} INFO - [2026-04-13T03:38:03.727+0000] {dagbag.py:538} INFO - Filling up the DagBag from /opt/airflow/dags/daily_revenue_etl_dag.py
[2026-04-13T03:38:03.745+0000] {processor.py:840} INFO - DAG(s) 'daily_revenue_etl_dag' retrieved from /opt/airflow/dags/daily_revenue_etl_dag.py
[2026-04-13T03:38:03.766+0000] {logging_mixin.py:188} INFO - [2026-04-13T03:38:03.766+0000] {dag.py:3036} INFO - Sync 1 DAGs
[2026-04-13T03:38:03.784+0000] {logging_mixin.py:188} INFO - [2026-04-13T03:38:03.784+0000] {dag.py:3823} INFO - Setting next_dagrun for daily_revenue_etl_dag to 2026-04-13 00:00:00+00:00, run_after=2026-04-14 00:00:00+00:00
[2026-04-13T03:38:03.799+0000] {processor.py:183} INFO - Processing /opt/airflow/dags/daily_revenue_etl_dag.py took 0.076 seconds
[2026-04-13T03:38:33.900+0000] {processor.py:161} INFO - Started process (PID=236) to work on /opt/airflow/dags/daily_revenue_etl_dag.py
[2026-04-13T03:38:33.901+0000] {processor.py:830} INFO - Processing file /opt/airflow/dags/daily_revenue_etl_dag.py for tasks to queue
[2026-04-13T03:38:33.902+0000] {logging_mixin.py:188} INFO - [2026-04-13T03:38:33.902+0000] {dagbag.py:538} INFO - Filling up the DagBag from /opt/airflow/dags/daily_revenue_etl_dag.py
[2026-04-13T03:38:33.920+0000] {processor.py:840} INFO - DAG(s) 'daily_revenue_etl_dag' retrieved from /opt/airflow/dags/daily_revenue_etl_dag.py
[2026-04-13T03:38:33.942+0000] {logging_mixin.py:188} INFO - [2026-04-13T03:38:33.942+0000] {dag.py:3036} INFO - Sync 1 DAGs
[2026-04-13T03:38:33.960+0000] {logging_mixin.py:188} INFO - [2026-04-13T03:38:33.960+0000] {dag.py:3823} INFO - Setting next_dagrun for daily_revenue_etl_dag to 2026-04-13 00:00:00+00:00, run_after=2026-04-14 00:00:00+00:00
[2026-04-13T03:38:33.977+0000] {processor.py:183} INFO - Processing /opt/airflow/dags/daily_revenue_etl_dag.py took 0.080 seconds
[2026-04-13T04:02:43.501+0000] {processor.py:161} INFO - Started process (PID=242) to work on /opt/airflow/dags/daily_revenue_etl_dag.py
[2026-04-13T04:02:43.502+0000] {processor.py:830} INFO - Processing file /opt/airflow/dags/daily_revenue_etl_dag.py for tasks to queue
[2026-04-13T04:02:43.503+0000] {logging_mixin.py:188} INFO - [2026-04-13T04:02:43.502+0000] {dagbag.py:538} INFO - Filling up the DagBag from /opt/airflow/dags/daily_revenue_etl_dag.py
[2026-04-13T04:02:43.518+0000] {processor.py:840} INFO - DAG(s) 'daily_revenue_etl_dag' retrieved from /opt/airflow/dags/daily_revenue_etl_dag.py
[2026-04-13T04:02:43.539+0000] {logging_mixin.py:188} INFO - [2026-04-13T04:02:43.539+0000] {dag.py:3036} INFO - Sync 1 DAGs
[2026-04-13T04:02:43.557+0000] {logging_mixin.py:188} INFO - [2026-04-13T04:02:43.556+0000] {dag.py:3823} INFO - Setting next_dagrun for daily_revenue_etl_dag to 2026-04-13 00:00:00+00:00, run_after=2026-04-14 00:00:00+00:00
[2026-04-13T04:02:43.571+0000] {processor.py:183} INFO - Processing /opt/airflow/dags/daily_revenue_etl_dag.py took 0.073 seconds
[2026-04-13T03:39:16.290+0000] {processor.py:161} INFO - Started process (PID=247) to work on /opt/airflow/dags/daily_revenue_etl_dag.py
[2026-04-13T03:39:16.293+0000] {processor.py:830} INFO - Processing file /opt/airflow/dags/daily_revenue_etl_dag.py for tasks to queue
[2026-04-13T03:39:16.296+0000] {logging_mixin.py:188} INFO - [2026-04-13T03:39:16.295+0000] {dagbag.py:538} INFO - Filling up the DagBag from /opt/airflow/dags/daily_revenue_etl_dag.py
[2026-04-13T03:39:16.353+0000] {processor.py:840} INFO - DAG(s) 'daily_revenue_etl_dag' retrieved from /opt/airflow/dags/daily_revenue_etl_dag.py
[2026-04-13T03:39:16.436+0000] {logging_mixin.py:188} INFO - [2026-04-13T03:39:16.435+0000] {dag.py:3036} INFO - Sync 1 DAGs
[2026-04-13T03:39:16.492+0000] {logging_mixin.py:188} INFO - [2026-04-13T03:39:16.491+0000] {dag.py:3823} INFO - Setting next_dagrun for daily_revenue_etl_dag to 2026-04-13 00:00:00+00:00, run_after=2026-04-14 00:00:00+00:00
[2026-04-13T03:39:16.556+0000] {processor.py:183} INFO - Processing /opt/airflow/dags/daily_revenue_etl_dag.py took 0.277 seconds
[2026-04-13T04:03:16.096+0000] {processor.py:161} INFO - Started process (PID=252) to work on /opt/airflow/dags/daily_revenue_etl_dag.py
[2026-04-13T04:03:16.099+0000] {processor.py:830} INFO - Processing file /opt/airflow/dags/daily_revenue_etl_dag.py for tasks to queue
[2026-04-13T04:03:16.101+0000] {logging_mixin.py:188} INFO - [2026-04-13T04:03:16.100+0000] {dagbag.py:538} INFO - Filling up the DagBag from /opt/airflow/dags/daily_revenue_etl_dag.py
[2026-04-13T03:39:18.687+0000] {processor.py:840} INFO - DAG(s) 'daily_revenue_etl_dag' retrieved from /opt/airflow/dags/daily_revenue_etl_dag.py
[2026-04-13T03:39:18.739+0000] {logging_mixin.py:188} INFO - [2026-04-13T03:39:18.738+0000] {dag.py:3036} INFO - Sync 1 DAGs
[2026-04-13T03:39:18.775+0000] {logging_mixin.py:188} INFO - [2026-04-13T03:39:18.775+0000] {dag.py:3823} INFO - Setting next_dagrun for daily_revenue_etl_dag to 2026-04-13 00:00:00+00:00, run_after=2026-04-14 00:00:00+00:00
[2026-04-13T03:39:18.800+0000] {processor.py:183} INFO - Processing /opt/airflow/dags/daily_revenue_etl_dag.py took 0.162 seconds
[2026-04-13T03:39:28.733+0000] {processor.py:161} INFO - Started process (PID=257) to work on /opt/airflow/dags/daily_revenue_etl_dag.py
[2026-04-13T03:39:28.735+0000] {processor.py:830} INFO - Processing file /opt/airflow/dags/daily_revenue_etl_dag.py for tasks to queue
[2026-04-13T03:39:28.736+0000] {logging_mixin.py:188} INFO - [2026-04-13T03:39:28.736+0000] {dagbag.py:538} INFO - Filling up the DagBag from /opt/airflow/dags/daily_revenue_etl_dag.py
[2026-04-13T03:39:28.772+0000] {processor.py:840} INFO - DAG(s) 'daily_revenue_etl_dag' retrieved from /opt/airflow/dags/daily_revenue_etl_dag.py
[2026-04-13T03:39:28.814+0000] {logging_mixin.py:188} INFO - [2026-04-13T03:39:28.814+0000] {dag.py:3036} INFO - Sync 1 DAGs
[2026-04-13T03:39:28.843+0000] {logging_mixin.py:188} INFO - [2026-04-13T03:39:28.842+0000] {dag.py:3823} INFO - Setting next_dagrun for daily_revenue_etl_dag to 2026-04-13 00:00:00+00:00, run_after=2026-04-14 00:00:00+00:00
[2026-04-13T03:39:28.866+0000] {processor.py:183} INFO - Processing /opt/airflow/dags/daily_revenue_etl_dag.py took 0.141 seconds
[2026-04-13T03:39:58.942+0000] {processor.py:161} INFO - Started process (PID=262) to work on /opt/airflow/dags/daily_revenue_etl_dag.py
[2026-04-13T03:39:58.943+0000] {processor.py:830} INFO - Processing file /opt/airflow/dags/daily_revenue_etl_dag.py for tasks to queue
[2026-04-13T03:39:58.944+0000] {logging_mixin.py:188} INFO - [2026-04-13T03:39:58.944+0000] {dagbag.py:538} INFO - Filling up the DagBag from /opt/airflow/dags/daily_revenue_etl_dag.py
[2026-04-13T03:39:58.972+0000] {processor.py:840} INFO - DAG(s) 'daily_revenue_etl_dag' retrieved from /opt/airflow/dags/daily_revenue_etl_dag.py
[2026-04-13T03:39:59.004+0000] {logging_mixin.py:188} INFO - [2026-04-13T03:39:59.004+0000] {dag.py:3036} INFO - Sync 1 DAGs
[2026-04-13T03:39:59.027+0000] {logging_mixin.py:188} INFO - [2026-04-13T03:39:59.027+0000] {dag.py:3823} INFO - Setting next_dagrun for daily_revenue_etl_dag to 2026-04-13 00:00:00+00:00, run_after=2026-04-14 00:00:00+00:00
[2026-04-13T03:39:59.048+0000] {processor.py:183} INFO - Processing /opt/airflow/dags/daily_revenue_etl_dag.py took 0.111 seconds
[2026-04-13T04:04:13.599+0000] {processor.py:161} INFO - Started process (PID=267) to work on /opt/airflow/dags/daily_revenue_etl_dag.py
[2026-04-13T04:04:13.600+0000] {processor.py:830} INFO - Processing file /opt/airflow/dags/daily_revenue_etl_dag.py for tasks to queue
[2026-04-13T04:04:13.602+0000] {logging_mixin.py:188} INFO - [2026-04-13T04:04:13.601+0000] {dagbag.py:538} INFO - Filling up the DagBag from /opt/airflow/dags/daily_revenue_etl_dag.py
[2026-04-13T04:04:13.622+0000] {processor.py:840} INFO - DAG(s) 'daily_revenue_etl_dag' retrieved from /opt/airflow/dags/daily_revenue_etl_dag.py
[2026-04-13T04:04:13.644+0000] {logging_mixin.py:188} INFO - [2026-04-13T04:04:13.644+0000] {dag.py:3036} INFO - Sync 1 DAGs
[2026-04-13T04:04:13.664+0000] {logging_mixin.py:188} INFO - [2026-04-13T04:04:13.664+0000] {dag.py:3823} INFO - Setting next_dagrun for daily_revenue_etl_dag to 2026-04-13 00:00:00+00:00, run_after=2026-04-14 00:00:00+00:00
[2026-04-13T04:04:13.680+0000] {processor.py:183} INFO - Processing /opt/airflow/dags/daily_revenue_etl_dag.py took 0.085 seconds
[2026-04-13T04:05:16.078+0000] {processor.py:161} INFO - Started process (PID=274) to work on /opt/airflow/dags/daily_revenue_etl_dag.py
[2026-04-13T04:05:16.081+0000] {processor.py:830} INFO - Processing file /opt/airflow/dags/daily_revenue_etl_dag.py for tasks to queue
[2026-04-13T04:05:16.083+0000] {logging_mixin.py:188} INFO - [2026-04-13T04:05:16.083+0000] {dagbag.py:538} INFO - Filling up the DagBag from /opt/airflow/dags/daily_revenue_etl_dag.py
[2026-04-13T04:05:16.126+0000] {processor.py:840} INFO - DAG(s) 'daily_revenue_etl_dag' retrieved from /opt/airflow/dags/daily_revenue_etl_dag.py
[2026-04-13T04:05:16.186+0000] {logging_mixin.py:188} INFO - [2026-04-13T04:05:16.186+0000] {dag.py:3036} INFO - Sync 1 DAGs
[2026-04-13T04:05:16.259+0000] {logging_mixin.py:188} INFO - [2026-04-13T04:05:16.256+0000] {dag.py:3823} INFO - Setting next_dagrun for daily_revenue_etl_dag to 2026-04-13 00:00:00+00:00, run_after=2026-04-14 00:00:00+00:00
[2026-04-13T03:41:18.904+0000] {processor.py:183} INFO - Processing /opt/airflow/dags/daily_revenue_etl_dag.py took 0.262 seconds
[2026-04-13T04:05:21.149+0000] {processor.py:161} INFO - Started process (PID=279) to work on /opt/airflow/dags/daily_revenue_etl_dag.py
[2026-04-13T04:05:21.151+0000] {processor.py:830} INFO - Processing file /opt/airflow/dags/daily_revenue_etl_dag.py for tasks to queue
[2026-04-13T04:05:21.152+0000] {logging_mixin.py:188} INFO - [2026-04-13T04:05:21.152+0000] {dagbag.py:538} INFO - Filling up the DagBag from /opt/airflow/dags/daily_revenue_etl_dag.py
[2026-04-13T04:05:21.193+0000] {processor.py:840} INFO - DAG(s) 'daily_revenue_etl_dag' retrieved from /opt/airflow/dags/daily_revenue_etl_dag.py
[2026-04-13T04:05:21.248+0000] {logging_mixin.py:188} INFO - [2026-04-13T04:05:21.247+0000] {dag.py:3036} INFO - Sync 1 DAGs
[2026-04-13T03:41:23.862+0000] {logging_mixin.py:188} INFO - [2026-04-13T03:41:23.862+0000] {dag.py:3823} INFO - Setting next_dagrun for daily_revenue_etl_dag to 2026-04-13 00:00:00+00:00, run_after=2026-04-14 00:00:00+00:00
[2026-04-13T03:41:23.882+0000] {processor.py:183} INFO - Processing /opt/airflow/dags/daily_revenue_etl_dag.py took 0.166 seconds
[2026-04-13T04:05:26.157+0000] {processor.py:161} INFO - Started process (PID=284) to work on /opt/airflow/dags/daily_revenue_etl_dag.py
[2026-04-13T04:05:26.158+0000] {processor.py:830} INFO - Processing file /opt/airflow/dags/daily_revenue_etl_dag.py for tasks to queue
[2026-04-13T04:05:26.159+0000] {logging_mixin.py:188} INFO - [2026-04-13T04:05:26.159+0000] {dagbag.py:538} INFO - Filling up the DagBag from /opt/airflow/dags/daily_revenue_etl_dag.py
[2026-04-13T04:05:26.179+0000] {processor.py:840} INFO - DAG(s) 'daily_revenue_etl_dag' retrieved from /opt/airflow/dags/daily_revenue_etl_dag.py
[2026-04-13T04:05:26.205+0000] {logging_mixin.py:188} INFO - [2026-04-13T04:05:26.205+0000] {dag.py:3036} INFO - Sync 1 DAGs
[2026-04-13T04:05:26.236+0000] {logging_mixin.py:188} INFO - [2026-04-13T04:05:26.235+0000] {dag.py:3823} INFO - Setting next_dagrun for daily_revenue_etl_dag to 2026-04-13 00:00:00+00:00, run_after=2026-04-14 00:00:00+00:00
[2026-04-13T04:05:26.272+0000] {processor.py:183} INFO - Processing /opt/airflow/dags/daily_revenue_etl_dag.py took 0.118 seconds
[2026-04-13T03:42:03.957+0000] {processor.py:161} INFO - Started process (PID=289) to work on /opt/airflow/dags/daily_revenue_etl_dag.py
[2026-04-13T03:42:03.959+0000] {processor.py:830} INFO - Processing file /opt/airflow/dags/daily_revenue_etl_dag.py for tasks to queue
[2026-04-13T03:42:03.961+0000] {logging_mixin.py:188} INFO - [2026-04-13T03:42:03.961+0000] {dagbag.py:538} INFO - Filling up the DagBag from /opt/airflow/dags/daily_revenue_etl_dag.py
[2026-04-13T03:42:03.998+0000] {processor.py:840} INFO - DAG(s) 'daily_revenue_etl_dag' retrieved from /opt/airflow/dags/daily_revenue_etl_dag.py
[2026-04-13T03:42:04.039+0000] {logging_mixin.py:188} INFO - [2026-04-13T03:42:04.039+0000] {dag.py:3036} INFO - Sync 1 DAGs
[2026-04-13T03:42:04.071+0000] {logging_mixin.py:188} INFO - [2026-04-13T03:42:04.071+0000] {dag.py:3823} INFO - Setting next_dagrun for daily_revenue_etl_dag to 2026-04-13 00:00:00+00:00, run_after=2026-04-14 00:00:00+00:00
[2026-04-13T03:42:04.100+0000] {processor.py:183} INFO - Processing /opt/airflow/dags/daily_revenue_etl_dag.py took 0.151 seconds
[2026-04-13T04:06:13.585+0000] {processor.py:161} INFO - Started process (PID=294) to work on /opt/airflow/dags/daily_revenue_etl_dag.py
[2026-04-13T04:06:13.586+0000] {processor.py:830} INFO - Processing file /opt/airflow/dags/daily_revenue_etl_dag.py for tasks to queue
[2026-04-13T04:06:13.587+0000] {logging_mixin.py:188} INFO - [2026-04-13T04:06:13.587+0000] {dagbag.py:538} INFO - Filling up the DagBag from /opt/airflow/dags/daily_revenue_etl_dag.py
[2026-04-13T04:06:13.608+0000] {processor.py:840} INFO - DAG(s) 'daily_revenue_etl_dag' retrieved from /opt/airflow/dags/daily_revenue_etl_dag.py
[2026-04-13T04:06:13.636+0000] {logging_mixin.py:188} INFO - [2026-04-13T04:06:13.635+0000] {dag.py:3036} INFO - Sync 1 DAGs
[2026-04-13T04:06:13.661+0000] {logging_mixin.py:188} INFO - [2026-04-13T04:06:13.661+0000] {dag.py:3823} INFO - Setting next_dagrun for daily_revenue_etl_dag to 2026-04-13 00:00:00+00:00, run_after=2026-04-14 00:00:00+00:00
[2026-04-13T04:06:13.683+0000] {processor.py:183} INFO - Processing /opt/airflow/dags/daily_revenue_etl_dag.py took 0.102 seconds
[2026-04-13T04:08:11.349+0000] {processor.py:161} INFO - Started process (PID=299) to work on /opt/airflow/dags/daily_revenue_etl_dag.py
[2026-04-13T04:08:11.350+0000] {processor.py:830} INFO - Processing file /opt/airflow/dags/daily_revenue_etl_dag.py for tasks to queue
[2026-04-13T04:08:11.351+0000] {logging_mixin.py:188} INFO - [2026-04-13T04:08:11.351+0000] {dagbag.py:538} INFO - Filling up the DagBag from /opt/airflow/dags/daily_revenue_etl_dag.py
[2026-04-13T04:08:11.372+0000] {processor.py:840} INFO - DAG(s) 'daily_revenue_etl_dag' retrieved from /opt/airflow/dags/daily_revenue_etl_dag.py
[2026-04-13T04:08:11.393+0000] {logging_mixin.py:188} INFO - [2026-04-13T04:08:11.393+0000] {dag.py:3036} INFO - Sync 1 DAGs
[2026-04-13T04:08:11.410+0000] {logging_mixin.py:188} INFO - [2026-04-13T04:08:11.410+0000] {dag.py:3823} INFO - Setting next_dagrun for daily_revenue_etl_dag to 2026-04-13 00:00:00+00:00, run_after=2026-04-14 00:00:00+00:00
[2026-04-13T04:08:11.428+0000] {processor.py:183} INFO - Processing /opt/airflow/dags/daily_revenue_etl_dag.py took 0.082 seconds
[2026-04-13T04:08:41.545+0000] {processor.py:161} INFO - Started process (PID=304) to work on /opt/airflow/dags/daily_revenue_etl_dag.py
[2026-04-13T04:08:41.546+0000] {processor.py:830} INFO - Processing file /opt/airflow/dags/daily_revenue_etl_dag.py for tasks to queue
[2026-04-13T04:08:41.547+0000] {logging_mixin.py:188} INFO - [2026-04-13T04:08:41.547+0000] {dagbag.py:538} INFO - Filling up the DagBag from /opt/airflow/dags/daily_revenue_etl_dag.py
[2026-04-13T04:08:41.567+0000] {processor.py:840} INFO - DAG(s) 'daily_revenue_etl_dag' retrieved from /opt/airflow/dags/daily_revenue_etl_dag.py
[2026-04-13T04:08:41.596+0000] {logging_mixin.py:188} INFO - [2026-04-13T04:08:41.596+0000] {dag.py:3036} INFO - Sync 1 DAGs
[2026-04-13T03:44:44.197+0000] {logging_mixin.py:188} INFO - [2026-04-13T03:44:44.197+0000] {dag.py:3823} INFO - Setting next_dagrun for daily_revenue_etl_dag to 2026-04-13 00:00:00+00:00, run_after=2026-04-14 00:00:00+00:00
[2026-04-13T03:44:44.217+0000] {processor.py:183} INFO - Processing /opt/airflow/dags/daily_revenue_etl_dag.py took 0.098 seconds
[2026-04-13T04:08:43.623+0000] {processor.py:161} INFO - Started process (PID=309) to work on /opt/airflow/dags/daily_revenue_etl_dag.py
[2026-04-13T04:08:43.624+0000] {processor.py:830} INFO - Processing file /opt/airflow/dags/daily_revenue_etl_dag.py for tasks to queue
[2026-04-13T04:08:43.625+0000] {logging_mixin.py:188} INFO - [2026-04-13T04:08:43.625+0000] {dagbag.py:538} INFO - Filling up the DagBag from /opt/airflow/dags/daily_revenue_etl_dag.py
[2026-04-13T04:08:43.642+0000] {processor.py:840} INFO - DAG(s) 'daily_revenue_etl_dag' retrieved from /opt/airflow/dags/daily_revenue_etl_dag.py
[2026-04-13T04:08:43.666+0000] {logging_mixin.py:188} INFO - [2026-04-13T04:08:43.666+0000] {dag.py:3036} INFO - Sync 1 DAGs
[2026-04-13T04:08:43.687+0000] {logging_mixin.py:188} INFO - [2026-04-13T04:08:43.686+0000] {dag.py:3823} INFO - Setting next_dagrun for daily_revenue_etl_dag to 2026-04-13 00:00:00+00:00, run_after=2026-04-14 00:00:00+00:00
[2026-04-13T04:08:43.707+0000] {processor.py:183} INFO - Processing /opt/airflow/dags/daily_revenue_etl_dag.py took 0.087 seconds
[2026-04-13T04:11:13.618+0000] {processor.py:161} INFO - Started process (PID=316) to work on /opt/airflow/dags/daily_revenue_etl_dag.py
[2026-04-13T04:11:13.620+0000] {processor.py:830} INFO - Processing file /opt/airflow/dags/daily_revenue_etl_dag.py for tasks to queue
[2026-04-13T04:11:13.621+0000] {logging_mixin.py:188} INFO - [2026-04-13T04:11:13.621+0000] {dagbag.py:538} INFO - Filling up the DagBag from /opt/airflow/dags/daily_revenue_etl_dag.py
[2026-04-13T04:11:13.640+0000] {processor.py:840} INFO - DAG(s) 'daily_revenue_etl_dag' retrieved from /opt/airflow/dags/daily_revenue_etl_dag.py
[2026-04-13T04:11:13.665+0000] {logging_mixin.py:188} INFO - [2026-04-13T04:11:13.665+0000] {dag.py:3036} INFO - Sync 1 DAGs
[2026-04-13T04:11:13.689+0000] {logging_mixin.py:188} INFO - [2026-04-13T04:11:13.689+0000] {dag.py:3823} INFO - Setting next_dagrun for daily_revenue_etl_dag to 2026-04-13 00:00:00+00:00, run_after=2026-04-14 00:00:00+00:00
[2026-04-13T04:11:13.710+0000] {processor.py:183} INFO - Processing /opt/airflow/dags/daily_revenue_etl_dag.py took 0.095 seconds
[2026-04-13T04:11:46.818+0000] {processor.py:161} INFO - Started process (PID=321) to work on /opt/airflow/dags/daily_revenue_etl_dag.py
[2026-04-13T04:11:46.819+0000] {processor.py:830} INFO - Processing file /opt/airflow/dags/daily_revenue_etl_dag.py for tasks to queue
[2026-04-13T04:11:46.820+0000] {logging_mixin.py:188} INFO - [2026-04-13T04:11:46.820+0000] {dagbag.py:538} INFO - Filling up the DagBag from /opt/airflow/dags/daily_revenue_etl_dag.py
[2026-04-13T04:11:46.837+0000] {processor.py:840} INFO - DAG(s) 'daily_revenue_etl_dag' retrieved from /opt/airflow/dags/daily_revenue_etl_dag.py
[2026-04-13T04:11:46.862+0000] {logging_mixin.py:188} INFO - [2026-04-13T04:11:46.861+0000] {dag.py:3036} INFO - Sync 1 DAGs
[2026-04-13T04:11:46.884+0000] {logging_mixin.py:188} INFO - [2026-04-13T04:11:46.884+0000] {dag.py:3823} INFO - Setting next_dagrun for daily_revenue_etl_dag to 2026-04-13 00:00:00+00:00, run_after=2026-04-14 00:00:00+00:00
[2026-04-13T03:47:49.485+0000] {processor.py:183} INFO - Processing /opt/airflow/dags/daily_revenue_etl_dag.py took 0.089 seconds
[2026-04-13T03:47:54.520+0000] {processor.py:161} INFO - Started process (PID=326) to work on /opt/airflow/dags/daily_revenue_etl_dag.py
[2026-04-13T03:47:54.521+0000] {processor.py:830} INFO - Processing file /opt/airflow/dags/daily_revenue_etl_dag.py for tasks to queue
[2026-04-13T03:47:54.522+0000] {logging_mixin.py:188} INFO - [2026-04-13T03:47:54.521+0000] {dagbag.py:538} INFO - Filling up the DagBag from /opt/airflow/dags/daily_revenue_etl_dag.py
[2026-04-13T03:47:54.538+0000] {processor.py:840} INFO - DAG(s) 'daily_revenue_etl_dag' retrieved from /opt/airflow/dags/daily_revenue_etl_dag.py
[2026-04-13T03:47:54.559+0000] {logging_mixin.py:188} INFO - [2026-04-13T03:47:54.558+0000] {dag.py:3036} INFO - Sync 1 DAGs
[2026-04-13T03:47:54.576+0000] {logging_mixin.py:188} INFO - [2026-04-13T03:47:54.576+0000] {dag.py:3823} INFO - Setting next_dagrun for daily_revenue_etl_dag to 2026-04-13 00:00:00+00:00, run_after=2026-04-14 00:00:00+00:00
[2026-04-13T03:47:54.592+0000] {processor.py:183} INFO - Processing /opt/airflow/dags/daily_revenue_etl_dag.py took 0.075 seconds
[2026-04-13T03:48:24.713+0000] {processor.py:161} INFO - Started process (PID=331) to work on /opt/airflow/dags/daily_revenue_etl_dag.py
[2026-04-13T03:48:24.715+0000] {processor.py:830} INFO - Processing file /opt/airflow/dags/daily_revenue_etl_dag.py for tasks to queue
[2026-04-13T03:48:24.716+0000] {logging_mixin.py:188} INFO - [2026-04-13T03:48:24.716+0000] {dagbag.py:538} INFO - Filling up the DagBag from /opt/airflow/dags/daily_revenue_etl_dag.py
[2026-04-13T03:48:24.751+0000] {processor.py:840} INFO - DAG(s) 'daily_revenue_etl_dag' retrieved from /opt/airflow/dags/daily_revenue_etl_dag.py
[2026-04-13T03:48:24.791+0000] {logging_mixin.py:188} INFO - [2026-04-13T03:48:24.791+0000] {dag.py:3036} INFO - Sync 1 DAGs
[2026-04-13T03:48:24.817+0000] {logging_mixin.py:188} INFO - [2026-04-13T03:48:24.817+0000] {dag.py:3823} INFO - Setting next_dagrun for daily_revenue_etl_dag to 2026-04-13 00:00:00+00:00, run_after=2026-04-14 00:00:00+00:00
[2026-04-13T03:48:24.842+0000] {processor.py:183} INFO - Processing /opt/airflow/dags/daily_revenue_etl_dag.py took 0.135 seconds
[2026-04-13T03:48:55.027+0000] {processor.py:161} INFO - Started process (PID=337) to work on /opt/airflow/dags/daily_revenue_etl_dag.py
[2026-04-13T03:48:55.028+0000] {processor.py:830} INFO - Processing file /opt/airflow/dags/daily_revenue_etl_dag.py for tasks to queue
[2026-04-13T03:48:55.029+0000] {logging_mixin.py:188} INFO - [2026-04-13T03:48:55.029+0000] {dagbag.py:538} INFO - Filling up the DagBag from /opt/airflow/dags/daily_revenue_etl_dag.py
[2026-04-13T03:48:55.049+0000] {processor.py:840} INFO - DAG(s) 'daily_revenue_etl_dag' retrieved from /opt/airflow/dags/daily_revenue_etl_dag.py
[2026-04-13T03:48:55.077+0000] {logging_mixin.py:188} INFO - [2026-04-13T03:48:55.077+0000] {dag.py:3036} INFO - Sync 1 DAGs
[2026-04-13T03:48:55.106+0000] {logging_mixin.py:188} INFO - [2026-04-13T03:48:55.105+0000] {dag.py:3823} INFO - Setting next_dagrun for daily_revenue_etl_dag to 2026-04-13 00:00:00+00:00, run_after=2026-04-14 00:00:00+00:00
[2026-04-13T03:48:55.125+0000] {processor.py:183} INFO - Processing /opt/airflow/dags/daily_revenue_etl_dag.py took 0.103 seconds
[2026-04-13T04:13:13.616+0000] {processor.py:161} INFO - Started process (PID=342) to work on /opt/airflow/dags/daily_revenue_etl_dag.py
[2026-04-13T04:13:13.617+0000] {processor.py:830} INFO - Processing file /opt/airflow/dags/daily_revenue_etl_dag.py for tasks to queue
[2026-04-13T04:13:13.618+0000] {logging_mixin.py:188} INFO - [2026-04-13T04:13:13.618+0000] {dagbag.py:538} INFO - Filling up the DagBag from /opt/airflow/dags/daily_revenue_etl_dag.py
[2026-04-13T04:13:13.640+0000] {processor.py:840} INFO - DAG(s) 'daily_revenue_etl_dag' retrieved from /opt/airflow/dags/daily_revenue_etl_dag.py
[2026-04-13T04:13:13.669+0000] {logging_mixin.py:188} INFO - [2026-04-13T04:13:13.669+0000] {dag.py:3036} INFO - Sync 1 DAGs
[2026-04-13T04:13:13.699+0000] {logging_mixin.py:188} INFO - [2026-04-13T04:13:13.698+0000] {dag.py:3823} INFO - Setting next_dagrun for daily_revenue_etl_dag to 2026-04-13 00:00:00+00:00, run_after=2026-04-14 00:00:00+00:00
[2026-04-13T04:13:13.737+0000] {processor.py:183} INFO - Processing /opt/airflow/dags/daily_revenue_etl_dag.py took 0.126 seconds
[2026-04-13T04:13:46.949+0000] {processor.py:161} INFO - Started process (PID=347) to work on /opt/airflow/dags/daily_revenue_etl_dag.py
[2026-04-13T04:13:46.950+0000] {processor.py:830} INFO - Processing file /opt/airflow/dags/daily_revenue_etl_dag.py for tasks to queue
[2026-04-13T04:13:46.951+0000] {logging_mixin.py:188} INFO - [2026-04-13T04:13:46.951+0000] {dagbag.py:538} INFO - Filling up the DagBag from /opt/airflow/dags/daily_revenue_etl_dag.py
[2026-04-13T04:13:46.968+0000] {processor.py:840} INFO - DAG(s) 'daily_revenue_etl_dag' retrieved from /opt/airflow/dags/daily_revenue_etl_dag.py
[2026-04-13T04:13:46.991+0000] {logging_mixin.py:188} INFO - [2026-04-13T04:13:46.991+0000] {dag.py:3036} INFO - Sync 1 DAGs
[2026-04-13T04:13:47.012+0000] {logging_mixin.py:188} INFO - [2026-04-13T04:13:47.012+0000] {dag.py:3823} INFO - Setting next_dagrun for daily_revenue_etl_dag to 2026-04-13 00:00:00+00:00, run_after=2026-04-14 00:00:00+00:00
[2026-04-13T04:13:47.032+0000] {processor.py:183} INFO - Processing /opt/airflow/dags/daily_revenue_etl_dag.py took 0.086 seconds
[2026-04-13T04:14:17.140+0000] {processor.py:161} INFO - Started process (PID=352) to work on /opt/airflow/dags/daily_revenue_etl_dag.py
[2026-04-13T04:14:17.141+0000] {processor.py:830} INFO - Processing file /opt/airflow/dags/daily_revenue_etl_dag.py for tasks to queue
[2026-04-13T04:14:17.142+0000] {logging_mixin.py:188} INFO - [2026-04-13T04:14:17.142+0000] {dagbag.py:538} INFO - Filling up the DagBag from /opt/airflow/dags/daily_revenue_etl_dag.py
[2026-04-13T04:14:17.161+0000] {processor.py:840} INFO - DAG(s) 'daily_revenue_etl_dag' retrieved from /opt/airflow/dags/daily_revenue_etl_dag.py
[2026-04-13T04:14:17.191+0000] {logging_mixin.py:188} INFO - [2026-04-13T04:14:17.191+0000] {dag.py:3036} INFO - Sync 1 DAGs
[2026-04-13T03:50:19.802+0000] {logging_mixin.py:188} INFO - [2026-04-13T03:50:19.802+0000] {dag.py:3823} INFO - Setting next_dagrun for daily_revenue_etl_dag to 2026-04-13 00:00:00+00:00, run_after=2026-04-14 00:00:00+00:00
[2026-04-13T03:50:19.824+0000] {processor.py:183} INFO - Processing /opt/airflow/dags/daily_revenue_etl_dag.py took 0.101 seconds
[2026-04-13T03:50:49.983+0000] {processor.py:161} INFO - Started process (PID=357) to work on /opt/airflow/dags/daily_revenue_etl_dag.py
[2026-04-13T03:50:49.984+0000] {processor.py:830} INFO - Processing file /opt/airflow/dags/daily_revenue_etl_dag.py for tasks to queue
[2026-04-13T03:50:49.985+0000] {logging_mixin.py:188} INFO - [2026-04-13T03:50:49.985+0000] {dagbag.py:538} INFO - Filling up the DagBag from /opt/airflow/dags/daily_revenue_etl_dag.py
[2026-04-13T03:50:50.001+0000] {processor.py:840} INFO - DAG(s) 'daily_revenue_etl_dag' retrieved from /opt/airflow/dags/daily_revenue_etl_dag.py
[2026-04-13T03:50:50.023+0000] {logging_mixin.py:188} INFO - [2026-04-13T03:50:50.022+0000] {dag.py:3036} INFO - Sync 1 DAGs
[2026-04-13T03:50:50.044+0000] {logging_mixin.py:188} INFO - [2026-04-13T03:50:50.044+0000] {dag.py:3823} INFO - Setting next_dagrun for daily_revenue_etl_dag to 2026-04-13 00:00:00+00:00, run_after=2026-04-14 00:00:00+00:00
[2026-04-13T03:50:50.068+0000] {processor.py:183} INFO - Processing /opt/airflow/dags/daily_revenue_etl_dag.py took 0.088 seconds
[2026-04-13T04:15:13.575+0000] {processor.py:161} INFO - Started process (PID=363) to work on /opt/airflow/dags/daily_revenue_etl_dag.py
[2026-04-13T04:15:13.576+0000] {processor.py:830} INFO - Processing file /opt/airflow/dags/daily_revenue_etl_dag.py for tasks to queue
[2026-04-13T04:15:13.577+0000] {logging_mixin.py:188} INFO - [2026-04-13T04:15:13.577+0000] {dagbag.py:538} INFO - Filling up the DagBag from /opt/airflow/dags/daily_revenue_etl_dag.py
[2026-04-13T04:15:13.593+0000] {processor.py:840} INFO - DAG(s) 'daily_revenue_etl_dag' retrieved from /opt/airflow/dags/daily_revenue_etl_dag.py
[2026-04-13T04:15:13.614+0000] {logging_mixin.py:188} INFO - [2026-04-13T04:15:13.614+0000] {dag.py:3036} INFO - Sync 1 DAGs
[2026-04-13T04:15:13.632+0000] {logging_mixin.py:188} INFO - [2026-04-13T04:15:13.631+0000] {dag.py:3823} INFO - Setting next_dagrun for daily_revenue_etl_dag to 2026-04-13 00:00:00+00:00, run_after=2026-04-14 00:00:00+00:00
[2026-04-13T04:15:13.646+0000] {processor.py:183} INFO - Processing /opt/airflow/dags/daily_revenue_etl_dag.py took 0.074 seconds
[2026-04-13T04:16:02.978+0000] {processor.py:161} INFO - Started process (PID=368) to work on /opt/airflow/dags/daily_revenue_etl_dag.py
[2026-04-13T04:16:02.980+0000] {processor.py:830} INFO - Processing file /opt/airflow/dags/daily_revenue_etl_dag.py for tasks to queue
[2026-04-13T04:16:02.982+0000] {logging_mixin.py:188} INFO - [2026-04-13T04:16:02.981+0000] {dagbag.py:538} INFO - Filling up the DagBag from /opt/airflow/dags/daily_revenue_etl_dag.py
[2026-04-13T04:16:03.014+0000] {processor.py:840} INFO - DAG(s) 'daily_revenue_etl_dag' retrieved from /opt/airflow/dags/daily_revenue_etl_dag.py
[2026-04-13T04:16:03.061+0000] {logging_mixin.py:188} INFO - [2026-04-13T04:16:03.060+0000] {dag.py:3036} INFO - Sync 1 DAGs
[2026-04-13T04:16:03.105+0000] {logging_mixin.py:188} INFO - [2026-04-13T04:16:03.105+0000] {dag.py:3823} INFO - Setting next_dagrun for daily_revenue_etl_dag to 2026-04-13 00:00:00+00:00, run_after=2026-04-14 00:00:00+00:00
[2026-04-13T04:16:03.154+0000] {processor.py:183} INFO - Processing /opt/airflow/dags/daily_revenue_etl_dag.py took 0.180 seconds
[2026-04-13T04:16:37.392+0000] {processor.py:161} INFO - Started process (PID=374) to work on /opt/airflow/dags/daily_revenue_etl_dag.py
[2026-04-13T04:16:37.393+0000] {processor.py:830} INFO - Processing file /opt/airflow/dags/daily_revenue_etl_dag.py for tasks to queue
[2026-04-13T04:16:37.394+0000] {logging_mixin.py:188} INFO - [2026-04-13T04:16:37.394+0000] {dagbag.py:538} INFO - Filling up the DagBag from /opt/airflow/dags/daily_revenue_etl_dag.py
[2026-04-13T04:16:37.411+0000] {processor.py:840} INFO - DAG(s) 'daily_revenue_etl_dag' retrieved from /opt/airflow/dags/daily_revenue_etl_dag.py
[2026-04-13T03:52:40.025+0000] {logging_mixin.py:188} INFO - [2026-04-13T03:52:40.024+0000] {dag.py:3036} INFO - Sync 1 DAGs
[2026-04-13T03:52:40.043+0000] {logging_mixin.py:188} INFO - [2026-04-13T03:52:40.043+0000] {dag.py:3823} INFO - Setting next_dagrun for daily_revenue_etl_dag to 2026-04-13 00:00:00+00:00, run_after=2026-04-14 00:00:00+00:00
[2026-04-13T03:52:40.060+0000] {processor.py:183} INFO - Processing /opt/airflow/dags/daily_revenue_etl_dag.py took 0.081 seconds
[2026-04-13T03:52:45.012+0000] {processor.py:161} INFO - Started process (PID=379) to work on /opt/airflow/dags/daily_revenue_etl_dag.py
[2026-04-13T03:52:45.014+0000] {processor.py:830} INFO - Processing file /opt/airflow/dags/daily_revenue_etl_dag.py for tasks to queue
[2026-04-13T03:52:45.015+0000] {logging_mixin.py:188} INFO - [2026-04-13T03:52:45.015+0000] {dagbag.py:538} INFO - Filling up the DagBag from /opt/airflow/dags/daily_revenue_etl_dag.py
[2026-04-13T03:52:45.030+0000] {processor.py:840} INFO - DAG(s) 'daily_revenue_etl_dag' retrieved from /opt/airflow/dags/daily_revenue_etl_dag.py
[2026-04-13T03:52:45.051+0000] {logging_mixin.py:188} INFO - [2026-04-13T03:52:45.051+0000] {dag.py:3036} INFO - Sync 1 DAGs
[2026-04-13T03:52:45.068+0000] {logging_mixin.py:188} INFO - [2026-04-13T03:52:45.068+0000] {dag.py:3823} INFO - Setting next_dagrun for daily_revenue_etl_dag to 2026-04-13 00:00:00+00:00, run_after=2026-04-14 00:00:00+00:00
[2026-04-13T03:52:45.247+0000] {processor.py:183} INFO - Processing /opt/airflow/dags/daily_revenue_etl_dag.py took 0.237 seconds
[2026-04-13T04:16:43.706+0000] {processor.py:161} INFO - Started process (PID=384) to work on /opt/airflow/dags/daily_revenue_etl_dag.py
[2026-04-13T04:16:43.707+0000] {processor.py:830} INFO - Processing file /opt/airflow/dags/daily_revenue_etl_dag.py for tasks to queue
[2026-04-13T04:16:43.708+0000] {logging_mixin.py:188} INFO - [2026-04-13T04:16:43.708+0000] {dagbag.py:538} INFO - Filling up the DagBag from /opt/airflow/dags/daily_revenue_etl_dag.py
[2026-04-13T04:16:43.725+0000] {processor.py:840} INFO - DAG(s) 'daily_revenue_etl_dag' retrieved from /opt/airflow/dags/daily_revenue_etl_dag.py
[2026-04-13T04:16:43.745+0000] {logging_mixin.py:188} INFO - [2026-04-13T04:16:43.745+0000] {dag.py:3036} INFO - Sync 1 DAGs
[2026-04-13T04:16:43.764+0000] {logging_mixin.py:188} INFO - [2026-04-13T04:16:43.763+0000] {dag.py:3823} INFO - Setting next_dagrun for daily_revenue_etl_dag to 2026-04-13 00:00:00+00:00, run_after=2026-04-14 00:00:00+00:00
[2026-04-13T04:16:43.779+0000] {processor.py:183} INFO - Processing /opt/airflow/dags/daily_revenue_etl_dag.py took 0.076 seconds
[2026-04-13T03:53:16.439+0000] {processor.py:161} INFO - Started process (PID=389) to work on /opt/airflow/dags/daily_revenue_etl_dag.py
[2026-04-13T03:53:16.440+0000] {processor.py:830} INFO - Processing file /opt/airflow/dags/daily_revenue_etl_dag.py for tasks to queue
[2026-04-13T03:53:16.441+0000] {logging_mixin.py:188} INFO - [2026-04-13T03:53:16.441+0000] {dagbag.py:538} INFO - Filling up the DagBag from /opt/airflow/dags/daily_revenue_etl_dag.py
[2026-04-13T03:53:16.458+0000] {processor.py:840} INFO - DAG(s) 'daily_revenue_etl_dag' retrieved from /opt/airflow/dags/daily_revenue_etl_dag.py
[2026-04-13T03:53:16.479+0000] {logging_mixin.py:188} INFO - [2026-04-13T03:53:16.479+0000] {dag.py:3036} INFO - Sync 1 DAGs
[2026-04-13T03:53:16.496+0000] {logging_mixin.py:188} INFO - [2026-04-13T03:53:16.496+0000] {dag.py:3823} INFO - Setting next_dagrun for daily_revenue_etl_dag to 2026-04-13 00:00:00+00:00, run_after=2026-04-14 00:00:00+00:00
[2026-04-13T03:53:16.511+0000] {processor.py:183} INFO - Processing /opt/airflow/dags/daily_revenue_etl_dag.py took 0.075 seconds
[2026-04-13T03:53:46.715+0000] {processor.py:161} INFO - Started process (PID=394) to work on /opt/airflow/dags/daily_revenue_etl_dag.py
[2026-04-13T03:53:46.716+0000] {processor.py:830} INFO - Processing file /opt/airflow/dags/daily_revenue_etl_dag.py for tasks to queue
[2026-04-13T03:53:46.717+0000] {logging_mixin.py:188} INFO - [2026-04-13T03:53:46.717+0000] {dagbag.py:538} INFO - Filling up the DagBag from /opt/airflow/dags/daily_revenue_etl_dag.py
[2026-04-13T03:53:46.735+0000] {processor.py:840} INFO - DAG(s) 'daily_revenue_etl_dag' retrieved from /opt/airflow/dags/daily_revenue_etl_dag.py
[2026-04-13T03:53:46.769+0000] {logging_mixin.py:188} INFO - [2026-04-13T03:53:46.769+0000] {dag.py:3036} INFO - Sync 1 DAGs
[2026-04-13T03:53:46.796+0000] {logging_mixin.py:188} INFO - [2026-04-13T03:53:46.796+0000] {dag.py:3823} INFO - Setting next_dagrun for daily_revenue_etl_dag to 2026-04-13 00:00:00+00:00, run_after=2026-04-14 00:00:00+00:00
[2026-04-13T03:53:46.818+0000] {processor.py:183} INFO - Processing /opt/airflow/dags/daily_revenue_etl_dag.py took 0.105 seconds
[2026-04-13T04:18:02.366+0000] {processor.py:161} INFO - Started process (PID=400) to work on /opt/airflow/dags/daily_revenue_etl_dag.py
[2026-04-13T04:18:02.367+0000] {processor.py:830} INFO - Processing file /opt/airflow/dags/daily_revenue_etl_dag.py for tasks to queue
[2026-04-13T04:18:02.368+0000] {logging_mixin.py:188} INFO - [2026-04-13T04:18:02.368+0000] {dagbag.py:538} INFO - Filling up the DagBag from /opt/airflow/dags/daily_revenue_etl_dag.py
[2026-04-13T04:18:02.391+0000] {processor.py:840} INFO - DAG(s) 'daily_revenue_etl_dag' retrieved from /opt/airflow/dags/daily_revenue_etl_dag.py
[2026-04-13T04:18:02.420+0000] {logging_mixin.py:188} INFO - [2026-04-13T04:18:02.420+0000] {dag.py:3036} INFO - Sync 1 DAGs
[2026-04-13T04:18:02.441+0000] {logging_mixin.py:188} INFO - [2026-04-13T04:18:02.440+0000] {dag.py:3823} INFO - Setting next_dagrun for daily_revenue_etl_dag to 2026-04-13 00:00:00+00:00, run_after=2026-04-14 00:00:00+00:00
[2026-04-13T04:18:02.462+0000] {processor.py:183} INFO - Processing /opt/airflow/dags/daily_revenue_etl_dag.py took 0.100 seconds
[2026-04-13T04:18:32.616+0000] {processor.py:161} INFO - Started process (PID=406) to work on /opt/airflow/dags/daily_revenue_etl_dag.py
[2026-04-13T04:18:32.617+0000] {processor.py:830} INFO - Processing file /opt/airflow/dags/daily_revenue_etl_dag.py for tasks to queue
[2026-04-13T04:18:32.618+0000] {logging_mixin.py:188} INFO - [2026-04-13T04:18:32.618+0000] {dagbag.py:538} INFO - Filling up the DagBag from /opt/airflow/dags/daily_revenue_etl_dag.py
[2026-04-13T04:18:32.643+0000] {processor.py:840} INFO - DAG(s) 'daily_revenue_etl_dag' retrieved from /opt/airflow/dags/daily_revenue_etl_dag.py
[2026-04-13T04:18:32.669+0000] {logging_mixin.py:188} INFO - [2026-04-13T04:18:32.669+0000] {dag.py:3036} INFO - Sync 1 DAGs
[2026-04-13T03:54:35.279+0000] {logging_mixin.py:188} INFO - [2026-04-13T03:54:35.279+0000] {dag.py:3823} INFO - Setting next_dagrun for daily_revenue_etl_dag to 2026-04-13 00:00:00+00:00, run_after=2026-04-14 00:00:00+00:00
[2026-04-13T03:54:35.302+0000] {processor.py:183} INFO - Processing /opt/airflow/dags/daily_revenue_etl_dag.py took 0.105 seconds
[2026-04-13T04:18:43.748+0000] {processor.py:161} INFO - Started process (PID=411) to work on /opt/airflow/dags/daily_revenue_etl_dag.py
[2026-04-13T04:18:43.749+0000] {processor.py:830} INFO - Processing file /opt/airflow/dags/daily_revenue_etl_dag.py for tasks to queue
[2026-04-13T04:18:43.750+0000] {logging_mixin.py:188} INFO - [2026-04-13T04:18:43.750+0000] {dagbag.py:538} INFO - Filling up the DagBag from /opt/airflow/dags/daily_revenue_etl_dag.py
[2026-04-13T04:18:43.771+0000] {processor.py:840} INFO - DAG(s) 'daily_revenue_etl_dag' retrieved from /opt/airflow/dags/daily_revenue_etl_dag.py
[2026-04-13T04:18:43.800+0000] {logging_mixin.py:188} INFO - [2026-04-13T04:18:43.800+0000] {dag.py:3036} INFO - Sync 1 DAGs
[2026-04-13T03:54:46.413+0000] {logging_mixin.py:188} INFO - [2026-04-13T03:54:46.413+0000] {dag.py:3823} INFO - Setting next_dagrun for daily_revenue_etl_dag to 2026-04-13 00:00:00+00:00, run_after=2026-04-14 00:00:00+00:00
[2026-04-13T03:54:46.447+0000] {processor.py:183} INFO - Processing /opt/airflow/dags/daily_revenue_etl_dag.py took 0.120 seconds
[2026-04-13T03:55:16.551+0000] {processor.py:161} INFO - Started process (PID=416) to work on /opt/airflow/dags/daily_revenue_etl_dag.py
[2026-04-13T03:55:16.552+0000] {processor.py:830} INFO - Processing file /opt/airflow/dags/daily_revenue_etl_dag.py for tasks to queue
[2026-04-13T03:55:16.553+0000] {logging_mixin.py:188} INFO - [2026-04-13T03:55:16.553+0000] {dagbag.py:538} INFO - Filling up the DagBag from /opt/airflow/dags/daily_revenue_etl_dag.py
[2026-04-13T03:55:16.570+0000] {processor.py:840} INFO - DAG(s) 'daily_revenue_etl_dag' retrieved from /opt/airflow/dags/daily_revenue_etl_dag.py
[2026-04-13T03:55:16.592+0000] {logging_mixin.py:188} INFO - [2026-04-13T03:55:16.591+0000] {dag.py:3036} INFO - Sync 1 DAGs
[2026-04-13T03:55:16.615+0000] {logging_mixin.py:188} INFO - [2026-04-13T03:55:16.614+0000] {dag.py:3823} INFO - Setting next_dagrun for daily_revenue_etl_dag to 2026-04-13 00:00:00+00:00, run_after=2026-04-14 00:00:00+00:00
[2026-04-13T03:55:16.632+0000] {processor.py:183} INFO - Processing /opt/airflow/dags/daily_revenue_etl_dag.py took 0.084 seconds
[2026-04-13T03:55:46.804+0000] {processor.py:161} INFO - Started process (PID=422) to work on /opt/airflow/dags/daily_revenue_etl_dag.py
[2026-04-13T03:55:46.805+0000] {processor.py:830} INFO - Processing file /opt/airflow/dags/daily_revenue_etl_dag.py for tasks to queue
[2026-04-13T03:55:46.806+0000] {logging_mixin.py:188} INFO - [2026-04-13T03:55:46.806+0000] {dagbag.py:538} INFO - Filling up the DagBag from /opt/airflow/dags/daily_revenue_etl_dag.py
[2026-04-13T03:55:46.825+0000] {processor.py:840} INFO - DAG(s) 'daily_revenue_etl_dag' retrieved from /opt/airflow/dags/daily_revenue_etl_dag.py
[2026-04-13T03:55:46.854+0000] {logging_mixin.py:188} INFO - [2026-04-13T03:55:46.853+0000] {dag.py:3036} INFO - Sync 1 DAGs
[2026-04-13T03:55:46.878+0000] {logging_mixin.py:188} INFO - [2026-04-13T03:55:46.878+0000] {dag.py:3823} INFO - Setting next_dagrun for daily_revenue_etl_dag to 2026-04-13 00:00:00+00:00, run_after=2026-04-14 00:00:00+00:00
[2026-04-13T03:55:46.898+0000] {processor.py:183} INFO - Processing /opt/airflow/dags/daily_revenue_etl_dag.py took 0.096 seconds
[2026-04-13T04:20:14.418+0000] {processor.py:161} INFO - Started process (PID=427) to work on /opt/airflow/dags/daily_revenue_etl_dag.py
[2026-04-13T04:20:14.419+0000] {processor.py:830} INFO - Processing file /opt/airflow/dags/daily_revenue_etl_dag.py for tasks to queue
[2026-04-13T04:20:14.421+0000] {logging_mixin.py:188} INFO - [2026-04-13T04:20:14.420+0000] {dagbag.py:538} INFO - Filling up the DagBag from /opt/airflow/dags/daily_revenue_etl_dag.py
[2026-04-13T04:20:14.445+0000] {processor.py:840} INFO - DAG(s) 'daily_revenue_etl_dag' retrieved from /opt/airflow/dags/daily_revenue_etl_dag.py
[2026-04-13T04:20:14.491+0000] {logging_mixin.py:188} INFO - [2026-04-13T04:20:14.491+0000] {dag.py:3036} INFO - Sync 1 DAGs
[2026-04-13T04:20:14.524+0000] {logging_mixin.py:188} INFO - [2026-04-13T04:20:14.524+0000] {dag.py:3823} INFO - Setting next_dagrun for daily_revenue_etl_dag to 2026-04-13 00:00:00+00:00, run_after=2026-04-14 00:00:00+00:00
[2026-04-13T04:20:14.554+0000] {processor.py:183} INFO - Processing /opt/airflow/dags/daily_revenue_etl_dag.py took 0.141 seconds
[2026-04-13T04:20:47.726+0000] {processor.py:161} INFO - Started process (PID=433) to work on /opt/airflow/dags/daily_revenue_etl_dag.py
[2026-04-13T04:20:47.727+0000] {processor.py:830} INFO - Processing file /opt/airflow/dags/daily_revenue_etl_dag.py for tasks to queue
[2026-04-13T04:20:47.728+0000] {logging_mixin.py:188} INFO - [2026-04-13T04:20:47.728+0000] {dagbag.py:538} INFO - Filling up the DagBag from /opt/airflow/dags/daily_revenue_etl_dag.py
[2026-04-13T04:20:47.752+0000] {processor.py:840} INFO - DAG(s) 'daily_revenue_etl_dag' retrieved from /opt/airflow/dags/daily_revenue_etl_dag.py
[2026-04-13T04:20:47.778+0000] {logging_mixin.py:188} INFO - [2026-04-13T04:20:47.778+0000] {dag.py:3036} INFO - Sync 1 DAGs
[2026-04-13T04:20:47.798+0000] {logging_mixin.py:188} INFO - [2026-04-13T04:20:47.798+0000] {dag.py:3823} INFO - Setting next_dagrun for daily_revenue_etl_dag to 2026-04-13 00:00:00+00:00, run_after=2026-04-14 00:00:00+00:00
[2026-04-13T04:20:47.816+0000] {processor.py:183} INFO - Processing /opt/airflow/dags/daily_revenue_etl_dag.py took 0.093 seconds
[2026-04-13T04:21:17.957+0000] {processor.py:161} INFO - Started process (PID=439) to work on /opt/airflow/dags/daily_revenue_etl_dag.py
[2026-04-13T04:21:17.958+0000] {processor.py:830} INFO - Processing file /opt/airflow/dags/daily_revenue_etl_dag.py for tasks to queue
[2026-04-13T04:21:17.959+0000] {logging_mixin.py:188} INFO - [2026-04-13T04:21:17.959+0000] {dagbag.py:538} INFO - Filling up the DagBag from /opt/airflow/dags/daily_revenue_etl_dag.py
[2026-04-13T03:57:20.567+0000] {processor.py:840} INFO - DAG(s) 'daily_revenue_etl_dag' retrieved from /opt/airflow/dags/daily_revenue_etl_dag.py
[2026-04-13T03:57:20.589+0000] {logging_mixin.py:188} INFO - [2026-04-13T03:57:20.589+0000] {dag.py:3036} INFO - Sync 1 DAGs
[2026-04-13T03:57:20.610+0000] {logging_mixin.py:188} INFO - [2026-04-13T03:57:20.609+0000] {dag.py:3823} INFO - Setting next_dagrun for daily_revenue_etl_dag to 2026-04-13 00:00:00+00:00, run_after=2026-04-14 00:00:00+00:00
[2026-04-13T03:57:20.628+0000] {processor.py:183} INFO - Processing /opt/airflow/dags/daily_revenue_etl_dag.py took 0.083 seconds
[2026-04-13T03:57:50.803+0000] {processor.py:161} INFO - Started process (PID=444) to work on /opt/airflow/dags/daily_revenue_etl_dag.py
[2026-04-13T03:57:50.804+0000] {processor.py:830} INFO - Processing file /opt/airflow/dags/daily_revenue_etl_dag.py for tasks to queue
[2026-04-13T03:57:50.806+0000] {logging_mixin.py:188} INFO - [2026-04-13T03:57:50.805+0000] {dagbag.py:538} INFO - Filling up the DagBag from /opt/airflow/dags/daily_revenue_etl_dag.py
[2026-04-13T03:57:50.831+0000] {processor.py:840} INFO - DAG(s) 'daily_revenue_etl_dag' retrieved from /opt/airflow/dags/daily_revenue_etl_dag.py
[2026-04-13T03:57:50.859+0000] {logging_mixin.py:188} INFO - [2026-04-13T03:57:50.859+0000] {dag.py:3036} INFO - Sync 1 DAGs
[2026-04-13T03:57:50.881+0000] {logging_mixin.py:188} INFO - [2026-04-13T03:57:50.881+0000] {dag.py:3823} INFO - Setting next_dagrun for daily_revenue_etl_dag to 2026-04-13 00:00:00+00:00, run_after=2026-04-14 00:00:00+00:00
[2026-04-13T03:57:50.899+0000] {processor.py:183} INFO - Processing /opt/airflow/dags/daily_revenue_etl_dag.py took 0.100 seconds
[2026-04-13T04:21:53.255+0000] {processor.py:161} INFO - Started process (PID=449) to work on /opt/airflow/dags/daily_revenue_etl_dag.py
[2026-04-13T04:21:53.256+0000] {processor.py:830} INFO - Processing file /opt/airflow/dags/daily_revenue_etl_dag.py for tasks to queue
[2026-04-13T04:21:53.257+0000] {logging_mixin.py:188} INFO - [2026-04-13T04:21:53.256+0000] {dagbag.py:538} INFO - Filling up the DagBag from /opt/airflow/dags/daily_revenue_etl_dag.py
[2026-04-13T04:21:53.272+0000] {processor.py:840} INFO - DAG(s) 'daily_revenue_etl_dag' retrieved from /opt/airflow/dags/daily_revenue_etl_dag.py
[2026-04-13T04:21:53.294+0000] {logging_mixin.py:188} INFO - [2026-04-13T04:21:53.293+0000] {dag.py:3036} INFO - Sync 1 DAGs
[2026-04-13T04:21:53.311+0000] {logging_mixin.py:188} INFO - [2026-04-13T04:21:53.311+0000] {dag.py:3823} INFO - Setting next_dagrun for daily_revenue_etl_dag to 2026-04-13 00:00:00+00:00, run_after=2026-04-14 00:00:00+00:00
[2026-04-13T04:21:53.327+0000] {processor.py:183} INFO - Processing /opt/airflow/dags/daily_revenue_etl_dag.py took 0.075 seconds
[2026-04-13T04:22:43.616+0000] {processor.py:161} INFO - Started process (PID=455) to work on /opt/airflow/dags/daily_revenue_etl_dag.py
[2026-04-13T04:22:43.617+0000] {processor.py:830} INFO - Processing file /opt/airflow/dags/daily_revenue_etl_dag.py for tasks to queue
[2026-04-13T04:22:43.618+0000] {logging_mixin.py:188} INFO - [2026-04-13T04:22:43.618+0000] {dagbag.py:538} INFO - Filling up the DagBag from /opt/airflow/dags/daily_revenue_etl_dag.py
[2026-04-13T04:22:43.635+0000] {processor.py:840} INFO - DAG(s) 'daily_revenue_etl_dag' retrieved from /opt/airflow/dags/daily_revenue_etl_dag.py
[2026-04-13T04:22:43.657+0000] {logging_mixin.py:188} INFO - [2026-04-13T04:22:43.657+0000] {dag.py:3036} INFO - Sync 1 DAGs
[2026-04-13T04:22:43.684+0000] {logging_mixin.py:188} INFO - [2026-04-13T04:22:43.684+0000] {dag.py:3823} INFO - Setting next_dagrun for daily_revenue_etl_dag to 2026-04-13 00:00:00+00:00, run_after=2026-04-14 00:00:00+00:00
[2026-04-13T04:22:43.710+0000] {processor.py:183} INFO - Processing /opt/airflow/dags/daily_revenue_etl_dag.py took 0.097 seconds
[2026-04-13T03:59:16.480+0000] {processor.py:161} INFO - Started process (PID=461) to work on /opt/airflow/dags/daily_revenue_etl_dag.py
[2026-04-13T03:59:16.484+0000] {processor.py:830} INFO - Processing file /opt/airflow/dags/daily_revenue_etl_dag.py for tasks to queue
[2026-04-13T03:59:16.490+0000] {logging_mixin.py:188} INFO - [2026-04-13T03:59:16.489+0000] {dagbag.py:538} INFO - Filling up the DagBag from /opt/airflow/dags/daily_revenue_etl_dag.py
[2026-04-13T03:59:16.545+0000] {processor.py:840} INFO - DAG(s) 'daily_revenue_etl_dag' retrieved from /opt/airflow/dags/daily_revenue_etl_dag.py
[2026-04-13T03:59:16.622+0000] {logging_mixin.py:188} INFO - [2026-04-13T03:59:16.622+0000] {dag.py:3036} INFO - Sync 1 DAGs
[2026-04-13T03:59:16.661+0000] {logging_mixin.py:188} INFO - [2026-04-13T03:59:16.661+0000] {dag.py:3823} INFO - Setting next_dagrun for daily_revenue_etl_dag to 2026-04-13 00:00:00+00:00, run_after=2026-04-14 00:00:00+00:00
[2026-04-13T03:59:16.691+0000] {processor.py:183} INFO - Processing /opt/airflow/dags/daily_revenue_etl_dag.py took 0.233 seconds
[2026-04-13T04:23:18.124+0000] {processor.py:161} INFO - Started process (PID=466) to work on /opt/airflow/dags/daily_revenue_etl_dag.py
[2026-04-13T04:23:18.132+0000] {processor.py:830} INFO - Processing file /opt/airflow/dags/daily_revenue_etl_dag.py for tasks to queue
[2026-04-13T04:23:18.139+0000] {logging_mixin.py:188} INFO - [2026-04-13T04:23:18.137+0000] {dagbag.py:538} INFO - Filling up the DagBag from /opt/airflow/dags/daily_revenue_etl_dag.py
[2026-04-13T03:59:20.881+0000] {processor.py:840} INFO - DAG(s) 'daily_revenue_etl_dag' retrieved from /opt/airflow/dags/daily_revenue_etl_dag.py
[2026-04-13T03:59:21.044+0000] {logging_mixin.py:188} INFO - [2026-04-13T03:59:21.035+0000] {dag.py:3036} INFO - Sync 1 DAGs
[2026-04-13T03:59:21.201+0000] {logging_mixin.py:188} INFO - [2026-04-13T03:59:21.199+0000] {dag.py:3823} INFO - Setting next_dagrun for daily_revenue_etl_dag to 2026-04-13 00:00:00+00:00, run_after=2026-04-14 00:00:00+00:00
[2026-04-13T03:59:21.325+0000] {processor.py:183} INFO - Processing /opt/airflow/dags/daily_revenue_etl_dag.py took 0.626 seconds
[2026-04-13T04:23:28.031+0000] {processor.py:161} INFO - Started process (PID=471) to work on /opt/airflow/dags/daily_revenue_etl_dag.py
[2026-04-13T04:23:28.032+0000] {processor.py:830} INFO - Processing file /opt/airflow/dags/daily_revenue_etl_dag.py for tasks to queue
[2026-04-13T04:23:28.033+0000] {logging_mixin.py:188} INFO - [2026-04-13T04:23:28.033+0000] {dagbag.py:538} INFO - Filling up the DagBag from /opt/airflow/dags/daily_revenue_etl_dag.py
[2026-04-13T04:23:28.059+0000] {processor.py:840} INFO - DAG(s) 'daily_revenue_etl_dag' retrieved from /opt/airflow/dags/daily_revenue_etl_dag.py
[2026-04-13T04:23:28.097+0000] {logging_mixin.py:188} INFO - [2026-04-13T04:23:28.097+0000] {dag.py:3036} INFO - Sync 1 DAGs
[2026-04-13T04:23:28.143+0000] {logging_mixin.py:188} INFO - [2026-04-13T04:23:28.143+0000] {dag.py:3823} INFO - Setting next_dagrun for daily_revenue_etl_dag to 2026-04-13 00:00:00+00:00, run_after=2026-04-14 00:00:00+00:00
[2026-04-13T04:23:28.167+0000] {processor.py:183} INFO - Processing /opt/airflow/dags/daily_revenue_etl_dag.py took 0.141 seconds
[2026-04-13T04:00:00.920+0000] {processor.py:161} INFO - Started process (PID=476) to work on /opt/airflow/dags/daily_revenue_etl_dag.py
[2026-04-13T04:00:00.921+0000] {processor.py:830} INFO - Processing file /opt/airflow/dags/daily_revenue_etl_dag.py for tasks to queue
[2026-04-13T04:00:00.923+0000] {logging_mixin.py:188} INFO - [2026-04-13T04:00:00.923+0000] {dagbag.py:538} INFO - Filling up the DagBag from /opt/airflow/dags/daily_revenue_etl_dag.py
[2026-04-13T04:00:00.952+0000] {processor.py:840} INFO - DAG(s) 'daily_revenue_etl_dag' retrieved from /opt/airflow/dags/daily_revenue_etl_dag.py
[2026-04-13T04:00:00.981+0000] {logging_mixin.py:188} INFO - [2026-04-13T04:00:00.980+0000] {dag.py:3036} INFO - Sync 1 DAGs
[2026-04-13T04:00:01.005+0000] {logging_mixin.py:188} INFO - [2026-04-13T04:00:01.004+0000] {dag.py:3823} INFO - Setting next_dagrun for daily_revenue_etl_dag to 2026-04-13 00:00:00+00:00, run_after=2026-04-14 00:00:00+00:00
[2026-04-13T04:00:01.450+0000] {processor.py:183} INFO - Processing /opt/airflow/dags/daily_revenue_etl_dag.py took 0.535 seconds
[2026-04-13T04:24:28.130+0000] {processor.py:161} INFO - Started process (PID=481) to work on /opt/airflow/dags/daily_revenue_etl_dag.py
[2026-04-13T04:24:28.132+0000] {processor.py:830} INFO - Processing file /opt/airflow/dags/daily_revenue_etl_dag.py for tasks to queue
[2026-04-13T04:24:28.134+0000] {logging_mixin.py:188} INFO - [2026-04-13T04:24:28.133+0000] {dagbag.py:538} INFO - Filling up the DagBag from /opt/airflow/dags/daily_revenue_etl_dag.py
[2026-04-13T04:24:28.201+0000] {processor.py:840} INFO - DAG(s) 'daily_revenue_etl_dag' retrieved from /opt/airflow/dags/daily_revenue_etl_dag.py
[2026-04-13T04:24:28.252+0000] {logging_mixin.py:188} INFO - [2026-04-13T04:24:28.252+0000] {dag.py:3036} INFO - Sync 1 DAGs
[2026-04-13T04:24:28.313+0000] {logging_mixin.py:188} INFO - [2026-04-13T04:24:28.310+0000] {dag.py:3823} INFO - Setting next_dagrun for daily_revenue_etl_dag to 2026-04-13 00:00:00+00:00, run_after=2026-04-14 00:00:00+00:00
[2026-04-13T04:24:28.355+0000] {processor.py:183} INFO - Processing /opt/airflow/dags/daily_revenue_etl_dag.py took 0.230 seconds
[2026-04-13T04:25:03.397+0000] {processor.py:161} INFO - Started process (PID=487) to work on /opt/airflow/dags/daily_revenue_etl_dag.py
[2026-04-13T04:25:03.398+0000] {processor.py:830} INFO - Processing file /opt/airflow/dags/daily_revenue_etl_dag.py for tasks to queue
[2026-04-13T04:25:03.400+0000] {logging_mixin.py:188} INFO - [2026-04-13T04:25:03.399+0000] {dagbag.py:538} INFO - Filling up the DagBag from /opt/airflow/dags/daily_revenue_etl_dag.py
[2026-04-13T04:25:03.433+0000] {processor.py:840} INFO - DAG(s) 'daily_revenue_etl_dag' retrieved from /opt/airflow/dags/daily_revenue_etl_dag.py
[2026-04-13T04:01:06.042+0000] {logging_mixin.py:188} INFO - [2026-04-13T04:01:06.041+0000] {dag.py:3036} INFO - Sync 1 DAGs
[2026-04-13T04:01:06.075+0000] {logging_mixin.py:188} INFO - [2026-04-13T04:01:06.075+0000] {dag.py:3823} INFO - Setting next_dagrun for daily_revenue_etl_dag to 2026-04-13 00:00:00+00:00, run_after=2026-04-14 00:00:00+00:00
[2026-04-13T04:01:06.095+0000] {processor.py:183} INFO - Processing /opt/airflow/dags/daily_revenue_etl_dag.py took 0.132 seconds
[2026-04-13T04:25:13.614+0000] {processor.py:161} INFO - Started process (PID=492) to work on /opt/airflow/dags/daily_revenue_etl_dag.py
[2026-04-13T04:25:13.615+0000] {processor.py:830} INFO - Processing file /opt/airflow/dags/daily_revenue_etl_dag.py for tasks to queue
[2026-04-13T04:25:13.616+0000] {logging_mixin.py:188} INFO - [2026-04-13T04:25:13.616+0000] {dagbag.py:538} INFO - Filling up the DagBag from /opt/airflow/dags/daily_revenue_etl_dag.py
[2026-04-13T04:25:13.640+0000] {processor.py:840} INFO - DAG(s) 'daily_revenue_etl_dag' retrieved from /opt/airflow/dags/daily_revenue_etl_dag.py
[2026-04-13T04:25:13.674+0000] {logging_mixin.py:188} INFO - [2026-04-13T04:25:13.673+0000] {dag.py:3036} INFO - Sync 1 DAGs
[2026-04-13T04:25:13.707+0000] {logging_mixin.py:188} INFO - [2026-04-13T04:25:13.707+0000] {dag.py:3823} INFO - Setting next_dagrun for daily_revenue_etl_dag to 2026-04-13 00:00:00+00:00, run_after=2026-04-14 00:00:00+00:00
[2026-04-13T04:25:13.729+0000] {processor.py:183} INFO - Processing /opt/airflow/dags/daily_revenue_etl_dag.py took 0.119 seconds
[2026-04-13T04:25:43.794+0000] {processor.py:161} INFO - Started process (PID=498) to work on /opt/airflow/dags/daily_revenue_etl_dag.py
[2026-04-13T04:25:43.796+0000] {processor.py:830} INFO - Processing file /opt/airflow/dags/daily_revenue_etl_dag.py for tasks to queue
[2026-04-13T04:25:43.797+0000] {logging_mixin.py:188} INFO - [2026-04-13T04:25:43.797+0000] {dagbag.py:538} INFO - Filling up the DagBag from /opt/airflow/dags/daily_revenue_etl_dag.py
[2026-04-13T04:25:43.819+0000] {processor.py:840} INFO - DAG(s) 'daily_revenue_etl_dag' retrieved from /opt/airflow/dags/daily_revenue_etl_dag.py
[2026-04-13T04:25:43.854+0000] {logging_mixin.py:188} INFO - [2026-04-13T04:25:43.854+0000] {dag.py:3036} INFO - Sync 1 DAGs
[2026-04-13T04:25:43.886+0000] {logging_mixin.py:188} INFO - [2026-04-13T04:25:43.886+0000] {dag.py:3823} INFO - Setting next_dagrun for daily_revenue_etl_dag to 2026-04-13 00:00:00+00:00, run_after=2026-04-14 00:00:00+00:00
[2026-04-13T04:01:46.488+0000] {processor.py:183} INFO - Processing /opt/airflow/dags/daily_revenue_etl_dag.py took 0.125 seconds
[2026-04-13T04:02:16.718+0000] {processor.py:161} INFO - Started process (PID=503) to work on /opt/airflow/dags/daily_revenue_etl_dag.py
[2026-04-13T04:02:16.718+0000] {processor.py:830} INFO - Processing file /opt/airflow/dags/daily_revenue_etl_dag.py for tasks to queue
[2026-04-13T04:02:16.719+0000] {logging_mixin.py:188} INFO - [2026-04-13T04:02:16.719+0000] {dagbag.py:538} INFO - Filling up the DagBag from /opt/airflow/dags/daily_revenue_etl_dag.py
[2026-04-13T04:02:16.736+0000] {processor.py:840} INFO - DAG(s) 'daily_revenue_etl_dag' retrieved from /opt/airflow/dags/daily_revenue_etl_dag.py
[2026-04-13T04:02:16.760+0000] {logging_mixin.py:188} INFO - [2026-04-13T04:02:16.760+0000] {dag.py:3036} INFO - Sync 1 DAGs
[2026-04-13T04:02:16.784+0000] {logging_mixin.py:188} INFO - [2026-04-13T04:02:16.783+0000] {dag.py:3823} INFO - Setting next_dagrun for daily_revenue_etl_dag to 2026-04-13 00:00:00+00:00, run_after=2026-04-14 00:00:00+00:00
[2026-04-13T04:02:16.807+0000] {processor.py:183} INFO - Processing /opt/airflow/dags/daily_revenue_etl_dag.py took 0.092 seconds
[2026-04-13T04:26:28.356+0000] {processor.py:161} INFO - Started process (PID=508) to work on /opt/airflow/dags/daily_revenue_etl_dag.py
[2026-04-13T04:26:28.357+0000] {processor.py:830} INFO - Processing file /opt/airflow/dags/daily_revenue_etl_dag.py for tasks to queue
[2026-04-13T04:26:28.358+0000] {logging_mixin.py:188} INFO - [2026-04-13T04:26:28.358+0000] {dagbag.py:538} INFO - Filling up the DagBag from /opt/airflow/dags/daily_revenue_etl_dag.py
[2026-04-13T04:26:28.378+0000] {processor.py:840} INFO - DAG(s) 'daily_revenue_etl_dag' retrieved from /opt/airflow/dags/daily_revenue_etl_dag.py
[2026-04-13T04:26:28.409+0000] {logging_mixin.py:188} INFO - [2026-04-13T04:26:28.409+0000] {dag.py:3036} INFO - Sync 1 DAGs
[2026-04-13T04:26:28.437+0000] {logging_mixin.py:188} INFO - [2026-04-13T04:26:28.437+0000] {dag.py:3823} INFO - Setting next_dagrun for daily_revenue_etl_dag to 2026-04-13 00:00:00+00:00, run_after=2026-04-14 00:00:00+00:00
[2026-04-13T04:26:28.496+0000] {processor.py:183} INFO - Processing /opt/airflow/dags/daily_revenue_etl_dag.py took 0.144 seconds
[2026-04-13T04:26:58.557+0000] {processor.py:161} INFO - Started process (PID=513) to work on /opt/airflow/dags/daily_revenue_etl_dag.py
[2026-04-13T04:26:58.559+0000] {processor.py:830} INFO - Processing file /opt/airflow/dags/daily_revenue_etl_dag.py for tasks to queue
[2026-04-13T04:26:58.560+0000] {logging_mixin.py:188} INFO - [2026-04-13T04:26:58.559+0000] {dagbag.py:538} INFO - Filling up the DagBag from /opt/airflow/dags/daily_revenue_etl_dag.py
[2026-04-13T04:26:58.580+0000] {processor.py:840} INFO - DAG(s) 'daily_revenue_etl_dag' retrieved from /opt/airflow/dags/daily_revenue_etl_dag.py
[2026-04-13T04:26:58.606+0000] {logging_mixin.py:188} INFO - [2026-04-13T04:26:58.606+0000] {dag.py:3036} INFO - Sync 1 DAGs
[2026-04-13T04:03:01.242+0000] {logging_mixin.py:188} INFO - [2026-04-13T04:03:01.242+0000] {dag.py:3823} INFO - Setting next_dagrun for daily_revenue_etl_dag to 2026-04-13 00:00:00+00:00, run_after=2026-04-14 00:00:00+00:00
[2026-04-13T04:03:01.281+0000] {processor.py:183} INFO - Processing /opt/airflow/dags/daily_revenue_etl_dag.py took 0.128 seconds
[2026-04-13T04:27:03.607+0000] {processor.py:161} INFO - Started process (PID=518) to work on /opt/airflow/dags/daily_revenue_etl_dag.py
[2026-04-13T04:03:06.211+0000] {processor.py:830} INFO - Processing file /opt/airflow/dags/daily_revenue_etl_dag.py for tasks to queue
[2026-04-13T04:03:06.214+0000] {logging_mixin.py:188} INFO - [2026-04-13T04:03:06.214+0000] {dagbag.py:538} INFO - Filling up the DagBag from /opt/airflow/dags/daily_revenue_etl_dag.py
[2026-04-13T04:03:06.234+0000] {processor.py:840} INFO - DAG(s) 'daily_revenue_etl_dag' retrieved from /opt/airflow/dags/daily_revenue_etl_dag.py
[2026-04-13T04:03:06.265+0000] {logging_mixin.py:188} INFO - [2026-04-13T04:03:06.265+0000] {dag.py:3036} INFO - Sync 1 DAGs
[2026-04-13T04:03:06.285+0000] {logging_mixin.py:188} INFO - [2026-04-13T04:03:06.285+0000] {dag.py:3823} INFO - Setting next_dagrun for daily_revenue_etl_dag to 2026-04-13 00:00:00+00:00, run_after=2026-04-14 00:00:00+00:00
[2026-04-13T04:03:06.308+0000] {processor.py:183} INFO - Processing /opt/airflow/dags/daily_revenue_etl_dag.py took 0.103 seconds
[2026-04-13T04:27:08.649+0000] {processor.py:161} INFO - Started process (PID=524) to work on /opt/airflow/dags/daily_revenue_etl_dag.py
[2026-04-13T04:27:08.650+0000] {processor.py:830} INFO - Processing file /opt/airflow/dags/daily_revenue_etl_dag.py for tasks to queue
[2026-04-13T04:27:08.651+0000] {logging_mixin.py:188} INFO - [2026-04-13T04:27:08.651+0000] {dagbag.py:538} INFO - Filling up the DagBag from /opt/airflow/dags/daily_revenue_etl_dag.py
[2026-04-13T04:03:11.258+0000] {processor.py:840} INFO - DAG(s) 'daily_revenue_etl_dag' retrieved from /opt/airflow/dags/daily_revenue_etl_dag.py
[2026-04-13T04:03:11.294+0000] {logging_mixin.py:188} INFO - [2026-04-13T04:03:11.294+0000] {dag.py:3036} INFO - Sync 1 DAGs
[2026-04-13T04:03:11.314+0000] {logging_mixin.py:188} INFO - [2026-04-13T04:03:11.314+0000] {dag.py:3823} INFO - Setting next_dagrun for daily_revenue_etl_dag to 2026-04-13 00:00:00+00:00, run_after=2026-04-14 00:00:00+00:00
[2026-04-13T04:03:11.331+0000] {processor.py:183} INFO - Processing /opt/airflow/dags/daily_revenue_etl_dag.py took 0.103 seconds
[2026-04-13T04:27:13.682+0000] {processor.py:161} INFO - Started process (PID=529) to work on /opt/airflow/dags/daily_revenue_etl_dag.py
[2026-04-13T04:27:13.683+0000] {processor.py:830} INFO - Processing file /opt/airflow/dags/daily_revenue_etl_dag.py for tasks to queue
[2026-04-13T04:27:13.684+0000] {logging_mixin.py:188} INFO - [2026-04-13T04:27:13.684+0000] {dagbag.py:538} INFO - Filling up the DagBag from /opt/airflow/dags/daily_revenue_etl_dag.py
[2026-04-13T04:27:13.702+0000] {processor.py:840} INFO - DAG(s) 'daily_revenue_etl_dag' retrieved from /opt/airflow/dags/daily_revenue_etl_dag.py
[2026-04-13T04:27:13.732+0000] {logging_mixin.py:188} INFO - [2026-04-13T04:27:13.732+0000] {dag.py:3036} INFO - Sync 1 DAGs
[2026-04-13T04:27:13.758+0000] {logging_mixin.py:188} INFO - [2026-04-13T04:27:13.758+0000] {dag.py:3823} INFO - Setting next_dagrun for daily_revenue_etl_dag to 2026-04-13 00:00:00+00:00, run_after=2026-04-14 00:00:00+00:00
[2026-04-13T04:27:13.786+0000] {processor.py:183} INFO - Processing /opt/airflow/dags/daily_revenue_etl_dag.py took 0.109 seconds
[2026-04-13T04:27:54.357+0000] {processor.py:161} INFO - Started process (PID=535) to work on /opt/airflow/dags/daily_revenue_etl_dag.py
[2026-04-13T04:27:54.380+0000] {processor.py:830} INFO - Processing file /opt/airflow/dags/daily_revenue_etl_dag.py for tasks to queue
[2026-04-13T04:27:54.391+0000] {logging_mixin.py:188} INFO - [2026-04-13T04:27:54.388+0000] {dagbag.py:538} INFO - Filling up the DagBag from /opt/airflow/dags/daily_revenue_etl_dag.py
[2026-04-13T04:27:54.596+0000] {processor.py:840} INFO - DAG(s) 'daily_revenue_etl_dag' retrieved from /opt/airflow/dags/daily_revenue_etl_dag.py
[2026-04-13T04:27:54.983+0000] {logging_mixin.py:188} INFO - [2026-04-13T04:27:54.981+0000] {dag.py:3036} INFO - Sync 1 DAGs
[2026-04-13T04:27:55.212+0000] {logging_mixin.py:188} INFO - [2026-04-13T04:27:55.210+0000] {dag.py:3823} INFO - Setting next_dagrun for daily_revenue_etl_dag to 2026-04-13 00:00:00+00:00, run_after=2026-04-14 00:00:00+00:00
[2026-04-13T04:27:55.428+0000] {processor.py:183} INFO - Processing /opt/airflow/dags/daily_revenue_etl_dag.py took 1.097 seconds
[2026-04-13T04:28:25.612+0000] {processor.py:161} INFO - Started process (PID=540) to work on /opt/airflow/dags/daily_revenue_etl_dag.py
[2026-04-13T04:28:25.613+0000] {processor.py:830} INFO - Processing file /opt/airflow/dags/daily_revenue_etl_dag.py for tasks to queue
[2026-04-13T04:28:25.614+0000] {logging_mixin.py:188} INFO - [2026-04-13T04:28:25.614+0000] {dagbag.py:538} INFO - Filling up the DagBag from /opt/airflow/dags/daily_revenue_etl_dag.py
[2026-04-13T04:28:25.641+0000] {processor.py:840} INFO - DAG(s) 'daily_revenue_etl_dag' retrieved from /opt/airflow/dags/daily_revenue_etl_dag.py
[2026-04-13T04:28:25.681+0000] {logging_mixin.py:188} INFO - [2026-04-13T04:28:25.681+0000] {dag.py:3036} INFO - Sync 1 DAGs
[2026-04-13T04:28:25.709+0000] {logging_mixin.py:188} INFO - [2026-04-13T04:28:25.709+0000] {dag.py:3823} INFO - Setting next_dagrun for daily_revenue_etl_dag to 2026-04-13 00:00:00+00:00, run_after=2026-04-14 00:00:00+00:00
[2026-04-13T04:28:25.732+0000] {processor.py:183} INFO - Processing /opt/airflow/dags/daily_revenue_etl_dag.py took 0.125 seconds
[2026-04-13T04:30:43.700+0000] {processor.py:161} INFO - Started process (PID=547) to work on /opt/airflow/dags/daily_revenue_etl_dag.py
[2026-04-13T04:30:43.702+0000] {processor.py:830} INFO - Processing file /opt/airflow/dags/daily_revenue_etl_dag.py for tasks to queue
[2026-04-13T04:30:43.703+0000] {logging_mixin.py:188} INFO - [2026-04-13T04:30:43.703+0000] {dagbag.py:538} INFO - Filling up the DagBag from /opt/airflow/dags/daily_revenue_etl_dag.py
[2026-04-13T04:30:43.732+0000] {processor.py:840} INFO - DAG(s) 'daily_revenue_etl_dag' retrieved from /opt/airflow/dags/daily_revenue_etl_dag.py
[2026-04-13T04:30:43.767+0000] {logging_mixin.py:188} INFO - [2026-04-13T04:30:43.766+0000] {dag.py:3036} INFO - Sync 1 DAGs
[2026-04-13T04:30:43.811+0000] {logging_mixin.py:188} INFO - [2026-04-13T04:30:43.810+0000] {dag.py:3823} INFO - Setting next_dagrun for daily_revenue_etl_dag to 2026-04-13 00:00:00+00:00, run_after=2026-04-14 00:00:00+00:00
[2026-04-13T04:30:43.841+0000] {processor.py:183} INFO - Processing /opt/airflow/dags/daily_revenue_etl_dag.py took 0.145 seconds
[2026-04-13T04:31:18.949+0000] {processor.py:161} INFO - Started process (PID=552) to work on /opt/airflow/dags/daily_revenue_etl_dag.py
[2026-04-13T04:31:18.950+0000] {processor.py:830} INFO - Processing file /opt/airflow/dags/daily_revenue_etl_dag.py for tasks to queue
[2026-04-13T04:31:18.951+0000] {logging_mixin.py:188} INFO - [2026-04-13T04:31:18.951+0000] {dagbag.py:538} INFO - Filling up the DagBag from /opt/airflow/dags/daily_revenue_etl_dag.py
[2026-04-13T04:31:18.970+0000] {processor.py:840} INFO - DAG(s) 'daily_revenue_etl_dag' retrieved from /opt/airflow/dags/daily_revenue_etl_dag.py
[2026-04-13T04:31:18.995+0000] {logging_mixin.py:188} INFO - [2026-04-13T04:31:18.995+0000] {dag.py:3036} INFO - Sync 1 DAGs
[2026-04-13T04:31:19.031+0000] {logging_mixin.py:188} INFO - [2026-04-13T04:31:19.030+0000] {dag.py:3823} INFO - Setting next_dagrun for daily_revenue_etl_dag to 2026-04-13 00:00:00+00:00, run_after=2026-04-14 00:00:00+00:00
[2026-04-13T04:31:19.050+0000] {processor.py:183} INFO - Processing /opt/airflow/dags/daily_revenue_etl_dag.py took 0.104 seconds
[2026-04-13T04:31:54.217+0000] {processor.py:161} INFO - Started process (PID=557) to work on /opt/airflow/dags/daily_revenue_etl_dag.py
[2026-04-13T04:31:54.219+0000] {processor.py:830} INFO - Processing file /opt/airflow/dags/daily_revenue_etl_dag.py for tasks to queue
[2026-04-13T04:31:54.220+0000] {logging_mixin.py:188} INFO - [2026-04-13T04:31:54.220+0000] {dagbag.py:538} INFO - Filling up the DagBag from /opt/airflow/dags/daily_revenue_etl_dag.py
[2026-04-13T04:31:54.249+0000] {processor.py:840} INFO - DAG(s) 'daily_revenue_etl_dag' retrieved from /opt/airflow/dags/daily_revenue_etl_dag.py
[2026-04-13T04:31:54.278+0000] {logging_mixin.py:188} INFO - [2026-04-13T04:31:54.278+0000] {dag.py:3036} INFO - Sync 1 DAGs
[2026-04-13T04:31:54.298+0000] {logging_mixin.py:188} INFO - [2026-04-13T04:31:54.298+0000] {dag.py:3823} INFO - Setting next_dagrun for daily_revenue_etl_dag to 2026-04-13 00:00:00+00:00, run_after=2026-04-14 00:00:00+00:00
[2026-04-13T04:31:54.314+0000] {processor.py:183} INFO - Processing /opt/airflow/dags/daily_revenue_etl_dag.py took 0.102 seconds
[2026-04-13T04:32:24.461+0000] {processor.py:161} INFO - Started process (PID=562) to work on /opt/airflow/dags/daily_revenue_etl_dag.py
[2026-04-13T04:32:24.462+0000] {processor.py:830} INFO - Processing file /opt/airflow/dags/daily_revenue_etl_dag.py for tasks to queue
[2026-04-13T04:32:24.463+0000] {logging_mixin.py:188} INFO - [2026-04-13T04:32:24.463+0000] {dagbag.py:538} INFO - Filling up the DagBag from /opt/airflow/dags/daily_revenue_etl_dag.py
[2026-04-13T04:32:24.482+0000] {processor.py:840} INFO - DAG(s) 'daily_revenue_etl_dag' retrieved from /opt/airflow/dags/daily_revenue_etl_dag.py
[2026-04-13T04:32:24.506+0000] {logging_mixin.py:188} INFO - [2026-04-13T04:32:24.506+0000] {dag.py:3036} INFO - Sync 1 DAGs
[2026-04-13T04:32:24.524+0000] {logging_mixin.py:188} INFO - [2026-04-13T04:32:24.523+0000] {dag.py:3823} INFO - Setting next_dagrun for daily_revenue_etl_dag to 2026-04-13 00:00:00+00:00, run_after=2026-04-14 00:00:00+00:00
[2026-04-13T04:32:24.540+0000] {processor.py:183} INFO - Processing /opt/airflow/dags/daily_revenue_etl_dag.py took 0.083 seconds
[2026-04-13T04:33:13.786+0000] {processor.py:161} INFO - Started process (PID=568) to work on /opt/airflow/dags/daily_revenue_etl_dag.py
[2026-04-13T04:33:13.787+0000] {processor.py:830} INFO - Processing file /opt/airflow/dags/daily_revenue_etl_dag.py for tasks to queue
[2026-04-13T04:33:13.788+0000] {logging_mixin.py:188} INFO - [2026-04-13T04:33:13.788+0000] {dagbag.py:538} INFO - Filling up the DagBag from /opt/airflow/dags/daily_revenue_etl_dag.py
[2026-04-13T04:33:13.808+0000] {processor.py:840} INFO - DAG(s) 'daily_revenue_etl_dag' retrieved from /opt/airflow/dags/daily_revenue_etl_dag.py
[2026-04-13T04:33:13.839+0000] {logging_mixin.py:188} INFO - [2026-04-13T04:33:13.839+0000] {dag.py:3036} INFO - Sync 1 DAGs
[2026-04-13T04:33:13.871+0000] {logging_mixin.py:188} INFO - [2026-04-13T04:33:13.870+0000] {dag.py:3823} INFO - Setting next_dagrun for daily_revenue_etl_dag to 2026-04-13 00:00:00+00:00, run_after=2026-04-14 00:00:00+00:00
[2026-04-13T04:33:13.904+0000] {processor.py:183} INFO - Processing /opt/airflow/dags/daily_revenue_etl_dag.py took 0.122 seconds
[2026-04-13T04:33:34.074+0000] {processor.py:161} INFO - Started process (PID=574) to work on /opt/airflow/dags/daily_revenue_etl_dag.py
[2026-04-13T04:33:34.076+0000] {processor.py:830} INFO - Processing file /opt/airflow/dags/daily_revenue_etl_dag.py for tasks to queue
[2026-04-13T04:33:34.077+0000] {logging_mixin.py:188} INFO - [2026-04-13T04:33:34.076+0000] {dagbag.py:538} INFO - Filling up the DagBag from /opt/airflow/dags/daily_revenue_etl_dag.py
[2026-04-13T04:33:34.098+0000] {processor.py:840} INFO - DAG(s) 'daily_revenue_etl_dag' retrieved from /opt/airflow/dags/daily_revenue_etl_dag.py
[2026-04-13T04:33:34.126+0000] {logging_mixin.py:188} INFO - [2026-04-13T04:33:34.126+0000] {dag.py:3036} INFO - Sync 1 DAGs
[2026-04-13T04:33:34.152+0000] {logging_mixin.py:188} INFO - [2026-04-13T04:33:34.152+0000] {dag.py:3823} INFO - Setting next_dagrun for daily_revenue_etl_dag to 2026-04-13 00:00:00+00:00, run_after=2026-04-14 00:00:00+00:00
[2026-04-13T04:33:34.173+0000] {processor.py:183} INFO - Processing /opt/airflow/dags/daily_revenue_etl_dag.py took 0.103 seconds
[2026-04-13T04:34:04.260+0000] {processor.py:161} INFO - Started process (PID=579) to work on /opt/airflow/dags/daily_revenue_etl_dag.py
[2026-04-13T04:34:04.261+0000] {processor.py:830} INFO - Processing file /opt/airflow/dags/daily_revenue_etl_dag.py for tasks to queue
[2026-04-13T04:34:04.262+0000] {logging_mixin.py:188} INFO - [2026-04-13T04:34:04.262+0000] {dagbag.py:538} INFO - Filling up the DagBag from /opt/airflow/dags/daily_revenue_etl_dag.py
[2026-04-13T04:34:04.288+0000] {processor.py:840} INFO - DAG(s) 'daily_revenue_etl_dag' retrieved from /opt/airflow/dags/daily_revenue_etl_dag.py
[2026-04-13T04:34:04.319+0000] {logging_mixin.py:188} INFO - [2026-04-13T04:34:04.319+0000] {dag.py:3036} INFO - Sync 1 DAGs
[2026-04-13T04:10:06.949+0000] {logging_mixin.py:188} INFO - [2026-04-13T04:10:06.949+0000] {dag.py:3823} INFO - Setting next_dagrun for daily_revenue_etl_dag to 2026-04-13 00:00:00+00:00, run_after=2026-04-14 00:00:00+00:00
[2026-04-13T04:10:06.968+0000] {processor.py:183} INFO - Processing /opt/airflow/dags/daily_revenue_etl_dag.py took 0.108 seconds
[2026-04-13T04:10:37.392+0000] {processor.py:161} INFO - Started process (PID=584) to work on /opt/airflow/dags/daily_revenue_etl_dag.py
[2026-04-13T04:10:37.394+0000] {processor.py:830} INFO - Processing file /opt/airflow/dags/daily_revenue_etl_dag.py for tasks to queue
[2026-04-13T04:10:37.395+0000] {logging_mixin.py:188} INFO - [2026-04-13T04:10:37.395+0000] {dagbag.py:538} INFO - Filling up the DagBag from /opt/airflow/dags/daily_revenue_etl_dag.py
[2026-04-13T04:10:37.435+0000] {processor.py:840} INFO - DAG(s) 'daily_revenue_etl_dag' retrieved from /opt/airflow/dags/daily_revenue_etl_dag.py
[2026-04-13T04:10:37.507+0000] {logging_mixin.py:188} INFO - [2026-04-13T04:10:37.506+0000] {dag.py:3036} INFO - Sync 1 DAGs
[2026-04-13T04:10:37.553+0000] {logging_mixin.py:188} INFO - [2026-04-13T04:10:37.553+0000] {dag.py:3823} INFO - Setting next_dagrun for daily_revenue_etl_dag to 2026-04-13 00:00:00+00:00, run_after=2026-04-14 00:00:00+00:00
[2026-04-13T04:10:37.611+0000] {processor.py:183} INFO - Processing /opt/airflow/dags/daily_revenue_etl_dag.py took 0.235 seconds
[2026-04-13T04:34:43.865+0000] {processor.py:161} INFO - Started process (PID=590) to work on /opt/airflow/dags/daily_revenue_etl_dag.py
[2026-04-13T04:34:43.867+0000] {processor.py:830} INFO - Processing file /opt/airflow/dags/daily_revenue_etl_dag.py for tasks to queue
[2026-04-13T04:34:43.869+0000] {logging_mixin.py:188} INFO - [2026-04-13T04:34:43.868+0000] {dagbag.py:538} INFO - Filling up the DagBag from /opt/airflow/dags/daily_revenue_etl_dag.py
[2026-04-13T04:34:43.897+0000] {processor.py:840} INFO - DAG(s) 'daily_revenue_etl_dag' retrieved from /opt/airflow/dags/daily_revenue_etl_dag.py
[2026-04-13T04:34:43.932+0000] {logging_mixin.py:188} INFO - [2026-04-13T04:34:43.931+0000] {dag.py:3036} INFO - Sync 1 DAGs
[2026-04-13T04:10:46.572+0000] {logging_mixin.py:188} INFO - [2026-04-13T04:10:46.572+0000] {dag.py:3823} INFO - Setting next_dagrun for daily_revenue_etl_dag to 2026-04-13 00:00:00+00:00, run_after=2026-04-14 00:00:00+00:00
[2026-04-13T04:10:46.594+0000] {processor.py:183} INFO - Processing /opt/airflow/dags/daily_revenue_etl_dag.py took 0.123 seconds
[2026-04-13T04:35:14.413+0000] {processor.py:161} INFO - Started process (PID=596) to work on /opt/airflow/dags/daily_revenue_etl_dag.py
[2026-04-13T04:35:14.418+0000] {processor.py:830} INFO - Processing file /opt/airflow/dags/daily_revenue_etl_dag.py for tasks to queue
[2026-04-13T04:35:14.421+0000] {logging_mixin.py:188} INFO - [2026-04-13T04:35:14.420+0000] {dagbag.py:538} INFO - Filling up the DagBag from /opt/airflow/dags/daily_revenue_etl_dag.py
[2026-04-13T04:11:17.127+0000] {processor.py:840} INFO - DAG(s) 'daily_revenue_etl_dag' retrieved from /opt/airflow/dags/daily_revenue_etl_dag.py
[2026-04-13T04:11:17.306+0000] {logging_mixin.py:188} INFO - [2026-04-13T04:11:17.304+0000] {dag.py:3036} INFO - Sync 1 DAGs
[2026-04-13T04:11:17.430+0000] {logging_mixin.py:188} INFO - [2026-04-13T04:11:17.429+0000] {dag.py:3823} INFO - Setting next_dagrun for daily_revenue_etl_dag to 2026-04-13 00:00:00+00:00, run_after=2026-04-14 00:00:00+00:00
[2026-04-13T04:11:17.479+0000] {processor.py:183} INFO - Processing /opt/airflow/dags/daily_revenue_etl_dag.py took 0.492 seconds
[2026-04-13T04:35:19.387+0000] {processor.py:161} INFO - Started process (PID=601) to work on /opt/airflow/dags/daily_revenue_etl_dag.py
[2026-04-13T04:35:19.389+0000] {processor.py:830} INFO - Processing file /opt/airflow/dags/daily_revenue_etl_dag.py for tasks to queue
[2026-04-13T04:35:19.389+0000] {logging_mixin.py:188} INFO - [2026-04-13T04:35:19.389+0000] {dagbag.py:538} INFO - Filling up the DagBag from /opt/airflow/dags/daily_revenue_etl_dag.py
[2026-04-13T04:35:19.406+0000] {processor.py:840} INFO - DAG(s) 'daily_revenue_etl_dag' retrieved from /opt/airflow/dags/daily_revenue_etl_dag.py
[2026-04-13T04:35:19.435+0000] {logging_mixin.py:188} INFO - [2026-04-13T04:35:19.435+0000] {dag.py:3036} INFO - Sync 1 DAGs
[2026-04-13T04:35:19.460+0000] {logging_mixin.py:188} INFO - [2026-04-13T04:35:19.459+0000] {dag.py:3823} INFO - Setting next_dagrun for daily_revenue_etl_dag to 2026-04-13 00:00:00+00:00, run_after=2026-04-14 00:00:00+00:00
[2026-04-13T04:35:19.481+0000] {processor.py:183} INFO - Processing /opt/airflow/dags/daily_revenue_etl_dag.py took 0.098 seconds
[2026-04-13T04:36:13.834+0000] {processor.py:161} INFO - Started process (PID=606) to work on /opt/airflow/dags/daily_revenue_etl_dag.py
[2026-04-13T04:36:13.835+0000] {processor.py:830} INFO - Processing file /opt/airflow/dags/daily_revenue_etl_dag.py for tasks to queue
[2026-04-13T04:36:13.837+0000] {logging_mixin.py:188} INFO - [2026-04-13T04:36:13.836+0000] {dagbag.py:538} INFO - Filling up the DagBag from /opt/airflow/dags/daily_revenue_etl_dag.py
[2026-04-13T04:36:13.858+0000] {processor.py:840} INFO - DAG(s) 'daily_revenue_etl_dag' retrieved from /opt/airflow/dags/daily_revenue_etl_dag.py
[2026-04-13T04:36:13.886+0000] {logging_mixin.py:188} INFO - [2026-04-13T04:36:13.886+0000] {dag.py:3036} INFO - Sync 1 DAGs
[2026-04-13T04:36:13.907+0000] {logging_mixin.py:188} INFO - [2026-04-13T04:36:13.907+0000] {dag.py:3823} INFO - Setting next_dagrun for daily_revenue_etl_dag to 2026-04-13 00:00:00+00:00, run_after=2026-04-14 00:00:00+00:00
[2026-04-13T04:36:13.925+0000] {processor.py:183} INFO - Processing /opt/airflow/dags/daily_revenue_etl_dag.py took 0.095 seconds
[2026-04-13T04:37:54.586+0000] {processor.py:161} INFO - Started process (PID=612) to work on /opt/airflow/dags/daily_revenue_etl_dag.py
[2026-04-13T04:37:54.590+0000] {processor.py:830} INFO - Processing file /opt/airflow/dags/daily_revenue_etl_dag.py for tasks to queue
[2026-04-13T04:37:54.594+0000] {logging_mixin.py:188} INFO - [2026-04-13T04:37:54.593+0000] {dagbag.py:538} INFO - Filling up the DagBag from /opt/airflow/dags/daily_revenue_etl_dag.py
[2026-04-13T04:37:54.636+0000] {processor.py:840} INFO - DAG(s) 'daily_revenue_etl_dag' retrieved from /opt/airflow/dags/daily_revenue_etl_dag.py
[2026-04-13T04:37:54.683+0000] {logging_mixin.py:188} INFO - [2026-04-13T04:37:54.683+0000] {dag.py:3036} INFO - Sync 1 DAGs
[2026-04-13T04:37:54.727+0000] {logging_mixin.py:188} INFO - [2026-04-13T04:37:54.727+0000] {dag.py:3823} INFO - Setting next_dagrun for daily_revenue_etl_dag to 2026-04-13 00:00:00+00:00, run_after=2026-04-14 00:00:00+00:00
[2026-04-13T04:37:54.758+0000] {processor.py:183} INFO - Processing /opt/airflow/dags/daily_revenue_etl_dag.py took 0.177 seconds
[2026-04-13T04:14:32.438+0000] {processor.py:161} INFO - Started process (PID=618) to work on /opt/airflow/dags/daily_revenue_etl_dag.py
[2026-04-13T04:14:32.440+0000] {processor.py:830} INFO - Processing file /opt/airflow/dags/daily_revenue_etl_dag.py for tasks to queue
[2026-04-13T04:14:32.442+0000] {logging_mixin.py:188} INFO - [2026-04-13T04:14:32.441+0000] {dagbag.py:538} INFO - Filling up the DagBag from /opt/airflow/dags/daily_revenue_etl_dag.py
[2026-04-13T04:14:32.493+0000] {processor.py:840} INFO - DAG(s) 'daily_revenue_etl_dag' retrieved from /opt/airflow/dags/daily_revenue_etl_dag.py
[2026-04-13T04:14:32.551+0000] {logging_mixin.py:188} INFO - [2026-04-13T04:14:32.551+0000] {dag.py:3036} INFO - Sync 1 DAGs
[2026-04-13T04:14:32.609+0000] {logging_mixin.py:188} INFO - [2026-04-13T04:14:32.608+0000] {dag.py:3823} INFO - Setting next_dagrun for daily_revenue_etl_dag to 2026-04-13 00:00:00+00:00, run_after=2026-04-14 00:00:00+00:00
[2026-04-13T04:14:32.665+0000] {processor.py:183} INFO - Processing /opt/airflow/dags/daily_revenue_etl_dag.py took 0.236 seconds
[2026-04-13T04:15:02.825+0000] {processor.py:161} INFO - Started process (PID=623) to work on /opt/airflow/dags/daily_revenue_etl_dag.py
[2026-04-13T04:15:02.826+0000] {processor.py:830} INFO - Processing file /opt/airflow/dags/daily_revenue_etl_dag.py for tasks to queue
[2026-04-13T04:15:02.827+0000] {logging_mixin.py:188} INFO - [2026-04-13T04:15:02.826+0000] {dagbag.py:538} INFO - Filling up the DagBag from /opt/airflow/dags/daily_revenue_etl_dag.py
[2026-04-13T04:15:02.846+0000] {processor.py:840} INFO - DAG(s) 'daily_revenue_etl_dag' retrieved from /opt/airflow/dags/daily_revenue_etl_dag.py
[2026-04-13T04:15:02.872+0000] {logging_mixin.py:188} INFO - [2026-04-13T04:15:02.871+0000] {dag.py:3036} INFO - Sync 1 DAGs
[2026-04-13T04:15:02.897+0000] {logging_mixin.py:188} INFO - [2026-04-13T04:15:02.897+0000] {dag.py:3823} INFO - Setting next_dagrun for daily_revenue_etl_dag to 2026-04-13 00:00:00+00:00, run_after=2026-04-14 00:00:00+00:00
[2026-04-13T04:15:02.929+0000] {processor.py:183} INFO - Processing /opt/airflow/dags/daily_revenue_etl_dag.py took 0.108 seconds
[2026-04-13T04:15:33.032+0000] {processor.py:161} INFO - Started process (PID=628) to work on /opt/airflow/dags/daily_revenue_etl_dag.py
[2026-04-13T04:15:33.034+0000] {processor.py:830} INFO - Processing file /opt/airflow/dags/daily_revenue_etl_dag.py for tasks to queue
[2026-04-13T04:15:33.035+0000] {logging_mixin.py:188} INFO - [2026-04-13T04:15:33.035+0000] {dagbag.py:538} INFO - Filling up the DagBag from /opt/airflow/dags/daily_revenue_etl_dag.py
[2026-04-13T04:15:33.055+0000] {processor.py:840} INFO - DAG(s) 'daily_revenue_etl_dag' retrieved from /opt/airflow/dags/daily_revenue_etl_dag.py
[2026-04-13T04:15:33.080+0000] {logging_mixin.py:188} INFO - [2026-04-13T04:15:33.080+0000] {dag.py:3036} INFO - Sync 1 DAGs
[2026-04-13T04:15:33.102+0000] {logging_mixin.py:188} INFO - [2026-04-13T04:15:33.101+0000] {dag.py:3823} INFO - Setting next_dagrun for daily_revenue_etl_dag to 2026-04-13 00:00:00+00:00, run_after=2026-04-14 00:00:00+00:00
[2026-04-13T04:15:33.118+0000] {processor.py:183} INFO - Processing /opt/airflow/dags/daily_revenue_etl_dag.py took 0.089 seconds
[2026-04-13T04:40:00.737+0000] {processor.py:161} INFO - Started process (PID=634) to work on /opt/airflow/dags/daily_revenue_etl_dag.py
[2026-04-13T04:40:00.740+0000] {processor.py:830} INFO - Processing file /opt/airflow/dags/daily_revenue_etl_dag.py for tasks to queue
[2026-04-13T04:40:00.743+0000] {logging_mixin.py:188} INFO - [2026-04-13T04:40:00.743+0000] {dagbag.py:538} INFO - Filling up the DagBag from /opt/airflow/dags/daily_revenue_etl_dag.py
[2026-04-13T04:40:00.798+0000] {processor.py:840} INFO - DAG(s) 'daily_revenue_etl_dag' retrieved from /opt/airflow/dags/daily_revenue_etl_dag.py
[2026-04-13T04:40:00.852+0000] {logging_mixin.py:188} INFO - [2026-04-13T04:40:00.852+0000] {dag.py:3036} INFO - Sync 1 DAGs
[2026-04-13T04:40:00.899+0000] {logging_mixin.py:188} INFO - [2026-04-13T04:40:00.898+0000] {dag.py:3823} INFO - Setting next_dagrun for daily_revenue_etl_dag to 2026-04-13 00:00:00+00:00, run_after=2026-04-14 00:00:00+00:00
[2026-04-13T04:40:00.938+0000] {processor.py:183} INFO - Processing /opt/airflow/dags/daily_revenue_etl_dag.py took 0.210 seconds
[2026-04-13T04:40:34.922+0000] {processor.py:161} INFO - Started process (PID=639) to work on /opt/airflow/dags/daily_revenue_etl_dag.py
[2026-04-13T04:40:34.923+0000] {processor.py:830} INFO - Processing file /opt/airflow/dags/daily_revenue_etl_dag.py for tasks to queue
[2026-04-13T04:40:34.924+0000] {logging_mixin.py:188} INFO - [2026-04-13T04:40:34.924+0000] {dagbag.py:538} INFO - Filling up the DagBag from /opt/airflow/dags/daily_revenue_etl_dag.py
[2026-04-13T04:40:34.942+0000] {processor.py:840} INFO - DAG(s) 'daily_revenue_etl_dag' retrieved from /opt/airflow/dags/daily_revenue_etl_dag.py
[2026-04-13T04:40:34.970+0000] {logging_mixin.py:188} INFO - [2026-04-13T04:40:34.970+0000] {dag.py:3036} INFO - Sync 1 DAGs
[2026-04-13T04:40:34.990+0000] {logging_mixin.py:188} INFO - [2026-04-13T04:40:34.989+0000] {dag.py:3823} INFO - Setting next_dagrun for daily_revenue_etl_dag to 2026-04-13 00:00:00+00:00, run_after=2026-04-14 00:00:00+00:00
[2026-04-13T04:40:35.007+0000] {processor.py:183} INFO - Processing /opt/airflow/dags/daily_revenue_etl_dag.py took 0.088 seconds
[2026-04-13T04:17:07.707+0000] {processor.py:161} INFO - Started process (PID=644) to work on /opt/airflow/dags/daily_revenue_etl_dag.py
[2026-04-13T04:17:07.708+0000] {processor.py:830} INFO - Processing file /opt/airflow/dags/daily_revenue_etl_dag.py for tasks to queue
[2026-04-13T04:17:07.709+0000] {logging_mixin.py:188} INFO - [2026-04-13T04:17:07.709+0000] {dagbag.py:538} INFO - Filling up the DagBag from /opt/airflow/dags/daily_revenue_etl_dag.py
[2026-04-13T04:17:07.728+0000] {processor.py:840} INFO - DAG(s) 'daily_revenue_etl_dag' retrieved from /opt/airflow/dags/daily_revenue_etl_dag.py
[2026-04-13T04:17:07.758+0000] {logging_mixin.py:188} INFO - [2026-04-13T04:17:07.758+0000] {dag.py:3036} INFO - Sync 1 DAGs
[2026-04-13T04:17:07.780+0000] {logging_mixin.py:188} INFO - [2026-04-13T04:17:07.780+0000] {dag.py:3823} INFO - Setting next_dagrun for daily_revenue_etl_dag to 2026-04-13 00:00:00+00:00, run_after=2026-04-14 00:00:00+00:00
[2026-04-13T04:17:07.804+0000] {processor.py:183} INFO - Processing /opt/airflow/dags/daily_revenue_etl_dag.py took 0.101 seconds
[2026-04-13T04:17:38.060+0000] {processor.py:161} INFO - Started process (PID=649) to work on /opt/airflow/dags/daily_revenue_etl_dag.py
[2026-04-13T04:17:38.065+0000] {processor.py:830} INFO - Processing file /opt/airflow/dags/daily_revenue_etl_dag.py for tasks to queue
[2026-04-13T04:17:38.068+0000] {logging_mixin.py:188} INFO - [2026-04-13T04:17:38.067+0000] {dagbag.py:538} INFO - Filling up the DagBag from /opt/airflow/dags/daily_revenue_etl_dag.py
[2026-04-13T04:17:38.099+0000] {processor.py:840} INFO - DAG(s) 'daily_revenue_etl_dag' retrieved from /opt/airflow/dags/daily_revenue_etl_dag.py
[2026-04-13T04:17:38.136+0000] {logging_mixin.py:188} INFO - [2026-04-13T04:17:38.135+0000] {dag.py:3036} INFO - Sync 1 DAGs
[2026-04-13T04:17:38.169+0000] {logging_mixin.py:188} INFO - [2026-04-13T04:17:38.168+0000] {dag.py:3823} INFO - Setting next_dagrun for daily_revenue_etl_dag to 2026-04-13 00:00:00+00:00, run_after=2026-04-14 00:00:00+00:00
[2026-04-13T04:17:38.217+0000] {processor.py:183} INFO - Processing /opt/airflow/dags/daily_revenue_etl_dag.py took 0.165 seconds
[2026-04-13T04:41:55.187+0000] {processor.py:161} INFO - Started process (PID=654) to work on /opt/airflow/dags/daily_revenue_etl_dag.py
[2026-04-13T04:41:55.191+0000] {processor.py:830} INFO - Processing file /opt/airflow/dags/daily_revenue_etl_dag.py for tasks to queue
[2026-04-13T04:41:55.193+0000] {logging_mixin.py:188} INFO - [2026-04-13T04:41:55.192+0000] {dagbag.py:538} INFO - Filling up the DagBag from /opt/airflow/dags/daily_revenue_etl_dag.py
[2026-04-13T04:17:57.904+0000] {processor.py:840} INFO - DAG(s) 'daily_revenue_etl_dag' retrieved from /opt/airflow/dags/daily_revenue_etl_dag.py
[2026-04-13T04:17:58.032+0000] {logging_mixin.py:188} INFO - [2026-04-13T04:17:58.031+0000] {dag.py:3036} INFO - Sync 1 DAGs
[2026-04-13T04:17:58.141+0000] {logging_mixin.py:188} INFO - [2026-04-13T04:17:58.140+0000] {dag.py:3823} INFO - Setting next_dagrun for daily_revenue_etl_dag to 2026-04-13 00:00:00+00:00, run_after=2026-04-14 00:00:00+00:00
[2026-04-13T04:17:58.255+0000] {processor.py:183} INFO - Processing /opt/airflow/dags/daily_revenue_etl_dag.py took 0.479 seconds
[2026-04-13T04:42:00.196+0000] {processor.py:161} INFO - Started process (PID=659) to work on /opt/airflow/dags/daily_revenue_etl_dag.py
[2026-04-13T04:42:00.200+0000] {processor.py:830} INFO - Processing file /opt/airflow/dags/daily_revenue_etl_dag.py for tasks to queue
[2026-04-13T04:18:02.820+0000] {logging_mixin.py:188} INFO - [2026-04-13T04:18:02.819+0000] {dagbag.py:538} INFO - Filling up the DagBag from /opt/airflow/dags/daily_revenue_etl_dag.py
[2026-04-13T04:18:02.882+0000] {processor.py:840} INFO - DAG(s) 'daily_revenue_etl_dag' retrieved from /opt/airflow/dags/daily_revenue_etl_dag.py
[2026-04-13T04:18:02.929+0000] {logging_mixin.py:188} INFO - [2026-04-13T04:18:02.929+0000] {dag.py:3036} INFO - Sync 1 DAGs
[2026-04-13T04:18:02.960+0000] {logging_mixin.py:188} INFO - [2026-04-13T04:18:02.960+0000] {dag.py:3823} INFO - Setting next_dagrun for daily_revenue_etl_dag to 2026-04-13 00:00:00+00:00, run_after=2026-04-14 00:00:00+00:00
[2026-04-13T04:18:02.988+0000] {processor.py:183} INFO - Processing /opt/airflow/dags/daily_revenue_etl_dag.py took 0.181 seconds
[2026-04-13T04:18:33.132+0000] {processor.py:161} INFO - Started process (PID=664) to work on /opt/airflow/dags/daily_revenue_etl_dag.py
[2026-04-13T04:18:33.134+0000] {processor.py:830} INFO - Processing file /opt/airflow/dags/daily_revenue_etl_dag.py for tasks to queue
[2026-04-13T04:18:33.136+0000] {logging_mixin.py:188} INFO - [2026-04-13T04:18:33.136+0000] {dagbag.py:538} INFO - Filling up the DagBag from /opt/airflow/dags/daily_revenue_etl_dag.py
[2026-04-13T04:18:33.184+0000] {processor.py:840} INFO - DAG(s) 'daily_revenue_etl_dag' retrieved from /opt/airflow/dags/daily_revenue_etl_dag.py
[2026-04-13T04:18:33.285+0000] {logging_mixin.py:188} INFO - [2026-04-13T04:18:33.284+0000] {dag.py:3036} INFO - Sync 1 DAGs
[2026-04-13T04:18:33.342+0000] {logging_mixin.py:188} INFO - [2026-04-13T04:18:33.342+0000] {dag.py:3823} INFO - Setting next_dagrun for daily_revenue_etl_dag to 2026-04-13 00:00:00+00:00, run_after=2026-04-14 00:00:00+00:00
[2026-04-13T04:18:33.448+0000] {processor.py:183} INFO - Processing /opt/airflow/dags/daily_revenue_etl_dag.py took 0.324 seconds
[2026-04-13T04:42:44.017+0000] {processor.py:161} INFO - Started process (PID=669) to work on /opt/airflow/dags/daily_revenue_etl_dag.py
[2026-04-13T04:42:44.022+0000] {processor.py:830} INFO - Processing file /opt/airflow/dags/daily_revenue_etl_dag.py for tasks to queue
[2026-04-13T04:18:46.643+0000] {logging_mixin.py:188} INFO - [2026-04-13T04:18:46.642+0000] {dagbag.py:538} INFO - Filling up the DagBag from /opt/airflow/dags/daily_revenue_etl_dag.py
[2026-04-13T04:18:46.682+0000] {processor.py:840} INFO - DAG(s) 'daily_revenue_etl_dag' retrieved from /opt/airflow/dags/daily_revenue_etl_dag.py
[2026-04-13T04:18:46.745+0000] {logging_mixin.py:188} INFO - [2026-04-13T04:18:46.743+0000] {dag.py:3036} INFO - Sync 1 DAGs
[2026-04-13T04:18:46.785+0000] {logging_mixin.py:188} INFO - [2026-04-13T04:18:46.785+0000] {dag.py:3823} INFO - Setting next_dagrun for daily_revenue_etl_dag to 2026-04-13 00:00:00+00:00, run_after=2026-04-14 00:00:00+00:00
[2026-04-13T04:18:46.813+0000] {processor.py:183} INFO - Processing /opt/airflow/dags/daily_revenue_etl_dag.py took 0.187 seconds
[2026-04-13T04:42:45.294+0000] {processor.py:161} INFO - Started process (PID=674) to work on /opt/airflow/dags/daily_revenue_etl_dag.py
[2026-04-13T04:42:45.299+0000] {processor.py:830} INFO - Processing file /opt/airflow/dags/daily_revenue_etl_dag.py for tasks to queue
[2026-04-13T04:42:45.302+0000] {logging_mixin.py:188} INFO - [2026-04-13T04:42:45.301+0000] {dagbag.py:538} INFO - Filling up the DagBag from /opt/airflow/dags/daily_revenue_etl_dag.py
[2026-04-13T04:18:47.994+0000] {processor.py:840} INFO - DAG(s) 'daily_revenue_etl_dag' retrieved from /opt/airflow/dags/daily_revenue_etl_dag.py
[2026-04-13T04:18:48.061+0000] {logging_mixin.py:188} INFO - [2026-04-13T04:18:48.060+0000] {dag.py:3036} INFO - Sync 1 DAGs
[2026-04-13T04:18:48.120+0000] {logging_mixin.py:188} INFO - [2026-04-13T04:18:48.120+0000] {dag.py:3823} INFO - Setting next_dagrun for daily_revenue_etl_dag to 2026-04-13 00:00:00+00:00, run_after=2026-04-14 00:00:00+00:00
[2026-04-13T04:18:48.153+0000] {processor.py:183} INFO - Processing /opt/airflow/dags/daily_revenue_etl_dag.py took 0.281 seconds
[2026-04-13T04:43:14.037+0000] {processor.py:161} INFO - Started process (PID=679) to work on /opt/airflow/dags/daily_revenue_etl_dag.py
[2026-04-13T04:43:14.043+0000] {processor.py:830} INFO - Processing file /opt/airflow/dags/daily_revenue_etl_dag.py for tasks to queue
[2026-04-13T04:19:16.660+0000] {logging_mixin.py:188} INFO - [2026-04-13T04:19:16.658+0000] {dagbag.py:538} INFO - Filling up the DagBag from /opt/airflow/dags/daily_revenue_etl_dag.py
[2026-04-13T04:19:16.750+0000] {processor.py:840} INFO - DAG(s) 'daily_revenue_etl_dag' retrieved from /opt/airflow/dags/daily_revenue_etl_dag.py
[2026-04-13T04:19:16.821+0000] {logging_mixin.py:188} INFO - [2026-04-13T04:19:16.817+0000] {dag.py:3036} INFO - Sync 1 DAGs
[2026-04-13T04:19:16.951+0000] {logging_mixin.py:188} INFO - [2026-04-13T04:19:16.950+0000] {dag.py:3823} INFO - Setting next_dagrun for daily_revenue_etl_dag to 2026-04-13 00:00:00+00:00, run_after=2026-04-14 00:00:00+00:00
[2026-04-13T04:19:17.068+0000] {processor.py:183} INFO - Processing /opt/airflow/dags/daily_revenue_etl_dag.py took 0.426 seconds
[2026-04-13T04:43:25.213+0000] {processor.py:161} INFO - Started process (PID=684) to work on /opt/airflow/dags/daily_revenue_etl_dag.py
[2026-04-13T04:43:25.217+0000] {processor.py:830} INFO - Processing file /opt/airflow/dags/daily_revenue_etl_dag.py for tasks to queue
[2026-04-13T04:43:25.218+0000] {logging_mixin.py:188} INFO - [2026-04-13T04:43:25.218+0000] {dagbag.py:538} INFO - Filling up the DagBag from /opt/airflow/dags/daily_revenue_etl_dag.py
[2026-04-13T04:43:25.267+0000] {processor.py:840} INFO - DAG(s) 'daily_revenue_etl_dag' retrieved from /opt/airflow/dags/daily_revenue_etl_dag.py
[2026-04-13T04:43:25.316+0000] {logging_mixin.py:188} INFO - [2026-04-13T04:43:25.316+0000] {dag.py:3036} INFO - Sync 1 DAGs
[2026-04-13T04:43:25.385+0000] {logging_mixin.py:188} INFO - [2026-04-13T04:43:25.383+0000] {dag.py:3823} INFO - Setting next_dagrun for daily_revenue_etl_dag to 2026-04-13 00:00:00+00:00, run_after=2026-04-14 00:00:00+00:00
[2026-04-13T04:19:28.064+0000] {processor.py:183} INFO - Processing /opt/airflow/dags/daily_revenue_etl_dag.py took 0.271 seconds
[2026-04-13T04:43:30.246+0000] {processor.py:161} INFO - Started process (PID=689) to work on /opt/airflow/dags/daily_revenue_etl_dag.py
[2026-04-13T04:43:30.247+0000] {processor.py:830} INFO - Processing file /opt/airflow/dags/daily_revenue_etl_dag.py for tasks to queue
[2026-04-13T04:43:30.249+0000] {logging_mixin.py:188} INFO - [2026-04-13T04:43:30.248+0000] {dagbag.py:538} INFO - Filling up the DagBag from /opt/airflow/dags/daily_revenue_etl_dag.py
[2026-04-13T04:43:30.285+0000] {processor.py:840} INFO - DAG(s) 'daily_revenue_etl_dag' retrieved from /opt/airflow/dags/daily_revenue_etl_dag.py
[2026-04-13T04:43:30.330+0000] {logging_mixin.py:188} INFO - [2026-04-13T04:43:30.329+0000] {dag.py:3036} INFO - Sync 1 DAGs
[2026-04-13T04:43:30.364+0000] {logging_mixin.py:188} INFO - [2026-04-13T04:43:30.363+0000] {dag.py:3823} INFO - Setting next_dagrun for daily_revenue_etl_dag to 2026-04-13 00:00:00+00:00, run_after=2026-04-14 00:00:00+00:00
[2026-04-13T04:19:33.013+0000] {processor.py:183} INFO - Processing /opt/airflow/dags/daily_revenue_etl_dag.py took 0.153 seconds
[2026-04-13T04:43:35.321+0000] {processor.py:161} INFO - Started process (PID=694) to work on /opt/airflow/dags/daily_revenue_etl_dag.py
[2026-04-13T04:43:35.324+0000] {processor.py:830} INFO - Processing file /opt/airflow/dags/daily_revenue_etl_dag.py for tasks to queue
[2026-04-13T04:43:35.327+0000] {logging_mixin.py:188} INFO - [2026-04-13T04:43:35.326+0000] {dagbag.py:538} INFO - Filling up the DagBag from /opt/airflow/dags/daily_revenue_etl_dag.py
[2026-04-13T04:43:35.368+0000] {processor.py:840} INFO - DAG(s) 'daily_revenue_etl_dag' retrieved from /opt/airflow/dags/daily_revenue_etl_dag.py
[2026-04-13T04:19:38.031+0000] {logging_mixin.py:188} INFO - [2026-04-13T04:19:38.030+0000] {dag.py:3036} INFO - Sync 1 DAGs
[2026-04-13T04:19:38.063+0000] {logging_mixin.py:188} INFO - [2026-04-13T04:19:38.063+0000] {dag.py:3823} INFO - Setting next_dagrun for daily_revenue_etl_dag to 2026-04-13 00:00:00+00:00, run_after=2026-04-14 00:00:00+00:00
[2026-04-13T04:19:38.241+0000] {processor.py:183} INFO - Processing /opt/airflow/dags/daily_revenue_etl_dag.py took 0.319 seconds
[2026-04-13T04:44:00.684+0000] {processor.py:161} INFO - Started process (PID=700) to work on /opt/airflow/dags/daily_revenue_etl_dag.py
[2026-04-13T04:44:00.686+0000] {processor.py:830} INFO - Processing file /opt/airflow/dags/daily_revenue_etl_dag.py for tasks to queue
[2026-04-13T04:44:00.688+0000] {logging_mixin.py:188} INFO - [2026-04-13T04:44:00.688+0000] {dagbag.py:538} INFO - Filling up the DagBag from /opt/airflow/dags/daily_revenue_etl_dag.py
[2026-04-13T04:44:00.746+0000] {processor.py:840} INFO - DAG(s) 'daily_revenue_etl_dag' retrieved from /opt/airflow/dags/daily_revenue_etl_dag.py
[2026-04-13T04:44:00.810+0000] {logging_mixin.py:188} INFO - [2026-04-13T04:44:00.809+0000] {dag.py:3036} INFO - Sync 1 DAGs
[2026-04-13T04:44:00.876+0000] {logging_mixin.py:188} INFO - [2026-04-13T04:44:00.875+0000] {dag.py:3823} INFO - Setting next_dagrun for daily_revenue_etl_dag to 2026-04-13 00:00:00+00:00, run_after=2026-04-14 00:00:00+00:00
[2026-04-13T04:44:00.934+0000] {processor.py:183} INFO - Processing /opt/airflow/dags/daily_revenue_etl_dag.py took 0.255 seconds
[2026-04-13T04:44:40.347+0000] {processor.py:161} INFO - Started process (PID=705) to work on /opt/airflow/dags/daily_revenue_etl_dag.py
[2026-04-13T04:44:40.349+0000] {processor.py:830} INFO - Processing file /opt/airflow/dags/daily_revenue_etl_dag.py for tasks to queue
[2026-04-13T04:44:40.351+0000] {logging_mixin.py:188} INFO - [2026-04-13T04:44:40.350+0000] {dagbag.py:538} INFO - Filling up the DagBag from /opt/airflow/dags/daily_revenue_etl_dag.py
[2026-04-13T04:44:40.384+0000] {processor.py:840} INFO - DAG(s) 'daily_revenue_etl_dag' retrieved from /opt/airflow/dags/daily_revenue_etl_dag.py
[2026-04-13T04:44:40.424+0000] {logging_mixin.py:188} INFO - [2026-04-13T04:44:40.423+0000] {dag.py:3036} INFO - Sync 1 DAGs
[2026-04-13T04:44:40.452+0000] {logging_mixin.py:188} INFO - [2026-04-13T04:44:40.452+0000] {dag.py:3823} INFO - Setting next_dagrun for daily_revenue_etl_dag to 2026-04-13 00:00:00+00:00, run_after=2026-04-14 00:00:00+00:00
[2026-04-13T04:44:40.474+0000] {processor.py:183} INFO - Processing /opt/airflow/dags/daily_revenue_etl_dag.py took 0.134 seconds
[2026-04-13T04:45:43.884+0000] {processor.py:161} INFO - Started process (PID=710) to work on /opt/airflow/dags/daily_revenue_etl_dag.py
[2026-04-13T04:45:43.885+0000] {processor.py:830} INFO - Processing file /opt/airflow/dags/daily_revenue_etl_dag.py for tasks to queue
[2026-04-13T04:45:43.887+0000] {logging_mixin.py:188} INFO - [2026-04-13T04:45:43.886+0000] {dagbag.py:538} INFO - Filling up the DagBag from /opt/airflow/dags/daily_revenue_etl_dag.py
[2026-04-13T04:45:43.913+0000] {processor.py:840} INFO - DAG(s) 'daily_revenue_etl_dag' retrieved from /opt/airflow/dags/daily_revenue_etl_dag.py
[2026-04-13T04:45:43.951+0000] {logging_mixin.py:188} INFO - [2026-04-13T04:45:43.951+0000] {dag.py:3036} INFO - Sync 1 DAGs
[2026-04-13T04:45:43.985+0000] {logging_mixin.py:188} INFO - [2026-04-13T04:45:43.985+0000] {dag.py:3823} INFO - Setting next_dagrun for daily_revenue_etl_dag to 2026-04-13 00:00:00+00:00, run_after=2026-04-14 00:00:00+00:00
[2026-04-13T04:45:44.009+0000] {processor.py:183} INFO - Processing /opt/airflow/dags/daily_revenue_etl_dag.py took 0.130 seconds
[2026-04-13T04:22:16.706+0000] {processor.py:161} INFO - Started process (PID=715) to work on /opt/airflow/dags/daily_revenue_etl_dag.py
[2026-04-13T04:22:16.708+0000] {processor.py:830} INFO - Processing file /opt/airflow/dags/daily_revenue_etl_dag.py for tasks to queue
[2026-04-13T04:22:16.709+0000] {logging_mixin.py:188} INFO - [2026-04-13T04:22:16.709+0000] {dagbag.py:538} INFO - Filling up the DagBag from /opt/airflow/dags/daily_revenue_etl_dag.py
[2026-04-13T04:22:16.743+0000] {processor.py:840} INFO - DAG(s) 'daily_revenue_etl_dag' retrieved from /opt/airflow/dags/daily_revenue_etl_dag.py
[2026-04-13T04:22:16.777+0000] {logging_mixin.py:188} INFO - [2026-04-13T04:22:16.777+0000] {dag.py:3036} INFO - Sync 1 DAGs
[2026-04-13T04:22:16.802+0000] {logging_mixin.py:188} INFO - [2026-04-13T04:22:16.802+0000] {dag.py:3823} INFO - Setting next_dagrun for daily_revenue_etl_dag to 2026-04-13 00:00:00+00:00, run_after=2026-04-14 00:00:00+00:00
[2026-04-13T04:22:16.823+0000] {processor.py:183} INFO - Processing /opt/airflow/dags/daily_revenue_etl_dag.py took 0.122 seconds
[2026-04-13T04:22:47.127+0000] {processor.py:161} INFO - Started process (PID=720) to work on /opt/airflow/dags/daily_revenue_etl_dag.py
[2026-04-13T04:22:47.130+0000] {processor.py:830} INFO - Processing file /opt/airflow/dags/daily_revenue_etl_dag.py for tasks to queue
[2026-04-13T04:22:47.132+0000] {logging_mixin.py:188} INFO - [2026-04-13T04:22:47.131+0000] {dagbag.py:538} INFO - Filling up the DagBag from /opt/airflow/dags/daily_revenue_etl_dag.py
[2026-04-13T04:22:47.165+0000] {processor.py:840} INFO - DAG(s) 'daily_revenue_etl_dag' retrieved from /opt/airflow/dags/daily_revenue_etl_dag.py
[2026-04-13T04:22:47.206+0000] {logging_mixin.py:188} INFO - [2026-04-13T04:22:47.206+0000] {dag.py:3036} INFO - Sync 1 DAGs
[2026-04-13T04:22:47.249+0000] {logging_mixin.py:188} INFO - [2026-04-13T04:22:47.248+0000] {dag.py:3823} INFO - Setting next_dagrun for daily_revenue_etl_dag to 2026-04-13 00:00:00+00:00, run_after=2026-04-14 00:00:00+00:00
[2026-04-13T04:22:47.289+0000] {processor.py:183} INFO - Processing /opt/airflow/dags/daily_revenue_etl_dag.py took 0.167 seconds
[2026-04-13T04:46:45.539+0000] {processor.py:161} INFO - Started process (PID=725) to work on /opt/airflow/dags/daily_revenue_etl_dag.py
[2026-04-13T04:46:45.541+0000] {processor.py:830} INFO - Processing file /opt/airflow/dags/daily_revenue_etl_dag.py for tasks to queue
[2026-04-13T04:46:45.542+0000] {logging_mixin.py:188} INFO - [2026-04-13T04:46:45.542+0000] {dagbag.py:538} INFO - Filling up the DagBag from /opt/airflow/dags/daily_revenue_etl_dag.py
[2026-04-13T04:46:45.570+0000] {processor.py:840} INFO - DAG(s) 'daily_revenue_etl_dag' retrieved from /opt/airflow/dags/daily_revenue_etl_dag.py
[2026-04-13T04:46:45.608+0000] {logging_mixin.py:188} INFO - [2026-04-13T04:46:45.608+0000] {dag.py:3036} INFO - Sync 1 DAGs
[2026-04-13T04:46:45.642+0000] {logging_mixin.py:188} INFO - [2026-04-13T04:46:45.642+0000] {dag.py:3823} INFO - Setting next_dagrun for daily_revenue_etl_dag to 2026-04-13 00:00:00+00:00, run_after=2026-04-14 00:00:00+00:00
[2026-04-13T04:46:45.669+0000] {processor.py:183} INFO - Processing /opt/airflow/dags/daily_revenue_etl_dag.py took 0.136 seconds
[2026-04-13T04:23:18.432+0000] {processor.py:161} INFO - Started process (PID=730) to work on /opt/airflow/dags/daily_revenue_etl_dag.py
[2026-04-13T04:23:18.433+0000] {processor.py:830} INFO - Processing file /opt/airflow/dags/daily_revenue_etl_dag.py for tasks to queue
[2026-04-13T04:23:18.435+0000] {logging_mixin.py:188} INFO - [2026-04-13T04:23:18.434+0000] {dagbag.py:538} INFO - Filling up the DagBag from /opt/airflow/dags/daily_revenue_etl_dag.py
[2026-04-13T04:23:18.470+0000] {processor.py:840} INFO - DAG(s) 'daily_revenue_etl_dag' retrieved from /opt/airflow/dags/daily_revenue_etl_dag.py
[2026-04-13T04:23:18.517+0000] {logging_mixin.py:188} INFO - [2026-04-13T04:23:18.516+0000] {dag.py:3036} INFO - Sync 1 DAGs
[2026-04-13T04:23:18.547+0000] {logging_mixin.py:188} INFO - [2026-04-13T04:23:18.547+0000] {dag.py:3823} INFO - Setting next_dagrun for daily_revenue_etl_dag to 2026-04-13 00:00:00+00:00, run_after=2026-04-14 00:00:00+00:00
[2026-04-13T04:23:18.576+0000] {processor.py:183} INFO - Processing /opt/airflow/dags/daily_revenue_etl_dag.py took 0.150 seconds
[2026-04-13T04:23:46.776+0000] {processor.py:161} INFO - Started process (PID=735) to work on /opt/airflow/dags/daily_revenue_etl_dag.py
[2026-04-13T04:23:46.779+0000] {processor.py:830} INFO - Processing file /opt/airflow/dags/daily_revenue_etl_dag.py for tasks to queue
[2026-04-13T04:23:46.780+0000] {logging_mixin.py:188} INFO - [2026-04-13T04:23:46.780+0000] {dagbag.py:538} INFO - Filling up the DagBag from /opt/airflow/dags/daily_revenue_etl_dag.py
[2026-04-13T04:23:46.817+0000] {processor.py:840} INFO - DAG(s) 'daily_revenue_etl_dag' retrieved from /opt/airflow/dags/daily_revenue_etl_dag.py
[2026-04-13T04:23:46.859+0000] {logging_mixin.py:188} INFO - [2026-04-13T04:23:46.858+0000] {dag.py:3036} INFO - Sync 1 DAGs
[2026-04-13T04:23:46.885+0000] {logging_mixin.py:188} INFO - [2026-04-13T04:23:46.884+0000] {dag.py:3823} INFO - Setting next_dagrun for daily_revenue_etl_dag to 2026-04-13 00:00:00+00:00, run_after=2026-04-14 00:00:00+00:00
[2026-04-13T04:23:46.904+0000] {processor.py:183} INFO - Processing /opt/airflow/dags/daily_revenue_etl_dag.py took 0.133 seconds
[2026-04-13T04:24:16.994+0000] {processor.py:161} INFO - Started process (PID=741) to work on /opt/airflow/dags/daily_revenue_etl_dag.py
[2026-04-13T04:24:16.996+0000] {processor.py:830} INFO - Processing file /opt/airflow/dags/daily_revenue_etl_dag.py for tasks to queue
[2026-04-13T04:24:16.998+0000] {logging_mixin.py:188} INFO - [2026-04-13T04:24:16.997+0000] {dagbag.py:538} INFO - Filling up the DagBag from /opt/airflow/dags/daily_revenue_etl_dag.py
[2026-04-13T04:24:17.032+0000] {processor.py:840} INFO - DAG(s) 'daily_revenue_etl_dag' retrieved from /opt/airflow/dags/daily_revenue_etl_dag.py
[2026-04-13T04:24:17.089+0000] {logging_mixin.py:188} INFO - [2026-04-13T04:24:17.088+0000] {dag.py:3036} INFO - Sync 1 DAGs
[2026-04-13T04:24:17.149+0000] {logging_mixin.py:188} INFO - [2026-04-13T04:24:17.148+0000] {dag.py:3823} INFO - Setting next_dagrun for daily_revenue_etl_dag to 2026-04-13 00:00:00+00:00, run_after=2026-04-14 00:00:00+00:00
[2026-04-13T04:24:17.198+0000] {processor.py:183} INFO - Processing /opt/airflow/dags/daily_revenue_etl_dag.py took 0.209 seconds
[2026-04-13T04:48:15.712+0000] {processor.py:161} INFO - Started process (PID=746) to work on /opt/airflow/dags/daily_revenue_etl_dag.py
[2026-04-13T04:48:15.715+0000] {processor.py:830} INFO - Processing file /opt/airflow/dags/daily_revenue_etl_dag.py for tasks to queue
[2026-04-13T04:48:15.717+0000] {logging_mixin.py:188} INFO - [2026-04-13T04:48:15.716+0000] {dagbag.py:538} INFO - Filling up the DagBag from /opt/airflow/dags/daily_revenue_etl_dag.py
[2026-04-13T04:48:15.759+0000] {processor.py:840} INFO - DAG(s) 'daily_revenue_etl_dag' retrieved from /opt/airflow/dags/daily_revenue_etl_dag.py
[2026-04-13T04:48:15.802+0000] {logging_mixin.py:188} INFO - [2026-04-13T04:48:15.802+0000] {dag.py:3036} INFO - Sync 1 DAGs
[2026-04-13T04:48:15.842+0000] {logging_mixin.py:188} INFO - [2026-04-13T04:48:15.841+0000] {dag.py:3823} INFO - Setting next_dagrun for daily_revenue_etl_dag to 2026-04-13 00:00:00+00:00, run_after=2026-04-14 00:00:00+00:00
[2026-04-13T04:48:15.873+0000] {processor.py:183} INFO - Processing /opt/airflow/dags/daily_revenue_etl_dag.py took 0.169 seconds
[2026-04-13T04:48:20.770+0000] {processor.py:161} INFO - Started process (PID=751) to work on /opt/airflow/dags/daily_revenue_etl_dag.py
[2026-04-13T04:48:20.772+0000] {processor.py:830} INFO - Processing file /opt/airflow/dags/daily_revenue_etl_dag.py for tasks to queue
[2026-04-13T04:48:20.774+0000] {logging_mixin.py:188} INFO - [2026-04-13T04:48:20.774+0000] {dagbag.py:538} INFO - Filling up the DagBag from /opt/airflow/dags/daily_revenue_etl_dag.py
[2026-04-13T04:48:20.807+0000] {processor.py:840} INFO - DAG(s) 'daily_revenue_etl_dag' retrieved from /opt/airflow/dags/daily_revenue_etl_dag.py
[2026-04-13T04:48:20.858+0000] {logging_mixin.py:188} INFO - [2026-04-13T04:48:20.858+0000] {dag.py:3036} INFO - Sync 1 DAGs
[2026-04-13T04:24:23.547+0000] {logging_mixin.py:188} INFO - [2026-04-13T04:24:23.546+0000] {dag.py:3823} INFO - Setting next_dagrun for daily_revenue_etl_dag to 2026-04-13 00:00:00+00:00, run_after=2026-04-14 00:00:00+00:00
[2026-04-13T04:24:23.629+0000] {processor.py:183} INFO - Processing /opt/airflow/dags/daily_revenue_etl_dag.py took 0.247 seconds
[2026-04-13T04:24:53.842+0000] {processor.py:161} INFO - Started process (PID=756) to work on /opt/airflow/dags/daily_revenue_etl_dag.py
[2026-04-13T04:24:53.844+0000] {processor.py:830} INFO - Processing file /opt/airflow/dags/daily_revenue_etl_dag.py for tasks to queue
[2026-04-13T04:24:53.846+0000] {logging_mixin.py:188} INFO - [2026-04-13T04:24:53.846+0000] {dagbag.py:538} INFO - Filling up the DagBag from /opt/airflow/dags/daily_revenue_etl_dag.py
[2026-04-13T04:24:53.880+0000] {processor.py:840} INFO - DAG(s) 'daily_revenue_etl_dag' retrieved from /opt/airflow/dags/daily_revenue_etl_dag.py
[2026-04-13T04:24:53.922+0000] {logging_mixin.py:188} INFO - [2026-04-13T04:24:53.922+0000] {dag.py:3036} INFO - Sync 1 DAGs
[2026-04-13T04:24:53.968+0000] {logging_mixin.py:188} INFO - [2026-04-13T04:24:53.967+0000] {dag.py:3823} INFO - Setting next_dagrun for daily_revenue_etl_dag to 2026-04-13 00:00:00+00:00, run_after=2026-04-14 00:00:00+00:00
[2026-04-13T04:24:53.996+0000] {processor.py:183} INFO - Processing /opt/airflow/dags/daily_revenue_etl_dag.py took 0.164 seconds
[2026-04-13T04:25:24.137+0000] {processor.py:161} INFO - Started process (PID=761) to work on /opt/airflow/dags/daily_revenue_etl_dag.py
[2026-04-13T04:25:24.138+0000] {processor.py:830} INFO - Processing file /opt/airflow/dags/daily_revenue_etl_dag.py for tasks to queue
[2026-04-13T04:25:24.139+0000] {logging_mixin.py:188} INFO - [2026-04-13T04:25:24.139+0000] {dagbag.py:538} INFO - Filling up the DagBag from /opt/airflow/dags/daily_revenue_etl_dag.py
[2026-04-13T04:25:24.162+0000] {processor.py:840} INFO - DAG(s) 'daily_revenue_etl_dag' retrieved from /opt/airflow/dags/daily_revenue_etl_dag.py
[2026-04-13T04:25:24.206+0000] {logging_mixin.py:188} INFO - [2026-04-13T04:25:24.205+0000] {dag.py:3036} INFO - Sync 1 DAGs
[2026-04-13T04:25:24.240+0000] {logging_mixin.py:188} INFO - [2026-04-13T04:25:24.239+0000] {dag.py:3823} INFO - Setting next_dagrun for daily_revenue_etl_dag to 2026-04-13 00:00:00+00:00, run_after=2026-04-14 00:00:00+00:00
[2026-04-13T04:25:24.267+0000] {processor.py:183} INFO - Processing /opt/airflow/dags/daily_revenue_etl_dag.py took 0.139 seconds
[2026-04-13T04:49:40.862+0000] {processor.py:161} INFO - Started process (PID=766) to work on /opt/airflow/dags/daily_revenue_etl_dag.py
[2026-04-13T04:49:40.864+0000] {processor.py:830} INFO - Processing file /opt/airflow/dags/daily_revenue_etl_dag.py for tasks to queue
[2026-04-13T04:49:40.867+0000] {logging_mixin.py:188} INFO - [2026-04-13T04:49:40.866+0000] {dagbag.py:538} INFO - Filling up the DagBag from /opt/airflow/dags/daily_revenue_etl_dag.py
[2026-04-13T04:49:40.983+0000] {processor.py:840} INFO - DAG(s) 'daily_revenue_etl_dag' retrieved from /opt/airflow/dags/daily_revenue_etl_dag.py
[2026-04-13T04:49:41.029+0000] {logging_mixin.py:188} INFO - [2026-04-13T04:49:41.029+0000] {dag.py:3036} INFO - Sync 1 DAGs
[2026-04-13T04:25:43.692+0000] {logging_mixin.py:188} INFO - [2026-04-13T04:25:43.692+0000] {dag.py:3823} INFO - Setting next_dagrun for daily_revenue_etl_dag to 2026-04-13 00:00:00+00:00, run_after=2026-04-14 00:00:00+00:00
[2026-04-13T04:25:43.747+0000] {processor.py:183} INFO - Processing /opt/airflow/dags/daily_revenue_etl_dag.py took 0.275 seconds
[2026-04-13T04:49:43.887+0000] {processor.py:161} INFO - Started process (PID=771) to work on /opt/airflow/dags/daily_revenue_etl_dag.py
[2026-04-13T04:49:43.889+0000] {processor.py:830} INFO - Processing file /opt/airflow/dags/daily_revenue_etl_dag.py for tasks to queue
[2026-04-13T04:49:43.891+0000] {logging_mixin.py:188} INFO - [2026-04-13T04:49:43.890+0000] {dagbag.py:538} INFO - Filling up the DagBag from /opt/airflow/dags/daily_revenue_etl_dag.py
[2026-04-13T04:49:43.940+0000] {processor.py:840} INFO - DAG(s) 'daily_revenue_etl_dag' retrieved from /opt/airflow/dags/daily_revenue_etl_dag.py
[2026-04-13T04:49:43.983+0000] {logging_mixin.py:188} INFO - [2026-04-13T04:49:43.982+0000] {dag.py:3036} INFO - Sync 1 DAGs
[2026-04-13T04:49:44.015+0000] {logging_mixin.py:188} INFO - [2026-04-13T04:49:44.015+0000] {dag.py:3823} INFO - Setting next_dagrun for daily_revenue_etl_dag to 2026-04-13 00:00:00+00:00, run_after=2026-04-14 00:00:00+00:00
[2026-04-13T04:49:44.040+0000] {processor.py:183} INFO - Processing /opt/airflow/dags/daily_revenue_etl_dag.py took 0.159 seconds
[2026-04-13T04:51:44.006+0000] {processor.py:161} INFO - Started process (PID=777) to work on /opt/airflow/dags/daily_revenue_etl_dag.py
[2026-04-13T04:51:44.007+0000] {processor.py:830} INFO - Processing file /opt/airflow/dags/daily_revenue_etl_dag.py for tasks to queue
[2026-04-13T04:51:44.009+0000] {logging_mixin.py:188} INFO - [2026-04-13T04:51:44.008+0000] {dagbag.py:538} INFO - Filling up the DagBag from /opt/airflow/dags/daily_revenue_etl_dag.py
[2026-04-13T04:51:44.038+0000] {processor.py:840} INFO - DAG(s) 'daily_revenue_etl_dag' retrieved from /opt/airflow/dags/daily_revenue_etl_dag.py
[2026-04-13T04:51:44.082+0000] {logging_mixin.py:188} INFO - [2026-04-13T04:51:44.082+0000] {dag.py:3036} INFO - Sync 1 DAGs
[2026-04-13T04:51:44.114+0000] {logging_mixin.py:188} INFO - [2026-04-13T04:51:44.114+0000] {dag.py:3823} INFO - Setting next_dagrun for daily_revenue_etl_dag to 2026-04-13 00:00:00+00:00, run_after=2026-04-14 00:00:00+00:00
[2026-04-13T04:51:44.143+0000] {processor.py:183} INFO - Processing /opt/airflow/dags/daily_revenue_etl_dag.py took 0.141 seconds
[2026-04-13T04:28:18.956+0000] {processor.py:161} INFO - Started process (PID=782) to work on /opt/airflow/dags/daily_revenue_etl_dag.py
[2026-04-13T04:28:18.958+0000] {processor.py:830} INFO - Processing file /opt/airflow/dags/daily_revenue_etl_dag.py for tasks to queue
[2026-04-13T04:28:18.959+0000] {logging_mixin.py:188} INFO - [2026-04-13T04:28:18.958+0000] {dagbag.py:538} INFO - Filling up the DagBag from /opt/airflow/dags/daily_revenue_etl_dag.py
[2026-04-13T04:28:18.991+0000] {processor.py:840} INFO - DAG(s) 'daily_revenue_etl_dag' retrieved from /opt/airflow/dags/daily_revenue_etl_dag.py
[2026-04-13T04:28:19.031+0000] {logging_mixin.py:188} INFO - [2026-04-13T04:28:19.030+0000] {dag.py:3036} INFO - Sync 1 DAGs
[2026-04-13T04:28:19.065+0000] {logging_mixin.py:188} INFO - [2026-04-13T04:28:19.065+0000] {dag.py:3823} INFO - Setting next_dagrun for daily_revenue_etl_dag to 2026-04-13 00:00:00+00:00, run_after=2026-04-14 00:00:00+00:00
[2026-04-13T04:28:19.097+0000] {processor.py:183} INFO - Processing /opt/airflow/dags/daily_revenue_etl_dag.py took 0.147 seconds
[2026-04-13T04:28:49.313+0000] {processor.py:161} INFO - Started process (PID=787) to work on /opt/airflow/dags/daily_revenue_etl_dag.py
[2026-04-13T04:28:49.314+0000] {processor.py:830} INFO - Processing file /opt/airflow/dags/daily_revenue_etl_dag.py for tasks to queue
[2026-04-13T04:28:49.316+0000] {logging_mixin.py:188} INFO - [2026-04-13T04:28:49.316+0000] {dagbag.py:538} INFO - Filling up the DagBag from /opt/airflow/dags/daily_revenue_etl_dag.py
[2026-04-13T04:28:49.356+0000] {processor.py:840} INFO - DAG(s) 'daily_revenue_etl_dag' retrieved from /opt/airflow/dags/daily_revenue_etl_dag.py
[2026-04-13T04:28:49.401+0000] {logging_mixin.py:188} INFO - [2026-04-13T04:28:49.401+0000] {dag.py:3036} INFO - Sync 1 DAGs
[2026-04-13T04:28:49.434+0000] {logging_mixin.py:188} INFO - [2026-04-13T04:28:49.433+0000] {dag.py:3823} INFO - Setting next_dagrun for daily_revenue_etl_dag to 2026-04-13 00:00:00+00:00, run_after=2026-04-14 00:00:00+00:00
[2026-04-13T04:28:49.466+0000] {processor.py:183} INFO - Processing /opt/airflow/dags/daily_revenue_etl_dag.py took 0.158 seconds
[2026-04-13T04:53:13.974+0000] {processor.py:161} INFO - Started process (PID=793) to work on /opt/airflow/dags/daily_revenue_etl_dag.py
[2026-04-13T04:53:13.982+0000] {processor.py:830} INFO - Processing file /opt/airflow/dags/daily_revenue_etl_dag.py for tasks to queue
[2026-04-13T04:53:13.996+0000] {logging_mixin.py:188} INFO - [2026-04-13T04:53:13.993+0000] {dagbag.py:538} INFO - Filling up the DagBag from /opt/airflow/dags/daily_revenue_etl_dag.py
[2026-04-13T04:53:14.052+0000] {processor.py:840} INFO - DAG(s) 'daily_revenue_etl_dag' retrieved from /opt/airflow/dags/daily_revenue_etl_dag.py
[2026-04-13T04:53:14.113+0000] {logging_mixin.py:188} INFO - [2026-04-13T04:53:14.113+0000] {dag.py:3036} INFO - Sync 1 DAGs
[2026-04-13T04:29:16.802+0000] {logging_mixin.py:188} INFO - [2026-04-13T04:29:16.799+0000] {dag.py:3823} INFO - Setting next_dagrun for daily_revenue_etl_dag to 2026-04-13 00:00:00+00:00, run_after=2026-04-14 00:00:00+00:00
[2026-04-13T04:29:16.868+0000] {processor.py:183} INFO - Processing /opt/airflow/dags/daily_revenue_etl_dag.py took 0.300 seconds
[2026-04-13T04:29:19.054+0000] {processor.py:161} INFO - Started process (PID=798) to work on /opt/airflow/dags/daily_revenue_etl_dag.py
[2026-04-13T04:29:19.056+0000] {processor.py:830} INFO - Processing file /opt/airflow/dags/daily_revenue_etl_dag.py for tasks to queue
[2026-04-13T04:29:19.058+0000] {logging_mixin.py:188} INFO - [2026-04-13T04:29:19.058+0000] {dagbag.py:538} INFO - Filling up the DagBag from /opt/airflow/dags/daily_revenue_etl_dag.py
[2026-04-13T04:29:19.093+0000] {processor.py:840} INFO - DAG(s) 'daily_revenue_etl_dag' retrieved from /opt/airflow/dags/daily_revenue_etl_dag.py
[2026-04-13T04:29:19.136+0000] {logging_mixin.py:188} INFO - [2026-04-13T04:29:19.136+0000] {dag.py:3036} INFO - Sync 1 DAGs
[2026-04-13T04:29:19.158+0000] {logging_mixin.py:188} INFO - [2026-04-13T04:29:19.157+0000] {dag.py:3823} INFO - Setting next_dagrun for daily_revenue_etl_dag to 2026-04-13 00:00:00+00:00, run_after=2026-04-14 00:00:00+00:00
[2026-04-13T04:29:19.180+0000] {processor.py:183} INFO - Processing /opt/airflow/dags/daily_revenue_etl_dag.py took 0.144 seconds
[2026-04-13T04:29:24.056+0000] {processor.py:161} INFO - Started process (PID=803) to work on /opt/airflow/dags/daily_revenue_etl_dag.py
[2026-04-13T04:29:24.057+0000] {processor.py:830} INFO - Processing file /opt/airflow/dags/daily_revenue_etl_dag.py for tasks to queue
[2026-04-13T04:29:24.058+0000] {logging_mixin.py:188} INFO - [2026-04-13T04:29:24.057+0000] {dagbag.py:538} INFO - Filling up the DagBag from /opt/airflow/dags/daily_revenue_etl_dag.py
[2026-04-13T04:29:24.080+0000] {processor.py:840} INFO - DAG(s) 'daily_revenue_etl_dag' retrieved from /opt/airflow/dags/daily_revenue_etl_dag.py
[2026-04-13T04:29:24.120+0000] {logging_mixin.py:188} INFO - [2026-04-13T04:29:24.120+0000] {dag.py:3036} INFO - Sync 1 DAGs
[2026-04-13T04:29:24.146+0000] {logging_mixin.py:188} INFO - [2026-04-13T04:29:24.146+0000] {dag.py:3823} INFO - Setting next_dagrun for daily_revenue_etl_dag to 2026-04-13 00:00:00+00:00, run_after=2026-04-14 00:00:00+00:00
[2026-04-13T04:29:24.170+0000] {processor.py:183} INFO - Processing /opt/airflow/dags/daily_revenue_etl_dag.py took 0.118 seconds
[2026-04-13T04:29:54.394+0000] {processor.py:161} INFO - Started process (PID=808) to work on /opt/airflow/dags/daily_revenue_etl_dag.py
[2026-04-13T04:29:54.399+0000] {processor.py:830} INFO - Processing file /opt/airflow/dags/daily_revenue_etl_dag.py for tasks to queue
[2026-04-13T04:29:54.403+0000] {logging_mixin.py:188} INFO - [2026-04-13T04:29:54.402+0000] {dagbag.py:538} INFO - Filling up the DagBag from /opt/airflow/dags/daily_revenue_etl_dag.py
[2026-04-13T04:29:54.487+0000] {processor.py:840} INFO - DAG(s) 'daily_revenue_etl_dag' retrieved from /opt/airflow/dags/daily_revenue_etl_dag.py
[2026-04-13T04:29:54.594+0000] {logging_mixin.py:188} INFO - [2026-04-13T04:29:54.593+0000] {dag.py:3036} INFO - Sync 1 DAGs
[2026-04-13T04:29:54.665+0000] {logging_mixin.py:188} INFO - [2026-04-13T04:29:54.665+0000] {dag.py:3823} INFO - Setting next_dagrun for daily_revenue_etl_dag to 2026-04-13 00:00:00+00:00, run_after=2026-04-14 00:00:00+00:00
[2026-04-13T04:29:54.706+0000] {processor.py:183} INFO - Processing /opt/airflow/dags/daily_revenue_etl_dag.py took 0.341 seconds
[2026-04-13T04:54:01.911+0000] {processor.py:161} INFO - Started process (PID=814) to work on /opt/airflow/dags/daily_revenue_etl_dag.py
[2026-04-13T04:54:01.913+0000] {processor.py:830} INFO - Processing file /opt/airflow/dags/daily_revenue_etl_dag.py for tasks to queue
[2026-04-13T04:54:01.915+0000] {logging_mixin.py:188} INFO - [2026-04-13T04:54:01.915+0000] {dagbag.py:538} INFO - Filling up the DagBag from /opt/airflow/dags/daily_revenue_etl_dag.py
[2026-04-13T04:54:01.945+0000] {processor.py:840} INFO - DAG(s) 'daily_revenue_etl_dag' retrieved from /opt/airflow/dags/daily_revenue_etl_dag.py
[2026-04-13T04:54:01.990+0000] {logging_mixin.py:188} INFO - [2026-04-13T04:54:01.989+0000] {dag.py:3036} INFO - Sync 1 DAGs
[2026-04-13T04:54:02.044+0000] {logging_mixin.py:188} INFO - [2026-04-13T04:54:02.044+0000] {dag.py:3823} INFO - Setting next_dagrun for daily_revenue_etl_dag to 2026-04-13 00:00:00+00:00, run_after=2026-04-14 00:00:00+00:00
[2026-04-13T04:54:02.105+0000] {processor.py:183} INFO - Processing /opt/airflow/dags/daily_revenue_etl_dag.py took 0.200 seconds
[2026-04-13T04:54:36.431+0000] {processor.py:161} INFO - Started process (PID=819) to work on /opt/airflow/dags/daily_revenue_etl_dag.py
[2026-04-13T04:54:36.437+0000] {processor.py:830} INFO - Processing file /opt/airflow/dags/daily_revenue_etl_dag.py for tasks to queue
[2026-04-13T04:54:36.441+0000] {logging_mixin.py:188} INFO - [2026-04-13T04:54:36.440+0000] {dagbag.py:538} INFO - Filling up the DagBag from /opt/airflow/dags/daily_revenue_etl_dag.py
[2026-04-13T04:54:36.481+0000] {processor.py:840} INFO - DAG(s) 'daily_revenue_etl_dag' retrieved from /opt/airflow/dags/daily_revenue_etl_dag.py
[2026-04-13T04:54:36.529+0000] {logging_mixin.py:188} INFO - [2026-04-13T04:54:36.528+0000] {dag.py:3036} INFO - Sync 1 DAGs
[2026-04-13T04:30:39.187+0000] {logging_mixin.py:188} INFO - [2026-04-13T04:30:39.186+0000] {dag.py:3823} INFO - Setting next_dagrun for daily_revenue_etl_dag to 2026-04-13 00:00:00+00:00, run_after=2026-04-14 00:00:00+00:00
[2026-04-13T04:30:39.216+0000] {processor.py:183} INFO - Processing /opt/airflow/dags/daily_revenue_etl_dag.py took 0.168 seconds
[2026-04-13T04:54:41.450+0000] {processor.py:161} INFO - Started process (PID=824) to work on /opt/airflow/dags/daily_revenue_etl_dag.py
[2026-04-13T04:54:41.450+0000] {processor.py:830} INFO - Processing file /opt/airflow/dags/daily_revenue_etl_dag.py for tasks to queue
[2026-04-13T04:54:41.451+0000] {logging_mixin.py:188} INFO - [2026-04-13T04:54:41.451+0000] {dagbag.py:538} INFO - Filling up the DagBag from /opt/airflow/dags/daily_revenue_etl_dag.py
[2026-04-13T04:54:41.469+0000] {processor.py:840} INFO - DAG(s) 'daily_revenue_etl_dag' retrieved from /opt/airflow/dags/daily_revenue_etl_dag.py
[2026-04-13T04:54:41.497+0000] {logging_mixin.py:188} INFO - [2026-04-13T04:54:41.497+0000] {dag.py:3036} INFO - Sync 1 DAGs
[2026-04-13T04:54:41.521+0000] {logging_mixin.py:188} INFO - [2026-04-13T04:54:41.521+0000] {dag.py:3823} INFO - Setting next_dagrun for daily_revenue_etl_dag to 2026-04-13 00:00:00+00:00, run_after=2026-04-14 00:00:00+00:00
[2026-04-13T04:30:44.177+0000] {processor.py:183} INFO - Processing /opt/airflow/dags/daily_revenue_etl_dag.py took 0.096 seconds
[2026-04-13T04:54:46.521+0000] {processor.py:161} INFO - Started process (PID=829) to work on /opt/airflow/dags/daily_revenue_etl_dag.py
[2026-04-13T04:54:46.523+0000] {processor.py:830} INFO - Processing file /opt/airflow/dags/daily_revenue_etl_dag.py for tasks to queue
[2026-04-13T04:54:46.525+0000] {logging_mixin.py:188} INFO - [2026-04-13T04:54:46.524+0000] {dagbag.py:538} INFO - Filling up the DagBag from /opt/airflow/dags/daily_revenue_etl_dag.py
[2026-04-13T04:30:49.182+0000] {processor.py:840} INFO - DAG(s) 'daily_revenue_etl_dag' retrieved from /opt/airflow/dags/daily_revenue_etl_dag.py
[2026-04-13T04:30:49.221+0000] {logging_mixin.py:188} INFO - [2026-04-13T04:30:49.220+0000] {dag.py:3036} INFO - Sync 1 DAGs
[2026-04-13T04:30:49.248+0000] {logging_mixin.py:188} INFO - [2026-04-13T04:30:49.248+0000] {dag.py:3823} INFO - Setting next_dagrun for daily_revenue_etl_dag to 2026-04-13 00:00:00+00:00, run_after=2026-04-14 00:00:00+00:00
[2026-04-13T04:30:49.272+0000] {processor.py:183} INFO - Processing /opt/airflow/dags/daily_revenue_etl_dag.py took 0.129 seconds
[2026-04-13T04:55:14.064+0000] {processor.py:161} INFO - Started process (PID=834) to work on /opt/airflow/dags/daily_revenue_etl_dag.py
[2026-04-13T04:55:14.070+0000] {processor.py:830} INFO - Processing file /opt/airflow/dags/daily_revenue_etl_dag.py for tasks to queue
[2026-04-13T04:55:14.084+0000] {logging_mixin.py:188} INFO - [2026-04-13T04:55:14.082+0000] {dagbag.py:538} INFO - Filling up the DagBag from /opt/airflow/dags/daily_revenue_etl_dag.py
[2026-04-13T04:31:16.917+0000] {processor.py:840} INFO - DAG(s) 'daily_revenue_etl_dag' retrieved from /opt/airflow/dags/daily_revenue_etl_dag.py
[2026-04-13T04:31:17.116+0000] {logging_mixin.py:188} INFO - [2026-04-13T04:31:17.114+0000] {dag.py:3036} INFO - Sync 1 DAGs
[2026-04-13T04:31:17.305+0000] {logging_mixin.py:188} INFO - [2026-04-13T04:31:17.304+0000] {dag.py:3823} INFO - Setting next_dagrun for daily_revenue_etl_dag to 2026-04-13 00:00:00+00:00, run_after=2026-04-14 00:00:00+00:00
[2026-04-13T04:31:17.485+0000] {processor.py:183} INFO - Processing /opt/airflow/dags/daily_revenue_etl_dag.py took 0.810 seconds
[2026-04-13T04:55:41.599+0000] {processor.py:161} INFO - Started process (PID=839) to work on /opt/airflow/dags/daily_revenue_etl_dag.py
[2026-04-13T04:55:41.602+0000] {processor.py:830} INFO - Processing file /opt/airflow/dags/daily_revenue_etl_dag.py for tasks to queue
[2026-04-13T04:55:41.604+0000] {logging_mixin.py:188} INFO - [2026-04-13T04:55:41.603+0000] {dagbag.py:538} INFO - Filling up the DagBag from /opt/airflow/dags/daily_revenue_etl_dag.py
[2026-04-13T04:55:41.658+0000] {processor.py:840} INFO - DAG(s) 'daily_revenue_etl_dag' retrieved from /opt/airflow/dags/daily_revenue_etl_dag.py
[2026-04-13T04:31:44.433+0000] {logging_mixin.py:188} INFO - [2026-04-13T04:31:44.432+0000] {dag.py:3036} INFO - Sync 1 DAGs
[2026-04-13T04:31:44.508+0000] {logging_mixin.py:188} INFO - [2026-04-13T04:31:44.507+0000] {dag.py:3823} INFO - Setting next_dagrun for daily_revenue_etl_dag to 2026-04-13 00:00:00+00:00, run_after=2026-04-14 00:00:00+00:00
[2026-04-13T04:31:44.571+0000] {processor.py:183} INFO - Processing /opt/airflow/dags/daily_revenue_etl_dag.py took 0.352 seconds
[2026-04-13T04:55:44.097+0000] {processor.py:161} INFO - Started process (PID=844) to work on /opt/airflow/dags/daily_revenue_etl_dag.py
[2026-04-13T04:55:44.100+0000] {processor.py:830} INFO - Processing file /opt/airflow/dags/daily_revenue_etl_dag.py for tasks to queue
[2026-04-13T04:55:44.108+0000] {logging_mixin.py:188} INFO - [2026-04-13T04:55:44.103+0000] {dagbag.py:538} INFO - Filling up the DagBag from /opt/airflow/dags/daily_revenue_etl_dag.py
[2026-04-13T04:31:46.796+0000] {processor.py:840} INFO - DAG(s) 'daily_revenue_etl_dag' retrieved from /opt/airflow/dags/daily_revenue_etl_dag.py
[2026-04-13T04:31:46.951+0000] {logging_mixin.py:188} INFO - [2026-04-13T04:31:46.950+0000] {dag.py:3036} INFO - Sync 1 DAGs
[2026-04-13T04:31:47.064+0000] {logging_mixin.py:188} INFO - [2026-04-13T04:31:47.062+0000] {dag.py:3823} INFO - Setting next_dagrun for daily_revenue_etl_dag to 2026-04-13 00:00:00+00:00, run_after=2026-04-14 00:00:00+00:00
[2026-04-13T04:31:47.195+0000] {processor.py:183} INFO - Processing /opt/airflow/dags/daily_revenue_etl_dag.py took 0.501 seconds
[2026-04-13T04:55:46.678+0000] {processor.py:161} INFO - Started process (PID=849) to work on /opt/airflow/dags/daily_revenue_etl_dag.py
[2026-04-13T04:55:46.681+0000] {processor.py:830} INFO - Processing file /opt/airflow/dags/daily_revenue_etl_dag.py for tasks to queue
[2026-04-13T04:55:46.683+0000] {logging_mixin.py:188} INFO - [2026-04-13T04:55:46.682+0000] {dagbag.py:538} INFO - Filling up the DagBag from /opt/airflow/dags/daily_revenue_etl_dag.py
[2026-04-13T04:31:49.373+0000] {processor.py:840} INFO - DAG(s) 'daily_revenue_etl_dag' retrieved from /opt/airflow/dags/daily_revenue_etl_dag.py
[2026-04-13T04:31:49.449+0000] {logging_mixin.py:188} INFO - [2026-04-13T04:31:49.449+0000] {dag.py:3036} INFO - Sync 1 DAGs
[2026-04-13T04:31:49.531+0000] {logging_mixin.py:188} INFO - [2026-04-13T04:31:49.531+0000] {dag.py:3823} INFO - Setting next_dagrun for daily_revenue_etl_dag to 2026-04-13 00:00:00+00:00, run_after=2026-04-14 00:00:00+00:00
[2026-04-13T04:31:49.596+0000] {processor.py:183} INFO - Processing /opt/airflow/dags/daily_revenue_etl_dag.py took 0.290 seconds
[2026-04-13T04:56:14.018+0000] {processor.py:161} INFO - Started process (PID=854) to work on /opt/airflow/dags/daily_revenue_etl_dag.py
[2026-04-13T04:56:14.020+0000] {processor.py:830} INFO - Processing file /opt/airflow/dags/daily_revenue_etl_dag.py for tasks to queue
[2026-04-13T04:56:14.022+0000] {logging_mixin.py:188} INFO - [2026-04-13T04:56:14.021+0000] {dagbag.py:538} INFO - Filling up the DagBag from /opt/airflow/dags/daily_revenue_etl_dag.py
[2026-04-13T04:56:14.074+0000] {processor.py:840} INFO - DAG(s) 'daily_revenue_etl_dag' retrieved from /opt/airflow/dags/daily_revenue_etl_dag.py
[2026-04-13T04:56:14.128+0000] {logging_mixin.py:188} INFO - [2026-04-13T04:56:14.126+0000] {dag.py:3036} INFO - Sync 1 DAGs
[2026-04-13T04:32:16.790+0000] {logging_mixin.py:188} INFO - [2026-04-13T04:32:16.790+0000] {dag.py:3823} INFO - Setting next_dagrun for daily_revenue_etl_dag to 2026-04-13 00:00:00+00:00, run_after=2026-04-14 00:00:00+00:00
[2026-04-13T04:32:17.036+0000] {processor.py:183} INFO - Processing /opt/airflow/dags/daily_revenue_etl_dag.py took 0.409 seconds
[2026-04-13T04:56:26.669+0000] {processor.py:161} INFO - Started process (PID=859) to work on /opt/airflow/dags/daily_revenue_etl_dag.py
[2026-04-13T04:56:26.673+0000] {processor.py:830} INFO - Processing file /opt/airflow/dags/daily_revenue_etl_dag.py for tasks to queue
[2026-04-13T04:56:26.676+0000] {logging_mixin.py:188} INFO - [2026-04-13T04:56:26.675+0000] {dagbag.py:538} INFO - Filling up the DagBag from /opt/airflow/dags/daily_revenue_etl_dag.py
[2026-04-13T04:56:26.734+0000] {processor.py:840} INFO - DAG(s) 'daily_revenue_etl_dag' retrieved from /opt/airflow/dags/daily_revenue_etl_dag.py
[2026-04-13T04:32:29.429+0000] {logging_mixin.py:188} INFO - [2026-04-13T04:32:29.426+0000] {dag.py:3036} INFO - Sync 1 DAGs
[2026-04-13T04:32:29.501+0000] {logging_mixin.py:188} INFO - [2026-04-13T04:32:29.500+0000] {dag.py:3823} INFO - Setting next_dagrun for daily_revenue_etl_dag to 2026-04-13 00:00:00+00:00, run_after=2026-04-14 00:00:00+00:00
[2026-04-13T04:32:29.735+0000] {processor.py:183} INFO - Processing /opt/airflow/dags/daily_revenue_etl_dag.py took 0.443 seconds
[2026-04-13T04:56:31.736+0000] {processor.py:161} INFO - Started process (PID=864) to work on /opt/airflow/dags/daily_revenue_etl_dag.py
[2026-04-13T04:56:31.738+0000] {processor.py:830} INFO - Processing file /opt/airflow/dags/daily_revenue_etl_dag.py for tasks to queue
[2026-04-13T04:56:31.740+0000] {logging_mixin.py:188} INFO - [2026-04-13T04:56:31.739+0000] {dagbag.py:538} INFO - Filling up the DagBag from /opt/airflow/dags/daily_revenue_etl_dag.py
[2026-04-13T04:56:31.769+0000] {processor.py:840} INFO - DAG(s) 'daily_revenue_etl_dag' retrieved from /opt/airflow/dags/daily_revenue_etl_dag.py
[2026-04-13T04:32:34.444+0000] {logging_mixin.py:188} INFO - [2026-04-13T04:32:34.443+0000] {dag.py:3036} INFO - Sync 1 DAGs
[2026-04-13T04:32:34.479+0000] {logging_mixin.py:188} INFO - [2026-04-13T04:32:34.478+0000] {dag.py:3823} INFO - Setting next_dagrun for daily_revenue_etl_dag to 2026-04-13 00:00:00+00:00, run_after=2026-04-14 00:00:00+00:00
[2026-04-13T04:32:34.509+0000] {processor.py:183} INFO - Processing /opt/airflow/dags/daily_revenue_etl_dag.py took 0.150 seconds
[2026-04-13T04:56:36.791+0000] {processor.py:161} INFO - Started process (PID=869) to work on /opt/airflow/dags/daily_revenue_etl_dag.py
[2026-04-13T04:56:36.792+0000] {processor.py:830} INFO - Processing file /opt/airflow/dags/daily_revenue_etl_dag.py for tasks to queue
[2026-04-13T04:56:36.794+0000] {logging_mixin.py:188} INFO - [2026-04-13T04:56:36.794+0000] {dagbag.py:538} INFO - Filling up the DagBag from /opt/airflow/dags/daily_revenue_etl_dag.py
[2026-04-13T04:32:39.453+0000] {processor.py:840} INFO - DAG(s) 'daily_revenue_etl_dag' retrieved from /opt/airflow/dags/daily_revenue_etl_dag.py
[2026-04-13T04:32:39.508+0000] {logging_mixin.py:188} INFO - [2026-04-13T04:32:39.508+0000] {dag.py:3036} INFO - Sync 1 DAGs
[2026-04-13T04:32:39.542+0000] {logging_mixin.py:188} INFO - [2026-04-13T04:32:39.542+0000] {dag.py:3823} INFO - Setting next_dagrun for daily_revenue_etl_dag to 2026-04-13 00:00:00+00:00, run_after=2026-04-14 00:00:00+00:00
[2026-04-13T04:32:39.662+0000] {processor.py:183} INFO - Processing /opt/airflow/dags/daily_revenue_etl_dag.py took 0.244 seconds
[2026-04-13T04:56:44.153+0000] {processor.py:161} INFO - Started process (PID=874) to work on /opt/airflow/dags/daily_revenue_etl_dag.py
[2026-04-13T04:56:44.168+0000] {processor.py:830} INFO - Processing file /opt/airflow/dags/daily_revenue_etl_dag.py for tasks to queue
[2026-04-13T04:56:44.173+0000] {logging_mixin.py:188} INFO - [2026-04-13T04:56:44.171+0000] {dagbag.py:538} INFO - Filling up the DagBag from /opt/airflow/dags/daily_revenue_etl_dag.py
[2026-04-13T04:32:46.880+0000] {processor.py:840} INFO - DAG(s) 'daily_revenue_etl_dag' retrieved from /opt/airflow/dags/daily_revenue_etl_dag.py
[2026-04-13T04:32:47.012+0000] {logging_mixin.py:188} INFO - [2026-04-13T04:32:47.011+0000] {dag.py:3036} INFO - Sync 1 DAGs
[2026-04-13T04:32:47.145+0000] {logging_mixin.py:188} INFO - [2026-04-13T04:32:47.142+0000] {dag.py:3823} INFO - Setting next_dagrun for daily_revenue_etl_dag to 2026-04-13 00:00:00+00:00, run_after=2026-04-14 00:00:00+00:00
[2026-04-13T04:32:47.355+0000] {processor.py:183} INFO - Processing /opt/airflow/dags/daily_revenue_etl_dag.py took 0.611 seconds
[2026-04-13T04:57:14.024+0000] {processor.py:161} INFO - Started process (PID=879) to work on /opt/airflow/dags/daily_revenue_etl_dag.py
[2026-04-13T04:57:14.026+0000] {processor.py:830} INFO - Processing file /opt/airflow/dags/daily_revenue_etl_dag.py for tasks to queue
[2026-04-13T04:57:14.028+0000] {logging_mixin.py:188} INFO - [2026-04-13T04:57:14.027+0000] {dagbag.py:538} INFO - Filling up the DagBag from /opt/airflow/dags/daily_revenue_etl_dag.py
[2026-04-13T04:57:14.060+0000] {processor.py:840} INFO - DAG(s) 'daily_revenue_etl_dag' retrieved from /opt/airflow/dags/daily_revenue_etl_dag.py
[2026-04-13T04:57:14.106+0000] {logging_mixin.py:188} INFO - [2026-04-13T04:57:14.105+0000] {dag.py:3036} INFO - Sync 1 DAGs
[2026-04-13T04:57:14.148+0000] {logging_mixin.py:188} INFO - [2026-04-13T04:57:14.147+0000] {dag.py:3823} INFO - Setting next_dagrun for daily_revenue_etl_dag to 2026-04-13 00:00:00+00:00, run_after=2026-04-14 00:00:00+00:00
[2026-04-13T04:33:16.796+0000] {processor.py:183} INFO - Processing /opt/airflow/dags/daily_revenue_etl_dag.py took 0.159 seconds
[2026-04-13T04:33:47.023+0000] {processor.py:161} INFO - Started process (PID=884) to work on /opt/airflow/dags/daily_revenue_etl_dag.py
[2026-04-13T04:33:47.025+0000] {processor.py:830} INFO - Processing file /opt/airflow/dags/daily_revenue_etl_dag.py for tasks to queue
[2026-04-13T04:33:47.027+0000] {logging_mixin.py:188} INFO - [2026-04-13T04:33:47.026+0000] {dagbag.py:538} INFO - Filling up the DagBag from /opt/airflow/dags/daily_revenue_etl_dag.py
[2026-04-13T04:33:47.064+0000] {processor.py:840} INFO - DAG(s) 'daily_revenue_etl_dag' retrieved from /opt/airflow/dags/daily_revenue_etl_dag.py
[2026-04-13T04:33:47.110+0000] {logging_mixin.py:188} INFO - [2026-04-13T04:33:47.109+0000] {dag.py:3036} INFO - Sync 1 DAGs
[2026-04-13T04:33:47.154+0000] {logging_mixin.py:188} INFO - [2026-04-13T04:33:47.153+0000] {dag.py:3823} INFO - Setting next_dagrun for daily_revenue_etl_dag to 2026-04-13 00:00:00+00:00, run_after=2026-04-14 00:00:00+00:00
[2026-04-13T04:33:47.189+0000] {processor.py:183} INFO - Processing /opt/airflow/dags/daily_revenue_etl_dag.py took 0.170 seconds
[2026-04-13T04:57:51.724+0000] {processor.py:161} INFO - Started process (PID=889) to work on /opt/airflow/dags/daily_revenue_etl_dag.py
[2026-04-13T04:57:51.725+0000] {processor.py:830} INFO - Processing file /opt/airflow/dags/daily_revenue_etl_dag.py for tasks to queue
[2026-04-13T04:57:51.726+0000] {logging_mixin.py:188} INFO - [2026-04-13T04:57:51.726+0000] {dagbag.py:538} INFO - Filling up the DagBag from /opt/airflow/dags/daily_revenue_etl_dag.py
[2026-04-13T04:57:51.747+0000] {processor.py:840} INFO - DAG(s) 'daily_revenue_etl_dag' retrieved from /opt/airflow/dags/daily_revenue_etl_dag.py
[2026-04-13T04:57:51.775+0000] {logging_mixin.py:188} INFO - [2026-04-13T04:57:51.775+0000] {dag.py:3036} INFO - Sync 1 DAGs
[2026-04-13T04:57:51.799+0000] {logging_mixin.py:188} INFO - [2026-04-13T04:57:51.798+0000] {dag.py:3823} INFO - Setting next_dagrun for daily_revenue_etl_dag to 2026-04-13 00:00:00+00:00, run_after=2026-04-14 00:00:00+00:00
[2026-04-13T04:57:51.827+0000] {processor.py:183} INFO - Processing /opt/airflow/dags/daily_revenue_etl_dag.py took 0.107 seconds
[2026-04-13T05:00:06.884+0000] {processor.py:161} INFO - Started process (PID=895) to work on /opt/airflow/dags/daily_revenue_etl_dag.py
[2026-04-13T05:00:06.887+0000] {processor.py:830} INFO - Processing file /opt/airflow/dags/daily_revenue_etl_dag.py for tasks to queue
[2026-04-13T05:00:06.888+0000] {logging_mixin.py:188} INFO - [2026-04-13T05:00:06.888+0000] {dagbag.py:538} INFO - Filling up the DagBag from /opt/airflow/dags/daily_revenue_etl_dag.py
[2026-04-13T05:00:06.918+0000] {processor.py:840} INFO - DAG(s) 'daily_revenue_etl_dag' retrieved from /opt/airflow/dags/daily_revenue_etl_dag.py
[2026-04-13T05:00:06.953+0000] {logging_mixin.py:188} INFO - [2026-04-13T05:00:06.952+0000] {dag.py:3036} INFO - Sync 1 DAGs
[2026-04-13T05:00:06.982+0000] {logging_mixin.py:188} INFO - [2026-04-13T05:00:06.982+0000] {dag.py:3823} INFO - Setting next_dagrun for daily_revenue_etl_dag to 2026-04-13 00:00:00+00:00, run_after=2026-04-14 00:00:00+00:00
[2026-04-13T05:00:07.006+0000] {processor.py:183} INFO - Processing /opt/airflow/dags/daily_revenue_etl_dag.py took 0.128 seconds
[2026-04-13T05:00:37.099+0000] {processor.py:161} INFO - Started process (PID=900) to work on /opt/airflow/dags/daily_revenue_etl_dag.py
[2026-04-13T05:00:37.100+0000] {processor.py:830} INFO - Processing file /opt/airflow/dags/daily_revenue_etl_dag.py for tasks to queue
[2026-04-13T05:00:37.101+0000] {logging_mixin.py:188} INFO - [2026-04-13T05:00:37.101+0000] {dagbag.py:538} INFO - Filling up the DagBag from /opt/airflow/dags/daily_revenue_etl_dag.py
[2026-04-13T05:00:37.122+0000] {processor.py:840} INFO - DAG(s) 'daily_revenue_etl_dag' retrieved from /opt/airflow/dags/daily_revenue_etl_dag.py
[2026-04-13T05:00:37.152+0000] {logging_mixin.py:188} INFO - [2026-04-13T05:00:37.151+0000] {dag.py:3036} INFO - Sync 1 DAGs
[2026-04-13T04:36:39.811+0000] {logging_mixin.py:188} INFO - [2026-04-13T04:36:39.810+0000] {dag.py:3823} INFO - Setting next_dagrun for daily_revenue_etl_dag to 2026-04-13 00:00:00+00:00, run_after=2026-04-14 00:00:00+00:00
[2026-04-13T04:36:39.837+0000] {processor.py:183} INFO - Processing /opt/airflow/dags/daily_revenue_etl_dag.py took 0.110 seconds
[2026-04-13T04:36:44.869+0000] {processor.py:161} INFO - Started process (PID=905) to work on /opt/airflow/dags/daily_revenue_etl_dag.py
[2026-04-13T04:36:44.898+0000] {processor.py:830} INFO - Processing file /opt/airflow/dags/daily_revenue_etl_dag.py for tasks to queue
[2026-04-13T04:36:44.908+0000] {logging_mixin.py:188} INFO - [2026-04-13T04:36:44.907+0000] {dagbag.py:538} INFO - Filling up the DagBag from /opt/airflow/dags/daily_revenue_etl_dag.py
[2026-04-13T04:36:45.027+0000] {processor.py:840} INFO - DAG(s) 'daily_revenue_etl_dag' retrieved from /opt/airflow/dags/daily_revenue_etl_dag.py
[2026-04-13T04:36:45.116+0000] {logging_mixin.py:188} INFO - [2026-04-13T04:36:45.115+0000] {dag.py:3036} INFO - Sync 1 DAGs
[2026-04-13T04:36:45.183+0000] {logging_mixin.py:188} INFO - [2026-04-13T04:36:45.182+0000] {dag.py:3823} INFO - Setting next_dagrun for daily_revenue_etl_dag to 2026-04-13 00:00:00+00:00, run_after=2026-04-14 00:00:00+00:00
[2026-04-13T04:36:45.244+0000] {processor.py:183} INFO - Processing /opt/airflow/dags/daily_revenue_etl_dag.py took 0.411 seconds
[2026-04-13T04:37:15.530+0000] {processor.py:161} INFO - Started process (PID=910) to work on /opt/airflow/dags/daily_revenue_etl_dag.py
[2026-04-13T04:37:15.532+0000] {processor.py:830} INFO - Processing file /opt/airflow/dags/daily_revenue_etl_dag.py for tasks to queue
[2026-04-13T04:37:15.534+0000] {logging_mixin.py:188} INFO - [2026-04-13T04:37:15.533+0000] {dagbag.py:538} INFO - Filling up the DagBag from /opt/airflow/dags/daily_revenue_etl_dag.py
[2026-04-13T04:37:15.557+0000] {processor.py:840} INFO - DAG(s) 'daily_revenue_etl_dag' retrieved from /opt/airflow/dags/daily_revenue_etl_dag.py
[2026-04-13T04:37:15.592+0000] {logging_mixin.py:188} INFO - [2026-04-13T04:37:15.592+0000] {dag.py:3036} INFO - Sync 1 DAGs
[2026-04-13T04:37:15.620+0000] {logging_mixin.py:188} INFO - [2026-04-13T04:37:15.620+0000] {dag.py:3823} INFO - Setting next_dagrun for daily_revenue_etl_dag to 2026-04-13 00:00:00+00:00, run_after=2026-04-14 00:00:00+00:00
[2026-04-13T04:37:15.643+0000] {processor.py:183} INFO - Processing /opt/airflow/dags/daily_revenue_etl_dag.py took 0.117 seconds
[2026-04-13T05:01:14.056+0000] {processor.py:161} INFO - Started process (PID=915) to work on /opt/airflow/dags/daily_revenue_etl_dag.py
[2026-04-13T05:01:14.057+0000] {processor.py:830} INFO - Processing file /opt/airflow/dags/daily_revenue_etl_dag.py for tasks to queue
[2026-04-13T05:01:14.059+0000] {logging_mixin.py:188} INFO - [2026-04-13T05:01:14.058+0000] {dagbag.py:538} INFO - Filling up the DagBag from /opt/airflow/dags/daily_revenue_etl_dag.py
[2026-04-13T05:01:14.085+0000] {processor.py:840} INFO - DAG(s) 'daily_revenue_etl_dag' retrieved from /opt/airflow/dags/daily_revenue_etl_dag.py
[2026-04-13T05:01:14.125+0000] {logging_mixin.py:188} INFO - [2026-04-13T05:01:14.124+0000] {dag.py:3036} INFO - Sync 1 DAGs
[2026-04-13T05:01:14.155+0000] {logging_mixin.py:188} INFO - [2026-04-13T05:01:14.154+0000] {dag.py:3823} INFO - Setting next_dagrun for daily_revenue_etl_dag to 2026-04-13 00:00:00+00:00, run_after=2026-04-14 00:00:00+00:00
[2026-04-13T05:01:14.182+0000] {processor.py:183} INFO - Processing /opt/airflow/dags/daily_revenue_etl_dag.py took 0.129 seconds
[2026-04-13T05:01:17.093+0000] {processor.py:161} INFO - Started process (PID=920) to work on /opt/airflow/dags/daily_revenue_etl_dag.py
[2026-04-13T05:01:17.094+0000] {processor.py:830} INFO - Processing file /opt/airflow/dags/daily_revenue_etl_dag.py for tasks to queue
[2026-04-13T05:01:17.096+0000] {logging_mixin.py:188} INFO - [2026-04-13T05:01:17.095+0000] {dagbag.py:538} INFO - Filling up the DagBag from /opt/airflow/dags/daily_revenue_etl_dag.py
[2026-04-13T05:01:17.121+0000] {processor.py:840} INFO - DAG(s) 'daily_revenue_etl_dag' retrieved from /opt/airflow/dags/daily_revenue_etl_dag.py
[2026-04-13T05:01:17.155+0000] {logging_mixin.py:188} INFO - [2026-04-13T05:01:17.155+0000] {dag.py:3036} INFO - Sync 1 DAGs
[2026-04-13T05:01:17.182+0000] {logging_mixin.py:188} INFO - [2026-04-13T05:01:17.181+0000] {dag.py:3823} INFO - Setting next_dagrun for daily_revenue_etl_dag to 2026-04-13 00:00:00+00:00, run_after=2026-04-14 00:00:00+00:00
[2026-04-13T05:01:17.207+0000] {processor.py:183} INFO - Processing /opt/airflow/dags/daily_revenue_etl_dag.py took 0.118 seconds
[2026-04-13T05:02:27.677+0000] {processor.py:161} INFO - Started process (PID=926) to work on /opt/airflow/dags/daily_revenue_etl_dag.py
[2026-04-13T05:02:27.680+0000] {processor.py:830} INFO - Processing file /opt/airflow/dags/daily_revenue_etl_dag.py for tasks to queue
[2026-04-13T05:02:27.684+0000] {logging_mixin.py:188} INFO - [2026-04-13T05:02:27.682+0000] {dagbag.py:538} INFO - Filling up the DagBag from /opt/airflow/dags/daily_revenue_etl_dag.py
[2026-04-13T05:02:27.752+0000] {processor.py:840} INFO - DAG(s) 'daily_revenue_etl_dag' retrieved from /opt/airflow/dags/daily_revenue_etl_dag.py
[2026-04-13T05:02:27.807+0000] {logging_mixin.py:188} INFO - [2026-04-13T05:02:27.805+0000] {dag.py:3036} INFO - Sync 1 DAGs
[2026-04-13T05:02:27.849+0000] {logging_mixin.py:188} INFO - [2026-04-13T05:02:27.848+0000] {dag.py:3823} INFO - Setting next_dagrun for daily_revenue_etl_dag to 2026-04-13 00:00:00+00:00, run_after=2026-04-14 00:00:00+00:00
[2026-04-13T05:02:27.891+0000] {processor.py:183} INFO - Processing /opt/airflow/dags/daily_revenue_etl_dag.py took 0.224 seconds
[2026-04-13T05:03:02.176+0000] {processor.py:161} INFO - Started process (PID=931) to work on /opt/airflow/dags/daily_revenue_etl_dag.py
[2026-04-13T05:03:02.178+0000] {processor.py:830} INFO - Processing file /opt/airflow/dags/daily_revenue_etl_dag.py for tasks to queue
[2026-04-13T05:03:02.180+0000] {logging_mixin.py:188} INFO - [2026-04-13T05:03:02.179+0000] {dagbag.py:538} INFO - Filling up the DagBag from /opt/airflow/dags/daily_revenue_etl_dag.py
[2026-04-13T05:03:02.208+0000] {processor.py:840} INFO - DAG(s) 'daily_revenue_etl_dag' retrieved from /opt/airflow/dags/daily_revenue_etl_dag.py
[2026-04-13T05:03:02.248+0000] {logging_mixin.py:188} INFO - [2026-04-13T05:03:02.248+0000] {dag.py:3036} INFO - Sync 1 DAGs
[2026-04-13T05:03:02.278+0000] {logging_mixin.py:188} INFO - [2026-04-13T05:03:02.277+0000] {dag.py:3823} INFO - Setting next_dagrun for daily_revenue_etl_dag to 2026-04-13 00:00:00+00:00, run_after=2026-04-14 00:00:00+00:00
[2026-04-13T05:03:02.304+0000] {processor.py:183} INFO - Processing /opt/airflow/dags/daily_revenue_etl_dag.py took 0.133 seconds
[2026-04-13T04:39:35.095+0000] {processor.py:161} INFO - Started process (PID=936) to work on /opt/airflow/dags/daily_revenue_etl_dag.py
[2026-04-13T04:39:35.100+0000] {processor.py:830} INFO - Processing file /opt/airflow/dags/daily_revenue_etl_dag.py for tasks to queue
[2026-04-13T04:39:35.104+0000] {logging_mixin.py:188} INFO - [2026-04-13T04:39:35.103+0000] {dagbag.py:538} INFO - Filling up the DagBag from /opt/airflow/dags/daily_revenue_etl_dag.py
[2026-04-13T04:39:35.174+0000] {processor.py:840} INFO - DAG(s) 'daily_revenue_etl_dag' retrieved from /opt/airflow/dags/daily_revenue_etl_dag.py
[2026-04-13T04:39:35.282+0000] {logging_mixin.py:188} INFO - [2026-04-13T04:39:35.281+0000] {dag.py:3036} INFO - Sync 1 DAGs
[2026-04-13T04:39:35.369+0000] {logging_mixin.py:188} INFO - [2026-04-13T04:39:35.367+0000] {dag.py:3823} INFO - Setting next_dagrun for daily_revenue_etl_dag to 2026-04-13 00:00:00+00:00, run_after=2026-04-14 00:00:00+00:00
[2026-04-13T04:39:35.533+0000] {processor.py:183} INFO - Processing /opt/airflow/dags/daily_revenue_etl_dag.py took 0.449 seconds
[2026-04-13T05:03:44.097+0000] {processor.py:161} INFO - Started process (PID=941) to work on /opt/airflow/dags/daily_revenue_etl_dag.py
[2026-04-13T05:03:44.099+0000] {processor.py:830} INFO - Processing file /opt/airflow/dags/daily_revenue_etl_dag.py for tasks to queue
[2026-04-13T05:03:44.101+0000] {logging_mixin.py:188} INFO - [2026-04-13T05:03:44.100+0000] {dagbag.py:538} INFO - Filling up the DagBag from /opt/airflow/dags/daily_revenue_etl_dag.py
[2026-04-13T05:03:44.130+0000] {processor.py:840} INFO - DAG(s) 'daily_revenue_etl_dag' retrieved from /opt/airflow/dags/daily_revenue_etl_dag.py
[2026-04-13T04:39:46.818+0000] {logging_mixin.py:188} INFO - [2026-04-13T04:39:46.818+0000] {dag.py:3036} INFO - Sync 1 DAGs
[2026-04-13T04:39:46.850+0000] {logging_mixin.py:188} INFO - [2026-04-13T04:39:46.850+0000] {dag.py:3823} INFO - Setting next_dagrun for daily_revenue_etl_dag to 2026-04-13 00:00:00+00:00, run_after=2026-04-14 00:00:00+00:00
[2026-04-13T04:39:47.025+0000] {processor.py:183} INFO - Processing /opt/airflow/dags/daily_revenue_etl_dag.py took 0.294 seconds
[2026-04-13T04:39:50.094+0000] {processor.py:161} INFO - Started process (PID=946) to work on /opt/airflow/dags/daily_revenue_etl_dag.py
[2026-04-13T04:39:50.097+0000] {processor.py:830} INFO - Processing file /opt/airflow/dags/daily_revenue_etl_dag.py for tasks to queue
[2026-04-13T04:39:50.100+0000] {logging_mixin.py:188} INFO - [2026-04-13T04:39:50.099+0000] {dagbag.py:538} INFO - Filling up the DagBag from /opt/airflow/dags/daily_revenue_etl_dag.py
[2026-04-13T04:39:50.141+0000] {processor.py:840} INFO - DAG(s) 'daily_revenue_etl_dag' retrieved from /opt/airflow/dags/daily_revenue_etl_dag.py
[2026-04-13T04:39:50.183+0000] {logging_mixin.py:188} INFO - [2026-04-13T04:39:50.183+0000] {dag.py:3036} INFO - Sync 1 DAGs
[2026-04-13T04:39:50.213+0000] {logging_mixin.py:188} INFO - [2026-04-13T04:39:50.212+0000] {dag.py:3823} INFO - Setting next_dagrun for daily_revenue_etl_dag to 2026-04-13 00:00:00+00:00, run_after=2026-04-14 00:00:00+00:00
[2026-04-13T04:39:50.237+0000] {processor.py:183} INFO - Processing /opt/airflow/dags/daily_revenue_etl_dag.py took 0.151 seconds
[2026-04-13T05:04:14.693+0000] {processor.py:161} INFO - Started process (PID=951) to work on /opt/airflow/dags/daily_revenue_etl_dag.py
[2026-04-13T05:04:14.696+0000] {processor.py:830} INFO - Processing file /opt/airflow/dags/daily_revenue_etl_dag.py for tasks to queue
[2026-04-13T05:04:14.698+0000] {logging_mixin.py:188} INFO - [2026-04-13T05:04:14.698+0000] {dagbag.py:538} INFO - Filling up the DagBag from /opt/airflow/dags/daily_revenue_etl_dag.py
[2026-04-13T05:04:14.744+0000] {processor.py:840} INFO - DAG(s) 'daily_revenue_etl_dag' retrieved from /opt/airflow/dags/daily_revenue_etl_dag.py
[2026-04-13T05:04:14.793+0000] {logging_mixin.py:188} INFO - [2026-04-13T05:04:14.793+0000] {dag.py:3036} INFO - Sync 1 DAGs
[2026-04-13T05:04:14.826+0000] {logging_mixin.py:188} INFO - [2026-04-13T05:04:14.825+0000] {dag.py:3823} INFO - Setting next_dagrun for daily_revenue_etl_dag to 2026-04-13 00:00:00+00:00, run_after=2026-04-14 00:00:00+00:00
[2026-04-13T05:04:14.865+0000] {processor.py:183} INFO - Processing /opt/airflow/dags/daily_revenue_etl_dag.py took 0.180 seconds
[2026-04-13T05:05:14.252+0000] {processor.py:161} INFO - Started process (PID=957) to work on /opt/airflow/dags/daily_revenue_etl_dag.py
[2026-04-13T05:05:14.255+0000] {processor.py:830} INFO - Processing file /opt/airflow/dags/daily_revenue_etl_dag.py for tasks to queue
[2026-04-13T05:05:14.256+0000] {logging_mixin.py:188} INFO - [2026-04-13T05:05:14.256+0000] {dagbag.py:538} INFO - Filling up the DagBag from /opt/airflow/dags/daily_revenue_etl_dag.py
[2026-04-13T05:05:14.291+0000] {processor.py:840} INFO - DAG(s) 'daily_revenue_etl_dag' retrieved from /opt/airflow/dags/daily_revenue_etl_dag.py
[2026-04-13T04:41:16.913+0000] {logging_mixin.py:188} INFO - [2026-04-13T04:41:16.912+0000] {dag.py:3036} INFO - Sync 1 DAGs
[2026-04-13T04:41:16.956+0000] {logging_mixin.py:188} INFO - [2026-04-13T04:41:16.955+0000] {dag.py:3823} INFO - Setting next_dagrun for daily_revenue_etl_dag to 2026-04-13 00:00:00+00:00, run_after=2026-04-14 00:00:00+00:00
[2026-04-13T04:41:17.402+0000] {processor.py:183} INFO - Processing /opt/airflow/dags/daily_revenue_etl_dag.py took 0.570 seconds
[2026-04-13T05:05:27.363+0000] {processor.py:161} INFO - Started process (PID=962) to work on /opt/airflow/dags/daily_revenue_etl_dag.py
[2026-04-13T05:05:27.365+0000] {processor.py:830} INFO - Processing file /opt/airflow/dags/daily_revenue_etl_dag.py for tasks to queue
[2026-04-13T05:05:27.367+0000] {logging_mixin.py:188} INFO - [2026-04-13T05:05:27.366+0000] {dagbag.py:538} INFO - Filling up the DagBag from /opt/airflow/dags/daily_revenue_etl_dag.py
[2026-04-13T05:05:27.388+0000] {processor.py:840} INFO - DAG(s) 'daily_revenue_etl_dag' retrieved from /opt/airflow/dags/daily_revenue_etl_dag.py
[2026-04-13T05:05:27.424+0000] {logging_mixin.py:188} INFO - [2026-04-13T05:05:27.424+0000] {dag.py:3036} INFO - Sync 1 DAGs
[2026-04-13T05:05:27.453+0000] {logging_mixin.py:188} INFO - [2026-04-13T05:05:27.453+0000] {dag.py:3823} INFO - Setting next_dagrun for daily_revenue_etl_dag to 2026-04-13 00:00:00+00:00, run_after=2026-04-14 00:00:00+00:00
[2026-04-13T05:05:27.475+0000] {processor.py:183} INFO - Processing /opt/airflow/dags/daily_revenue_etl_dag.py took 0.116 seconds
[2026-04-13T05:05:57.587+0000] {processor.py:161} INFO - Started process (PID=969) to work on /opt/airflow/dags/daily_revenue_etl_dag.py
[2026-04-13T05:05:57.588+0000] {processor.py:830} INFO - Processing file /opt/airflow/dags/daily_revenue_etl_dag.py for tasks to queue
[2026-04-13T05:05:57.589+0000] {logging_mixin.py:188} INFO - [2026-04-13T05:05:57.589+0000] {dagbag.py:538} INFO - Filling up the DagBag from /opt/airflow/dags/daily_revenue_etl_dag.py
[2026-04-13T05:05:57.611+0000] {processor.py:840} INFO - DAG(s) 'daily_revenue_etl_dag' retrieved from /opt/airflow/dags/daily_revenue_etl_dag.py
[2026-04-13T05:05:57.640+0000] {logging_mixin.py:188} INFO - [2026-04-13T05:05:57.640+0000] {dag.py:3036} INFO - Sync 1 DAGs
[2026-04-13T05:05:57.671+0000] {logging_mixin.py:188} INFO - [2026-04-13T05:05:57.671+0000] {dag.py:3823} INFO - Setting next_dagrun for daily_revenue_etl_dag to 2026-04-13 00:00:00+00:00, run_after=2026-04-14 00:00:00+00:00
[2026-04-13T05:05:57.694+0000] {processor.py:183} INFO - Processing /opt/airflow/dags/daily_revenue_etl_dag.py took 0.112 seconds
[2026-04-13T05:06:44.022+0000] {processor.py:161} INFO - Started process (PID=976) to work on /opt/airflow/dags/daily_revenue_etl_dag.py
[2026-04-13T05:06:44.023+0000] {processor.py:830} INFO - Processing file /opt/airflow/dags/daily_revenue_etl_dag.py for tasks to queue
[2026-04-13T05:06:44.024+0000] {logging_mixin.py:188} INFO - [2026-04-13T05:06:44.023+0000] {dagbag.py:538} INFO - Filling up the DagBag from /opt/airflow/dags/daily_revenue_etl_dag.py
[2026-04-13T05:06:44.043+0000] {processor.py:840} INFO - DAG(s) 'daily_revenue_etl_dag' retrieved from /opt/airflow/dags/daily_revenue_etl_dag.py
[2026-04-13T05:06:44.068+0000] {logging_mixin.py:188} INFO - [2026-04-13T05:06:44.068+0000] {dag.py:3036} INFO - Sync 1 DAGs
[2026-04-13T05:06:44.087+0000] {logging_mixin.py:188} INFO - [2026-04-13T05:06:44.087+0000] {dag.py:3823} INFO - Setting next_dagrun for daily_revenue_etl_dag to 2026-04-13 00:00:00+00:00, run_after=2026-04-14 00:00:00+00:00
[2026-04-13T05:06:44.104+0000] {processor.py:183} INFO - Processing /opt/airflow/dags/daily_revenue_etl_dag.py took 0.086 seconds
[2026-04-13T04:43:16.912+0000] {processor.py:161} INFO - Started process (PID=981) to work on /opt/airflow/dags/daily_revenue_etl_dag.py
[2026-04-13T04:43:16.917+0000] {processor.py:830} INFO - Processing file /opt/airflow/dags/daily_revenue_etl_dag.py for tasks to queue
[2026-04-13T04:43:16.919+0000] {logging_mixin.py:188} INFO - [2026-04-13T04:43:16.918+0000] {dagbag.py:538} INFO - Filling up the DagBag from /opt/airflow/dags/daily_revenue_etl_dag.py
[2026-04-13T04:43:16.976+0000] {processor.py:840} INFO - DAG(s) 'daily_revenue_etl_dag' retrieved from /opt/airflow/dags/daily_revenue_etl_dag.py
[2026-04-13T04:43:17.033+0000] {logging_mixin.py:188} INFO - [2026-04-13T04:43:17.032+0000] {dag.py:3036} INFO - Sync 1 DAGs
[2026-04-13T04:43:17.086+0000] {logging_mixin.py:188} INFO - [2026-04-13T04:43:17.086+0000] {dag.py:3823} INFO - Setting next_dagrun for daily_revenue_etl_dag to 2026-04-13 00:00:00+00:00, run_after=2026-04-14 00:00:00+00:00
[2026-04-13T04:43:17.118+0000] {processor.py:183} INFO - Processing /opt/airflow/dags/daily_revenue_etl_dag.py took 0.215 seconds
[2026-04-13T05:07:22.582+0000] {processor.py:161} INFO - Started process (PID=986) to work on /opt/airflow/dags/daily_revenue_etl_dag.py
[2026-04-13T05:07:22.584+0000] {processor.py:830} INFO - Processing file /opt/airflow/dags/daily_revenue_etl_dag.py for tasks to queue
[2026-04-13T05:07:22.586+0000] {logging_mixin.py:188} INFO - [2026-04-13T05:07:22.586+0000] {dagbag.py:538} INFO - Filling up the DagBag from /opt/airflow/dags/daily_revenue_etl_dag.py
[2026-04-13T05:07:22.621+0000] {processor.py:840} INFO - DAG(s) 'daily_revenue_etl_dag' retrieved from /opt/airflow/dags/daily_revenue_etl_dag.py
[2026-04-13T05:07:22.659+0000] {logging_mixin.py:188} INFO - [2026-04-13T05:07:22.659+0000] {dag.py:3036} INFO - Sync 1 DAGs
[2026-04-13T05:07:22.693+0000] {logging_mixin.py:188} INFO - [2026-04-13T05:07:22.692+0000] {dag.py:3823} INFO - Setting next_dagrun for daily_revenue_etl_dag to 2026-04-13 00:00:00+00:00, run_after=2026-04-14 00:00:00+00:00
[2026-04-13T05:07:22.724+0000] {processor.py:183} INFO - Processing /opt/airflow/dags/daily_revenue_etl_dag.py took 0.147 seconds
[2026-04-13T05:07:52.938+0000] {processor.py:161} INFO - Started process (PID=991) to work on /opt/airflow/dags/daily_revenue_etl_dag.py
[2026-04-13T05:07:52.939+0000] {processor.py:830} INFO - Processing file /opt/airflow/dags/daily_revenue_etl_dag.py for tasks to queue
[2026-04-13T05:07:52.940+0000] {logging_mixin.py:188} INFO - [2026-04-13T05:07:52.940+0000] {dagbag.py:538} INFO - Filling up the DagBag from /opt/airflow/dags/daily_revenue_etl_dag.py
[2026-04-13T05:07:52.965+0000] {processor.py:840} INFO - DAG(s) 'daily_revenue_etl_dag' retrieved from /opt/airflow/dags/daily_revenue_etl_dag.py
[2026-04-13T05:07:52.997+0000] {logging_mixin.py:188} INFO - [2026-04-13T05:07:52.996+0000] {dag.py:3036} INFO - Sync 1 DAGs
[2026-04-13T05:07:53.020+0000] {logging_mixin.py:188} INFO - [2026-04-13T05:07:53.020+0000] {dag.py:3823} INFO - Setting next_dagrun for daily_revenue_etl_dag to 2026-04-13 00:00:00+00:00, run_after=2026-04-14 00:00:00+00:00
[2026-04-13T05:07:53.045+0000] {processor.py:183} INFO - Processing /opt/airflow/dags/daily_revenue_etl_dag.py took 0.111 seconds
[2026-04-13T05:09:52.795+0000] {processor.py:161} INFO - Started process (PID=996) to work on /opt/airflow/dags/daily_revenue_etl_dag.py
[2026-04-13T05:09:52.796+0000] {processor.py:830} INFO - Processing file /opt/airflow/dags/daily_revenue_etl_dag.py for tasks to queue
[2026-04-13T05:09:52.797+0000] {logging_mixin.py:188} INFO - [2026-04-13T05:09:52.796+0000] {dagbag.py:538} INFO - Filling up the DagBag from /opt/airflow/dags/daily_revenue_etl_dag.py
[2026-04-13T05:09:52.818+0000] {processor.py:840} INFO - DAG(s) 'daily_revenue_etl_dag' retrieved from /opt/airflow/dags/daily_revenue_etl_dag.py
[2026-04-13T05:09:52.848+0000] {logging_mixin.py:188} INFO - [2026-04-13T05:09:52.848+0000] {dag.py:3036} INFO - Sync 1 DAGs
[2026-04-13T05:09:52.871+0000] {logging_mixin.py:188} INFO - [2026-04-13T05:09:52.870+0000] {dag.py:3823} INFO - Setting next_dagrun for daily_revenue_etl_dag to 2026-04-13 00:00:00+00:00, run_after=2026-04-14 00:00:00+00:00
[2026-04-13T05:09:52.890+0000] {processor.py:183} INFO - Processing /opt/airflow/dags/daily_revenue_etl_dag.py took 0.099 seconds
[2026-04-13T05:10:22.998+0000] {processor.py:161} INFO - Started process (PID=1001) to work on /opt/airflow/dags/daily_revenue_etl_dag.py
[2026-04-13T05:10:22.999+0000] {processor.py:830} INFO - Processing file /opt/airflow/dags/daily_revenue_etl_dag.py for tasks to queue
[2026-04-13T05:10:23.001+0000] {logging_mixin.py:188} INFO - [2026-04-13T05:10:23.000+0000] {dagbag.py:538} INFO - Filling up the DagBag from /opt/airflow/dags/daily_revenue_etl_dag.py
[2026-04-13T05:10:23.021+0000] {processor.py:840} INFO - DAG(s) 'daily_revenue_etl_dag' retrieved from /opt/airflow/dags/daily_revenue_etl_dag.py
[2026-04-13T04:46:25.699+0000] {logging_mixin.py:188} INFO - [2026-04-13T04:46:25.699+0000] {dag.py:3036} INFO - Sync 1 DAGs
[2026-04-13T04:46:25.725+0000] {logging_mixin.py:188} INFO - [2026-04-13T04:46:25.724+0000] {dag.py:3823} INFO - Setting next_dagrun for daily_revenue_etl_dag to 2026-04-13 00:00:00+00:00, run_after=2026-04-14 00:00:00+00:00
[2026-04-13T04:46:25.746+0000] {processor.py:183} INFO - Processing /opt/airflow/dags/daily_revenue_etl_dag.py took 0.103 seconds
[2026-04-13T04:46:40.786+0000] {processor.py:161} INFO - Started process (PID=1006) to work on /opt/airflow/dags/daily_revenue_etl_dag.py
[2026-04-13T04:46:40.787+0000] {processor.py:830} INFO - Processing file /opt/airflow/dags/daily_revenue_etl_dag.py for tasks to queue
[2026-04-13T04:46:40.788+0000] {logging_mixin.py:188} INFO - [2026-04-13T04:46:40.787+0000] {dagbag.py:538} INFO - Filling up the DagBag from /opt/airflow/dags/daily_revenue_etl_dag.py
[2026-04-13T04:46:40.806+0000] {processor.py:840} INFO - DAG(s) 'daily_revenue_etl_dag' retrieved from /opt/airflow/dags/daily_revenue_etl_dag.py
[2026-04-13T04:46:40.835+0000] {logging_mixin.py:188} INFO - [2026-04-13T04:46:40.835+0000] {dag.py:3036} INFO - Sync 1 DAGs
[2026-04-13T04:46:40.853+0000] {logging_mixin.py:188} INFO - [2026-04-13T04:46:40.853+0000] {dag.py:3823} INFO - Setting next_dagrun for daily_revenue_etl_dag to 2026-04-13 00:00:00+00:00, run_after=2026-04-14 00:00:00+00:00
[2026-04-13T04:46:40.870+0000] {processor.py:183} INFO - Processing /opt/airflow/dags/daily_revenue_etl_dag.py took 0.089 seconds
[2026-04-13T04:46:46.911+0000] {processor.py:161} INFO - Started process (PID=1011) to work on /opt/airflow/dags/daily_revenue_etl_dag.py
[2026-04-13T04:46:46.912+0000] {processor.py:830} INFO - Processing file /opt/airflow/dags/daily_revenue_etl_dag.py for tasks to queue
[2026-04-13T04:46:46.913+0000] {logging_mixin.py:188} INFO - [2026-04-13T04:46:46.913+0000] {dagbag.py:538} INFO - Filling up the DagBag from /opt/airflow/dags/daily_revenue_etl_dag.py
[2026-04-13T04:46:46.931+0000] {processor.py:840} INFO - DAG(s) 'daily_revenue_etl_dag' retrieved from /opt/airflow/dags/daily_revenue_etl_dag.py
[2026-04-13T04:46:46.958+0000] {logging_mixin.py:188} INFO - [2026-04-13T04:46:46.957+0000] {dag.py:3036} INFO - Sync 1 DAGs
[2026-04-13T04:46:46.983+0000] {logging_mixin.py:188} INFO - [2026-04-13T04:46:46.982+0000] {dag.py:3823} INFO - Setting next_dagrun for daily_revenue_etl_dag to 2026-04-13 00:00:00+00:00, run_after=2026-04-14 00:00:00+00:00
[2026-04-13T04:46:47.255+0000] {processor.py:183} INFO - Processing /opt/airflow/dags/daily_revenue_etl_dag.py took 0.350 seconds
[2026-04-13T04:47:17.469+0000] {processor.py:161} INFO - Started process (PID=1016) to work on /opt/airflow/dags/daily_revenue_etl_dag.py
[2026-04-13T04:47:17.470+0000] {processor.py:830} INFO - Processing file /opt/airflow/dags/daily_revenue_etl_dag.py for tasks to queue
[2026-04-13T04:47:17.472+0000] {logging_mixin.py:188} INFO - [2026-04-13T04:47:17.471+0000] {dagbag.py:538} INFO - Filling up the DagBag from /opt/airflow/dags/daily_revenue_etl_dag.py
[2026-04-13T04:47:17.493+0000] {processor.py:840} INFO - DAG(s) 'daily_revenue_etl_dag' retrieved from /opt/airflow/dags/daily_revenue_etl_dag.py
[2026-04-13T04:47:17.521+0000] {logging_mixin.py:188} INFO - [2026-04-13T04:47:17.521+0000] {dag.py:3036} INFO - Sync 1 DAGs
[2026-04-13T04:47:17.540+0000] {logging_mixin.py:188} INFO - [2026-04-13T04:47:17.540+0000] {dag.py:3823} INFO - Setting next_dagrun for daily_revenue_etl_dag to 2026-04-13 00:00:00+00:00, run_after=2026-04-14 00:00:00+00:00
[2026-04-13T04:47:17.559+0000] {processor.py:183} INFO - Processing /opt/airflow/dags/daily_revenue_etl_dag.py took 0.096 seconds
[2026-04-13T05:11:17.973+0000] {processor.py:161} INFO - Started process (PID=1021) to work on /opt/airflow/dags/daily_revenue_etl_dag.py
[2026-04-13T05:11:17.974+0000] {processor.py:830} INFO - Processing file /opt/airflow/dags/daily_revenue_etl_dag.py for tasks to queue
[2026-04-13T05:11:17.976+0000] {logging_mixin.py:188} INFO - [2026-04-13T05:11:17.975+0000] {dagbag.py:538} INFO - Filling up the DagBag from /opt/airflow/dags/daily_revenue_etl_dag.py
[2026-04-13T05:11:17.999+0000] {processor.py:840} INFO - DAG(s) 'daily_revenue_etl_dag' retrieved from /opt/airflow/dags/daily_revenue_etl_dag.py
[2026-04-13T05:11:18.030+0000] {logging_mixin.py:188} INFO - [2026-04-13T05:11:18.030+0000] {dag.py:3036} INFO - Sync 1 DAGs
[2026-04-13T05:11:18.050+0000] {logging_mixin.py:188} INFO - [2026-04-13T05:11:18.050+0000] {dag.py:3823} INFO - Setting next_dagrun for daily_revenue_etl_dag to 2026-04-13 00:00:00+00:00, run_after=2026-04-14 00:00:00+00:00
[2026-04-13T05:11:18.071+0000] {processor.py:183} INFO - Processing /opt/airflow/dags/daily_revenue_etl_dag.py took 0.103 seconds
[2026-04-13T05:11:48.165+0000] {processor.py:161} INFO - Started process (PID=1026) to work on /opt/airflow/dags/daily_revenue_etl_dag.py
[2026-04-13T05:11:48.167+0000] {processor.py:830} INFO - Processing file /opt/airflow/dags/daily_revenue_etl_dag.py for tasks to queue
[2026-04-13T05:11:48.169+0000] {logging_mixin.py:188} INFO - [2026-04-13T05:11:48.168+0000] {dagbag.py:538} INFO - Filling up the DagBag from /opt/airflow/dags/daily_revenue_etl_dag.py
[2026-04-13T05:11:48.193+0000] {processor.py:840} INFO - DAG(s) 'daily_revenue_etl_dag' retrieved from /opt/airflow/dags/daily_revenue_etl_dag.py
[2026-04-13T04:47:50.860+0000] {logging_mixin.py:188} INFO - [2026-04-13T04:47:50.860+0000] {dag.py:3036} INFO - Sync 1 DAGs
[2026-04-13T04:47:50.888+0000] {logging_mixin.py:188} INFO - [2026-04-13T04:47:50.888+0000] {dag.py:3823} INFO - Setting next_dagrun for daily_revenue_etl_dag to 2026-04-13 00:00:00+00:00, run_after=2026-04-14 00:00:00+00:00
[2026-04-13T04:47:50.917+0000] {processor.py:183} INFO - Processing /opt/airflow/dags/daily_revenue_etl_dag.py took 0.123 seconds
[2026-04-13T05:11:53.303+0000] {processor.py:161} INFO - Started process (PID=1031) to work on /opt/airflow/dags/daily_revenue_etl_dag.py
[2026-04-13T05:11:53.305+0000] {processor.py:830} INFO - Processing file /opt/airflow/dags/daily_revenue_etl_dag.py for tasks to queue
[2026-04-13T05:11:53.306+0000] {logging_mixin.py:188} INFO - [2026-04-13T05:11:53.306+0000] {dagbag.py:538} INFO - Filling up the DagBag from /opt/airflow/dags/daily_revenue_etl_dag.py
[2026-04-13T05:11:53.331+0000] {processor.py:840} INFO - DAG(s) 'daily_revenue_etl_dag' retrieved from /opt/airflow/dags/daily_revenue_etl_dag.py
[2026-04-13T05:11:53.362+0000] {logging_mixin.py:188} INFO - [2026-04-13T05:11:53.362+0000] {dag.py:3036} INFO - Sync 1 DAGs
[2026-04-13T05:11:53.388+0000] {logging_mixin.py:188} INFO - [2026-04-13T05:11:53.388+0000] {dag.py:3823} INFO - Setting next_dagrun for daily_revenue_etl_dag to 2026-04-13 00:00:00+00:00, run_after=2026-04-14 00:00:00+00:00
[2026-04-13T05:11:53.408+0000] {processor.py:183} INFO - Processing /opt/airflow/dags/daily_revenue_etl_dag.py took 0.110 seconds
[2026-04-13T05:13:44.053+0000] {processor.py:161} INFO - Started process (PID=1038) to work on /opt/airflow/dags/daily_revenue_etl_dag.py
[2026-04-13T05:13:44.054+0000] {processor.py:830} INFO - Processing file /opt/airflow/dags/daily_revenue_etl_dag.py for tasks to queue
[2026-04-13T05:13:44.055+0000] {logging_mixin.py:188} INFO - [2026-04-13T05:13:44.054+0000] {dagbag.py:538} INFO - Filling up the DagBag from /opt/airflow/dags/daily_revenue_etl_dag.py
[2026-04-13T05:13:44.072+0000] {processor.py:840} INFO - DAG(s) 'daily_revenue_etl_dag' retrieved from /opt/airflow/dags/daily_revenue_etl_dag.py
[2026-04-13T05:13:44.098+0000] {logging_mixin.py:188} INFO - [2026-04-13T05:13:44.098+0000] {dag.py:3036} INFO - Sync 1 DAGs
[2026-04-13T05:13:44.123+0000] {logging_mixin.py:188} INFO - [2026-04-13T05:13:44.122+0000] {dag.py:3823} INFO - Setting next_dagrun for daily_revenue_etl_dag to 2026-04-13 00:00:00+00:00, run_after=2026-04-14 00:00:00+00:00
[2026-04-13T05:13:44.144+0000] {processor.py:183} INFO - Processing /opt/airflow/dags/daily_revenue_etl_dag.py took 0.094 seconds
[2026-04-13T04:50:16.915+0000] {processor.py:161} INFO - Started process (PID=1043) to work on /opt/airflow/dags/daily_revenue_etl_dag.py
[2026-04-13T04:50:16.916+0000] {processor.py:830} INFO - Processing file /opt/airflow/dags/daily_revenue_etl_dag.py for tasks to queue
[2026-04-13T04:50:16.917+0000] {logging_mixin.py:188} INFO - [2026-04-13T04:50:16.917+0000] {dagbag.py:538} INFO - Filling up the DagBag from /opt/airflow/dags/daily_revenue_etl_dag.py
[2026-04-13T04:50:16.937+0000] {processor.py:840} INFO - DAG(s) 'daily_revenue_etl_dag' retrieved from /opt/airflow/dags/daily_revenue_etl_dag.py
[2026-04-13T04:50:16.961+0000] {logging_mixin.py:188} INFO - [2026-04-13T04:50:16.960+0000] {dag.py:3036} INFO - Sync 1 DAGs
[2026-04-13T04:50:16.981+0000] {logging_mixin.py:188} INFO - [2026-04-13T04:50:16.981+0000] {dag.py:3823} INFO - Setting next_dagrun for daily_revenue_etl_dag to 2026-04-13 00:00:00+00:00, run_after=2026-04-14 00:00:00+00:00
[2026-04-13T04:50:16.998+0000] {processor.py:183} INFO - Processing /opt/airflow/dags/daily_revenue_etl_dag.py took 0.087 seconds
[2026-04-13T05:14:18.364+0000] {processor.py:161} INFO - Started process (PID=1048) to work on /opt/airflow/dags/daily_revenue_etl_dag.py
[2026-04-13T05:14:18.365+0000] {processor.py:830} INFO - Processing file /opt/airflow/dags/daily_revenue_etl_dag.py for tasks to queue
[2026-04-13T05:14:18.366+0000] {logging_mixin.py:188} INFO - [2026-04-13T05:14:18.366+0000] {dagbag.py:538} INFO - Filling up the DagBag from /opt/airflow/dags/daily_revenue_etl_dag.py
[2026-04-13T05:14:18.383+0000] {processor.py:840} INFO - DAG(s) 'daily_revenue_etl_dag' retrieved from /opt/airflow/dags/daily_revenue_etl_dag.py
[2026-04-13T05:14:18.406+0000] {logging_mixin.py:188} INFO - [2026-04-13T05:14:18.406+0000] {dag.py:3036} INFO - Sync 1 DAGs
[2026-04-13T05:14:18.430+0000] {logging_mixin.py:188} INFO - [2026-04-13T05:14:18.430+0000] {dag.py:3823} INFO - Setting next_dagrun for daily_revenue_etl_dag to 2026-04-13 00:00:00+00:00, run_after=2026-04-14 00:00:00+00:00
[2026-04-13T05:14:18.462+0000] {processor.py:183} INFO - Processing /opt/airflow/dags/daily_revenue_etl_dag.py took 0.100 seconds
[2026-04-13T05:15:54.047+0000] {processor.py:161} INFO - Started process (PID=1053) to work on /opt/airflow/dags/daily_revenue_etl_dag.py
[2026-04-13T05:15:54.048+0000] {processor.py:830} INFO - Processing file /opt/airflow/dags/daily_revenue_etl_dag.py for tasks to queue
[2026-04-13T05:15:54.049+0000] {logging_mixin.py:188} INFO - [2026-04-13T05:15:54.049+0000] {dagbag.py:538} INFO - Filling up the DagBag from /opt/airflow/dags/daily_revenue_etl_dag.py
[2026-04-13T05:15:54.076+0000] {processor.py:840} INFO - DAG(s) 'daily_revenue_etl_dag' retrieved from /opt/airflow/dags/daily_revenue_etl_dag.py
[2026-04-13T05:15:54.111+0000] {logging_mixin.py:188} INFO - [2026-04-13T05:15:54.110+0000] {dag.py:3036} INFO - Sync 1 DAGs
[2026-04-13T05:15:54.140+0000] {logging_mixin.py:188} INFO - [2026-04-13T05:15:54.140+0000] {dag.py:3823} INFO - Setting next_dagrun for daily_revenue_etl_dag to 2026-04-13 00:00:00+00:00, run_after=2026-04-14 00:00:00+00:00
[2026-04-13T05:15:54.177+0000] {processor.py:183} INFO - Processing /opt/airflow/dags/daily_revenue_etl_dag.py took 0.134 seconds
[2026-04-13T05:16:38.455+0000] {processor.py:161} INFO - Started process (PID=1058) to work on /opt/airflow/dags/daily_revenue_etl_dag.py
[2026-04-13T05:16:38.457+0000] {processor.py:830} INFO - Processing file /opt/airflow/dags/daily_revenue_etl_dag.py for tasks to queue
[2026-04-13T05:16:38.458+0000] {logging_mixin.py:188} INFO - [2026-04-13T05:16:38.457+0000] {dagbag.py:538} INFO - Filling up the DagBag from /opt/airflow/dags/daily_revenue_etl_dag.py
[2026-04-13T05:16:38.476+0000] {processor.py:840} INFO - DAG(s) 'daily_revenue_etl_dag' retrieved from /opt/airflow/dags/daily_revenue_etl_dag.py
[2026-04-13T05:16:38.504+0000] {logging_mixin.py:188} INFO - [2026-04-13T05:16:38.504+0000] {dag.py:3036} INFO - Sync 1 DAGs
[2026-04-13T05:16:38.530+0000] {logging_mixin.py:188} INFO - [2026-04-13T05:16:38.530+0000] {dag.py:3823} INFO - Setting next_dagrun for daily_revenue_etl_dag to 2026-04-13 00:00:00+00:00, run_after=2026-04-14 00:00:00+00:00
[2026-04-13T05:16:38.554+0000] {processor.py:183} INFO - Processing /opt/airflow/dags/daily_revenue_etl_dag.py took 0.102 seconds
[2026-04-13T05:17:08.661+0000] {processor.py:161} INFO - Started process (PID=1063) to work on /opt/airflow/dags/daily_revenue_etl_dag.py
[2026-04-13T05:17:08.663+0000] {processor.py:830} INFO - Processing file /opt/airflow/dags/daily_revenue_etl_dag.py for tasks to queue
[2026-04-13T05:17:08.664+0000] {logging_mixin.py:188} INFO - [2026-04-13T05:17:08.663+0000] {dagbag.py:538} INFO - Filling up the DagBag from /opt/airflow/dags/daily_revenue_etl_dag.py
[2026-04-13T05:17:08.684+0000] {processor.py:840} INFO - DAG(s) 'daily_revenue_etl_dag' retrieved from /opt/airflow/dags/daily_revenue_etl_dag.py
[2026-04-13T05:17:08.714+0000] {logging_mixin.py:188} INFO - [2026-04-13T05:17:08.714+0000] {dag.py:3036} INFO - Sync 1 DAGs
[2026-04-13T05:17:08.738+0000] {logging_mixin.py:188} INFO - [2026-04-13T05:17:08.737+0000] {dag.py:3823} INFO - Setting next_dagrun for daily_revenue_etl_dag to 2026-04-13 00:00:00+00:00, run_after=2026-04-14 00:00:00+00:00
[2026-04-13T04:53:11.410+0000] {processor.py:183} INFO - Processing /opt/airflow/dags/daily_revenue_etl_dag.py took 0.104 seconds
[2026-04-13T04:53:31.485+0000] {processor.py:161} INFO - Started process (PID=1068) to work on /opt/airflow/dags/daily_revenue_etl_dag.py
[2026-04-13T04:53:31.486+0000] {processor.py:830} INFO - Processing file /opt/airflow/dags/daily_revenue_etl_dag.py for tasks to queue
[2026-04-13T04:53:31.487+0000] {logging_mixin.py:188} INFO - [2026-04-13T04:53:31.487+0000] {dagbag.py:538} INFO - Filling up the DagBag from /opt/airflow/dags/daily_revenue_etl_dag.py
[2026-04-13T04:53:31.507+0000] {processor.py:840} INFO - DAG(s) 'daily_revenue_etl_dag' retrieved from /opt/airflow/dags/daily_revenue_etl_dag.py
[2026-04-13T04:53:31.531+0000] {logging_mixin.py:188} INFO - [2026-04-13T04:53:31.531+0000] {dag.py:3036} INFO - Sync 1 DAGs
[2026-04-13T04:53:31.556+0000] {logging_mixin.py:188} INFO - [2026-04-13T04:53:31.555+0000] {dag.py:3823} INFO - Setting next_dagrun for daily_revenue_etl_dag to 2026-04-13 00:00:00+00:00, run_after=2026-04-14 00:00:00+00:00
[2026-04-13T04:53:31.580+0000] {processor.py:183} INFO - Processing /opt/airflow/dags/daily_revenue_etl_dag.py took 0.097 seconds
[2026-04-13T05:17:44.119+0000] {processor.py:161} INFO - Started process (PID=1073) to work on /opt/airflow/dags/daily_revenue_etl_dag.py
[2026-04-13T05:17:44.120+0000] {processor.py:830} INFO - Processing file /opt/airflow/dags/daily_revenue_etl_dag.py for tasks to queue
[2026-04-13T05:17:44.121+0000] {logging_mixin.py:188} INFO - [2026-04-13T05:17:44.121+0000] {dagbag.py:538} INFO - Filling up the DagBag from /opt/airflow/dags/daily_revenue_etl_dag.py
[2026-04-13T05:17:44.141+0000] {processor.py:840} INFO - DAG(s) 'daily_revenue_etl_dag' retrieved from /opt/airflow/dags/daily_revenue_etl_dag.py
[2026-04-13T05:17:44.170+0000] {logging_mixin.py:188} INFO - [2026-04-13T05:17:44.170+0000] {dag.py:3036} INFO - Sync 1 DAGs
[2026-04-13T05:17:44.192+0000] {logging_mixin.py:188} INFO - [2026-04-13T05:17:44.192+0000] {dag.py:3823} INFO - Setting next_dagrun for daily_revenue_etl_dag to 2026-04-13 00:00:00+00:00, run_after=2026-04-14 00:00:00+00:00
[2026-04-13T05:17:44.222+0000] {processor.py:183} INFO - Processing /opt/airflow/dags/daily_revenue_etl_dag.py took 0.106 seconds
[2026-04-13T04:54:16.976+0000] {processor.py:161} INFO - Started process (PID=1078) to work on /opt/airflow/dags/daily_revenue_etl_dag.py
[2026-04-13T04:54:16.978+0000] {processor.py:830} INFO - Processing file /opt/airflow/dags/daily_revenue_etl_dag.py for tasks to queue
[2026-04-13T04:54:16.979+0000] {logging_mixin.py:188} INFO - [2026-04-13T04:54:16.979+0000] {dagbag.py:538} INFO - Filling up the DagBag from /opt/airflow/dags/daily_revenue_etl_dag.py
[2026-04-13T04:54:16.998+0000] {processor.py:840} INFO - DAG(s) 'daily_revenue_etl_dag' retrieved from /opt/airflow/dags/daily_revenue_etl_dag.py
[2026-04-13T04:54:17.022+0000] {logging_mixin.py:188} INFO - [2026-04-13T04:54:17.022+0000] {dag.py:3036} INFO - Sync 1 DAGs
[2026-04-13T04:54:17.042+0000] {logging_mixin.py:188} INFO - [2026-04-13T04:54:17.041+0000] {dag.py:3823} INFO - Setting next_dagrun for daily_revenue_etl_dag to 2026-04-13 00:00:00+00:00, run_after=2026-04-14 00:00:00+00:00
[2026-04-13T04:54:17.059+0000] {processor.py:183} INFO - Processing /opt/airflow/dags/daily_revenue_etl_dag.py took 0.086 seconds
[2026-04-13T04:54:47.257+0000] {processor.py:161} INFO - Started process (PID=1083) to work on /opt/airflow/dags/daily_revenue_etl_dag.py
[2026-04-13T04:54:47.258+0000] {processor.py:830} INFO - Processing file /opt/airflow/dags/daily_revenue_etl_dag.py for tasks to queue
[2026-04-13T04:54:47.258+0000] {logging_mixin.py:188} INFO - [2026-04-13T04:54:47.258+0000] {dagbag.py:538} INFO - Filling up the DagBag from /opt/airflow/dags/daily_revenue_etl_dag.py
[2026-04-13T04:54:47.278+0000] {processor.py:840} INFO - DAG(s) 'daily_revenue_etl_dag' retrieved from /opt/airflow/dags/daily_revenue_etl_dag.py
[2026-04-13T04:54:47.303+0000] {logging_mixin.py:188} INFO - [2026-04-13T04:54:47.302+0000] {dag.py:3036} INFO - Sync 1 DAGs
[2026-04-13T04:54:47.321+0000] {logging_mixin.py:188} INFO - [2026-04-13T04:54:47.321+0000] {dag.py:3823} INFO - Setting next_dagrun for daily_revenue_etl_dag to 2026-04-13 00:00:00+00:00, run_after=2026-04-14 00:00:00+00:00
[2026-04-13T04:54:47.340+0000] {processor.py:183} INFO - Processing /opt/airflow/dags/daily_revenue_etl_dag.py took 0.086 seconds
[2026-04-13T05:18:48.742+0000] {processor.py:161} INFO - Started process (PID=1088) to work on /opt/airflow/dags/daily_revenue_etl_dag.py
[2026-04-13T05:18:48.743+0000] {processor.py:830} INFO - Processing file /opt/airflow/dags/daily_revenue_etl_dag.py for tasks to queue
[2026-04-13T05:18:48.744+0000] {logging_mixin.py:188} INFO - [2026-04-13T05:18:48.744+0000] {dagbag.py:538} INFO - Filling up the DagBag from /opt/airflow/dags/daily_revenue_etl_dag.py
[2026-04-13T05:18:48.760+0000] {processor.py:840} INFO - DAG(s) 'daily_revenue_etl_dag' retrieved from /opt/airflow/dags/daily_revenue_etl_dag.py
[2026-04-13T05:18:48.780+0000] {logging_mixin.py:188} INFO - [2026-04-13T05:18:48.780+0000] {dag.py:3036} INFO - Sync 1 DAGs
[2026-04-13T05:18:48.798+0000] {logging_mixin.py:188} INFO - [2026-04-13T05:18:48.797+0000] {dag.py:3823} INFO - Setting next_dagrun for daily_revenue_etl_dag to 2026-04-13 00:00:00+00:00, run_after=2026-04-14 00:00:00+00:00
[2026-04-13T05:18:48.825+0000] {processor.py:183} INFO - Processing /opt/airflow/dags/daily_revenue_etl_dag.py took 0.087 seconds
[2026-04-13T05:19:18.946+0000] {processor.py:161} INFO - Started process (PID=1093) to work on /opt/airflow/dags/daily_revenue_etl_dag.py
[2026-04-13T05:19:18.947+0000] {processor.py:830} INFO - Processing file /opt/airflow/dags/daily_revenue_etl_dag.py for tasks to queue
[2026-04-13T05:19:18.948+0000] {logging_mixin.py:188} INFO - [2026-04-13T05:19:18.948+0000] {dagbag.py:538} INFO - Filling up the DagBag from /opt/airflow/dags/daily_revenue_etl_dag.py
[2026-04-13T05:19:18.968+0000] {processor.py:840} INFO - DAG(s) 'daily_revenue_etl_dag' retrieved from /opt/airflow/dags/daily_revenue_etl_dag.py
[2026-04-13T05:19:18.993+0000] {logging_mixin.py:188} INFO - [2026-04-13T05:19:18.993+0000] {dag.py:3036} INFO - Sync 1 DAGs
[2026-04-13T05:19:19.013+0000] {logging_mixin.py:188} INFO - [2026-04-13T05:19:19.013+0000] {dag.py:3823} INFO - Setting next_dagrun for daily_revenue_etl_dag to 2026-04-13 00:00:00+00:00, run_after=2026-04-14 00:00:00+00:00
[2026-04-13T05:19:19.034+0000] {processor.py:183} INFO - Processing /opt/airflow/dags/daily_revenue_etl_dag.py took 0.093 seconds
[2026-04-13T05:21:59.037+0000] {processor.py:161} INFO - Started process (PID=1098) to work on /opt/airflow/dags/daily_revenue_etl_dag.py
[2026-04-13T05:21:59.038+0000] {processor.py:830} INFO - Processing file /opt/airflow/dags/daily_revenue_etl_dag.py for tasks to queue
[2026-04-13T05:21:59.039+0000] {logging_mixin.py:188} INFO - [2026-04-13T05:21:59.039+0000] {dagbag.py:538} INFO - Filling up the DagBag from /opt/airflow/dags/daily_revenue_etl_dag.py
[2026-04-13T05:21:59.058+0000] {processor.py:840} INFO - DAG(s) 'daily_revenue_etl_dag' retrieved from /opt/airflow/dags/daily_revenue_etl_dag.py
[2026-04-13T05:21:59.085+0000] {logging_mixin.py:188} INFO - [2026-04-13T05:21:59.085+0000] {dag.py:3036} INFO - Sync 1 DAGs
[2026-04-13T05:21:59.109+0000] {logging_mixin.py:188} INFO - [2026-04-13T05:21:59.108+0000] {dag.py:3823} INFO - Setting next_dagrun for daily_revenue_etl_dag to 2026-04-13 00:00:00+00:00, run_after=2026-04-14 00:00:00+00:00
[2026-04-13T05:21:59.144+0000] {processor.py:183} INFO - Processing /opt/airflow/dags/daily_revenue_etl_dag.py took 0.110 seconds
[2026-04-13T05:22:29.242+0000] {processor.py:161} INFO - Started process (PID=1103) to work on /opt/airflow/dags/daily_revenue_etl_dag.py
[2026-04-13T05:22:29.243+0000] {processor.py:830} INFO - Processing file /opt/airflow/dags/daily_revenue_etl_dag.py for tasks to queue
[2026-04-13T05:22:29.244+0000] {logging_mixin.py:188} INFO - [2026-04-13T05:22:29.244+0000] {dagbag.py:538} INFO - Filling up the DagBag from /opt/airflow/dags/daily_revenue_etl_dag.py
[2026-04-13T05:22:29.263+0000] {processor.py:840} INFO - DAG(s) 'daily_revenue_etl_dag' retrieved from /opt/airflow/dags/daily_revenue_etl_dag.py
[2026-04-13T04:58:31.966+0000] {logging_mixin.py:188} INFO - [2026-04-13T04:58:31.966+0000] {dag.py:3036} INFO - Sync 1 DAGs
[2026-04-13T04:58:32.001+0000] {logging_mixin.py:188} INFO - [2026-04-13T04:58:32.000+0000] {dag.py:3823} INFO - Setting next_dagrun for daily_revenue_etl_dag to 2026-04-13 00:00:00+00:00, run_after=2026-04-14 00:00:00+00:00
[2026-04-13T04:58:32.030+0000] {processor.py:183} INFO - Processing /opt/airflow/dags/daily_revenue_etl_dag.py took 0.128 seconds
[2026-04-13T05:22:49.478+0000] {processor.py:161} INFO - Started process (PID=1108) to work on /opt/airflow/dags/daily_revenue_etl_dag.py
[2026-04-13T05:22:49.480+0000] {processor.py:830} INFO - Processing file /opt/airflow/dags/daily_revenue_etl_dag.py for tasks to queue
[2026-04-13T05:22:49.482+0000] {logging_mixin.py:188} INFO - [2026-04-13T05:22:49.481+0000] {dagbag.py:538} INFO - Filling up the DagBag from /opt/airflow/dags/daily_revenue_etl_dag.py
[2026-04-13T05:22:49.508+0000] {processor.py:840} INFO - DAG(s) 'daily_revenue_etl_dag' retrieved from /opt/airflow/dags/daily_revenue_etl_dag.py
[2026-04-13T05:22:49.538+0000] {logging_mixin.py:188} INFO - [2026-04-13T05:22:49.538+0000] {dag.py:3036} INFO - Sync 1 DAGs
[2026-04-13T05:22:49.565+0000] {logging_mixin.py:188} INFO - [2026-04-13T05:22:49.565+0000] {dag.py:3823} INFO - Setting next_dagrun for daily_revenue_etl_dag to 2026-04-13 00:00:00+00:00, run_after=2026-04-14 00:00:00+00:00
[2026-04-13T05:22:49.585+0000] {processor.py:183} INFO - Processing /opt/airflow/dags/daily_revenue_etl_dag.py took 0.112 seconds
[2026-04-13T05:24:04.979+0000] {processor.py:161} INFO - Started process (PID=1118) to work on /opt/airflow/dags/daily_revenue_etl_dag.py
[2026-04-13T05:24:04.980+0000] {processor.py:830} INFO - Processing file /opt/airflow/dags/daily_revenue_etl_dag.py for tasks to queue
[2026-04-13T05:24:04.980+0000] {logging_mixin.py:188} INFO - [2026-04-13T05:24:04.980+0000] {dagbag.py:538} INFO - Filling up the DagBag from /opt/airflow/dags/daily_revenue_etl_dag.py
[2026-04-13T05:24:04.997+0000] {processor.py:840} INFO - DAG(s) 'daily_revenue_etl_dag' retrieved from /opt/airflow/dags/daily_revenue_etl_dag.py
[2026-04-13T05:24:05.021+0000] {logging_mixin.py:188} INFO - [2026-04-13T05:24:05.020+0000] {dag.py:3036} INFO - Sync 1 DAGs
[2026-04-13T05:24:05.041+0000] {logging_mixin.py:188} INFO - [2026-04-13T05:24:05.041+0000] {dag.py:3823} INFO - Setting next_dagrun for daily_revenue_etl_dag to 2026-04-13 00:00:00+00:00, run_after=2026-04-14 00:00:00+00:00
[2026-04-13T05:24:05.060+0000] {processor.py:183} INFO - Processing /opt/airflow/dags/daily_revenue_etl_dag.py took 0.084 seconds
[2026-04-13T05:24:44.277+0000] {processor.py:161} INFO - Started process (PID=1123) to work on /opt/airflow/dags/daily_revenue_etl_dag.py
[2026-04-13T05:24:44.278+0000] {processor.py:830} INFO - Processing file /opt/airflow/dags/daily_revenue_etl_dag.py for tasks to queue
[2026-04-13T05:24:44.279+0000] {logging_mixin.py:188} INFO - [2026-04-13T05:24:44.279+0000] {dagbag.py:538} INFO - Filling up the DagBag from /opt/airflow/dags/daily_revenue_etl_dag.py
[2026-04-13T05:24:44.297+0000] {processor.py:840} INFO - DAG(s) 'daily_revenue_etl_dag' retrieved from /opt/airflow/dags/daily_revenue_etl_dag.py
[2026-04-13T05:24:44.326+0000] {logging_mixin.py:188} INFO - [2026-04-13T05:24:44.325+0000] {dag.py:3036} INFO - Sync 1 DAGs
[2026-04-13T05:00:47.011+0000] {logging_mixin.py:188} INFO - [2026-04-13T05:00:47.011+0000] {dag.py:3823} INFO - Setting next_dagrun for daily_revenue_etl_dag to 2026-04-13 00:00:00+00:00, run_after=2026-04-14 00:00:00+00:00
[2026-04-13T05:00:47.029+0000] {processor.py:183} INFO - Processing /opt/airflow/dags/daily_revenue_etl_dag.py took 0.092 seconds
[2026-04-13T05:24:49.327+0000] {processor.py:161} INFO - Started process (PID=1128) to work on /opt/airflow/dags/daily_revenue_etl_dag.py
[2026-04-13T05:24:49.328+0000] {processor.py:830} INFO - Processing file /opt/airflow/dags/daily_revenue_etl_dag.py for tasks to queue
[2026-04-13T05:24:49.329+0000] {logging_mixin.py:188} INFO - [2026-04-13T05:24:49.329+0000] {dagbag.py:538} INFO - Filling up the DagBag from /opt/airflow/dags/daily_revenue_etl_dag.py
[2026-04-13T05:24:49.348+0000] {processor.py:840} INFO - DAG(s) 'daily_revenue_etl_dag' retrieved from /opt/airflow/dags/daily_revenue_etl_dag.py
[2026-04-13T05:24:49.377+0000] {logging_mixin.py:188} INFO - [2026-04-13T05:24:49.376+0000] {dag.py:3036} INFO - Sync 1 DAGs
[2026-04-13T05:24:49.402+0000] {logging_mixin.py:188} INFO - [2026-04-13T05:24:49.401+0000] {dag.py:3823} INFO - Setting next_dagrun for daily_revenue_etl_dag to 2026-04-13 00:00:00+00:00, run_after=2026-04-14 00:00:00+00:00
[2026-04-13T05:24:49.423+0000] {processor.py:183} INFO - Processing /opt/airflow/dags/daily_revenue_etl_dag.py took 0.100 seconds
[2026-04-13T05:25:19.757+0000] {processor.py:161} INFO - Started process (PID=1133) to work on /opt/airflow/dags/daily_revenue_etl_dag.py
[2026-04-13T05:25:19.758+0000] {processor.py:830} INFO - Processing file /opt/airflow/dags/daily_revenue_etl_dag.py for tasks to queue
[2026-04-13T05:25:19.760+0000] {logging_mixin.py:188} INFO - [2026-04-13T05:25:19.760+0000] {dagbag.py:538} INFO - Filling up the DagBag from /opt/airflow/dags/daily_revenue_etl_dag.py
[2026-04-13T05:25:19.785+0000] {processor.py:840} INFO - DAG(s) 'daily_revenue_etl_dag' retrieved from /opt/airflow/dags/daily_revenue_etl_dag.py
[2026-04-13T05:01:22.412+0000] {logging_mixin.py:188} INFO - [2026-04-13T05:01:22.411+0000] {dag.py:3036} INFO - Sync 1 DAGs
[2026-04-13T05:01:22.460+0000] {logging_mixin.py:188} INFO - [2026-04-13T05:01:22.460+0000] {dag.py:3823} INFO - Setting next_dagrun for daily_revenue_etl_dag to 2026-04-13 00:00:00+00:00, run_after=2026-04-14 00:00:00+00:00
[2026-04-13T05:01:22.509+0000] {processor.py:183} INFO - Processing /opt/airflow/dags/daily_revenue_etl_dag.py took 0.176 seconds
[2026-04-13T05:01:52.640+0000] {processor.py:161} INFO - Started process (PID=1138) to work on /opt/airflow/dags/daily_revenue_etl_dag.py
[2026-04-13T05:01:52.642+0000] {processor.py:830} INFO - Processing file /opt/airflow/dags/daily_revenue_etl_dag.py for tasks to queue
[2026-04-13T05:01:52.643+0000] {logging_mixin.py:188} INFO - [2026-04-13T05:01:52.642+0000] {dagbag.py:538} INFO - Filling up the DagBag from /opt/airflow/dags/daily_revenue_etl_dag.py
[2026-04-13T05:01:52.659+0000] {processor.py:840} INFO - DAG(s) 'daily_revenue_etl_dag' retrieved from /opt/airflow/dags/daily_revenue_etl_dag.py
[2026-04-13T05:01:52.681+0000] {logging_mixin.py:188} INFO - [2026-04-13T05:01:52.681+0000] {dag.py:3036} INFO - Sync 1 DAGs
[2026-04-13T05:01:52.699+0000] {logging_mixin.py:188} INFO - [2026-04-13T05:01:52.699+0000] {dag.py:3823} INFO - Setting next_dagrun for daily_revenue_etl_dag to 2026-04-13 00:00:00+00:00, run_after=2026-04-14 00:00:00+00:00
[2026-04-13T05:01:52.726+0000] {processor.py:183} INFO - Processing /opt/airflow/dags/daily_revenue_etl_dag.py took 0.088 seconds
[2026-04-13T05:26:14.126+0000] {processor.py:161} INFO - Started process (PID=1143) to work on /opt/airflow/dags/daily_revenue_etl_dag.py
[2026-04-13T05:26:14.127+0000] {processor.py:830} INFO - Processing file /opt/airflow/dags/daily_revenue_etl_dag.py for tasks to queue
[2026-04-13T05:26:14.128+0000] {logging_mixin.py:188} INFO - [2026-04-13T05:26:14.128+0000] {dagbag.py:538} INFO - Filling up the DagBag from /opt/airflow/dags/daily_revenue_etl_dag.py
[2026-04-13T05:26:14.148+0000] {processor.py:840} INFO - DAG(s) 'daily_revenue_etl_dag' retrieved from /opt/airflow/dags/daily_revenue_etl_dag.py
[2026-04-13T05:26:14.190+0000] {logging_mixin.py:188} INFO - [2026-04-13T05:26:14.190+0000] {dag.py:3036} INFO - Sync 1 DAGs
[2026-04-13T05:26:14.221+0000] {logging_mixin.py:188} INFO - [2026-04-13T05:26:14.221+0000] {dag.py:3823} INFO - Setting next_dagrun for daily_revenue_etl_dag to 2026-04-13 00:00:00+00:00, run_after=2026-04-14 00:00:00+00:00
[2026-04-13T05:26:14.247+0000] {processor.py:183} INFO - Processing /opt/airflow/dags/daily_revenue_etl_dag.py took 0.124 seconds
[2026-04-13T05:27:14.609+0000] {processor.py:161} INFO - Started process (PID=1148) to work on /opt/airflow/dags/daily_revenue_etl_dag.py
[2026-04-13T05:27:14.610+0000] {processor.py:830} INFO - Processing file /opt/airflow/dags/daily_revenue_etl_dag.py for tasks to queue
[2026-04-13T05:27:14.611+0000] {logging_mixin.py:188} INFO - [2026-04-13T05:27:14.611+0000] {dagbag.py:538} INFO - Filling up the DagBag from /opt/airflow/dags/daily_revenue_etl_dag.py
[2026-04-13T05:27:14.630+0000] {processor.py:840} INFO - DAG(s) 'daily_revenue_etl_dag' retrieved from /opt/airflow/dags/daily_revenue_etl_dag.py
[2026-04-13T05:27:14.655+0000] {logging_mixin.py:188} INFO - [2026-04-13T05:27:14.655+0000] {dag.py:3036} INFO - Sync 1 DAGs
[2026-04-13T05:27:14.676+0000] {logging_mixin.py:188} INFO - [2026-04-13T05:27:14.675+0000] {dag.py:3823} INFO - Setting next_dagrun for daily_revenue_etl_dag to 2026-04-13 00:00:00+00:00, run_after=2026-04-14 00:00:00+00:00
[2026-04-13T05:27:14.697+0000] {processor.py:183} INFO - Processing /opt/airflow/dags/daily_revenue_etl_dag.py took 0.092 seconds
[2026-04-13T05:27:44.824+0000] {processor.py:161} INFO - Started process (PID=1153) to work on /opt/airflow/dags/daily_revenue_etl_dag.py
[2026-04-13T05:27:44.825+0000] {processor.py:830} INFO - Processing file /opt/airflow/dags/daily_revenue_etl_dag.py for tasks to queue
[2026-04-13T05:27:44.826+0000] {logging_mixin.py:188} INFO - [2026-04-13T05:27:44.826+0000] {dagbag.py:538} INFO - Filling up the DagBag from /opt/airflow/dags/daily_revenue_etl_dag.py
[2026-04-13T05:27:44.844+0000] {processor.py:840} INFO - DAG(s) 'daily_revenue_etl_dag' retrieved from /opt/airflow/dags/daily_revenue_etl_dag.py
[2026-04-13T05:27:44.869+0000] {logging_mixin.py:188} INFO - [2026-04-13T05:27:44.869+0000] {dag.py:3036} INFO - Sync 1 DAGs
[2026-04-13T05:27:44.888+0000] {logging_mixin.py:188} INFO - [2026-04-13T05:27:44.887+0000] {dag.py:3823} INFO - Setting next_dagrun for daily_revenue_etl_dag to 2026-04-13 00:00:00+00:00, run_after=2026-04-14 00:00:00+00:00
[2026-04-13T05:03:47.563+0000] {processor.py:183} INFO - Processing /opt/airflow/dags/daily_revenue_etl_dag.py took 0.085 seconds
[2026-04-13T05:04:17.742+0000] {processor.py:161} INFO - Started process (PID=1158) to work on /opt/airflow/dags/daily_revenue_etl_dag.py
[2026-04-13T05:04:17.743+0000] {processor.py:830} INFO - Processing file /opt/airflow/dags/daily_revenue_etl_dag.py for tasks to queue
[2026-04-13T05:04:17.745+0000] {logging_mixin.py:188} INFO - [2026-04-13T05:04:17.744+0000] {dagbag.py:538} INFO - Filling up the DagBag from /opt/airflow/dags/daily_revenue_etl_dag.py
[2026-04-13T05:04:17.763+0000] {processor.py:840} INFO - DAG(s) 'daily_revenue_etl_dag' retrieved from /opt/airflow/dags/daily_revenue_etl_dag.py
[2026-04-13T05:04:17.789+0000] {logging_mixin.py:188} INFO - [2026-04-13T05:04:17.788+0000] {dag.py:3036} INFO - Sync 1 DAGs
[2026-04-13T05:04:17.813+0000] {logging_mixin.py:188} INFO - [2026-04-13T05:04:17.813+0000] {dag.py:3823} INFO - Setting next_dagrun for daily_revenue_etl_dag to 2026-04-13 00:00:00+00:00, run_after=2026-04-14 00:00:00+00:00
[2026-04-13T05:04:17.834+0000] {processor.py:183} INFO - Processing /opt/airflow/dags/daily_revenue_etl_dag.py took 0.099 seconds
[2026-04-13T05:28:44.285+0000] {processor.py:161} INFO - Started process (PID=1163) to work on /opt/airflow/dags/daily_revenue_etl_dag.py
[2026-04-13T05:28:44.286+0000] {processor.py:830} INFO - Processing file /opt/airflow/dags/daily_revenue_etl_dag.py for tasks to queue
[2026-04-13T05:28:44.288+0000] {logging_mixin.py:188} INFO - [2026-04-13T05:28:44.287+0000] {dagbag.py:538} INFO - Filling up the DagBag from /opt/airflow/dags/daily_revenue_etl_dag.py
[2026-04-13T05:28:44.304+0000] {processor.py:840} INFO - DAG(s) 'daily_revenue_etl_dag' retrieved from /opt/airflow/dags/daily_revenue_etl_dag.py
[2026-04-13T05:28:44.333+0000] {logging_mixin.py:188} INFO - [2026-04-13T05:28:44.333+0000] {dag.py:3036} INFO - Sync 1 DAGs
[2026-04-13T05:28:44.357+0000] {logging_mixin.py:188} INFO - [2026-04-13T05:28:44.357+0000] {dag.py:3823} INFO - Setting next_dagrun for daily_revenue_etl_dag to 2026-04-13 00:00:00+00:00, run_after=2026-04-14 00:00:00+00:00
[2026-04-13T05:28:44.380+0000] {processor.py:183} INFO - Processing /opt/airflow/dags/daily_revenue_etl_dag.py took 0.100 seconds
[2026-04-13T05:30:09.885+0000] {processor.py:161} INFO - Started process (PID=1168) to work on /opt/airflow/dags/daily_revenue_etl_dag.py
[2026-04-13T05:30:09.886+0000] {processor.py:830} INFO - Processing file /opt/airflow/dags/daily_revenue_etl_dag.py for tasks to queue
[2026-04-13T05:30:09.887+0000] {logging_mixin.py:188} INFO - [2026-04-13T05:30:09.887+0000] {dagbag.py:538} INFO - Filling up the DagBag from /opt/airflow/dags/daily_revenue_etl_dag.py
[2026-04-13T05:30:09.906+0000] {processor.py:840} INFO - DAG(s) 'daily_revenue_etl_dag' retrieved from /opt/airflow/dags/daily_revenue_etl_dag.py
[2026-04-13T05:30:09.932+0000] {logging_mixin.py:188} INFO - [2026-04-13T05:30:09.932+0000] {dag.py:3036} INFO - Sync 1 DAGs
[2026-04-13T05:30:09.956+0000] {logging_mixin.py:188} INFO - [2026-04-13T05:30:09.956+0000] {dag.py:3823} INFO - Setting next_dagrun for daily_revenue_etl_dag to 2026-04-13 00:00:00+00:00, run_after=2026-04-14 00:00:00+00:00
[2026-04-13T05:30:09.975+0000] {processor.py:183} INFO - Processing /opt/airflow/dags/daily_revenue_etl_dag.py took 0.093 seconds
[2026-04-13T05:30:40.079+0000] {processor.py:161} INFO - Started process (PID=1173) to work on /opt/airflow/dags/daily_revenue_etl_dag.py
[2026-04-13T05:30:40.080+0000] {processor.py:830} INFO - Processing file /opt/airflow/dags/daily_revenue_etl_dag.py for tasks to queue
[2026-04-13T05:30:40.081+0000] {logging_mixin.py:188} INFO - [2026-04-13T05:30:40.081+0000] {dagbag.py:538} INFO - Filling up the DagBag from /opt/airflow/dags/daily_revenue_etl_dag.py
[2026-04-13T05:30:40.099+0000] {processor.py:840} INFO - DAG(s) 'daily_revenue_etl_dag' retrieved from /opt/airflow/dags/daily_revenue_etl_dag.py
[2026-04-13T05:30:40.126+0000] {logging_mixin.py:188} INFO - [2026-04-13T05:30:40.126+0000] {dag.py:3036} INFO - Sync 1 DAGs
[2026-04-13T05:06:42.821+0000] {logging_mixin.py:188} INFO - [2026-04-13T05:06:42.820+0000] {dag.py:3823} INFO - Setting next_dagrun for daily_revenue_etl_dag to 2026-04-13 00:00:00+00:00, run_after=2026-04-14 00:00:00+00:00
[2026-04-13T05:06:42.842+0000] {processor.py:183} INFO - Processing /opt/airflow/dags/daily_revenue_etl_dag.py took 0.094 seconds
[2026-04-13T05:30:44.191+0000] {processor.py:161} INFO - Started process (PID=1178) to work on /opt/airflow/dags/daily_revenue_etl_dag.py
[2026-04-13T05:30:44.192+0000] {processor.py:830} INFO - Processing file /opt/airflow/dags/daily_revenue_etl_dag.py for tasks to queue
[2026-04-13T05:30:44.193+0000] {logging_mixin.py:188} INFO - [2026-04-13T05:30:44.193+0000] {dagbag.py:538} INFO - Filling up the DagBag from /opt/airflow/dags/daily_revenue_etl_dag.py
[2026-04-13T05:30:44.213+0000] {processor.py:840} INFO - DAG(s) 'daily_revenue_etl_dag' retrieved from /opt/airflow/dags/daily_revenue_etl_dag.py
[2026-04-13T05:30:44.242+0000] {logging_mixin.py:188} INFO - [2026-04-13T05:30:44.242+0000] {dag.py:3036} INFO - Sync 1 DAGs
[2026-04-13T05:30:44.265+0000] {logging_mixin.py:188} INFO - [2026-04-13T05:30:44.265+0000] {dag.py:3823} INFO - Setting next_dagrun for daily_revenue_etl_dag to 2026-04-13 00:00:00+00:00, run_after=2026-04-14 00:00:00+00:00
[2026-04-13T05:30:44.299+0000] {processor.py:183} INFO - Processing /opt/airflow/dags/daily_revenue_etl_dag.py took 0.111 seconds
[2026-04-13T05:31:14.418+0000] {processor.py:161} INFO - Started process (PID=1183) to work on /opt/airflow/dags/daily_revenue_etl_dag.py
[2026-04-13T05:31:14.419+0000] {processor.py:830} INFO - Processing file /opt/airflow/dags/daily_revenue_etl_dag.py for tasks to queue
[2026-04-13T05:31:14.420+0000] {logging_mixin.py:188} INFO - [2026-04-13T05:31:14.420+0000] {dagbag.py:538} INFO - Filling up the DagBag from /opt/airflow/dags/daily_revenue_etl_dag.py
[2026-04-13T05:31:14.438+0000] {processor.py:840} INFO - DAG(s) 'daily_revenue_etl_dag' retrieved from /opt/airflow/dags/daily_revenue_etl_dag.py
[2026-04-13T05:31:14.466+0000] {logging_mixin.py:188} INFO - [2026-04-13T05:31:14.466+0000] {dag.py:3036} INFO - Sync 1 DAGs
[2026-04-13T05:07:17.116+0000] {logging_mixin.py:188} INFO - [2026-04-13T05:07:17.115+0000] {dag.py:3823} INFO - Setting next_dagrun for daily_revenue_etl_dag to 2026-04-13 00:00:00+00:00, run_after=2026-04-14 00:00:00+00:00
[2026-04-13T05:07:17.133+0000] {processor.py:183} INFO - Processing /opt/airflow/dags/daily_revenue_etl_dag.py took 0.092 seconds
[2026-04-13T05:07:47.334+0000] {processor.py:161} INFO - Started process (PID=1188) to work on /opt/airflow/dags/daily_revenue_etl_dag.py
[2026-04-13T05:07:47.336+0000] {processor.py:830} INFO - Processing file /opt/airflow/dags/daily_revenue_etl_dag.py for tasks to queue
[2026-04-13T05:07:47.336+0000] {logging_mixin.py:188} INFO - [2026-04-13T05:07:47.336+0000] {dagbag.py:538} INFO - Filling up the DagBag from /opt/airflow/dags/daily_revenue_etl_dag.py
[2026-04-13T05:07:47.353+0000] {processor.py:840} INFO - DAG(s) 'daily_revenue_etl_dag' retrieved from /opt/airflow/dags/daily_revenue_etl_dag.py
[2026-04-13T05:07:47.378+0000] {logging_mixin.py:188} INFO - [2026-04-13T05:07:47.377+0000] {dag.py:3036} INFO - Sync 1 DAGs
[2026-04-13T05:07:47.398+0000] {logging_mixin.py:188} INFO - [2026-04-13T05:07:47.398+0000] {dag.py:3823} INFO - Setting next_dagrun for daily_revenue_etl_dag to 2026-04-13 00:00:00+00:00, run_after=2026-04-14 00:00:00+00:00
[2026-04-13T05:07:47.417+0000] {processor.py:183} INFO - Processing /opt/airflow/dags/daily_revenue_etl_dag.py took 0.085 seconds
[2026-04-13T05:08:17.536+0000] {processor.py:161} INFO - Started process (PID=1193) to work on /opt/airflow/dags/daily_revenue_etl_dag.py
[2026-04-13T05:08:17.537+0000] {processor.py:830} INFO - Processing file /opt/airflow/dags/daily_revenue_etl_dag.py for tasks to queue
[2026-04-13T05:08:17.538+0000] {logging_mixin.py:188} INFO - [2026-04-13T05:08:17.538+0000] {dagbag.py:538} INFO - Filling up the DagBag from /opt/airflow/dags/daily_revenue_etl_dag.py
[2026-04-13T05:08:17.552+0000] {processor.py:840} INFO - DAG(s) 'daily_revenue_etl_dag' retrieved from /opt/airflow/dags/daily_revenue_etl_dag.py
[2026-04-13T05:08:17.578+0000] {logging_mixin.py:188} INFO - [2026-04-13T05:08:17.578+0000] {dag.py:3036} INFO - Sync 1 DAGs
[2026-04-13T05:08:17.597+0000] {logging_mixin.py:188} INFO - [2026-04-13T05:08:17.597+0000] {dag.py:3823} INFO - Setting next_dagrun for daily_revenue_etl_dag to 2026-04-13 00:00:00+00:00, run_after=2026-04-14 00:00:00+00:00
[2026-04-13T05:08:17.616+0000] {processor.py:183} INFO - Processing /opt/airflow/dags/daily_revenue_etl_dag.py took 0.083 seconds
[2026-04-13T05:32:26.068+0000] {processor.py:161} INFO - Started process (PID=1200) to work on /opt/airflow/dags/daily_revenue_etl_dag.py
[2026-04-13T05:32:26.070+0000] {processor.py:830} INFO - Processing file /opt/airflow/dags/daily_revenue_etl_dag.py for tasks to queue
[2026-04-13T05:32:26.072+0000] {logging_mixin.py:188} INFO - [2026-04-13T05:32:26.071+0000] {dagbag.py:538} INFO - Filling up the DagBag from /opt/airflow/dags/daily_revenue_etl_dag.py
[2026-04-13T05:32:26.102+0000] {processor.py:840} INFO - DAG(s) 'daily_revenue_etl_dag' retrieved from /opt/airflow/dags/daily_revenue_etl_dag.py
[2026-04-13T05:32:26.140+0000] {logging_mixin.py:188} INFO - [2026-04-13T05:32:26.139+0000] {dag.py:3036} INFO - Sync 1 DAGs
[2026-04-13T05:32:26.175+0000] {logging_mixin.py:188} INFO - [2026-04-13T05:32:26.175+0000] {dag.py:3823} INFO - Setting next_dagrun for daily_revenue_etl_dag to 2026-04-13 00:00:00+00:00, run_after=2026-04-14 00:00:00+00:00
[2026-04-13T05:32:26.209+0000] {processor.py:183} INFO - Processing /opt/airflow/dags/daily_revenue_etl_dag.py took 0.147 seconds
[2026-04-13T05:33:00.285+0000] {processor.py:161} INFO - Started process (PID=1205) to work on /opt/airflow/dags/daily_revenue_etl_dag.py
[2026-04-13T05:33:00.286+0000] {processor.py:830} INFO - Processing file /opt/airflow/dags/daily_revenue_etl_dag.py for tasks to queue
[2026-04-13T05:33:00.287+0000] {logging_mixin.py:188} INFO - [2026-04-13T05:33:00.287+0000] {dagbag.py:538} INFO - Filling up the DagBag from /opt/airflow/dags/daily_revenue_etl_dag.py
[2026-04-13T05:33:00.308+0000] {processor.py:840} INFO - DAG(s) 'daily_revenue_etl_dag' retrieved from /opt/airflow/dags/daily_revenue_etl_dag.py
[2026-04-13T05:33:00.337+0000] {logging_mixin.py:188} INFO - [2026-04-13T05:33:00.337+0000] {dag.py:3036} INFO - Sync 1 DAGs
[2026-04-13T05:33:00.356+0000] {logging_mixin.py:188} INFO - [2026-04-13T05:33:00.356+0000] {dag.py:3823} INFO - Setting next_dagrun for daily_revenue_etl_dag to 2026-04-13 00:00:00+00:00, run_after=2026-04-14 00:00:00+00:00
[2026-04-13T05:33:00.373+0000] {processor.py:183} INFO - Processing /opt/airflow/dags/daily_revenue_etl_dag.py took 0.092 seconds
[2026-04-13T05:33:35.524+0000] {processor.py:161} INFO - Started process (PID=1210) to work on /opt/airflow/dags/daily_revenue_etl_dag.py
[2026-04-13T05:09:38.157+0000] {processor.py:830} INFO - Processing file /opt/airflow/dags/daily_revenue_etl_dag.py for tasks to queue
[2026-04-13T05:09:38.158+0000] {logging_mixin.py:188} INFO - [2026-04-13T05:09:38.158+0000] {dagbag.py:538} INFO - Filling up the DagBag from /opt/airflow/dags/daily_revenue_etl_dag.py
[2026-04-13T05:09:38.181+0000] {processor.py:840} INFO - DAG(s) 'daily_revenue_etl_dag' retrieved from /opt/airflow/dags/daily_revenue_etl_dag.py
[2026-04-13T05:09:38.206+0000] {logging_mixin.py:188} INFO - [2026-04-13T05:09:38.206+0000] {dag.py:3036} INFO - Sync 1 DAGs
[2026-04-13T05:09:38.228+0000] {logging_mixin.py:188} INFO - [2026-04-13T05:09:38.228+0000] {dag.py:3823} INFO - Setting next_dagrun for daily_revenue_etl_dag to 2026-04-13 00:00:00+00:00, run_after=2026-04-14 00:00:00+00:00
[2026-04-13T05:09:38.251+0000] {processor.py:183} INFO - Processing /opt/airflow/dags/daily_revenue_etl_dag.py took 0.099 seconds
[2026-04-13T05:34:05.770+0000] {processor.py:161} INFO - Started process (PID=1217) to work on /opt/airflow/dags/daily_revenue_etl_dag.py
[2026-04-13T05:34:05.771+0000] {processor.py:830} INFO - Processing file /opt/airflow/dags/daily_revenue_etl_dag.py for tasks to queue
[2026-04-13T05:34:05.772+0000] {logging_mixin.py:188} INFO - [2026-04-13T05:34:05.772+0000] {dagbag.py:538} INFO - Filling up the DagBag from /opt/airflow/dags/daily_revenue_etl_dag.py
[2026-04-13T05:34:05.788+0000] {processor.py:840} INFO - DAG(s) 'daily_revenue_etl_dag' retrieved from /opt/airflow/dags/daily_revenue_etl_dag.py
[2026-04-13T05:34:05.807+0000] {logging_mixin.py:188} INFO - [2026-04-13T05:34:05.807+0000] {dag.py:3036} INFO - Sync 1 DAGs
[2026-04-13T05:34:05.824+0000] {logging_mixin.py:188} INFO - [2026-04-13T05:34:05.824+0000] {dag.py:3823} INFO - Setting next_dagrun for daily_revenue_etl_dag to 2026-04-13 00:00:00+00:00, run_after=2026-04-14 00:00:00+00:00
[2026-04-13T05:34:05.841+0000] {processor.py:183} INFO - Processing /opt/airflow/dags/daily_revenue_etl_dag.py took 0.074 seconds
[2026-04-13T05:35:14.242+0000] {processor.py:161} INFO - Started process (PID=1222) to work on /opt/airflow/dags/daily_revenue_etl_dag.py
[2026-04-13T05:35:14.244+0000] {processor.py:830} INFO - Processing file /opt/airflow/dags/daily_revenue_etl_dag.py for tasks to queue
[2026-04-13T05:35:14.245+0000] {logging_mixin.py:188} INFO - [2026-04-13T05:35:14.245+0000] {dagbag.py:538} INFO - Filling up the DagBag from /opt/airflow/dags/daily_revenue_etl_dag.py
[2026-04-13T05:35:14.275+0000] {processor.py:840} INFO - DAG(s) 'daily_revenue_etl_dag' retrieved from /opt/airflow/dags/daily_revenue_etl_dag.py
[2026-04-13T05:35:14.324+0000] {logging_mixin.py:188} INFO - [2026-04-13T05:35:14.323+0000] {dag.py:3036} INFO - Sync 1 DAGs
[2026-04-13T05:35:14.365+0000] {logging_mixin.py:188} INFO - [2026-04-13T05:35:14.364+0000] {dag.py:3823} INFO - Setting next_dagrun for daily_revenue_etl_dag to 2026-04-13 00:00:00+00:00, run_after=2026-04-14 00:00:00+00:00
[2026-04-13T05:35:14.396+0000] {processor.py:183} INFO - Processing /opt/airflow/dags/daily_revenue_etl_dag.py took 0.158 seconds
[2026-04-13T05:11:47.121+0000] {processor.py:161} INFO - Started process (PID=1227) to work on /opt/airflow/dags/daily_revenue_etl_dag.py
[2026-04-13T05:11:47.122+0000] {processor.py:830} INFO - Processing file /opt/airflow/dags/daily_revenue_etl_dag.py for tasks to queue
[2026-04-13T05:11:47.123+0000] {logging_mixin.py:188} INFO - [2026-04-13T05:11:47.123+0000] {dagbag.py:538} INFO - Filling up the DagBag from /opt/airflow/dags/daily_revenue_etl_dag.py
[2026-04-13T05:11:47.143+0000] {processor.py:840} INFO - DAG(s) 'daily_revenue_etl_dag' retrieved from /opt/airflow/dags/daily_revenue_etl_dag.py
[2026-04-13T05:11:47.168+0000] {logging_mixin.py:188} INFO - [2026-04-13T05:11:47.168+0000] {dag.py:3036} INFO - Sync 1 DAGs
[2026-04-13T05:11:47.188+0000] {logging_mixin.py:188} INFO - [2026-04-13T05:11:47.187+0000] {dag.py:3823} INFO - Setting next_dagrun for daily_revenue_etl_dag to 2026-04-13 00:00:00+00:00, run_after=2026-04-14 00:00:00+00:00
[2026-04-13T05:11:47.205+0000] {processor.py:183} INFO - Processing /opt/airflow/dags/daily_revenue_etl_dag.py took 0.088 seconds
[2026-04-13T05:35:45.480+0000] {processor.py:161} INFO - Started process (PID=1232) to work on /opt/airflow/dags/daily_revenue_etl_dag.py
[2026-04-13T05:35:45.481+0000] {processor.py:830} INFO - Processing file /opt/airflow/dags/daily_revenue_etl_dag.py for tasks to queue
[2026-04-13T05:35:45.482+0000] {logging_mixin.py:188} INFO - [2026-04-13T05:35:45.482+0000] {dagbag.py:538} INFO - Filling up the DagBag from /opt/airflow/dags/daily_revenue_etl_dag.py
[2026-04-13T05:35:45.499+0000] {processor.py:840} INFO - DAG(s) 'daily_revenue_etl_dag' retrieved from /opt/airflow/dags/daily_revenue_etl_dag.py
[2026-04-13T05:35:45.520+0000] {logging_mixin.py:188} INFO - [2026-04-13T05:35:45.520+0000] {dag.py:3036} INFO - Sync 1 DAGs
[2026-04-13T05:35:45.537+0000] {logging_mixin.py:188} INFO - [2026-04-13T05:35:45.537+0000] {dag.py:3823} INFO - Setting next_dagrun for daily_revenue_etl_dag to 2026-04-13 00:00:00+00:00, run_after=2026-04-14 00:00:00+00:00
[2026-04-13T05:35:45.552+0000] {processor.py:183} INFO - Processing /opt/airflow/dags/daily_revenue_etl_dag.py took 0.076 seconds
[2026-04-13T05:36:15.655+0000] {processor.py:161} INFO - Started process (PID=1237) to work on /opt/airflow/dags/daily_revenue_etl_dag.py
[2026-04-13T05:36:15.656+0000] {processor.py:830} INFO - Processing file /opt/airflow/dags/daily_revenue_etl_dag.py for tasks to queue
[2026-04-13T05:36:15.657+0000] {logging_mixin.py:188} INFO - [2026-04-13T05:36:15.657+0000] {dagbag.py:538} INFO - Filling up the DagBag from /opt/airflow/dags/daily_revenue_etl_dag.py
[2026-04-13T05:36:15.674+0000] {processor.py:840} INFO - DAG(s) 'daily_revenue_etl_dag' retrieved from /opt/airflow/dags/daily_revenue_etl_dag.py
[2026-04-13T05:36:15.696+0000] {logging_mixin.py:188} INFO - [2026-04-13T05:36:15.696+0000] {dag.py:3036} INFO - Sync 1 DAGs
[2026-04-13T05:36:15.714+0000] {logging_mixin.py:188} INFO - [2026-04-13T05:36:15.714+0000] {dag.py:3823} INFO - Setting next_dagrun for daily_revenue_etl_dag to 2026-04-13 00:00:00+00:00, run_after=2026-04-14 00:00:00+00:00
[2026-04-13T05:36:15.729+0000] {processor.py:183} INFO - Processing /opt/airflow/dags/daily_revenue_etl_dag.py took 0.077 seconds
[2026-04-13T05:37:44.234+0000] {processor.py:161} INFO - Started process (PID=1242) to work on /opt/airflow/dags/daily_revenue_etl_dag.py
[2026-04-13T05:37:44.234+0000] {processor.py:830} INFO - Processing file /opt/airflow/dags/daily_revenue_etl_dag.py for tasks to queue
[2026-04-13T05:37:44.235+0000] {logging_mixin.py:188} INFO - [2026-04-13T05:37:44.235+0000] {dagbag.py:538} INFO - Filling up the DagBag from /opt/airflow/dags/daily_revenue_etl_dag.py
[2026-04-13T05:37:44.252+0000] {processor.py:840} INFO - DAG(s) 'daily_revenue_etl_dag' retrieved from /opt/airflow/dags/daily_revenue_etl_dag.py
[2026-04-13T05:37:44.275+0000] {logging_mixin.py:188} INFO - [2026-04-13T05:37:44.275+0000] {dag.py:3036} INFO - Sync 1 DAGs
[2026-04-13T05:37:44.296+0000] {logging_mixin.py:188} INFO - [2026-04-13T05:37:44.296+0000] {dag.py:3823} INFO - Setting next_dagrun for daily_revenue_etl_dag to 2026-04-13 00:00:00+00:00, run_after=2026-04-14 00:00:00+00:00
[2026-04-13T05:37:44.313+0000] {processor.py:183} INFO - Processing /opt/airflow/dags/daily_revenue_etl_dag.py took 0.082 seconds
[2026-04-13T05:38:14.413+0000] {processor.py:161} INFO - Started process (PID=1247) to work on /opt/airflow/dags/daily_revenue_etl_dag.py
[2026-04-13T05:38:14.414+0000] {processor.py:830} INFO - Processing file /opt/airflow/dags/daily_revenue_etl_dag.py for tasks to queue
[2026-04-13T05:38:14.415+0000] {logging_mixin.py:188} INFO - [2026-04-13T05:38:14.415+0000] {dagbag.py:538} INFO - Filling up the DagBag from /opt/airflow/dags/daily_revenue_etl_dag.py
[2026-04-13T05:38:14.432+0000] {processor.py:840} INFO - DAG(s) 'daily_revenue_etl_dag' retrieved from /opt/airflow/dags/daily_revenue_etl_dag.py
[2026-04-13T05:38:14.456+0000] {logging_mixin.py:188} INFO - [2026-04-13T05:38:14.456+0000] {dag.py:3036} INFO - Sync 1 DAGs
[2026-04-13T05:14:17.144+0000] {logging_mixin.py:188} INFO - [2026-04-13T05:14:17.144+0000] {dag.py:3823} INFO - Setting next_dagrun for daily_revenue_etl_dag to 2026-04-13 00:00:00+00:00, run_after=2026-04-14 00:00:00+00:00
[2026-04-13T05:14:17.159+0000] {processor.py:183} INFO - Processing /opt/airflow/dags/daily_revenue_etl_dag.py took 0.086 seconds
[2026-04-13T05:14:47.322+0000] {processor.py:161} INFO - Started process (PID=1252) to work on /opt/airflow/dags/daily_revenue_etl_dag.py
[2026-04-13T05:14:47.323+0000] {processor.py:830} INFO - Processing file /opt/airflow/dags/daily_revenue_etl_dag.py for tasks to queue
[2026-04-13T05:14:47.324+0000] {logging_mixin.py:188} INFO - [2026-04-13T05:14:47.324+0000] {dagbag.py:538} INFO - Filling up the DagBag from /opt/airflow/dags/daily_revenue_etl_dag.py
[2026-04-13T05:14:47.341+0000] {processor.py:840} INFO - DAG(s) 'daily_revenue_etl_dag' retrieved from /opt/airflow/dags/daily_revenue_etl_dag.py
[2026-04-13T05:14:47.365+0000] {logging_mixin.py:188} INFO - [2026-04-13T05:14:47.365+0000] {dag.py:3036} INFO - Sync 1 DAGs
[2026-04-13T05:14:47.386+0000] {logging_mixin.py:188} INFO - [2026-04-13T05:14:47.386+0000] {dag.py:3823} INFO - Setting next_dagrun for daily_revenue_etl_dag to 2026-04-13 00:00:00+00:00, run_after=2026-04-14 00:00:00+00:00
[2026-04-13T05:14:47.402+0000] {processor.py:183} INFO - Processing /opt/airflow/dags/daily_revenue_etl_dag.py took 0.083 seconds
[2026-04-13T05:38:45.785+0000] {processor.py:161} INFO - Started process (PID=1257) to work on /opt/airflow/dags/daily_revenue_etl_dag.py
[2026-04-13T05:38:45.786+0000] {processor.py:830} INFO - Processing file /opt/airflow/dags/daily_revenue_etl_dag.py for tasks to queue
[2026-04-13T05:38:45.787+0000] {logging_mixin.py:188} INFO - [2026-04-13T05:38:45.786+0000] {dagbag.py:538} INFO - Filling up the DagBag from /opt/airflow/dags/daily_revenue_etl_dag.py
[2026-04-13T05:38:45.802+0000] {processor.py:840} INFO - DAG(s) 'daily_revenue_etl_dag' retrieved from /opt/airflow/dags/daily_revenue_etl_dag.py
[2026-04-13T05:38:45.824+0000] {logging_mixin.py:188} INFO - [2026-04-13T05:38:45.823+0000] {dag.py:3036} INFO - Sync 1 DAGs
[2026-04-13T05:38:45.841+0000] {logging_mixin.py:188} INFO - [2026-04-13T05:38:45.841+0000] {dag.py:3823} INFO - Setting next_dagrun for daily_revenue_etl_dag to 2026-04-13 00:00:00+00:00, run_after=2026-04-14 00:00:00+00:00
[2026-04-13T05:38:45.868+0000] {processor.py:183} INFO - Processing /opt/airflow/dags/daily_revenue_etl_dag.py took 0.087 seconds
[2026-04-13T05:39:15.960+0000] {processor.py:161} INFO - Started process (PID=1262) to work on /opt/airflow/dags/daily_revenue_etl_dag.py
[2026-04-13T05:39:15.961+0000] {processor.py:830} INFO - Processing file /opt/airflow/dags/daily_revenue_etl_dag.py for tasks to queue
[2026-04-13T05:39:15.962+0000] {logging_mixin.py:188} INFO - [2026-04-13T05:39:15.962+0000] {dagbag.py:538} INFO - Filling up the DagBag from /opt/airflow/dags/daily_revenue_etl_dag.py
[2026-04-13T05:39:15.978+0000] {processor.py:840} INFO - DAG(s) 'daily_revenue_etl_dag' retrieved from /opt/airflow/dags/daily_revenue_etl_dag.py
[2026-04-13T05:39:16.005+0000] {logging_mixin.py:188} INFO - [2026-04-13T05:39:16.005+0000] {dag.py:3036} INFO - Sync 1 DAGs
[2026-04-13T05:39:16.025+0000] {logging_mixin.py:188} INFO - [2026-04-13T05:39:16.025+0000] {dag.py:3823} INFO - Setting next_dagrun for daily_revenue_etl_dag to 2026-04-13 00:00:00+00:00, run_after=2026-04-14 00:00:00+00:00
[2026-04-13T05:39:16.041+0000] {processor.py:183} INFO - Processing /opt/airflow/dags/daily_revenue_etl_dag.py took 0.084 seconds
[2026-04-13T05:39:56.267+0000] {processor.py:161} INFO - Started process (PID=1267) to work on /opt/airflow/dags/daily_revenue_etl_dag.py
[2026-04-13T05:39:56.268+0000] {processor.py:830} INFO - Processing file /opt/airflow/dags/daily_revenue_etl_dag.py for tasks to queue
[2026-04-13T05:39:56.269+0000] {logging_mixin.py:188} INFO - [2026-04-13T05:39:56.268+0000] {dagbag.py:538} INFO - Filling up the DagBag from /opt/airflow/dags/daily_revenue_etl_dag.py
[2026-04-13T05:39:56.285+0000] {processor.py:840} INFO - DAG(s) 'daily_revenue_etl_dag' retrieved from /opt/airflow/dags/daily_revenue_etl_dag.py
[2026-04-13T05:39:56.309+0000] {logging_mixin.py:188} INFO - [2026-04-13T05:39:56.309+0000] {dag.py:3036} INFO - Sync 1 DAGs
[2026-04-13T05:39:56.328+0000] {logging_mixin.py:188} INFO - [2026-04-13T05:39:56.328+0000] {dag.py:3823} INFO - Setting next_dagrun for daily_revenue_etl_dag to 2026-04-13 00:00:00+00:00, run_after=2026-04-14 00:00:00+00:00
[2026-04-13T05:39:56.346+0000] {processor.py:183} INFO - Processing /opt/airflow/dags/daily_revenue_etl_dag.py took 0.082 seconds
[2026-04-13T05:40:31.471+0000] {processor.py:161} INFO - Started process (PID=1272) to work on /opt/airflow/dags/daily_revenue_etl_dag.py
[2026-04-13T05:40:31.472+0000] {processor.py:830} INFO - Processing file /opt/airflow/dags/daily_revenue_etl_dag.py for tasks to queue
[2026-04-13T05:40:31.474+0000] {logging_mixin.py:188} INFO - [2026-04-13T05:40:31.473+0000] {dagbag.py:538} INFO - Filling up the DagBag from /opt/airflow/dags/daily_revenue_etl_dag.py
[2026-04-13T05:40:31.492+0000] {processor.py:840} INFO - DAG(s) 'daily_revenue_etl_dag' retrieved from /opt/airflow/dags/daily_revenue_etl_dag.py
[2026-04-13T05:40:31.525+0000] {logging_mixin.py:188} INFO - [2026-04-13T05:40:31.524+0000] {dag.py:3036} INFO - Sync 1 DAGs
[2026-04-13T05:40:31.553+0000] {logging_mixin.py:188} INFO - [2026-04-13T05:40:31.553+0000] {dag.py:3823} INFO - Setting next_dagrun for daily_revenue_etl_dag to 2026-04-13 00:00:00+00:00, run_after=2026-04-14 00:00:00+00:00
[2026-04-13T05:40:31.571+0000] {processor.py:183} INFO - Processing /opt/airflow/dags/daily_revenue_etl_dag.py took 0.103 seconds
[2026-04-13T05:42:06.106+0000] {processor.py:161} INFO - Started process (PID=1277) to work on /opt/airflow/dags/daily_revenue_etl_dag.py
[2026-04-13T05:42:06.107+0000] {processor.py:830} INFO - Processing file /opt/airflow/dags/daily_revenue_etl_dag.py for tasks to queue
[2026-04-13T05:42:06.108+0000] {logging_mixin.py:188} INFO - [2026-04-13T05:42:06.107+0000] {dagbag.py:538} INFO - Filling up the DagBag from /opt/airflow/dags/daily_revenue_etl_dag.py
[2026-04-13T05:42:06.123+0000] {processor.py:840} INFO - DAG(s) 'daily_revenue_etl_dag' retrieved from /opt/airflow/dags/daily_revenue_etl_dag.py
[2026-04-13T05:42:06.143+0000] {logging_mixin.py:188} INFO - [2026-04-13T05:42:06.142+0000] {dag.py:3036} INFO - Sync 1 DAGs
[2026-04-13T05:42:06.159+0000] {logging_mixin.py:188} INFO - [2026-04-13T05:42:06.158+0000] {dag.py:3823} INFO - Setting next_dagrun for daily_revenue_etl_dag to 2026-04-13 00:00:00+00:00, run_after=2026-04-14 00:00:00+00:00
[2026-04-13T05:42:06.184+0000] {processor.py:183} INFO - Processing /opt/airflow/dags/daily_revenue_etl_dag.py took 0.081 seconds
[2026-04-13T05:42:36.302+0000] {processor.py:161} INFO - Started process (PID=1282) to work on /opt/airflow/dags/daily_revenue_etl_dag.py
[2026-04-13T05:42:36.303+0000] {processor.py:830} INFO - Processing file /opt/airflow/dags/daily_revenue_etl_dag.py for tasks to queue
[2026-04-13T05:42:36.304+0000] {logging_mixin.py:188} INFO - [2026-04-13T05:42:36.303+0000] {dagbag.py:538} INFO - Filling up the DagBag from /opt/airflow/dags/daily_revenue_etl_dag.py
[2026-04-13T05:42:36.319+0000] {processor.py:840} INFO - DAG(s) 'daily_revenue_etl_dag' retrieved from /opt/airflow/dags/daily_revenue_etl_dag.py
[2026-04-13T05:42:36.340+0000] {logging_mixin.py:188} INFO - [2026-04-13T05:42:36.340+0000] {dag.py:3036} INFO - Sync 1 DAGs
[2026-04-13T05:42:36.356+0000] {logging_mixin.py:188} INFO - [2026-04-13T05:42:36.356+0000] {dag.py:3823} INFO - Setting next_dagrun for daily_revenue_etl_dag to 2026-04-13 00:00:00+00:00, run_after=2026-04-14 00:00:00+00:00
[2026-04-13T05:18:39.058+0000] {processor.py:183} INFO - Processing /opt/airflow/dags/daily_revenue_etl_dag.py took 0.073 seconds
[2026-04-13T05:42:41.385+0000] {processor.py:161} INFO - Started process (PID=1287) to work on /opt/airflow/dags/daily_revenue_etl_dag.py
[2026-04-13T05:42:41.386+0000] {processor.py:830} INFO - Processing file /opt/airflow/dags/daily_revenue_etl_dag.py for tasks to queue
[2026-04-13T05:42:41.386+0000] {logging_mixin.py:188} INFO - [2026-04-13T05:42:41.386+0000] {dagbag.py:538} INFO - Filling up the DagBag from /opt/airflow/dags/daily_revenue_etl_dag.py
[2026-04-13T05:42:41.401+0000] {processor.py:840} INFO - DAG(s) 'daily_revenue_etl_dag' retrieved from /opt/airflow/dags/daily_revenue_etl_dag.py
[2026-04-13T05:18:44.089+0000] {logging_mixin.py:188} INFO - [2026-04-13T05:18:44.089+0000] {dag.py:3036} INFO - Sync 1 DAGs
[2026-04-13T05:18:44.108+0000] {logging_mixin.py:188} INFO - [2026-04-13T05:18:44.107+0000] {dag.py:3823} INFO - Setting next_dagrun for daily_revenue_etl_dag to 2026-04-13 00:00:00+00:00, run_after=2026-04-14 00:00:00+00:00
[2026-04-13T05:18:44.125+0000] {processor.py:183} INFO - Processing /opt/airflow/dags/daily_revenue_etl_dag.py took 0.077 seconds
[2026-04-13T05:42:44.460+0000] {processor.py:161} INFO - Started process (PID=1292) to work on /opt/airflow/dags/daily_revenue_etl_dag.py
[2026-04-13T05:42:44.461+0000] {processor.py:830} INFO - Processing file /opt/airflow/dags/daily_revenue_etl_dag.py for tasks to queue
[2026-04-13T05:42:44.462+0000] {logging_mixin.py:188} INFO - [2026-04-13T05:42:44.462+0000] {dagbag.py:538} INFO - Filling up the DagBag from /opt/airflow/dags/daily_revenue_etl_dag.py
[2026-04-13T05:42:44.479+0000] {processor.py:840} INFO - DAG(s) 'daily_revenue_etl_dag' retrieved from /opt/airflow/dags/daily_revenue_etl_dag.py
[2026-04-13T05:18:47.169+0000] {logging_mixin.py:188} INFO - [2026-04-13T05:18:47.169+0000] {dag.py:3036} INFO - Sync 1 DAGs
[2026-04-13T05:18:47.193+0000] {logging_mixin.py:188} INFO - [2026-04-13T05:18:47.193+0000] {dag.py:3823} INFO - Setting next_dagrun for daily_revenue_etl_dag to 2026-04-13 00:00:00+00:00, run_after=2026-04-14 00:00:00+00:00
[2026-04-13T05:18:47.213+0000] {processor.py:183} INFO - Processing /opt/airflow/dags/daily_revenue_etl_dag.py took 0.093 seconds
[2026-04-13T05:19:17.333+0000] {processor.py:161} INFO - Started process (PID=1297) to work on /opt/airflow/dags/daily_revenue_etl_dag.py
[2026-04-13T05:19:17.335+0000] {processor.py:830} INFO - Processing file /opt/airflow/dags/daily_revenue_etl_dag.py for tasks to queue
[2026-04-13T05:19:17.336+0000] {logging_mixin.py:188} INFO - [2026-04-13T05:19:17.336+0000] {dagbag.py:538} INFO - Filling up the DagBag from /opt/airflow/dags/daily_revenue_etl_dag.py
[2026-04-13T05:19:17.354+0000] {processor.py:840} INFO - DAG(s) 'daily_revenue_etl_dag' retrieved from /opt/airflow/dags/daily_revenue_etl_dag.py
[2026-04-13T05:19:17.377+0000] {logging_mixin.py:188} INFO - [2026-04-13T05:19:17.377+0000] {dag.py:3036} INFO - Sync 1 DAGs
[2026-04-13T05:19:17.397+0000] {logging_mixin.py:188} INFO - [2026-04-13T05:19:17.397+0000] {dag.py:3823} INFO - Setting next_dagrun for daily_revenue_etl_dag to 2026-04-13 00:00:00+00:00, run_after=2026-04-14 00:00:00+00:00
[2026-04-13T05:19:17.414+0000] {processor.py:183} INFO - Processing /opt/airflow/dags/daily_revenue_etl_dag.py took 0.084 seconds
[2026-04-13T05:19:47.567+0000] {processor.py:161} INFO - Started process (PID=1303) to work on /opt/airflow/dags/daily_revenue_etl_dag.py
[2026-04-13T05:19:47.568+0000] {processor.py:830} INFO - Processing file /opt/airflow/dags/daily_revenue_etl_dag.py for tasks to queue
[2026-04-13T05:19:47.569+0000] {logging_mixin.py:188} INFO - [2026-04-13T05:19:47.568+0000] {dagbag.py:538} INFO - Filling up the DagBag from /opt/airflow/dags/daily_revenue_etl_dag.py
[2026-04-13T05:19:47.586+0000] {processor.py:840} INFO - DAG(s) 'daily_revenue_etl_dag' retrieved from /opt/airflow/dags/daily_revenue_etl_dag.py
[2026-04-13T05:19:47.607+0000] {logging_mixin.py:188} INFO - [2026-04-13T05:19:47.607+0000] {dag.py:3036} INFO - Sync 1 DAGs
[2026-04-13T05:19:47.625+0000] {logging_mixin.py:188} INFO - [2026-04-13T05:19:47.625+0000] {dag.py:3823} INFO - Setting next_dagrun for daily_revenue_etl_dag to 2026-04-13 00:00:00+00:00, run_after=2026-04-14 00:00:00+00:00
[2026-04-13T05:19:47.646+0000] {processor.py:183} INFO - Processing /opt/airflow/dags/daily_revenue_etl_dag.py took 0.082 seconds
[2026-04-13T05:43:57.009+0000] {processor.py:161} INFO - Started process (PID=1308) to work on /opt/airflow/dags/daily_revenue_etl_dag.py
[2026-04-13T05:43:57.010+0000] {processor.py:830} INFO - Processing file /opt/airflow/dags/daily_revenue_etl_dag.py for tasks to queue
[2026-04-13T05:43:57.011+0000] {logging_mixin.py:188} INFO - [2026-04-13T05:43:57.011+0000] {dagbag.py:538} INFO - Filling up the DagBag from /opt/airflow/dags/daily_revenue_etl_dag.py
[2026-04-13T05:43:57.030+0000] {processor.py:840} INFO - DAG(s) 'daily_revenue_etl_dag' retrieved from /opt/airflow/dags/daily_revenue_etl_dag.py
[2026-04-13T05:43:57.057+0000] {logging_mixin.py:188} INFO - [2026-04-13T05:43:57.057+0000] {dag.py:3036} INFO - Sync 1 DAGs
[2026-04-13T05:43:57.077+0000] {logging_mixin.py:188} INFO - [2026-04-13T05:43:57.076+0000] {dag.py:3823} INFO - Setting next_dagrun for daily_revenue_etl_dag to 2026-04-13 00:00:00+00:00, run_after=2026-04-14 00:00:00+00:00
[2026-04-13T05:43:57.093+0000] {processor.py:183} INFO - Processing /opt/airflow/dags/daily_revenue_etl_dag.py took 0.087 seconds
[2026-04-13T05:44:44.323+0000] {processor.py:161} INFO - Started process (PID=1314) to work on /opt/airflow/dags/daily_revenue_etl_dag.py
[2026-04-13T05:44:44.324+0000] {processor.py:830} INFO - Processing file /opt/airflow/dags/daily_revenue_etl_dag.py for tasks to queue
[2026-04-13T05:44:44.325+0000] {logging_mixin.py:188} INFO - [2026-04-13T05:44:44.324+0000] {dagbag.py:538} INFO - Filling up the DagBag from /opt/airflow/dags/daily_revenue_etl_dag.py
[2026-04-13T05:44:44.340+0000] {processor.py:840} INFO - DAG(s) 'daily_revenue_etl_dag' retrieved from /opt/airflow/dags/daily_revenue_etl_dag.py
[2026-04-13T05:44:44.363+0000] {logging_mixin.py:188} INFO - [2026-04-13T05:44:44.363+0000] {dag.py:3036} INFO - Sync 1 DAGs
[2026-04-13T05:44:44.381+0000] {logging_mixin.py:188} INFO - [2026-04-13T05:44:44.381+0000] {dag.py:3823} INFO - Setting next_dagrun for daily_revenue_etl_dag to 2026-04-13 00:00:00+00:00, run_after=2026-04-14 00:00:00+00:00
[2026-04-13T05:44:44.405+0000] {processor.py:183} INFO - Processing /opt/airflow/dags/daily_revenue_etl_dag.py took 0.084 seconds
[2026-04-13T05:45:16.518+0000] {processor.py:161} INFO - Started process (PID=1319) to work on /opt/airflow/dags/daily_revenue_etl_dag.py
[2026-04-13T05:45:16.519+0000] {processor.py:830} INFO - Processing file /opt/airflow/dags/daily_revenue_etl_dag.py for tasks to queue
[2026-04-13T05:45:16.520+0000] {logging_mixin.py:188} INFO - [2026-04-13T05:45:16.519+0000] {dagbag.py:538} INFO - Filling up the DagBag from /opt/airflow/dags/daily_revenue_etl_dag.py
[2026-04-13T05:45:16.536+0000] {processor.py:840} INFO - DAG(s) 'daily_revenue_etl_dag' retrieved from /opt/airflow/dags/daily_revenue_etl_dag.py
[2026-04-13T05:45:16.558+0000] {logging_mixin.py:188} INFO - [2026-04-13T05:45:16.558+0000] {dag.py:3036} INFO - Sync 1 DAGs
[2026-04-13T05:45:16.577+0000] {logging_mixin.py:188} INFO - [2026-04-13T05:45:16.577+0000] {dag.py:3823} INFO - Setting next_dagrun for daily_revenue_etl_dag to 2026-04-13 00:00:00+00:00, run_after=2026-04-14 00:00:00+00:00
[2026-04-13T05:45:16.602+0000] {processor.py:183} INFO - Processing /opt/airflow/dags/daily_revenue_etl_dag.py took 0.088 seconds
[2026-04-13T05:45:51.778+0000] {processor.py:161} INFO - Started process (PID=1324) to work on /opt/airflow/dags/daily_revenue_etl_dag.py
[2026-04-13T05:45:51.779+0000] {processor.py:830} INFO - Processing file /opt/airflow/dags/daily_revenue_etl_dag.py for tasks to queue
[2026-04-13T05:45:51.780+0000] {logging_mixin.py:188} INFO - [2026-04-13T05:45:51.780+0000] {dagbag.py:538} INFO - Filling up the DagBag from /opt/airflow/dags/daily_revenue_etl_dag.py
[2026-04-13T05:45:51.797+0000] {processor.py:840} INFO - DAG(s) 'daily_revenue_etl_dag' retrieved from /opt/airflow/dags/daily_revenue_etl_dag.py
[2026-04-13T05:21:54.446+0000] {logging_mixin.py:188} INFO - [2026-04-13T05:21:54.445+0000] {dag.py:3036} INFO - Sync 1 DAGs
[2026-04-13T05:21:54.465+0000] {logging_mixin.py:188} INFO - [2026-04-13T05:21:54.465+0000] {dag.py:3823} INFO - Setting next_dagrun for daily_revenue_etl_dag to 2026-04-13 00:00:00+00:00, run_after=2026-04-14 00:00:00+00:00
[2026-04-13T05:21:54.481+0000] {processor.py:183} INFO - Processing /opt/airflow/dags/daily_revenue_etl_dag.py took 0.082 seconds
[2026-04-13T05:22:24.633+0000] {processor.py:161} INFO - Started process (PID=1329) to work on /opt/airflow/dags/daily_revenue_etl_dag.py
[2026-04-13T05:22:24.634+0000] {processor.py:830} INFO - Processing file /opt/airflow/dags/daily_revenue_etl_dag.py for tasks to queue
[2026-04-13T05:22:24.635+0000] {logging_mixin.py:188} INFO - [2026-04-13T05:22:24.635+0000] {dagbag.py:538} INFO - Filling up the DagBag from /opt/airflow/dags/daily_revenue_etl_dag.py
[2026-04-13T05:22:24.651+0000] {processor.py:840} INFO - DAG(s) 'daily_revenue_etl_dag' retrieved from /opt/airflow/dags/daily_revenue_etl_dag.py
[2026-04-13T05:22:24.673+0000] {logging_mixin.py:188} INFO - [2026-04-13T05:22:24.673+0000] {dag.py:3036} INFO - Sync 1 DAGs
[2026-04-13T05:22:24.692+0000] {logging_mixin.py:188} INFO - [2026-04-13T05:22:24.691+0000] {dag.py:3823} INFO - Setting next_dagrun for daily_revenue_etl_dag to 2026-04-13 00:00:00+00:00, run_after=2026-04-14 00:00:00+00:00
[2026-04-13T05:22:24.707+0000] {processor.py:183} INFO - Processing /opt/airflow/dags/daily_revenue_etl_dag.py took 0.078 seconds
[2026-04-13T05:46:45.162+0000] {processor.py:161} INFO - Started process (PID=1334) to work on /opt/airflow/dags/daily_revenue_etl_dag.py
[2026-04-13T05:46:45.163+0000] {processor.py:830} INFO - Processing file /opt/airflow/dags/daily_revenue_etl_dag.py for tasks to queue
[2026-04-13T05:46:45.165+0000] {logging_mixin.py:188} INFO - [2026-04-13T05:46:45.164+0000] {dagbag.py:538} INFO - Filling up the DagBag from /opt/airflow/dags/daily_revenue_etl_dag.py
[2026-04-13T05:46:45.186+0000] {processor.py:840} INFO - DAG(s) 'daily_revenue_etl_dag' retrieved from /opt/airflow/dags/daily_revenue_etl_dag.py
[2026-04-13T05:46:45.214+0000] {logging_mixin.py:188} INFO - [2026-04-13T05:46:45.214+0000] {dag.py:3036} INFO - Sync 1 DAGs
[2026-04-13T05:46:45.241+0000] {logging_mixin.py:188} INFO - [2026-04-13T05:46:45.241+0000] {dag.py:3823} INFO - Setting next_dagrun for daily_revenue_etl_dag to 2026-04-13 00:00:00+00:00, run_after=2026-04-14 00:00:00+00:00
[2026-04-13T05:46:45.269+0000] {processor.py:183} INFO - Processing /opt/airflow/dags/daily_revenue_etl_dag.py took 0.111 seconds
[2026-04-13T05:23:47.191+0000] {processor.py:161} INFO - Started process (PID=1339) to work on /opt/airflow/dags/daily_revenue_etl_dag.py
[2026-04-13T05:23:47.192+0000] {processor.py:830} INFO - Processing file /opt/airflow/dags/daily_revenue_etl_dag.py for tasks to queue
[2026-04-13T05:23:47.193+0000] {logging_mixin.py:188} INFO - [2026-04-13T05:23:47.193+0000] {dagbag.py:538} INFO - Filling up the DagBag from /opt/airflow/dags/daily_revenue_etl_dag.py
[2026-04-13T05:23:47.212+0000] {processor.py:840} INFO - DAG(s) 'daily_revenue_etl_dag' retrieved from /opt/airflow/dags/daily_revenue_etl_dag.py
[2026-04-13T05:23:47.242+0000] {logging_mixin.py:188} INFO - [2026-04-13T05:23:47.242+0000] {dag.py:3036} INFO - Sync 1 DAGs
[2026-04-13T05:23:47.263+0000] {logging_mixin.py:188} INFO - [2026-04-13T05:23:47.263+0000] {dag.py:3823} INFO - Setting next_dagrun for daily_revenue_etl_dag to 2026-04-13 00:00:00+00:00, run_after=2026-04-14 00:00:00+00:00
[2026-04-13T05:23:47.281+0000] {processor.py:183} INFO - Processing /opt/airflow/dags/daily_revenue_etl_dag.py took 0.095 seconds
[2026-04-13T05:47:56.708+0000] {processor.py:161} INFO - Started process (PID=1344) to work on /opt/airflow/dags/daily_revenue_etl_dag.py
[2026-04-13T05:47:56.709+0000] {processor.py:830} INFO - Processing file /opt/airflow/dags/daily_revenue_etl_dag.py for tasks to queue
[2026-04-13T05:47:56.710+0000] {logging_mixin.py:188} INFO - [2026-04-13T05:47:56.710+0000] {dagbag.py:538} INFO - Filling up the DagBag from /opt/airflow/dags/daily_revenue_etl_dag.py
[2026-04-13T05:47:56.727+0000] {processor.py:840} INFO - DAG(s) 'daily_revenue_etl_dag' retrieved from /opt/airflow/dags/daily_revenue_etl_dag.py
[2026-04-13T05:47:56.748+0000] {logging_mixin.py:188} INFO - [2026-04-13T05:47:56.748+0000] {dag.py:3036} INFO - Sync 1 DAGs
[2026-04-13T05:47:56.764+0000] {logging_mixin.py:188} INFO - [2026-04-13T05:47:56.764+0000] {dag.py:3823} INFO - Setting next_dagrun for daily_revenue_etl_dag to 2026-04-13 00:00:00+00:00, run_after=2026-04-14 00:00:00+00:00
[2026-04-13T05:47:56.789+0000] {processor.py:183} INFO - Processing /opt/airflow/dags/daily_revenue_etl_dag.py took 0.084 seconds
[2026-04-13T05:48:26.879+0000] {processor.py:161} INFO - Started process (PID=1349) to work on /opt/airflow/dags/daily_revenue_etl_dag.py
[2026-04-13T05:48:26.880+0000] {processor.py:830} INFO - Processing file /opt/airflow/dags/daily_revenue_etl_dag.py for tasks to queue
[2026-04-13T05:48:26.881+0000] {logging_mixin.py:188} INFO - [2026-04-13T05:48:26.881+0000] {dagbag.py:538} INFO - Filling up the DagBag from /opt/airflow/dags/daily_revenue_etl_dag.py
[2026-04-13T05:48:26.896+0000] {processor.py:840} INFO - DAG(s) 'daily_revenue_etl_dag' retrieved from /opt/airflow/dags/daily_revenue_etl_dag.py
[2026-04-13T05:48:26.921+0000] {logging_mixin.py:188} INFO - [2026-04-13T05:48:26.921+0000] {dag.py:3036} INFO - Sync 1 DAGs
[2026-04-13T05:48:26.940+0000] {logging_mixin.py:188} INFO - [2026-04-13T05:48:26.939+0000] {dag.py:3823} INFO - Setting next_dagrun for daily_revenue_etl_dag to 2026-04-13 00:00:00+00:00, run_after=2026-04-14 00:00:00+00:00
[2026-04-13T05:48:26.954+0000] {processor.py:183} INFO - Processing /opt/airflow/dags/daily_revenue_etl_dag.py took 0.078 seconds
[2026-04-13T05:49:44.413+0000] {processor.py:161} INFO - Started process (PID=1356) to work on /opt/airflow/dags/daily_revenue_etl_dag.py
[2026-04-13T05:49:44.414+0000] {processor.py:830} INFO - Processing file /opt/airflow/dags/daily_revenue_etl_dag.py for tasks to queue
[2026-04-13T05:49:44.414+0000] {logging_mixin.py:188} INFO - [2026-04-13T05:49:44.414+0000] {dagbag.py:538} INFO - Filling up the DagBag from /opt/airflow/dags/daily_revenue_etl_dag.py
[2026-04-13T05:49:44.432+0000] {processor.py:840} INFO - DAG(s) 'daily_revenue_etl_dag' retrieved from /opt/airflow/dags/daily_revenue_etl_dag.py
[2026-04-13T05:49:44.454+0000] {logging_mixin.py:188} INFO - [2026-04-13T05:49:44.454+0000] {dag.py:3036} INFO - Sync 1 DAGs
[2026-04-13T05:49:44.470+0000] {logging_mixin.py:188} INFO - [2026-04-13T05:49:44.470+0000] {dag.py:3823} INFO - Setting next_dagrun for daily_revenue_etl_dag to 2026-04-13 00:00:00+00:00, run_after=2026-04-14 00:00:00+00:00
[2026-04-13T05:49:44.484+0000] {processor.py:183} INFO - Processing /opt/airflow/dags/daily_revenue_etl_dag.py took 0.075 seconds
[2026-04-13T05:51:47.121+0000] {processor.py:161} INFO - Started process (PID=1362) to work on /opt/airflow/dags/daily_revenue_etl_dag.py
[2026-04-13T05:51:47.122+0000] {processor.py:830} INFO - Processing file /opt/airflow/dags/daily_revenue_etl_dag.py for tasks to queue
[2026-04-13T05:51:47.123+0000] {logging_mixin.py:188} INFO - [2026-04-13T05:51:47.123+0000] {dagbag.py:538} INFO - Filling up the DagBag from /opt/airflow/dags/daily_revenue_etl_dag.py
[2026-04-13T05:51:47.138+0000] {processor.py:840} INFO - DAG(s) 'daily_revenue_etl_dag' retrieved from /opt/airflow/dags/daily_revenue_etl_dag.py
[2026-04-13T05:51:47.159+0000] {logging_mixin.py:188} INFO - [2026-04-13T05:51:47.159+0000] {dag.py:3036} INFO - Sync 1 DAGs
[2026-04-13T05:51:47.177+0000] {logging_mixin.py:188} INFO - [2026-04-13T05:51:47.176+0000] {dag.py:3823} INFO - Setting next_dagrun for daily_revenue_etl_dag to 2026-04-13 00:00:00+00:00, run_after=2026-04-14 00:00:00+00:00
[2026-04-13T05:51:47.192+0000] {processor.py:183} INFO - Processing /opt/airflow/dags/daily_revenue_etl_dag.py took 0.073 seconds
[2026-04-13T05:52:17.318+0000] {processor.py:161} INFO - Started process (PID=1368) to work on /opt/airflow/dags/daily_revenue_etl_dag.py
[2026-04-13T05:52:17.319+0000] {processor.py:830} INFO - Processing file /opt/airflow/dags/daily_revenue_etl_dag.py for tasks to queue
[2026-04-13T05:52:17.320+0000] {logging_mixin.py:188} INFO - [2026-04-13T05:52:17.320+0000] {dagbag.py:538} INFO - Filling up the DagBag from /opt/airflow/dags/daily_revenue_etl_dag.py
[2026-04-13T05:52:17.338+0000] {processor.py:840} INFO - DAG(s) 'daily_revenue_etl_dag' retrieved from /opt/airflow/dags/daily_revenue_etl_dag.py
[2026-04-13T05:52:17.362+0000] {logging_mixin.py:188} INFO - [2026-04-13T05:52:17.362+0000] {dag.py:3036} INFO - Sync 1 DAGs
[2026-04-13T05:52:17.380+0000] {logging_mixin.py:188} INFO - [2026-04-13T05:52:17.380+0000] {dag.py:3823} INFO - Setting next_dagrun for daily_revenue_etl_dag to 2026-04-13 00:00:00+00:00, run_after=2026-04-14 00:00:00+00:00
[2026-04-13T05:52:17.403+0000] {processor.py:183} INFO - Processing /opt/airflow/dags/daily_revenue_etl_dag.py took 0.088 seconds
[2026-04-13T05:52:22.396+0000] {processor.py:161} INFO - Started process (PID=1373) to work on /opt/airflow/dags/daily_revenue_etl_dag.py
[2026-04-13T05:52:22.397+0000] {processor.py:830} INFO - Processing file /opt/airflow/dags/daily_revenue_etl_dag.py for tasks to queue
[2026-04-13T05:52:22.398+0000] {logging_mixin.py:188} INFO - [2026-04-13T05:52:22.398+0000] {dagbag.py:538} INFO - Filling up the DagBag from /opt/airflow/dags/daily_revenue_etl_dag.py
[2026-04-13T05:52:22.412+0000] {processor.py:840} INFO - DAG(s) 'daily_revenue_etl_dag' retrieved from /opt/airflow/dags/daily_revenue_etl_dag.py
[2026-04-13T05:28:25.115+0000] {logging_mixin.py:188} INFO - [2026-04-13T05:28:25.115+0000] {dag.py:3036} INFO - Sync 1 DAGs
[2026-04-13T05:28:25.135+0000] {logging_mixin.py:188} INFO - [2026-04-13T05:28:25.135+0000] {dag.py:3823} INFO - Setting next_dagrun for daily_revenue_etl_dag to 2026-04-13 00:00:00+00:00, run_after=2026-04-14 00:00:00+00:00
[2026-04-13T05:28:25.152+0000] {processor.py:183} INFO - Processing /opt/airflow/dags/daily_revenue_etl_dag.py took 0.076 seconds
[2026-04-13T05:28:55.299+0000] {processor.py:161} INFO - Started process (PID=1378) to work on /opt/airflow/dags/daily_revenue_etl_dag.py
[2026-04-13T05:28:55.300+0000] {processor.py:830} INFO - Processing file /opt/airflow/dags/daily_revenue_etl_dag.py for tasks to queue
[2026-04-13T05:28:55.301+0000] {logging_mixin.py:188} INFO - [2026-04-13T05:28:55.300+0000] {dagbag.py:538} INFO - Filling up the DagBag from /opt/airflow/dags/daily_revenue_etl_dag.py
[2026-04-13T05:28:55.316+0000] {processor.py:840} INFO - DAG(s) 'daily_revenue_etl_dag' retrieved from /opt/airflow/dags/daily_revenue_etl_dag.py
[2026-04-13T05:28:55.337+0000] {logging_mixin.py:188} INFO - [2026-04-13T05:28:55.337+0000] {dag.py:3036} INFO - Sync 1 DAGs
[2026-04-13T05:28:55.355+0000] {logging_mixin.py:188} INFO - [2026-04-13T05:28:55.355+0000] {dag.py:3823} INFO - Setting next_dagrun for daily_revenue_etl_dag to 2026-04-13 00:00:00+00:00, run_after=2026-04-14 00:00:00+00:00
[2026-04-13T05:28:55.369+0000] {processor.py:183} INFO - Processing /opt/airflow/dags/daily_revenue_etl_dag.py took 0.073 seconds
[2026-04-13T05:29:25.486+0000] {processor.py:161} INFO - Started process (PID=1383) to work on /opt/airflow/dags/daily_revenue_etl_dag.py
[2026-04-13T05:29:25.487+0000] {processor.py:830} INFO - Processing file /opt/airflow/dags/daily_revenue_etl_dag.py for tasks to queue
[2026-04-13T05:29:25.489+0000] {logging_mixin.py:188} INFO - [2026-04-13T05:29:25.488+0000] {dagbag.py:538} INFO - Filling up the DagBag from /opt/airflow/dags/daily_revenue_etl_dag.py
[2026-04-13T05:29:25.504+0000] {processor.py:840} INFO - DAG(s) 'daily_revenue_etl_dag' retrieved from /opt/airflow/dags/daily_revenue_etl_dag.py
[2026-04-13T05:29:25.526+0000] {logging_mixin.py:188} INFO - [2026-04-13T05:29:25.526+0000] {dag.py:3036} INFO - Sync 1 DAGs
[2026-04-13T05:29:25.543+0000] {logging_mixin.py:188} INFO - [2026-04-13T05:29:25.543+0000] {dag.py:3823} INFO - Setting next_dagrun for daily_revenue_etl_dag to 2026-04-13 00:00:00+00:00, run_after=2026-04-14 00:00:00+00:00
[2026-04-13T05:29:25.569+0000] {processor.py:183} INFO - Processing /opt/airflow/dags/daily_revenue_etl_dag.py took 0.089 seconds
[2026-04-13T05:29:55.738+0000] {processor.py:161} INFO - Started process (PID=1388) to work on /opt/airflow/dags/daily_revenue_etl_dag.py
[2026-04-13T05:29:55.739+0000] {processor.py:830} INFO - Processing file /opt/airflow/dags/daily_revenue_etl_dag.py for tasks to queue
[2026-04-13T05:29:55.740+0000] {logging_mixin.py:188} INFO - [2026-04-13T05:29:55.740+0000] {dagbag.py:538} INFO - Filling up the DagBag from /opt/airflow/dags/daily_revenue_etl_dag.py
[2026-04-13T05:29:55.756+0000] {processor.py:840} INFO - DAG(s) 'daily_revenue_etl_dag' retrieved from /opt/airflow/dags/daily_revenue_etl_dag.py
[2026-04-13T05:29:55.776+0000] {logging_mixin.py:188} INFO - [2026-04-13T05:29:55.776+0000] {dag.py:3036} INFO - Sync 1 DAGs
[2026-04-13T05:29:55.793+0000] {logging_mixin.py:188} INFO - [2026-04-13T05:29:55.793+0000] {dag.py:3823} INFO - Setting next_dagrun for daily_revenue_etl_dag to 2026-04-13 00:00:00+00:00, run_after=2026-04-14 00:00:00+00:00
[2026-04-13T05:29:55.819+0000] {processor.py:183} INFO - Processing /opt/airflow/dags/daily_revenue_etl_dag.py took 0.083 seconds
[2026-04-13T05:53:58.130+0000] {processor.py:161} INFO - Started process (PID=1393) to work on /opt/airflow/dags/daily_revenue_etl_dag.py
[2026-04-13T05:53:58.132+0000] {processor.py:830} INFO - Processing file /opt/airflow/dags/daily_revenue_etl_dag.py for tasks to queue
[2026-04-13T05:53:58.133+0000] {logging_mixin.py:188} INFO - [2026-04-13T05:53:58.133+0000] {dagbag.py:538} INFO - Filling up the DagBag from /opt/airflow/dags/daily_revenue_etl_dag.py
[2026-04-13T05:53:58.157+0000] {processor.py:840} INFO - DAG(s) 'daily_revenue_etl_dag' retrieved from /opt/airflow/dags/daily_revenue_etl_dag.py
[2026-04-13T05:53:58.199+0000] {logging_mixin.py:188} INFO - [2026-04-13T05:53:58.198+0000] {dag.py:3036} INFO - Sync 1 DAGs
[2026-04-13T05:53:58.231+0000] {logging_mixin.py:188} INFO - [2026-04-13T05:53:58.231+0000] {dag.py:3823} INFO - Setting next_dagrun for daily_revenue_etl_dag to 2026-04-13 00:00:00+00:00, run_after=2026-04-14 00:00:00+00:00
[2026-04-13T05:53:58.276+0000] {processor.py:183} INFO - Processing /opt/airflow/dags/daily_revenue_etl_dag.py took 0.152 seconds
[2026-04-13T05:54:32.485+0000] {processor.py:161} INFO - Started process (PID=1398) to work on /opt/airflow/dags/daily_revenue_etl_dag.py
[2026-04-13T05:54:32.486+0000] {processor.py:830} INFO - Processing file /opt/airflow/dags/daily_revenue_etl_dag.py for tasks to queue
[2026-04-13T05:54:32.487+0000] {logging_mixin.py:188} INFO - [2026-04-13T05:54:32.487+0000] {dagbag.py:538} INFO - Filling up the DagBag from /opt/airflow/dags/daily_revenue_etl_dag.py
[2026-04-13T05:54:32.503+0000] {processor.py:840} INFO - DAG(s) 'daily_revenue_etl_dag' retrieved from /opt/airflow/dags/daily_revenue_etl_dag.py
[2026-04-13T05:54:32.523+0000] {logging_mixin.py:188} INFO - [2026-04-13T05:54:32.523+0000] {dag.py:3036} INFO - Sync 1 DAGs
[2026-04-13T05:54:32.540+0000] {logging_mixin.py:188} INFO - [2026-04-13T05:54:32.539+0000] {dag.py:3823} INFO - Setting next_dagrun for daily_revenue_etl_dag to 2026-04-13 00:00:00+00:00, run_after=2026-04-14 00:00:00+00:00
[2026-04-13T05:54:32.555+0000] {processor.py:183} INFO - Processing /opt/airflow/dags/daily_revenue_etl_dag.py took 0.073 seconds
[2026-04-13T05:55:02.661+0000] {processor.py:161} INFO - Started process (PID=1404) to work on /opt/airflow/dags/daily_revenue_etl_dag.py
[2026-04-13T05:55:02.662+0000] {processor.py:830} INFO - Processing file /opt/airflow/dags/daily_revenue_etl_dag.py for tasks to queue
[2026-04-13T05:55:02.663+0000] {logging_mixin.py:188} INFO - [2026-04-13T05:55:02.662+0000] {dagbag.py:538} INFO - Filling up the DagBag from /opt/airflow/dags/daily_revenue_etl_dag.py
[2026-04-13T05:55:02.678+0000] {processor.py:840} INFO - DAG(s) 'daily_revenue_etl_dag' retrieved from /opt/airflow/dags/daily_revenue_etl_dag.py
[2026-04-13T05:55:02.697+0000] {logging_mixin.py:188} INFO - [2026-04-13T05:55:02.697+0000] {dag.py:3036} INFO - Sync 1 DAGs
[2026-04-13T05:55:02.715+0000] {logging_mixin.py:188} INFO - [2026-04-13T05:55:02.715+0000] {dag.py:3823} INFO - Setting next_dagrun for daily_revenue_etl_dag to 2026-04-13 00:00:00+00:00, run_after=2026-04-14 00:00:00+00:00
[2026-04-13T05:55:02.740+0000] {processor.py:183} INFO - Processing /opt/airflow/dags/daily_revenue_etl_dag.py took 0.082 seconds
[2026-04-13T05:55:42.951+0000] {processor.py:161} INFO - Started process (PID=1409) to work on /opt/airflow/dags/daily_revenue_etl_dag.py
[2026-04-13T05:55:42.952+0000] {processor.py:830} INFO - Processing file /opt/airflow/dags/daily_revenue_etl_dag.py for tasks to queue
[2026-04-13T05:55:42.952+0000] {logging_mixin.py:188} INFO - [2026-04-13T05:55:42.952+0000] {dagbag.py:538} INFO - Filling up the DagBag from /opt/airflow/dags/daily_revenue_etl_dag.py
[2026-04-13T05:55:42.968+0000] {processor.py:840} INFO - DAG(s) 'daily_revenue_etl_dag' retrieved from /opt/airflow/dags/daily_revenue_etl_dag.py
[2026-04-13T05:55:42.990+0000] {logging_mixin.py:188} INFO - [2026-04-13T05:55:42.990+0000] {dag.py:3036} INFO - Sync 1 DAGs
[2026-04-13T05:55:43.009+0000] {logging_mixin.py:188} INFO - [2026-04-13T05:55:43.009+0000] {dag.py:3823} INFO - Setting next_dagrun for daily_revenue_etl_dag to 2026-04-13 00:00:00+00:00, run_after=2026-04-14 00:00:00+00:00
[2026-04-13T05:55:43.036+0000] {processor.py:183} INFO - Processing /opt/airflow/dags/daily_revenue_etl_dag.py took 0.087 seconds
[2026-04-13T05:56:44.347+0000] {processor.py:161} INFO - Started process (PID=1414) to work on /opt/airflow/dags/daily_revenue_etl_dag.py
[2026-04-13T05:56:44.348+0000] {processor.py:830} INFO - Processing file /opt/airflow/dags/daily_revenue_etl_dag.py for tasks to queue
[2026-04-13T05:56:44.349+0000] {logging_mixin.py:188} INFO - [2026-04-13T05:56:44.348+0000] {dagbag.py:538} INFO - Filling up the DagBag from /opt/airflow/dags/daily_revenue_etl_dag.py
[2026-04-13T05:56:44.365+0000] {processor.py:840} INFO - DAG(s) 'daily_revenue_etl_dag' retrieved from /opt/airflow/dags/daily_revenue_etl_dag.py
[2026-04-13T05:56:44.388+0000] {logging_mixin.py:188} INFO - [2026-04-13T05:56:44.388+0000] {dag.py:3036} INFO - Sync 1 DAGs
[2026-04-13T05:56:44.408+0000] {logging_mixin.py:188} INFO - [2026-04-13T05:56:44.408+0000] {dag.py:3823} INFO - Setting next_dagrun for daily_revenue_etl_dag to 2026-04-13 00:00:00+00:00, run_after=2026-04-14 00:00:00+00:00
[2026-04-13T05:56:44.422+0000] {processor.py:183} INFO - Processing /opt/airflow/dags/daily_revenue_etl_dag.py took 0.079 seconds
[2026-04-13T05:57:14.532+0000] {processor.py:161} INFO - Started process (PID=1420) to work on /opt/airflow/dags/daily_revenue_etl_dag.py
[2026-04-13T05:57:14.533+0000] {processor.py:830} INFO - Processing file /opt/airflow/dags/daily_revenue_etl_dag.py for tasks to queue
[2026-04-13T05:57:14.534+0000] {logging_mixin.py:188} INFO - [2026-04-13T05:57:14.534+0000] {dagbag.py:538} INFO - Filling up the DagBag from /opt/airflow/dags/daily_revenue_etl_dag.py
[2026-04-13T05:57:14.550+0000] {processor.py:840} INFO - DAG(s) 'daily_revenue_etl_dag' retrieved from /opt/airflow/dags/daily_revenue_etl_dag.py
[2026-04-13T05:33:17.251+0000] {logging_mixin.py:188} INFO - [2026-04-13T05:57:14.571+0000] {dag.py:3036} INFO - Sync 1 DAGs
[2026-04-13T05:33:17.270+0000] {logging_mixin.py:188} INFO - [2026-04-13T05:33:17.270+0000] {dag.py:3823} INFO - Setting next_dagrun for daily_revenue_etl_dag to 2026-04-13 00:00:00+00:00, run_after=2026-04-14 00:00:00+00:00
[2026-04-13T05:33:17.287+0000] {processor.py:183} INFO - Processing /opt/airflow/dags/daily_revenue_etl_dag.py took 0.078 seconds
[2026-04-13T05:57:22.672+0000] {processor.py:161} INFO - Started process (PID=1425) to work on /opt/airflow/dags/daily_revenue_etl_dag.py
[2026-04-13T05:57:22.673+0000] {processor.py:830} INFO - Processing file /opt/airflow/dags/daily_revenue_etl_dag.py for tasks to queue
[2026-04-13T05:57:22.674+0000] {logging_mixin.py:188} INFO - [2026-04-13T05:57:22.674+0000] {dagbag.py:538} INFO - Filling up the DagBag from /opt/airflow/dags/daily_revenue_etl_dag.py
[2026-04-13T05:57:22.690+0000] {processor.py:840} INFO - DAG(s) 'daily_revenue_etl_dag' retrieved from /opt/airflow/dags/daily_revenue_etl_dag.py
[2026-04-13T05:57:22.713+0000] {logging_mixin.py:188} INFO - [2026-04-13T05:57:22.713+0000] {dag.py:3036} INFO - Sync 1 DAGs
[2026-04-13T05:57:22.732+0000] {logging_mixin.py:188} INFO - [2026-04-13T05:57:22.732+0000] {dag.py:3823} INFO - Setting next_dagrun for daily_revenue_etl_dag to 2026-04-13 00:00:00+00:00, run_after=2026-04-14 00:00:00+00:00
[2026-04-13T05:57:22.749+0000] {processor.py:183} INFO - Processing /opt/airflow/dags/daily_revenue_etl_dag.py took 0.081 seconds
[2026-04-13T05:57:52.861+0000] {processor.py:161} INFO - Started process (PID=1430) to work on /opt/airflow/dags/daily_revenue_etl_dag.py
[2026-04-13T05:57:52.862+0000] {processor.py:830} INFO - Processing file /opt/airflow/dags/daily_revenue_etl_dag.py for tasks to queue
[2026-04-13T05:57:52.863+0000] {logging_mixin.py:188} INFO - [2026-04-13T05:57:52.863+0000] {dagbag.py:538} INFO - Filling up the DagBag from /opt/airflow/dags/daily_revenue_etl_dag.py
[2026-04-13T05:57:52.881+0000] {processor.py:840} INFO - DAG(s) 'daily_revenue_etl_dag' retrieved from /opt/airflow/dags/daily_revenue_etl_dag.py
[2026-04-13T05:57:52.906+0000] {logging_mixin.py:188} INFO - [2026-04-13T05:57:52.905+0000] {dag.py:3036} INFO - Sync 1 DAGs
[2026-04-13T05:57:52.925+0000] {logging_mixin.py:188} INFO - [2026-04-13T05:57:52.925+0000] {dag.py:3823} INFO - Setting next_dagrun for daily_revenue_etl_dag to 2026-04-13 00:00:00+00:00, run_after=2026-04-14 00:00:00+00:00
[2026-04-13T05:57:52.941+0000] {processor.py:183} INFO - Processing /opt/airflow/dags/daily_revenue_etl_dag.py took 0.087 seconds
[2026-04-13T05:34:25.780+0000] {processor.py:161} INFO - Started process (PID=1435) to work on /opt/airflow/dags/daily_revenue_etl_dag.py
[2026-04-13T05:34:25.781+0000] {processor.py:830} INFO - Processing file /opt/airflow/dags/daily_revenue_etl_dag.py for tasks to queue
[2026-04-13T05:34:25.782+0000] {logging_mixin.py:188} INFO - [2026-04-13T05:34:25.781+0000] {dagbag.py:538} INFO - Filling up the DagBag from /opt/airflow/dags/daily_revenue_etl_dag.py
[2026-04-13T05:34:25.800+0000] {processor.py:840} INFO - DAG(s) 'daily_revenue_etl_dag' retrieved from /opt/airflow/dags/daily_revenue_etl_dag.py
[2026-04-13T05:34:25.823+0000] {logging_mixin.py:188} INFO - [2026-04-13T05:34:25.823+0000] {dag.py:3036} INFO - Sync 1 DAGs
[2026-04-13T05:34:25.842+0000] {logging_mixin.py:188} INFO - [2026-04-13T05:34:25.841+0000] {dag.py:3823} INFO - Setting next_dagrun for daily_revenue_etl_dag to 2026-04-13 00:00:00+00:00, run_after=2026-04-14 00:00:00+00:00
[2026-04-13T05:34:25.858+0000] {processor.py:183} INFO - Processing /opt/airflow/dags/daily_revenue_etl_dag.py took 0.080 seconds
[2026-04-13T05:34:55.989+0000] {processor.py:161} INFO - Started process (PID=1441) to work on /opt/airflow/dags/daily_revenue_etl_dag.py
[2026-04-13T05:34:55.990+0000] {processor.py:830} INFO - Processing file /opt/airflow/dags/daily_revenue_etl_dag.py for tasks to queue
[2026-04-13T05:34:55.992+0000] {logging_mixin.py:188} INFO - [2026-04-13T05:34:55.991+0000] {dagbag.py:538} INFO - Filling up the DagBag from /opt/airflow/dags/daily_revenue_etl_dag.py
[2026-04-13T05:34:56.010+0000] {processor.py:840} INFO - DAG(s) 'daily_revenue_etl_dag' retrieved from /opt/airflow/dags/daily_revenue_etl_dag.py
[2026-04-13T05:34:56.032+0000] {logging_mixin.py:188} INFO - [2026-04-13T05:34:56.032+0000] {dag.py:3036} INFO - Sync 1 DAGs
[2026-04-13T05:34:56.049+0000] {logging_mixin.py:188} INFO - [2026-04-13T05:34:56.049+0000] {dag.py:3823} INFO - Setting next_dagrun for daily_revenue_etl_dag to 2026-04-13 00:00:00+00:00, run_after=2026-04-14 00:00:00+00:00
[2026-04-13T05:34:56.063+0000] {processor.py:183} INFO - Processing /opt/airflow/dags/daily_revenue_etl_dag.py took 0.079 seconds
[2026-04-13T05:59:14.465+0000] {processor.py:161} INFO - Started process (PID=1446) to work on /opt/airflow/dags/daily_revenue_etl_dag.py
[2026-04-13T05:59:14.466+0000] {processor.py:830} INFO - Processing file /opt/airflow/dags/daily_revenue_etl_dag.py for tasks to queue
[2026-04-13T05:59:14.467+0000] {logging_mixin.py:188} INFO - [2026-04-13T05:59:14.466+0000] {dagbag.py:538} INFO - Filling up the DagBag from /opt/airflow/dags/daily_revenue_etl_dag.py
[2026-04-13T05:59:14.481+0000] {processor.py:840} INFO - DAG(s) 'daily_revenue_etl_dag' retrieved from /opt/airflow/dags/daily_revenue_etl_dag.py
[2026-04-13T05:59:14.502+0000] {logging_mixin.py:188} INFO - [2026-04-13T05:59:14.502+0000] {dag.py:3036} INFO - Sync 1 DAGs
[2026-04-13T05:59:14.519+0000] {logging_mixin.py:188} INFO - [2026-04-13T05:59:14.519+0000] {dag.py:3823} INFO - Setting next_dagrun for daily_revenue_etl_dag to 2026-04-13 00:00:00+00:00, run_after=2026-04-14 00:00:00+00:00
[2026-04-13T05:59:14.545+0000] {processor.py:183} INFO - Processing /opt/airflow/dags/daily_revenue_etl_dag.py took 0.082 seconds
[2026-04-13T06:00:14.817+0000] {processor.py:161} INFO - Started process (PID=1452) to work on /opt/airflow/dags/daily_revenue_etl_dag.py
[2026-04-13T06:00:14.818+0000] {processor.py:830} INFO - Processing file /opt/airflow/dags/daily_revenue_etl_dag.py for tasks to queue
[2026-04-13T06:00:14.819+0000] {logging_mixin.py:188} INFO - [2026-04-13T06:00:14.819+0000] {dagbag.py:538} INFO - Filling up the DagBag from /opt/airflow/dags/daily_revenue_etl_dag.py
[2026-04-13T06:00:14.835+0000] {processor.py:840} INFO - DAG(s) 'daily_revenue_etl_dag' retrieved from /opt/airflow/dags/daily_revenue_etl_dag.py
[2026-04-13T06:00:14.858+0000] {logging_mixin.py:188} INFO - [2026-04-13T06:00:14.858+0000] {dag.py:3036} INFO - Sync 1 DAGs
[2026-04-13T06:00:14.882+0000] {logging_mixin.py:188} INFO - [2026-04-13T06:00:14.881+0000] {dag.py:3823} INFO - Setting next_dagrun for daily_revenue_etl_dag to 2026-04-13 00:00:00+00:00, run_after=2026-04-14 00:00:00+00:00
[2026-04-13T06:00:14.902+0000] {processor.py:183} INFO - Processing /opt/airflow/dags/daily_revenue_etl_dag.py took 0.088 seconds
[2026-04-13T06:00:48.087+0000] {processor.py:161} INFO - Started process (PID=1457) to work on /opt/airflow/dags/daily_revenue_etl_dag.py
[2026-04-13T06:00:48.088+0000] {processor.py:830} INFO - Processing file /opt/airflow/dags/daily_revenue_etl_dag.py for tasks to queue
[2026-04-13T06:00:48.089+0000] {logging_mixin.py:188} INFO - [2026-04-13T06:00:48.089+0000] {dagbag.py:538} INFO - Filling up the DagBag from /opt/airflow/dags/daily_revenue_etl_dag.py
[2026-04-13T06:00:48.103+0000] {processor.py:840} INFO - DAG(s) 'daily_revenue_etl_dag' retrieved from /opt/airflow/dags/daily_revenue_etl_dag.py
[2026-04-13T06:00:48.125+0000] {logging_mixin.py:188} INFO - [2026-04-13T06:00:48.124+0000] {dag.py:3036} INFO - Sync 1 DAGs
[2026-04-13T06:00:48.142+0000] {logging_mixin.py:188} INFO - [2026-04-13T06:00:48.142+0000] {dag.py:3823} INFO - Setting next_dagrun for daily_revenue_etl_dag to 2026-04-13 00:00:00+00:00, run_after=2026-04-14 00:00:00+00:00
[2026-04-13T06:00:48.169+0000] {processor.py:183} INFO - Processing /opt/airflow/dags/daily_revenue_etl_dag.py took 0.085 seconds
[2026-04-13T06:01:18.276+0000] {processor.py:161} INFO - Started process (PID=1463) to work on /opt/airflow/dags/daily_revenue_etl_dag.py
[2026-04-13T06:01:18.278+0000] {processor.py:830} INFO - Processing file /opt/airflow/dags/daily_revenue_etl_dag.py for tasks to queue
[2026-04-13T06:01:18.280+0000] {logging_mixin.py:188} INFO - [2026-04-13T06:01:18.279+0000] {dagbag.py:538} INFO - Filling up the DagBag from /opt/airflow/dags/daily_revenue_etl_dag.py
[2026-04-13T06:01:18.310+0000] {processor.py:840} INFO - DAG(s) 'daily_revenue_etl_dag' retrieved from /opt/airflow/dags/daily_revenue_etl_dag.py
[2026-04-13T06:01:18.353+0000] {logging_mixin.py:188} INFO - [2026-04-13T06:01:18.353+0000] {dag.py:3036} INFO - Sync 1 DAGs
[2026-04-13T05:37:21.088+0000] {logging_mixin.py:188} INFO - [2026-04-13T05:37:21.087+0000] {dag.py:3823} INFO - Setting next_dagrun for daily_revenue_etl_dag to 2026-04-13 00:00:00+00:00, run_after=2026-04-14 00:00:00+00:00
[2026-04-13T05:37:21.130+0000] {processor.py:183} INFO - Processing /opt/airflow/dags/daily_revenue_etl_dag.py took 0.175 seconds
[2026-04-13T06:01:23.380+0000] {processor.py:161} INFO - Started process (PID=1468) to work on /opt/airflow/dags/daily_revenue_etl_dag.py
[2026-04-13T06:01:23.381+0000] {processor.py:830} INFO - Processing file /opt/airflow/dags/daily_revenue_etl_dag.py for tasks to queue
[2026-04-13T06:01:23.382+0000] {logging_mixin.py:188} INFO - [2026-04-13T06:01:23.382+0000] {dagbag.py:538} INFO - Filling up the DagBag from /opt/airflow/dags/daily_revenue_etl_dag.py
[2026-04-13T05:37:26.077+0000] {processor.py:840} INFO - DAG(s) 'daily_revenue_etl_dag' retrieved from /opt/airflow/dags/daily_revenue_etl_dag.py
[2026-04-13T05:37:26.112+0000] {logging_mixin.py:188} INFO - [2026-04-13T05:37:26.111+0000] {dag.py:3036} INFO - Sync 1 DAGs
[2026-04-13T05:37:26.138+0000] {logging_mixin.py:188} INFO - [2026-04-13T05:37:26.138+0000] {dag.py:3823} INFO - Setting next_dagrun for daily_revenue_etl_dag to 2026-04-13 00:00:00+00:00, run_after=2026-04-14 00:00:00+00:00
[2026-04-13T05:37:26.165+0000] {processor.py:183} INFO - Processing /opt/airflow/dags/daily_revenue_etl_dag.py took 0.114 seconds
[2026-04-13T06:01:53.684+0000] {processor.py:161} INFO - Started process (PID=1473) to work on /opt/airflow/dags/daily_revenue_etl_dag.py
[2026-04-13T06:01:53.685+0000] {processor.py:830} INFO - Processing file /opt/airflow/dags/daily_revenue_etl_dag.py for tasks to queue
[2026-04-13T06:01:53.686+0000] {logging_mixin.py:188} INFO - [2026-04-13T06:01:53.686+0000] {dagbag.py:538} INFO - Filling up the DagBag from /opt/airflow/dags/daily_revenue_etl_dag.py
[2026-04-13T06:01:53.701+0000] {processor.py:840} INFO - DAG(s) 'daily_revenue_etl_dag' retrieved from /opt/airflow/dags/daily_revenue_etl_dag.py
[2026-04-13T06:01:53.722+0000] {logging_mixin.py:188} INFO - [2026-04-13T06:01:53.721+0000] {dag.py:3036} INFO - Sync 1 DAGs
[2026-04-13T06:01:53.738+0000] {logging_mixin.py:188} INFO - [2026-04-13T06:01:53.738+0000] {dag.py:3823} INFO - Setting next_dagrun for daily_revenue_etl_dag to 2026-04-13 00:00:00+00:00, run_after=2026-04-14 00:00:00+00:00
[2026-04-13T06:01:53.753+0000] {processor.py:183} INFO - Processing /opt/airflow/dags/daily_revenue_etl_dag.py took 0.072 seconds
[2026-04-13T06:02:28.916+0000] {processor.py:161} INFO - Started process (PID=1478) to work on /opt/airflow/dags/daily_revenue_etl_dag.py
[2026-04-13T06:02:28.917+0000] {processor.py:830} INFO - Processing file /opt/airflow/dags/daily_revenue_etl_dag.py for tasks to queue
[2026-04-13T06:02:28.918+0000] {logging_mixin.py:188} INFO - [2026-04-13T06:02:28.918+0000] {dagbag.py:538} INFO - Filling up the DagBag from /opt/airflow/dags/daily_revenue_etl_dag.py
[2026-04-13T06:02:28.934+0000] {processor.py:840} INFO - DAG(s) 'daily_revenue_etl_dag' retrieved from /opt/airflow/dags/daily_revenue_etl_dag.py
[2026-04-13T06:02:28.956+0000] {logging_mixin.py:188} INFO - [2026-04-13T06:02:28.955+0000] {dag.py:3036} INFO - Sync 1 DAGs
[2026-04-13T06:02:28.976+0000] {logging_mixin.py:188} INFO - [2026-04-13T06:02:28.976+0000] {dag.py:3823} INFO - Setting next_dagrun for daily_revenue_etl_dag to 2026-04-13 00:00:00+00:00, run_after=2026-04-14 00:00:00+00:00
[2026-04-13T06:02:28.993+0000] {processor.py:183} INFO - Processing /opt/airflow/dags/daily_revenue_etl_dag.py took 0.080 seconds
[2026-04-13T06:03:38.345+0000] {processor.py:161} INFO - Started process (PID=1484) to work on /opt/airflow/dags/daily_revenue_etl_dag.py
[2026-04-13T06:03:38.346+0000] {processor.py:830} INFO - Processing file /opt/airflow/dags/daily_revenue_etl_dag.py for tasks to queue
[2026-04-13T06:03:38.347+0000] {logging_mixin.py:188} INFO - [2026-04-13T06:03:38.347+0000] {dagbag.py:538} INFO - Filling up the DagBag from /opt/airflow/dags/daily_revenue_etl_dag.py
[2026-04-13T06:03:38.364+0000] {processor.py:840} INFO - DAG(s) 'daily_revenue_etl_dag' retrieved from /opt/airflow/dags/daily_revenue_etl_dag.py
[2026-04-13T06:03:38.390+0000] {logging_mixin.py:188} INFO - [2026-04-13T06:03:38.390+0000] {dag.py:3036} INFO - Sync 1 DAGs
[2026-04-13T06:03:38.411+0000] {logging_mixin.py:188} INFO - [2026-04-13T06:03:38.410+0000] {dag.py:3823} INFO - Setting next_dagrun for daily_revenue_etl_dag to 2026-04-13 00:00:00+00:00, run_after=2026-04-14 00:00:00+00:00
[2026-04-13T06:03:38.428+0000] {processor.py:183} INFO - Processing /opt/airflow/dags/daily_revenue_etl_dag.py took 0.086 seconds
[2026-04-13T06:04:08.521+0000] {processor.py:161} INFO - Started process (PID=1489) to work on /opt/airflow/dags/daily_revenue_etl_dag.py
[2026-04-13T06:04:08.522+0000] {processor.py:830} INFO - Processing file /opt/airflow/dags/daily_revenue_etl_dag.py for tasks to queue
[2026-04-13T06:04:08.523+0000] {logging_mixin.py:188} INFO - [2026-04-13T06:04:08.522+0000] {dagbag.py:538} INFO - Filling up the DagBag from /opt/airflow/dags/daily_revenue_etl_dag.py
[2026-04-13T06:04:08.537+0000] {processor.py:840} INFO - DAG(s) 'daily_revenue_etl_dag' retrieved from /opt/airflow/dags/daily_revenue_etl_dag.py
[2026-04-13T06:04:08.557+0000] {logging_mixin.py:188} INFO - [2026-04-13T06:04:08.557+0000] {dag.py:3036} INFO - Sync 1 DAGs
[2026-04-13T06:04:08.574+0000] {logging_mixin.py:188} INFO - [2026-04-13T06:04:08.574+0000] {dag.py:3823} INFO - Setting next_dagrun for daily_revenue_etl_dag to 2026-04-13 00:00:00+00:00, run_after=2026-04-14 00:00:00+00:00
[2026-04-13T06:04:08.599+0000] {processor.py:183} INFO - Processing /opt/airflow/dags/daily_revenue_etl_dag.py took 0.082 seconds
[2026-04-13T06:05:03.906+0000] {processor.py:161} INFO - Started process (PID=1494) to work on /opt/airflow/dags/daily_revenue_etl_dag.py
[2026-04-13T06:05:03.907+0000] {processor.py:830} INFO - Processing file /opt/airflow/dags/daily_revenue_etl_dag.py for tasks to queue
[2026-04-13T06:05:03.907+0000] {logging_mixin.py:188} INFO - [2026-04-13T06:05:03.907+0000] {dagbag.py:538} INFO - Filling up the DagBag from /opt/airflow/dags/daily_revenue_etl_dag.py
[2026-04-13T06:05:03.924+0000] {processor.py:840} INFO - DAG(s) 'daily_revenue_etl_dag' retrieved from /opt/airflow/dags/daily_revenue_etl_dag.py
[2026-04-13T06:05:03.948+0000] {logging_mixin.py:188} INFO - [2026-04-13T06:05:03.948+0000] {dag.py:3036} INFO - Sync 1 DAGs
[2026-04-13T06:05:03.968+0000] {logging_mixin.py:188} INFO - [2026-04-13T06:05:03.968+0000] {dag.py:3823} INFO - Setting next_dagrun for daily_revenue_etl_dag to 2026-04-13 00:00:00+00:00, run_after=2026-04-14 00:00:00+00:00
[2026-04-13T05:41:06.560+0000] {processor.py:183} INFO - Processing /opt/airflow/dags/daily_revenue_etl_dag.py took 0.083 seconds
[2026-04-13T05:41:36.808+0000] {processor.py:161} INFO - Started process (PID=1500) to work on /opt/airflow/dags/daily_revenue_etl_dag.py
[2026-04-13T05:41:36.809+0000] {processor.py:830} INFO - Processing file /opt/airflow/dags/daily_revenue_etl_dag.py for tasks to queue
[2026-04-13T05:41:36.810+0000] {logging_mixin.py:188} INFO - [2026-04-13T05:41:36.809+0000] {dagbag.py:538} INFO - Filling up the DagBag from /opt/airflow/dags/daily_revenue_etl_dag.py
[2026-04-13T05:41:36.825+0000] {processor.py:840} INFO - DAG(s) 'daily_revenue_etl_dag' retrieved from /opt/airflow/dags/daily_revenue_etl_dag.py
[2026-04-13T05:41:36.857+0000] {logging_mixin.py:188} INFO - [2026-04-13T05:41:36.857+0000] {dag.py:3036} INFO - Sync 1 DAGs
[2026-04-13T05:41:36.880+0000] {logging_mixin.py:188} INFO - [2026-04-13T05:41:36.880+0000] {dag.py:3823} INFO - Setting next_dagrun for daily_revenue_etl_dag to 2026-04-13 00:00:00+00:00, run_after=2026-04-14 00:00:00+00:00
[2026-04-13T05:41:36.909+0000] {processor.py:183} INFO - Processing /opt/airflow/dags/daily_revenue_etl_dag.py took 0.106 seconds
[2026-04-13T05:42:07.067+0000] {processor.py:161} INFO - Started process (PID=1505) to work on /opt/airflow/dags/daily_revenue_etl_dag.py
[2026-04-13T05:42:07.067+0000] {processor.py:830} INFO - Processing file /opt/airflow/dags/daily_revenue_etl_dag.py for tasks to queue
[2026-04-13T05:42:07.068+0000] {logging_mixin.py:188} INFO - [2026-04-13T05:42:07.068+0000] {dagbag.py:538} INFO - Filling up the DagBag from /opt/airflow/dags/daily_revenue_etl_dag.py
[2026-04-13T05:42:07.083+0000] {processor.py:840} INFO - DAG(s) 'daily_revenue_etl_dag' retrieved from /opt/airflow/dags/daily_revenue_etl_dag.py
[2026-04-13T05:42:07.109+0000] {logging_mixin.py:188} INFO - [2026-04-13T05:42:07.109+0000] {dag.py:3036} INFO - Sync 1 DAGs
[2026-04-13T05:42:07.129+0000] {logging_mixin.py:188} INFO - [2026-04-13T05:42:07.129+0000] {dag.py:3823} INFO - Setting next_dagrun for daily_revenue_etl_dag to 2026-04-13 00:00:00+00:00, run_after=2026-04-14 00:00:00+00:00
[2026-04-13T05:42:07.147+0000] {processor.py:183} INFO - Processing /opt/airflow/dags/daily_revenue_etl_dag.py took 0.084 seconds
[2026-04-13T06:06:14.435+0000] {processor.py:161} INFO - Started process (PID=1510) to work on /opt/airflow/dags/daily_revenue_etl_dag.py
[2026-04-13T06:06:14.437+0000] {processor.py:830} INFO - Processing file /opt/airflow/dags/daily_revenue_etl_dag.py for tasks to queue
[2026-04-13T06:06:14.438+0000] {logging_mixin.py:188} INFO - [2026-04-13T06:06:14.438+0000] {dagbag.py:538} INFO - Filling up the DagBag from /opt/airflow/dags/daily_revenue_etl_dag.py
[2026-04-13T06:06:14.463+0000] {processor.py:840} INFO - DAG(s) 'daily_revenue_etl_dag' retrieved from /opt/airflow/dags/daily_revenue_etl_dag.py
[2026-04-13T06:06:14.485+0000] {logging_mixin.py:188} INFO - [2026-04-13T06:06:14.485+0000] {dag.py:3036} INFO - Sync 1 DAGs
[2026-04-13T06:06:14.505+0000] {logging_mixin.py:188} INFO - [2026-04-13T06:06:14.504+0000] {dag.py:3823} INFO - Setting next_dagrun for daily_revenue_etl_dag to 2026-04-13 00:00:00+00:00, run_after=2026-04-14 00:00:00+00:00
[2026-04-13T06:06:14.520+0000] {processor.py:183} INFO - Processing /opt/airflow/dags/daily_revenue_etl_dag.py took 0.091 seconds
[2026-04-13T06:06:48.725+0000] {processor.py:161} INFO - Started process (PID=1516) to work on /opt/airflow/dags/daily_revenue_etl_dag.py
[2026-04-13T06:06:48.726+0000] {processor.py:830} INFO - Processing file /opt/airflow/dags/daily_revenue_etl_dag.py for tasks to queue
[2026-04-13T06:06:48.727+0000] {logging_mixin.py:188} INFO - [2026-04-13T06:06:48.727+0000] {dagbag.py:538} INFO - Filling up the DagBag from /opt/airflow/dags/daily_revenue_etl_dag.py
[2026-04-13T06:06:48.753+0000] {processor.py:840} INFO - DAG(s) 'daily_revenue_etl_dag' retrieved from /opt/airflow/dags/daily_revenue_etl_dag.py
[2026-04-13T06:06:48.778+0000] {logging_mixin.py:188} INFO - [2026-04-13T06:06:48.778+0000] {dag.py:3036} INFO - Sync 1 DAGs
[2026-04-13T06:06:48.798+0000] {logging_mixin.py:188} INFO - [2026-04-13T06:06:48.798+0000] {dag.py:3823} INFO - Setting next_dagrun for daily_revenue_etl_dag to 2026-04-13 00:00:00+00:00, run_after=2026-04-14 00:00:00+00:00
[2026-04-13T06:06:48.813+0000] {processor.py:183} INFO - Processing /opt/airflow/dags/daily_revenue_etl_dag.py took 0.091 seconds
[2026-04-13T06:07:18.926+0000] {processor.py:161} INFO - Started process (PID=1521) to work on /opt/airflow/dags/daily_revenue_etl_dag.py
[2026-04-13T06:07:18.928+0000] {processor.py:830} INFO - Processing file /opt/airflow/dags/daily_revenue_etl_dag.py for tasks to queue
[2026-04-13T06:07:18.929+0000] {logging_mixin.py:188} INFO - [2026-04-13T06:07:18.929+0000] {dagbag.py:538} INFO - Filling up the DagBag from /opt/airflow/dags/daily_revenue_etl_dag.py
[2026-04-13T06:07:18.952+0000] {processor.py:840} INFO - DAG(s) 'daily_revenue_etl_dag' retrieved from /opt/airflow/dags/daily_revenue_etl_dag.py
[2026-04-13T05:43:21.685+0000] {logging_mixin.py:188} INFO - [2026-04-13T05:43:21.685+0000] {dag.py:3036} INFO - Sync 1 DAGs
[2026-04-13T05:43:21.734+0000] {logging_mixin.py:188} INFO - [2026-04-13T05:43:21.733+0000] {dag.py:3823} INFO - Setting next_dagrun for daily_revenue_etl_dag to 2026-04-13 00:00:00+00:00, run_after=2026-04-14 00:00:00+00:00
[2026-04-13T05:43:21.753+0000] {processor.py:183} INFO - Processing /opt/airflow/dags/daily_revenue_etl_dag.py took 0.141 seconds
[2026-04-13T05:43:51.837+0000] {processor.py:161} INFO - Started process (PID=1526) to work on /opt/airflow/dags/daily_revenue_etl_dag.py
[2026-04-13T05:43:51.839+0000] {processor.py:830} INFO - Processing file /opt/airflow/dags/daily_revenue_etl_dag.py for tasks to queue
[2026-04-13T05:43:51.840+0000] {logging_mixin.py:188} INFO - [2026-04-13T05:43:51.840+0000] {dagbag.py:538} INFO - Filling up the DagBag from /opt/airflow/dags/daily_revenue_etl_dag.py
[2026-04-13T05:43:51.866+0000] {processor.py:840} INFO - DAG(s) 'daily_revenue_etl_dag' retrieved from /opt/airflow/dags/daily_revenue_etl_dag.py
[2026-04-13T05:43:51.908+0000] {logging_mixin.py:188} INFO - [2026-04-13T05:43:51.907+0000] {dag.py:3036} INFO - Sync 1 DAGs
[2026-04-13T05:43:51.959+0000] {logging_mixin.py:188} INFO - [2026-04-13T05:43:51.959+0000] {dag.py:3823} INFO - Setting next_dagrun for daily_revenue_etl_dag to 2026-04-13 00:00:00+00:00, run_after=2026-04-14 00:00:00+00:00
[2026-04-13T05:43:51.999+0000] {processor.py:183} INFO - Processing /opt/airflow/dags/daily_revenue_etl_dag.py took 0.166 seconds
[2026-04-13T06:08:14.513+0000] {processor.py:161} INFO - Started process (PID=1531) to work on /opt/airflow/dags/daily_revenue_etl_dag.py
[2026-04-13T06:08:14.514+0000] {processor.py:830} INFO - Processing file /opt/airflow/dags/daily_revenue_etl_dag.py for tasks to queue
[2026-04-13T06:08:14.515+0000] {logging_mixin.py:188} INFO - [2026-04-13T06:08:14.515+0000] {dagbag.py:538} INFO - Filling up the DagBag from /opt/airflow/dags/daily_revenue_etl_dag.py
[2026-04-13T06:08:14.534+0000] {processor.py:840} INFO - DAG(s) 'daily_revenue_etl_dag' retrieved from /opt/airflow/dags/daily_revenue_etl_dag.py
[2026-04-13T06:08:14.559+0000] {logging_mixin.py:188} INFO - [2026-04-13T06:08:14.559+0000] {dag.py:3036} INFO - Sync 1 DAGs
[2026-04-13T06:08:14.577+0000] {logging_mixin.py:188} INFO - [2026-04-13T06:08:14.577+0000] {dag.py:3823} INFO - Setting next_dagrun for daily_revenue_etl_dag to 2026-04-13 00:00:00+00:00, run_after=2026-04-14 00:00:00+00:00
[2026-04-13T05:44:17.328+0000] {processor.py:183} INFO - Processing /opt/airflow/dags/daily_revenue_etl_dag.py took 0.103 seconds
[2026-04-13T05:44:47.422+0000] {processor.py:161} INFO - Started process (PID=1537) to work on /opt/airflow/dags/daily_revenue_etl_dag.py
[2026-04-13T05:44:47.424+0000] {processor.py:830} INFO - Processing file /opt/airflow/dags/daily_revenue_etl_dag.py for tasks to queue
[2026-04-13T05:44:47.426+0000] {logging_mixin.py:188} INFO - [2026-04-13T05:44:47.426+0000] {dagbag.py:538} INFO - Filling up the DagBag from /opt/airflow/dags/daily_revenue_etl_dag.py
[2026-04-13T05:44:47.450+0000] {processor.py:840} INFO - DAG(s) 'daily_revenue_etl_dag' retrieved from /opt/airflow/dags/daily_revenue_etl_dag.py
[2026-04-13T05:44:47.487+0000] {logging_mixin.py:188} INFO - [2026-04-13T05:44:47.486+0000] {dag.py:3036} INFO - Sync 1 DAGs
[2026-04-13T05:44:47.515+0000] {logging_mixin.py:188} INFO - [2026-04-13T05:44:47.514+0000] {dag.py:3823} INFO - Setting next_dagrun for daily_revenue_etl_dag to 2026-04-13 00:00:00+00:00, run_after=2026-04-14 00:00:00+00:00
[2026-04-13T05:44:47.557+0000] {processor.py:183} INFO - Processing /opt/airflow/dags/daily_revenue_etl_dag.py took 0.149 seconds
[2026-04-13T06:08:48.831+0000] {processor.py:161} INFO - Started process (PID=1542) to work on /opt/airflow/dags/daily_revenue_etl_dag.py
[2026-04-13T06:08:48.832+0000] {processor.py:830} INFO - Processing file /opt/airflow/dags/daily_revenue_etl_dag.py for tasks to queue
[2026-04-13T06:08:48.834+0000] {logging_mixin.py:188} INFO - [2026-04-13T06:08:48.833+0000] {dagbag.py:538} INFO - Filling up the DagBag from /opt/airflow/dags/daily_revenue_etl_dag.py
[2026-04-13T06:08:48.864+0000] {processor.py:840} INFO - DAG(s) 'daily_revenue_etl_dag' retrieved from /opt/airflow/dags/daily_revenue_etl_dag.py
[2026-04-13T06:08:48.908+0000] {logging_mixin.py:188} INFO - [2026-04-13T06:08:48.908+0000] {dag.py:3036} INFO - Sync 1 DAGs
[2026-04-13T06:08:48.950+0000] {logging_mixin.py:188} INFO - [2026-04-13T06:08:48.950+0000] {dag.py:3823} INFO - Setting next_dagrun for daily_revenue_etl_dag to 2026-04-13 00:00:00+00:00, run_after=2026-04-14 00:00:00+00:00
[2026-04-13T06:08:48.998+0000] {processor.py:183} INFO - Processing /opt/airflow/dags/daily_revenue_etl_dag.py took 0.171 seconds
[2026-04-13T06:09:19.119+0000] {processor.py:161} INFO - Started process (PID=1547) to work on /opt/airflow/dags/daily_revenue_etl_dag.py
[2026-04-13T06:09:19.120+0000] {processor.py:830} INFO - Processing file /opt/airflow/dags/daily_revenue_etl_dag.py for tasks to queue
[2026-04-13T06:09:19.122+0000] {logging_mixin.py:188} INFO - [2026-04-13T06:09:19.121+0000] {dagbag.py:538} INFO - Filling up the DagBag from /opt/airflow/dags/daily_revenue_etl_dag.py
[2026-04-13T06:09:19.139+0000] {processor.py:840} INFO - DAG(s) 'daily_revenue_etl_dag' retrieved from /opt/airflow/dags/daily_revenue_etl_dag.py
[2026-04-13T05:45:21.857+0000] {logging_mixin.py:188} INFO - [2026-04-13T05:45:21.857+0000] {dag.py:3036} INFO - Sync 1 DAGs
[2026-04-13T05:45:21.877+0000] {logging_mixin.py:188} INFO - [2026-04-13T05:45:21.877+0000] {dag.py:3823} INFO - Setting next_dagrun for daily_revenue_etl_dag to 2026-04-13 00:00:00+00:00, run_after=2026-04-14 00:00:00+00:00
[2026-04-13T05:45:21.895+0000] {processor.py:183} INFO - Processing /opt/airflow/dags/daily_revenue_etl_dag.py took 0.087 seconds
[2026-04-13T05:45:52.065+0000] {processor.py:161} INFO - Started process (PID=1552) to work on /opt/airflow/dags/daily_revenue_etl_dag.py
[2026-04-13T05:45:52.066+0000] {processor.py:830} INFO - Processing file /opt/airflow/dags/daily_revenue_etl_dag.py for tasks to queue
[2026-04-13T05:45:52.067+0000] {logging_mixin.py:188} INFO - [2026-04-13T05:45:52.066+0000] {dagbag.py:538} INFO - Filling up the DagBag from /opt/airflow/dags/daily_revenue_etl_dag.py
[2026-04-13T05:45:52.080+0000] {processor.py:840} INFO - DAG(s) 'daily_revenue_etl_dag' retrieved from /opt/airflow/dags/daily_revenue_etl_dag.py
[2026-04-13T05:45:52.104+0000] {logging_mixin.py:188} INFO - [2026-04-13T05:45:52.103+0000] {dag.py:3036} INFO - Sync 1 DAGs
[2026-04-13T05:45:52.122+0000] {logging_mixin.py:188} INFO - [2026-04-13T05:45:52.121+0000] {dag.py:3823} INFO - Setting next_dagrun for daily_revenue_etl_dag to 2026-04-13 00:00:00+00:00, run_after=2026-04-14 00:00:00+00:00
[2026-04-13T05:45:52.146+0000] {processor.py:183} INFO - Processing /opt/airflow/dags/daily_revenue_etl_dag.py took 0.084 seconds
[2026-04-13T06:10:14.511+0000] {processor.py:161} INFO - Started process (PID=1558) to work on /opt/airflow/dags/daily_revenue_etl_dag.py
[2026-04-13T06:10:14.512+0000] {processor.py:830} INFO - Processing file /opt/airflow/dags/daily_revenue_etl_dag.py for tasks to queue
[2026-04-13T06:10:14.513+0000] {logging_mixin.py:188} INFO - [2026-04-13T06:10:14.513+0000] {dagbag.py:538} INFO - Filling up the DagBag from /opt/airflow/dags/daily_revenue_etl_dag.py
[2026-04-13T06:10:14.530+0000] {processor.py:840} INFO - DAG(s) 'daily_revenue_etl_dag' retrieved from /opt/airflow/dags/daily_revenue_etl_dag.py
[2026-04-13T06:10:14.552+0000] {logging_mixin.py:188} INFO - [2026-04-13T06:10:14.551+0000] {dag.py:3036} INFO - Sync 1 DAGs
[2026-04-13T06:10:14.570+0000] {logging_mixin.py:188} INFO - [2026-04-13T06:10:14.570+0000] {dag.py:3823} INFO - Setting next_dagrun for daily_revenue_etl_dag to 2026-04-13 00:00:00+00:00, run_after=2026-04-14 00:00:00+00:00
[2026-04-13T06:10:14.587+0000] {processor.py:183} INFO - Processing /opt/airflow/dags/daily_revenue_etl_dag.py took 0.080 seconds
[2026-04-13T06:11:29.980+0000] {processor.py:161} INFO - Started process (PID=1564) to work on /opt/airflow/dags/daily_revenue_etl_dag.py
[2026-04-13T06:11:29.981+0000] {processor.py:830} INFO - Processing file /opt/airflow/dags/daily_revenue_etl_dag.py for tasks to queue
[2026-04-13T06:11:29.982+0000] {logging_mixin.py:188} INFO - [2026-04-13T06:11:29.982+0000] {dagbag.py:538} INFO - Filling up the DagBag from /opt/airflow/dags/daily_revenue_etl_dag.py
[2026-04-13T06:11:30.006+0000] {processor.py:840} INFO - DAG(s) 'daily_revenue_etl_dag' retrieved from /opt/airflow/dags/daily_revenue_etl_dag.py
[2026-04-13T06:11:30.037+0000] {logging_mixin.py:188} INFO - [2026-04-13T06:11:30.036+0000] {dag.py:3036} INFO - Sync 1 DAGs
[2026-04-13T06:11:30.060+0000] {logging_mixin.py:188} INFO - [2026-04-13T06:11:30.060+0000] {dag.py:3823} INFO - Setting next_dagrun for daily_revenue_etl_dag to 2026-04-13 00:00:00+00:00, run_after=2026-04-14 00:00:00+00:00
[2026-04-13T06:11:30.099+0000] {processor.py:183} INFO - Processing /opt/airflow/dags/daily_revenue_etl_dag.py took 0.123 seconds
[2026-04-13T06:12:04.188+0000] {processor.py:161} INFO - Started process (PID=1569) to work on /opt/airflow/dags/daily_revenue_etl_dag.py
[2026-04-13T06:12:04.191+0000] {processor.py:830} INFO - Processing file /opt/airflow/dags/daily_revenue_etl_dag.py for tasks to queue
[2026-04-13T06:12:04.192+0000] {logging_mixin.py:188} INFO - [2026-04-13T06:12:04.192+0000] {dagbag.py:538} INFO - Filling up the DagBag from /opt/airflow/dags/daily_revenue_etl_dag.py
[2026-04-13T06:12:04.213+0000] {processor.py:840} INFO - DAG(s) 'daily_revenue_etl_dag' retrieved from /opt/airflow/dags/daily_revenue_etl_dag.py
[2026-04-13T06:12:04.240+0000] {logging_mixin.py:188} INFO - [2026-04-13T06:12:04.239+0000] {dag.py:3036} INFO - Sync 1 DAGs
[2026-04-13T06:12:04.260+0000] {logging_mixin.py:188} INFO - [2026-04-13T06:12:04.259+0000] {dag.py:3823} INFO - Setting next_dagrun for daily_revenue_etl_dag to 2026-04-13 00:00:00+00:00, run_after=2026-04-14 00:00:00+00:00
[2026-04-13T06:12:04.277+0000] {processor.py:183} INFO - Processing /opt/airflow/dags/daily_revenue_etl_dag.py took 0.091 seconds
[2026-04-13T05:48:37.205+0000] {processor.py:161} INFO - Started process (PID=1574) to work on /opt/airflow/dags/daily_revenue_etl_dag.py
[2026-04-13T05:48:37.208+0000] {processor.py:830} INFO - Processing file /opt/airflow/dags/daily_revenue_etl_dag.py for tasks to queue
[2026-04-13T05:48:37.209+0000] {logging_mixin.py:188} INFO - [2026-04-13T05:48:37.209+0000] {dagbag.py:538} INFO - Filling up the DagBag from /opt/airflow/dags/daily_revenue_etl_dag.py
[2026-04-13T05:48:37.243+0000] {processor.py:840} INFO - DAG(s) 'daily_revenue_etl_dag' retrieved from /opt/airflow/dags/daily_revenue_etl_dag.py
[2026-04-13T05:48:37.284+0000] {logging_mixin.py:188} INFO - [2026-04-13T05:48:37.284+0000] {dag.py:3036} INFO - Sync 1 DAGs
[2026-04-13T05:48:37.315+0000] {logging_mixin.py:188} INFO - [2026-04-13T05:48:37.315+0000] {dag.py:3823} INFO - Setting next_dagrun for daily_revenue_etl_dag to 2026-04-13 00:00:00+00:00, run_after=2026-04-14 00:00:00+00:00
[2026-04-13T05:48:37.333+0000] {processor.py:183} INFO - Processing /opt/airflow/dags/daily_revenue_etl_dag.py took 0.134 seconds
[2026-04-13T06:12:39.530+0000] {processor.py:161} INFO - Started process (PID=1580) to work on /opt/airflow/dags/daily_revenue_etl_dag.py
[2026-04-13T06:12:39.532+0000] {processor.py:830} INFO - Processing file /opt/airflow/dags/daily_revenue_etl_dag.py for tasks to queue
[2026-04-13T06:12:39.532+0000] {logging_mixin.py:188} INFO - [2026-04-13T06:12:39.532+0000] {dagbag.py:538} INFO - Filling up the DagBag from /opt/airflow/dags/daily_revenue_etl_dag.py
[2026-04-13T06:12:39.552+0000] {processor.py:840} INFO - DAG(s) 'daily_revenue_etl_dag' retrieved from /opt/airflow/dags/daily_revenue_etl_dag.py
[2026-04-13T05:48:42.237+0000] {logging_mixin.py:188} INFO - [2026-04-13T05:48:42.237+0000] {dag.py:3036} INFO - Sync 1 DAGs
[2026-04-13T05:48:42.260+0000] {logging_mixin.py:188} INFO - [2026-04-13T05:48:42.260+0000] {dag.py:3823} INFO - Setting next_dagrun for daily_revenue_etl_dag to 2026-04-13 00:00:00+00:00, run_after=2026-04-14 00:00:00+00:00
[2026-04-13T05:48:42.277+0000] {processor.py:183} INFO - Processing /opt/airflow/dags/daily_revenue_etl_dag.py took 0.093 seconds
[2026-04-13T06:12:44.565+0000] {processor.py:161} INFO - Started process (PID=1585) to work on /opt/airflow/dags/daily_revenue_etl_dag.py
[2026-04-13T06:12:44.566+0000] {processor.py:830} INFO - Processing file /opt/airflow/dags/daily_revenue_etl_dag.py for tasks to queue
[2026-04-13T06:12:44.567+0000] {logging_mixin.py:188} INFO - [2026-04-13T06:12:44.566+0000] {dagbag.py:538} INFO - Filling up the DagBag from /opt/airflow/dags/daily_revenue_etl_dag.py
[2026-04-13T06:12:44.586+0000] {processor.py:840} INFO - DAG(s) 'daily_revenue_etl_dag' retrieved from /opt/airflow/dags/daily_revenue_etl_dag.py
[2026-04-13T06:12:44.610+0000] {logging_mixin.py:188} INFO - [2026-04-13T06:12:44.610+0000] {dag.py:3036} INFO - Sync 1 DAGs
[2026-04-13T06:12:44.633+0000] {logging_mixin.py:188} INFO - [2026-04-13T06:12:44.633+0000] {dag.py:3823} INFO - Setting next_dagrun for daily_revenue_etl_dag to 2026-04-13 00:00:00+00:00, run_after=2026-04-14 00:00:00+00:00
[2026-04-13T06:12:44.655+0000] {processor.py:183} INFO - Processing /opt/airflow/dags/daily_revenue_etl_dag.py took 0.093 seconds
[2026-04-13T06:15:04.481+0000] {processor.py:161} INFO - Started process (PID=1591) to work on /opt/airflow/dags/daily_revenue_etl_dag.py
[2026-04-13T06:15:04.482+0000] {processor.py:830} INFO - Processing file /opt/airflow/dags/daily_revenue_etl_dag.py for tasks to queue
[2026-04-13T06:15:04.483+0000] {logging_mixin.py:188} INFO - [2026-04-13T06:15:04.483+0000] {dagbag.py:538} INFO - Filling up the DagBag from /opt/airflow/dags/daily_revenue_etl_dag.py
[2026-04-13T06:15:04.501+0000] {processor.py:840} INFO - DAG(s) 'daily_revenue_etl_dag' retrieved from /opt/airflow/dags/daily_revenue_etl_dag.py
[2026-04-13T06:15:04.524+0000] {logging_mixin.py:188} INFO - [2026-04-13T06:15:04.524+0000] {dag.py:3036} INFO - Sync 1 DAGs
[2026-04-13T06:15:04.543+0000] {logging_mixin.py:188} INFO - [2026-04-13T06:15:04.543+0000] {dag.py:3823} INFO - Setting next_dagrun for daily_revenue_etl_dag to 2026-04-13 00:00:00+00:00, run_after=2026-04-14 00:00:00+00:00
[2026-04-13T06:15:04.572+0000] {processor.py:183} INFO - Processing /opt/airflow/dags/daily_revenue_etl_dag.py took 0.094 seconds
[2026-04-13T06:15:34.665+0000] {processor.py:161} INFO - Started process (PID=1596) to work on /opt/airflow/dags/daily_revenue_etl_dag.py
[2026-04-13T06:15:34.666+0000] {processor.py:830} INFO - Processing file /opt/airflow/dags/daily_revenue_etl_dag.py for tasks to queue
[2026-04-13T06:15:34.667+0000] {logging_mixin.py:188} INFO - [2026-04-13T06:15:34.667+0000] {dagbag.py:538} INFO - Filling up the DagBag from /opt/airflow/dags/daily_revenue_etl_dag.py
[2026-04-13T06:15:34.685+0000] {processor.py:840} INFO - DAG(s) 'daily_revenue_etl_dag' retrieved from /opt/airflow/dags/daily_revenue_etl_dag.py
[2026-04-13T06:15:34.712+0000] {logging_mixin.py:188} INFO - [2026-04-13T06:15:34.712+0000] {dag.py:3036} INFO - Sync 1 DAGs
[2026-04-13T06:15:34.740+0000] {logging_mixin.py:188} INFO - [2026-04-13T06:15:34.740+0000] {dag.py:3823} INFO - Setting next_dagrun for daily_revenue_etl_dag to 2026-04-13 00:00:00+00:00, run_after=2026-04-14 00:00:00+00:00
[2026-04-13T06:15:34.757+0000] {processor.py:183} INFO - Processing /opt/airflow/dags/daily_revenue_etl_dag.py took 0.096 seconds
[2026-04-13T05:51:42.498+0000] {processor.py:161} INFO - Started process (PID=1601) to work on /opt/airflow/dags/daily_revenue_etl_dag.py
[2026-04-13T05:51:42.499+0000] {processor.py:830} INFO - Processing file /opt/airflow/dags/daily_revenue_etl_dag.py for tasks to queue
[2026-04-13T05:51:42.500+0000] {logging_mixin.py:188} INFO - [2026-04-13T05:51:42.499+0000] {dagbag.py:538} INFO - Filling up the DagBag from /opt/airflow/dags/daily_revenue_etl_dag.py
[2026-04-13T05:51:42.518+0000] {processor.py:840} INFO - DAG(s) 'daily_revenue_etl_dag' retrieved from /opt/airflow/dags/daily_revenue_etl_dag.py
[2026-04-13T05:51:42.539+0000] {logging_mixin.py:188} INFO - [2026-04-13T05:51:42.539+0000] {dag.py:3036} INFO - Sync 1 DAGs
[2026-04-13T05:51:42.555+0000] {logging_mixin.py:188} INFO - [2026-04-13T05:51:42.554+0000] {dag.py:3823} INFO - Setting next_dagrun for daily_revenue_etl_dag to 2026-04-13 00:00:00+00:00, run_after=2026-04-14 00:00:00+00:00
[2026-04-13T05:51:42.568+0000] {processor.py:183} INFO - Processing /opt/airflow/dags/daily_revenue_etl_dag.py took 0.074 seconds
[2026-04-13T06:15:54.897+0000] {processor.py:161} INFO - Started process (PID=1606) to work on /opt/airflow/dags/daily_revenue_etl_dag.py
[2026-04-13T06:15:54.898+0000] {processor.py:830} INFO - Processing file /opt/airflow/dags/daily_revenue_etl_dag.py for tasks to queue
[2026-04-13T06:15:54.899+0000] {logging_mixin.py:188} INFO - [2026-04-13T06:15:54.899+0000] {dagbag.py:538} INFO - Filling up the DagBag from /opt/airflow/dags/daily_revenue_etl_dag.py
[2026-04-13T06:15:54.914+0000] {processor.py:840} INFO - DAG(s) 'daily_revenue_etl_dag' retrieved from /opt/airflow/dags/daily_revenue_etl_dag.py
[2026-04-13T05:51:57.585+0000] {logging_mixin.py:188} INFO - [2026-04-13T05:51:57.584+0000] {dag.py:3036} INFO - Sync 1 DAGs
[2026-04-13T05:51:57.604+0000] {logging_mixin.py:188} INFO - [2026-04-13T05:51:57.604+0000] {dag.py:3823} INFO - Setting next_dagrun for daily_revenue_etl_dag to 2026-04-13 00:00:00+00:00, run_after=2026-04-14 00:00:00+00:00
[2026-04-13T05:51:57.620+0000] {processor.py:183} INFO - Processing /opt/airflow/dags/daily_revenue_etl_dag.py took 0.080 seconds
[2026-04-13T05:52:27.799+0000] {processor.py:161} INFO - Started process (PID=1612) to work on /opt/airflow/dags/daily_revenue_etl_dag.py
[2026-04-13T05:52:27.799+0000] {processor.py:830} INFO - Processing file /opt/airflow/dags/daily_revenue_etl_dag.py for tasks to queue
[2026-04-13T05:52:27.800+0000] {logging_mixin.py:188} INFO - [2026-04-13T05:52:27.800+0000] {dagbag.py:538} INFO - Filling up the DagBag from /opt/airflow/dags/daily_revenue_etl_dag.py
[2026-04-13T05:52:27.815+0000] {processor.py:840} INFO - DAG(s) 'daily_revenue_etl_dag' retrieved from /opt/airflow/dags/daily_revenue_etl_dag.py
[2026-04-13T05:52:27.839+0000] {logging_mixin.py:188} INFO - [2026-04-13T05:52:27.839+0000] {dag.py:3036} INFO - Sync 1 DAGs
[2026-04-13T05:52:27.856+0000] {logging_mixin.py:188} INFO - [2026-04-13T05:52:27.856+0000] {dag.py:3823} INFO - Setting next_dagrun for daily_revenue_etl_dag to 2026-04-13 00:00:00+00:00, run_after=2026-04-14 00:00:00+00:00
[2026-04-13T05:52:27.872+0000] {processor.py:183} INFO - Processing /opt/airflow/dags/daily_revenue_etl_dag.py took 0.076 seconds
[2026-04-13T05:52:58.010+0000] {processor.py:161} INFO - Started process (PID=1617) to work on /opt/airflow/dags/daily_revenue_etl_dag.py
[2026-04-13T05:52:58.011+0000] {processor.py:830} INFO - Processing file /opt/airflow/dags/daily_revenue_etl_dag.py for tasks to queue
[2026-04-13T05:52:58.012+0000] {logging_mixin.py:188} INFO - [2026-04-13T05:52:58.012+0000] {dagbag.py:538} INFO - Filling up the DagBag from /opt/airflow/dags/daily_revenue_etl_dag.py
[2026-04-13T05:52:58.030+0000] {processor.py:840} INFO - DAG(s) 'daily_revenue_etl_dag' retrieved from /opt/airflow/dags/daily_revenue_etl_dag.py
[2026-04-13T05:52:58.056+0000] {logging_mixin.py:188} INFO - [2026-04-13T05:52:58.056+0000] {dag.py:3036} INFO - Sync 1 DAGs
[2026-04-13T05:52:58.074+0000] {logging_mixin.py:188} INFO - [2026-04-13T05:52:58.074+0000] {dag.py:3823} INFO - Setting next_dagrun for daily_revenue_etl_dag to 2026-04-13 00:00:00+00:00, run_after=2026-04-14 00:00:00+00:00
[2026-04-13T05:52:58.090+0000] {processor.py:183} INFO - Processing /opt/airflow/dags/daily_revenue_etl_dag.py took 0.083 seconds
[2026-04-13T06:17:00.413+0000] {processor.py:161} INFO - Started process (PID=1622) to work on /opt/airflow/dags/daily_revenue_etl_dag.py
[2026-04-13T06:17:00.414+0000] {processor.py:830} INFO - Processing file /opt/airflow/dags/daily_revenue_etl_dag.py for tasks to queue
[2026-04-13T06:17:00.415+0000] {logging_mixin.py:188} INFO - [2026-04-13T06:17:00.415+0000] {dagbag.py:538} INFO - Filling up the DagBag from /opt/airflow/dags/daily_revenue_etl_dag.py
[2026-04-13T06:17:00.437+0000] {processor.py:840} INFO - DAG(s) 'daily_revenue_etl_dag' retrieved from /opt/airflow/dags/daily_revenue_etl_dag.py
[2026-04-13T06:17:00.465+0000] {logging_mixin.py:188} INFO - [2026-04-13T06:17:00.464+0000] {dag.py:3036} INFO - Sync 1 DAGs
[2026-04-13T06:17:00.490+0000] {logging_mixin.py:188} INFO - [2026-04-13T06:17:00.490+0000] {dag.py:3823} INFO - Setting next_dagrun for daily_revenue_etl_dag to 2026-04-13 00:00:00+00:00, run_after=2026-04-14 00:00:00+00:00
[2026-04-13T06:17:00.526+0000] {processor.py:183} INFO - Processing /opt/airflow/dags/daily_revenue_etl_dag.py took 0.117 seconds
[2026-04-13T06:17:30.625+0000] {processor.py:161} INFO - Started process (PID=1627) to work on /opt/airflow/dags/daily_revenue_etl_dag.py
[2026-04-13T06:17:30.626+0000] {processor.py:830} INFO - Processing file /opt/airflow/dags/daily_revenue_etl_dag.py for tasks to queue
[2026-04-13T06:17:30.627+0000] {logging_mixin.py:188} INFO - [2026-04-13T06:17:30.627+0000] {dagbag.py:538} INFO - Filling up the DagBag from /opt/airflow/dags/daily_revenue_etl_dag.py
[2026-04-13T06:17:30.643+0000] {processor.py:840} INFO - DAG(s) 'daily_revenue_etl_dag' retrieved from /opt/airflow/dags/daily_revenue_etl_dag.py
[2026-04-13T06:17:30.668+0000] {logging_mixin.py:188} INFO - [2026-04-13T06:17:30.668+0000] {dag.py:3036} INFO - Sync 1 DAGs
[2026-04-13T06:17:30.686+0000] {logging_mixin.py:188} INFO - [2026-04-13T06:17:30.686+0000] {dag.py:3823} INFO - Setting next_dagrun for daily_revenue_etl_dag to 2026-04-13 00:00:00+00:00, run_after=2026-04-14 00:00:00+00:00
[2026-04-13T06:17:30.711+0000] {processor.py:183} INFO - Processing /opt/airflow/dags/daily_revenue_etl_dag.py took 0.089 seconds
[2026-04-13T06:18:04.908+0000] {processor.py:161} INFO - Started process (PID=1632) to work on /opt/airflow/dags/daily_revenue_etl_dag.py
[2026-04-13T06:18:04.909+0000] {processor.py:830} INFO - Processing file /opt/airflow/dags/daily_revenue_etl_dag.py for tasks to queue
[2026-04-13T06:18:04.911+0000] {logging_mixin.py:188} INFO - [2026-04-13T06:18:04.910+0000] {dagbag.py:538} INFO - Filling up the DagBag from /opt/airflow/dags/daily_revenue_etl_dag.py
[2026-04-13T06:18:04.938+0000] {processor.py:840} INFO - DAG(s) 'daily_revenue_etl_dag' retrieved from /opt/airflow/dags/daily_revenue_etl_dag.py
[2026-04-13T06:18:04.987+0000] {logging_mixin.py:188} INFO - [2026-04-13T06:18:04.986+0000] {dag.py:3036} INFO - Sync 1 DAGs
[2026-04-13T06:18:05.022+0000] {logging_mixin.py:188} INFO - [2026-04-13T06:18:05.021+0000] {dag.py:3823} INFO - Setting next_dagrun for daily_revenue_etl_dag to 2026-04-13 00:00:00+00:00, run_after=2026-04-14 00:00:00+00:00
[2026-04-13T06:18:05.057+0000] {processor.py:183} INFO - Processing /opt/airflow/dags/daily_revenue_etl_dag.py took 0.154 seconds
[2026-04-13T06:18:09.958+0000] {processor.py:161} INFO - Started process (PID=1637) to work on /opt/airflow/dags/daily_revenue_etl_dag.py
[2026-04-13T06:18:09.960+0000] {processor.py:830} INFO - Processing file /opt/airflow/dags/daily_revenue_etl_dag.py for tasks to queue
[2026-04-13T06:18:09.961+0000] {logging_mixin.py:188} INFO - [2026-04-13T06:18:09.960+0000] {dagbag.py:538} INFO - Filling up the DagBag from /opt/airflow/dags/daily_revenue_etl_dag.py
[2026-04-13T06:18:09.978+0000] {processor.py:840} INFO - DAG(s) 'daily_revenue_etl_dag' retrieved from /opt/airflow/dags/daily_revenue_etl_dag.py
[2026-04-13T06:18:10.002+0000] {logging_mixin.py:188} INFO - [2026-04-13T06:18:10.002+0000] {dag.py:3036} INFO - Sync 1 DAGs
[2026-04-13T06:18:10.025+0000] {logging_mixin.py:188} INFO - [2026-04-13T06:18:10.025+0000] {dag.py:3823} INFO - Setting next_dagrun for daily_revenue_etl_dag to 2026-04-13 00:00:00+00:00, run_after=2026-04-14 00:00:00+00:00
[2026-04-13T06:18:10.045+0000] {processor.py:183} INFO - Processing /opt/airflow/dags/daily_revenue_etl_dag.py took 0.090 seconds
[2026-04-13T06:19:00.258+0000] {processor.py:161} INFO - Started process (PID=1643) to work on /opt/airflow/dags/daily_revenue_etl_dag.py
[2026-04-13T06:19:00.259+0000] {processor.py:830} INFO - Processing file /opt/airflow/dags/daily_revenue_etl_dag.py for tasks to queue
[2026-04-13T06:19:00.260+0000] {logging_mixin.py:188} INFO - [2026-04-13T06:19:00.260+0000] {dagbag.py:538} INFO - Filling up the DagBag from /opt/airflow/dags/daily_revenue_etl_dag.py
[2026-04-13T06:19:00.276+0000] {processor.py:840} INFO - DAG(s) 'daily_revenue_etl_dag' retrieved from /opt/airflow/dags/daily_revenue_etl_dag.py
[2026-04-13T06:19:00.297+0000] {logging_mixin.py:188} INFO - [2026-04-13T06:19:00.297+0000] {dag.py:3036} INFO - Sync 1 DAGs
[2026-04-13T06:19:00.317+0000] {logging_mixin.py:188} INFO - [2026-04-13T06:19:00.317+0000] {dag.py:3823} INFO - Setting next_dagrun for daily_revenue_etl_dag to 2026-04-13 00:00:00+00:00, run_after=2026-04-14 00:00:00+00:00
[2026-04-13T06:19:00.335+0000] {processor.py:183} INFO - Processing /opt/airflow/dags/daily_revenue_etl_dag.py took 0.081 seconds
[2026-04-13T06:19:44.564+0000] {processor.py:161} INFO - Started process (PID=1649) to work on /opt/airflow/dags/daily_revenue_etl_dag.py
[2026-04-13T06:19:44.565+0000] {processor.py:830} INFO - Processing file /opt/airflow/dags/daily_revenue_etl_dag.py for tasks to queue
[2026-04-13T06:19:44.566+0000] {logging_mixin.py:188} INFO - [2026-04-13T06:19:44.566+0000] {dagbag.py:538} INFO - Filling up the DagBag from /opt/airflow/dags/daily_revenue_etl_dag.py
[2026-04-13T06:19:44.585+0000] {processor.py:840} INFO - DAG(s) 'daily_revenue_etl_dag' retrieved from /opt/airflow/dags/daily_revenue_etl_dag.py
[2026-04-13T06:19:44.609+0000] {logging_mixin.py:188} INFO - [2026-04-13T06:19:44.609+0000] {dag.py:3036} INFO - Sync 1 DAGs
[2026-04-13T06:19:44.630+0000] {logging_mixin.py:188} INFO - [2026-04-13T06:19:44.630+0000] {dag.py:3823} INFO - Setting next_dagrun for daily_revenue_etl_dag to 2026-04-13 00:00:00+00:00, run_after=2026-04-14 00:00:00+00:00
[2026-04-13T06:19:44.654+0000] {processor.py:183} INFO - Processing /opt/airflow/dags/daily_revenue_etl_dag.py took 0.092 seconds
[2026-04-13T06:21:20.139+0000] {processor.py:161} INFO - Started process (PID=1655) to work on /opt/airflow/dags/daily_revenue_etl_dag.py
[2026-04-13T06:21:20.140+0000] {processor.py:830} INFO - Processing file /opt/airflow/dags/daily_revenue_etl_dag.py for tasks to queue
[2026-04-13T06:21:20.141+0000] {logging_mixin.py:188} INFO - [2026-04-13T06:21:20.141+0000] {dagbag.py:538} INFO - Filling up the DagBag from /opt/airflow/dags/daily_revenue_etl_dag.py
[2026-04-13T06:21:20.156+0000] {processor.py:840} INFO - DAG(s) 'daily_revenue_etl_dag' retrieved from /opt/airflow/dags/daily_revenue_etl_dag.py
[2026-04-13T06:21:20.178+0000] {logging_mixin.py:188} INFO - [2026-04-13T06:21:20.178+0000] {dag.py:3036} INFO - Sync 1 DAGs
[2026-04-13T06:21:20.196+0000] {logging_mixin.py:188} INFO - [2026-04-13T06:21:20.196+0000] {dag.py:3823} INFO - Setting next_dagrun for daily_revenue_etl_dag to 2026-04-13 00:00:00+00:00, run_after=2026-04-14 00:00:00+00:00
[2026-04-13T06:21:20.211+0000] {processor.py:183} INFO - Processing /opt/airflow/dags/daily_revenue_etl_dag.py took 0.076 seconds
[2026-04-13T06:21:50.333+0000] {processor.py:161} INFO - Started process (PID=1660) to work on /opt/airflow/dags/daily_revenue_etl_dag.py
[2026-04-13T06:21:50.334+0000] {processor.py:830} INFO - Processing file /opt/airflow/dags/daily_revenue_etl_dag.py for tasks to queue
[2026-04-13T06:21:50.335+0000] {logging_mixin.py:188} INFO - [2026-04-13T06:21:50.335+0000] {dagbag.py:538} INFO - Filling up the DagBag from /opt/airflow/dags/daily_revenue_etl_dag.py
[2026-04-13T06:21:50.354+0000] {processor.py:840} INFO - DAG(s) 'daily_revenue_etl_dag' retrieved from /opt/airflow/dags/daily_revenue_etl_dag.py
[2026-04-13T06:21:50.377+0000] {logging_mixin.py:188} INFO - [2026-04-13T06:21:50.377+0000] {dag.py:3036} INFO - Sync 1 DAGs
[2026-04-13T05:57:53.128+0000] {logging_mixin.py:188} INFO - [2026-04-13T05:57:53.128+0000] {dag.py:3823} INFO - Setting next_dagrun for daily_revenue_etl_dag to 2026-04-13 00:00:00+00:00, run_after=2026-04-14 00:00:00+00:00
[2026-04-13T05:57:53.145+0000] {processor.py:183} INFO - Processing /opt/airflow/dags/daily_revenue_etl_dag.py took 0.087 seconds
[2026-04-13T06:22:14.507+0000] {processor.py:161} INFO - Started process (PID=1665) to work on /opt/airflow/dags/daily_revenue_etl_dag.py
[2026-04-13T06:22:14.508+0000] {processor.py:830} INFO - Processing file /opt/airflow/dags/daily_revenue_etl_dag.py for tasks to queue
[2026-04-13T06:22:14.509+0000] {logging_mixin.py:188} INFO - [2026-04-13T06:22:14.509+0000] {dagbag.py:538} INFO - Filling up the DagBag from /opt/airflow/dags/daily_revenue_etl_dag.py
[2026-04-13T06:22:14.527+0000] {processor.py:840} INFO - DAG(s) 'daily_revenue_etl_dag' retrieved from /opt/airflow/dags/daily_revenue_etl_dag.py
[2026-04-13T06:22:14.551+0000] {logging_mixin.py:188} INFO - [2026-04-13T06:22:14.551+0000] {dag.py:3036} INFO - Sync 1 DAGs
[2026-04-13T06:22:14.571+0000] {logging_mixin.py:188} INFO - [2026-04-13T06:22:14.571+0000] {dag.py:3823} INFO - Setting next_dagrun for daily_revenue_etl_dag to 2026-04-13 00:00:00+00:00, run_after=2026-04-14 00:00:00+00:00
[2026-04-13T06:22:14.599+0000] {processor.py:183} INFO - Processing /opt/airflow/dags/daily_revenue_etl_dag.py took 0.095 seconds
[2026-04-13T06:24:01.154+0000] {processor.py:161} INFO - Started process (PID=1671) to work on /opt/airflow/dags/daily_revenue_etl_dag.py
[2026-04-13T06:24:01.155+0000] {processor.py:830} INFO - Processing file /opt/airflow/dags/daily_revenue_etl_dag.py for tasks to queue
[2026-04-13T06:24:01.156+0000] {logging_mixin.py:188} INFO - [2026-04-13T06:24:01.156+0000] {dagbag.py:538} INFO - Filling up the DagBag from /opt/airflow/dags/daily_revenue_etl_dag.py
[2026-04-13T06:24:01.170+0000] {processor.py:840} INFO - DAG(s) 'daily_revenue_etl_dag' retrieved from /opt/airflow/dags/daily_revenue_etl_dag.py
[2026-04-13T06:24:01.196+0000] {logging_mixin.py:188} INFO - [2026-04-13T06:24:01.196+0000] {dag.py:3036} INFO - Sync 1 DAGs
[2026-04-13T06:24:01.218+0000] {logging_mixin.py:188} INFO - [2026-04-13T06:24:01.218+0000] {dag.py:3823} INFO - Setting next_dagrun for daily_revenue_etl_dag to 2026-04-13 00:00:00+00:00, run_after=2026-04-14 00:00:00+00:00
[2026-04-13T06:24:01.240+0000] {processor.py:183} INFO - Processing /opt/airflow/dags/daily_revenue_etl_dag.py took 0.089 seconds
[2026-04-13T06:24:45.463+0000] {processor.py:161} INFO - Started process (PID=1676) to work on /opt/airflow/dags/daily_revenue_etl_dag.py
[2026-04-13T06:24:45.464+0000] {processor.py:830} INFO - Processing file /opt/airflow/dags/daily_revenue_etl_dag.py for tasks to queue
[2026-04-13T06:24:45.465+0000] {logging_mixin.py:188} INFO - [2026-04-13T06:24:45.464+0000] {dagbag.py:538} INFO - Filling up the DagBag from /opt/airflow/dags/daily_revenue_etl_dag.py
[2026-04-13T06:24:45.480+0000] {processor.py:840} INFO - DAG(s) 'daily_revenue_etl_dag' retrieved from /opt/airflow/dags/daily_revenue_etl_dag.py
[2026-04-13T06:24:45.504+0000] {logging_mixin.py:188} INFO - [2026-04-13T06:24:45.504+0000] {dag.py:3036} INFO - Sync 1 DAGs
[2026-04-13T06:24:45.523+0000] {logging_mixin.py:188} INFO - [2026-04-13T06:24:45.523+0000] {dag.py:3823} INFO - Setting next_dagrun for daily_revenue_etl_dag to 2026-04-13 00:00:00+00:00, run_after=2026-04-14 00:00:00+00:00
[2026-04-13T06:24:45.542+0000] {processor.py:183} INFO - Processing /opt/airflow/dags/daily_revenue_etl_dag.py took 0.082 seconds
[2026-04-13T06:25:15.660+0000] {processor.py:161} INFO - Started process (PID=1682) to work on /opt/airflow/dags/daily_revenue_etl_dag.py
[2026-04-13T06:25:15.662+0000] {processor.py:830} INFO - Processing file /opt/airflow/dags/daily_revenue_etl_dag.py for tasks to queue
[2026-04-13T06:25:15.663+0000] {logging_mixin.py:188} INFO - [2026-04-13T06:25:15.663+0000] {dagbag.py:538} INFO - Filling up the DagBag from /opt/airflow/dags/daily_revenue_etl_dag.py
[2026-04-13T06:25:15.682+0000] {processor.py:840} INFO - DAG(s) 'daily_revenue_etl_dag' retrieved from /opt/airflow/dags/daily_revenue_etl_dag.py
[2026-04-13T06:25:15.705+0000] {logging_mixin.py:188} INFO - [2026-04-13T06:25:15.705+0000] {dag.py:3036} INFO - Sync 1 DAGs
[2026-04-13T06:25:15.724+0000] {logging_mixin.py:188} INFO - [2026-04-13T06:25:15.723+0000] {dag.py:3823} INFO - Setting next_dagrun for daily_revenue_etl_dag to 2026-04-13 00:00:00+00:00, run_after=2026-04-14 00:00:00+00:00
[2026-04-13T06:25:15.751+0000] {processor.py:183} INFO - Processing /opt/airflow/dags/daily_revenue_etl_dag.py took 0.095 seconds
[2026-04-13T06:27:44.581+0000] {processor.py:161} INFO - Started process (PID=1688) to work on /opt/airflow/dags/daily_revenue_etl_dag.py
[2026-04-13T06:27:44.583+0000] {processor.py:830} INFO - Processing file /opt/airflow/dags/daily_revenue_etl_dag.py for tasks to queue
[2026-04-13T06:27:44.584+0000] {logging_mixin.py:188} INFO - [2026-04-13T06:27:44.584+0000] {dagbag.py:538} INFO - Filling up the DagBag from /opt/airflow/dags/daily_revenue_etl_dag.py
[2026-04-13T06:27:44.602+0000] {processor.py:840} INFO - DAG(s) 'daily_revenue_etl_dag' retrieved from /opt/airflow/dags/daily_revenue_etl_dag.py
[2026-04-13T06:27:44.624+0000] {logging_mixin.py:188} INFO - [2026-04-13T06:27:44.623+0000] {dag.py:3036} INFO - Sync 1 DAGs
[2026-04-13T06:27:44.644+0000] {logging_mixin.py:188} INFO - [2026-04-13T06:27:44.643+0000] {dag.py:3823} INFO - Setting next_dagrun for daily_revenue_etl_dag to 2026-04-13 00:00:00+00:00, run_after=2026-04-14 00:00:00+00:00
[2026-04-13T06:27:44.660+0000] {processor.py:183} INFO - Processing /opt/airflow/dags/daily_revenue_etl_dag.py took 0.082 seconds
[2026-04-13T06:28:14.779+0000] {processor.py:161} INFO - Started process (PID=1693) to work on /opt/airflow/dags/daily_revenue_etl_dag.py
[2026-04-13T06:28:14.780+0000] {processor.py:830} INFO - Processing file /opt/airflow/dags/daily_revenue_etl_dag.py for tasks to queue
[2026-04-13T06:28:14.781+0000] {logging_mixin.py:188} INFO - [2026-04-13T06:28:14.781+0000] {dagbag.py:538} INFO - Filling up the DagBag from /opt/airflow/dags/daily_revenue_etl_dag.py
[2026-04-13T06:28:14.796+0000] {processor.py:840} INFO - DAG(s) 'daily_revenue_etl_dag' retrieved from /opt/airflow/dags/daily_revenue_etl_dag.py
[2026-04-13T06:28:14.821+0000] {logging_mixin.py:188} INFO - [2026-04-13T06:28:14.820+0000] {dag.py:3036} INFO - Sync 1 DAGs
[2026-04-13T06:28:14.838+0000] {logging_mixin.py:188} INFO - [2026-04-13T06:28:14.838+0000] {dag.py:3823} INFO - Setting next_dagrun for daily_revenue_etl_dag to 2026-04-13 00:00:00+00:00, run_after=2026-04-14 00:00:00+00:00
[2026-04-13T06:04:17.540+0000] {processor.py:183} INFO - Processing /opt/airflow/dags/daily_revenue_etl_dag.py took 0.088 seconds
[2026-04-13T06:28:15.861+0000] {processor.py:161} INFO - Started process (PID=1698) to work on /opt/airflow/dags/daily_revenue_etl_dag.py
[2026-04-13T06:28:15.862+0000] {processor.py:830} INFO - Processing file /opt/airflow/dags/daily_revenue_etl_dag.py for tasks to queue
[2026-04-13T06:28:15.863+0000] {logging_mixin.py:188} INFO - [2026-04-13T06:28:15.863+0000] {dagbag.py:538} INFO - Filling up the DagBag from /opt/airflow/dags/daily_revenue_etl_dag.py
[2026-04-13T06:28:15.877+0000] {processor.py:840} INFO - DAG(s) 'daily_revenue_etl_dag' retrieved from /opt/airflow/dags/daily_revenue_etl_dag.py
[2026-04-13T06:28:15.901+0000] {logging_mixin.py:188} INFO - [2026-04-13T06:28:15.900+0000] {dag.py:3036} INFO - Sync 1 DAGs
[2026-04-13T06:28:15.918+0000] {logging_mixin.py:188} INFO - [2026-04-13T06:28:15.918+0000] {dag.py:3823} INFO - Setting next_dagrun for daily_revenue_etl_dag to 2026-04-13 00:00:00+00:00, run_after=2026-04-14 00:00:00+00:00
[2026-04-13T06:28:15.944+0000] {processor.py:183} INFO - Processing /opt/airflow/dags/daily_revenue_etl_dag.py took 0.086 seconds
[2026-04-13T06:28:46.070+0000] {processor.py:161} INFO - Started process (PID=1703) to work on /opt/airflow/dags/daily_revenue_etl_dag.py
[2026-04-13T06:28:46.071+0000] {processor.py:830} INFO - Processing file /opt/airflow/dags/daily_revenue_etl_dag.py for tasks to queue
[2026-04-13T06:28:46.072+0000] {logging_mixin.py:188} INFO - [2026-04-13T06:28:46.072+0000] {dagbag.py:538} INFO - Filling up the DagBag from /opt/airflow/dags/daily_revenue_etl_dag.py
[2026-04-13T06:28:46.090+0000] {processor.py:840} INFO - DAG(s) 'daily_revenue_etl_dag' retrieved from /opt/airflow/dags/daily_revenue_etl_dag.py
[2026-04-13T06:28:46.113+0000] {logging_mixin.py:188} INFO - [2026-04-13T06:28:46.113+0000] {dag.py:3036} INFO - Sync 1 DAGs
[2026-04-13T06:28:46.132+0000] {logging_mixin.py:188} INFO - [2026-04-13T06:28:46.132+0000] {dag.py:3823} INFO - Setting next_dagrun for daily_revenue_etl_dag to 2026-04-13 00:00:00+00:00, run_after=2026-04-14 00:00:00+00:00
[2026-04-13T06:28:46.149+0000] {processor.py:183} INFO - Processing /opt/airflow/dags/daily_revenue_etl_dag.py took 0.082 seconds
[2026-04-13T06:29:16.287+0000] {processor.py:161} INFO - Started process (PID=1709) to work on /opt/airflow/dags/daily_revenue_etl_dag.py
[2026-04-13T06:29:16.288+0000] {processor.py:830} INFO - Processing file /opt/airflow/dags/daily_revenue_etl_dag.py for tasks to queue
[2026-04-13T06:29:16.288+0000] {logging_mixin.py:188} INFO - [2026-04-13T06:29:16.288+0000] {dagbag.py:538} INFO - Filling up the DagBag from /opt/airflow/dags/daily_revenue_etl_dag.py
[2026-04-13T06:05:18.986+0000] {processor.py:840} INFO - DAG(s) 'daily_revenue_etl_dag' retrieved from /opt/airflow/dags/daily_revenue_etl_dag.py
[2026-04-13T06:05:19.011+0000] {logging_mixin.py:188} INFO - [2026-04-13T06:05:19.011+0000] {dag.py:3036} INFO - Sync 1 DAGs
[2026-04-13T06:05:19.033+0000] {logging_mixin.py:188} INFO - [2026-04-13T06:05:19.033+0000] {dag.py:3823} INFO - Setting next_dagrun for daily_revenue_etl_dag to 2026-04-13 00:00:00+00:00, run_after=2026-04-14 00:00:00+00:00
[2026-04-13T06:05:19.051+0000] {processor.py:183} INFO - Processing /opt/airflow/dags/daily_revenue_etl_dag.py took 0.087 seconds
[2026-04-13T06:29:21.335+0000] {processor.py:161} INFO - Started process (PID=1714) to work on /opt/airflow/dags/daily_revenue_etl_dag.py
[2026-04-13T06:29:21.336+0000] {processor.py:830} INFO - Processing file /opt/airflow/dags/daily_revenue_etl_dag.py for tasks to queue
[2026-04-13T06:29:21.337+0000] {logging_mixin.py:188} INFO - [2026-04-13T06:29:21.337+0000] {dagbag.py:538} INFO - Filling up the DagBag from /opt/airflow/dags/daily_revenue_etl_dag.py
[2026-04-13T06:29:21.353+0000] {processor.py:840} INFO - DAG(s) 'daily_revenue_etl_dag' retrieved from /opt/airflow/dags/daily_revenue_etl_dag.py
[2026-04-13T06:29:21.376+0000] {logging_mixin.py:188} INFO - [2026-04-13T06:29:21.376+0000] {dag.py:3036} INFO - Sync 1 DAGs
[2026-04-13T06:29:21.393+0000] {logging_mixin.py:188} INFO - [2026-04-13T06:29:21.392+0000] {dag.py:3823} INFO - Setting next_dagrun for daily_revenue_etl_dag to 2026-04-13 00:00:00+00:00, run_after=2026-04-14 00:00:00+00:00
[2026-04-13T06:29:21.418+0000] {processor.py:183} INFO - Processing /opt/airflow/dags/daily_revenue_etl_dag.py took 0.086 seconds
[2026-04-13T06:30:14.762+0000] {processor.py:161} INFO - Started process (PID=1719) to work on /opt/airflow/dags/daily_revenue_etl_dag.py
[2026-04-13T06:30:14.765+0000] {processor.py:830} INFO - Processing file /opt/airflow/dags/daily_revenue_etl_dag.py for tasks to queue
[2026-04-13T06:30:14.767+0000] {logging_mixin.py:188} INFO - [2026-04-13T06:30:14.766+0000] {dagbag.py:538} INFO - Filling up the DagBag from /opt/airflow/dags/daily_revenue_etl_dag.py
[2026-04-13T06:06:17.529+0000] {processor.py:840} INFO - DAG(s) 'daily_revenue_etl_dag' retrieved from /opt/airflow/dags/daily_revenue_etl_dag.py
[2026-04-13T06:06:17.579+0000] {logging_mixin.py:188} INFO - [2026-04-13T06:06:17.579+0000] {dag.py:3036} INFO - Sync 1 DAGs
[2026-04-13T06:06:17.625+0000] {logging_mixin.py:188} INFO - [2026-04-13T06:06:17.624+0000] {dag.py:3823} INFO - Setting next_dagrun for daily_revenue_etl_dag to 2026-04-13 00:00:00+00:00, run_after=2026-04-14 00:00:00+00:00
[2026-04-13T06:06:17.671+0000] {processor.py:183} INFO - Processing /opt/airflow/dags/daily_revenue_etl_dag.py took 0.188 seconds
[2026-04-13T06:06:47.832+0000] {processor.py:161} INFO - Started process (PID=1724) to work on /opt/airflow/dags/daily_revenue_etl_dag.py
[2026-04-13T06:06:47.833+0000] {processor.py:830} INFO - Processing file /opt/airflow/dags/daily_revenue_etl_dag.py for tasks to queue
[2026-04-13T06:06:47.834+0000] {logging_mixin.py:188} INFO - [2026-04-13T06:06:47.833+0000] {dagbag.py:538} INFO - Filling up the DagBag from /opt/airflow/dags/daily_revenue_etl_dag.py
[2026-04-13T06:06:47.851+0000] {processor.py:840} INFO - DAG(s) 'daily_revenue_etl_dag' retrieved from /opt/airflow/dags/daily_revenue_etl_dag.py
[2026-04-13T06:06:47.874+0000] {logging_mixin.py:188} INFO - [2026-04-13T06:06:47.874+0000] {dag.py:3036} INFO - Sync 1 DAGs
[2026-04-13T06:06:47.893+0000] {logging_mixin.py:188} INFO - [2026-04-13T06:06:47.893+0000] {dag.py:3823} INFO - Setting next_dagrun for daily_revenue_etl_dag to 2026-04-13 00:00:00+00:00, run_after=2026-04-14 00:00:00+00:00
[2026-04-13T06:06:47.910+0000] {processor.py:183} INFO - Processing /opt/airflow/dags/daily_revenue_etl_dag.py took 0.081 seconds
[2026-04-13T06:30:46.130+0000] {processor.py:161} INFO - Started process (PID=1729) to work on /opt/airflow/dags/daily_revenue_etl_dag.py
[2026-04-13T06:30:46.131+0000] {processor.py:830} INFO - Processing file /opt/airflow/dags/daily_revenue_etl_dag.py for tasks to queue
[2026-04-13T06:30:46.132+0000] {logging_mixin.py:188} INFO - [2026-04-13T06:30:46.132+0000] {dagbag.py:538} INFO - Filling up the DagBag from /opt/airflow/dags/daily_revenue_etl_dag.py
[2026-04-13T06:30:46.147+0000] {processor.py:840} INFO - DAG(s) 'daily_revenue_etl_dag' retrieved from /opt/airflow/dags/daily_revenue_etl_dag.py
[2026-04-13T06:30:46.168+0000] {logging_mixin.py:188} INFO - [2026-04-13T06:30:46.168+0000] {dag.py:3036} INFO - Sync 1 DAGs
[2026-04-13T06:30:46.187+0000] {logging_mixin.py:188} INFO - [2026-04-13T06:30:46.186+0000] {dag.py:3823} INFO - Setting next_dagrun for daily_revenue_etl_dag to 2026-04-13 00:00:00+00:00, run_after=2026-04-14 00:00:00+00:00
[2026-04-13T06:30:46.203+0000] {processor.py:183} INFO - Processing /opt/airflow/dags/daily_revenue_etl_dag.py took 0.076 seconds
[2026-04-13T06:31:16.394+0000] {processor.py:161} INFO - Started process (PID=1735) to work on /opt/airflow/dags/daily_revenue_etl_dag.py
[2026-04-13T06:31:16.396+0000] {processor.py:830} INFO - Processing file /opt/airflow/dags/daily_revenue_etl_dag.py for tasks to queue
[2026-04-13T06:31:16.397+0000] {logging_mixin.py:188} INFO - [2026-04-13T06:31:16.396+0000] {dagbag.py:538} INFO - Filling up the DagBag from /opt/airflow/dags/daily_revenue_etl_dag.py
[2026-04-13T06:07:19.151+0000] {processor.py:840} INFO - DAG(s) 'daily_revenue_etl_dag' retrieved from /opt/airflow/dags/daily_revenue_etl_dag.py
[2026-04-13T06:07:19.179+0000] {logging_mixin.py:188} INFO - [2026-04-13T06:07:19.179+0000] {dag.py:3036} INFO - Sync 1 DAGs
[2026-04-13T06:07:19.198+0000] {logging_mixin.py:188} INFO - [2026-04-13T06:07:19.198+0000] {dag.py:3823} INFO - Setting next_dagrun for daily_revenue_etl_dag to 2026-04-13 00:00:00+00:00, run_after=2026-04-14 00:00:00+00:00
[2026-04-13T06:07:19.213+0000] {processor.py:183} INFO - Processing /opt/airflow/dags/daily_revenue_etl_dag.py took 0.087 seconds
[2026-04-13T06:07:29.193+0000] {processor.py:161} INFO - Started process (PID=1740) to work on /opt/airflow/dags/daily_revenue_etl_dag.py
[2026-04-13T06:07:29.194+0000] {processor.py:830} INFO - Processing file /opt/airflow/dags/daily_revenue_etl_dag.py for tasks to queue
[2026-04-13T06:07:29.195+0000] {logging_mixin.py:188} INFO - [2026-04-13T06:07:29.194+0000] {dagbag.py:538} INFO - Filling up the DagBag from /opt/airflow/dags/daily_revenue_etl_dag.py
[2026-04-13T06:07:29.218+0000] {processor.py:840} INFO - DAG(s) 'daily_revenue_etl_dag' retrieved from /opt/airflow/dags/daily_revenue_etl_dag.py
[2026-04-13T06:07:29.247+0000] {logging_mixin.py:188} INFO - [2026-04-13T06:07:29.247+0000] {dag.py:3036} INFO - Sync 1 DAGs
[2026-04-13T06:07:29.269+0000] {logging_mixin.py:188} INFO - [2026-04-13T06:07:29.268+0000] {dag.py:3823} INFO - Setting next_dagrun for daily_revenue_etl_dag to 2026-04-13 00:00:00+00:00, run_after=2026-04-14 00:00:00+00:00
[2026-04-13T06:07:29.294+0000] {processor.py:183} INFO - Processing /opt/airflow/dags/daily_revenue_etl_dag.py took 0.105 seconds
[2026-04-13T06:31:44.652+0000] {processor.py:161} INFO - Started process (PID=1745) to work on /opt/airflow/dags/daily_revenue_etl_dag.py
[2026-04-13T06:31:44.653+0000] {processor.py:830} INFO - Processing file /opt/airflow/dags/daily_revenue_etl_dag.py for tasks to queue
[2026-04-13T06:31:44.654+0000] {logging_mixin.py:188} INFO - [2026-04-13T06:31:44.654+0000] {dagbag.py:538} INFO - Filling up the DagBag from /opt/airflow/dags/daily_revenue_etl_dag.py
[2026-04-13T06:31:44.671+0000] {processor.py:840} INFO - DAG(s) 'daily_revenue_etl_dag' retrieved from /opt/airflow/dags/daily_revenue_etl_dag.py
[2026-04-13T06:31:44.695+0000] {logging_mixin.py:188} INFO - [2026-04-13T06:31:44.695+0000] {dag.py:3036} INFO - Sync 1 DAGs
[2026-04-13T06:31:44.713+0000] {logging_mixin.py:188} INFO - [2026-04-13T06:31:44.713+0000] {dag.py:3823} INFO - Setting next_dagrun for daily_revenue_etl_dag to 2026-04-13 00:00:00+00:00, run_after=2026-04-14 00:00:00+00:00
[2026-04-13T06:31:44.729+0000] {processor.py:183} INFO - Processing /opt/airflow/dags/daily_revenue_etl_dag.py took 0.081 seconds
[2026-04-13T06:33:52.419+0000] {processor.py:161} INFO - Started process (PID=1751) to work on /opt/airflow/dags/daily_revenue_etl_dag.py
[2026-04-13T06:33:52.421+0000] {processor.py:830} INFO - Processing file /opt/airflow/dags/daily_revenue_etl_dag.py for tasks to queue
[2026-04-13T06:33:52.423+0000] {logging_mixin.py:188} INFO - [2026-04-13T06:33:52.423+0000] {dagbag.py:538} INFO - Filling up the DagBag from /opt/airflow/dags/daily_revenue_etl_dag.py
[2026-04-13T06:33:52.453+0000] {processor.py:840} INFO - DAG(s) 'daily_revenue_etl_dag' retrieved from /opt/airflow/dags/daily_revenue_etl_dag.py
[2026-04-13T06:33:52.499+0000] {logging_mixin.py:188} INFO - [2026-04-13T06:33:52.498+0000] {dag.py:3036} INFO - Sync 1 DAGs
[2026-04-13T06:33:52.528+0000] {logging_mixin.py:188} INFO - [2026-04-13T06:33:52.528+0000] {dag.py:3823} INFO - Setting next_dagrun for daily_revenue_etl_dag to 2026-04-13 00:00:00+00:00, run_after=2026-04-14 00:00:00+00:00
[2026-04-13T06:33:52.564+0000] {processor.py:183} INFO - Processing /opt/airflow/dags/daily_revenue_etl_dag.py took 0.149 seconds
[2026-04-13T06:34:22.739+0000] {processor.py:161} INFO - Started process (PID=1757) to work on /opt/airflow/dags/daily_revenue_etl_dag.py
[2026-04-13T06:34:22.740+0000] {processor.py:830} INFO - Processing file /opt/airflow/dags/daily_revenue_etl_dag.py for tasks to queue
[2026-04-13T06:34:22.742+0000] {logging_mixin.py:188} INFO - [2026-04-13T06:34:22.742+0000] {dagbag.py:538} INFO - Filling up the DagBag from /opt/airflow/dags/daily_revenue_etl_dag.py
[2026-04-13T06:34:22.759+0000] {processor.py:840} INFO - DAG(s) 'daily_revenue_etl_dag' retrieved from /opt/airflow/dags/daily_revenue_etl_dag.py
[2026-04-13T06:34:22.782+0000] {logging_mixin.py:188} INFO - [2026-04-13T06:34:22.782+0000] {dag.py:3036} INFO - Sync 1 DAGs
[2026-04-13T06:34:22.806+0000] {logging_mixin.py:188} INFO - [2026-04-13T06:34:22.805+0000] {dag.py:3823} INFO - Setting next_dagrun for daily_revenue_etl_dag to 2026-04-13 00:00:00+00:00, run_after=2026-04-14 00:00:00+00:00
[2026-04-13T06:34:22.827+0000] {processor.py:183} INFO - Processing /opt/airflow/dags/daily_revenue_etl_dag.py took 0.091 seconds
[2026-04-13T06:34:56.927+0000] {processor.py:161} INFO - Started process (PID=1763) to work on /opt/airflow/dags/daily_revenue_etl_dag.py
[2026-04-13T06:34:56.928+0000] {processor.py:830} INFO - Processing file /opt/airflow/dags/daily_revenue_etl_dag.py for tasks to queue
[2026-04-13T06:34:56.929+0000] {logging_mixin.py:188} INFO - [2026-04-13T06:34:56.928+0000] {dagbag.py:538} INFO - Filling up the DagBag from /opt/airflow/dags/daily_revenue_etl_dag.py
[2026-04-13T06:34:56.947+0000] {processor.py:840} INFO - DAG(s) 'daily_revenue_etl_dag' retrieved from /opt/airflow/dags/daily_revenue_etl_dag.py
[2026-04-13T06:34:56.971+0000] {logging_mixin.py:188} INFO - [2026-04-13T06:34:56.971+0000] {dag.py:3036} INFO - Sync 1 DAGs
[2026-04-13T06:34:56.989+0000] {logging_mixin.py:188} INFO - [2026-04-13T06:34:56.989+0000] {dag.py:3823} INFO - Setting next_dagrun for daily_revenue_etl_dag to 2026-04-13 00:00:00+00:00, run_after=2026-04-14 00:00:00+00:00
[2026-04-13T06:34:57.006+0000] {processor.py:183} INFO - Processing /opt/airflow/dags/daily_revenue_etl_dag.py took 0.082 seconds
[2026-04-13T06:35:27.169+0000] {processor.py:161} INFO - Started process (PID=1768) to work on /opt/airflow/dags/daily_revenue_etl_dag.py
[2026-04-13T06:35:27.170+0000] {processor.py:830} INFO - Processing file /opt/airflow/dags/daily_revenue_etl_dag.py for tasks to queue
[2026-04-13T06:35:27.171+0000] {logging_mixin.py:188} INFO - [2026-04-13T06:35:27.171+0000] {dagbag.py:538} INFO - Filling up the DagBag from /opt/airflow/dags/daily_revenue_etl_dag.py
[2026-04-13T06:35:27.187+0000] {processor.py:840} INFO - DAG(s) 'daily_revenue_etl_dag' retrieved from /opt/airflow/dags/daily_revenue_etl_dag.py
[2026-04-13T06:35:27.211+0000] {logging_mixin.py:188} INFO - [2026-04-13T06:35:27.211+0000] {dag.py:3036} INFO - Sync 1 DAGs
[2026-04-13T06:35:27.229+0000] {logging_mixin.py:188} INFO - [2026-04-13T06:35:27.229+0000] {dag.py:3823} INFO - Setting next_dagrun for daily_revenue_etl_dag to 2026-04-13 00:00:00+00:00, run_after=2026-04-14 00:00:00+00:00
[2026-04-13T06:35:27.246+0000] {processor.py:183} INFO - Processing /opt/airflow/dags/daily_revenue_etl_dag.py took 0.079 seconds
[2026-04-13T06:35:57.358+0000] {processor.py:161} INFO - Started process (PID=1773) to work on /opt/airflow/dags/daily_revenue_etl_dag.py
[2026-04-13T06:35:57.359+0000] {processor.py:830} INFO - Processing file /opt/airflow/dags/daily_revenue_etl_dag.py for tasks to queue
[2026-04-13T06:35:57.360+0000] {logging_mixin.py:188} INFO - [2026-04-13T06:35:57.360+0000] {dagbag.py:538} INFO - Filling up the DagBag from /opt/airflow/dags/daily_revenue_etl_dag.py
[2026-04-13T06:35:57.376+0000] {processor.py:840} INFO - DAG(s) 'daily_revenue_etl_dag' retrieved from /opt/airflow/dags/daily_revenue_etl_dag.py
[2026-04-13T06:35:57.400+0000] {logging_mixin.py:188} INFO - [2026-04-13T06:35:57.399+0000] {dag.py:3036} INFO - Sync 1 DAGs
[2026-04-13T06:35:57.421+0000] {logging_mixin.py:188} INFO - [2026-04-13T06:35:57.421+0000] {dag.py:3823} INFO - Setting next_dagrun for daily_revenue_etl_dag to 2026-04-13 00:00:00+00:00, run_after=2026-04-14 00:00:00+00:00
[2026-04-13T06:35:57.446+0000] {processor.py:183} INFO - Processing /opt/airflow/dags/daily_revenue_etl_dag.py took 0.091 seconds
[2026-04-13T06:36:44.671+0000] {processor.py:161} INFO - Started process (PID=1778) to work on /opt/airflow/dags/daily_revenue_etl_dag.py
[2026-04-13T06:36:44.672+0000] {processor.py:830} INFO - Processing file /opt/airflow/dags/daily_revenue_etl_dag.py for tasks to queue
[2026-04-13T06:36:44.673+0000] {logging_mixin.py:188} INFO - [2026-04-13T06:36:44.673+0000] {dagbag.py:538} INFO - Filling up the DagBag from /opt/airflow/dags/daily_revenue_etl_dag.py
[2026-04-13T06:36:44.688+0000] {processor.py:840} INFO - DAG(s) 'daily_revenue_etl_dag' retrieved from /opt/airflow/dags/daily_revenue_etl_dag.py
[2026-04-13T06:36:44.712+0000] {logging_mixin.py:188} INFO - [2026-04-13T06:36:44.712+0000] {dag.py:3036} INFO - Sync 1 DAGs
[2026-04-13T06:36:44.730+0000] {logging_mixin.py:188} INFO - [2026-04-13T06:36:44.730+0000] {dag.py:3823} INFO - Setting next_dagrun for daily_revenue_etl_dag to 2026-04-13 00:00:00+00:00, run_after=2026-04-14 00:00:00+00:00
[2026-04-13T06:36:44.748+0000] {processor.py:183} INFO - Processing /opt/airflow/dags/daily_revenue_etl_dag.py took 0.079 seconds
[2026-04-13T06:37:14.873+0000] {processor.py:161} INFO - Started process (PID=1783) to work on /opt/airflow/dags/daily_revenue_etl_dag.py
[2026-04-13T06:37:14.875+0000] {processor.py:830} INFO - Processing file /opt/airflow/dags/daily_revenue_etl_dag.py for tasks to queue
[2026-04-13T06:37:14.876+0000] {logging_mixin.py:188} INFO - [2026-04-13T06:37:14.876+0000] {dagbag.py:538} INFO - Filling up the DagBag from /opt/airflow/dags/daily_revenue_etl_dag.py
[2026-04-13T06:37:14.891+0000] {processor.py:840} INFO - DAG(s) 'daily_revenue_etl_dag' retrieved from /opt/airflow/dags/daily_revenue_etl_dag.py
[2026-04-13T06:37:14.913+0000] {logging_mixin.py:188} INFO - [2026-04-13T06:37:14.912+0000] {dag.py:3036} INFO - Sync 1 DAGs
[2026-04-13T06:37:14.929+0000] {logging_mixin.py:188} INFO - [2026-04-13T06:37:14.929+0000] {dag.py:3823} INFO - Setting next_dagrun for daily_revenue_etl_dag to 2026-04-13 00:00:00+00:00, run_after=2026-04-14 00:00:00+00:00
[2026-04-13T06:37:14.947+0000] {processor.py:183} INFO - Processing /opt/airflow/dags/daily_revenue_etl_dag.py took 0.077 seconds
[2026-04-13T06:37:47.092+0000] {processor.py:161} INFO - Started process (PID=1789) to work on /opt/airflow/dags/daily_revenue_etl_dag.py
[2026-04-13T06:37:47.093+0000] {processor.py:830} INFO - Processing file /opt/airflow/dags/daily_revenue_etl_dag.py for tasks to queue
[2026-04-13T06:37:47.094+0000] {logging_mixin.py:188} INFO - [2026-04-13T06:37:47.094+0000] {dagbag.py:538} INFO - Filling up the DagBag from /opt/airflow/dags/daily_revenue_etl_dag.py
[2026-04-13T06:13:49.850+0000] {processor.py:840} INFO - DAG(s) 'daily_revenue_etl_dag' retrieved from /opt/airflow/dags/daily_revenue_etl_dag.py
[2026-04-13T06:13:49.874+0000] {logging_mixin.py:188} INFO - [2026-04-13T06:13:49.874+0000] {dag.py:3036} INFO - Sync 1 DAGs
[2026-04-13T06:13:49.892+0000] {logging_mixin.py:188} INFO - [2026-04-13T06:13:49.892+0000] {dag.py:3823} INFO - Setting next_dagrun for daily_revenue_etl_dag to 2026-04-13 00:00:00+00:00, run_after=2026-04-14 00:00:00+00:00
[2026-04-13T06:13:49.910+0000] {processor.py:183} INFO - Processing /opt/airflow/dags/daily_revenue_etl_dag.py took 0.080 seconds
[2026-04-13T06:37:52.143+0000] {processor.py:161} INFO - Started process (PID=1794) to work on /opt/airflow/dags/daily_revenue_etl_dag.py
[2026-04-13T06:37:52.144+0000] {processor.py:830} INFO - Processing file /opt/airflow/dags/daily_revenue_etl_dag.py for tasks to queue
[2026-04-13T06:37:52.146+0000] {logging_mixin.py:188} INFO - [2026-04-13T06:37:52.145+0000] {dagbag.py:538} INFO - Filling up the DagBag from /opt/airflow/dags/daily_revenue_etl_dag.py
[2026-04-13T06:37:52.161+0000] {processor.py:840} INFO - DAG(s) 'daily_revenue_etl_dag' retrieved from /opt/airflow/dags/daily_revenue_etl_dag.py
[2026-04-13T06:37:52.184+0000] {logging_mixin.py:188} INFO - [2026-04-13T06:37:52.184+0000] {dag.py:3036} INFO - Sync 1 DAGs
[2026-04-13T06:13:54.897+0000] {logging_mixin.py:188} INFO - [2026-04-13T06:13:54.897+0000] {dag.py:3823} INFO - Setting next_dagrun for daily_revenue_etl_dag to 2026-04-13 00:00:00+00:00, run_after=2026-04-14 00:00:00+00:00
[2026-04-13T06:13:54.912+0000] {processor.py:183} INFO - Processing /opt/airflow/dags/daily_revenue_etl_dag.py took 0.076 seconds
[2026-04-13T06:14:25.139+0000] {processor.py:161} INFO - Started process (PID=1799) to work on /opt/airflow/dags/daily_revenue_etl_dag.py
[2026-04-13T06:14:25.140+0000] {processor.py:830} INFO - Processing file /opt/airflow/dags/daily_revenue_etl_dag.py for tasks to queue
[2026-04-13T06:14:25.141+0000] {logging_mixin.py:188} INFO - [2026-04-13T06:14:25.141+0000] {dagbag.py:538} INFO - Filling up the DagBag from /opt/airflow/dags/daily_revenue_etl_dag.py
[2026-04-13T06:14:25.157+0000] {processor.py:840} INFO - DAG(s) 'daily_revenue_etl_dag' retrieved from /opt/airflow/dags/daily_revenue_etl_dag.py
[2026-04-13T06:14:25.176+0000] {logging_mixin.py:188} INFO - [2026-04-13T06:14:25.176+0000] {dag.py:3036} INFO - Sync 1 DAGs
[2026-04-13T06:14:25.193+0000] {logging_mixin.py:188} INFO - [2026-04-13T06:14:25.192+0000] {dag.py:3823} INFO - Setting next_dagrun for daily_revenue_etl_dag to 2026-04-13 00:00:00+00:00, run_after=2026-04-14 00:00:00+00:00
[2026-04-13T06:14:25.210+0000] {processor.py:183} INFO - Processing /opt/airflow/dags/daily_revenue_etl_dag.py took 0.077 seconds
[2026-04-13T06:38:37.506+0000] {processor.py:161} INFO - Started process (PID=1804) to work on /opt/airflow/dags/daily_revenue_etl_dag.py
[2026-04-13T06:38:37.508+0000] {processor.py:830} INFO - Processing file /opt/airflow/dags/daily_revenue_etl_dag.py for tasks to queue
[2026-04-13T06:38:37.509+0000] {logging_mixin.py:188} INFO - [2026-04-13T06:38:37.509+0000] {dagbag.py:538} INFO - Filling up the DagBag from /opt/airflow/dags/daily_revenue_etl_dag.py
[2026-04-13T06:38:37.533+0000] {processor.py:840} INFO - DAG(s) 'daily_revenue_etl_dag' retrieved from /opt/airflow/dags/daily_revenue_etl_dag.py
[2026-04-13T06:38:37.576+0000] {logging_mixin.py:188} INFO - [2026-04-13T06:38:37.575+0000] {dag.py:3036} INFO - Sync 1 DAGs
[2026-04-13T06:38:37.610+0000] {logging_mixin.py:188} INFO - [2026-04-13T06:38:37.609+0000] {dag.py:3823} INFO - Setting next_dagrun for daily_revenue_etl_dag to 2026-04-13 00:00:00+00:00, run_after=2026-04-14 00:00:00+00:00
[2026-04-13T06:38:37.644+0000] {processor.py:183} INFO - Processing /opt/airflow/dags/daily_revenue_etl_dag.py took 0.142 seconds
[2026-04-13T06:39:07.760+0000] {processor.py:161} INFO - Started process (PID=1810) to work on /opt/airflow/dags/daily_revenue_etl_dag.py
[2026-04-13T06:39:07.761+0000] {processor.py:830} INFO - Processing file /opt/airflow/dags/daily_revenue_etl_dag.py for tasks to queue
[2026-04-13T06:39:07.762+0000] {logging_mixin.py:188} INFO - [2026-04-13T06:39:07.761+0000] {dagbag.py:538} INFO - Filling up the DagBag from /opt/airflow/dags/daily_revenue_etl_dag.py
[2026-04-13T06:39:07.777+0000] {processor.py:840} INFO - DAG(s) 'daily_revenue_etl_dag' retrieved from /opt/airflow/dags/daily_revenue_etl_dag.py
[2026-04-13T06:39:07.800+0000] {logging_mixin.py:188} INFO - [2026-04-13T06:39:07.799+0000] {dag.py:3036} INFO - Sync 1 DAGs
[2026-04-13T06:39:07.818+0000] {logging_mixin.py:188} INFO - [2026-04-13T06:39:07.817+0000] {dag.py:3823} INFO - Setting next_dagrun for daily_revenue_etl_dag to 2026-04-13 00:00:00+00:00, run_after=2026-04-14 00:00:00+00:00
[2026-04-13T06:39:07.843+0000] {processor.py:183} INFO - Processing /opt/airflow/dags/daily_revenue_etl_dag.py took 0.086 seconds
[2026-04-13T06:39:57.099+0000] {processor.py:161} INFO - Started process (PID=1815) to work on /opt/airflow/dags/daily_revenue_etl_dag.py
[2026-04-13T06:39:57.100+0000] {processor.py:830} INFO - Processing file /opt/airflow/dags/daily_revenue_etl_dag.py for tasks to queue
[2026-04-13T06:39:57.101+0000] {logging_mixin.py:188} INFO - [2026-04-13T06:39:57.101+0000] {dagbag.py:538} INFO - Filling up the DagBag from /opt/airflow/dags/daily_revenue_etl_dag.py
[2026-04-13T06:39:57.118+0000] {processor.py:840} INFO - DAG(s) 'daily_revenue_etl_dag' retrieved from /opt/airflow/dags/daily_revenue_etl_dag.py
[2026-04-13T06:39:57.141+0000] {logging_mixin.py:188} INFO - [2026-04-13T06:39:57.141+0000] {dag.py:3036} INFO - Sync 1 DAGs
[2026-04-13T06:39:57.157+0000] {logging_mixin.py:188} INFO - [2026-04-13T06:39:57.157+0000] {dag.py:3823} INFO - Setting next_dagrun for daily_revenue_etl_dag to 2026-04-13 00:00:00+00:00, run_after=2026-04-14 00:00:00+00:00
[2026-04-13T06:39:57.183+0000] {processor.py:183} INFO - Processing /opt/airflow/dags/daily_revenue_etl_dag.py took 0.087 seconds
[2026-04-13T06:40:27.276+0000] {processor.py:161} INFO - Started process (PID=1820) to work on /opt/airflow/dags/daily_revenue_etl_dag.py
[2026-04-13T06:40:27.277+0000] {processor.py:830} INFO - Processing file /opt/airflow/dags/daily_revenue_etl_dag.py for tasks to queue
[2026-04-13T06:40:27.278+0000] {logging_mixin.py:188} INFO - [2026-04-13T06:40:27.278+0000] {dagbag.py:538} INFO - Filling up the DagBag from /opt/airflow/dags/daily_revenue_etl_dag.py
[2026-04-13T06:40:27.294+0000] {processor.py:840} INFO - DAG(s) 'daily_revenue_etl_dag' retrieved from /opt/airflow/dags/daily_revenue_etl_dag.py
[2026-04-13T06:40:27.316+0000] {logging_mixin.py:188} INFO - [2026-04-13T06:40:27.316+0000] {dag.py:3036} INFO - Sync 1 DAGs
[2026-04-13T06:40:27.334+0000] {logging_mixin.py:188} INFO - [2026-04-13T06:40:27.334+0000] {dag.py:3823} INFO - Setting next_dagrun for daily_revenue_etl_dag to 2026-04-13 00:00:00+00:00, run_after=2026-04-14 00:00:00+00:00
[2026-04-13T06:40:27.359+0000] {processor.py:183} INFO - Processing /opt/airflow/dags/daily_revenue_etl_dag.py took 0.086 seconds
[2026-04-13T06:41:14.623+0000] {processor.py:161} INFO - Started process (PID=1826) to work on /opt/airflow/dags/daily_revenue_etl_dag.py
[2026-04-13T06:41:14.624+0000] {processor.py:830} INFO - Processing file /opt/airflow/dags/daily_revenue_etl_dag.py for tasks to queue
[2026-04-13T06:41:14.625+0000] {logging_mixin.py:188} INFO - [2026-04-13T06:41:14.624+0000] {dagbag.py:538} INFO - Filling up the DagBag from /opt/airflow/dags/daily_revenue_etl_dag.py
[2026-04-13T06:41:14.641+0000] {processor.py:840} INFO - DAG(s) 'daily_revenue_etl_dag' retrieved from /opt/airflow/dags/daily_revenue_etl_dag.py
[2026-04-13T06:41:14.663+0000] {logging_mixin.py:188} INFO - [2026-04-13T06:41:14.663+0000] {dag.py:3036} INFO - Sync 1 DAGs
[2026-04-13T06:41:14.681+0000] {logging_mixin.py:188} INFO - [2026-04-13T06:41:14.681+0000] {dag.py:3823} INFO - Setting next_dagrun for daily_revenue_etl_dag to 2026-04-13 00:00:00+00:00, run_after=2026-04-14 00:00:00+00:00
[2026-04-13T06:41:14.707+0000] {processor.py:183} INFO - Processing /opt/airflow/dags/daily_revenue_etl_dag.py took 0.087 seconds
[2026-04-13T06:41:44.810+0000] {processor.py:161} INFO - Started process (PID=1831) to work on /opt/airflow/dags/daily_revenue_etl_dag.py
[2026-04-13T06:41:44.811+0000] {processor.py:830} INFO - Processing file /opt/airflow/dags/daily_revenue_etl_dag.py for tasks to queue
[2026-04-13T06:41:44.812+0000] {logging_mixin.py:188} INFO - [2026-04-13T06:41:44.812+0000] {dagbag.py:538} INFO - Filling up the DagBag from /opt/airflow/dags/daily_revenue_etl_dag.py
[2026-04-13T06:41:44.828+0000] {processor.py:840} INFO - DAG(s) 'daily_revenue_etl_dag' retrieved from /opt/airflow/dags/daily_revenue_etl_dag.py
[2026-04-13T06:17:47.584+0000] {logging_mixin.py:188} INFO - [2026-04-13T06:17:47.584+0000] {dag.py:3036} INFO - Sync 1 DAGs
[2026-04-13T06:17:47.604+0000] {logging_mixin.py:188} INFO - [2026-04-13T06:17:47.604+0000] {dag.py:3823} INFO - Setting next_dagrun for daily_revenue_etl_dag to 2026-04-13 00:00:00+00:00, run_after=2026-04-14 00:00:00+00:00
[2026-04-13T06:17:47.623+0000] {processor.py:183} INFO - Processing /opt/airflow/dags/daily_revenue_etl_dag.py took 0.085 seconds
[2026-04-13T06:41:47.900+0000] {processor.py:161} INFO - Started process (PID=1836) to work on /opt/airflow/dags/daily_revenue_etl_dag.py
[2026-04-13T06:41:47.902+0000] {processor.py:830} INFO - Processing file /opt/airflow/dags/daily_revenue_etl_dag.py for tasks to queue
[2026-04-13T06:41:47.903+0000] {logging_mixin.py:188} INFO - [2026-04-13T06:41:47.902+0000] {dagbag.py:538} INFO - Filling up the DagBag from /opt/airflow/dags/daily_revenue_etl_dag.py
[2026-04-13T06:41:47.918+0000] {processor.py:840} INFO - DAG(s) 'daily_revenue_etl_dag' retrieved from /opt/airflow/dags/daily_revenue_etl_dag.py
[2026-04-13T06:41:47.936+0000] {logging_mixin.py:188} INFO - [2026-04-13T06:41:47.936+0000] {dag.py:3036} INFO - Sync 1 DAGs
[2026-04-13T06:41:47.953+0000] {logging_mixin.py:188} INFO - [2026-04-13T06:41:47.953+0000] {dag.py:3823} INFO - Setting next_dagrun for daily_revenue_etl_dag to 2026-04-13 00:00:00+00:00, run_after=2026-04-14 00:00:00+00:00
[2026-04-13T06:41:47.979+0000] {processor.py:183} INFO - Processing /opt/airflow/dags/daily_revenue_etl_dag.py took 0.085 seconds
[2026-04-13T06:43:23.480+0000] {processor.py:161} INFO - Started process (PID=1843) to work on /opt/airflow/dags/daily_revenue_etl_dag.py
[2026-04-13T06:43:23.482+0000] {processor.py:830} INFO - Processing file /opt/airflow/dags/daily_revenue_etl_dag.py for tasks to queue
[2026-04-13T06:43:23.483+0000] {logging_mixin.py:188} INFO - [2026-04-13T06:43:23.482+0000] {dagbag.py:538} INFO - Filling up the DagBag from /opt/airflow/dags/daily_revenue_etl_dag.py
[2026-04-13T06:43:23.502+0000] {processor.py:840} INFO - DAG(s) 'daily_revenue_etl_dag' retrieved from /opt/airflow/dags/daily_revenue_etl_dag.py
[2026-04-13T06:43:23.528+0000] {logging_mixin.py:188} INFO - [2026-04-13T06:43:23.528+0000] {dag.py:3036} INFO - Sync 1 DAGs
[2026-04-13T06:43:23.556+0000] {logging_mixin.py:188} INFO - [2026-04-13T06:43:23.556+0000] {dag.py:3823} INFO - Setting next_dagrun for daily_revenue_etl_dag to 2026-04-13 00:00:00+00:00, run_after=2026-04-14 00:00:00+00:00
[2026-04-13T06:43:23.595+0000] {processor.py:183} INFO - Processing /opt/airflow/dags/daily_revenue_etl_dag.py took 0.118 seconds
[2026-04-13T06:43:57.681+0000] {processor.py:161} INFO - Started process (PID=1849) to work on /opt/airflow/dags/daily_revenue_etl_dag.py
[2026-04-13T06:43:57.681+0000] {processor.py:830} INFO - Processing file /opt/airflow/dags/daily_revenue_etl_dag.py for tasks to queue
[2026-04-13T06:43:57.682+0000] {logging_mixin.py:188} INFO - [2026-04-13T06:43:57.682+0000] {dagbag.py:538} INFO - Filling up the DagBag from /opt/airflow/dags/daily_revenue_etl_dag.py
[2026-04-13T06:43:57.701+0000] {processor.py:840} INFO - DAG(s) 'daily_revenue_etl_dag' retrieved from /opt/airflow/dags/daily_revenue_etl_dag.py
[2026-04-13T06:43:57.724+0000] {logging_mixin.py:188} INFO - [2026-04-13T06:43:57.724+0000] {dag.py:3036} INFO - Sync 1 DAGs
[2026-04-13T06:43:57.744+0000] {logging_mixin.py:188} INFO - [2026-04-13T06:43:57.744+0000] {dag.py:3823} INFO - Setting next_dagrun for daily_revenue_etl_dag to 2026-04-13 00:00:00+00:00, run_after=2026-04-14 00:00:00+00:00
[2026-04-13T06:20:00.515+0000] {processor.py:183} INFO - Processing /opt/airflow/dags/daily_revenue_etl_dag.py took 0.085 seconds
[2026-04-13T06:44:02.715+0000] {processor.py:161} INFO - Started process (PID=1854) to work on /opt/airflow/dags/daily_revenue_etl_dag.py
[2026-04-13T06:44:02.716+0000] {processor.py:830} INFO - Processing file /opt/airflow/dags/daily_revenue_etl_dag.py for tasks to queue
[2026-04-13T06:44:02.717+0000] {logging_mixin.py:188} INFO - [2026-04-13T06:44:02.716+0000] {dagbag.py:538} INFO - Filling up the DagBag from /opt/airflow/dags/daily_revenue_etl_dag.py
[2026-04-13T06:44:02.731+0000] {processor.py:840} INFO - DAG(s) 'daily_revenue_etl_dag' retrieved from /opt/airflow/dags/daily_revenue_etl_dag.py
[2026-04-13T06:44:02.754+0000] {logging_mixin.py:188} INFO - [2026-04-13T06:44:02.753+0000] {dag.py:3036} INFO - Sync 1 DAGs
[2026-04-13T06:44:02.771+0000] {logging_mixin.py:188} INFO - [2026-04-13T06:44:02.771+0000] {dag.py:3823} INFO - Setting next_dagrun for daily_revenue_etl_dag to 2026-04-13 00:00:00+00:00, run_after=2026-04-14 00:00:00+00:00
[2026-04-13T06:20:05.542+0000] {processor.py:183} INFO - Processing /opt/airflow/dags/daily_revenue_etl_dag.py took 0.080 seconds
[2026-04-13T06:44:12.887+0000] {processor.py:161} INFO - Started process (PID=1859) to work on /opt/airflow/dags/daily_revenue_etl_dag.py
[2026-04-13T06:44:12.888+0000] {processor.py:830} INFO - Processing file /opt/airflow/dags/daily_revenue_etl_dag.py for tasks to queue
[2026-04-13T06:44:12.889+0000] {logging_mixin.py:188} INFO - [2026-04-13T06:44:12.888+0000] {dagbag.py:538} INFO - Filling up the DagBag from /opt/airflow/dags/daily_revenue_etl_dag.py
[2026-04-13T06:44:12.905+0000] {processor.py:840} INFO - DAG(s) 'daily_revenue_etl_dag' retrieved from /opt/airflow/dags/daily_revenue_etl_dag.py
[2026-04-13T06:44:12.924+0000] {logging_mixin.py:188} INFO - [2026-04-13T06:44:12.924+0000] {dag.py:3036} INFO - Sync 1 DAGs
[2026-04-13T06:44:12.942+0000] {logging_mixin.py:188} INFO - [2026-04-13T06:44:12.942+0000] {dag.py:3823} INFO - Setting next_dagrun for daily_revenue_etl_dag to 2026-04-13 00:00:00+00:00, run_after=2026-04-14 00:00:00+00:00
[2026-04-13T06:44:12.960+0000] {processor.py:183} INFO - Processing /opt/airflow/dags/daily_revenue_etl_dag.py took 0.077 seconds
[2026-04-13T06:45:03.184+0000] {processor.py:161} INFO - Started process (PID=1864) to work on /opt/airflow/dags/daily_revenue_etl_dag.py
[2026-04-13T06:45:03.185+0000] {processor.py:830} INFO - Processing file /opt/airflow/dags/daily_revenue_etl_dag.py for tasks to queue
[2026-04-13T06:45:03.187+0000] {logging_mixin.py:188} INFO - [2026-04-13T06:45:03.186+0000] {dagbag.py:538} INFO - Filling up the DagBag from /opt/airflow/dags/daily_revenue_etl_dag.py
[2026-04-13T06:45:03.203+0000] {processor.py:840} INFO - DAG(s) 'daily_revenue_etl_dag' retrieved from /opt/airflow/dags/daily_revenue_etl_dag.py
[2026-04-13T06:45:03.226+0000] {logging_mixin.py:188} INFO - [2026-04-13T06:45:03.226+0000] {dag.py:3036} INFO - Sync 1 DAGs
[2026-04-13T06:45:03.248+0000] {logging_mixin.py:188} INFO - [2026-04-13T06:45:03.248+0000] {dag.py:3823} INFO - Setting next_dagrun for daily_revenue_etl_dag to 2026-04-13 00:00:00+00:00, run_after=2026-04-14 00:00:00+00:00
[2026-04-13T06:45:03.266+0000] {processor.py:183} INFO - Processing /opt/airflow/dags/daily_revenue_etl_dag.py took 0.084 seconds
[2026-04-13T06:22:17.586+0000] {processor.py:161} INFO - Started process (PID=1870) to work on /opt/airflow/dags/daily_revenue_etl_dag.py
[2026-04-13T06:22:17.591+0000] {processor.py:830} INFO - Processing file /opt/airflow/dags/daily_revenue_etl_dag.py for tasks to queue
[2026-04-13T06:22:17.596+0000] {logging_mixin.py:188} INFO - [2026-04-13T06:22:17.595+0000] {dagbag.py:538} INFO - Filling up the DagBag from /opt/airflow/dags/daily_revenue_etl_dag.py
[2026-04-13T06:22:17.676+0000] {processor.py:840} INFO - DAG(s) 'daily_revenue_etl_dag' retrieved from /opt/airflow/dags/daily_revenue_etl_dag.py
[2026-04-13T06:22:17.748+0000] {logging_mixin.py:188} INFO - [2026-04-13T06:22:17.747+0000] {dag.py:3036} INFO - Sync 1 DAGs
[2026-04-13T06:22:17.804+0000] {logging_mixin.py:188} INFO - [2026-04-13T06:22:17.803+0000] {dag.py:3823} INFO - Setting next_dagrun for daily_revenue_etl_dag to 2026-04-13 00:00:00+00:00, run_after=2026-04-14 00:00:00+00:00
[2026-04-13T06:22:17.860+0000] {processor.py:183} INFO - Processing /opt/airflow/dags/daily_revenue_etl_dag.py took 0.296 seconds
[2026-04-13T06:46:17.833+0000] {processor.py:161} INFO - Started process (PID=1875) to work on /opt/airflow/dags/daily_revenue_etl_dag.py
[2026-04-13T06:46:17.837+0000] {processor.py:830} INFO - Processing file /opt/airflow/dags/daily_revenue_etl_dag.py for tasks to queue
[2026-04-13T06:46:17.841+0000] {logging_mixin.py:188} INFO - [2026-04-13T06:46:17.840+0000] {dagbag.py:538} INFO - Filling up the DagBag from /opt/airflow/dags/daily_revenue_etl_dag.py
[2026-04-13T06:46:17.883+0000] {processor.py:840} INFO - DAG(s) 'daily_revenue_etl_dag' retrieved from /opt/airflow/dags/daily_revenue_etl_dag.py
[2026-04-13T06:46:17.957+0000] {logging_mixin.py:188} INFO - [2026-04-13T06:46:17.956+0000] {dag.py:3036} INFO - Sync 1 DAGs
[2026-04-13T06:46:18.012+0000] {logging_mixin.py:188} INFO - [2026-04-13T06:46:18.011+0000] {dag.py:3823} INFO - Setting next_dagrun for daily_revenue_etl_dag to 2026-04-13 00:00:00+00:00, run_after=2026-04-14 00:00:00+00:00
[2026-04-13T06:22:20.809+0000] {processor.py:183} INFO - Processing /opt/airflow/dags/daily_revenue_etl_dag.py took 0.234 seconds
[2026-04-13T06:46:22.872+0000] {processor.py:161} INFO - Started process (PID=1880) to work on /opt/airflow/dags/daily_revenue_etl_dag.py
[2026-04-13T06:46:22.875+0000] {processor.py:830} INFO - Processing file /opt/airflow/dags/daily_revenue_etl_dag.py for tasks to queue
[2026-04-13T06:46:22.876+0000] {logging_mixin.py:188} INFO - [2026-04-13T06:46:22.876+0000] {dagbag.py:538} INFO - Filling up the DagBag from /opt/airflow/dags/daily_revenue_etl_dag.py
[2026-04-13T06:46:22.905+0000] {processor.py:840} INFO - DAG(s) 'daily_revenue_etl_dag' retrieved from /opt/airflow/dags/daily_revenue_etl_dag.py
[2026-04-13T06:46:22.945+0000] {logging_mixin.py:188} INFO - [2026-04-13T06:46:22.945+0000] {dag.py:3036} INFO - Sync 1 DAGs
[2026-04-13T06:46:22.979+0000] {logging_mixin.py:188} INFO - [2026-04-13T06:46:22.979+0000] {dag.py:3823} INFO - Setting next_dagrun for daily_revenue_etl_dag to 2026-04-13 00:00:00+00:00, run_after=2026-04-14 00:00:00+00:00
[2026-04-13T06:46:23.014+0000] {processor.py:183} INFO - Processing /opt/airflow/dags/daily_revenue_etl_dag.py took 0.147 seconds
[2026-04-13T06:46:27.931+0000] {processor.py:161} INFO - Started process (PID=1885) to work on /opt/airflow/dags/daily_revenue_etl_dag.py
[2026-04-13T06:46:27.933+0000] {processor.py:830} INFO - Processing file /opt/airflow/dags/daily_revenue_etl_dag.py for tasks to queue
[2026-04-13T06:46:27.934+0000] {logging_mixin.py:188} INFO - [2026-04-13T06:46:27.934+0000] {dagbag.py:538} INFO - Filling up the DagBag from /opt/airflow/dags/daily_revenue_etl_dag.py
[2026-04-13T06:46:27.966+0000] {processor.py:840} INFO - DAG(s) 'daily_revenue_etl_dag' retrieved from /opt/airflow/dags/daily_revenue_etl_dag.py
[2026-04-13T06:46:28.002+0000] {logging_mixin.py:188} INFO - [2026-04-13T06:46:28.002+0000] {dag.py:3036} INFO - Sync 1 DAGs
[2026-04-13T06:46:28.024+0000] {logging_mixin.py:188} INFO - [2026-04-13T06:46:28.024+0000] {dag.py:3823} INFO - Setting next_dagrun for daily_revenue_etl_dag to 2026-04-13 00:00:00+00:00, run_after=2026-04-14 00:00:00+00:00
[2026-04-13T06:22:30.795+0000] {processor.py:183} INFO - Processing /opt/airflow/dags/daily_revenue_etl_dag.py took 0.122 seconds
[2026-04-13T06:46:32.971+0000] {processor.py:161} INFO - Started process (PID=1890) to work on /opt/airflow/dags/daily_revenue_etl_dag.py
[2026-04-13T06:46:32.973+0000] {processor.py:830} INFO - Processing file /opt/airflow/dags/daily_revenue_etl_dag.py for tasks to queue
[2026-04-13T06:46:32.975+0000] {logging_mixin.py:188} INFO - [2026-04-13T06:46:32.975+0000] {dagbag.py:538} INFO - Filling up the DagBag from /opt/airflow/dags/daily_revenue_etl_dag.py
[2026-04-13T06:46:33.003+0000] {processor.py:840} INFO - DAG(s) 'daily_revenue_etl_dag' retrieved from /opt/airflow/dags/daily_revenue_etl_dag.py
[2026-04-13T06:22:35.804+0000] {logging_mixin.py:188} INFO - [2026-04-13T06:22:35.804+0000] {dag.py:3036} INFO - Sync 1 DAGs
[2026-04-13T06:22:35.837+0000] {logging_mixin.py:188} INFO - [2026-04-13T06:22:35.837+0000] {dag.py:3823} INFO - Setting next_dagrun for daily_revenue_etl_dag to 2026-04-13 00:00:00+00:00, run_after=2026-04-14 00:00:00+00:00
[2026-04-13T06:22:35.862+0000] {processor.py:183} INFO - Processing /opt/airflow/dags/daily_revenue_etl_dag.py took 0.144 seconds
[2026-04-13T06:23:06.051+0000] {processor.py:161} INFO - Started process (PID=1896) to work on /opt/airflow/dags/daily_revenue_etl_dag.py
[2026-04-13T06:23:06.052+0000] {processor.py:830} INFO - Processing file /opt/airflow/dags/daily_revenue_etl_dag.py for tasks to queue
[2026-04-13T06:23:06.053+0000] {logging_mixin.py:188} INFO - [2026-04-13T06:23:06.052+0000] {dagbag.py:538} INFO - Filling up the DagBag from /opt/airflow/dags/daily_revenue_etl_dag.py
[2026-04-13T06:23:06.069+0000] {processor.py:840} INFO - DAG(s) 'daily_revenue_etl_dag' retrieved from /opt/airflow/dags/daily_revenue_etl_dag.py
[2026-04-13T06:23:06.098+0000] {logging_mixin.py:188} INFO - [2026-04-13T06:23:06.098+0000] {dag.py:3036} INFO - Sync 1 DAGs
[2026-04-13T06:23:06.121+0000] {logging_mixin.py:188} INFO - [2026-04-13T06:23:06.121+0000] {dag.py:3823} INFO - Setting next_dagrun for daily_revenue_etl_dag to 2026-04-13 00:00:00+00:00, run_after=2026-04-14 00:00:00+00:00
[2026-04-13T06:23:06.150+0000] {processor.py:183} INFO - Processing /opt/airflow/dags/daily_revenue_etl_dag.py took 0.102 seconds
[2026-04-13T06:47:13.375+0000] {processor.py:161} INFO - Started process (PID=1901) to work on /opt/airflow/dags/daily_revenue_etl_dag.py
[2026-04-13T06:47:13.378+0000] {processor.py:830} INFO - Processing file /opt/airflow/dags/daily_revenue_etl_dag.py for tasks to queue
[2026-04-13T06:47:13.379+0000] {logging_mixin.py:188} INFO - [2026-04-13T06:47:13.379+0000] {dagbag.py:538} INFO - Filling up the DagBag from /opt/airflow/dags/daily_revenue_etl_dag.py
[2026-04-13T06:47:13.421+0000] {processor.py:840} INFO - DAG(s) 'daily_revenue_etl_dag' retrieved from /opt/airflow/dags/daily_revenue_etl_dag.py
[2026-04-13T06:47:13.488+0000] {logging_mixin.py:188} INFO - [2026-04-13T06:47:13.488+0000] {dag.py:3036} INFO - Sync 1 DAGs
[2026-04-13T06:47:13.574+0000] {logging_mixin.py:188} INFO - [2026-04-13T06:47:13.573+0000] {dag.py:3823} INFO - Setting next_dagrun for daily_revenue_etl_dag to 2026-04-13 00:00:00+00:00, run_after=2026-04-14 00:00:00+00:00
[2026-04-13T06:47:13.627+0000] {processor.py:183} INFO - Processing /opt/airflow/dags/daily_revenue_etl_dag.py took 0.258 seconds
[2026-04-13T06:47:44.648+0000] {processor.py:161} INFO - Started process (PID=1906) to work on /opt/airflow/dags/daily_revenue_etl_dag.py
[2026-04-13T06:47:44.649+0000] {processor.py:830} INFO - Processing file /opt/airflow/dags/daily_revenue_etl_dag.py for tasks to queue
[2026-04-13T06:47:44.650+0000] {logging_mixin.py:188} INFO - [2026-04-13T06:47:44.650+0000] {dagbag.py:538} INFO - Filling up the DagBag from /opt/airflow/dags/daily_revenue_etl_dag.py
[2026-04-13T06:47:44.668+0000] {processor.py:840} INFO - DAG(s) 'daily_revenue_etl_dag' retrieved from /opt/airflow/dags/daily_revenue_etl_dag.py
[2026-04-13T06:47:44.692+0000] {logging_mixin.py:188} INFO - [2026-04-13T06:47:44.692+0000] {dag.py:3036} INFO - Sync 1 DAGs
[2026-04-13T06:47:44.712+0000] {logging_mixin.py:188} INFO - [2026-04-13T06:47:44.712+0000] {dag.py:3823} INFO - Setting next_dagrun for daily_revenue_etl_dag to 2026-04-13 00:00:00+00:00, run_after=2026-04-14 00:00:00+00:00
[2026-04-13T06:47:44.728+0000] {processor.py:183} INFO - Processing /opt/airflow/dags/daily_revenue_etl_dag.py took 0.083 seconds
[2026-04-13T06:48:14.823+0000] {processor.py:161} INFO - Started process (PID=1911) to work on /opt/airflow/dags/daily_revenue_etl_dag.py
[2026-04-13T06:48:14.825+0000] {processor.py:830} INFO - Processing file /opt/airflow/dags/daily_revenue_etl_dag.py for tasks to queue
[2026-04-13T06:24:17.575+0000] {logging_mixin.py:188} INFO - [2026-04-13T06:24:17.574+0000] {dagbag.py:538} INFO - Filling up the DagBag from /opt/airflow/dags/daily_revenue_etl_dag.py
[2026-04-13T06:24:17.594+0000] {processor.py:840} INFO - DAG(s) 'daily_revenue_etl_dag' retrieved from /opt/airflow/dags/daily_revenue_etl_dag.py
[2026-04-13T06:24:17.623+0000] {logging_mixin.py:188} INFO - [2026-04-13T06:24:17.623+0000] {dag.py:3036} INFO - Sync 1 DAGs
[2026-04-13T06:24:17.644+0000] {logging_mixin.py:188} INFO - [2026-04-13T06:24:17.644+0000] {dag.py:3823} INFO - Setting next_dagrun for daily_revenue_etl_dag to 2026-04-13 00:00:00+00:00, run_after=2026-04-14 00:00:00+00:00
[2026-04-13T06:24:17.664+0000] {processor.py:183} INFO - Processing /opt/airflow/dags/daily_revenue_etl_dag.py took 0.098 seconds
[2026-04-13T06:48:33.026+0000] {processor.py:161} INFO - Started process (PID=1916) to work on /opt/airflow/dags/daily_revenue_etl_dag.py
[2026-04-13T06:48:33.027+0000] {processor.py:830} INFO - Processing file /opt/airflow/dags/daily_revenue_etl_dag.py for tasks to queue
[2026-04-13T06:48:33.028+0000] {logging_mixin.py:188} INFO - [2026-04-13T06:48:33.028+0000] {dagbag.py:538} INFO - Filling up the DagBag from /opt/airflow/dags/daily_revenue_etl_dag.py
[2026-04-13T06:48:33.044+0000] {processor.py:840} INFO - DAG(s) 'daily_revenue_etl_dag' retrieved from /opt/airflow/dags/daily_revenue_etl_dag.py
[2026-04-13T06:48:33.068+0000] {logging_mixin.py:188} INFO - [2026-04-13T06:48:33.068+0000] {dag.py:3036} INFO - Sync 1 DAGs
[2026-04-13T06:48:33.087+0000] {logging_mixin.py:188} INFO - [2026-04-13T06:48:33.086+0000] {dag.py:3823} INFO - Setting next_dagrun for daily_revenue_etl_dag to 2026-04-13 00:00:00+00:00, run_after=2026-04-14 00:00:00+00:00
[2026-04-13T06:48:33.105+0000] {processor.py:183} INFO - Processing /opt/airflow/dags/daily_revenue_etl_dag.py took 0.082 seconds
[2026-04-13T06:49:03.201+0000] {processor.py:161} INFO - Started process (PID=1921) to work on /opt/airflow/dags/daily_revenue_etl_dag.py
[2026-04-13T06:49:03.202+0000] {processor.py:830} INFO - Processing file /opt/airflow/dags/daily_revenue_etl_dag.py for tasks to queue
[2026-04-13T06:49:03.203+0000] {logging_mixin.py:188} INFO - [2026-04-13T06:49:03.202+0000] {dagbag.py:538} INFO - Filling up the DagBag from /opt/airflow/dags/daily_revenue_etl_dag.py
[2026-04-13T06:49:03.220+0000] {processor.py:840} INFO - DAG(s) 'daily_revenue_etl_dag' retrieved from /opt/airflow/dags/daily_revenue_etl_dag.py
[2026-04-13T06:49:03.244+0000] {logging_mixin.py:188} INFO - [2026-04-13T06:49:03.244+0000] {dag.py:3036} INFO - Sync 1 DAGs
[2026-04-13T06:49:03.263+0000] {logging_mixin.py:188} INFO - [2026-04-13T06:49:03.263+0000] {dag.py:3823} INFO - Setting next_dagrun for daily_revenue_etl_dag to 2026-04-13 00:00:00+00:00, run_after=2026-04-14 00:00:00+00:00
[2026-04-13T06:49:03.278+0000] {processor.py:183} INFO - Processing /opt/airflow/dags/daily_revenue_etl_dag.py took 0.080 seconds
[2026-04-13T06:50:54.174+0000] {processor.py:161} INFO - Started process (PID=1927) to work on /opt/airflow/dags/daily_revenue_etl_dag.py
[2026-04-13T06:50:54.177+0000] {processor.py:830} INFO - Processing file /opt/airflow/dags/daily_revenue_etl_dag.py for tasks to queue
[2026-04-13T06:50:54.181+0000] {logging_mixin.py:188} INFO - [2026-04-13T06:50:54.180+0000] {dagbag.py:538} INFO - Filling up the DagBag from /opt/airflow/dags/daily_revenue_etl_dag.py
[2026-04-13T06:50:54.228+0000] {processor.py:840} INFO - DAG(s) 'daily_revenue_etl_dag' retrieved from /opt/airflow/dags/daily_revenue_etl_dag.py
[2026-04-13T06:50:54.289+0000] {logging_mixin.py:188} INFO - [2026-04-13T06:50:54.289+0000] {dag.py:3036} INFO - Sync 1 DAGs
[2026-04-13T06:50:54.349+0000] {logging_mixin.py:188} INFO - [2026-04-13T06:50:54.347+0000] {dag.py:3823} INFO - Setting next_dagrun for daily_revenue_etl_dag to 2026-04-13 00:00:00+00:00, run_after=2026-04-14 00:00:00+00:00
[2026-04-13T06:50:54.395+0000] {processor.py:183} INFO - Processing /opt/airflow/dags/daily_revenue_etl_dag.py took 0.227 seconds
[2026-04-13T06:51:28.478+0000] {processor.py:161} INFO - Started process (PID=1932) to work on /opt/airflow/dags/daily_revenue_etl_dag.py
[2026-04-13T06:51:28.481+0000] {processor.py:830} INFO - Processing file /opt/airflow/dags/daily_revenue_etl_dag.py for tasks to queue
[2026-04-13T06:51:28.483+0000] {logging_mixin.py:188} INFO - [2026-04-13T06:51:28.482+0000] {dagbag.py:538} INFO - Filling up the DagBag from /opt/airflow/dags/daily_revenue_etl_dag.py
[2026-04-13T06:27:31.311+0000] {processor.py:840} INFO - DAG(s) 'daily_revenue_etl_dag' retrieved from /opt/airflow/dags/daily_revenue_etl_dag.py
[2026-04-13T06:27:31.488+0000] {logging_mixin.py:188} INFO - [2026-04-13T06:27:31.486+0000] {dag.py:3036} INFO - Sync 1 DAGs
[2026-04-13T06:27:31.583+0000] {logging_mixin.py:188} INFO - [2026-04-13T06:27:31.582+0000] {dag.py:3823} INFO - Setting next_dagrun for daily_revenue_etl_dag to 2026-04-13 00:00:00+00:00, run_after=2026-04-14 00:00:00+00:00
[2026-04-13T06:27:31.723+0000] {processor.py:183} INFO - Processing /opt/airflow/dags/daily_revenue_etl_dag.py took 0.494 seconds
[2026-04-13T06:51:43.855+0000] {processor.py:161} INFO - Started process (PID=1937) to work on /opt/airflow/dags/daily_revenue_etl_dag.py
[2026-04-13T06:51:43.857+0000] {processor.py:830} INFO - Processing file /opt/airflow/dags/daily_revenue_etl_dag.py for tasks to queue
[2026-04-13T06:51:43.859+0000] {logging_mixin.py:188} INFO - [2026-04-13T06:51:43.859+0000] {dagbag.py:538} INFO - Filling up the DagBag from /opt/airflow/dags/daily_revenue_etl_dag.py
[2026-04-13T06:51:43.893+0000] {processor.py:840} INFO - DAG(s) 'daily_revenue_etl_dag' retrieved from /opt/airflow/dags/daily_revenue_etl_dag.py
[2026-04-13T06:51:43.936+0000] {logging_mixin.py:188} INFO - [2026-04-13T06:51:43.935+0000] {dag.py:3036} INFO - Sync 1 DAGs
[2026-04-13T06:51:43.968+0000] {logging_mixin.py:188} INFO - [2026-04-13T06:51:43.967+0000] {dag.py:3823} INFO - Setting next_dagrun for daily_revenue_etl_dag to 2026-04-13 00:00:00+00:00, run_after=2026-04-14 00:00:00+00:00
[2026-04-13T06:51:43.997+0000] {processor.py:183} INFO - Processing /opt/airflow/dags/daily_revenue_etl_dag.py took 0.149 seconds
[2026-04-13T06:52:43.460+0000] {processor.py:161} INFO - Started process (PID=1942) to work on /opt/airflow/dags/daily_revenue_etl_dag.py
[2026-04-13T06:52:43.462+0000] {processor.py:830} INFO - Processing file /opt/airflow/dags/daily_revenue_etl_dag.py for tasks to queue
[2026-04-13T06:52:43.464+0000] {logging_mixin.py:188} INFO - [2026-04-13T06:52:43.463+0000] {dagbag.py:538} INFO - Filling up the DagBag from /opt/airflow/dags/daily_revenue_etl_dag.py
[2026-04-13T06:52:43.494+0000] {processor.py:840} INFO - DAG(s) 'daily_revenue_etl_dag' retrieved from /opt/airflow/dags/daily_revenue_etl_dag.py
[2026-04-13T06:52:43.534+0000] {logging_mixin.py:188} INFO - [2026-04-13T06:52:43.533+0000] {dag.py:3036} INFO - Sync 1 DAGs
[2026-04-13T06:52:43.568+0000] {logging_mixin.py:188} INFO - [2026-04-13T06:52:43.568+0000] {dag.py:3823} INFO - Setting next_dagrun for daily_revenue_etl_dag to 2026-04-13 00:00:00+00:00, run_after=2026-04-14 00:00:00+00:00
[2026-04-13T06:52:43.596+0000] {processor.py:183} INFO - Processing /opt/airflow/dags/daily_revenue_etl_dag.py took 0.141 seconds
[2026-04-13T06:53:13.774+0000] {processor.py:161} INFO - Started process (PID=1949) to work on /opt/airflow/dags/daily_revenue_etl_dag.py
[2026-04-13T06:53:13.776+0000] {processor.py:830} INFO - Processing file /opt/airflow/dags/daily_revenue_etl_dag.py for tasks to queue
[2026-04-13T06:53:13.778+0000] {logging_mixin.py:188} INFO - [2026-04-13T06:53:13.777+0000] {dagbag.py:538} INFO - Filling up the DagBag from /opt/airflow/dags/daily_revenue_etl_dag.py
[2026-04-13T06:53:13.817+0000] {processor.py:840} INFO - DAG(s) 'daily_revenue_etl_dag' retrieved from /opt/airflow/dags/daily_revenue_etl_dag.py
[2026-04-13T06:53:13.881+0000] {logging_mixin.py:188} INFO - [2026-04-13T06:53:13.880+0000] {dag.py:3036} INFO - Sync 1 DAGs
[2026-04-13T06:53:13.919+0000] {logging_mixin.py:188} INFO - [2026-04-13T06:53:13.919+0000] {dag.py:3823} INFO - Setting next_dagrun for daily_revenue_etl_dag to 2026-04-13 00:00:00+00:00, run_after=2026-04-14 00:00:00+00:00
[2026-04-13T06:53:13.944+0000] {processor.py:183} INFO - Processing /opt/airflow/dags/daily_revenue_etl_dag.py took 0.179 seconds
[2026-04-13T06:53:44.147+0000] {processor.py:161} INFO - Started process (PID=1956) to work on /opt/airflow/dags/daily_revenue_etl_dag.py
[2026-04-13T06:53:44.149+0000] {processor.py:830} INFO - Processing file /opt/airflow/dags/daily_revenue_etl_dag.py for tasks to queue
[2026-04-13T06:53:44.150+0000] {logging_mixin.py:188} INFO - [2026-04-13T06:53:44.150+0000] {dagbag.py:538} INFO - Filling up the DagBag from /opt/airflow/dags/daily_revenue_etl_dag.py
[2026-04-13T06:53:44.179+0000] {processor.py:840} INFO - DAG(s) 'daily_revenue_etl_dag' retrieved from /opt/airflow/dags/daily_revenue_etl_dag.py
[2026-04-13T06:53:44.219+0000] {logging_mixin.py:188} INFO - [2026-04-13T06:53:44.218+0000] {dag.py:3036} INFO - Sync 1 DAGs
[2026-04-13T06:53:44.251+0000] {logging_mixin.py:188} INFO - [2026-04-13T06:53:44.250+0000] {dag.py:3823} INFO - Setting next_dagrun for daily_revenue_etl_dag to 2026-04-13 00:00:00+00:00, run_after=2026-04-14 00:00:00+00:00
[2026-04-13T06:53:44.276+0000] {processor.py:183} INFO - Processing /opt/airflow/dags/daily_revenue_etl_dag.py took 0.134 seconds
[2026-04-13T06:54:38.660+0000] {processor.py:161} INFO - Started process (PID=1961) to work on /opt/airflow/dags/daily_revenue_etl_dag.py
[2026-04-13T06:54:38.661+0000] {processor.py:830} INFO - Processing file /opt/airflow/dags/daily_revenue_etl_dag.py for tasks to queue
[2026-04-13T06:54:38.663+0000] {logging_mixin.py:188} INFO - [2026-04-13T06:54:38.662+0000] {dagbag.py:538} INFO - Filling up the DagBag from /opt/airflow/dags/daily_revenue_etl_dag.py
[2026-04-13T06:54:38.738+0000] {processor.py:840} INFO - DAG(s) 'daily_revenue_etl_dag' retrieved from /opt/airflow/dags/daily_revenue_etl_dag.py
[2026-04-13T06:54:38.807+0000] {logging_mixin.py:188} INFO - [2026-04-13T06:54:38.807+0000] {dag.py:3036} INFO - Sync 1 DAGs
[2026-04-13T06:54:38.849+0000] {logging_mixin.py:188} INFO - [2026-04-13T06:54:38.849+0000] {dag.py:3823} INFO - Setting next_dagrun for daily_revenue_etl_dag to 2026-04-13 00:00:00+00:00, run_after=2026-04-14 00:00:00+00:00
[2026-04-13T06:30:41.658+0000] {processor.py:183} INFO - Processing /opt/airflow/dags/daily_revenue_etl_dag.py took 0.239 seconds
[2026-04-13T06:54:43.701+0000] {processor.py:161} INFO - Started process (PID=1966) to work on /opt/airflow/dags/daily_revenue_etl_dag.py
[2026-04-13T06:54:43.705+0000] {processor.py:830} INFO - Processing file /opt/airflow/dags/daily_revenue_etl_dag.py for tasks to queue
[2026-04-13T06:54:43.706+0000] {logging_mixin.py:188} INFO - [2026-04-13T06:54:43.706+0000] {dagbag.py:538} INFO - Filling up the DagBag from /opt/airflow/dags/daily_revenue_etl_dag.py
[2026-04-13T06:54:43.755+0000] {processor.py:840} INFO - DAG(s) 'daily_revenue_etl_dag' retrieved from /opt/airflow/dags/daily_revenue_etl_dag.py
[2026-04-13T06:54:43.844+0000] {logging_mixin.py:188} INFO - [2026-04-13T06:54:43.843+0000] {dag.py:3036} INFO - Sync 1 DAGs
[2026-04-13T06:30:46.644+0000] {logging_mixin.py:188} INFO - [2026-04-13T06:30:46.643+0000] {dag.py:3823} INFO - Setting next_dagrun for daily_revenue_etl_dag to 2026-04-13 00:00:00+00:00, run_after=2026-04-14 00:00:00+00:00
[2026-04-13T06:30:46.686+0000] {processor.py:183} INFO - Processing /opt/airflow/dags/daily_revenue_etl_dag.py took 0.238 seconds
[2026-04-13T06:54:44.744+0000] {processor.py:161} INFO - Started process (PID=1971) to work on /opt/airflow/dags/daily_revenue_etl_dag.py
[2026-04-13T06:54:44.748+0000] {processor.py:830} INFO - Processing file /opt/airflow/dags/daily_revenue_etl_dag.py for tasks to queue
[2026-04-13T06:54:44.751+0000] {logging_mixin.py:188} INFO - [2026-04-13T06:54:44.751+0000] {dagbag.py:538} INFO - Filling up the DagBag from /opt/airflow/dags/daily_revenue_etl_dag.py
[2026-04-13T06:54:44.806+0000] {processor.py:840} INFO - DAG(s) 'daily_revenue_etl_dag' retrieved from /opt/airflow/dags/daily_revenue_etl_dag.py
[2026-04-13T06:30:47.648+0000] {logging_mixin.py:188} INFO - [2026-04-13T06:30:47.647+0000] {dag.py:3036} INFO - Sync 1 DAGs
[2026-04-13T06:30:47.688+0000] {logging_mixin.py:188} INFO - [2026-04-13T06:30:47.687+0000] {dag.py:3823} INFO - Setting next_dagrun for daily_revenue_etl_dag to 2026-04-13 00:00:00+00:00, run_after=2026-04-14 00:00:00+00:00
[2026-04-13T06:30:47.728+0000] {processor.py:183} INFO - Processing /opt/airflow/dags/daily_revenue_etl_dag.py took 0.230 seconds
[2026-04-13T06:31:17.985+0000] {processor.py:161} INFO - Started process (PID=1976) to work on /opt/airflow/dags/daily_revenue_etl_dag.py
[2026-04-13T06:31:17.987+0000] {processor.py:830} INFO - Processing file /opt/airflow/dags/daily_revenue_etl_dag.py for tasks to queue
[2026-04-13T06:31:17.988+0000] {logging_mixin.py:188} INFO - [2026-04-13T06:31:17.988+0000] {dagbag.py:538} INFO - Filling up the DagBag from /opt/airflow/dags/daily_revenue_etl_dag.py
[2026-04-13T06:31:18.026+0000] {processor.py:840} INFO - DAG(s) 'daily_revenue_etl_dag' retrieved from /opt/airflow/dags/daily_revenue_etl_dag.py
[2026-04-13T06:31:18.091+0000] {logging_mixin.py:188} INFO - [2026-04-13T06:31:18.090+0000] {dag.py:3036} INFO - Sync 1 DAGs
[2026-04-13T06:31:18.151+0000] {logging_mixin.py:188} INFO - [2026-04-13T06:31:18.151+0000] {dag.py:3823} INFO - Setting next_dagrun for daily_revenue_etl_dag to 2026-04-13 00:00:00+00:00, run_after=2026-04-14 00:00:00+00:00
[2026-04-13T06:31:18.193+0000] {processor.py:183} INFO - Processing /opt/airflow/dags/daily_revenue_etl_dag.py took 0.214 seconds
[2026-04-13T06:55:38.795+0000] {processor.py:161} INFO - Started process (PID=1981) to work on /opt/airflow/dags/daily_revenue_etl_dag.py
[2026-04-13T06:55:38.797+0000] {processor.py:830} INFO - Processing file /opt/airflow/dags/daily_revenue_etl_dag.py for tasks to queue
[2026-04-13T06:55:38.799+0000] {logging_mixin.py:188} INFO - [2026-04-13T06:55:38.799+0000] {dagbag.py:538} INFO - Filling up the DagBag from /opt/airflow/dags/daily_revenue_etl_dag.py
[2026-04-13T06:55:38.855+0000] {processor.py:840} INFO - DAG(s) 'daily_revenue_etl_dag' retrieved from /opt/airflow/dags/daily_revenue_etl_dag.py
[2026-04-13T06:55:38.898+0000] {logging_mixin.py:188} INFO - [2026-04-13T06:55:38.897+0000] {dag.py:3036} INFO - Sync 1 DAGs
[2026-04-13T06:55:38.925+0000] {logging_mixin.py:188} INFO - [2026-04-13T06:55:38.925+0000] {dag.py:3823} INFO - Setting next_dagrun for daily_revenue_etl_dag to 2026-04-13 00:00:00+00:00, run_after=2026-04-14 00:00:00+00:00
[2026-04-13T06:31:41.715+0000] {processor.py:183} INFO - Processing /opt/airflow/dags/daily_revenue_etl_dag.py took 0.171 seconds
[2026-04-13T06:55:43.841+0000] {processor.py:161} INFO - Started process (PID=1986) to work on /opt/airflow/dags/daily_revenue_etl_dag.py
[2026-04-13T06:55:43.845+0000] {processor.py:830} INFO - Processing file /opt/airflow/dags/daily_revenue_etl_dag.py for tasks to queue
[2026-04-13T06:55:43.848+0000] {logging_mixin.py:188} INFO - [2026-04-13T06:55:43.847+0000] {dagbag.py:538} INFO - Filling up the DagBag from /opt/airflow/dags/daily_revenue_etl_dag.py
[2026-04-13T06:55:43.900+0000] {processor.py:840} INFO - DAG(s) 'daily_revenue_etl_dag' retrieved from /opt/airflow/dags/daily_revenue_etl_dag.py
[2026-04-13T06:31:46.728+0000] {logging_mixin.py:188} INFO - [2026-04-13T06:31:46.727+0000] {dag.py:3036} INFO - Sync 1 DAGs
[2026-04-13T06:31:46.840+0000] {logging_mixin.py:188} INFO - [2026-04-13T06:31:46.839+0000] {dag.py:3823} INFO - Setting next_dagrun for daily_revenue_etl_dag to 2026-04-13 00:00:00+00:00, run_after=2026-04-14 00:00:00+00:00
[2026-04-13T06:31:46.880+0000] {processor.py:183} INFO - Processing /opt/airflow/dags/daily_revenue_etl_dag.py took 0.289 seconds
[2026-04-13T06:55:54.145+0000] {processor.py:161} INFO - Started process (PID=1991) to work on /opt/airflow/dags/daily_revenue_etl_dag.py
[2026-04-13T06:55:54.146+0000] {processor.py:830} INFO - Processing file /opt/airflow/dags/daily_revenue_etl_dag.py for tasks to queue
[2026-04-13T06:55:54.147+0000] {logging_mixin.py:188} INFO - [2026-04-13T06:55:54.147+0000] {dagbag.py:538} INFO - Filling up the DagBag from /opt/airflow/dags/daily_revenue_etl_dag.py
[2026-04-13T06:55:54.178+0000] {processor.py:840} INFO - DAG(s) 'daily_revenue_etl_dag' retrieved from /opt/airflow/dags/daily_revenue_etl_dag.py
[2026-04-13T06:55:54.216+0000] {logging_mixin.py:188} INFO - [2026-04-13T06:55:54.216+0000] {dag.py:3036} INFO - Sync 1 DAGs
[2026-04-13T06:55:54.249+0000] {logging_mixin.py:188} INFO - [2026-04-13T06:55:54.248+0000] {dag.py:3823} INFO - Setting next_dagrun for daily_revenue_etl_dag to 2026-04-13 00:00:00+00:00, run_after=2026-04-14 00:00:00+00:00
[2026-04-13T06:55:54.301+0000] {processor.py:183} INFO - Processing /opt/airflow/dags/daily_revenue_etl_dag.py took 0.164 seconds
[2026-04-13T06:56:44.664+0000] {processor.py:161} INFO - Started process (PID=1998) to work on /opt/airflow/dags/daily_revenue_etl_dag.py
[2026-04-13T06:56:44.666+0000] {processor.py:830} INFO - Processing file /opt/airflow/dags/daily_revenue_etl_dag.py for tasks to queue
[2026-04-13T06:56:44.668+0000] {logging_mixin.py:188} INFO - [2026-04-13T06:56:44.667+0000] {dagbag.py:538} INFO - Filling up the DagBag from /opt/airflow/dags/daily_revenue_etl_dag.py
[2026-04-13T06:56:44.701+0000] {processor.py:840} INFO - DAG(s) 'daily_revenue_etl_dag' retrieved from /opt/airflow/dags/daily_revenue_etl_dag.py
[2026-04-13T06:56:44.742+0000] {logging_mixin.py:188} INFO - [2026-04-13T06:56:44.742+0000] {dag.py:3036} INFO - Sync 1 DAGs
[2026-04-13T06:56:44.781+0000] {logging_mixin.py:188} INFO - [2026-04-13T06:56:44.780+0000] {dag.py:3823} INFO - Setting next_dagrun for daily_revenue_etl_dag to 2026-04-13 00:00:00+00:00, run_after=2026-04-14 00:00:00+00:00
[2026-04-13T06:56:44.817+0000] {processor.py:183} INFO - Processing /opt/airflow/dags/daily_revenue_etl_dag.py took 0.161 seconds
[2026-04-13T06:57:19.032+0000] {processor.py:161} INFO - Started process (PID=2005) to work on /opt/airflow/dags/daily_revenue_etl_dag.py
[2026-04-13T06:57:19.035+0000] {processor.py:830} INFO - Processing file /opt/airflow/dags/daily_revenue_etl_dag.py for tasks to queue
[2026-04-13T06:57:19.040+0000] {logging_mixin.py:188} INFO - [2026-04-13T06:57:19.039+0000] {dagbag.py:538} INFO - Filling up the DagBag from /opt/airflow/dags/daily_revenue_etl_dag.py
[2026-04-13T06:57:19.081+0000] {processor.py:840} INFO - DAG(s) 'daily_revenue_etl_dag' retrieved from /opt/airflow/dags/daily_revenue_etl_dag.py
[2026-04-13T06:57:19.126+0000] {logging_mixin.py:188} INFO - [2026-04-13T06:57:19.125+0000] {dag.py:3036} INFO - Sync 1 DAGs
[2026-04-13T06:33:21.919+0000] {logging_mixin.py:188} INFO - [2026-04-13T06:33:21.919+0000] {dag.py:3823} INFO - Setting next_dagrun for daily_revenue_etl_dag to 2026-04-13 00:00:00+00:00, run_after=2026-04-14 00:00:00+00:00
[2026-04-13T06:33:21.947+0000] {processor.py:183} INFO - Processing /opt/airflow/dags/daily_revenue_etl_dag.py took 0.159 seconds
[2026-04-13T06:33:31.981+0000] {processor.py:161} INFO - Started process (PID=2010) to work on /opt/airflow/dags/daily_revenue_etl_dag.py
[2026-04-13T06:33:31.984+0000] {processor.py:830} INFO - Processing file /opt/airflow/dags/daily_revenue_etl_dag.py for tasks to queue
[2026-04-13T06:33:31.988+0000] {logging_mixin.py:188} INFO - [2026-04-13T06:33:31.986+0000] {dagbag.py:538} INFO - Filling up the DagBag from /opt/airflow/dags/daily_revenue_etl_dag.py
[2026-04-13T06:33:32.040+0000] {processor.py:840} INFO - DAG(s) 'daily_revenue_etl_dag' retrieved from /opt/airflow/dags/daily_revenue_etl_dag.py
[2026-04-13T06:33:32.085+0000] {logging_mixin.py:188} INFO - [2026-04-13T06:33:32.084+0000] {dag.py:3036} INFO - Sync 1 DAGs
[2026-04-13T06:33:32.113+0000] {logging_mixin.py:188} INFO - [2026-04-13T06:33:32.113+0000] {dag.py:3823} INFO - Setting next_dagrun for daily_revenue_etl_dag to 2026-04-13 00:00:00+00:00, run_after=2026-04-14 00:00:00+00:00
[2026-04-13T06:33:32.133+0000] {processor.py:183} INFO - Processing /opt/airflow/dags/daily_revenue_etl_dag.py took 0.166 seconds
[2026-04-13T06:34:02.280+0000] {processor.py:161} INFO - Started process (PID=2015) to work on /opt/airflow/dags/daily_revenue_etl_dag.py
[2026-04-13T06:34:02.282+0000] {processor.py:830} INFO - Processing file /opt/airflow/dags/daily_revenue_etl_dag.py for tasks to queue
[2026-04-13T06:34:02.283+0000] {logging_mixin.py:188} INFO - [2026-04-13T06:34:02.282+0000] {dagbag.py:538} INFO - Filling up the DagBag from /opt/airflow/dags/daily_revenue_etl_dag.py
[2026-04-13T06:34:02.301+0000] {processor.py:840} INFO - DAG(s) 'daily_revenue_etl_dag' retrieved from /opt/airflow/dags/daily_revenue_etl_dag.py
[2026-04-13T06:34:02.331+0000] {logging_mixin.py:188} INFO - [2026-04-13T06:34:02.331+0000] {dag.py:3036} INFO - Sync 1 DAGs
[2026-04-13T06:34:02.357+0000] {logging_mixin.py:188} INFO - [2026-04-13T06:34:02.357+0000] {dag.py:3823} INFO - Setting next_dagrun for daily_revenue_etl_dag to 2026-04-13 00:00:00+00:00, run_after=2026-04-14 00:00:00+00:00
[2026-04-13T06:34:02.380+0000] {processor.py:183} INFO - Processing /opt/airflow/dags/daily_revenue_etl_dag.py took 0.106 seconds
[2026-04-13T06:58:14.832+0000] {processor.py:161} INFO - Started process (PID=2020) to work on /opt/airflow/dags/daily_revenue_etl_dag.py
[2026-04-13T06:58:14.837+0000] {processor.py:830} INFO - Processing file /opt/airflow/dags/daily_revenue_etl_dag.py for tasks to queue
[2026-04-13T06:58:14.842+0000] {logging_mixin.py:188} INFO - [2026-04-13T06:58:14.841+0000] {dagbag.py:538} INFO - Filling up the DagBag from /opt/airflow/dags/daily_revenue_etl_dag.py
[2026-04-13T06:34:17.673+0000] {processor.py:840} INFO - DAG(s) 'daily_revenue_etl_dag' retrieved from /opt/airflow/dags/daily_revenue_etl_dag.py
[2026-04-13T06:34:17.736+0000] {logging_mixin.py:188} INFO - [2026-04-13T06:34:17.736+0000] {dag.py:3036} INFO - Sync 1 DAGs
[2026-04-13T06:34:17.784+0000] {logging_mixin.py:188} INFO - [2026-04-13T06:34:17.784+0000] {dag.py:3823} INFO - Setting next_dagrun for daily_revenue_etl_dag to 2026-04-13 00:00:00+00:00, run_after=2026-04-14 00:00:00+00:00
[2026-04-13T06:34:17.844+0000] {processor.py:183} INFO - Processing /opt/airflow/dags/daily_revenue_etl_dag.py took 0.255 seconds
[2026-04-13T06:58:19.210+0000] {processor.py:161} INFO - Started process (PID=2025) to work on /opt/airflow/dags/daily_revenue_etl_dag.py
[2026-04-13T06:58:19.212+0000] {processor.py:830} INFO - Processing file /opt/airflow/dags/daily_revenue_etl_dag.py for tasks to queue
[2026-04-13T06:58:19.214+0000] {logging_mixin.py:188} INFO - [2026-04-13T06:58:19.214+0000] {dagbag.py:538} INFO - Filling up the DagBag from /opt/airflow/dags/daily_revenue_etl_dag.py
[2026-04-13T06:34:22.056+0000] {processor.py:840} INFO - DAG(s) 'daily_revenue_etl_dag' retrieved from /opt/airflow/dags/daily_revenue_etl_dag.py
[2026-04-13T06:34:22.180+0000] {logging_mixin.py:188} INFO - [2026-04-13T06:34:22.179+0000] {dag.py:3036} INFO - Sync 1 DAGs
[2026-04-13T06:34:22.252+0000] {logging_mixin.py:188} INFO - [2026-04-13T06:34:22.251+0000] {dag.py:3823} INFO - Setting next_dagrun for daily_revenue_etl_dag to 2026-04-13 00:00:00+00:00, run_after=2026-04-14 00:00:00+00:00
[2026-04-13T06:34:22.319+0000] {processor.py:183} INFO - Processing /opt/airflow/dags/daily_revenue_etl_dag.py took 0.358 seconds
[2026-04-13T06:34:27.037+0000] {processor.py:161} INFO - Started process (PID=2030) to work on /opt/airflow/dags/daily_revenue_etl_dag.py
[2026-04-13T06:34:27.040+0000] {processor.py:830} INFO - Processing file /opt/airflow/dags/daily_revenue_etl_dag.py for tasks to queue
[2026-04-13T06:34:27.044+0000] {logging_mixin.py:188} INFO - [2026-04-13T06:34:27.042+0000] {dagbag.py:538} INFO - Filling up the DagBag from /opt/airflow/dags/daily_revenue_etl_dag.py
[2026-04-13T06:34:27.075+0000] {processor.py:840} INFO - DAG(s) 'daily_revenue_etl_dag' retrieved from /opt/airflow/dags/daily_revenue_etl_dag.py
[2026-04-13T06:34:27.125+0000] {logging_mixin.py:188} INFO - [2026-04-13T06:34:27.125+0000] {dag.py:3036} INFO - Sync 1 DAGs
[2026-04-13T06:34:27.156+0000] {logging_mixin.py:188} INFO - [2026-04-13T06:34:27.155+0000] {dag.py:3823} INFO - Setting next_dagrun for daily_revenue_etl_dag to 2026-04-13 00:00:00+00:00, run_after=2026-04-14 00:00:00+00:00
[2026-04-13T06:34:27.178+0000] {processor.py:183} INFO - Processing /opt/airflow/dags/daily_revenue_etl_dag.py took 0.148 seconds
[2026-04-13T06:58:39.353+0000] {processor.py:161} INFO - Started process (PID=2035) to work on /opt/airflow/dags/daily_revenue_etl_dag.py
[2026-04-13T06:58:39.354+0000] {processor.py:830} INFO - Processing file /opt/airflow/dags/daily_revenue_etl_dag.py for tasks to queue
[2026-04-13T06:58:39.356+0000] {logging_mixin.py:188} INFO - [2026-04-13T06:58:39.355+0000] {dagbag.py:538} INFO - Filling up the DagBag from /opt/airflow/dags/daily_revenue_etl_dag.py
[2026-04-13T06:58:39.383+0000] {processor.py:840} INFO - DAG(s) 'daily_revenue_etl_dag' retrieved from /opt/airflow/dags/daily_revenue_etl_dag.py
[2026-04-13T06:58:39.421+0000] {logging_mixin.py:188} INFO - [2026-04-13T06:58:39.420+0000] {dag.py:3036} INFO - Sync 1 DAGs
[2026-04-13T06:58:39.457+0000] {logging_mixin.py:188} INFO - [2026-04-13T06:58:39.457+0000] {dag.py:3823} INFO - Setting next_dagrun for daily_revenue_etl_dag to 2026-04-13 00:00:00+00:00, run_after=2026-04-14 00:00:00+00:00
[2026-04-13T06:58:39.488+0000] {processor.py:183} INFO - Processing /opt/airflow/dags/daily_revenue_etl_dag.py took 0.140 seconds
[2026-04-13T06:59:14.777+0000] {processor.py:161} INFO - Started process (PID=2042) to work on /opt/airflow/dags/daily_revenue_etl_dag.py
[2026-04-13T06:59:14.778+0000] {processor.py:830} INFO - Processing file /opt/airflow/dags/daily_revenue_etl_dag.py for tasks to queue
[2026-04-13T06:59:14.779+0000] {logging_mixin.py:188} INFO - [2026-04-13T06:59:14.779+0000] {dagbag.py:538} INFO - Filling up the DagBag from /opt/airflow/dags/daily_revenue_etl_dag.py
[2026-04-13T06:59:14.802+0000] {processor.py:840} INFO - DAG(s) 'daily_revenue_etl_dag' retrieved from /opt/airflow/dags/daily_revenue_etl_dag.py
[2026-04-13T06:59:14.834+0000] {logging_mixin.py:188} INFO - [2026-04-13T06:59:14.834+0000] {dag.py:3036} INFO - Sync 1 DAGs
[2026-04-13T06:59:14.863+0000] {logging_mixin.py:188} INFO - [2026-04-13T06:59:14.863+0000] {dag.py:3823} INFO - Setting next_dagrun for daily_revenue_etl_dag to 2026-04-13 00:00:00+00:00, run_after=2026-04-14 00:00:00+00:00
[2026-04-13T06:59:14.885+0000] {processor.py:183} INFO - Processing /opt/airflow/dags/daily_revenue_etl_dag.py took 0.112 seconds
[2026-04-13T06:35:47.828+0000] {processor.py:161} INFO - Started process (PID=2047) to work on /opt/airflow/dags/daily_revenue_etl_dag.py
[2026-04-13T06:35:47.830+0000] {processor.py:830} INFO - Processing file /opt/airflow/dags/daily_revenue_etl_dag.py for tasks to queue
[2026-04-13T06:35:47.832+0000] {logging_mixin.py:188} INFO - [2026-04-13T06:35:47.831+0000] {dagbag.py:538} INFO - Filling up the DagBag from /opt/airflow/dags/daily_revenue_etl_dag.py
[2026-04-13T06:35:47.899+0000] {processor.py:840} INFO - DAG(s) 'daily_revenue_etl_dag' retrieved from /opt/airflow/dags/daily_revenue_etl_dag.py
[2026-04-13T06:35:48.022+0000] {logging_mixin.py:188} INFO - [2026-04-13T06:35:48.018+0000] {dag.py:3036} INFO - Sync 1 DAGs
[2026-04-13T06:35:48.110+0000] {logging_mixin.py:188} INFO - [2026-04-13T06:35:48.108+0000] {dag.py:3823} INFO - Setting next_dagrun for daily_revenue_etl_dag to 2026-04-13 00:00:00+00:00, run_after=2026-04-14 00:00:00+00:00
[2026-04-13T06:35:48.224+0000] {processor.py:183} INFO - Processing /opt/airflow/dags/daily_revenue_etl_dag.py took 0.407 seconds
[2026-04-13T06:35:52.292+0000] {processor.py:161} INFO - Started process (PID=2052) to work on /opt/airflow/dags/daily_revenue_etl_dag.py
[2026-04-13T06:35:52.296+0000] {processor.py:830} INFO - Processing file /opt/airflow/dags/daily_revenue_etl_dag.py for tasks to queue
[2026-04-13T06:35:52.305+0000] {logging_mixin.py:188} INFO - [2026-04-13T06:35:52.304+0000] {dagbag.py:538} INFO - Filling up the DagBag from /opt/airflow/dags/daily_revenue_etl_dag.py
[2026-04-13T06:35:52.455+0000] {processor.py:840} INFO - DAG(s) 'daily_revenue_etl_dag' retrieved from /opt/airflow/dags/daily_revenue_etl_dag.py
[2026-04-13T06:35:52.591+0000] {logging_mixin.py:188} INFO - [2026-04-13T06:35:52.590+0000] {dag.py:3036} INFO - Sync 1 DAGs
[2026-04-13T06:35:52.668+0000] {logging_mixin.py:188} INFO - [2026-04-13T06:35:52.667+0000] {dag.py:3823} INFO - Setting next_dagrun for daily_revenue_etl_dag to 2026-04-13 00:00:00+00:00, run_after=2026-04-14 00:00:00+00:00
[2026-04-13T06:35:52.732+0000] {processor.py:183} INFO - Processing /opt/airflow/dags/daily_revenue_etl_dag.py took 0.457 seconds
[2026-04-13T06:59:59.789+0000] {processor.py:161} INFO - Started process (PID=2057) to work on /opt/airflow/dags/daily_revenue_etl_dag.py
[2026-04-13T06:59:59.794+0000] {processor.py:830} INFO - Processing file /opt/airflow/dags/daily_revenue_etl_dag.py for tasks to queue
[2026-04-13T06:59:59.799+0000] {logging_mixin.py:188} INFO - [2026-04-13T06:59:59.798+0000] {dagbag.py:538} INFO - Filling up the DagBag from /opt/airflow/dags/daily_revenue_etl_dag.py
[2026-04-13T06:59:59.910+0000] {processor.py:840} INFO - DAG(s) 'daily_revenue_etl_dag' retrieved from /opt/airflow/dags/daily_revenue_etl_dag.py
[2026-04-13T07:00:00.018+0000] {logging_mixin.py:188} INFO - [2026-04-13T07:00:00.014+0000] {dag.py:3036} INFO - Sync 1 DAGs
[2026-04-13T07:00:00.171+0000] {logging_mixin.py:188} INFO - [2026-04-13T07:00:00.170+0000] {dag.py:3823} INFO - Setting next_dagrun for daily_revenue_etl_dag to 2026-04-13 00:00:00+00:00, run_after=2026-04-14 00:00:00+00:00
[2026-04-13T07:00:00.292+0000] {processor.py:183} INFO - Processing /opt/airflow/dags/daily_revenue_etl_dag.py took 0.518 seconds
[2026-04-13T07:00:34.456+0000] {processor.py:161} INFO - Started process (PID=2062) to work on /opt/airflow/dags/daily_revenue_etl_dag.py
[2026-04-13T07:00:34.465+0000] {processor.py:830} INFO - Processing file /opt/airflow/dags/daily_revenue_etl_dag.py for tasks to queue
[2026-04-13T07:00:34.468+0000] {logging_mixin.py:188} INFO - [2026-04-13T07:00:34.467+0000] {dagbag.py:538} INFO - Filling up the DagBag from /opt/airflow/dags/daily_revenue_etl_dag.py
[2026-04-13T06:36:37.291+0000] {processor.py:840} INFO - DAG(s) 'daily_revenue_etl_dag' retrieved from /opt/airflow/dags/daily_revenue_etl_dag.py
[2026-04-13T06:36:37.337+0000] {logging_mixin.py:188} INFO - [2026-04-13T06:36:37.337+0000] {dag.py:3036} INFO - Sync 1 DAGs
[2026-04-13T06:36:37.375+0000] {logging_mixin.py:188} INFO - [2026-04-13T06:36:37.375+0000] {dag.py:3823} INFO - Setting next_dagrun for daily_revenue_etl_dag to 2026-04-13 00:00:00+00:00, run_after=2026-04-14 00:00:00+00:00
[2026-04-13T06:36:37.410+0000] {processor.py:183} INFO - Processing /opt/airflow/dags/daily_revenue_etl_dag.py took 0.187 seconds
[2026-04-13T07:00:44.761+0000] {processor.py:161} INFO - Started process (PID=2067) to work on /opt/airflow/dags/daily_revenue_etl_dag.py
[2026-04-13T07:00:44.763+0000] {processor.py:830} INFO - Processing file /opt/airflow/dags/daily_revenue_etl_dag.py for tasks to queue
[2026-04-13T07:00:44.765+0000] {logging_mixin.py:188} INFO - [2026-04-13T07:00:44.764+0000] {dagbag.py:538} INFO - Filling up the DagBag from /opt/airflow/dags/daily_revenue_etl_dag.py
[2026-04-13T07:00:44.798+0000] {processor.py:840} INFO - DAG(s) 'daily_revenue_etl_dag' retrieved from /opt/airflow/dags/daily_revenue_etl_dag.py
[2026-04-13T06:36:47.604+0000] {logging_mixin.py:188} INFO - [2026-04-13T06:36:47.604+0000] {dag.py:3036} INFO - Sync 1 DAGs
[2026-04-13T06:36:47.671+0000] {logging_mixin.py:188} INFO - [2026-04-13T06:36:47.670+0000] {dag.py:3823} INFO - Setting next_dagrun for daily_revenue_etl_dag to 2026-04-13 00:00:00+00:00, run_after=2026-04-14 00:00:00+00:00
[2026-04-13T06:36:47.719+0000] {processor.py:183} INFO - Processing /opt/airflow/dags/daily_revenue_etl_dag.py took 0.203 seconds
[2026-04-13T06:37:17.817+0000] {processor.py:161} INFO - Started process (PID=2072) to work on /opt/airflow/dags/daily_revenue_etl_dag.py
[2026-04-13T06:37:17.822+0000] {processor.py:830} INFO - Processing file /opt/airflow/dags/daily_revenue_etl_dag.py for tasks to queue
[2026-04-13T06:37:17.824+0000] {logging_mixin.py:188} INFO - [2026-04-13T06:37:17.823+0000] {dagbag.py:538} INFO - Filling up the DagBag from /opt/airflow/dags/daily_revenue_etl_dag.py
[2026-04-13T06:37:17.864+0000] {processor.py:840} INFO - DAG(s) 'daily_revenue_etl_dag' retrieved from /opt/airflow/dags/daily_revenue_etl_dag.py
[2026-04-13T06:37:17.913+0000] {logging_mixin.py:188} INFO - [2026-04-13T06:37:17.912+0000] {dag.py:3036} INFO - Sync 1 DAGs
[2026-04-13T06:37:17.950+0000] {logging_mixin.py:188} INFO - [2026-04-13T06:37:17.949+0000] {dag.py:3823} INFO - Setting next_dagrun for daily_revenue_etl_dag to 2026-04-13 00:00:00+00:00, run_after=2026-04-14 00:00:00+00:00
[2026-04-13T06:37:17.981+0000] {processor.py:183} INFO - Processing /opt/airflow/dags/daily_revenue_etl_dag.py took 0.173 seconds
[2026-04-13T06:37:48.062+0000] {processor.py:161} INFO - Started process (PID=2077) to work on /opt/airflow/dags/daily_revenue_etl_dag.py
[2026-04-13T06:37:48.063+0000] {processor.py:830} INFO - Processing file /opt/airflow/dags/daily_revenue_etl_dag.py for tasks to queue
[2026-04-13T06:37:48.065+0000] {logging_mixin.py:188} INFO - [2026-04-13T06:37:48.065+0000] {dagbag.py:538} INFO - Filling up the DagBag from /opt/airflow/dags/daily_revenue_etl_dag.py
[2026-04-13T06:37:48.100+0000] {processor.py:840} INFO - DAG(s) 'daily_revenue_etl_dag' retrieved from /opt/airflow/dags/daily_revenue_etl_dag.py
[2026-04-13T06:37:48.169+0000] {logging_mixin.py:188} INFO - [2026-04-13T06:37:48.169+0000] {dag.py:3036} INFO - Sync 1 DAGs
[2026-04-13T06:37:48.226+0000] {logging_mixin.py:188} INFO - [2026-04-13T06:37:48.226+0000] {dag.py:3823} INFO - Setting next_dagrun for daily_revenue_etl_dag to 2026-04-13 00:00:00+00:00, run_after=2026-04-14 00:00:00+00:00
[2026-04-13T06:37:48.278+0000] {processor.py:183} INFO - Processing /opt/airflow/dags/daily_revenue_etl_dag.py took 0.221 seconds
[2026-04-13T07:01:49.603+0000] {processor.py:161} INFO - Started process (PID=2082) to work on /opt/airflow/dags/daily_revenue_etl_dag.py
[2026-04-13T07:01:49.605+0000] {processor.py:830} INFO - Processing file /opt/airflow/dags/daily_revenue_etl_dag.py for tasks to queue
[2026-04-13T07:01:49.607+0000] {logging_mixin.py:188} INFO - [2026-04-13T07:01:49.606+0000] {dagbag.py:538} INFO - Filling up the DagBag from /opt/airflow/dags/daily_revenue_etl_dag.py
[2026-04-13T06:37:52.415+0000] {processor.py:840} INFO - DAG(s) 'daily_revenue_etl_dag' retrieved from /opt/airflow/dags/daily_revenue_etl_dag.py
[2026-04-13T06:37:52.476+0000] {logging_mixin.py:188} INFO - [2026-04-13T06:37:52.475+0000] {dag.py:3036} INFO - Sync 1 DAGs
[2026-04-13T06:37:52.521+0000] {logging_mixin.py:188} INFO - [2026-04-13T06:37:52.521+0000] {dag.py:3823} INFO - Setting next_dagrun for daily_revenue_etl_dag to 2026-04-13 00:00:00+00:00, run_after=2026-04-14 00:00:00+00:00
[2026-04-13T06:37:52.554+0000] {processor.py:183} INFO - Processing /opt/airflow/dags/daily_revenue_etl_dag.py took 0.188 seconds
[2026-04-13T06:37:57.437+0000] {processor.py:161} INFO - Started process (PID=2087) to work on /opt/airflow/dags/daily_revenue_etl_dag.py
[2026-04-13T06:37:57.442+0000] {processor.py:830} INFO - Processing file /opt/airflow/dags/daily_revenue_etl_dag.py for tasks to queue
[2026-04-13T06:37:57.445+0000] {logging_mixin.py:188} INFO - [2026-04-13T06:37:57.443+0000] {dagbag.py:538} INFO - Filling up the DagBag from /opt/airflow/dags/daily_revenue_etl_dag.py
[2026-04-13T06:37:57.497+0000] {processor.py:840} INFO - DAG(s) 'daily_revenue_etl_dag' retrieved from /opt/airflow/dags/daily_revenue_etl_dag.py
[2026-04-13T06:37:57.561+0000] {logging_mixin.py:188} INFO - [2026-04-13T06:37:57.561+0000] {dag.py:3036} INFO - Sync 1 DAGs
[2026-04-13T06:37:57.609+0000] {logging_mixin.py:188} INFO - [2026-04-13T06:37:57.608+0000] {dag.py:3823} INFO - Setting next_dagrun for daily_revenue_etl_dag to 2026-04-13 00:00:00+00:00, run_after=2026-04-14 00:00:00+00:00
[2026-04-13T06:37:57.651+0000] {processor.py:183} INFO - Processing /opt/airflow/dags/daily_revenue_etl_dag.py took 0.223 seconds
[2026-04-13T06:38:27.896+0000] {processor.py:161} INFO - Started process (PID=2092) to work on /opt/airflow/dags/daily_revenue_etl_dag.py
[2026-04-13T06:38:27.898+0000] {processor.py:830} INFO - Processing file /opt/airflow/dags/daily_revenue_etl_dag.py for tasks to queue
[2026-04-13T06:38:27.899+0000] {logging_mixin.py:188} INFO - [2026-04-13T06:38:27.898+0000] {dagbag.py:538} INFO - Filling up the DagBag from /opt/airflow/dags/daily_revenue_etl_dag.py
[2026-04-13T06:38:27.918+0000] {processor.py:840} INFO - DAG(s) 'daily_revenue_etl_dag' retrieved from /opt/airflow/dags/daily_revenue_etl_dag.py
[2026-04-13T06:38:27.948+0000] {logging_mixin.py:188} INFO - [2026-04-13T06:38:27.948+0000] {dag.py:3036} INFO - Sync 1 DAGs
[2026-04-13T06:38:27.982+0000] {logging_mixin.py:188} INFO - [2026-04-13T06:38:27.981+0000] {dag.py:3823} INFO - Setting next_dagrun for daily_revenue_etl_dag to 2026-04-13 00:00:00+00:00, run_after=2026-04-14 00:00:00+00:00
[2026-04-13T06:38:28.032+0000] {processor.py:183} INFO - Processing /opt/airflow/dags/daily_revenue_etl_dag.py took 0.138 seconds
[2026-04-13T06:38:58.146+0000] {processor.py:161} INFO - Started process (PID=2097) to work on /opt/airflow/dags/daily_revenue_etl_dag.py
[2026-04-13T06:38:58.148+0000] {processor.py:830} INFO - Processing file /opt/airflow/dags/daily_revenue_etl_dag.py for tasks to queue
[2026-04-13T06:38:58.149+0000] {logging_mixin.py:188} INFO - [2026-04-13T06:38:58.149+0000] {dagbag.py:538} INFO - Filling up the DagBag from /opt/airflow/dags/daily_revenue_etl_dag.py
[2026-04-13T06:38:58.169+0000] {processor.py:840} INFO - DAG(s) 'daily_revenue_etl_dag' retrieved from /opt/airflow/dags/daily_revenue_etl_dag.py
[2026-04-13T06:38:58.201+0000] {logging_mixin.py:188} INFO - [2026-04-13T06:38:58.201+0000] {dag.py:3036} INFO - Sync 1 DAGs
[2026-04-13T06:38:58.229+0000] {logging_mixin.py:188} INFO - [2026-04-13T06:38:58.229+0000] {dag.py:3823} INFO - Setting next_dagrun for daily_revenue_etl_dag to 2026-04-13 00:00:00+00:00, run_after=2026-04-14 00:00:00+00:00
[2026-04-13T06:38:58.249+0000] {processor.py:183} INFO - Processing /opt/airflow/dags/daily_revenue_etl_dag.py took 0.107 seconds
[2026-04-13T07:03:04.556+0000] {processor.py:161} INFO - Started process (PID=2102) to work on /opt/airflow/dags/daily_revenue_etl_dag.py
[2026-04-13T07:03:04.557+0000] {processor.py:830} INFO - Processing file /opt/airflow/dags/daily_revenue_etl_dag.py for tasks to queue
[2026-04-13T07:03:04.558+0000] {logging_mixin.py:188} INFO - [2026-04-13T07:03:04.558+0000] {dagbag.py:538} INFO - Filling up the DagBag from /opt/airflow/dags/daily_revenue_etl_dag.py
[2026-04-13T07:03:04.577+0000] {processor.py:840} INFO - DAG(s) 'daily_revenue_etl_dag' retrieved from /opt/airflow/dags/daily_revenue_etl_dag.py
[2026-04-13T07:03:04.603+0000] {logging_mixin.py:188} INFO - [2026-04-13T07:03:04.602+0000] {dag.py:3036} INFO - Sync 1 DAGs
[2026-04-13T07:03:04.622+0000] {logging_mixin.py:188} INFO - [2026-04-13T07:03:04.622+0000] {dag.py:3823} INFO - Setting next_dagrun for daily_revenue_etl_dag to 2026-04-13 00:00:00+00:00, run_after=2026-04-14 00:00:00+00:00
[2026-04-13T07:03:04.640+0000] {processor.py:183} INFO - Processing /opt/airflow/dags/daily_revenue_etl_dag.py took 0.088 seconds
[2026-04-13T07:03:34.808+0000] {processor.py:161} INFO - Started process (PID=2107) to work on /opt/airflow/dags/daily_revenue_etl_dag.py
[2026-04-13T07:03:34.809+0000] {processor.py:830} INFO - Processing file /opt/airflow/dags/daily_revenue_etl_dag.py for tasks to queue
[2026-04-13T07:03:34.810+0000] {logging_mixin.py:188} INFO - [2026-04-13T07:03:34.810+0000] {dagbag.py:538} INFO - Filling up the DagBag from /opt/airflow/dags/daily_revenue_etl_dag.py
[2026-04-13T06:39:37.607+0000] {processor.py:840} INFO - DAG(s) 'daily_revenue_etl_dag' retrieved from /opt/airflow/dags/daily_revenue_etl_dag.py
[2026-04-13T06:39:37.654+0000] {logging_mixin.py:188} INFO - [2026-04-13T06:39:37.654+0000] {dag.py:3036} INFO - Sync 1 DAGs
[2026-04-13T06:39:37.686+0000] {logging_mixin.py:188} INFO - [2026-04-13T06:39:37.686+0000] {dag.py:3823} INFO - Setting next_dagrun for daily_revenue_etl_dag to 2026-04-13 00:00:00+00:00, run_after=2026-04-14 00:00:00+00:00
[2026-04-13T06:39:37.709+0000] {processor.py:183} INFO - Processing /opt/airflow/dags/daily_revenue_etl_dag.py took 0.135 seconds
[2026-04-13T07:03:39.866+0000] {processor.py:161} INFO - Started process (PID=2112) to work on /opt/airflow/dags/daily_revenue_etl_dag.py
[2026-04-13T07:03:39.869+0000] {processor.py:830} INFO - Processing file /opt/airflow/dags/daily_revenue_etl_dag.py for tasks to queue
[2026-04-13T07:03:39.870+0000] {logging_mixin.py:188} INFO - [2026-04-13T07:03:39.870+0000] {dagbag.py:538} INFO - Filling up the DagBag from /opt/airflow/dags/daily_revenue_etl_dag.py
[2026-04-13T06:39:42.650+0000] {processor.py:840} INFO - DAG(s) 'daily_revenue_etl_dag' retrieved from /opt/airflow/dags/daily_revenue_etl_dag.py
[2026-04-13T06:39:42.701+0000] {logging_mixin.py:188} INFO - [2026-04-13T06:39:42.700+0000] {dag.py:3036} INFO - Sync 1 DAGs
[2026-04-13T06:39:42.728+0000] {logging_mixin.py:188} INFO - [2026-04-13T06:39:42.727+0000] {dag.py:3823} INFO - Setting next_dagrun for daily_revenue_etl_dag to 2026-04-13 00:00:00+00:00, run_after=2026-04-14 00:00:00+00:00
[2026-04-13T06:39:42.750+0000] {processor.py:183} INFO - Processing /opt/airflow/dags/daily_revenue_etl_dag.py took 0.138 seconds
[2026-04-13T06:40:13.004+0000] {processor.py:161} INFO - Started process (PID=2117) to work on /opt/airflow/dags/daily_revenue_etl_dag.py
[2026-04-13T06:40:13.006+0000] {processor.py:830} INFO - Processing file /opt/airflow/dags/daily_revenue_etl_dag.py for tasks to queue
[2026-04-13T06:40:13.008+0000] {logging_mixin.py:188} INFO - [2026-04-13T06:40:13.007+0000] {dagbag.py:538} INFO - Filling up the DagBag from /opt/airflow/dags/daily_revenue_etl_dag.py
[2026-04-13T06:40:13.037+0000] {processor.py:840} INFO - DAG(s) 'daily_revenue_etl_dag' retrieved from /opt/airflow/dags/daily_revenue_etl_dag.py
[2026-04-13T06:40:13.074+0000] {logging_mixin.py:188} INFO - [2026-04-13T06:40:13.073+0000] {dag.py:3036} INFO - Sync 1 DAGs
[2026-04-13T06:40:13.111+0000] {logging_mixin.py:188} INFO - [2026-04-13T06:40:13.110+0000] {dag.py:3823} INFO - Setting next_dagrun for daily_revenue_etl_dag to 2026-04-13 00:00:00+00:00, run_after=2026-04-14 00:00:00+00:00
[2026-04-13T06:40:13.146+0000] {processor.py:183} INFO - Processing /opt/airflow/dags/daily_revenue_etl_dag.py took 0.147 seconds
[2026-04-13T06:40:43.212+0000] {processor.py:161} INFO - Started process (PID=2122) to work on /opt/airflow/dags/daily_revenue_etl_dag.py
[2026-04-13T06:40:43.214+0000] {processor.py:830} INFO - Processing file /opt/airflow/dags/daily_revenue_etl_dag.py for tasks to queue
[2026-04-13T06:40:43.215+0000] {logging_mixin.py:188} INFO - [2026-04-13T06:40:43.215+0000] {dagbag.py:538} INFO - Filling up the DagBag from /opt/airflow/dags/daily_revenue_etl_dag.py
[2026-04-13T06:40:43.243+0000] {processor.py:840} INFO - DAG(s) 'daily_revenue_etl_dag' retrieved from /opt/airflow/dags/daily_revenue_etl_dag.py
[2026-04-13T06:40:43.280+0000] {logging_mixin.py:188} INFO - [2026-04-13T06:40:43.279+0000] {dag.py:3036} INFO - Sync 1 DAGs
[2026-04-13T06:40:43.312+0000] {logging_mixin.py:188} INFO - [2026-04-13T06:40:43.312+0000] {dag.py:3823} INFO - Setting next_dagrun for daily_revenue_etl_dag to 2026-04-13 00:00:00+00:00, run_after=2026-04-14 00:00:00+00:00
[2026-04-13T06:40:43.344+0000] {processor.py:183} INFO - Processing /opt/airflow/dags/daily_revenue_etl_dag.py took 0.137 seconds
[2026-04-13T07:04:44.644+0000] {processor.py:161} INFO - Started process (PID=2127) to work on /opt/airflow/dags/daily_revenue_etl_dag.py
[2026-04-13T07:04:44.645+0000] {processor.py:830} INFO - Processing file /opt/airflow/dags/daily_revenue_etl_dag.py for tasks to queue
[2026-04-13T07:04:44.646+0000] {logging_mixin.py:188} INFO - [2026-04-13T07:04:44.646+0000] {dagbag.py:538} INFO - Filling up the DagBag from /opt/airflow/dags/daily_revenue_etl_dag.py
[2026-04-13T07:04:44.664+0000] {processor.py:840} INFO - DAG(s) 'daily_revenue_etl_dag' retrieved from /opt/airflow/dags/daily_revenue_etl_dag.py
[2026-04-13T07:04:44.693+0000] {logging_mixin.py:188} INFO - [2026-04-13T07:04:44.693+0000] {dag.py:3036} INFO - Sync 1 DAGs
[2026-04-13T07:04:44.720+0000] {logging_mixin.py:188} INFO - [2026-04-13T07:04:44.719+0000] {dag.py:3823} INFO - Setting next_dagrun for daily_revenue_etl_dag to 2026-04-13 00:00:00+00:00, run_after=2026-04-14 00:00:00+00:00
[2026-04-13T07:04:44.736+0000] {processor.py:183} INFO - Processing /opt/airflow/dags/daily_revenue_etl_dag.py took 0.093 seconds
[2026-04-13T07:05:14.920+0000] {processor.py:161} INFO - Started process (PID=2132) to work on /opt/airflow/dags/daily_revenue_etl_dag.py
[2026-04-13T07:05:14.922+0000] {processor.py:830} INFO - Processing file /opt/airflow/dags/daily_revenue_etl_dag.py for tasks to queue
[2026-04-13T07:05:14.923+0000] {logging_mixin.py:188} INFO - [2026-04-13T07:05:14.923+0000] {dagbag.py:538} INFO - Filling up the DagBag from /opt/airflow/dags/daily_revenue_etl_dag.py
[2026-04-13T07:05:14.950+0000] {processor.py:840} INFO - DAG(s) 'daily_revenue_etl_dag' retrieved from /opt/airflow/dags/daily_revenue_etl_dag.py
[2026-04-13T06:41:17.783+0000] {logging_mixin.py:188} INFO - [2026-04-13T06:41:17.782+0000] {dag.py:3036} INFO - Sync 1 DAGs
[2026-04-13T06:41:17.830+0000] {logging_mixin.py:188} INFO - [2026-04-13T06:41:17.829+0000] {dag.py:3823} INFO - Setting next_dagrun for daily_revenue_etl_dag to 2026-04-13 00:00:00+00:00, run_after=2026-04-14 00:00:00+00:00
[2026-04-13T06:41:17.935+0000] {processor.py:183} INFO - Processing /opt/airflow/dags/daily_revenue_etl_dag.py took 0.233 seconds
[2026-04-13T06:41:22.801+0000] {processor.py:161} INFO - Started process (PID=2137) to work on /opt/airflow/dags/daily_revenue_etl_dag.py
[2026-04-13T06:41:22.803+0000] {processor.py:830} INFO - Processing file /opt/airflow/dags/daily_revenue_etl_dag.py for tasks to queue
[2026-04-13T06:41:22.806+0000] {logging_mixin.py:188} INFO - [2026-04-13T06:41:22.805+0000] {dagbag.py:538} INFO - Filling up the DagBag from /opt/airflow/dags/daily_revenue_etl_dag.py
[2026-04-13T06:41:22.856+0000] {processor.py:840} INFO - DAG(s) 'daily_revenue_etl_dag' retrieved from /opt/airflow/dags/daily_revenue_etl_dag.py
[2026-04-13T06:41:22.909+0000] {logging_mixin.py:188} INFO - [2026-04-13T06:41:22.909+0000] {dag.py:3036} INFO - Sync 1 DAGs
[2026-04-13T06:41:22.957+0000] {logging_mixin.py:188} INFO - [2026-04-13T06:41:22.956+0000] {dag.py:3823} INFO - Setting next_dagrun for daily_revenue_etl_dag to 2026-04-13 00:00:00+00:00, run_after=2026-04-14 00:00:00+00:00
[2026-04-13T06:41:22.996+0000] {processor.py:183} INFO - Processing /opt/airflow/dags/daily_revenue_etl_dag.py took 0.206 seconds
[2026-04-13T06:41:53.281+0000] {processor.py:161} INFO - Started process (PID=2142) to work on /opt/airflow/dags/daily_revenue_etl_dag.py
[2026-04-13T06:41:53.282+0000] {processor.py:830} INFO - Processing file /opt/airflow/dags/daily_revenue_etl_dag.py for tasks to queue
[2026-04-13T06:41:53.283+0000] {logging_mixin.py:188} INFO - [2026-04-13T06:41:53.283+0000] {dagbag.py:538} INFO - Filling up the DagBag from /opt/airflow/dags/daily_revenue_etl_dag.py
[2026-04-13T06:41:53.307+0000] {processor.py:840} INFO - DAG(s) 'daily_revenue_etl_dag' retrieved from /opt/airflow/dags/daily_revenue_etl_dag.py
[2026-04-13T06:41:53.342+0000] {logging_mixin.py:188} INFO - [2026-04-13T06:41:53.341+0000] {dag.py:3036} INFO - Sync 1 DAGs
[2026-04-13T06:41:53.376+0000] {logging_mixin.py:188} INFO - [2026-04-13T06:41:53.375+0000] {dag.py:3823} INFO - Setting next_dagrun for daily_revenue_etl_dag to 2026-04-13 00:00:00+00:00, run_after=2026-04-14 00:00:00+00:00
[2026-04-13T06:41:53.402+0000] {processor.py:183} INFO - Processing /opt/airflow/dags/daily_revenue_etl_dag.py took 0.125 seconds
[2026-04-13T07:06:14.694+0000] {processor.py:161} INFO - Started process (PID=2147) to work on /opt/airflow/dags/daily_revenue_etl_dag.py
[2026-04-13T07:06:14.696+0000] {processor.py:830} INFO - Processing file /opt/airflow/dags/daily_revenue_etl_dag.py for tasks to queue
[2026-04-13T07:06:14.697+0000] {logging_mixin.py:188} INFO - [2026-04-13T07:06:14.697+0000] {dagbag.py:538} INFO - Filling up the DagBag from /opt/airflow/dags/daily_revenue_etl_dag.py
[2026-04-13T07:06:14.722+0000] {processor.py:840} INFO - DAG(s) 'daily_revenue_etl_dag' retrieved from /opt/airflow/dags/daily_revenue_etl_dag.py
[2026-04-13T06:42:17.548+0000] {logging_mixin.py:188} INFO - [2026-04-13T06:42:17.548+0000] {dag.py:3036} INFO - Sync 1 DAGs
[2026-04-13T06:42:17.591+0000] {logging_mixin.py:188} INFO - [2026-04-13T06:42:17.591+0000] {dag.py:3823} INFO - Setting next_dagrun for daily_revenue_etl_dag to 2026-04-13 00:00:00+00:00, run_after=2026-04-14 00:00:00+00:00
[2026-04-13T07:06:14.877+0000] {processor.py:183} INFO - Processing /opt/airflow/dags/daily_revenue_etl_dag.py took 0.186 seconds
[2026-04-13T06:42:47.968+0000] {processor.py:161} INFO - Started process (PID=2152) to work on /opt/airflow/dags/daily_revenue_etl_dag.py
[2026-04-13T06:42:47.976+0000] {processor.py:830} INFO - Processing file /opt/airflow/dags/daily_revenue_etl_dag.py for tasks to queue
[2026-04-13T06:42:47.981+0000] {logging_mixin.py:188} INFO - [2026-04-13T06:42:47.979+0000] {dagbag.py:538} INFO - Filling up the DagBag from /opt/airflow/dags/daily_revenue_etl_dag.py
[2026-04-13T06:42:48.040+0000] {processor.py:840} INFO - DAG(s) 'daily_revenue_etl_dag' retrieved from /opt/airflow/dags/daily_revenue_etl_dag.py
[2026-04-13T06:42:48.149+0000] {logging_mixin.py:188} INFO - [2026-04-13T06:42:48.148+0000] {dag.py:3036} INFO - Sync 1 DAGs
[2026-04-13T06:42:48.204+0000] {logging_mixin.py:188} INFO - [2026-04-13T06:42:48.203+0000] {dag.py:3823} INFO - Setting next_dagrun for daily_revenue_etl_dag to 2026-04-13 00:00:00+00:00, run_after=2026-04-14 00:00:00+00:00
[2026-04-13T06:42:48.251+0000] {processor.py:183} INFO - Processing /opt/airflow/dags/daily_revenue_etl_dag.py took 0.298 seconds
[2026-04-13T06:43:18.549+0000] {processor.py:161} INFO - Started process (PID=2157) to work on /opt/airflow/dags/daily_revenue_etl_dag.py
[2026-04-13T06:43:18.551+0000] {processor.py:830} INFO - Processing file /opt/airflow/dags/daily_revenue_etl_dag.py for tasks to queue
[2026-04-13T06:43:18.553+0000] {logging_mixin.py:188} INFO - [2026-04-13T06:43:18.552+0000] {dagbag.py:538} INFO - Filling up the DagBag from /opt/airflow/dags/daily_revenue_etl_dag.py
[2026-04-13T06:43:18.574+0000] {processor.py:840} INFO - DAG(s) 'daily_revenue_etl_dag' retrieved from /opt/airflow/dags/daily_revenue_etl_dag.py
[2026-04-13T06:43:18.607+0000] {logging_mixin.py:188} INFO - [2026-04-13T06:43:18.607+0000] {dag.py:3036} INFO - Sync 1 DAGs
[2026-04-13T06:43:18.634+0000] {logging_mixin.py:188} INFO - [2026-04-13T06:43:18.633+0000] {dag.py:3823} INFO - Setting next_dagrun for daily_revenue_etl_dag to 2026-04-13 00:00:00+00:00, run_after=2026-04-14 00:00:00+00:00
[2026-04-13T06:43:18.659+0000] {processor.py:183} INFO - Processing /opt/airflow/dags/daily_revenue_etl_dag.py took 0.114 seconds
[2026-04-13T07:07:30.020+0000] {processor.py:161} INFO - Started process (PID=2162) to work on /opt/airflow/dags/daily_revenue_etl_dag.py
[2026-04-13T07:07:30.023+0000] {processor.py:830} INFO - Processing file /opt/airflow/dags/daily_revenue_etl_dag.py for tasks to queue
[2026-04-13T07:07:30.025+0000] {logging_mixin.py:188} INFO - [2026-04-13T07:07:30.024+0000] {dagbag.py:538} INFO - Filling up the DagBag from /opt/airflow/dags/daily_revenue_etl_dag.py
[2026-04-13T07:07:30.045+0000] {processor.py:840} INFO - DAG(s) 'daily_revenue_etl_dag' retrieved from /opt/airflow/dags/daily_revenue_etl_dag.py
[2026-04-13T07:07:30.081+0000] {logging_mixin.py:188} INFO - [2026-04-13T07:07:30.081+0000] {dag.py:3036} INFO - Sync 1 DAGs
[2026-04-13T07:07:30.108+0000] {logging_mixin.py:188} INFO - [2026-04-13T07:07:30.108+0000] {dag.py:3823} INFO - Setting next_dagrun for daily_revenue_etl_dag to 2026-04-13 00:00:00+00:00, run_after=2026-04-14 00:00:00+00:00
[2026-04-13T07:07:30.132+0000] {processor.py:183} INFO - Processing /opt/airflow/dags/daily_revenue_etl_dag.py took 0.116 seconds
[2026-04-13T07:08:00.235+0000] {processor.py:161} INFO - Started process (PID=2167) to work on /opt/airflow/dags/daily_revenue_etl_dag.py
[2026-04-13T07:08:00.236+0000] {processor.py:830} INFO - Processing file /opt/airflow/dags/daily_revenue_etl_dag.py for tasks to queue
[2026-04-13T07:08:00.238+0000] {logging_mixin.py:188} INFO - [2026-04-13T07:08:00.237+0000] {dagbag.py:538} INFO - Filling up the DagBag from /opt/airflow/dags/daily_revenue_etl_dag.py
[2026-04-13T06:44:03.038+0000] {processor.py:840} INFO - DAG(s) 'daily_revenue_etl_dag' retrieved from /opt/airflow/dags/daily_revenue_etl_dag.py
[2026-04-13T06:44:03.081+0000] {logging_mixin.py:188} INFO - [2026-04-13T06:44:03.080+0000] {dag.py:3036} INFO - Sync 1 DAGs
[2026-04-13T06:44:03.119+0000] {logging_mixin.py:188} INFO - [2026-04-13T06:44:03.118+0000] {dag.py:3823} INFO - Setting next_dagrun for daily_revenue_etl_dag to 2026-04-13 00:00:00+00:00, run_after=2026-04-14 00:00:00+00:00
[2026-04-13T06:44:03.146+0000] {processor.py:183} INFO - Processing /opt/airflow/dags/daily_revenue_etl_dag.py took 0.143 seconds
[2026-04-13T06:44:33.363+0000] {processor.py:161} INFO - Started process (PID=2172) to work on /opt/airflow/dags/daily_revenue_etl_dag.py
[2026-04-13T06:44:33.367+0000] {processor.py:830} INFO - Processing file /opt/airflow/dags/daily_revenue_etl_dag.py for tasks to queue
[2026-04-13T06:44:33.370+0000] {logging_mixin.py:188} INFO - [2026-04-13T06:44:33.370+0000] {dagbag.py:538} INFO - Filling up the DagBag from /opt/airflow/dags/daily_revenue_etl_dag.py
[2026-04-13T06:44:33.415+0000] {processor.py:840} INFO - DAG(s) 'daily_revenue_etl_dag' retrieved from /opt/airflow/dags/daily_revenue_etl_dag.py
[2026-04-13T06:44:33.469+0000] {logging_mixin.py:188} INFO - [2026-04-13T06:44:33.468+0000] {dag.py:3036} INFO - Sync 1 DAGs
[2026-04-13T06:44:33.535+0000] {logging_mixin.py:188} INFO - [2026-04-13T06:44:33.534+0000] {dag.py:3823} INFO - Setting next_dagrun for daily_revenue_etl_dag to 2026-04-13 00:00:00+00:00, run_after=2026-04-14 00:00:00+00:00
[2026-04-13T06:44:33.596+0000] {processor.py:183} INFO - Processing /opt/airflow/dags/daily_revenue_etl_dag.py took 0.238 seconds
[2026-04-13T07:08:44.681+0000] {processor.py:161} INFO - Started process (PID=2177) to work on /opt/airflow/dags/daily_revenue_etl_dag.py
[2026-04-13T07:08:44.683+0000] {processor.py:830} INFO - Processing file /opt/airflow/dags/daily_revenue_etl_dag.py for tasks to queue
[2026-04-13T07:08:44.684+0000] {logging_mixin.py:188} INFO - [2026-04-13T07:08:44.683+0000] {dagbag.py:538} INFO - Filling up the DagBag from /opt/airflow/dags/daily_revenue_etl_dag.py
[2026-04-13T07:08:44.705+0000] {processor.py:840} INFO - DAG(s) 'daily_revenue_etl_dag' retrieved from /opt/airflow/dags/daily_revenue_etl_dag.py
[2026-04-13T06:44:47.520+0000] {logging_mixin.py:188} INFO - [2026-04-13T06:44:47.520+0000] {dag.py:3036} INFO - Sync 1 DAGs
[2026-04-13T06:44:47.563+0000] {logging_mixin.py:188} INFO - [2026-04-13T06:44:47.563+0000] {dag.py:3823} INFO - Setting next_dagrun for daily_revenue_etl_dag to 2026-04-13 00:00:00+00:00, run_after=2026-04-14 00:00:00+00:00
[2026-04-13T06:44:47.592+0000] {processor.py:183} INFO - Processing /opt/airflow/dags/daily_revenue_etl_dag.py took 0.137 seconds
[2026-04-13T06:45:17.673+0000] {processor.py:161} INFO - Started process (PID=2182) to work on /opt/airflow/dags/daily_revenue_etl_dag.py
[2026-04-13T06:45:17.675+0000] {processor.py:830} INFO - Processing file /opt/airflow/dags/daily_revenue_etl_dag.py for tasks to queue
[2026-04-13T06:45:17.677+0000] {logging_mixin.py:188} INFO - [2026-04-13T06:45:17.676+0000] {dagbag.py:538} INFO - Filling up the DagBag from /opt/airflow/dags/daily_revenue_etl_dag.py
[2026-04-13T06:45:17.702+0000] {processor.py:840} INFO - DAG(s) 'daily_revenue_etl_dag' retrieved from /opt/airflow/dags/daily_revenue_etl_dag.py
[2026-04-13T06:45:17.739+0000] {logging_mixin.py:188} INFO - [2026-04-13T06:45:17.739+0000] {dag.py:3036} INFO - Sync 1 DAGs
[2026-04-13T06:45:17.773+0000] {logging_mixin.py:188} INFO - [2026-04-13T06:45:17.772+0000] {dag.py:3823} INFO - Setting next_dagrun for daily_revenue_etl_dag to 2026-04-13 00:00:00+00:00, run_after=2026-04-14 00:00:00+00:00
[2026-04-13T06:45:17.804+0000] {processor.py:183} INFO - Processing /opt/airflow/dags/daily_revenue_etl_dag.py took 0.135 seconds
[2026-04-13T07:09:30.214+0000] {processor.py:161} INFO - Started process (PID=2187) to work on /opt/airflow/dags/daily_revenue_etl_dag.py
[2026-04-13T07:09:30.217+0000] {processor.py:830} INFO - Processing file /opt/airflow/dags/daily_revenue_etl_dag.py for tasks to queue
[2026-04-13T07:09:30.220+0000] {logging_mixin.py:188} INFO - [2026-04-13T07:09:30.219+0000] {dagbag.py:538} INFO - Filling up the DagBag from /opt/airflow/dags/daily_revenue_etl_dag.py
[2026-04-13T07:09:30.254+0000] {processor.py:840} INFO - DAG(s) 'daily_revenue_etl_dag' retrieved from /opt/airflow/dags/daily_revenue_etl_dag.py
[2026-04-13T07:09:30.289+0000] {logging_mixin.py:188} INFO - [2026-04-13T07:09:30.288+0000] {dag.py:3036} INFO - Sync 1 DAGs
[2026-04-13T07:09:30.316+0000] {logging_mixin.py:188} INFO - [2026-04-13T07:09:30.316+0000] {dag.py:3823} INFO - Setting next_dagrun for daily_revenue_etl_dag to 2026-04-13 00:00:00+00:00, run_after=2026-04-14 00:00:00+00:00
[2026-04-13T06:45:33.131+0000] {processor.py:183} INFO - Processing /opt/airflow/dags/daily_revenue_etl_dag.py took 0.135 seconds
[2026-04-13T07:09:35.259+0000] {processor.py:161} INFO - Started process (PID=2192) to work on /opt/airflow/dags/daily_revenue_etl_dag.py
[2026-04-13T07:09:35.260+0000] {processor.py:830} INFO - Processing file /opt/airflow/dags/daily_revenue_etl_dag.py for tasks to queue
[2026-04-13T07:09:35.262+0000] {logging_mixin.py:188} INFO - [2026-04-13T07:09:35.262+0000] {dagbag.py:538} INFO - Filling up the DagBag from /opt/airflow/dags/daily_revenue_etl_dag.py
[2026-04-13T07:09:35.287+0000] {processor.py:840} INFO - DAG(s) 'daily_revenue_etl_dag' retrieved from /opt/airflow/dags/daily_revenue_etl_dag.py
[2026-04-13T07:09:35.319+0000] {logging_mixin.py:188} INFO - [2026-04-13T07:09:35.319+0000] {dag.py:3036} INFO - Sync 1 DAGs
[2026-04-13T07:09:35.344+0000] {logging_mixin.py:188} INFO - [2026-04-13T07:09:35.343+0000] {dag.py:3823} INFO - Setting next_dagrun for daily_revenue_etl_dag to 2026-04-13 00:00:00+00:00, run_after=2026-04-14 00:00:00+00:00
[2026-04-13T07:09:35.363+0000] {processor.py:183} INFO - Processing /opt/airflow/dags/daily_revenue_etl_dag.py took 0.109 seconds
[2026-04-13T07:10:14.549+0000] {processor.py:161} INFO - Started process (PID=2197) to work on /opt/airflow/dags/daily_revenue_etl_dag.py
[2026-04-13T07:10:14.551+0000] {processor.py:830} INFO - Processing file /opt/airflow/dags/daily_revenue_etl_dag.py for tasks to queue
[2026-04-13T07:10:14.552+0000] {logging_mixin.py:188} INFO - [2026-04-13T07:10:14.552+0000] {dagbag.py:538} INFO - Filling up the DagBag from /opt/airflow/dags/daily_revenue_etl_dag.py
[2026-04-13T07:10:14.581+0000] {processor.py:840} INFO - DAG(s) 'daily_revenue_etl_dag' retrieved from /opt/airflow/dags/daily_revenue_etl_dag.py
[2026-04-13T07:10:14.614+0000] {logging_mixin.py:188} INFO - [2026-04-13T07:10:14.614+0000] {dag.py:3036} INFO - Sync 1 DAGs
[2026-04-13T07:10:14.640+0000] {logging_mixin.py:188} INFO - [2026-04-13T07:10:14.640+0000] {dag.py:3823} INFO - Setting next_dagrun for daily_revenue_etl_dag to 2026-04-13 00:00:00+00:00, run_after=2026-04-14 00:00:00+00:00
[2026-04-13T07:10:14.661+0000] {processor.py:183} INFO - Processing /opt/airflow/dags/daily_revenue_etl_dag.py took 0.118 seconds
[2026-04-13T07:12:25.576+0000] {processor.py:161} INFO - Started process (PID=2204) to work on /opt/airflow/dags/daily_revenue_etl_dag.py
[2026-04-13T07:12:25.577+0000] {processor.py:830} INFO - Processing file /opt/airflow/dags/daily_revenue_etl_dag.py for tasks to queue
[2026-04-13T07:12:25.579+0000] {logging_mixin.py:188} INFO - [2026-04-13T07:12:25.578+0000] {dagbag.py:538} INFO - Filling up the DagBag from /opt/airflow/dags/daily_revenue_etl_dag.py
[2026-04-13T07:12:25.601+0000] {processor.py:840} INFO - DAG(s) 'daily_revenue_etl_dag' retrieved from /opt/airflow/dags/daily_revenue_etl_dag.py
[2026-04-13T07:12:25.634+0000] {logging_mixin.py:188} INFO - [2026-04-13T07:12:25.634+0000] {dag.py:3036} INFO - Sync 1 DAGs
[2026-04-13T07:12:25.666+0000] {logging_mixin.py:188} INFO - [2026-04-13T07:12:25.666+0000] {dag.py:3823} INFO - Setting next_dagrun for daily_revenue_etl_dag to 2026-04-13 00:00:00+00:00, run_after=2026-04-14 00:00:00+00:00
[2026-04-13T07:12:25.692+0000] {processor.py:183} INFO - Processing /opt/airflow/dags/daily_revenue_etl_dag.py took 0.121 seconds
[2026-04-13T06:48:58.579+0000] {processor.py:161} INFO - Started process (PID=2209) to work on /opt/airflow/dags/daily_revenue_etl_dag.py
[2026-04-13T06:48:58.580+0000] {processor.py:830} INFO - Processing file /opt/airflow/dags/daily_revenue_etl_dag.py for tasks to queue
[2026-04-13T06:48:58.582+0000] {logging_mixin.py:188} INFO - [2026-04-13T06:48:58.581+0000] {dagbag.py:538} INFO - Filling up the DagBag from /opt/airflow/dags/daily_revenue_etl_dag.py
[2026-04-13T06:48:58.608+0000] {processor.py:840} INFO - DAG(s) 'daily_revenue_etl_dag' retrieved from /opt/airflow/dags/daily_revenue_etl_dag.py
[2026-04-13T06:48:58.640+0000] {logging_mixin.py:188} INFO - [2026-04-13T06:48:58.640+0000] {dag.py:3036} INFO - Sync 1 DAGs
[2026-04-13T06:48:58.664+0000] {logging_mixin.py:188} INFO - [2026-04-13T06:48:58.664+0000] {dag.py:3823} INFO - Setting next_dagrun for daily_revenue_etl_dag to 2026-04-13 00:00:00+00:00, run_after=2026-04-14 00:00:00+00:00
[2026-04-13T06:48:58.684+0000] {processor.py:183} INFO - Processing /opt/airflow/dags/daily_revenue_etl_dag.py took 0.111 seconds
[2026-04-13T06:49:28.915+0000] {processor.py:161} INFO - Started process (PID=2214) to work on /opt/airflow/dags/daily_revenue_etl_dag.py
[2026-04-13T06:49:28.916+0000] {processor.py:830} INFO - Processing file /opt/airflow/dags/daily_revenue_etl_dag.py for tasks to queue
[2026-04-13T06:49:28.917+0000] {logging_mixin.py:188} INFO - [2026-04-13T06:49:28.917+0000] {dagbag.py:538} INFO - Filling up the DagBag from /opt/airflow/dags/daily_revenue_etl_dag.py
[2026-04-13T06:49:28.943+0000] {processor.py:840} INFO - DAG(s) 'daily_revenue_etl_dag' retrieved from /opt/airflow/dags/daily_revenue_etl_dag.py
[2026-04-13T06:49:28.979+0000] {logging_mixin.py:188} INFO - [2026-04-13T06:49:28.979+0000] {dag.py:3036} INFO - Sync 1 DAGs
[2026-04-13T06:49:29.012+0000] {logging_mixin.py:188} INFO - [2026-04-13T06:49:29.011+0000] {dag.py:3823} INFO - Setting next_dagrun for daily_revenue_etl_dag to 2026-04-13 00:00:00+00:00, run_after=2026-04-14 00:00:00+00:00
[2026-04-13T06:49:29.036+0000] {processor.py:183} INFO - Processing /opt/airflow/dags/daily_revenue_etl_dag.py took 0.126 seconds
[2026-04-13T06:49:59.136+0000] {processor.py:161} INFO - Started process (PID=2219) to work on /opt/airflow/dags/daily_revenue_etl_dag.py
[2026-04-13T06:49:59.138+0000] {processor.py:830} INFO - Processing file /opt/airflow/dags/daily_revenue_etl_dag.py for tasks to queue
[2026-04-13T06:49:59.139+0000] {logging_mixin.py:188} INFO - [2026-04-13T06:49:59.139+0000] {dagbag.py:538} INFO - Filling up the DagBag from /opt/airflow/dags/daily_revenue_etl_dag.py
[2026-04-13T06:49:59.165+0000] {processor.py:840} INFO - DAG(s) 'daily_revenue_etl_dag' retrieved from /opt/airflow/dags/daily_revenue_etl_dag.py
[2026-04-13T06:49:59.212+0000] {logging_mixin.py:188} INFO - [2026-04-13T06:49:59.211+0000] {dag.py:3036} INFO - Sync 1 DAGs
[2026-04-13T06:49:59.248+0000] {logging_mixin.py:188} INFO - [2026-04-13T06:49:59.248+0000] {dag.py:3823} INFO - Setting next_dagrun for daily_revenue_etl_dag to 2026-04-13 00:00:00+00:00, run_after=2026-04-14 00:00:00+00:00
[2026-04-13T06:49:59.277+0000] {processor.py:183} INFO - Processing /opt/airflow/dags/daily_revenue_etl_dag.py took 0.146 seconds
[2026-04-13T07:14:14.575+0000] {processor.py:161} INFO - Started process (PID=2224) to work on /opt/airflow/dags/daily_revenue_etl_dag.py
[2026-04-13T07:14:14.576+0000] {processor.py:830} INFO - Processing file /opt/airflow/dags/daily_revenue_etl_dag.py for tasks to queue
[2026-04-13T07:14:14.578+0000] {logging_mixin.py:188} INFO - [2026-04-13T07:14:14.577+0000] {dagbag.py:538} INFO - Filling up the DagBag from /opt/airflow/dags/daily_revenue_etl_dag.py
[2026-04-13T07:14:14.600+0000] {processor.py:840} INFO - DAG(s) 'daily_revenue_etl_dag' retrieved from /opt/airflow/dags/daily_revenue_etl_dag.py
[2026-04-13T07:14:14.635+0000] {logging_mixin.py:188} INFO - [2026-04-13T07:14:14.635+0000] {dag.py:3036} INFO - Sync 1 DAGs
[2026-04-13T07:14:14.664+0000] {logging_mixin.py:188} INFO - [2026-04-13T07:14:14.663+0000] {dag.py:3823} INFO - Setting next_dagrun for daily_revenue_etl_dag to 2026-04-13 00:00:00+00:00, run_after=2026-04-14 00:00:00+00:00
[2026-04-13T07:14:14.687+0000] {processor.py:183} INFO - Processing /opt/airflow/dags/daily_revenue_etl_dag.py took 0.117 seconds
[2026-04-13T07:14:45.890+0000] {processor.py:161} INFO - Started process (PID=2231) to work on /opt/airflow/dags/daily_revenue_etl_dag.py
[2026-04-13T07:14:45.891+0000] {processor.py:830} INFO - Processing file /opt/airflow/dags/daily_revenue_etl_dag.py for tasks to queue
[2026-04-13T07:14:45.893+0000] {logging_mixin.py:188} INFO - [2026-04-13T07:14:45.892+0000] {dagbag.py:538} INFO - Filling up the DagBag from /opt/airflow/dags/daily_revenue_etl_dag.py
[2026-04-13T07:14:45.914+0000] {processor.py:840} INFO - DAG(s) 'daily_revenue_etl_dag' retrieved from /opt/airflow/dags/daily_revenue_etl_dag.py
[2026-04-13T06:50:48.731+0000] {logging_mixin.py:188} INFO - [2026-04-13T06:50:48.730+0000] {dag.py:3036} INFO - Sync 1 DAGs
[2026-04-13T06:50:48.762+0000] {logging_mixin.py:188} INFO - [2026-04-13T06:50:48.762+0000] {dag.py:3823} INFO - Setting next_dagrun for daily_revenue_etl_dag to 2026-04-13 00:00:00+00:00, run_after=2026-04-14 00:00:00+00:00
[2026-04-13T06:50:48.792+0000] {processor.py:183} INFO - Processing /opt/airflow/dags/daily_revenue_etl_dag.py took 0.126 seconds
[2026-04-13T07:14:50.952+0000] {processor.py:161} INFO - Started process (PID=2236) to work on /opt/airflow/dags/daily_revenue_etl_dag.py
[2026-04-13T07:14:50.953+0000] {processor.py:830} INFO - Processing file /opt/airflow/dags/daily_revenue_etl_dag.py for tasks to queue
[2026-04-13T07:14:50.955+0000] {logging_mixin.py:188} INFO - [2026-04-13T07:14:50.955+0000] {dagbag.py:538} INFO - Filling up the DagBag from /opt/airflow/dags/daily_revenue_etl_dag.py
[2026-04-13T06:50:53.751+0000] {processor.py:840} INFO - DAG(s) 'daily_revenue_etl_dag' retrieved from /opt/airflow/dags/daily_revenue_etl_dag.py
[2026-04-13T06:50:53.796+0000] {logging_mixin.py:188} INFO - [2026-04-13T06:50:53.796+0000] {dag.py:3036} INFO - Sync 1 DAGs
[2026-04-13T06:50:53.821+0000] {logging_mixin.py:188} INFO - [2026-04-13T06:50:53.821+0000] {dag.py:3823} INFO - Setting next_dagrun for daily_revenue_etl_dag to 2026-04-13 00:00:00+00:00, run_after=2026-04-14 00:00:00+00:00
[2026-04-13T06:50:53.839+0000] {processor.py:183} INFO - Processing /opt/airflow/dags/daily_revenue_etl_dag.py took 0.121 seconds
[2026-04-13T06:51:24.139+0000] {processor.py:161} INFO - Started process (PID=2241) to work on /opt/airflow/dags/daily_revenue_etl_dag.py
[2026-04-13T06:51:24.141+0000] {processor.py:830} INFO - Processing file /opt/airflow/dags/daily_revenue_etl_dag.py for tasks to queue
[2026-04-13T06:51:24.142+0000] {logging_mixin.py:188} INFO - [2026-04-13T06:51:24.142+0000] {dagbag.py:538} INFO - Filling up the DagBag from /opt/airflow/dags/daily_revenue_etl_dag.py
[2026-04-13T06:51:24.172+0000] {processor.py:840} INFO - DAG(s) 'daily_revenue_etl_dag' retrieved from /opt/airflow/dags/daily_revenue_etl_dag.py
[2026-04-13T06:51:24.217+0000] {logging_mixin.py:188} INFO - [2026-04-13T06:51:24.216+0000] {dag.py:3036} INFO - Sync 1 DAGs
[2026-04-13T06:51:24.248+0000] {logging_mixin.py:188} INFO - [2026-04-13T06:51:24.247+0000] {dag.py:3823} INFO - Setting next_dagrun for daily_revenue_etl_dag to 2026-04-13 00:00:00+00:00, run_after=2026-04-14 00:00:00+00:00
[2026-04-13T06:51:24.270+0000] {processor.py:183} INFO - Processing /opt/airflow/dags/daily_revenue_etl_dag.py took 0.136 seconds
[2026-04-13T07:15:44.672+0000] {processor.py:161} INFO - Started process (PID=2246) to work on /opt/airflow/dags/daily_revenue_etl_dag.py
[2026-04-13T07:15:44.674+0000] {processor.py:830} INFO - Processing file /opt/airflow/dags/daily_revenue_etl_dag.py for tasks to queue
[2026-04-13T07:15:44.675+0000] {logging_mixin.py:188} INFO - [2026-04-13T07:15:44.674+0000] {dagbag.py:538} INFO - Filling up the DagBag from /opt/airflow/dags/daily_revenue_etl_dag.py
[2026-04-13T07:15:44.694+0000] {processor.py:840} INFO - DAG(s) 'daily_revenue_etl_dag' retrieved from /opt/airflow/dags/daily_revenue_etl_dag.py
[2026-04-13T07:15:44.724+0000] {logging_mixin.py:188} INFO - [2026-04-13T07:15:44.724+0000] {dag.py:3036} INFO - Sync 1 DAGs
[2026-04-13T07:15:44.751+0000] {logging_mixin.py:188} INFO - [2026-04-13T07:15:44.751+0000] {dag.py:3823} INFO - Setting next_dagrun for daily_revenue_etl_dag to 2026-04-13 00:00:00+00:00, run_after=2026-04-14 00:00:00+00:00
[2026-04-13T06:51:47.569+0000] {processor.py:183} INFO - Processing /opt/airflow/dags/daily_revenue_etl_dag.py took 0.105 seconds
[2026-04-13T07:16:00.899+0000] {processor.py:161} INFO - Started process (PID=2251) to work on /opt/airflow/dags/daily_revenue_etl_dag.py
[2026-04-13T07:16:00.901+0000] {processor.py:830} INFO - Processing file /opt/airflow/dags/daily_revenue_etl_dag.py for tasks to queue
[2026-04-13T07:16:00.902+0000] {logging_mixin.py:188} INFO - [2026-04-13T07:16:00.901+0000] {dagbag.py:538} INFO - Filling up the DagBag from /opt/airflow/dags/daily_revenue_etl_dag.py
[2026-04-13T07:16:00.925+0000] {processor.py:840} INFO - DAG(s) 'daily_revenue_etl_dag' retrieved from /opt/airflow/dags/daily_revenue_etl_dag.py
[2026-04-13T07:16:00.961+0000] {logging_mixin.py:188} INFO - [2026-04-13T07:16:00.960+0000] {dag.py:3036} INFO - Sync 1 DAGs
[2026-04-13T07:16:00.986+0000] {logging_mixin.py:188} INFO - [2026-04-13T07:16:00.986+0000] {dag.py:3823} INFO - Setting next_dagrun for daily_revenue_etl_dag to 2026-04-13 00:00:00+00:00, run_after=2026-04-14 00:00:00+00:00
[2026-04-13T07:16:01.013+0000] {processor.py:183} INFO - Processing /opt/airflow/dags/daily_revenue_etl_dag.py took 0.117 seconds
[2026-04-13T07:16:31.098+0000] {processor.py:161} INFO - Started process (PID=2256) to work on /opt/airflow/dags/daily_revenue_etl_dag.py
[2026-04-13T07:16:31.099+0000] {processor.py:830} INFO - Processing file /opt/airflow/dags/daily_revenue_etl_dag.py for tasks to queue
[2026-04-13T07:16:31.101+0000] {logging_mixin.py:188} INFO - [2026-04-13T07:16:31.100+0000] {dagbag.py:538} INFO - Filling up the DagBag from /opt/airflow/dags/daily_revenue_etl_dag.py
[2026-04-13T06:52:33.906+0000] {processor.py:840} INFO - DAG(s) 'daily_revenue_etl_dag' retrieved from /opt/airflow/dags/daily_revenue_etl_dag.py
[2026-04-13T06:52:33.960+0000] {logging_mixin.py:188} INFO - [2026-04-13T06:52:33.959+0000] {dag.py:3036} INFO - Sync 1 DAGs
[2026-04-13T06:52:33.992+0000] {logging_mixin.py:188} INFO - [2026-04-13T06:52:33.991+0000] {dag.py:3823} INFO - Setting next_dagrun for daily_revenue_etl_dag to 2026-04-13 00:00:00+00:00, run_after=2026-04-14 00:00:00+00:00
[2026-04-13T06:52:34.019+0000] {processor.py:183} INFO - Processing /opt/airflow/dags/daily_revenue_etl_dag.py took 0.147 seconds
[2026-04-13T06:53:04.241+0000] {processor.py:161} INFO - Started process (PID=2261) to work on /opt/airflow/dags/daily_revenue_etl_dag.py
[2026-04-13T06:53:04.243+0000] {processor.py:830} INFO - Processing file /opt/airflow/dags/daily_revenue_etl_dag.py for tasks to queue
[2026-04-13T06:53:04.245+0000] {logging_mixin.py:188} INFO - [2026-04-13T06:53:04.244+0000] {dagbag.py:538} INFO - Filling up the DagBag from /opt/airflow/dags/daily_revenue_etl_dag.py
[2026-04-13T06:53:04.274+0000] {processor.py:840} INFO - DAG(s) 'daily_revenue_etl_dag' retrieved from /opt/airflow/dags/daily_revenue_etl_dag.py
[2026-04-13T06:53:04.311+0000] {logging_mixin.py:188} INFO - [2026-04-13T06:53:04.311+0000] {dag.py:3036} INFO - Sync 1 DAGs
[2026-04-13T06:53:04.341+0000] {logging_mixin.py:188} INFO - [2026-04-13T06:53:04.341+0000] {dag.py:3823} INFO - Setting next_dagrun for daily_revenue_etl_dag to 2026-04-13 00:00:00+00:00, run_after=2026-04-14 00:00:00+00:00
[2026-04-13T06:53:04.364+0000] {processor.py:183} INFO - Processing /opt/airflow/dags/daily_revenue_etl_dag.py took 0.128 seconds
[2026-04-13T07:17:14.723+0000] {processor.py:161} INFO - Started process (PID=2266) to work on /opt/airflow/dags/daily_revenue_etl_dag.py
[2026-04-13T07:17:14.727+0000] {processor.py:830} INFO - Processing file /opt/airflow/dags/daily_revenue_etl_dag.py for tasks to queue
[2026-04-13T07:17:14.729+0000] {logging_mixin.py:188} INFO - [2026-04-13T07:17:14.728+0000] {dagbag.py:538} INFO - Filling up the DagBag from /opt/airflow/dags/daily_revenue_etl_dag.py
[2026-04-13T07:17:14.754+0000] {processor.py:840} INFO - DAG(s) 'daily_revenue_etl_dag' retrieved from /opt/airflow/dags/daily_revenue_etl_dag.py
[2026-04-13T06:53:17.583+0000] {logging_mixin.py:188} INFO - [2026-04-13T06:53:17.582+0000] {dag.py:3036} INFO - Sync 1 DAGs
[2026-04-13T06:53:17.642+0000] {logging_mixin.py:188} INFO - [2026-04-13T06:53:17.642+0000] {dag.py:3823} INFO - Setting next_dagrun for daily_revenue_etl_dag to 2026-04-13 00:00:00+00:00, run_after=2026-04-14 00:00:00+00:00
[2026-04-13T06:53:17.688+0000] {processor.py:183} INFO - Processing /opt/airflow/dags/daily_revenue_etl_dag.py took 0.188 seconds
[2026-04-13T07:17:26.055+0000] {processor.py:161} INFO - Started process (PID=2271) to work on /opt/airflow/dags/daily_revenue_etl_dag.py
[2026-04-13T07:17:26.056+0000] {processor.py:830} INFO - Processing file /opt/airflow/dags/daily_revenue_etl_dag.py for tasks to queue
[2026-04-13T07:17:26.058+0000] {logging_mixin.py:188} INFO - [2026-04-13T07:17:26.058+0000] {dagbag.py:538} INFO - Filling up the DagBag from /opt/airflow/dags/daily_revenue_etl_dag.py
[2026-04-13T07:17:26.079+0000] {processor.py:840} INFO - DAG(s) 'daily_revenue_etl_dag' retrieved from /opt/airflow/dags/daily_revenue_etl_dag.py
[2026-04-13T07:17:26.108+0000] {logging_mixin.py:188} INFO - [2026-04-13T07:17:26.108+0000] {dag.py:3036} INFO - Sync 1 DAGs
[2026-04-13T07:17:26.135+0000] {logging_mixin.py:188} INFO - [2026-04-13T07:17:26.134+0000] {dag.py:3823} INFO - Setting next_dagrun for daily_revenue_etl_dag to 2026-04-13 00:00:00+00:00, run_after=2026-04-14 00:00:00+00:00
[2026-04-13T07:17:26.156+0000] {processor.py:183} INFO - Processing /opt/airflow/dags/daily_revenue_etl_dag.py took 0.105 seconds
[2026-04-13T06:53:59.100+0000] {processor.py:161} INFO - Started process (PID=2276) to work on /opt/airflow/dags/daily_revenue_etl_dag.py
[2026-04-13T06:53:59.101+0000] {processor.py:830} INFO - Processing file /opt/airflow/dags/daily_revenue_etl_dag.py for tasks to queue
[2026-04-13T06:53:59.102+0000] {logging_mixin.py:188} INFO - [2026-04-13T06:53:59.101+0000] {dagbag.py:538} INFO - Filling up the DagBag from /opt/airflow/dags/daily_revenue_etl_dag.py
[2026-04-13T06:53:59.131+0000] {processor.py:840} INFO - DAG(s) 'daily_revenue_etl_dag' retrieved from /opt/airflow/dags/daily_revenue_etl_dag.py
[2026-04-13T06:53:59.181+0000] {logging_mixin.py:188} INFO - [2026-04-13T06:53:59.180+0000] {dag.py:3036} INFO - Sync 1 DAGs
[2026-04-13T06:53:59.228+0000] {logging_mixin.py:188} INFO - [2026-04-13T06:53:59.228+0000] {dag.py:3823} INFO - Setting next_dagrun for daily_revenue_etl_dag to 2026-04-13 00:00:00+00:00, run_after=2026-04-14 00:00:00+00:00
[2026-04-13T06:53:59.268+0000] {processor.py:183} INFO - Processing /opt/airflow/dags/daily_revenue_etl_dag.py took 0.173 seconds
[2026-04-13T07:18:14.634+0000] {processor.py:161} INFO - Started process (PID=2281) to work on /opt/airflow/dags/daily_revenue_etl_dag.py
[2026-04-13T07:18:14.635+0000] {processor.py:830} INFO - Processing file /opt/airflow/dags/daily_revenue_etl_dag.py for tasks to queue
[2026-04-13T07:18:14.636+0000] {logging_mixin.py:188} INFO - [2026-04-13T07:18:14.636+0000] {dagbag.py:538} INFO - Filling up the DagBag from /opt/airflow/dags/daily_revenue_etl_dag.py
[2026-04-13T07:18:14.664+0000] {processor.py:840} INFO - DAG(s) 'daily_revenue_etl_dag' retrieved from /opt/airflow/dags/daily_revenue_etl_dag.py
[2026-04-13T07:18:14.706+0000] {logging_mixin.py:188} INFO - [2026-04-13T07:18:14.706+0000] {dag.py:3036} INFO - Sync 1 DAGs
[2026-04-13T07:18:14.754+0000] {logging_mixin.py:188} INFO - [2026-04-13T07:18:14.752+0000] {dag.py:3823} INFO - Setting next_dagrun for daily_revenue_etl_dag to 2026-04-13 00:00:00+00:00, run_after=2026-04-14 00:00:00+00:00
[2026-04-13T07:18:14.786+0000] {processor.py:183} INFO - Processing /opt/airflow/dags/daily_revenue_etl_dag.py took 0.156 seconds
[2026-04-13T07:19:16.261+0000] {processor.py:161} INFO - Started process (PID=2286) to work on /opt/airflow/dags/daily_revenue_etl_dag.py
[2026-04-13T07:19:16.262+0000] {processor.py:830} INFO - Processing file /opt/airflow/dags/daily_revenue_etl_dag.py for tasks to queue
[2026-04-13T07:19:16.264+0000] {logging_mixin.py:188} INFO - [2026-04-13T07:19:16.263+0000] {dagbag.py:538} INFO - Filling up the DagBag from /opt/airflow/dags/daily_revenue_etl_dag.py
[2026-04-13T07:19:16.283+0000] {processor.py:840} INFO - DAG(s) 'daily_revenue_etl_dag' retrieved from /opt/airflow/dags/daily_revenue_etl_dag.py
[2026-04-13T07:19:16.317+0000] {logging_mixin.py:188} INFO - [2026-04-13T07:19:16.317+0000] {dag.py:3036} INFO - Sync 1 DAGs
[2026-04-13T07:19:16.351+0000] {logging_mixin.py:188} INFO - [2026-04-13T07:19:16.350+0000] {dag.py:3823} INFO - Setting next_dagrun for daily_revenue_etl_dag to 2026-04-13 00:00:00+00:00, run_after=2026-04-14 00:00:00+00:00
[2026-04-13T07:19:16.378+0000] {processor.py:183} INFO - Processing /opt/airflow/dags/daily_revenue_etl_dag.py took 0.120 seconds
[2026-04-13T07:19:46.476+0000] {processor.py:161} INFO - Started process (PID=2291) to work on /opt/airflow/dags/daily_revenue_etl_dag.py
[2026-04-13T07:19:46.479+0000] {processor.py:830} INFO - Processing file /opt/airflow/dags/daily_revenue_etl_dag.py for tasks to queue
[2026-04-13T07:19:46.481+0000] {logging_mixin.py:188} INFO - [2026-04-13T07:19:46.481+0000] {dagbag.py:538} INFO - Filling up the DagBag from /opt/airflow/dags/daily_revenue_etl_dag.py
[2026-04-13T06:55:49.290+0000] {processor.py:840} INFO - DAG(s) 'daily_revenue_etl_dag' retrieved from /opt/airflow/dags/daily_revenue_etl_dag.py
[2026-04-13T06:55:49.330+0000] {logging_mixin.py:188} INFO - [2026-04-13T06:55:49.329+0000] {dag.py:3036} INFO - Sync 1 DAGs
[2026-04-13T06:55:49.360+0000] {logging_mixin.py:188} INFO - [2026-04-13T06:55:49.360+0000] {dag.py:3823} INFO - Setting next_dagrun for daily_revenue_etl_dag to 2026-04-13 00:00:00+00:00, run_after=2026-04-14 00:00:00+00:00
[2026-04-13T06:55:49.380+0000] {processor.py:183} INFO - Processing /opt/airflow/dags/daily_revenue_etl_dag.py took 0.122 seconds
[2026-04-13T06:56:19.771+0000] {processor.py:161} INFO - Started process (PID=2298) to work on /opt/airflow/dags/daily_revenue_etl_dag.py
[2026-04-13T06:56:19.773+0000] {processor.py:830} INFO - Processing file /opt/airflow/dags/daily_revenue_etl_dag.py for tasks to queue
[2026-04-13T06:56:19.775+0000] {logging_mixin.py:188} INFO - [2026-04-13T06:56:19.774+0000] {dagbag.py:538} INFO - Filling up the DagBag from /opt/airflow/dags/daily_revenue_etl_dag.py
[2026-04-13T06:56:19.807+0000] {processor.py:840} INFO - DAG(s) 'daily_revenue_etl_dag' retrieved from /opt/airflow/dags/daily_revenue_etl_dag.py
[2026-04-13T06:56:19.863+0000] {logging_mixin.py:188} INFO - [2026-04-13T06:56:19.862+0000] {dag.py:3036} INFO - Sync 1 DAGs
[2026-04-13T06:56:19.905+0000] {logging_mixin.py:188} INFO - [2026-04-13T06:56:19.904+0000] {dag.py:3823} INFO - Setting next_dagrun for daily_revenue_etl_dag to 2026-04-13 00:00:00+00:00, run_after=2026-04-14 00:00:00+00:00
[2026-04-13T06:56:19.945+0000] {processor.py:183} INFO - Processing /opt/airflow/dags/daily_revenue_etl_dag.py took 0.182 seconds
[2026-04-13T07:20:41.417+0000] {processor.py:161} INFO - Started process (PID=2303) to work on /opt/airflow/dags/daily_revenue_etl_dag.py
[2026-04-13T07:20:41.421+0000] {processor.py:830} INFO - Processing file /opt/airflow/dags/daily_revenue_etl_dag.py for tasks to queue
[2026-04-13T07:20:41.423+0000] {logging_mixin.py:188} INFO - [2026-04-13T07:20:41.423+0000] {dagbag.py:538} INFO - Filling up the DagBag from /opt/airflow/dags/daily_revenue_etl_dag.py
[2026-04-13T07:20:41.450+0000] {processor.py:840} INFO - DAG(s) 'daily_revenue_etl_dag' retrieved from /opt/airflow/dags/daily_revenue_etl_dag.py
[2026-04-13T07:20:41.482+0000] {logging_mixin.py:188} INFO - [2026-04-13T07:20:41.482+0000] {dag.py:3036} INFO - Sync 1 DAGs
[2026-04-13T07:20:41.513+0000] {logging_mixin.py:188} INFO - [2026-04-13T07:20:41.512+0000] {dag.py:3823} INFO - Setting next_dagrun for daily_revenue_etl_dag to 2026-04-13 00:00:00+00:00, run_after=2026-04-14 00:00:00+00:00
[2026-04-13T07:20:41.546+0000] {processor.py:183} INFO - Processing /opt/airflow/dags/daily_revenue_etl_dag.py took 0.135 seconds
[2026-04-13T07:20:46.461+0000] {processor.py:161} INFO - Started process (PID=2309) to work on /opt/airflow/dags/daily_revenue_etl_dag.py
[2026-04-13T07:20:46.463+0000] {processor.py:830} INFO - Processing file /opt/airflow/dags/daily_revenue_etl_dag.py for tasks to queue
[2026-04-13T07:20:46.466+0000] {logging_mixin.py:188} INFO - [2026-04-13T07:20:46.465+0000] {dagbag.py:538} INFO - Filling up the DagBag from /opt/airflow/dags/daily_revenue_etl_dag.py
[2026-04-13T07:20:46.489+0000] {processor.py:840} INFO - DAG(s) 'daily_revenue_etl_dag' retrieved from /opt/airflow/dags/daily_revenue_etl_dag.py
[2026-04-13T07:20:46.517+0000] {logging_mixin.py:188} INFO - [2026-04-13T07:20:46.517+0000] {dag.py:3036} INFO - Sync 1 DAGs
[2026-04-13T07:20:46.538+0000] {logging_mixin.py:188} INFO - [2026-04-13T07:20:46.538+0000] {dag.py:3823} INFO - Setting next_dagrun for daily_revenue_etl_dag to 2026-04-13 00:00:00+00:00, run_after=2026-04-14 00:00:00+00:00
[2026-04-13T07:20:46.558+0000] {processor.py:183} INFO - Processing /opt/airflow/dags/daily_revenue_etl_dag.py took 0.103 seconds
[2026-04-13T06:57:19.509+0000] {processor.py:161} INFO - Started process (PID=2314) to work on /opt/airflow/dags/daily_revenue_etl_dag.py
[2026-04-13T06:57:19.511+0000] {processor.py:830} INFO - Processing file /opt/airflow/dags/daily_revenue_etl_dag.py for tasks to queue
[2026-04-13T06:57:19.515+0000] {logging_mixin.py:188} INFO - [2026-04-13T06:57:19.513+0000] {dagbag.py:538} INFO - Filling up the DagBag from /opt/airflow/dags/daily_revenue_etl_dag.py
[2026-04-13T06:57:19.566+0000] {processor.py:840} INFO - DAG(s) 'daily_revenue_etl_dag' retrieved from /opt/airflow/dags/daily_revenue_etl_dag.py
[2026-04-13T06:57:19.613+0000] {logging_mixin.py:188} INFO - [2026-04-13T06:57:19.613+0000] {dag.py:3036} INFO - Sync 1 DAGs
[2026-04-13T06:57:19.646+0000] {logging_mixin.py:188} INFO - [2026-04-13T06:57:19.645+0000] {dag.py:3823} INFO - Setting next_dagrun for daily_revenue_etl_dag to 2026-04-13 00:00:00+00:00, run_after=2026-04-14 00:00:00+00:00
[2026-04-13T06:57:19.685+0000] {processor.py:183} INFO - Processing /opt/airflow/dags/daily_revenue_etl_dag.py took 0.184 seconds
[2026-04-13T06:57:49.976+0000] {processor.py:161} INFO - Started process (PID=2319) to work on /opt/airflow/dags/daily_revenue_etl_dag.py
[2026-04-13T06:57:49.978+0000] {processor.py:830} INFO - Processing file /opt/airflow/dags/daily_revenue_etl_dag.py for tasks to queue
[2026-04-13T06:57:49.981+0000] {logging_mixin.py:188} INFO - [2026-04-13T06:57:49.981+0000] {dagbag.py:538} INFO - Filling up the DagBag from /opt/airflow/dags/daily_revenue_etl_dag.py
[2026-04-13T06:57:50.013+0000] {processor.py:840} INFO - DAG(s) 'daily_revenue_etl_dag' retrieved from /opt/airflow/dags/daily_revenue_etl_dag.py
[2026-04-13T06:57:50.063+0000] {logging_mixin.py:188} INFO - [2026-04-13T06:57:50.062+0000] {dag.py:3036} INFO - Sync 1 DAGs
[2026-04-13T06:57:50.133+0000] {logging_mixin.py:188} INFO - [2026-04-13T06:57:50.131+0000] {dag.py:3823} INFO - Setting next_dagrun for daily_revenue_etl_dag to 2026-04-13 00:00:00+00:00, run_after=2026-04-14 00:00:00+00:00
[2026-04-13T06:57:50.273+0000] {processor.py:183} INFO - Processing /opt/airflow/dags/daily_revenue_etl_dag.py took 0.304 seconds
[2026-04-13T07:21:51.643+0000] {processor.py:161} INFO - Started process (PID=2324) to work on /opt/airflow/dags/daily_revenue_etl_dag.py
[2026-04-13T07:21:51.650+0000] {processor.py:830} INFO - Processing file /opt/airflow/dags/daily_revenue_etl_dag.py for tasks to queue
[2026-04-13T07:21:51.653+0000] {logging_mixin.py:188} INFO - [2026-04-13T07:21:51.652+0000] {dagbag.py:538} INFO - Filling up the DagBag from /opt/airflow/dags/daily_revenue_etl_dag.py
[2026-04-13T07:21:51.708+0000] {processor.py:840} INFO - DAG(s) 'daily_revenue_etl_dag' retrieved from /opt/airflow/dags/daily_revenue_etl_dag.py
[2026-04-13T06:57:54.595+0000] {logging_mixin.py:188} INFO - [2026-04-13T06:57:54.594+0000] {dag.py:3036} INFO - Sync 1 DAGs
[2026-04-13T06:57:54.661+0000] {logging_mixin.py:188} INFO - [2026-04-13T06:57:54.660+0000] {dag.py:3823} INFO - Setting next_dagrun for daily_revenue_etl_dag to 2026-04-13 00:00:00+00:00, run_after=2026-04-14 00:00:00+00:00
[2026-04-13T06:57:54.721+0000] {processor.py:183} INFO - Processing /opt/airflow/dags/daily_revenue_etl_dag.py took 0.287 seconds
[2026-04-13T07:21:56.694+0000] {processor.py:161} INFO - Started process (PID=2329) to work on /opt/airflow/dags/daily_revenue_etl_dag.py
[2026-04-13T07:21:56.698+0000] {processor.py:830} INFO - Processing file /opt/airflow/dags/daily_revenue_etl_dag.py for tasks to queue
[2026-04-13T07:21:56.701+0000] {logging_mixin.py:188} INFO - [2026-04-13T07:21:56.701+0000] {dagbag.py:538} INFO - Filling up the DagBag from /opt/airflow/dags/daily_revenue_etl_dag.py
[2026-04-13T07:21:56.736+0000] {processor.py:840} INFO - DAG(s) 'daily_revenue_etl_dag' retrieved from /opt/airflow/dags/daily_revenue_etl_dag.py
[2026-04-13T06:57:59.616+0000] {logging_mixin.py:188} INFO - [2026-04-13T06:57:59.615+0000] {dag.py:3036} INFO - Sync 1 DAGs
[2026-04-13T06:57:59.676+0000] {logging_mixin.py:188} INFO - [2026-04-13T06:57:59.675+0000] {dag.py:3823} INFO - Setting next_dagrun for daily_revenue_etl_dag to 2026-04-13 00:00:00+00:00, run_after=2026-04-14 00:00:00+00:00
[2026-04-13T06:57:59.714+0000] {processor.py:183} INFO - Processing /opt/airflow/dags/daily_revenue_etl_dag.py took 0.230 seconds
[2026-04-13T06:58:04.567+0000] {processor.py:161} INFO - Started process (PID=2334) to work on /opt/airflow/dags/daily_revenue_etl_dag.py
[2026-04-13T06:58:04.570+0000] {processor.py:830} INFO - Processing file /opt/airflow/dags/daily_revenue_etl_dag.py for tasks to queue
[2026-04-13T06:58:04.573+0000] {logging_mixin.py:188} INFO - [2026-04-13T06:58:04.572+0000] {dagbag.py:538} INFO - Filling up the DagBag from /opt/airflow/dags/daily_revenue_etl_dag.py
[2026-04-13T06:58:04.634+0000] {processor.py:840} INFO - DAG(s) 'daily_revenue_etl_dag' retrieved from /opt/airflow/dags/daily_revenue_etl_dag.py
[2026-04-13T06:58:04.712+0000] {logging_mixin.py:188} INFO - [2026-04-13T06:58:04.712+0000] {dag.py:3036} INFO - Sync 1 DAGs
[2026-04-13T06:58:04.783+0000] {logging_mixin.py:188} INFO - [2026-04-13T06:58:04.782+0000] {dag.py:3823} INFO - Setting next_dagrun for daily_revenue_etl_dag to 2026-04-13 00:00:00+00:00, run_after=2026-04-14 00:00:00+00:00
[2026-04-13T06:58:04.854+0000] {processor.py:183} INFO - Processing /opt/airflow/dags/daily_revenue_etl_dag.py took 0.300 seconds
[2026-04-13T06:58:35.303+0000] {processor.py:161} INFO - Started process (PID=2339) to work on /opt/airflow/dags/daily_revenue_etl_dag.py
[2026-04-13T06:58:35.309+0000] {processor.py:830} INFO - Processing file /opt/airflow/dags/daily_revenue_etl_dag.py for tasks to queue
[2026-04-13T06:58:35.326+0000] {logging_mixin.py:188} INFO - [2026-04-13T06:58:35.322+0000] {dagbag.py:538} INFO - Filling up the DagBag from /opt/airflow/dags/daily_revenue_etl_dag.py
[2026-04-13T06:58:35.464+0000] {processor.py:840} INFO - DAG(s) 'daily_revenue_etl_dag' retrieved from /opt/airflow/dags/daily_revenue_etl_dag.py
[2026-04-13T06:58:35.547+0000] {logging_mixin.py:188} INFO - [2026-04-13T06:58:35.546+0000] {dag.py:3036} INFO - Sync 1 DAGs
[2026-04-13T06:58:35.592+0000] {logging_mixin.py:188} INFO - [2026-04-13T06:58:35.591+0000] {dag.py:3823} INFO - Setting next_dagrun for daily_revenue_etl_dag to 2026-04-13 00:00:00+00:00, run_after=2026-04-14 00:00:00+00:00
[2026-04-13T06:58:35.619+0000] {processor.py:183} INFO - Processing /opt/airflow/dags/daily_revenue_etl_dag.py took 0.378 seconds
[2026-04-13T07:22:36.717+0000] {processor.py:161} INFO - Started process (PID=2344) to work on /opt/airflow/dags/daily_revenue_etl_dag.py
[2026-04-13T07:22:36.719+0000] {processor.py:830} INFO - Processing file /opt/airflow/dags/daily_revenue_etl_dag.py for tasks to queue
[2026-04-13T07:22:36.721+0000] {logging_mixin.py:188} INFO - [2026-04-13T07:22:36.720+0000] {dagbag.py:538} INFO - Filling up the DagBag from /opt/airflow/dags/daily_revenue_etl_dag.py
[2026-04-13T07:22:36.750+0000] {processor.py:840} INFO - DAG(s) 'daily_revenue_etl_dag' retrieved from /opt/airflow/dags/daily_revenue_etl_dag.py
[2026-04-13T07:22:36.789+0000] {logging_mixin.py:188} INFO - [2026-04-13T07:22:36.789+0000] {dag.py:3036} INFO - Sync 1 DAGs
[2026-04-13T07:22:36.812+0000] {logging_mixin.py:188} INFO - [2026-04-13T07:22:36.812+0000] {dag.py:3823} INFO - Setting next_dagrun for daily_revenue_etl_dag to 2026-04-13 00:00:00+00:00, run_after=2026-04-14 00:00:00+00:00
[2026-04-13T07:22:36.835+0000] {processor.py:183} INFO - Processing /opt/airflow/dags/daily_revenue_etl_dag.py took 0.123 seconds
[2026-04-13T07:22:41.774+0000] {processor.py:161} INFO - Started process (PID=2349) to work on /opt/airflow/dags/daily_revenue_etl_dag.py
[2026-04-13T07:22:41.776+0000] {processor.py:830} INFO - Processing file /opt/airflow/dags/daily_revenue_etl_dag.py for tasks to queue
[2026-04-13T07:22:41.777+0000] {logging_mixin.py:188} INFO - [2026-04-13T07:22:41.777+0000] {dagbag.py:538} INFO - Filling up the DagBag from /opt/airflow/dags/daily_revenue_etl_dag.py
[2026-04-13T07:22:41.805+0000] {processor.py:840} INFO - DAG(s) 'daily_revenue_etl_dag' retrieved from /opt/airflow/dags/daily_revenue_etl_dag.py
[2026-04-13T06:58:44.653+0000] {logging_mixin.py:188} INFO - [2026-04-13T06:58:44.653+0000] {dag.py:3036} INFO - Sync 1 DAGs
[2026-04-13T06:58:44.689+0000] {logging_mixin.py:188} INFO - [2026-04-13T06:58:44.688+0000] {dag.py:3823} INFO - Setting next_dagrun for daily_revenue_etl_dag to 2026-04-13 00:00:00+00:00, run_after=2026-04-14 00:00:00+00:00
[2026-04-13T06:58:44.714+0000] {processor.py:183} INFO - Processing /opt/airflow/dags/daily_revenue_etl_dag.py took 0.141 seconds
[2026-04-13T06:59:14.918+0000] {processor.py:161} INFO - Started process (PID=2354) to work on /opt/airflow/dags/daily_revenue_etl_dag.py
[2026-04-13T06:59:14.920+0000] {processor.py:830} INFO - Processing file /opt/airflow/dags/daily_revenue_etl_dag.py for tasks to queue
[2026-04-13T06:59:14.921+0000] {logging_mixin.py:188} INFO - [2026-04-13T06:59:14.921+0000] {dagbag.py:538} INFO - Filling up the DagBag from /opt/airflow/dags/daily_revenue_etl_dag.py
[2026-04-13T06:59:14.943+0000] {processor.py:840} INFO - DAG(s) 'daily_revenue_etl_dag' retrieved from /opt/airflow/dags/daily_revenue_etl_dag.py
[2026-04-13T06:59:14.972+0000] {logging_mixin.py:188} INFO - [2026-04-13T06:59:14.972+0000] {dag.py:3036} INFO - Sync 1 DAGs
[2026-04-13T06:59:14.997+0000] {logging_mixin.py:188} INFO - [2026-04-13T06:59:14.997+0000] {dag.py:3823} INFO - Setting next_dagrun for daily_revenue_etl_dag to 2026-04-13 00:00:00+00:00, run_after=2026-04-14 00:00:00+00:00
[2026-04-13T06:59:15.021+0000] {processor.py:183} INFO - Processing /opt/airflow/dags/daily_revenue_etl_dag.py took 0.106 seconds
[2026-04-13T06:59:45.173+0000] {processor.py:161} INFO - Started process (PID=2359) to work on /opt/airflow/dags/daily_revenue_etl_dag.py
[2026-04-13T06:59:45.175+0000] {processor.py:830} INFO - Processing file /opt/airflow/dags/daily_revenue_etl_dag.py for tasks to queue
[2026-04-13T06:59:45.177+0000] {logging_mixin.py:188} INFO - [2026-04-13T06:59:45.176+0000] {dagbag.py:538} INFO - Filling up the DagBag from /opt/airflow/dags/daily_revenue_etl_dag.py
[2026-04-13T06:59:45.206+0000] {processor.py:840} INFO - DAG(s) 'daily_revenue_etl_dag' retrieved from /opt/airflow/dags/daily_revenue_etl_dag.py
[2026-04-13T06:59:45.247+0000] {logging_mixin.py:188} INFO - [2026-04-13T06:59:45.246+0000] {dag.py:3036} INFO - Sync 1 DAGs
[2026-04-13T06:59:45.279+0000] {logging_mixin.py:188} INFO - [2026-04-13T06:59:45.279+0000] {dag.py:3823} INFO - Setting next_dagrun for daily_revenue_etl_dag to 2026-04-13 00:00:00+00:00, run_after=2026-04-14 00:00:00+00:00
[2026-04-13T06:59:45.305+0000] {processor.py:183} INFO - Processing /opt/airflow/dags/daily_revenue_etl_dag.py took 0.137 seconds
[2026-04-13T07:00:15.498+0000] {processor.py:161} INFO - Started process (PID=2366) to work on /opt/airflow/dags/daily_revenue_etl_dag.py
[2026-04-13T07:00:15.500+0000] {processor.py:830} INFO - Processing file /opt/airflow/dags/daily_revenue_etl_dag.py for tasks to queue
[2026-04-13T07:00:15.501+0000] {logging_mixin.py:188} INFO - [2026-04-13T07:00:15.501+0000] {dagbag.py:538} INFO - Filling up the DagBag from /opt/airflow/dags/daily_revenue_etl_dag.py
[2026-04-13T07:00:15.526+0000] {processor.py:840} INFO - DAG(s) 'daily_revenue_etl_dag' retrieved from /opt/airflow/dags/daily_revenue_etl_dag.py
[2026-04-13T07:00:15.570+0000] {logging_mixin.py:188} INFO - [2026-04-13T07:00:15.569+0000] {dag.py:3036} INFO - Sync 1 DAGs
[2026-04-13T07:00:15.606+0000] {logging_mixin.py:188} INFO - [2026-04-13T07:00:15.606+0000] {dag.py:3823} INFO - Setting next_dagrun for daily_revenue_etl_dag to 2026-04-13 00:00:00+00:00, run_after=2026-04-14 00:00:00+00:00
[2026-04-13T07:00:15.641+0000] {processor.py:183} INFO - Processing /opt/airflow/dags/daily_revenue_etl_dag.py took 0.147 seconds
[2026-04-13T07:24:14.788+0000] {processor.py:161} INFO - Started process (PID=2371) to work on /opt/airflow/dags/daily_revenue_etl_dag.py
[2026-04-13T07:24:14.790+0000] {processor.py:830} INFO - Processing file /opt/airflow/dags/daily_revenue_etl_dag.py for tasks to queue
[2026-04-13T07:24:14.791+0000] {logging_mixin.py:188} INFO - [2026-04-13T07:24:14.791+0000] {dagbag.py:538} INFO - Filling up the DagBag from /opt/airflow/dags/daily_revenue_etl_dag.py
[2026-04-13T07:24:14.813+0000] {processor.py:840} INFO - DAG(s) 'daily_revenue_etl_dag' retrieved from /opt/airflow/dags/daily_revenue_etl_dag.py
[2026-04-13T07:24:14.847+0000] {logging_mixin.py:188} INFO - [2026-04-13T07:24:14.846+0000] {dag.py:3036} INFO - Sync 1 DAGs
[2026-04-13T07:00:17.663+0000] {logging_mixin.py:188} INFO - [2026-04-13T07:00:17.663+0000] {dag.py:3823} INFO - Setting next_dagrun for daily_revenue_etl_dag to 2026-04-13 00:00:00+00:00, run_after=2026-04-14 00:00:00+00:00
[2026-04-13T07:00:17.696+0000] {processor.py:183} INFO - Processing /opt/airflow/dags/daily_revenue_etl_dag.py took 0.125 seconds
[2026-04-13T07:24:16.978+0000] {processor.py:161} INFO - Started process (PID=2376) to work on /opt/airflow/dags/daily_revenue_etl_dag.py
[2026-04-13T07:24:16.980+0000] {processor.py:830} INFO - Processing file /opt/airflow/dags/daily_revenue_etl_dag.py for tasks to queue
[2026-04-13T07:24:16.982+0000] {logging_mixin.py:188} INFO - [2026-04-13T07:24:16.981+0000] {dagbag.py:538} INFO - Filling up the DagBag from /opt/airflow/dags/daily_revenue_etl_dag.py
[2026-04-13T07:00:19.811+0000] {processor.py:840} INFO - DAG(s) 'daily_revenue_etl_dag' retrieved from /opt/airflow/dags/daily_revenue_etl_dag.py
[2026-04-13T07:00:19.847+0000] {logging_mixin.py:188} INFO - [2026-04-13T07:00:19.846+0000] {dag.py:3036} INFO - Sync 1 DAGs
[2026-04-13T07:00:19.875+0000] {logging_mixin.py:188} INFO - [2026-04-13T07:00:19.875+0000] {dag.py:3823} INFO - Setting next_dagrun for daily_revenue_etl_dag to 2026-04-13 00:00:00+00:00, run_after=2026-04-14 00:00:00+00:00
[2026-04-13T07:00:19.898+0000] {processor.py:183} INFO - Processing /opt/airflow/dags/daily_revenue_etl_dag.py took 0.122 seconds
[2026-04-13T07:24:22.011+0000] {processor.py:161} INFO - Started process (PID=2381) to work on /opt/airflow/dags/daily_revenue_etl_dag.py
[2026-04-13T07:24:22.013+0000] {processor.py:830} INFO - Processing file /opt/airflow/dags/daily_revenue_etl_dag.py for tasks to queue
[2026-04-13T07:24:22.014+0000] {logging_mixin.py:188} INFO - [2026-04-13T07:24:22.014+0000] {dagbag.py:538} INFO - Filling up the DagBag from /opt/airflow/dags/daily_revenue_etl_dag.py
[2026-04-13T07:00:24.833+0000] {processor.py:840} INFO - DAG(s) 'daily_revenue_etl_dag' retrieved from /opt/airflow/dags/daily_revenue_etl_dag.py
[2026-04-13T07:00:24.873+0000] {logging_mixin.py:188} INFO - [2026-04-13T07:00:24.873+0000] {dag.py:3036} INFO - Sync 1 DAGs
[2026-04-13T07:00:24.903+0000] {logging_mixin.py:188} INFO - [2026-04-13T07:00:24.902+0000] {dag.py:3823} INFO - Setting next_dagrun for daily_revenue_etl_dag to 2026-04-13 00:00:00+00:00, run_after=2026-04-14 00:00:00+00:00
[2026-04-13T07:00:24.927+0000] {processor.py:183} INFO - Processing /opt/airflow/dags/daily_revenue_etl_dag.py took 0.125 seconds
[2026-04-13T07:00:29.835+0000] {processor.py:161} INFO - Started process (PID=2386) to work on /opt/airflow/dags/daily_revenue_etl_dag.py
[2026-04-13T07:00:29.837+0000] {processor.py:830} INFO - Processing file /opt/airflow/dags/daily_revenue_etl_dag.py for tasks to queue
[2026-04-13T07:00:29.838+0000] {logging_mixin.py:188} INFO - [2026-04-13T07:00:29.837+0000] {dagbag.py:538} INFO - Filling up the DagBag from /opt/airflow/dags/daily_revenue_etl_dag.py
[2026-04-13T07:00:29.860+0000] {processor.py:840} INFO - DAG(s) 'daily_revenue_etl_dag' retrieved from /opt/airflow/dags/daily_revenue_etl_dag.py
[2026-04-13T07:00:29.904+0000] {logging_mixin.py:188} INFO - [2026-04-13T07:00:29.903+0000] {dag.py:3036} INFO - Sync 1 DAGs
[2026-04-13T07:00:29.932+0000] {logging_mixin.py:188} INFO - [2026-04-13T07:00:29.932+0000] {dag.py:3823} INFO - Setting next_dagrun for daily_revenue_etl_dag to 2026-04-13 00:00:00+00:00, run_after=2026-04-14 00:00:00+00:00
[2026-04-13T07:00:29.958+0000] {processor.py:183} INFO - Processing /opt/airflow/dags/daily_revenue_etl_dag.py took 0.127 seconds
[2026-04-13T07:01:00.179+0000] {processor.py:161} INFO - Started process (PID=2391) to work on /opt/airflow/dags/daily_revenue_etl_dag.py
[2026-04-13T07:01:00.180+0000] {processor.py:830} INFO - Processing file /opt/airflow/dags/daily_revenue_etl_dag.py for tasks to queue
[2026-04-13T07:01:00.182+0000] {logging_mixin.py:188} INFO - [2026-04-13T07:01:00.182+0000] {dagbag.py:538} INFO - Filling up the DagBag from /opt/airflow/dags/daily_revenue_etl_dag.py
[2026-04-13T07:01:00.217+0000] {processor.py:840} INFO - DAG(s) 'daily_revenue_etl_dag' retrieved from /opt/airflow/dags/daily_revenue_etl_dag.py
[2026-04-13T07:01:00.267+0000] {logging_mixin.py:188} INFO - [2026-04-13T07:01:00.267+0000] {dag.py:3036} INFO - Sync 1 DAGs
[2026-04-13T07:01:00.305+0000] {logging_mixin.py:188} INFO - [2026-04-13T07:01:00.304+0000] {dag.py:3823} INFO - Setting next_dagrun for daily_revenue_etl_dag to 2026-04-13 00:00:00+00:00, run_after=2026-04-14 00:00:00+00:00
[2026-04-13T07:01:00.335+0000] {processor.py:183} INFO - Processing /opt/airflow/dags/daily_revenue_etl_dag.py took 0.162 seconds
[2026-04-13T07:25:14.696+0000] {processor.py:161} INFO - Started process (PID=2396) to work on /opt/airflow/dags/daily_revenue_etl_dag.py
[2026-04-13T07:25:14.697+0000] {processor.py:830} INFO - Processing file /opt/airflow/dags/daily_revenue_etl_dag.py for tasks to queue
[2026-04-13T07:25:14.698+0000] {logging_mixin.py:188} INFO - [2026-04-13T07:25:14.698+0000] {dagbag.py:538} INFO - Filling up the DagBag from /opt/airflow/dags/daily_revenue_etl_dag.py
[2026-04-13T07:25:14.722+0000] {processor.py:840} INFO - DAG(s) 'daily_revenue_etl_dag' retrieved from /opt/airflow/dags/daily_revenue_etl_dag.py
[2026-04-13T07:25:14.761+0000] {logging_mixin.py:188} INFO - [2026-04-13T07:25:14.761+0000] {dag.py:3036} INFO - Sync 1 DAGs
[2026-04-13T07:25:14.797+0000] {logging_mixin.py:188} INFO - [2026-04-13T07:25:14.796+0000] {dag.py:3823} INFO - Setting next_dagrun for daily_revenue_etl_dag to 2026-04-13 00:00:00+00:00, run_after=2026-04-14 00:00:00+00:00
[2026-04-13T07:25:14.821+0000] {processor.py:183} INFO - Processing /opt/airflow/dags/daily_revenue_etl_dag.py took 0.131 seconds
[2026-04-13T07:25:47.093+0000] {processor.py:161} INFO - Started process (PID=2401) to work on /opt/airflow/dags/daily_revenue_etl_dag.py
[2026-04-13T07:25:47.094+0000] {processor.py:830} INFO - Processing file /opt/airflow/dags/daily_revenue_etl_dag.py for tasks to queue
[2026-04-13T07:25:47.096+0000] {logging_mixin.py:188} INFO - [2026-04-13T07:25:47.096+0000] {dagbag.py:538} INFO - Filling up the DagBag from /opt/airflow/dags/daily_revenue_etl_dag.py
[2026-04-13T07:25:47.133+0000] {processor.py:840} INFO - DAG(s) 'daily_revenue_etl_dag' retrieved from /opt/airflow/dags/daily_revenue_etl_dag.py
[2026-04-13T07:01:50.016+0000] {logging_mixin.py:188} INFO - [2026-04-13T07:01:50.015+0000] {dag.py:3036} INFO - Sync 1 DAGs
[2026-04-13T07:01:50.079+0000] {logging_mixin.py:188} INFO - [2026-04-13T07:01:50.078+0000] {dag.py:3823} INFO - Setting next_dagrun for daily_revenue_etl_dag to 2026-04-13 00:00:00+00:00, run_after=2026-04-14 00:00:00+00:00
[2026-04-13T07:01:50.125+0000] {processor.py:183} INFO - Processing /opt/airflow/dags/daily_revenue_etl_dag.py took 0.246 seconds
[2026-04-13T07:25:52.157+0000] {processor.py:161} INFO - Started process (PID=2406) to work on /opt/airflow/dags/daily_revenue_etl_dag.py
[2026-04-13T07:25:52.161+0000] {processor.py:830} INFO - Processing file /opt/airflow/dags/daily_revenue_etl_dag.py for tasks to queue
[2026-04-13T07:25:52.163+0000] {logging_mixin.py:188} INFO - [2026-04-13T07:25:52.162+0000] {dagbag.py:538} INFO - Filling up the DagBag from /opt/airflow/dags/daily_revenue_etl_dag.py
[2026-04-13T07:01:54.987+0000] {processor.py:840} INFO - DAG(s) 'daily_revenue_etl_dag' retrieved from /opt/airflow/dags/daily_revenue_etl_dag.py
[2026-04-13T07:01:55.110+0000] {logging_mixin.py:188} INFO - [2026-04-13T07:01:55.110+0000] {dag.py:3036} INFO - Sync 1 DAGs
[2026-04-13T07:01:55.176+0000] {logging_mixin.py:188} INFO - [2026-04-13T07:01:55.175+0000] {dag.py:3823} INFO - Setting next_dagrun for daily_revenue_etl_dag to 2026-04-13 00:00:00+00:00, run_after=2026-04-14 00:00:00+00:00
[2026-04-13T07:01:55.224+0000] {processor.py:183} INFO - Processing /opt/airflow/dags/daily_revenue_etl_dag.py took 0.294 seconds
[2026-04-13T07:02:25.461+0000] {processor.py:161} INFO - Started process (PID=2411) to work on /opt/airflow/dags/daily_revenue_etl_dag.py
[2026-04-13T07:02:25.463+0000] {processor.py:830} INFO - Processing file /opt/airflow/dags/daily_revenue_etl_dag.py for tasks to queue
[2026-04-13T07:02:25.465+0000] {logging_mixin.py:188} INFO - [2026-04-13T07:02:25.464+0000] {dagbag.py:538} INFO - Filling up the DagBag from /opt/airflow/dags/daily_revenue_etl_dag.py
[2026-04-13T07:02:25.495+0000] {processor.py:840} INFO - DAG(s) 'daily_revenue_etl_dag' retrieved from /opt/airflow/dags/daily_revenue_etl_dag.py
[2026-04-13T07:02:25.531+0000] {logging_mixin.py:188} INFO - [2026-04-13T07:02:25.531+0000] {dag.py:3036} INFO - Sync 1 DAGs
[2026-04-13T07:02:25.555+0000] {logging_mixin.py:188} INFO - [2026-04-13T07:02:25.555+0000] {dag.py:3823} INFO - Setting next_dagrun for daily_revenue_etl_dag to 2026-04-13 00:00:00+00:00, run_after=2026-04-14 00:00:00+00:00
[2026-04-13T07:02:25.571+0000] {processor.py:183} INFO - Processing /opt/airflow/dags/daily_revenue_etl_dag.py took 0.114 seconds
[2026-04-13T07:02:47.674+0000] {processor.py:161} INFO - Started process (PID=2416) to work on /opt/airflow/dags/daily_revenue_etl_dag.py
[2026-04-13T07:02:47.677+0000] {processor.py:830} INFO - Processing file /opt/airflow/dags/daily_revenue_etl_dag.py for tasks to queue
[2026-04-13T07:02:47.679+0000] {logging_mixin.py:188} INFO - [2026-04-13T07:02:47.679+0000] {dagbag.py:538} INFO - Filling up the DagBag from /opt/airflow/dags/daily_revenue_etl_dag.py
[2026-04-13T07:02:47.708+0000] {processor.py:840} INFO - DAG(s) 'daily_revenue_etl_dag' retrieved from /opt/airflow/dags/daily_revenue_etl_dag.py
[2026-04-13T07:02:47.746+0000] {logging_mixin.py:188} INFO - [2026-04-13T07:02:47.745+0000] {dag.py:3036} INFO - Sync 1 DAGs
[2026-04-13T07:02:47.771+0000] {logging_mixin.py:188} INFO - [2026-04-13T07:02:47.770+0000] {dag.py:3823} INFO - Setting next_dagrun for daily_revenue_etl_dag to 2026-04-13 00:00:00+00:00, run_after=2026-04-14 00:00:00+00:00
[2026-04-13T07:02:47.793+0000] {processor.py:183} INFO - Processing /opt/airflow/dags/daily_revenue_etl_dag.py took 0.128 seconds
[2026-04-13T07:26:57.110+0000] {processor.py:161} INFO - Started process (PID=2421) to work on /opt/airflow/dags/daily_revenue_etl_dag.py
[2026-04-13T07:26:57.112+0000] {processor.py:830} INFO - Processing file /opt/airflow/dags/daily_revenue_etl_dag.py for tasks to queue
[2026-04-13T07:26:57.113+0000] {logging_mixin.py:188} INFO - [2026-04-13T07:26:57.113+0000] {dagbag.py:538} INFO - Filling up the DagBag from /opt/airflow/dags/daily_revenue_etl_dag.py
[2026-04-13T07:26:57.137+0000] {processor.py:840} INFO - DAG(s) 'daily_revenue_etl_dag' retrieved from /opt/airflow/dags/daily_revenue_etl_dag.py
[2026-04-13T07:26:57.170+0000] {logging_mixin.py:188} INFO - [2026-04-13T07:26:57.169+0000] {dag.py:3036} INFO - Sync 1 DAGs
[2026-04-13T07:26:57.195+0000] {logging_mixin.py:188} INFO - [2026-04-13T07:26:57.194+0000] {dag.py:3823} INFO - Setting next_dagrun for daily_revenue_etl_dag to 2026-04-13 00:00:00+00:00, run_after=2026-04-14 00:00:00+00:00
[2026-04-13T07:26:57.215+0000] {processor.py:183} INFO - Processing /opt/airflow/dags/daily_revenue_etl_dag.py took 0.111 seconds
[2026-04-13T07:27:27.333+0000] {processor.py:161} INFO - Started process (PID=2426) to work on /opt/airflow/dags/daily_revenue_etl_dag.py
[2026-04-13T07:27:27.335+0000] {processor.py:830} INFO - Processing file /opt/airflow/dags/daily_revenue_etl_dag.py for tasks to queue
[2026-04-13T07:27:27.336+0000] {logging_mixin.py:188} INFO - [2026-04-13T07:27:27.336+0000] {dagbag.py:538} INFO - Filling up the DagBag from /opt/airflow/dags/daily_revenue_etl_dag.py
[2026-04-13T07:03:30.170+0000] {processor.py:840} INFO - DAG(s) 'daily_revenue_etl_dag' retrieved from /opt/airflow/dags/daily_revenue_etl_dag.py
[2026-04-13T07:03:30.208+0000] {logging_mixin.py:188} INFO - [2026-04-13T07:03:30.208+0000] {dag.py:3036} INFO - Sync 1 DAGs
[2026-04-13T07:03:30.238+0000] {logging_mixin.py:188} INFO - [2026-04-13T07:03:30.238+0000] {dag.py:3823} INFO - Setting next_dagrun for daily_revenue_etl_dag to 2026-04-13 00:00:00+00:00, run_after=2026-04-14 00:00:00+00:00
[2026-04-13T07:03:30.265+0000] {processor.py:183} INFO - Processing /opt/airflow/dags/daily_revenue_etl_dag.py took 0.134 seconds
[2026-04-13T07:04:00.409+0000] {processor.py:161} INFO - Started process (PID=2431) to work on /opt/airflow/dags/daily_revenue_etl_dag.py
[2026-04-13T07:04:00.411+0000] {processor.py:830} INFO - Processing file /opt/airflow/dags/daily_revenue_etl_dag.py for tasks to queue
[2026-04-13T07:04:00.412+0000] {logging_mixin.py:188} INFO - [2026-04-13T07:04:00.412+0000] {dagbag.py:538} INFO - Filling up the DagBag from /opt/airflow/dags/daily_revenue_etl_dag.py
[2026-04-13T07:04:00.433+0000] {processor.py:840} INFO - DAG(s) 'daily_revenue_etl_dag' retrieved from /opt/airflow/dags/daily_revenue_etl_dag.py
[2026-04-13T07:04:00.468+0000] {logging_mixin.py:188} INFO - [2026-04-13T07:04:00.467+0000] {dag.py:3036} INFO - Sync 1 DAGs
[2026-04-13T07:04:00.503+0000] {logging_mixin.py:188} INFO - [2026-04-13T07:04:00.502+0000] {dag.py:3823} INFO - Setting next_dagrun for daily_revenue_etl_dag to 2026-04-13 00:00:00+00:00, run_after=2026-04-14 00:00:00+00:00
[2026-04-13T07:04:00.531+0000] {processor.py:183} INFO - Processing /opt/airflow/dags/daily_revenue_etl_dag.py took 0.126 seconds
[2026-04-13T07:28:14.796+0000] {processor.py:161} INFO - Started process (PID=2436) to work on /opt/airflow/dags/daily_revenue_etl_dag.py
[2026-04-13T07:28:14.798+0000] {processor.py:830} INFO - Processing file /opt/airflow/dags/daily_revenue_etl_dag.py for tasks to queue
[2026-04-13T07:28:14.799+0000] {logging_mixin.py:188} INFO - [2026-04-13T07:28:14.799+0000] {dagbag.py:538} INFO - Filling up the DagBag from /opt/airflow/dags/daily_revenue_etl_dag.py
[2026-04-13T07:28:14.832+0000] {processor.py:840} INFO - DAG(s) 'daily_revenue_etl_dag' retrieved from /opt/airflow/dags/daily_revenue_etl_dag.py
[2026-04-13T07:28:14.870+0000] {logging_mixin.py:188} INFO - [2026-04-13T07:28:14.869+0000] {dag.py:3036} INFO - Sync 1 DAGs
[2026-04-13T07:04:17.704+0000] {logging_mixin.py:188} INFO - [2026-04-13T07:04:17.703+0000] {dag.py:3823} INFO - Setting next_dagrun for daily_revenue_etl_dag to 2026-04-13 00:00:00+00:00, run_after=2026-04-14 00:00:00+00:00
[2026-04-13T07:04:17.733+0000] {processor.py:183} INFO - Processing /opt/airflow/dags/daily_revenue_etl_dag.py took 0.142 seconds
[2026-04-13T07:04:47.919+0000] {processor.py:161} INFO - Started process (PID=2441) to work on /opt/airflow/dags/daily_revenue_etl_dag.py
[2026-04-13T07:04:47.920+0000] {processor.py:830} INFO - Processing file /opt/airflow/dags/daily_revenue_etl_dag.py for tasks to queue
[2026-04-13T07:04:47.922+0000] {logging_mixin.py:188} INFO - [2026-04-13T07:04:47.922+0000] {dagbag.py:538} INFO - Filling up the DagBag from /opt/airflow/dags/daily_revenue_etl_dag.py
[2026-04-13T07:04:47.947+0000] {processor.py:840} INFO - DAG(s) 'daily_revenue_etl_dag' retrieved from /opt/airflow/dags/daily_revenue_etl_dag.py
[2026-04-13T07:04:47.981+0000] {logging_mixin.py:188} INFO - [2026-04-13T07:04:47.981+0000] {dag.py:3036} INFO - Sync 1 DAGs
[2026-04-13T07:04:48.009+0000] {logging_mixin.py:188} INFO - [2026-04-13T07:04:48.008+0000] {dag.py:3823} INFO - Setting next_dagrun for daily_revenue_etl_dag to 2026-04-13 00:00:00+00:00, run_after=2026-04-14 00:00:00+00:00
[2026-04-13T07:04:48.032+0000] {processor.py:183} INFO - Processing /opt/airflow/dags/daily_revenue_etl_dag.py took 0.119 seconds
[2026-04-13T07:28:52.343+0000] {processor.py:161} INFO - Started process (PID=2446) to work on /opt/airflow/dags/daily_revenue_etl_dag.py
[2026-04-13T07:28:52.345+0000] {processor.py:830} INFO - Processing file /opt/airflow/dags/daily_revenue_etl_dag.py for tasks to queue
[2026-04-13T07:28:52.346+0000] {logging_mixin.py:188} INFO - [2026-04-13T07:28:52.346+0000] {dagbag.py:538} INFO - Filling up the DagBag from /opt/airflow/dags/daily_revenue_etl_dag.py
[2026-04-13T07:28:52.372+0000] {processor.py:840} INFO - DAG(s) 'daily_revenue_etl_dag' retrieved from /opt/airflow/dags/daily_revenue_etl_dag.py
[2026-04-13T07:28:52.410+0000] {logging_mixin.py:188} INFO - [2026-04-13T07:28:52.409+0000] {dag.py:3036} INFO - Sync 1 DAGs
[2026-04-13T07:28:52.436+0000] {logging_mixin.py:188} INFO - [2026-04-13T07:28:52.435+0000] {dag.py:3823} INFO - Setting next_dagrun for daily_revenue_etl_dag to 2026-04-13 00:00:00+00:00, run_after=2026-04-14 00:00:00+00:00
[2026-04-13T07:28:52.456+0000] {processor.py:183} INFO - Processing /opt/airflow/dags/daily_revenue_etl_dag.py took 0.119 seconds
[2026-04-13T07:29:22.623+0000] {processor.py:161} INFO - Started process (PID=2451) to work on /opt/airflow/dags/daily_revenue_etl_dag.py
[2026-04-13T07:29:22.628+0000] {processor.py:830} INFO - Processing file /opt/airflow/dags/daily_revenue_etl_dag.py for tasks to queue
[2026-04-13T07:29:22.630+0000] {logging_mixin.py:188} INFO - [2026-04-13T07:29:22.629+0000] {dagbag.py:538} INFO - Filling up the DagBag from /opt/airflow/dags/daily_revenue_etl_dag.py
[2026-04-13T07:05:25.420+0000] {processor.py:840} INFO - DAG(s) 'daily_revenue_etl_dag' retrieved from /opt/airflow/dags/daily_revenue_etl_dag.py
[2026-04-13T07:05:25.476+0000] {logging_mixin.py:188} INFO - [2026-04-13T07:05:25.476+0000] {dag.py:3036} INFO - Sync 1 DAGs
[2026-04-13T07:05:25.517+0000] {logging_mixin.py:188} INFO - [2026-04-13T07:05:25.517+0000] {dag.py:3823} INFO - Setting next_dagrun for daily_revenue_etl_dag to 2026-04-13 00:00:00+00:00, run_after=2026-04-14 00:00:00+00:00
[2026-04-13T07:05:25.554+0000] {processor.py:183} INFO - Processing /opt/airflow/dags/daily_revenue_etl_dag.py took 0.176 seconds
[2026-04-13T07:05:55.794+0000] {processor.py:161} INFO - Started process (PID=2459) to work on /opt/airflow/dags/daily_revenue_etl_dag.py
[2026-04-13T07:05:55.796+0000] {processor.py:830} INFO - Processing file /opt/airflow/dags/daily_revenue_etl_dag.py for tasks to queue
[2026-04-13T07:05:55.797+0000] {logging_mixin.py:188} INFO - [2026-04-13T07:05:55.797+0000] {dagbag.py:538} INFO - Filling up the DagBag from /opt/airflow/dags/daily_revenue_etl_dag.py
[2026-04-13T07:05:55.832+0000] {processor.py:840} INFO - DAG(s) 'daily_revenue_etl_dag' retrieved from /opt/airflow/dags/daily_revenue_etl_dag.py
[2026-04-13T07:05:55.877+0000] {logging_mixin.py:188} INFO - [2026-04-13T07:05:55.876+0000] {dag.py:3036} INFO - Sync 1 DAGs
[2026-04-13T07:05:55.920+0000] {logging_mixin.py:188} INFO - [2026-04-13T07:05:55.920+0000] {dag.py:3823} INFO - Setting next_dagrun for daily_revenue_etl_dag to 2026-04-13 00:00:00+00:00, run_after=2026-04-14 00:00:00+00:00
[2026-04-13T07:05:55.944+0000] {processor.py:183} INFO - Processing /opt/airflow/dags/daily_revenue_etl_dag.py took 0.156 seconds
[2026-04-13T07:06:26.065+0000] {processor.py:161} INFO - Started process (PID=2464) to work on /opt/airflow/dags/daily_revenue_etl_dag.py
[2026-04-13T07:06:26.068+0000] {processor.py:830} INFO - Processing file /opt/airflow/dags/daily_revenue_etl_dag.py for tasks to queue
[2026-04-13T07:06:26.069+0000] {logging_mixin.py:188} INFO - [2026-04-13T07:06:26.069+0000] {dagbag.py:538} INFO - Filling up the DagBag from /opt/airflow/dags/daily_revenue_etl_dag.py
[2026-04-13T07:06:26.112+0000] {processor.py:840} INFO - DAG(s) 'daily_revenue_etl_dag' retrieved from /opt/airflow/dags/daily_revenue_etl_dag.py
[2026-04-13T07:06:26.209+0000] {logging_mixin.py:188} INFO - [2026-04-13T07:06:26.208+0000] {dag.py:3036} INFO - Sync 1 DAGs
[2026-04-13T07:06:26.254+0000] {logging_mixin.py:188} INFO - [2026-04-13T07:06:26.251+0000] {dag.py:3823} INFO - Setting next_dagrun for daily_revenue_etl_dag to 2026-04-13 00:00:00+00:00, run_after=2026-04-14 00:00:00+00:00
[2026-04-13T07:06:26.324+0000] {processor.py:183} INFO - Processing /opt/airflow/dags/daily_revenue_etl_dag.py took 0.266 seconds
[2026-04-13T07:30:27.605+0000] {processor.py:161} INFO - Started process (PID=2469) to work on /opt/airflow/dags/daily_revenue_etl_dag.py
[2026-04-13T07:30:27.608+0000] {processor.py:830} INFO - Processing file /opt/airflow/dags/daily_revenue_etl_dag.py for tasks to queue
[2026-04-13T07:30:27.610+0000] {logging_mixin.py:188} INFO - [2026-04-13T07:30:27.609+0000] {dagbag.py:538} INFO - Filling up the DagBag from /opt/airflow/dags/daily_revenue_etl_dag.py
[2026-04-13T07:30:27.645+0000] {processor.py:840} INFO - DAG(s) 'daily_revenue_etl_dag' retrieved from /opt/airflow/dags/daily_revenue_etl_dag.py
[2026-04-13T07:30:27.704+0000] {logging_mixin.py:188} INFO - [2026-04-13T07:30:27.702+0000] {dag.py:3036} INFO - Sync 1 DAGs
[2026-04-13T07:30:27.751+0000] {logging_mixin.py:188} INFO - [2026-04-13T07:30:27.750+0000] {dag.py:3823} INFO - Setting next_dagrun for daily_revenue_etl_dag to 2026-04-13 00:00:00+00:00, run_after=2026-04-14 00:00:00+00:00
[2026-04-13T07:06:30.549+0000] {processor.py:183} INFO - Processing /opt/airflow/dags/daily_revenue_etl_dag.py took 0.180 seconds
[2026-04-13T07:30:32.691+0000] {processor.py:161} INFO - Started process (PID=2474) to work on /opt/airflow/dags/daily_revenue_etl_dag.py
[2026-04-13T07:30:32.704+0000] {processor.py:830} INFO - Processing file /opt/airflow/dags/daily_revenue_etl_dag.py for tasks to queue
[2026-04-13T07:30:32.709+0000] {logging_mixin.py:188} INFO - [2026-04-13T07:30:32.708+0000] {dagbag.py:538} INFO - Filling up the DagBag from /opt/airflow/dags/daily_revenue_etl_dag.py
[2026-04-13T07:06:35.575+0000] {processor.py:840} INFO - DAG(s) 'daily_revenue_etl_dag' retrieved from /opt/airflow/dags/daily_revenue_etl_dag.py
[2026-04-13T07:06:35.684+0000] {logging_mixin.py:188} INFO - [2026-04-13T07:06:35.683+0000] {dag.py:3036} INFO - Sync 1 DAGs
[2026-04-13T07:06:35.734+0000] {logging_mixin.py:188} INFO - [2026-04-13T07:06:35.733+0000] {dag.py:3823} INFO - Setting next_dagrun for daily_revenue_etl_dag to 2026-04-13 00:00:00+00:00, run_after=2026-04-14 00:00:00+00:00
[2026-04-13T07:06:35.804+0000] {processor.py:183} INFO - Processing /opt/airflow/dags/daily_revenue_etl_dag.py took 0.339 seconds
[2026-04-13T07:06:47.729+0000] {processor.py:161} INFO - Started process (PID=2479) to work on /opt/airflow/dags/daily_revenue_etl_dag.py
[2026-04-13T07:06:47.732+0000] {processor.py:830} INFO - Processing file /opt/airflow/dags/daily_revenue_etl_dag.py for tasks to queue
[2026-04-13T07:06:47.736+0000] {logging_mixin.py:188} INFO - [2026-04-13T07:06:47.735+0000] {dagbag.py:538} INFO - Filling up the DagBag from /opt/airflow/dags/daily_revenue_etl_dag.py
[2026-04-13T07:06:47.803+0000] {processor.py:840} INFO - DAG(s) 'daily_revenue_etl_dag' retrieved from /opt/airflow/dags/daily_revenue_etl_dag.py
[2026-04-13T07:06:47.852+0000] {logging_mixin.py:188} INFO - [2026-04-13T07:06:47.852+0000] {dag.py:3036} INFO - Sync 1 DAGs
[2026-04-13T07:06:47.883+0000] {logging_mixin.py:188} INFO - [2026-04-13T07:06:47.882+0000] {dag.py:3823} INFO - Setting next_dagrun for daily_revenue_etl_dag to 2026-04-13 00:00:00+00:00, run_after=2026-04-14 00:00:00+00:00
[2026-04-13T07:06:47.910+0000] {processor.py:183} INFO - Processing /opt/airflow/dags/daily_revenue_etl_dag.py took 0.195 seconds
[2026-04-13T07:07:18.130+0000] {processor.py:161} INFO - Started process (PID=2484) to work on /opt/airflow/dags/daily_revenue_etl_dag.py
[2026-04-13T07:07:18.131+0000] {processor.py:830} INFO - Processing file /opt/airflow/dags/daily_revenue_etl_dag.py for tasks to queue
[2026-04-13T07:07:18.132+0000] {logging_mixin.py:188} INFO - [2026-04-13T07:07:18.132+0000] {dagbag.py:538} INFO - Filling up the DagBag from /opt/airflow/dags/daily_revenue_etl_dag.py
[2026-04-13T07:07:18.157+0000] {processor.py:840} INFO - DAG(s) 'daily_revenue_etl_dag' retrieved from /opt/airflow/dags/daily_revenue_etl_dag.py
[2026-04-13T07:07:18.186+0000] {logging_mixin.py:188} INFO - [2026-04-13T07:07:18.186+0000] {dag.py:3036} INFO - Sync 1 DAGs
[2026-04-13T07:07:18.209+0000] {logging_mixin.py:188} INFO - [2026-04-13T07:07:18.208+0000] {dag.py:3823} INFO - Setting next_dagrun for daily_revenue_etl_dag to 2026-04-13 00:00:00+00:00, run_after=2026-04-14 00:00:00+00:00
[2026-04-13T07:07:18.226+0000] {processor.py:183} INFO - Processing /opt/airflow/dags/daily_revenue_etl_dag.py took 0.100 seconds
[2026-04-13T07:07:48.315+0000] {processor.py:161} INFO - Started process (PID=2490) to work on /opt/airflow/dags/daily_revenue_etl_dag.py
[2026-04-13T07:07:48.316+0000] {processor.py:830} INFO - Processing file /opt/airflow/dags/daily_revenue_etl_dag.py for tasks to queue
[2026-04-13T07:07:48.317+0000] {logging_mixin.py:188} INFO - [2026-04-13T07:07:48.317+0000] {dagbag.py:538} INFO - Filling up the DagBag from /opt/airflow/dags/daily_revenue_etl_dag.py
[2026-04-13T07:07:48.338+0000] {processor.py:840} INFO - DAG(s) 'daily_revenue_etl_dag' retrieved from /opt/airflow/dags/daily_revenue_etl_dag.py
[2026-04-13T07:07:48.370+0000] {logging_mixin.py:188} INFO - [2026-04-13T07:07:48.370+0000] {dag.py:3036} INFO - Sync 1 DAGs
[2026-04-13T07:07:48.398+0000] {logging_mixin.py:188} INFO - [2026-04-13T07:07:48.397+0000] {dag.py:3823} INFO - Setting next_dagrun for daily_revenue_etl_dag to 2026-04-13 00:00:00+00:00, run_after=2026-04-14 00:00:00+00:00
[2026-04-13T07:07:48.419+0000] {processor.py:183} INFO - Processing /opt/airflow/dags/daily_revenue_etl_dag.py took 0.108 seconds
[2026-04-13T07:31:47.683+0000] {processor.py:161} INFO - Started process (PID=2495) to work on /opt/airflow/dags/daily_revenue_etl_dag.py
[2026-04-13T07:31:47.684+0000] {processor.py:830} INFO - Processing file /opt/airflow/dags/daily_revenue_etl_dag.py for tasks to queue
[2026-04-13T07:31:47.686+0000] {logging_mixin.py:188} INFO - [2026-04-13T07:31:47.685+0000] {dagbag.py:538} INFO - Filling up the DagBag from /opt/airflow/dags/daily_revenue_etl_dag.py
[2026-04-13T07:31:47.705+0000] {processor.py:840} INFO - DAG(s) 'daily_revenue_etl_dag' retrieved from /opt/airflow/dags/daily_revenue_etl_dag.py
[2026-04-13T07:31:47.739+0000] {logging_mixin.py:188} INFO - [2026-04-13T07:31:47.739+0000] {dag.py:3036} INFO - Sync 1 DAGs
[2026-04-13T07:31:47.765+0000] {logging_mixin.py:188} INFO - [2026-04-13T07:31:47.765+0000] {dag.py:3823} INFO - Setting next_dagrun for daily_revenue_etl_dag to 2026-04-13 00:00:00+00:00, run_after=2026-04-14 00:00:00+00:00
[2026-04-13T07:31:47.788+0000] {processor.py:183} INFO - Processing /opt/airflow/dags/daily_revenue_etl_dag.py took 0.110 seconds
[2026-04-13T07:32:17.889+0000] {processor.py:161} INFO - Started process (PID=2500) to work on /opt/airflow/dags/daily_revenue_etl_dag.py
[2026-04-13T07:32:17.891+0000] {processor.py:830} INFO - Processing file /opt/airflow/dags/daily_revenue_etl_dag.py for tasks to queue
[2026-04-13T07:32:17.893+0000] {logging_mixin.py:188} INFO - [2026-04-13T07:32:17.892+0000] {dagbag.py:538} INFO - Filling up the DagBag from /opt/airflow/dags/daily_revenue_etl_dag.py
[2026-04-13T07:32:17.914+0000] {processor.py:840} INFO - DAG(s) 'daily_revenue_etl_dag' retrieved from /opt/airflow/dags/daily_revenue_etl_dag.py
[2026-04-13T07:08:20.733+0000] {logging_mixin.py:188} INFO - [2026-04-13T07:08:20.733+0000] {dag.py:3036} INFO - Sync 1 DAGs
[2026-04-13T07:08:20.768+0000] {logging_mixin.py:188} INFO - [2026-04-13T07:08:20.768+0000] {dag.py:3823} INFO - Setting next_dagrun for daily_revenue_etl_dag to 2026-04-13 00:00:00+00:00, run_after=2026-04-14 00:00:00+00:00
[2026-04-13T07:08:20.794+0000] {processor.py:183} INFO - Processing /opt/airflow/dags/daily_revenue_etl_dag.py took 0.135 seconds
[2026-04-13T07:08:51.005+0000] {processor.py:161} INFO - Started process (PID=2505) to work on /opt/airflow/dags/daily_revenue_etl_dag.py
[2026-04-13T07:08:51.007+0000] {processor.py:830} INFO - Processing file /opt/airflow/dags/daily_revenue_etl_dag.py for tasks to queue
[2026-04-13T07:08:51.009+0000] {logging_mixin.py:188} INFO - [2026-04-13T07:08:51.008+0000] {dagbag.py:538} INFO - Filling up the DagBag from /opt/airflow/dags/daily_revenue_etl_dag.py
[2026-04-13T07:08:51.033+0000] {processor.py:840} INFO - DAG(s) 'daily_revenue_etl_dag' retrieved from /opt/airflow/dags/daily_revenue_etl_dag.py
[2026-04-13T07:08:51.070+0000] {logging_mixin.py:188} INFO - [2026-04-13T07:08:51.070+0000] {dag.py:3036} INFO - Sync 1 DAGs
[2026-04-13T07:08:51.098+0000] {logging_mixin.py:188} INFO - [2026-04-13T07:08:51.097+0000] {dag.py:3823} INFO - Setting next_dagrun for daily_revenue_etl_dag to 2026-04-13 00:00:00+00:00, run_after=2026-04-14 00:00:00+00:00
[2026-04-13T07:08:51.122+0000] {processor.py:183} INFO - Processing /opt/airflow/dags/daily_revenue_etl_dag.py took 0.121 seconds
[2026-04-13T07:09:21.219+0000] {processor.py:161} INFO - Started process (PID=2510) to work on /opt/airflow/dags/daily_revenue_etl_dag.py
[2026-04-13T07:09:21.220+0000] {processor.py:830} INFO - Processing file /opt/airflow/dags/daily_revenue_etl_dag.py for tasks to queue
[2026-04-13T07:09:21.221+0000] {logging_mixin.py:188} INFO - [2026-04-13T07:09:21.221+0000] {dagbag.py:538} INFO - Filling up the DagBag from /opt/airflow/dags/daily_revenue_etl_dag.py
[2026-04-13T07:09:21.241+0000] {processor.py:840} INFO - DAG(s) 'daily_revenue_etl_dag' retrieved from /opt/airflow/dags/daily_revenue_etl_dag.py
[2026-04-13T07:09:21.273+0000] {logging_mixin.py:188} INFO - [2026-04-13T07:09:21.272+0000] {dag.py:3036} INFO - Sync 1 DAGs
[2026-04-13T07:09:21.298+0000] {logging_mixin.py:188} INFO - [2026-04-13T07:09:21.298+0000] {dag.py:3823} INFO - Setting next_dagrun for daily_revenue_etl_dag to 2026-04-13 00:00:00+00:00, run_after=2026-04-14 00:00:00+00:00
[2026-04-13T07:09:21.319+0000] {processor.py:183} INFO - Processing /opt/airflow/dags/daily_revenue_etl_dag.py took 0.106 seconds
[2026-04-13T07:09:51.536+0000] {processor.py:161} INFO - Started process (PID=2515) to work on /opt/airflow/dags/daily_revenue_etl_dag.py
[2026-04-13T07:09:51.538+0000] {processor.py:830} INFO - Processing file /opt/airflow/dags/daily_revenue_etl_dag.py for tasks to queue
[2026-04-13T07:09:51.540+0000] {logging_mixin.py:188} INFO - [2026-04-13T07:09:51.540+0000] {dagbag.py:538} INFO - Filling up the DagBag from /opt/airflow/dags/daily_revenue_etl_dag.py
[2026-04-13T07:09:51.582+0000] {processor.py:840} INFO - DAG(s) 'daily_revenue_etl_dag' retrieved from /opt/airflow/dags/daily_revenue_etl_dag.py
[2026-04-13T07:09:51.650+0000] {logging_mixin.py:188} INFO - [2026-04-13T07:09:51.649+0000] {dag.py:3036} INFO - Sync 1 DAGs
[2026-04-13T07:09:51.703+0000] {logging_mixin.py:188} INFO - [2026-04-13T07:09:51.702+0000] {dag.py:3823} INFO - Setting next_dagrun for daily_revenue_etl_dag to 2026-04-13 00:00:00+00:00, run_after=2026-04-14 00:00:00+00:00
[2026-04-13T07:09:51.740+0000] {processor.py:183} INFO - Processing /opt/airflow/dags/daily_revenue_etl_dag.py took 0.211 seconds
[2026-04-13T07:33:53.044+0000] {processor.py:161} INFO - Started process (PID=2520) to work on /opt/airflow/dags/daily_revenue_etl_dag.py
[2026-04-13T07:33:53.045+0000] {processor.py:830} INFO - Processing file /opt/airflow/dags/daily_revenue_etl_dag.py for tasks to queue
[2026-04-13T07:33:53.047+0000] {logging_mixin.py:188} INFO - [2026-04-13T07:33:53.046+0000] {dagbag.py:538} INFO - Filling up the DagBag from /opt/airflow/dags/daily_revenue_etl_dag.py
[2026-04-13T07:33:53.071+0000] {processor.py:840} INFO - DAG(s) 'daily_revenue_etl_dag' retrieved from /opt/airflow/dags/daily_revenue_etl_dag.py
[2026-04-13T07:09:55.900+0000] {logging_mixin.py:188} INFO - [2026-04-13T07:09:55.900+0000] {dag.py:3036} INFO - Sync 1 DAGs
[2026-04-13T07:09:55.922+0000] {logging_mixin.py:188} INFO - [2026-04-13T07:09:55.922+0000] {dag.py:3823} INFO - Setting next_dagrun for daily_revenue_etl_dag to 2026-04-13 00:00:00+00:00, run_after=2026-04-14 00:00:00+00:00
[2026-04-13T07:09:56.105+0000] {processor.py:183} INFO - Processing /opt/airflow/dags/daily_revenue_etl_dag.py took 0.265 seconds
[2026-04-13T07:33:58.078+0000] {processor.py:161} INFO - Started process (PID=2525) to work on /opt/airflow/dags/daily_revenue_etl_dag.py
[2026-04-13T07:10:00.888+0000] {processor.py:830} INFO - Processing file /opt/airflow/dags/daily_revenue_etl_dag.py for tasks to queue
[2026-04-13T07:10:00.890+0000] {logging_mixin.py:188} INFO - [2026-04-13T07:10:00.889+0000] {dagbag.py:538} INFO - Filling up the DagBag from /opt/airflow/dags/daily_revenue_etl_dag.py
[2026-04-13T07:10:00.918+0000] {processor.py:840} INFO - DAG(s) 'daily_revenue_etl_dag' retrieved from /opt/airflow/dags/daily_revenue_etl_dag.py
[2026-04-13T07:10:00.959+0000] {logging_mixin.py:188} INFO - [2026-04-13T07:10:00.958+0000] {dag.py:3036} INFO - Sync 1 DAGs
[2026-04-13T07:10:00.984+0000] {logging_mixin.py:188} INFO - [2026-04-13T07:10:00.983+0000] {dag.py:3823} INFO - Setting next_dagrun for daily_revenue_etl_dag to 2026-04-13 00:00:00+00:00, run_after=2026-04-14 00:00:00+00:00
[2026-04-13T07:10:01.005+0000] {processor.py:183} INFO - Processing /opt/airflow/dags/daily_revenue_etl_dag.py took 0.125 seconds
[2026-04-13T07:34:03.104+0000] {processor.py:161} INFO - Started process (PID=2530) to work on /opt/airflow/dags/daily_revenue_etl_dag.py
[2026-04-13T07:34:03.106+0000] {processor.py:830} INFO - Processing file /opt/airflow/dags/daily_revenue_etl_dag.py for tasks to queue
[2026-04-13T07:34:03.107+0000] {logging_mixin.py:188} INFO - [2026-04-13T07:34:03.106+0000] {dagbag.py:538} INFO - Filling up the DagBag from /opt/airflow/dags/daily_revenue_etl_dag.py
[2026-04-13T07:34:03.123+0000] {processor.py:840} INFO - DAG(s) 'daily_revenue_etl_dag' retrieved from /opt/airflow/dags/daily_revenue_etl_dag.py
[2026-04-13T07:10:05.930+0000] {logging_mixin.py:188} INFO - [2026-04-13T07:10:05.929+0000] {dag.py:3036} INFO - Sync 1 DAGs
[2026-04-13T07:10:05.964+0000] {logging_mixin.py:188} INFO - [2026-04-13T07:10:05.963+0000] {dag.py:3823} INFO - Setting next_dagrun for daily_revenue_etl_dag to 2026-04-13 00:00:00+00:00, run_after=2026-04-14 00:00:00+00:00
[2026-04-13T07:10:05.993+0000] {processor.py:183} INFO - Processing /opt/airflow/dags/daily_revenue_etl_dag.py took 0.108 seconds
[2026-04-13T07:10:10.934+0000] {processor.py:161} INFO - Started process (PID=2535) to work on /opt/airflow/dags/daily_revenue_etl_dag.py
[2026-04-13T07:10:10.935+0000] {processor.py:830} INFO - Processing file /opt/airflow/dags/daily_revenue_etl_dag.py for tasks to queue
[2026-04-13T07:10:10.936+0000] {logging_mixin.py:188} INFO - [2026-04-13T07:10:10.936+0000] {dagbag.py:538} INFO - Filling up the DagBag from /opt/airflow/dags/daily_revenue_etl_dag.py
[2026-04-13T07:10:10.957+0000] {processor.py:840} INFO - DAG(s) 'daily_revenue_etl_dag' retrieved from /opt/airflow/dags/daily_revenue_etl_dag.py
[2026-04-13T07:10:10.986+0000] {logging_mixin.py:188} INFO - [2026-04-13T07:10:10.986+0000] {dag.py:3036} INFO - Sync 1 DAGs
[2026-04-13T07:10:11.006+0000] {logging_mixin.py:188} INFO - [2026-04-13T07:10:11.006+0000] {dag.py:3823} INFO - Setting next_dagrun for daily_revenue_etl_dag to 2026-04-13 00:00:00+00:00, run_after=2026-04-14 00:00:00+00:00
[2026-04-13T07:10:11.061+0000] {processor.py:183} INFO - Processing /opt/airflow/dags/daily_revenue_etl_dag.py took 0.132 seconds
[2026-04-13T07:10:41.279+0000] {processor.py:161} INFO - Started process (PID=2540) to work on /opt/airflow/dags/daily_revenue_etl_dag.py
[2026-04-13T07:10:41.280+0000] {processor.py:830} INFO - Processing file /opt/airflow/dags/daily_revenue_etl_dag.py for tasks to queue
[2026-04-13T07:10:41.281+0000] {logging_mixin.py:188} INFO - [2026-04-13T07:10:41.280+0000] {dagbag.py:538} INFO - Filling up the DagBag from /opt/airflow/dags/daily_revenue_etl_dag.py
[2026-04-13T07:10:41.311+0000] {processor.py:840} INFO - DAG(s) 'daily_revenue_etl_dag' retrieved from /opt/airflow/dags/daily_revenue_etl_dag.py
[2026-04-13T07:10:41.355+0000] {logging_mixin.py:188} INFO - [2026-04-13T07:10:41.354+0000] {dag.py:3036} INFO - Sync 1 DAGs
[2026-04-13T07:10:41.395+0000] {logging_mixin.py:188} INFO - [2026-04-13T07:10:41.393+0000] {dag.py:3823} INFO - Setting next_dagrun for daily_revenue_etl_dag to 2026-04-13 00:00:00+00:00, run_after=2026-04-14 00:00:00+00:00
[2026-04-13T07:10:41.427+0000] {processor.py:183} INFO - Processing /opt/airflow/dags/daily_revenue_etl_dag.py took 0.152 seconds
[2026-04-13T07:11:11.510+0000] {processor.py:161} INFO - Started process (PID=2545) to work on /opt/airflow/dags/daily_revenue_etl_dag.py
[2026-04-13T07:11:11.512+0000] {processor.py:830} INFO - Processing file /opt/airflow/dags/daily_revenue_etl_dag.py for tasks to queue
[2026-04-13T07:11:11.515+0000] {logging_mixin.py:188} INFO - [2026-04-13T07:11:11.514+0000] {dagbag.py:538} INFO - Filling up the DagBag from /opt/airflow/dags/daily_revenue_etl_dag.py
[2026-04-13T07:11:11.548+0000] {processor.py:840} INFO - DAG(s) 'daily_revenue_etl_dag' retrieved from /opt/airflow/dags/daily_revenue_etl_dag.py
[2026-04-13T07:11:11.589+0000] {logging_mixin.py:188} INFO - [2026-04-13T07:11:11.588+0000] {dag.py:3036} INFO - Sync 1 DAGs
[2026-04-13T07:11:11.614+0000] {logging_mixin.py:188} INFO - [2026-04-13T07:11:11.614+0000] {dag.py:3823} INFO - Setting next_dagrun for daily_revenue_etl_dag to 2026-04-13 00:00:00+00:00, run_after=2026-04-14 00:00:00+00:00
[2026-04-13T07:11:11.635+0000] {processor.py:183} INFO - Processing /opt/airflow/dags/daily_revenue_etl_dag.py took 0.129 seconds
[2026-04-13T07:35:14.908+0000] {processor.py:161} INFO - Started process (PID=2551) to work on /opt/airflow/dags/daily_revenue_etl_dag.py
[2026-04-13T07:35:14.912+0000] {processor.py:830} INFO - Processing file /opt/airflow/dags/daily_revenue_etl_dag.py for tasks to queue
[2026-04-13T07:35:14.914+0000] {logging_mixin.py:188} INFO - [2026-04-13T07:35:14.914+0000] {dagbag.py:538} INFO - Filling up the DagBag from /opt/airflow/dags/daily_revenue_etl_dag.py
[2026-04-13T07:11:17.746+0000] {processor.py:840} INFO - DAG(s) 'daily_revenue_etl_dag' retrieved from /opt/airflow/dags/daily_revenue_etl_dag.py
[2026-04-13T07:11:17.792+0000] {logging_mixin.py:188} INFO - [2026-04-13T07:11:17.791+0000] {dag.py:3036} INFO - Sync 1 DAGs
[2026-04-13T07:11:17.823+0000] {logging_mixin.py:188} INFO - [2026-04-13T07:11:17.823+0000] {dag.py:3823} INFO - Setting next_dagrun for daily_revenue_etl_dag to 2026-04-13 00:00:00+00:00, run_after=2026-04-14 00:00:00+00:00
[2026-04-13T07:11:17.857+0000] {processor.py:183} INFO - Processing /opt/airflow/dags/daily_revenue_etl_dag.py took 0.155 seconds
[2026-04-13T07:35:18.171+0000] {processor.py:161} INFO - Started process (PID=2556) to work on /opt/airflow/dags/daily_revenue_etl_dag.py
[2026-04-13T07:35:18.173+0000] {processor.py:830} INFO - Processing file /opt/airflow/dags/daily_revenue_etl_dag.py for tasks to queue
[2026-04-13T07:35:18.174+0000] {logging_mixin.py:188} INFO - [2026-04-13T07:35:18.174+0000] {dagbag.py:538} INFO - Filling up the DagBag from /opt/airflow/dags/daily_revenue_etl_dag.py
[2026-04-13T07:35:18.196+0000] {processor.py:840} INFO - DAG(s) 'daily_revenue_etl_dag' retrieved from /opt/airflow/dags/daily_revenue_etl_dag.py
[2026-04-13T07:35:18.242+0000] {logging_mixin.py:188} INFO - [2026-04-13T07:35:18.242+0000] {dag.py:3036} INFO - Sync 1 DAGs
[2026-04-13T07:35:18.273+0000] {logging_mixin.py:188} INFO - [2026-04-13T07:35:18.273+0000] {dag.py:3823} INFO - Setting next_dagrun for daily_revenue_etl_dag to 2026-04-13 00:00:00+00:00, run_after=2026-04-14 00:00:00+00:00
[2026-04-13T07:35:18.295+0000] {processor.py:183} INFO - Processing /opt/airflow/dags/daily_revenue_etl_dag.py took 0.127 seconds
[2026-04-13T07:36:14.837+0000] {processor.py:161} INFO - Started process (PID=2562) to work on /opt/airflow/dags/daily_revenue_etl_dag.py
[2026-04-13T07:36:14.840+0000] {processor.py:830} INFO - Processing file /opt/airflow/dags/daily_revenue_etl_dag.py for tasks to queue
[2026-04-13T07:36:14.844+0000] {logging_mixin.py:188} INFO - [2026-04-13T07:36:14.842+0000] {dagbag.py:538} INFO - Filling up the DagBag from /opt/airflow/dags/daily_revenue_etl_dag.py
[2026-04-13T07:36:14.901+0000] {processor.py:840} INFO - DAG(s) 'daily_revenue_etl_dag' retrieved from /opt/airflow/dags/daily_revenue_etl_dag.py
[2026-04-13T07:12:17.758+0000] {logging_mixin.py:188} INFO - [2026-04-13T07:12:17.757+0000] {dag.py:3036} INFO - Sync 1 DAGs
[2026-04-13T07:12:17.792+0000] {logging_mixin.py:188} INFO - [2026-04-13T07:12:17.792+0000] {dag.py:3823} INFO - Setting next_dagrun for daily_revenue_etl_dag to 2026-04-13 00:00:00+00:00, run_after=2026-04-14 00:00:00+00:00
[2026-04-13T07:12:17.825+0000] {processor.py:183} INFO - Processing /opt/airflow/dags/daily_revenue_etl_dag.py took 0.187 seconds
[2026-04-13T07:36:38.211+0000] {processor.py:161} INFO - Started process (PID=2567) to work on /opt/airflow/dags/daily_revenue_etl_dag.py
[2026-04-13T07:36:38.215+0000] {processor.py:830} INFO - Processing file /opt/airflow/dags/daily_revenue_etl_dag.py for tasks to queue
[2026-04-13T07:36:38.217+0000] {logging_mixin.py:188} INFO - [2026-04-13T07:36:38.217+0000] {dagbag.py:538} INFO - Filling up the DagBag from /opt/airflow/dags/daily_revenue_etl_dag.py
[2026-04-13T07:36:38.285+0000] {processor.py:840} INFO - DAG(s) 'daily_revenue_etl_dag' retrieved from /opt/airflow/dags/daily_revenue_etl_dag.py
[2026-04-13T07:12:41.206+0000] {logging_mixin.py:188} INFO - [2026-04-13T07:12:41.205+0000] {dag.py:3036} INFO - Sync 1 DAGs
[2026-04-13T07:12:41.274+0000] {logging_mixin.py:188} INFO - [2026-04-13T07:12:41.273+0000] {dag.py:3823} INFO - Setting next_dagrun for daily_revenue_etl_dag to 2026-04-13 00:00:00+00:00, run_after=2026-04-14 00:00:00+00:00
[2026-04-13T07:12:41.331+0000] {processor.py:183} INFO - Processing /opt/airflow/dags/daily_revenue_etl_dag.py took 0.323 seconds
[2026-04-13T07:36:43.288+0000] {processor.py:161} INFO - Started process (PID=2572) to work on /opt/airflow/dags/daily_revenue_etl_dag.py
[2026-04-13T07:36:43.293+0000] {processor.py:830} INFO - Processing file /opt/airflow/dags/daily_revenue_etl_dag.py for tasks to queue
[2026-04-13T07:36:43.298+0000] {logging_mixin.py:188} INFO - [2026-04-13T07:36:43.296+0000] {dagbag.py:538} INFO - Filling up the DagBag from /opt/airflow/dags/daily_revenue_etl_dag.py
[2026-04-13T07:36:43.354+0000] {processor.py:840} INFO - DAG(s) 'daily_revenue_etl_dag' retrieved from /opt/airflow/dags/daily_revenue_etl_dag.py
[2026-04-13T07:12:46.251+0000] {logging_mixin.py:188} INFO - [2026-04-13T07:12:46.251+0000] {dag.py:3036} INFO - Sync 1 DAGs
[2026-04-13T07:12:46.290+0000] {logging_mixin.py:188} INFO - [2026-04-13T07:12:46.289+0000] {dag.py:3823} INFO - Setting next_dagrun for daily_revenue_etl_dag to 2026-04-13 00:00:00+00:00, run_after=2026-04-14 00:00:00+00:00
[2026-04-13T07:12:46.325+0000] {processor.py:183} INFO - Processing /opt/airflow/dags/daily_revenue_etl_dag.py took 0.231 seconds
[2026-04-13T07:36:48.323+0000] {processor.py:161} INFO - Started process (PID=2577) to work on /opt/airflow/dags/daily_revenue_etl_dag.py
[2026-04-13T07:36:48.326+0000] {processor.py:830} INFO - Processing file /opt/airflow/dags/daily_revenue_etl_dag.py for tasks to queue
[2026-04-13T07:36:48.328+0000] {logging_mixin.py:188} INFO - [2026-04-13T07:36:48.328+0000] {dagbag.py:538} INFO - Filling up the DagBag from /opt/airflow/dags/daily_revenue_etl_dag.py
[2026-04-13T07:36:48.367+0000] {processor.py:840} INFO - DAG(s) 'daily_revenue_etl_dag' retrieved from /opt/airflow/dags/daily_revenue_etl_dag.py
[2026-04-13T07:12:51.244+0000] {logging_mixin.py:188} INFO - [2026-04-13T07:12:51.243+0000] {dag.py:3036} INFO - Sync 1 DAGs
[2026-04-13T07:12:51.294+0000] {logging_mixin.py:188} INFO - [2026-04-13T07:12:51.293+0000] {dag.py:3823} INFO - Setting next_dagrun for daily_revenue_etl_dag to 2026-04-13 00:00:00+00:00, run_after=2026-04-14 00:00:00+00:00
[2026-04-13T07:12:51.326+0000] {processor.py:183} INFO - Processing /opt/airflow/dags/daily_revenue_etl_dag.py took 0.201 seconds
[2026-04-13T07:36:53.358+0000] {processor.py:161} INFO - Started process (PID=2582) to work on /opt/airflow/dags/daily_revenue_etl_dag.py
[2026-04-13T07:36:53.361+0000] {processor.py:830} INFO - Processing file /opt/airflow/dags/daily_revenue_etl_dag.py for tasks to queue
[2026-04-13T07:36:53.362+0000] {logging_mixin.py:188} INFO - [2026-04-13T07:36:53.362+0000] {dagbag.py:538} INFO - Filling up the DagBag from /opt/airflow/dags/daily_revenue_etl_dag.py
[2026-04-13T07:36:53.385+0000] {processor.py:840} INFO - DAG(s) 'daily_revenue_etl_dag' retrieved from /opt/airflow/dags/daily_revenue_etl_dag.py
[2026-04-13T07:12:56.237+0000] {logging_mixin.py:188} INFO - [2026-04-13T07:12:56.237+0000] {dag.py:3036} INFO - Sync 1 DAGs
[2026-04-13T07:12:56.282+0000] {logging_mixin.py:188} INFO - [2026-04-13T07:12:56.282+0000] {dag.py:3823} INFO - Setting next_dagrun for daily_revenue_etl_dag to 2026-04-13 00:00:00+00:00, run_after=2026-04-14 00:00:00+00:00
[2026-04-13T07:12:56.317+0000] {processor.py:183} INFO - Processing /opt/airflow/dags/daily_revenue_etl_dag.py took 0.159 seconds
[2026-04-13T07:13:01.233+0000] {processor.py:161} INFO - Started process (PID=2587) to work on /opt/airflow/dags/daily_revenue_etl_dag.py
[2026-04-13T07:13:01.235+0000] {processor.py:830} INFO - Processing file /opt/airflow/dags/daily_revenue_etl_dag.py for tasks to queue
[2026-04-13T07:13:01.237+0000] {logging_mixin.py:188} INFO - [2026-04-13T07:13:01.236+0000] {dagbag.py:538} INFO - Filling up the DagBag from /opt/airflow/dags/daily_revenue_etl_dag.py
[2026-04-13T07:13:01.285+0000] {processor.py:840} INFO - DAG(s) 'daily_revenue_etl_dag' retrieved from /opt/airflow/dags/daily_revenue_etl_dag.py
[2026-04-13T07:13:01.362+0000] {logging_mixin.py:188} INFO - [2026-04-13T07:13:01.362+0000] {dag.py:3036} INFO - Sync 1 DAGs
[2026-04-13T07:13:01.430+0000] {logging_mixin.py:188} INFO - [2026-04-13T07:13:01.429+0000] {dag.py:3823} INFO - Setting next_dagrun for daily_revenue_etl_dag to 2026-04-13 00:00:00+00:00, run_after=2026-04-14 00:00:00+00:00
[2026-04-13T07:13:01.466+0000] {processor.py:183} INFO - Processing /opt/airflow/dags/daily_revenue_etl_dag.py took 0.240 seconds
[2026-04-13T07:37:14.824+0000] {processor.py:161} INFO - Started process (PID=2592) to work on /opt/airflow/dags/daily_revenue_etl_dag.py
[2026-04-13T07:37:14.826+0000] {processor.py:830} INFO - Processing file /opt/airflow/dags/daily_revenue_etl_dag.py for tasks to queue
[2026-04-13T07:37:14.827+0000] {logging_mixin.py:188} INFO - [2026-04-13T07:37:14.827+0000] {dagbag.py:538} INFO - Filling up the DagBag from /opt/airflow/dags/daily_revenue_etl_dag.py
[2026-04-13T07:37:14.869+0000] {processor.py:840} INFO - DAG(s) 'daily_revenue_etl_dag' retrieved from /opt/airflow/dags/daily_revenue_etl_dag.py
[2026-04-13T07:37:14.918+0000] {logging_mixin.py:188} INFO - [2026-04-13T07:37:14.917+0000] {dag.py:3036} INFO - Sync 1 DAGs
[2026-04-13T07:13:17.776+0000] {logging_mixin.py:188} INFO - [2026-04-13T07:13:17.776+0000] {dag.py:3823} INFO - Setting next_dagrun for daily_revenue_etl_dag to 2026-04-13 00:00:00+00:00, run_after=2026-04-14 00:00:00+00:00
[2026-04-13T07:13:17.812+0000] {processor.py:183} INFO - Processing /opt/airflow/dags/daily_revenue_etl_dag.py took 0.178 seconds
[2026-04-13T07:13:48.022+0000] {processor.py:161} INFO - Started process (PID=2598) to work on /opt/airflow/dags/daily_revenue_etl_dag.py
[2026-04-13T07:13:48.024+0000] {processor.py:830} INFO - Processing file /opt/airflow/dags/daily_revenue_etl_dag.py for tasks to queue
[2026-04-13T07:13:48.025+0000] {logging_mixin.py:188} INFO - [2026-04-13T07:13:48.025+0000] {dagbag.py:538} INFO - Filling up the DagBag from /opt/airflow/dags/daily_revenue_etl_dag.py
[2026-04-13T07:13:48.045+0000] {processor.py:840} INFO - DAG(s) 'daily_revenue_etl_dag' retrieved from /opt/airflow/dags/daily_revenue_etl_dag.py
[2026-04-13T07:13:48.068+0000] {logging_mixin.py:188} INFO - [2026-04-13T07:13:48.068+0000] {dag.py:3036} INFO - Sync 1 DAGs
[2026-04-13T07:13:48.085+0000] {logging_mixin.py:188} INFO - [2026-04-13T07:13:48.085+0000] {dag.py:3823} INFO - Setting next_dagrun for daily_revenue_etl_dag to 2026-04-13 00:00:00+00:00, run_after=2026-04-14 00:00:00+00:00
[2026-04-13T07:13:48.100+0000] {processor.py:183} INFO - Processing /opt/airflow/dags/daily_revenue_etl_dag.py took 0.082 seconds
[2026-04-13T07:37:48.377+0000] {processor.py:161} INFO - Started process (PID=2603) to work on /opt/airflow/dags/daily_revenue_etl_dag.py
[2026-04-13T07:37:48.380+0000] {processor.py:830} INFO - Processing file /opt/airflow/dags/daily_revenue_etl_dag.py for tasks to queue
[2026-04-13T07:37:48.382+0000] {logging_mixin.py:188} INFO - [2026-04-13T07:37:48.382+0000] {dagbag.py:538} INFO - Filling up the DagBag from /opt/airflow/dags/daily_revenue_etl_dag.py
[2026-04-13T07:37:48.423+0000] {processor.py:840} INFO - DAG(s) 'daily_revenue_etl_dag' retrieved from /opt/airflow/dags/daily_revenue_etl_dag.py
[2026-04-13T07:37:48.488+0000] {logging_mixin.py:188} INFO - [2026-04-13T07:37:48.488+0000] {dag.py:3036} INFO - Sync 1 DAGs
[2026-04-13T07:37:48.518+0000] {logging_mixin.py:188} INFO - [2026-04-13T07:37:48.517+0000] {dag.py:3823} INFO - Setting next_dagrun for daily_revenue_etl_dag to 2026-04-13 00:00:00+00:00, run_after=2026-04-14 00:00:00+00:00
[2026-04-13T07:13:51.349+0000] {processor.py:183} INFO - Processing /opt/airflow/dags/daily_revenue_etl_dag.py took 0.179 seconds
[2026-04-13T07:37:53.394+0000] {processor.py:161} INFO - Started process (PID=2608) to work on /opt/airflow/dags/daily_revenue_etl_dag.py
[2026-04-13T07:37:53.395+0000] {processor.py:830} INFO - Processing file /opt/airflow/dags/daily_revenue_etl_dag.py for tasks to queue
[2026-04-13T07:37:53.396+0000] {logging_mixin.py:188} INFO - [2026-04-13T07:37:53.395+0000] {dagbag.py:538} INFO - Filling up the DagBag from /opt/airflow/dags/daily_revenue_etl_dag.py
[2026-04-13T07:37:53.414+0000] {processor.py:840} INFO - DAG(s) 'daily_revenue_etl_dag' retrieved from /opt/airflow/dags/daily_revenue_etl_dag.py
[2026-04-13T07:37:53.442+0000] {logging_mixin.py:188} INFO - [2026-04-13T07:37:53.442+0000] {dag.py:3036} INFO - Sync 1 DAGs
[2026-04-13T07:37:53.464+0000] {logging_mixin.py:188} INFO - [2026-04-13T07:37:53.463+0000] {dag.py:3823} INFO - Setting next_dagrun for daily_revenue_etl_dag to 2026-04-13 00:00:00+00:00, run_after=2026-04-14 00:00:00+00:00
[2026-04-13T07:37:53.484+0000] {processor.py:183} INFO - Processing /opt/airflow/dags/daily_revenue_etl_dag.py took 0.095 seconds
[2026-04-13T07:14:26.432+0000] {processor.py:161} INFO - Started process (PID=2614) to work on /opt/airflow/dags/daily_revenue_etl_dag.py
[2026-04-13T07:14:26.433+0000] {processor.py:830} INFO - Processing file /opt/airflow/dags/daily_revenue_etl_dag.py for tasks to queue
[2026-04-13T07:14:26.435+0000] {logging_mixin.py:188} INFO - [2026-04-13T07:14:26.434+0000] {dagbag.py:538} INFO - Filling up the DagBag from /opt/airflow/dags/daily_revenue_etl_dag.py
[2026-04-13T07:14:26.461+0000] {processor.py:840} INFO - DAG(s) 'daily_revenue_etl_dag' retrieved from /opt/airflow/dags/daily_revenue_etl_dag.py
[2026-04-13T07:14:26.497+0000] {logging_mixin.py:188} INFO - [2026-04-13T07:14:26.496+0000] {dag.py:3036} INFO - Sync 1 DAGs
[2026-04-13T07:14:26.527+0000] {logging_mixin.py:188} INFO - [2026-04-13T07:14:26.527+0000] {dag.py:3823} INFO - Setting next_dagrun for daily_revenue_etl_dag to 2026-04-13 00:00:00+00:00, run_after=2026-04-14 00:00:00+00:00
[2026-04-13T07:14:26.554+0000] {processor.py:183} INFO - Processing /opt/airflow/dags/daily_revenue_etl_dag.py took 0.128 seconds
[2026-04-13T07:38:44.893+0000] {processor.py:161} INFO - Started process (PID=2619) to work on /opt/airflow/dags/daily_revenue_etl_dag.py
[2026-04-13T07:38:44.895+0000] {processor.py:830} INFO - Processing file /opt/airflow/dags/daily_revenue_etl_dag.py for tasks to queue
[2026-04-13T07:38:44.897+0000] {logging_mixin.py:188} INFO - [2026-04-13T07:38:44.896+0000] {dagbag.py:538} INFO - Filling up the DagBag from /opt/airflow/dags/daily_revenue_etl_dag.py
[2026-04-13T07:14:47.754+0000] {processor.py:840} INFO - DAG(s) 'daily_revenue_etl_dag' retrieved from /opt/airflow/dags/daily_revenue_etl_dag.py
[2026-04-13T07:14:47.802+0000] {logging_mixin.py:188} INFO - [2026-04-13T07:14:47.802+0000] {dag.py:3036} INFO - Sync 1 DAGs
[2026-04-13T07:14:47.835+0000] {logging_mixin.py:188} INFO - [2026-04-13T07:14:47.834+0000] {dag.py:3823} INFO - Setting next_dagrun for daily_revenue_etl_dag to 2026-04-13 00:00:00+00:00, run_after=2026-04-14 00:00:00+00:00
[2026-04-13T07:14:47.861+0000] {processor.py:183} INFO - Processing /opt/airflow/dags/daily_revenue_etl_dag.py took 0.154 seconds
[2026-04-13T07:15:17.993+0000] {processor.py:161} INFO - Started process (PID=2625) to work on /opt/airflow/dags/daily_revenue_etl_dag.py
[2026-04-13T07:15:17.995+0000] {processor.py:830} INFO - Processing file /opt/airflow/dags/daily_revenue_etl_dag.py for tasks to queue
[2026-04-13T07:15:17.997+0000] {logging_mixin.py:188} INFO - [2026-04-13T07:15:17.996+0000] {dagbag.py:538} INFO - Filling up the DagBag from /opt/airflow/dags/daily_revenue_etl_dag.py
[2026-04-13T07:15:18.027+0000] {processor.py:840} INFO - DAG(s) 'daily_revenue_etl_dag' retrieved from /opt/airflow/dags/daily_revenue_etl_dag.py
[2026-04-13T07:15:18.073+0000] {logging_mixin.py:188} INFO - [2026-04-13T07:15:18.072+0000] {dag.py:3036} INFO - Sync 1 DAGs
[2026-04-13T07:15:18.109+0000] {logging_mixin.py:188} INFO - [2026-04-13T07:15:18.109+0000] {dag.py:3823} INFO - Setting next_dagrun for daily_revenue_etl_dag to 2026-04-13 00:00:00+00:00, run_after=2026-04-14 00:00:00+00:00
[2026-04-13T07:15:18.139+0000] {processor.py:183} INFO - Processing /opt/airflow/dags/daily_revenue_etl_dag.py took 0.152 seconds
[2026-04-13T07:39:33.529+0000] {processor.py:161} INFO - Started process (PID=2630) to work on /opt/airflow/dags/daily_revenue_etl_dag.py
[2026-04-13T07:39:33.533+0000] {processor.py:830} INFO - Processing file /opt/airflow/dags/daily_revenue_etl_dag.py for tasks to queue
[2026-04-13T07:39:33.535+0000] {logging_mixin.py:188} INFO - [2026-04-13T07:39:33.534+0000] {dagbag.py:538} INFO - Filling up the DagBag from /opt/airflow/dags/daily_revenue_etl_dag.py
[2026-04-13T07:39:33.571+0000] {processor.py:840} INFO - DAG(s) 'daily_revenue_etl_dag' retrieved from /opt/airflow/dags/daily_revenue_etl_dag.py
[2026-04-13T07:39:33.611+0000] {logging_mixin.py:188} INFO - [2026-04-13T07:39:33.611+0000] {dag.py:3036} INFO - Sync 1 DAGs
[2026-04-13T07:39:33.650+0000] {logging_mixin.py:188} INFO - [2026-04-13T07:39:33.650+0000] {dag.py:3823} INFO - Setting next_dagrun for daily_revenue_etl_dag to 2026-04-13 00:00:00+00:00, run_after=2026-04-14 00:00:00+00:00
[2026-04-13T07:39:33.675+0000] {processor.py:183} INFO - Processing /opt/airflow/dags/daily_revenue_etl_dag.py took 0.152 seconds
[2026-04-13T07:39:38.567+0000] {processor.py:161} INFO - Started process (PID=2635) to work on /opt/airflow/dags/daily_revenue_etl_dag.py
[2026-04-13T07:39:38.569+0000] {processor.py:830} INFO - Processing file /opt/airflow/dags/daily_revenue_etl_dag.py for tasks to queue
[2026-04-13T07:39:38.570+0000] {logging_mixin.py:188} INFO - [2026-04-13T07:39:38.570+0000] {dagbag.py:538} INFO - Filling up the DagBag from /opt/airflow/dags/daily_revenue_etl_dag.py
[2026-04-13T07:39:38.594+0000] {processor.py:840} INFO - DAG(s) 'daily_revenue_etl_dag' retrieved from /opt/airflow/dags/daily_revenue_etl_dag.py
[2026-04-13T07:39:38.624+0000] {logging_mixin.py:188} INFO - [2026-04-13T07:39:38.624+0000] {dag.py:3036} INFO - Sync 1 DAGs
[2026-04-13T07:39:38.654+0000] {logging_mixin.py:188} INFO - [2026-04-13T07:39:38.653+0000] {dag.py:3823} INFO - Setting next_dagrun for daily_revenue_etl_dag to 2026-04-13 00:00:00+00:00, run_after=2026-04-14 00:00:00+00:00
[2026-04-13T07:39:38.676+0000] {processor.py:183} INFO - Processing /opt/airflow/dags/daily_revenue_etl_dag.py took 0.114 seconds
[2026-04-13T07:39:43.647+0000] {processor.py:161} INFO - Started process (PID=2640) to work on /opt/airflow/dags/daily_revenue_etl_dag.py
[2026-04-13T07:39:43.650+0000] {processor.py:830} INFO - Processing file /opt/airflow/dags/daily_revenue_etl_dag.py for tasks to queue
[2026-04-13T07:39:43.652+0000] {logging_mixin.py:188} INFO - [2026-04-13T07:39:43.651+0000] {dagbag.py:538} INFO - Filling up the DagBag from /opt/airflow/dags/daily_revenue_etl_dag.py
[2026-04-13T07:15:46.519+0000] {processor.py:840} INFO - DAG(s) 'daily_revenue_etl_dag' retrieved from /opt/airflow/dags/daily_revenue_etl_dag.py
[2026-04-13T07:15:46.588+0000] {logging_mixin.py:188} INFO - [2026-04-13T07:15:46.588+0000] {dag.py:3036} INFO - Sync 1 DAGs
[2026-04-13T07:15:46.641+0000] {logging_mixin.py:188} INFO - [2026-04-13T07:15:46.640+0000] {dag.py:3823} INFO - Setting next_dagrun for daily_revenue_etl_dag to 2026-04-13 00:00:00+00:00, run_after=2026-04-14 00:00:00+00:00
[2026-04-13T07:15:46.691+0000] {processor.py:183} INFO - Processing /opt/airflow/dags/daily_revenue_etl_dag.py took 0.242 seconds
[2026-04-13T07:39:44.786+0000] {processor.py:161} INFO - Started process (PID=2645) to work on /opt/airflow/dags/daily_revenue_etl_dag.py
[2026-04-13T07:39:44.788+0000] {processor.py:830} INFO - Processing file /opt/airflow/dags/daily_revenue_etl_dag.py for tasks to queue
[2026-04-13T07:39:44.789+0000] {logging_mixin.py:188} INFO - [2026-04-13T07:39:44.789+0000] {dagbag.py:538} INFO - Filling up the DagBag from /opt/airflow/dags/daily_revenue_etl_dag.py
[2026-04-13T07:39:44.817+0000] {processor.py:840} INFO - DAG(s) 'daily_revenue_etl_dag' retrieved from /opt/airflow/dags/daily_revenue_etl_dag.py
[2026-04-13T07:39:44.855+0000] {logging_mixin.py:188} INFO - [2026-04-13T07:39:44.855+0000] {dag.py:3036} INFO - Sync 1 DAGs
[2026-04-13T07:39:44.885+0000] {logging_mixin.py:188} INFO - [2026-04-13T07:39:44.885+0000] {dag.py:3823} INFO - Setting next_dagrun for daily_revenue_etl_dag to 2026-04-13 00:00:00+00:00, run_after=2026-04-14 00:00:00+00:00
[2026-04-13T07:39:44.907+0000] {processor.py:183} INFO - Processing /opt/airflow/dags/daily_revenue_etl_dag.py took 0.127 seconds
[2026-04-13T07:41:38.704+0000] {processor.py:161} INFO - Started process (PID=2650) to work on /opt/airflow/dags/daily_revenue_etl_dag.py
[2026-04-13T07:41:38.706+0000] {processor.py:830} INFO - Processing file /opt/airflow/dags/daily_revenue_etl_dag.py for tasks to queue
[2026-04-13T07:41:38.708+0000] {logging_mixin.py:188} INFO - [2026-04-13T07:41:38.707+0000] {dagbag.py:538} INFO - Filling up the DagBag from /opt/airflow/dags/daily_revenue_etl_dag.py
[2026-04-13T07:41:38.732+0000] {processor.py:840} INFO - DAG(s) 'daily_revenue_etl_dag' retrieved from /opt/airflow/dags/daily_revenue_etl_dag.py
[2026-04-13T07:41:38.769+0000] {logging_mixin.py:188} INFO - [2026-04-13T07:41:38.768+0000] {dag.py:3036} INFO - Sync 1 DAGs
[2026-04-13T07:41:38.796+0000] {logging_mixin.py:188} INFO - [2026-04-13T07:41:38.795+0000] {dag.py:3823} INFO - Setting next_dagrun for daily_revenue_etl_dag to 2026-04-13 00:00:00+00:00, run_after=2026-04-14 00:00:00+00:00
[2026-04-13T07:41:38.826+0000] {processor.py:183} INFO - Processing /opt/airflow/dags/daily_revenue_etl_dag.py took 0.125 seconds
[2026-04-13T07:42:08.945+0000] {processor.py:161} INFO - Started process (PID=2655) to work on /opt/airflow/dags/daily_revenue_etl_dag.py
[2026-04-13T07:42:08.946+0000] {processor.py:830} INFO - Processing file /opt/airflow/dags/daily_revenue_etl_dag.py for tasks to queue
[2026-04-13T07:42:08.948+0000] {logging_mixin.py:188} INFO - [2026-04-13T07:42:08.947+0000] {dagbag.py:538} INFO - Filling up the DagBag from /opt/airflow/dags/daily_revenue_etl_dag.py
[2026-04-13T07:18:11.786+0000] {processor.py:840} INFO - DAG(s) 'daily_revenue_etl_dag' retrieved from /opt/airflow/dags/daily_revenue_etl_dag.py
[2026-04-13T07:18:11.824+0000] {logging_mixin.py:188} INFO - [2026-04-13T07:18:11.823+0000] {dag.py:3036} INFO - Sync 1 DAGs
[2026-04-13T07:18:11.851+0000] {logging_mixin.py:188} INFO - [2026-04-13T07:18:11.850+0000] {dag.py:3823} INFO - Setting next_dagrun for daily_revenue_etl_dag to 2026-04-13 00:00:00+00:00, run_after=2026-04-14 00:00:00+00:00
[2026-04-13T07:18:11.887+0000] {processor.py:183} INFO - Processing /opt/airflow/dags/daily_revenue_etl_dag.py took 0.137 seconds
[2026-04-13T07:18:42.160+0000] {processor.py:161} INFO - Started process (PID=2660) to work on /opt/airflow/dags/daily_revenue_etl_dag.py
[2026-04-13T07:18:42.162+0000] {processor.py:830} INFO - Processing file /opt/airflow/dags/daily_revenue_etl_dag.py for tasks to queue
[2026-04-13T07:18:42.164+0000] {logging_mixin.py:188} INFO - [2026-04-13T07:18:42.163+0000] {dagbag.py:538} INFO - Filling up the DagBag from /opt/airflow/dags/daily_revenue_etl_dag.py
[2026-04-13T07:18:42.202+0000] {processor.py:840} INFO - DAG(s) 'daily_revenue_etl_dag' retrieved from /opt/airflow/dags/daily_revenue_etl_dag.py
[2026-04-13T07:18:42.249+0000] {logging_mixin.py:188} INFO - [2026-04-13T07:18:42.249+0000] {dag.py:3036} INFO - Sync 1 DAGs
[2026-04-13T07:18:42.292+0000] {logging_mixin.py:188} INFO - [2026-04-13T07:18:42.291+0000] {dag.py:3823} INFO - Setting next_dagrun for daily_revenue_etl_dag to 2026-04-13 00:00:00+00:00, run_after=2026-04-14 00:00:00+00:00
[2026-04-13T07:18:42.324+0000] {processor.py:183} INFO - Processing /opt/airflow/dags/daily_revenue_etl_dag.py took 0.172 seconds
[2026-04-13T07:19:12.558+0000] {processor.py:161} INFO - Started process (PID=2665) to work on /opt/airflow/dags/daily_revenue_etl_dag.py
[2026-04-13T07:19:12.561+0000] {processor.py:830} INFO - Processing file /opt/airflow/dags/daily_revenue_etl_dag.py for tasks to queue
[2026-04-13T07:19:12.563+0000] {logging_mixin.py:188} INFO - [2026-04-13T07:19:12.562+0000] {dagbag.py:538} INFO - Filling up the DagBag from /opt/airflow/dags/daily_revenue_etl_dag.py
[2026-04-13T07:19:12.597+0000] {processor.py:840} INFO - DAG(s) 'daily_revenue_etl_dag' retrieved from /opt/airflow/dags/daily_revenue_etl_dag.py
[2026-04-13T07:19:12.638+0000] {logging_mixin.py:188} INFO - [2026-04-13T07:19:12.637+0000] {dag.py:3036} INFO - Sync 1 DAGs
[2026-04-13T07:19:12.665+0000] {logging_mixin.py:188} INFO - [2026-04-13T07:19:12.665+0000] {dag.py:3823} INFO - Setting next_dagrun for daily_revenue_etl_dag to 2026-04-13 00:00:00+00:00, run_after=2026-04-14 00:00:00+00:00
[2026-04-13T07:19:12.688+0000] {processor.py:183} INFO - Processing /opt/airflow/dags/daily_revenue_etl_dag.py took 0.139 seconds
[2026-04-13T07:43:13.963+0000] {processor.py:161} INFO - Started process (PID=2670) to work on /opt/airflow/dags/daily_revenue_etl_dag.py
[2026-04-13T07:43:13.964+0000] {processor.py:830} INFO - Processing file /opt/airflow/dags/daily_revenue_etl_dag.py for tasks to queue
[2026-04-13T07:43:13.966+0000] {logging_mixin.py:188} INFO - [2026-04-13T07:43:13.965+0000] {dagbag.py:538} INFO - Filling up the DagBag from /opt/airflow/dags/daily_revenue_etl_dag.py
[2026-04-13T07:43:13.990+0000] {processor.py:840} INFO - DAG(s) 'daily_revenue_etl_dag' retrieved from /opt/airflow/dags/daily_revenue_etl_dag.py
[2026-04-13T07:43:14.028+0000] {logging_mixin.py:188} INFO - [2026-04-13T07:43:14.027+0000] {dag.py:3036} INFO - Sync 1 DAGs
[2026-04-13T07:43:14.061+0000] {logging_mixin.py:188} INFO - [2026-04-13T07:43:14.061+0000] {dag.py:3823} INFO - Setting next_dagrun for daily_revenue_etl_dag to 2026-04-13 00:00:00+00:00, run_after=2026-04-14 00:00:00+00:00
[2026-04-13T07:43:14.094+0000] {processor.py:183} INFO - Processing /opt/airflow/dags/daily_revenue_etl_dag.py took 0.135 seconds
[2026-04-13T07:45:14.829+0000] {processor.py:161} INFO - Started process (PID=2677) to work on /opt/airflow/dags/daily_revenue_etl_dag.py
[2026-04-13T07:45:14.830+0000] {processor.py:830} INFO - Processing file /opt/airflow/dags/daily_revenue_etl_dag.py for tasks to queue
[2026-04-13T07:45:14.831+0000] {logging_mixin.py:188} INFO - [2026-04-13T07:45:14.831+0000] {dagbag.py:538} INFO - Filling up the DagBag from /opt/airflow/dags/daily_revenue_etl_dag.py
[2026-04-13T07:45:14.847+0000] {processor.py:840} INFO - DAG(s) 'daily_revenue_etl_dag' retrieved from /opt/airflow/dags/daily_revenue_etl_dag.py
[2026-04-13T07:45:14.876+0000] {logging_mixin.py:188} INFO - [2026-04-13T07:45:14.875+0000] {dag.py:3036} INFO - Sync 1 DAGs
[2026-04-13T07:45:14.899+0000] {logging_mixin.py:188} INFO - [2026-04-13T07:45:14.899+0000] {dag.py:3823} INFO - Setting next_dagrun for daily_revenue_etl_dag to 2026-04-13 00:00:00+00:00, run_after=2026-04-14 00:00:00+00:00
[2026-04-13T07:45:14.919+0000] {processor.py:183} INFO - Processing /opt/airflow/dags/daily_revenue_etl_dag.py took 0.094 seconds
[2026-04-13T07:45:59.230+0000] {processor.py:161} INFO - Started process (PID=2682) to work on /opt/airflow/dags/daily_revenue_etl_dag.py
[2026-04-13T07:45:59.231+0000] {processor.py:830} INFO - Processing file /opt/airflow/dags/daily_revenue_etl_dag.py for tasks to queue
[2026-04-13T07:45:59.233+0000] {logging_mixin.py:188} INFO - [2026-04-13T07:45:59.232+0000] {dagbag.py:538} INFO - Filling up the DagBag from /opt/airflow/dags/daily_revenue_etl_dag.py
[2026-04-13T07:45:59.256+0000] {processor.py:840} INFO - DAG(s) 'daily_revenue_etl_dag' retrieved from /opt/airflow/dags/daily_revenue_etl_dag.py
[2026-04-13T07:45:59.298+0000] {logging_mixin.py:188} INFO - [2026-04-13T07:45:59.298+0000] {dag.py:3036} INFO - Sync 1 DAGs
[2026-04-13T07:45:59.335+0000] {logging_mixin.py:188} INFO - [2026-04-13T07:45:59.335+0000] {dag.py:3823} INFO - Setting next_dagrun for daily_revenue_etl_dag to 2026-04-13 00:00:00+00:00, run_after=2026-04-14 00:00:00+00:00
[2026-04-13T07:45:59.366+0000] {processor.py:183} INFO - Processing /opt/airflow/dags/daily_revenue_etl_dag.py took 0.142 seconds
[2026-04-13T07:46:29.422+0000] {processor.py:161} INFO - Started process (PID=2687) to work on /opt/airflow/dags/daily_revenue_etl_dag.py
[2026-04-13T07:46:29.423+0000] {processor.py:830} INFO - Processing file /opt/airflow/dags/daily_revenue_etl_dag.py for tasks to queue
[2026-04-13T07:46:29.425+0000] {logging_mixin.py:188} INFO - [2026-04-13T07:46:29.424+0000] {dagbag.py:538} INFO - Filling up the DagBag from /opt/airflow/dags/daily_revenue_etl_dag.py
[2026-04-13T07:46:29.449+0000] {processor.py:840} INFO - DAG(s) 'daily_revenue_etl_dag' retrieved from /opt/airflow/dags/daily_revenue_etl_dag.py
[2026-04-13T07:22:32.308+0000] {logging_mixin.py:188} INFO - [2026-04-13T07:22:32.307+0000] {dag.py:3036} INFO - Sync 1 DAGs
[2026-04-13T07:22:32.340+0000] {logging_mixin.py:188} INFO - [2026-04-13T07:22:32.340+0000] {dag.py:3823} INFO - Setting next_dagrun for daily_revenue_etl_dag to 2026-04-13 00:00:00+00:00, run_after=2026-04-14 00:00:00+00:00
[2026-04-13T07:22:32.365+0000] {processor.py:183} INFO - Processing /opt/airflow/dags/daily_revenue_etl_dag.py took 0.128 seconds
[2026-04-13T07:23:02.636+0000] {processor.py:161} INFO - Started process (PID=2692) to work on /opt/airflow/dags/daily_revenue_etl_dag.py
[2026-04-13T07:23:02.637+0000] {processor.py:830} INFO - Processing file /opt/airflow/dags/daily_revenue_etl_dag.py for tasks to queue
[2026-04-13T07:23:02.638+0000] {logging_mixin.py:188} INFO - [2026-04-13T07:23:02.638+0000] {dagbag.py:538} INFO - Filling up the DagBag from /opt/airflow/dags/daily_revenue_etl_dag.py
[2026-04-13T07:23:02.655+0000] {processor.py:840} INFO - DAG(s) 'daily_revenue_etl_dag' retrieved from /opt/airflow/dags/daily_revenue_etl_dag.py
[2026-04-13T07:23:02.675+0000] {logging_mixin.py:188} INFO - [2026-04-13T07:23:02.675+0000] {dag.py:3036} INFO - Sync 1 DAGs
[2026-04-13T07:23:02.692+0000] {logging_mixin.py:188} INFO - [2026-04-13T07:23:02.692+0000] {dag.py:3823} INFO - Setting next_dagrun for daily_revenue_etl_dag to 2026-04-13 00:00:00+00:00, run_after=2026-04-14 00:00:00+00:00
[2026-04-13T07:23:02.709+0000] {processor.py:183} INFO - Processing /opt/airflow/dags/daily_revenue_etl_dag.py took 0.076 seconds
[2026-04-13T07:47:14.927+0000] {processor.py:161} INFO - Started process (PID=2697) to work on /opt/airflow/dags/daily_revenue_etl_dag.py
[2026-04-13T07:47:14.928+0000] {processor.py:830} INFO - Processing file /opt/airflow/dags/daily_revenue_etl_dag.py for tasks to queue
[2026-04-13T07:47:14.929+0000] {logging_mixin.py:188} INFO - [2026-04-13T07:47:14.928+0000] {dagbag.py:538} INFO - Filling up the DagBag from /opt/airflow/dags/daily_revenue_etl_dag.py
[2026-04-13T07:47:14.945+0000] {processor.py:840} INFO - DAG(s) 'daily_revenue_etl_dag' retrieved from /opt/airflow/dags/daily_revenue_etl_dag.py
[2026-04-13T07:47:14.966+0000] {logging_mixin.py:188} INFO - [2026-04-13T07:47:14.966+0000] {dag.py:3036} INFO - Sync 1 DAGs
[2026-04-13T07:23:17.817+0000] {logging_mixin.py:188} INFO - [2026-04-13T07:23:17.817+0000] {dag.py:3823} INFO - Setting next_dagrun for daily_revenue_etl_dag to 2026-04-13 00:00:00+00:00, run_after=2026-04-14 00:00:00+00:00
[2026-04-13T07:23:17.851+0000] {processor.py:183} INFO - Processing /opt/airflow/dags/daily_revenue_etl_dag.py took 0.095 seconds
[2026-04-13T07:23:48.008+0000] {processor.py:161} INFO - Started process (PID=2703) to work on /opt/airflow/dags/daily_revenue_etl_dag.py
[2026-04-13T07:23:48.011+0000] {processor.py:830} INFO - Processing file /opt/airflow/dags/daily_revenue_etl_dag.py for tasks to queue
[2026-04-13T07:23:48.018+0000] {logging_mixin.py:188} INFO - [2026-04-13T07:23:48.017+0000] {dagbag.py:538} INFO - Filling up the DagBag from /opt/airflow/dags/daily_revenue_etl_dag.py
[2026-04-13T07:23:48.070+0000] {processor.py:840} INFO - DAG(s) 'daily_revenue_etl_dag' retrieved from /opt/airflow/dags/daily_revenue_etl_dag.py
[2026-04-13T07:23:48.111+0000] {logging_mixin.py:188} INFO - [2026-04-13T07:23:48.110+0000] {dag.py:3036} INFO - Sync 1 DAGs
[2026-04-13T07:23:48.139+0000] {logging_mixin.py:188} INFO - [2026-04-13T07:23:48.138+0000] {dag.py:3823} INFO - Setting next_dagrun for daily_revenue_etl_dag to 2026-04-13 00:00:00+00:00, run_after=2026-04-14 00:00:00+00:00
[2026-04-13T07:23:48.164+0000] {processor.py:183} INFO - Processing /opt/airflow/dags/daily_revenue_etl_dag.py took 0.165 seconds
[2026-04-13T07:48:04.514+0000] {processor.py:161} INFO - Started process (PID=2708) to work on /opt/airflow/dags/daily_revenue_etl_dag.py
[2026-04-13T07:48:04.516+0000] {processor.py:830} INFO - Processing file /opt/airflow/dags/daily_revenue_etl_dag.py for tasks to queue
[2026-04-13T07:48:04.517+0000] {logging_mixin.py:188} INFO - [2026-04-13T07:48:04.517+0000] {dagbag.py:538} INFO - Filling up the DagBag from /opt/airflow/dags/daily_revenue_etl_dag.py
[2026-04-13T07:48:04.547+0000] {processor.py:840} INFO - DAG(s) 'daily_revenue_etl_dag' retrieved from /opt/airflow/dags/daily_revenue_etl_dag.py
[2026-04-13T07:48:04.584+0000] {logging_mixin.py:188} INFO - [2026-04-13T07:48:04.583+0000] {dag.py:3036} INFO - Sync 1 DAGs
[2026-04-13T07:48:04.612+0000] {logging_mixin.py:188} INFO - [2026-04-13T07:48:04.611+0000] {dag.py:3823} INFO - Setting next_dagrun for daily_revenue_etl_dag to 2026-04-13 00:00:00+00:00, run_after=2026-04-14 00:00:00+00:00
[2026-04-13T07:48:04.640+0000] {processor.py:183} INFO - Processing /opt/airflow/dags/daily_revenue_etl_dag.py took 0.133 seconds
[2026-04-13T07:48:34.705+0000] {processor.py:161} INFO - Started process (PID=2713) to work on /opt/airflow/dags/daily_revenue_etl_dag.py
[2026-04-13T07:48:34.707+0000] {processor.py:830} INFO - Processing file /opt/airflow/dags/daily_revenue_etl_dag.py for tasks to queue
[2026-04-13T07:48:34.708+0000] {logging_mixin.py:188} INFO - [2026-04-13T07:48:34.707+0000] {dagbag.py:538} INFO - Filling up the DagBag from /opt/airflow/dags/daily_revenue_etl_dag.py
[2026-04-13T07:48:34.729+0000] {processor.py:840} INFO - DAG(s) 'daily_revenue_etl_dag' retrieved from /opt/airflow/dags/daily_revenue_etl_dag.py
[2026-04-13T07:24:37.587+0000] {logging_mixin.py:188} INFO - [2026-04-13T07:24:37.586+0000] {dag.py:3036} INFO - Sync 1 DAGs
[2026-04-13T07:24:37.626+0000] {logging_mixin.py:188} INFO - [2026-04-13T07:24:37.626+0000] {dag.py:3823} INFO - Setting next_dagrun for daily_revenue_etl_dag to 2026-04-13 00:00:00+00:00, run_after=2026-04-14 00:00:00+00:00
[2026-04-13T07:24:37.655+0000] {processor.py:183} INFO - Processing /opt/airflow/dags/daily_revenue_etl_dag.py took 0.134 seconds
[2026-04-13T07:24:42.579+0000] {processor.py:161} INFO - Started process (PID=2718) to work on /opt/airflow/dags/daily_revenue_etl_dag.py
[2026-04-13T07:24:42.581+0000] {processor.py:830} INFO - Processing file /opt/airflow/dags/daily_revenue_etl_dag.py for tasks to queue
[2026-04-13T07:24:42.582+0000] {logging_mixin.py:188} INFO - [2026-04-13T07:24:42.582+0000] {dagbag.py:538} INFO - Filling up the DagBag from /opt/airflow/dags/daily_revenue_etl_dag.py
[2026-04-13T07:24:42.615+0000] {processor.py:840} INFO - DAG(s) 'daily_revenue_etl_dag' retrieved from /opt/airflow/dags/daily_revenue_etl_dag.py
[2026-04-13T07:24:42.654+0000] {logging_mixin.py:188} INFO - [2026-04-13T07:24:42.653+0000] {dag.py:3036} INFO - Sync 1 DAGs
[2026-04-13T07:24:42.683+0000] {logging_mixin.py:188} INFO - [2026-04-13T07:24:42.683+0000] {dag.py:3823} INFO - Setting next_dagrun for daily_revenue_etl_dag to 2026-04-13 00:00:00+00:00, run_after=2026-04-14 00:00:00+00:00
[2026-04-13T07:24:42.710+0000] {processor.py:183} INFO - Processing /opt/airflow/dags/daily_revenue_etl_dag.py took 0.137 seconds
[2026-04-13T07:48:44.937+0000] {processor.py:161} INFO - Started process (PID=2724) to work on /opt/airflow/dags/daily_revenue_etl_dag.py
[2026-04-13T07:48:44.938+0000] {processor.py:830} INFO - Processing file /opt/airflow/dags/daily_revenue_etl_dag.py for tasks to queue
[2026-04-13T07:48:44.940+0000] {logging_mixin.py:188} INFO - [2026-04-13T07:48:44.939+0000] {dagbag.py:538} INFO - Filling up the DagBag from /opt/airflow/dags/daily_revenue_etl_dag.py
[2026-04-13T07:48:44.964+0000] {processor.py:840} INFO - DAG(s) 'daily_revenue_etl_dag' retrieved from /opt/airflow/dags/daily_revenue_etl_dag.py
[2026-04-13T07:48:44.997+0000] {logging_mixin.py:188} INFO - [2026-04-13T07:48:44.996+0000] {dag.py:3036} INFO - Sync 1 DAGs
[2026-04-13T07:24:47.849+0000] {logging_mixin.py:188} INFO - [2026-04-13T07:24:47.849+0000] {dag.py:3823} INFO - Setting next_dagrun for daily_revenue_etl_dag to 2026-04-13 00:00:00+00:00, run_after=2026-04-14 00:00:00+00:00
[2026-04-13T07:24:47.877+0000] {processor.py:183} INFO - Processing /opt/airflow/dags/daily_revenue_etl_dag.py took 0.123 seconds
[2026-04-13T07:25:17.929+0000] {processor.py:161} INFO - Started process (PID=2729) to work on /opt/airflow/dags/daily_revenue_etl_dag.py
[2026-04-13T07:25:17.931+0000] {processor.py:830} INFO - Processing file /opt/airflow/dags/daily_revenue_etl_dag.py for tasks to queue
[2026-04-13T07:25:17.932+0000] {logging_mixin.py:188} INFO - [2026-04-13T07:25:17.932+0000] {dagbag.py:538} INFO - Filling up the DagBag from /opt/airflow/dags/daily_revenue_etl_dag.py
[2026-04-13T07:25:17.954+0000] {processor.py:840} INFO - DAG(s) 'daily_revenue_etl_dag' retrieved from /opt/airflow/dags/daily_revenue_etl_dag.py
[2026-04-13T07:25:17.994+0000] {logging_mixin.py:188} INFO - [2026-04-13T07:25:17.993+0000] {dag.py:3036} INFO - Sync 1 DAGs
[2026-04-13T07:25:18.023+0000] {logging_mixin.py:188} INFO - [2026-04-13T07:25:18.023+0000] {dag.py:3823} INFO - Setting next_dagrun for daily_revenue_etl_dag to 2026-04-13 00:00:00+00:00, run_after=2026-04-14 00:00:00+00:00
[2026-04-13T07:25:18.046+0000] {processor.py:183} INFO - Processing /opt/airflow/dags/daily_revenue_etl_dag.py took 0.120 seconds
[2026-04-13T07:25:48.267+0000] {processor.py:161} INFO - Started process (PID=2735) to work on /opt/airflow/dags/daily_revenue_etl_dag.py
[2026-04-13T07:25:48.270+0000] {processor.py:830} INFO - Processing file /opt/airflow/dags/daily_revenue_etl_dag.py for tasks to queue
[2026-04-13T07:25:48.272+0000] {logging_mixin.py:188} INFO - [2026-04-13T07:25:48.272+0000] {dagbag.py:538} INFO - Filling up the DagBag from /opt/airflow/dags/daily_revenue_etl_dag.py
[2026-04-13T07:25:48.315+0000] {processor.py:840} INFO - DAG(s) 'daily_revenue_etl_dag' retrieved from /opt/airflow/dags/daily_revenue_etl_dag.py
[2026-04-13T07:25:48.358+0000] {logging_mixin.py:188} INFO - [2026-04-13T07:25:48.357+0000] {dag.py:3036} INFO - Sync 1 DAGs
[2026-04-13T07:25:48.386+0000] {logging_mixin.py:188} INFO - [2026-04-13T07:25:48.386+0000] {dag.py:3823} INFO - Setting next_dagrun for daily_revenue_etl_dag to 2026-04-13 00:00:00+00:00, run_after=2026-04-14 00:00:00+00:00
[2026-04-13T07:25:48.410+0000] {processor.py:183} INFO - Processing /opt/airflow/dags/daily_revenue_etl_dag.py took 0.148 seconds
[2026-04-13T07:50:04.749+0000] {processor.py:161} INFO - Started process (PID=2740) to work on /opt/airflow/dags/daily_revenue_etl_dag.py
[2026-04-13T07:50:04.751+0000] {processor.py:830} INFO - Processing file /opt/airflow/dags/daily_revenue_etl_dag.py for tasks to queue
[2026-04-13T07:50:04.752+0000] {logging_mixin.py:188} INFO - [2026-04-13T07:50:04.751+0000] {dagbag.py:538} INFO - Filling up the DagBag from /opt/airflow/dags/daily_revenue_etl_dag.py
[2026-04-13T07:50:04.777+0000] {processor.py:840} INFO - DAG(s) 'daily_revenue_etl_dag' retrieved from /opt/airflow/dags/daily_revenue_etl_dag.py
[2026-04-13T07:50:04.805+0000] {logging_mixin.py:188} INFO - [2026-04-13T07:50:04.805+0000] {dag.py:3036} INFO - Sync 1 DAGs
[2026-04-13T07:50:04.826+0000] {logging_mixin.py:188} INFO - [2026-04-13T07:50:04.826+0000] {dag.py:3823} INFO - Setting next_dagrun for daily_revenue_etl_dag to 2026-04-13 00:00:00+00:00, run_after=2026-04-14 00:00:00+00:00
[2026-04-13T07:50:04.842+0000] {processor.py:183} INFO - Processing /opt/airflow/dags/daily_revenue_etl_dag.py took 0.098 seconds
[2026-04-13T07:26:37.780+0000] {processor.py:161} INFO - Started process (PID=2745) to work on /opt/airflow/dags/daily_revenue_etl_dag.py
[2026-04-13T07:26:37.782+0000] {processor.py:830} INFO - Processing file /opt/airflow/dags/daily_revenue_etl_dag.py for tasks to queue
[2026-04-13T07:26:37.783+0000] {logging_mixin.py:188} INFO - [2026-04-13T07:26:37.783+0000] {dagbag.py:538} INFO - Filling up the DagBag from /opt/airflow/dags/daily_revenue_etl_dag.py
[2026-04-13T07:26:37.811+0000] {processor.py:840} INFO - DAG(s) 'daily_revenue_etl_dag' retrieved from /opt/airflow/dags/daily_revenue_etl_dag.py
[2026-04-13T07:26:37.846+0000] {logging_mixin.py:188} INFO - [2026-04-13T07:26:37.846+0000] {dag.py:3036} INFO - Sync 1 DAGs
[2026-04-13T07:26:37.874+0000] {logging_mixin.py:188} INFO - [2026-04-13T07:26:37.874+0000] {dag.py:3823} INFO - Setting next_dagrun for daily_revenue_etl_dag to 2026-04-13 00:00:00+00:00, run_after=2026-04-14 00:00:00+00:00
[2026-04-13T07:26:37.899+0000] {processor.py:183} INFO - Processing /opt/airflow/dags/daily_revenue_etl_dag.py took 0.124 seconds
[2026-04-13T07:27:08.125+0000] {processor.py:161} INFO - Started process (PID=2750) to work on /opt/airflow/dags/daily_revenue_etl_dag.py
[2026-04-13T07:27:08.128+0000] {processor.py:830} INFO - Processing file /opt/airflow/dags/daily_revenue_etl_dag.py for tasks to queue
[2026-04-13T07:27:08.130+0000] {logging_mixin.py:188} INFO - [2026-04-13T07:27:08.129+0000] {dagbag.py:538} INFO - Filling up the DagBag from /opt/airflow/dags/daily_revenue_etl_dag.py
[2026-04-13T07:27:08.167+0000] {processor.py:840} INFO - DAG(s) 'daily_revenue_etl_dag' retrieved from /opt/airflow/dags/daily_revenue_etl_dag.py
[2026-04-13T07:27:08.212+0000] {logging_mixin.py:188} INFO - [2026-04-13T07:27:08.212+0000] {dag.py:3036} INFO - Sync 1 DAGs
[2026-04-13T07:27:08.249+0000] {logging_mixin.py:188} INFO - [2026-04-13T07:27:08.249+0000] {dag.py:3823} INFO - Setting next_dagrun for daily_revenue_etl_dag to 2026-04-13 00:00:00+00:00, run_after=2026-04-14 00:00:00+00:00
[2026-04-13T07:27:08.276+0000] {processor.py:183} INFO - Processing /opt/airflow/dags/daily_revenue_etl_dag.py took 0.157 seconds
[2026-04-13T07:27:38.323+0000] {processor.py:161} INFO - Started process (PID=2755) to work on /opt/airflow/dags/daily_revenue_etl_dag.py
[2026-04-13T07:27:38.324+0000] {processor.py:830} INFO - Processing file /opt/airflow/dags/daily_revenue_etl_dag.py for tasks to queue
[2026-04-13T07:27:38.324+0000] {logging_mixin.py:188} INFO - [2026-04-13T07:27:38.324+0000] {dagbag.py:538} INFO - Filling up the DagBag from /opt/airflow/dags/daily_revenue_etl_dag.py
[2026-04-13T07:27:38.347+0000] {processor.py:840} INFO - DAG(s) 'daily_revenue_etl_dag' retrieved from /opt/airflow/dags/daily_revenue_etl_dag.py
[2026-04-13T07:27:38.377+0000] {logging_mixin.py:188} INFO - [2026-04-13T07:27:38.377+0000] {dag.py:3036} INFO - Sync 1 DAGs
[2026-04-13T07:27:38.404+0000] {logging_mixin.py:188} INFO - [2026-04-13T07:27:38.404+0000] {dag.py:3823} INFO - Setting next_dagrun for daily_revenue_etl_dag to 2026-04-13 00:00:00+00:00, run_after=2026-04-14 00:00:00+00:00
[2026-04-13T07:27:38.427+0000] {processor.py:183} INFO - Processing /opt/airflow/dags/daily_revenue_etl_dag.py took 0.107 seconds
[2026-04-13T07:28:08.581+0000] {processor.py:161} INFO - Started process (PID=2761) to work on /opt/airflow/dags/daily_revenue_etl_dag.py
[2026-04-13T07:28:08.583+0000] {processor.py:830} INFO - Processing file /opt/airflow/dags/daily_revenue_etl_dag.py for tasks to queue
[2026-04-13T07:28:08.584+0000] {logging_mixin.py:188} INFO - [2026-04-13T07:28:08.583+0000] {dagbag.py:538} INFO - Filling up the DagBag from /opt/airflow/dags/daily_revenue_etl_dag.py
[2026-04-13T07:28:08.604+0000] {processor.py:840} INFO - DAG(s) 'daily_revenue_etl_dag' retrieved from /opt/airflow/dags/daily_revenue_etl_dag.py
[2026-04-13T07:28:08.648+0000] {logging_mixin.py:188} INFO - [2026-04-13T07:28:08.648+0000] {dag.py:3036} INFO - Sync 1 DAGs
[2026-04-13T07:28:08.675+0000] {logging_mixin.py:188} INFO - [2026-04-13T07:28:08.675+0000] {dag.py:3823} INFO - Setting next_dagrun for daily_revenue_etl_dag to 2026-04-13 00:00:00+00:00, run_after=2026-04-14 00:00:00+00:00
[2026-04-13T07:28:08.700+0000] {processor.py:183} INFO - Processing /opt/airflow/dags/daily_revenue_etl_dag.py took 0.123 seconds
[2026-04-13T07:52:14.909+0000] {processor.py:161} INFO - Started process (PID=2766) to work on /opt/airflow/dags/daily_revenue_etl_dag.py
[2026-04-13T07:52:14.910+0000] {processor.py:830} INFO - Processing file /opt/airflow/dags/daily_revenue_etl_dag.py for tasks to queue
[2026-04-13T07:52:14.911+0000] {logging_mixin.py:188} INFO - [2026-04-13T07:52:14.911+0000] {dagbag.py:538} INFO - Filling up the DagBag from /opt/airflow/dags/daily_revenue_etl_dag.py
[2026-04-13T07:52:14.933+0000] {processor.py:840} INFO - DAG(s) 'daily_revenue_etl_dag' retrieved from /opt/airflow/dags/daily_revenue_etl_dag.py
[2026-04-13T07:52:14.972+0000] {logging_mixin.py:188} INFO - [2026-04-13T07:52:14.972+0000] {dag.py:3036} INFO - Sync 1 DAGs
[2026-04-13T07:28:17.826+0000] {logging_mixin.py:188} INFO - [2026-04-13T07:28:17.826+0000] {dag.py:3823} INFO - Setting next_dagrun for daily_revenue_etl_dag to 2026-04-13 00:00:00+00:00, run_after=2026-04-14 00:00:00+00:00
[2026-04-13T07:28:17.855+0000] {processor.py:183} INFO - Processing /opt/airflow/dags/daily_revenue_etl_dag.py took 0.130 seconds
[2026-04-13T07:52:20.015+0000] {processor.py:161} INFO - Started process (PID=2771) to work on /opt/airflow/dags/daily_revenue_etl_dag.py
[2026-04-13T07:52:20.017+0000] {processor.py:830} INFO - Processing file /opt/airflow/dags/daily_revenue_etl_dag.py for tasks to queue
[2026-04-13T07:52:20.018+0000] {logging_mixin.py:188} INFO - [2026-04-13T07:52:20.017+0000] {dagbag.py:538} INFO - Filling up the DagBag from /opt/airflow/dags/daily_revenue_etl_dag.py
[2026-04-13T07:52:20.043+0000] {processor.py:840} INFO - DAG(s) 'daily_revenue_etl_dag' retrieved from /opt/airflow/dags/daily_revenue_etl_dag.py
[2026-04-13T07:52:20.079+0000] {logging_mixin.py:188} INFO - [2026-04-13T07:52:20.079+0000] {dag.py:3036} INFO - Sync 1 DAGs
[2026-04-13T07:52:20.112+0000] {logging_mixin.py:188} INFO - [2026-04-13T07:52:20.112+0000] {dag.py:3823} INFO - Setting next_dagrun for daily_revenue_etl_dag to 2026-04-13 00:00:00+00:00, run_after=2026-04-14 00:00:00+00:00
[2026-04-13T07:52:20.140+0000] {processor.py:183} INFO - Processing /opt/airflow/dags/daily_revenue_etl_dag.py took 0.128 seconds
[2026-04-13T07:30:17.837+0000] {processor.py:161} INFO - Started process (PID=2776) to work on /opt/airflow/dags/daily_revenue_etl_dag.py
[2026-04-13T07:30:17.839+0000] {processor.py:830} INFO - Processing file /opt/airflow/dags/daily_revenue_etl_dag.py for tasks to queue
[2026-04-13T07:30:17.840+0000] {logging_mixin.py:188} INFO - [2026-04-13T07:30:17.840+0000] {dagbag.py:538} INFO - Filling up the DagBag from /opt/airflow/dags/daily_revenue_etl_dag.py
[2026-04-13T07:30:17.875+0000] {processor.py:840} INFO - DAG(s) 'daily_revenue_etl_dag' retrieved from /opt/airflow/dags/daily_revenue_etl_dag.py
[2026-04-13T07:30:17.914+0000] {logging_mixin.py:188} INFO - [2026-04-13T07:30:17.913+0000] {dag.py:3036} INFO - Sync 1 DAGs
[2026-04-13T07:30:17.950+0000] {logging_mixin.py:188} INFO - [2026-04-13T07:30:17.949+0000] {dag.py:3823} INFO - Setting next_dagrun for daily_revenue_etl_dag to 2026-04-13 00:00:00+00:00, run_after=2026-04-14 00:00:00+00:00
[2026-04-13T07:54:15.144+0000] {processor.py:183} INFO - Processing /opt/airflow/dags/daily_revenue_etl_dag.py took 0.142 seconds
[2026-04-13T07:54:45.337+0000] {processor.py:161} INFO - Started process (PID=2782) to work on /opt/airflow/dags/daily_revenue_etl_dag.py
[2026-04-13T07:54:45.340+0000] {processor.py:830} INFO - Processing file /opt/airflow/dags/daily_revenue_etl_dag.py for tasks to queue
[2026-04-13T07:54:45.342+0000] {logging_mixin.py:188} INFO - [2026-04-13T07:54:45.341+0000] {dagbag.py:538} INFO - Filling up the DagBag from /opt/airflow/dags/daily_revenue_etl_dag.py
[2026-04-13T07:54:45.393+0000] {processor.py:840} INFO - DAG(s) 'daily_revenue_etl_dag' retrieved from /opt/airflow/dags/daily_revenue_etl_dag.py
[2026-04-13T07:54:45.430+0000] {logging_mixin.py:188} INFO - [2026-04-13T07:54:45.430+0000] {dag.py:3036} INFO - Sync 1 DAGs
[2026-04-13T07:54:45.456+0000] {logging_mixin.py:188} INFO - [2026-04-13T07:54:45.455+0000] {dag.py:3823} INFO - Setting next_dagrun for daily_revenue_etl_dag to 2026-04-13 00:00:00+00:00, run_after=2026-04-14 00:00:00+00:00
[2026-04-13T07:54:45.479+0000] {processor.py:183} INFO - Processing /opt/airflow/dags/daily_revenue_etl_dag.py took 0.152 seconds
[2026-04-13T07:55:44.836+0000] {processor.py:161} INFO - Started process (PID=2788) to work on /opt/airflow/dags/daily_revenue_etl_dag.py
[2026-04-13T07:55:44.837+0000] {processor.py:830} INFO - Processing file /opt/airflow/dags/daily_revenue_etl_dag.py for tasks to queue
[2026-04-13T07:55:44.838+0000] {logging_mixin.py:188} INFO - [2026-04-13T07:55:44.838+0000] {dagbag.py:538} INFO - Filling up the DagBag from /opt/airflow/dags/daily_revenue_etl_dag.py
[2026-04-13T07:55:44.870+0000] {processor.py:840} INFO - DAG(s) 'daily_revenue_etl_dag' retrieved from /opt/airflow/dags/daily_revenue_etl_dag.py
[2026-04-13T07:55:44.913+0000] {logging_mixin.py:188} INFO - [2026-04-13T07:55:44.912+0000] {dag.py:3036} INFO - Sync 1 DAGs
[2026-04-13T07:55:44.949+0000] {logging_mixin.py:188} INFO - [2026-04-13T07:55:44.949+0000] {dag.py:3823} INFO - Setting next_dagrun for daily_revenue_etl_dag to 2026-04-13 00:00:00+00:00, run_after=2026-04-14 00:00:00+00:00
[2026-04-13T07:55:44.980+0000] {processor.py:183} INFO - Processing /opt/airflow/dags/daily_revenue_etl_dag.py took 0.148 seconds
[2026-04-13T07:32:17.930+0000] {processor.py:161} INFO - Started process (PID=2794) to work on /opt/airflow/dags/daily_revenue_etl_dag.py
[2026-04-13T07:32:17.935+0000] {processor.py:830} INFO - Processing file /opt/airflow/dags/daily_revenue_etl_dag.py for tasks to queue
[2026-04-13T07:32:17.940+0000] {logging_mixin.py:188} INFO - [2026-04-13T07:32:17.938+0000] {dagbag.py:538} INFO - Filling up the DagBag from /opt/airflow/dags/daily_revenue_etl_dag.py
[2026-04-13T07:32:17.987+0000] {processor.py:840} INFO - DAG(s) 'daily_revenue_etl_dag' retrieved from /opt/airflow/dags/daily_revenue_etl_dag.py
[2026-04-13T07:32:18.039+0000] {logging_mixin.py:188} INFO - [2026-04-13T07:32:18.038+0000] {dag.py:3036} INFO - Sync 1 DAGs
[2026-04-13T07:32:18.086+0000] {logging_mixin.py:188} INFO - [2026-04-13T07:32:18.085+0000] {dag.py:3823} INFO - Setting next_dagrun for daily_revenue_etl_dag to 2026-04-13 00:00:00+00:00, run_after=2026-04-14 00:00:00+00:00
[2026-04-13T07:32:18.131+0000] {processor.py:183} INFO - Processing /opt/airflow/dags/daily_revenue_etl_dag.py took 0.210 seconds
[2026-04-13T07:56:30.452+0000] {processor.py:161} INFO - Started process (PID=2799) to work on /opt/airflow/dags/daily_revenue_etl_dag.py
[2026-04-13T07:56:30.453+0000] {processor.py:830} INFO - Processing file /opt/airflow/dags/daily_revenue_etl_dag.py for tasks to queue
[2026-04-13T07:56:30.454+0000] {logging_mixin.py:188} INFO - [2026-04-13T07:56:30.454+0000] {dagbag.py:538} INFO - Filling up the DagBag from /opt/airflow/dags/daily_revenue_etl_dag.py
[2026-04-13T07:56:30.474+0000] {processor.py:840} INFO - DAG(s) 'daily_revenue_etl_dag' retrieved from /opt/airflow/dags/daily_revenue_etl_dag.py
[2026-04-13T07:56:30.505+0000] {logging_mixin.py:188} INFO - [2026-04-13T07:56:30.505+0000] {dag.py:3036} INFO - Sync 1 DAGs
[2026-04-13T07:56:30.534+0000] {logging_mixin.py:188} INFO - [2026-04-13T07:56:30.533+0000] {dag.py:3823} INFO - Setting next_dagrun for daily_revenue_etl_dag to 2026-04-13 00:00:00+00:00, run_after=2026-04-14 00:00:00+00:00
[2026-04-13T07:56:30.566+0000] {processor.py:183} INFO - Processing /opt/airflow/dags/daily_revenue_etl_dag.py took 0.118 seconds
[2026-04-13T07:57:00.701+0000] {processor.py:161} INFO - Started process (PID=2804) to work on /opt/airflow/dags/daily_revenue_etl_dag.py
[2026-04-13T07:57:00.703+0000] {processor.py:830} INFO - Processing file /opt/airflow/dags/daily_revenue_etl_dag.py for tasks to queue
[2026-04-13T07:57:00.705+0000] {logging_mixin.py:188} INFO - [2026-04-13T07:57:00.704+0000] {dagbag.py:538} INFO - Filling up the DagBag from /opt/airflow/dags/daily_revenue_etl_dag.py
[2026-04-13T07:33:03.560+0000] {processor.py:840} INFO - DAG(s) 'daily_revenue_etl_dag' retrieved from /opt/airflow/dags/daily_revenue_etl_dag.py
[2026-04-13T07:33:03.590+0000] {logging_mixin.py:188} INFO - [2026-04-13T07:33:03.590+0000] {dag.py:3036} INFO - Sync 1 DAGs
[2026-04-13T07:33:03.612+0000] {logging_mixin.py:188} INFO - [2026-04-13T07:33:03.612+0000] {dag.py:3823} INFO - Setting next_dagrun for daily_revenue_etl_dag to 2026-04-13 00:00:00+00:00, run_after=2026-04-14 00:00:00+00:00
[2026-04-13T07:33:03.629+0000] {processor.py:183} INFO - Processing /opt/airflow/dags/daily_revenue_etl_dag.py took 0.107 seconds
[2026-04-13T07:57:14.973+0000] {processor.py:161} INFO - Started process (PID=2809) to work on /opt/airflow/dags/daily_revenue_etl_dag.py
[2026-04-13T07:57:14.978+0000] {processor.py:830} INFO - Processing file /opt/airflow/dags/daily_revenue_etl_dag.py for tasks to queue
[2026-04-13T07:57:14.981+0000] {logging_mixin.py:188} INFO - [2026-04-13T07:57:14.980+0000] {dagbag.py:538} INFO - Filling up the DagBag from /opt/airflow/dags/daily_revenue_etl_dag.py
[2026-04-13T07:33:17.872+0000] {processor.py:840} INFO - DAG(s) 'daily_revenue_etl_dag' retrieved from /opt/airflow/dags/daily_revenue_etl_dag.py
[2026-04-13T07:33:17.981+0000] {logging_mixin.py:188} INFO - [2026-04-13T07:33:17.981+0000] {dag.py:3036} INFO - Sync 1 DAGs
[2026-04-13T07:33:18.085+0000] {logging_mixin.py:188} INFO - [2026-04-13T07:33:18.084+0000] {dag.py:3823} INFO - Setting next_dagrun for daily_revenue_etl_dag to 2026-04-13 00:00:00+00:00, run_after=2026-04-14 00:00:00+00:00
[2026-04-13T07:33:18.133+0000] {processor.py:183} INFO - Processing /opt/airflow/dags/daily_revenue_etl_dag.py took 0.346 seconds
[2026-04-13T07:33:48.344+0000] {processor.py:161} INFO - Started process (PID=2814) to work on /opt/airflow/dags/daily_revenue_etl_dag.py
[2026-04-13T07:33:48.346+0000] {processor.py:830} INFO - Processing file /opt/airflow/dags/daily_revenue_etl_dag.py for tasks to queue
[2026-04-13T07:33:48.347+0000] {logging_mixin.py:188} INFO - [2026-04-13T07:33:48.347+0000] {dagbag.py:538} INFO - Filling up the DagBag from /opt/airflow/dags/daily_revenue_etl_dag.py
[2026-04-13T07:33:48.378+0000] {processor.py:840} INFO - DAG(s) 'daily_revenue_etl_dag' retrieved from /opt/airflow/dags/daily_revenue_etl_dag.py
[2026-04-13T07:57:45.586+0000] {logging_mixin.py:188} INFO - [2026-04-13T07:57:45.586+0000] {dag.py:3036} INFO - Sync 1 DAGs
[2026-04-13T07:57:45.617+0000] {logging_mixin.py:188} INFO - [2026-04-13T07:57:45.616+0000] {dag.py:3823} INFO - Setting next_dagrun for daily_revenue_etl_dag to 2026-04-13 00:00:00+00:00, run_after=2026-04-14 00:00:00+00:00
[2026-04-13T07:57:45.674+0000] {processor.py:183} INFO - Processing /opt/airflow/dags/daily_revenue_etl_dag.py took 0.166 seconds
[2026-04-13T07:58:20.747+0000] {processor.py:161} INFO - Started process (PID=2819) to work on /opt/airflow/dags/daily_revenue_etl_dag.py
[2026-04-13T07:58:20.748+0000] {processor.py:830} INFO - Processing file /opt/airflow/dags/daily_revenue_etl_dag.py for tasks to queue
[2026-04-13T07:58:20.750+0000] {logging_mixin.py:188} INFO - [2026-04-13T07:58:20.749+0000] {dagbag.py:538} INFO - Filling up the DagBag from /opt/airflow/dags/daily_revenue_etl_dag.py
[2026-04-13T07:58:20.773+0000] {processor.py:840} INFO - DAG(s) 'daily_revenue_etl_dag' retrieved from /opt/airflow/dags/daily_revenue_etl_dag.py
[2026-04-13T07:58:20.806+0000] {logging_mixin.py:188} INFO - [2026-04-13T07:58:20.805+0000] {dag.py:3036} INFO - Sync 1 DAGs
[2026-04-13T07:58:20.836+0000] {logging_mixin.py:188} INFO - [2026-04-13T07:58:20.836+0000] {dag.py:3823} INFO - Setting next_dagrun for daily_revenue_etl_dag to 2026-04-13 00:00:00+00:00, run_after=2026-04-14 00:00:00+00:00
[2026-04-13T07:34:23.685+0000] {processor.py:183} INFO - Processing /opt/airflow/dags/daily_revenue_etl_dag.py took 0.121 seconds
[2026-04-13T07:58:25.791+0000] {processor.py:161} INFO - Started process (PID=2824) to work on /opt/airflow/dags/daily_revenue_etl_dag.py
[2026-04-13T07:58:25.793+0000] {processor.py:830} INFO - Processing file /opt/airflow/dags/daily_revenue_etl_dag.py for tasks to queue
[2026-04-13T07:58:25.795+0000] {logging_mixin.py:188} INFO - [2026-04-13T07:58:25.794+0000] {dagbag.py:538} INFO - Filling up the DagBag from /opt/airflow/dags/daily_revenue_etl_dag.py
[2026-04-13T07:58:25.821+0000] {processor.py:840} INFO - DAG(s) 'daily_revenue_etl_dag' retrieved from /opt/airflow/dags/daily_revenue_etl_dag.py
[2026-04-13T07:34:28.687+0000] {logging_mixin.py:188} INFO - [2026-04-13T07:34:28.687+0000] {dag.py:3036} INFO - Sync 1 DAGs
[2026-04-13T07:34:28.717+0000] {logging_mixin.py:188} INFO - [2026-04-13T07:34:28.717+0000] {dag.py:3823} INFO - Setting next_dagrun for daily_revenue_etl_dag to 2026-04-13 00:00:00+00:00, run_after=2026-04-14 00:00:00+00:00
[2026-04-13T07:34:28.740+0000] {processor.py:183} INFO - Processing /opt/airflow/dags/daily_revenue_etl_dag.py took 0.123 seconds
[2026-04-13T07:34:59.005+0000] {processor.py:161} INFO - Started process (PID=2829) to work on /opt/airflow/dags/daily_revenue_etl_dag.py
[2026-04-13T07:34:59.006+0000] {processor.py:830} INFO - Processing file /opt/airflow/dags/daily_revenue_etl_dag.py for tasks to queue
[2026-04-13T07:34:59.008+0000] {logging_mixin.py:188} INFO - [2026-04-13T07:34:59.007+0000] {dagbag.py:538} INFO - Filling up the DagBag from /opt/airflow/dags/daily_revenue_etl_dag.py
[2026-04-13T07:34:59.035+0000] {processor.py:840} INFO - DAG(s) 'daily_revenue_etl_dag' retrieved from /opt/airflow/dags/daily_revenue_etl_dag.py
[2026-04-13T07:34:59.076+0000] {logging_mixin.py:188} INFO - [2026-04-13T07:34:59.075+0000] {dag.py:3036} INFO - Sync 1 DAGs
[2026-04-13T07:34:59.109+0000] {logging_mixin.py:188} INFO - [2026-04-13T07:34:59.109+0000] {dag.py:3823} INFO - Setting next_dagrun for daily_revenue_etl_dag to 2026-04-13 00:00:00+00:00, run_after=2026-04-14 00:00:00+00:00
[2026-04-13T07:34:59.141+0000] {processor.py:183} INFO - Processing /opt/airflow/dags/daily_revenue_etl_dag.py took 0.142 seconds
[2026-04-13T07:35:29.223+0000] {processor.py:161} INFO - Started process (PID=2834) to work on /opt/airflow/dags/daily_revenue_etl_dag.py
[2026-04-13T07:35:29.224+0000] {processor.py:830} INFO - Processing file /opt/airflow/dags/daily_revenue_etl_dag.py for tasks to queue
[2026-04-13T07:35:29.225+0000] {logging_mixin.py:188} INFO - [2026-04-13T07:35:29.225+0000] {dagbag.py:538} INFO - Filling up the DagBag from /opt/airflow/dags/daily_revenue_etl_dag.py
[2026-04-13T07:35:29.255+0000] {processor.py:840} INFO - DAG(s) 'daily_revenue_etl_dag' retrieved from /opt/airflow/dags/daily_revenue_etl_dag.py
[2026-04-13T07:35:29.298+0000] {logging_mixin.py:188} INFO - [2026-04-13T07:35:29.298+0000] {dag.py:3036} INFO - Sync 1 DAGs
[2026-04-13T07:35:29.330+0000] {logging_mixin.py:188} INFO - [2026-04-13T07:35:29.330+0000] {dag.py:3823} INFO - Setting next_dagrun for daily_revenue_etl_dag to 2026-04-13 00:00:00+00:00, run_after=2026-04-14 00:00:00+00:00
[2026-04-13T07:35:29.358+0000] {processor.py:183} INFO - Processing /opt/airflow/dags/daily_revenue_etl_dag.py took 0.139 seconds
[2026-04-13T07:35:59.529+0000] {processor.py:161} INFO - Started process (PID=2840) to work on /opt/airflow/dags/daily_revenue_etl_dag.py
[2026-04-13T07:35:59.530+0000] {processor.py:830} INFO - Processing file /opt/airflow/dags/daily_revenue_etl_dag.py for tasks to queue
[2026-04-13T07:35:59.531+0000] {logging_mixin.py:188} INFO - [2026-04-13T07:35:59.531+0000] {dagbag.py:538} INFO - Filling up the DagBag from /opt/airflow/dags/daily_revenue_etl_dag.py
[2026-04-13T07:35:59.548+0000] {processor.py:840} INFO - DAG(s) 'daily_revenue_etl_dag' retrieved from /opt/airflow/dags/daily_revenue_etl_dag.py
[2026-04-13T07:35:59.592+0000] {logging_mixin.py:188} INFO - [2026-04-13T07:35:59.590+0000] {dag.py:3036} INFO - Sync 1 DAGs
[2026-04-13T07:35:59.623+0000] {logging_mixin.py:188} INFO - [2026-04-13T07:35:59.622+0000] {dag.py:3823} INFO - Setting next_dagrun for daily_revenue_etl_dag to 2026-04-13 00:00:00+00:00, run_after=2026-04-14 00:00:00+00:00
[2026-04-13T07:35:59.641+0000] {processor.py:183} INFO - Processing /opt/airflow/dags/daily_revenue_etl_dag.py took 0.115 seconds
[2026-04-13T08:00:00.876+0000] {processor.py:161} INFO - Started process (PID=2845) to work on /opt/airflow/dags/daily_revenue_etl_dag.py
[2026-04-13T08:00:00.878+0000] {processor.py:830} INFO - Processing file /opt/airflow/dags/daily_revenue_etl_dag.py for tasks to queue
[2026-04-13T08:00:00.879+0000] {logging_mixin.py:188} INFO - [2026-04-13T08:00:00.879+0000] {dagbag.py:538} INFO - Filling up the DagBag from /opt/airflow/dags/daily_revenue_etl_dag.py
[2026-04-13T08:00:00.903+0000] {processor.py:840} INFO - DAG(s) 'daily_revenue_etl_dag' retrieved from /opt/airflow/dags/daily_revenue_etl_dag.py
[2026-04-13T08:00:00.934+0000] {logging_mixin.py:188} INFO - [2026-04-13T08:00:00.934+0000] {dag.py:3036} INFO - Sync 1 DAGs
[2026-04-13T08:00:00.967+0000] {logging_mixin.py:188} INFO - [2026-04-13T08:00:00.967+0000] {dag.py:3823} INFO - Setting next_dagrun for daily_revenue_etl_dag to 2026-04-13 00:00:00+00:00, run_after=2026-04-14 00:00:00+00:00
[2026-04-13T08:00:00.992+0000] {processor.py:183} INFO - Processing /opt/airflow/dags/daily_revenue_etl_dag.py took 0.120 seconds
[2026-04-13T07:38:17.898+0000] {processor.py:161} INFO - Started process (PID=2852) to work on /opt/airflow/dags/daily_revenue_etl_dag.py
[2026-04-13T07:38:17.903+0000] {processor.py:830} INFO - Processing file /opt/airflow/dags/daily_revenue_etl_dag.py for tasks to queue
[2026-04-13T07:38:17.907+0000] {logging_mixin.py:188} INFO - [2026-04-13T07:38:17.905+0000] {dagbag.py:538} INFO - Filling up the DagBag from /opt/airflow/dags/daily_revenue_etl_dag.py
[2026-04-13T07:38:17.967+0000] {processor.py:840} INFO - DAG(s) 'daily_revenue_etl_dag' retrieved from /opt/airflow/dags/daily_revenue_etl_dag.py
[2026-04-13T07:38:18.031+0000] {logging_mixin.py:188} INFO - [2026-04-13T07:38:18.030+0000] {dag.py:3036} INFO - Sync 1 DAGs
[2026-04-13T07:38:18.111+0000] {logging_mixin.py:188} INFO - [2026-04-13T07:38:18.111+0000] {dag.py:3823} INFO - Setting next_dagrun for daily_revenue_etl_dag to 2026-04-13 00:00:00+00:00, run_after=2026-04-14 00:00:00+00:00
[2026-04-13T07:38:18.192+0000] {processor.py:183} INFO - Processing /opt/airflow/dags/daily_revenue_etl_dag.py took 0.309 seconds
[2026-04-13T08:02:16.173+0000] {processor.py:161} INFO - Started process (PID=2857) to work on /opt/airflow/dags/daily_revenue_etl_dag.py
[2026-04-13T08:02:16.182+0000] {processor.py:830} INFO - Processing file /opt/airflow/dags/daily_revenue_etl_dag.py for tasks to queue
[2026-04-13T08:02:16.188+0000] {logging_mixin.py:188} INFO - [2026-04-13T08:02:16.186+0000] {dagbag.py:538} INFO - Filling up the DagBag from /opt/airflow/dags/daily_revenue_etl_dag.py
[2026-04-13T07:38:19.136+0000] {processor.py:840} INFO - DAG(s) 'daily_revenue_etl_dag' retrieved from /opt/airflow/dags/daily_revenue_etl_dag.py
[2026-04-13T07:38:19.233+0000] {logging_mixin.py:188} INFO - [2026-04-13T07:38:19.232+0000] {dag.py:3036} INFO - Sync 1 DAGs
[2026-04-13T07:38:19.320+0000] {logging_mixin.py:188} INFO - [2026-04-13T07:38:19.320+0000] {dag.py:3823} INFO - Setting next_dagrun for daily_revenue_etl_dag to 2026-04-13 00:00:00+00:00, run_after=2026-04-14 00:00:00+00:00
[2026-04-13T07:38:19.415+0000] {processor.py:183} INFO - Processing /opt/airflow/dags/daily_revenue_etl_dag.py took 0.420 seconds
[2026-04-13T08:02:44.859+0000] {processor.py:161} INFO - Started process (PID=2862) to work on /opt/airflow/dags/daily_revenue_etl_dag.py
[2026-04-13T08:02:44.861+0000] {processor.py:830} INFO - Processing file /opt/airflow/dags/daily_revenue_etl_dag.py for tasks to queue
[2026-04-13T08:02:44.862+0000] {logging_mixin.py:188} INFO - [2026-04-13T08:02:44.861+0000] {dagbag.py:538} INFO - Filling up the DagBag from /opt/airflow/dags/daily_revenue_etl_dag.py
[2026-04-13T08:02:44.897+0000] {processor.py:840} INFO - DAG(s) 'daily_revenue_etl_dag' retrieved from /opt/airflow/dags/daily_revenue_etl_dag.py
[2026-04-13T08:02:44.939+0000] {logging_mixin.py:188} INFO - [2026-04-13T08:02:44.939+0000] {dag.py:3036} INFO - Sync 1 DAGs
[2026-04-13T08:02:44.970+0000] {logging_mixin.py:188} INFO - [2026-04-13T08:02:44.970+0000] {dag.py:3823} INFO - Setting next_dagrun for daily_revenue_etl_dag to 2026-04-13 00:00:00+00:00, run_after=2026-04-14 00:00:00+00:00
[2026-04-13T07:38:47.843+0000] {processor.py:183} INFO - Processing /opt/airflow/dags/daily_revenue_etl_dag.py took 0.162 seconds
[2026-04-13T08:03:01.144+0000] {processor.py:161} INFO - Started process (PID=2867) to work on /opt/airflow/dags/daily_revenue_etl_dag.py
[2026-04-13T08:03:01.146+0000] {processor.py:830} INFO - Processing file /opt/airflow/dags/daily_revenue_etl_dag.py for tasks to queue
[2026-04-13T08:03:01.147+0000] {logging_mixin.py:188} INFO - [2026-04-13T08:03:01.146+0000] {dagbag.py:538} INFO - Filling up the DagBag from /opt/airflow/dags/daily_revenue_etl_dag.py
[2026-04-13T08:03:01.166+0000] {processor.py:840} INFO - DAG(s) 'daily_revenue_etl_dag' retrieved from /opt/airflow/dags/daily_revenue_etl_dag.py
[2026-04-13T08:03:01.196+0000] {logging_mixin.py:188} INFO - [2026-04-13T08:03:01.196+0000] {dag.py:3036} INFO - Sync 1 DAGs
[2026-04-13T08:03:01.230+0000] {logging_mixin.py:188} INFO - [2026-04-13T08:03:01.229+0000] {dag.py:3823} INFO - Setting next_dagrun for daily_revenue_etl_dag to 2026-04-13 00:00:00+00:00, run_after=2026-04-14 00:00:00+00:00
[2026-04-13T08:03:01.261+0000] {processor.py:183} INFO - Processing /opt/airflow/dags/daily_revenue_etl_dag.py took 0.121 seconds
[2026-04-13T08:03:31.364+0000] {processor.py:161} INFO - Started process (PID=2872) to work on /opt/airflow/dags/daily_revenue_etl_dag.py
[2026-04-13T08:03:31.367+0000] {processor.py:830} INFO - Processing file /opt/airflow/dags/daily_revenue_etl_dag.py for tasks to queue
[2026-04-13T08:03:31.369+0000] {logging_mixin.py:188} INFO - [2026-04-13T08:03:31.368+0000] {dagbag.py:538} INFO - Filling up the DagBag from /opt/airflow/dags/daily_revenue_etl_dag.py
[2026-04-13T07:39:34.223+0000] {processor.py:840} INFO - DAG(s) 'daily_revenue_etl_dag' retrieved from /opt/airflow/dags/daily_revenue_etl_dag.py
[2026-04-13T07:39:34.268+0000] {logging_mixin.py:188} INFO - [2026-04-13T07:39:34.267+0000] {dag.py:3036} INFO - Sync 1 DAGs
[2026-04-13T07:39:34.298+0000] {logging_mixin.py:188} INFO - [2026-04-13T07:39:34.298+0000] {dag.py:3823} INFO - Setting next_dagrun for daily_revenue_etl_dag to 2026-04-13 00:00:00+00:00, run_after=2026-04-14 00:00:00+00:00
[2026-04-13T07:39:34.326+0000] {processor.py:183} INFO - Processing /opt/airflow/dags/daily_revenue_etl_dag.py took 0.141 seconds
[2026-04-13T07:40:04.505+0000] {processor.py:161} INFO - Started process (PID=2879) to work on /opt/airflow/dags/daily_revenue_etl_dag.py
[2026-04-13T07:40:04.506+0000] {processor.py:830} INFO - Processing file /opt/airflow/dags/daily_revenue_etl_dag.py for tasks to queue
[2026-04-13T07:40:04.508+0000] {logging_mixin.py:188} INFO - [2026-04-13T07:40:04.508+0000] {dagbag.py:538} INFO - Filling up the DagBag from /opt/airflow/dags/daily_revenue_etl_dag.py
[2026-04-13T07:40:04.540+0000] {processor.py:840} INFO - DAG(s) 'daily_revenue_etl_dag' retrieved from /opt/airflow/dags/daily_revenue_etl_dag.py
[2026-04-13T07:40:04.576+0000] {logging_mixin.py:188} INFO - [2026-04-13T07:40:04.575+0000] {dag.py:3036} INFO - Sync 1 DAGs
[2026-04-13T07:40:04.608+0000] {logging_mixin.py:188} INFO - [2026-04-13T07:40:04.607+0000] {dag.py:3823} INFO - Setting next_dagrun for daily_revenue_etl_dag to 2026-04-13 00:00:00+00:00, run_after=2026-04-14 00:00:00+00:00
[2026-04-13T07:40:04.635+0000] {processor.py:183} INFO - Processing /opt/airflow/dags/daily_revenue_etl_dag.py took 0.135 seconds
[2026-04-13T08:04:14.818+0000] {processor.py:161} INFO - Started process (PID=2884) to work on /opt/airflow/dags/daily_revenue_etl_dag.py
[2026-04-13T08:04:14.819+0000] {processor.py:830} INFO - Processing file /opt/airflow/dags/daily_revenue_etl_dag.py for tasks to queue
[2026-04-13T08:04:14.820+0000] {logging_mixin.py:188} INFO - [2026-04-13T08:04:14.820+0000] {dagbag.py:538} INFO - Filling up the DagBag from /opt/airflow/dags/daily_revenue_etl_dag.py
[2026-04-13T08:04:14.849+0000] {processor.py:840} INFO - DAG(s) 'daily_revenue_etl_dag' retrieved from /opt/airflow/dags/daily_revenue_etl_dag.py
[2026-04-13T08:04:14.895+0000] {logging_mixin.py:188} INFO - [2026-04-13T08:04:14.895+0000] {dag.py:3036} INFO - Sync 1 DAGs
[2026-04-13T08:04:14.927+0000] {logging_mixin.py:188} INFO - [2026-04-13T08:04:14.927+0000] {dag.py:3823} INFO - Setting next_dagrun for daily_revenue_etl_dag to 2026-04-13 00:00:00+00:00, run_after=2026-04-14 00:00:00+00:00
[2026-04-13T08:04:14.954+0000] {processor.py:183} INFO - Processing /opt/airflow/dags/daily_revenue_etl_dag.py took 0.143 seconds
[2026-04-13T08:05:11.371+0000] {processor.py:161} INFO - Started process (PID=2890) to work on /opt/airflow/dags/daily_revenue_etl_dag.py
[2026-04-13T08:05:11.373+0000] {processor.py:830} INFO - Processing file /opt/airflow/dags/daily_revenue_etl_dag.py for tasks to queue
[2026-04-13T08:05:11.374+0000] {logging_mixin.py:188} INFO - [2026-04-13T08:05:11.373+0000] {dagbag.py:538} INFO - Filling up the DagBag from /opt/airflow/dags/daily_revenue_etl_dag.py
[2026-04-13T08:05:11.397+0000] {processor.py:840} INFO - DAG(s) 'daily_revenue_etl_dag' retrieved from /opt/airflow/dags/daily_revenue_etl_dag.py
[2026-04-13T08:05:11.433+0000] {logging_mixin.py:188} INFO - [2026-04-13T08:05:11.433+0000] {dag.py:3036} INFO - Sync 1 DAGs
[2026-04-13T08:05:11.465+0000] {logging_mixin.py:188} INFO - [2026-04-13T08:05:11.464+0000] {dag.py:3823} INFO - Setting next_dagrun for daily_revenue_etl_dag to 2026-04-13 00:00:00+00:00, run_after=2026-04-14 00:00:00+00:00
[2026-04-13T08:05:11.498+0000] {processor.py:183} INFO - Processing /opt/airflow/dags/daily_revenue_etl_dag.py took 0.131 seconds
[2026-04-13T07:41:44.459+0000] {processor.py:161} INFO - Started process (PID=2895) to work on /opt/airflow/dags/daily_revenue_etl_dag.py
[2026-04-13T07:41:44.462+0000] {processor.py:830} INFO - Processing file /opt/airflow/dags/daily_revenue_etl_dag.py for tasks to queue
[2026-04-13T07:41:44.465+0000] {logging_mixin.py:188} INFO - [2026-04-13T07:41:44.465+0000] {dagbag.py:538} INFO - Filling up the DagBag from /opt/airflow/dags/daily_revenue_etl_dag.py
[2026-04-13T07:41:44.498+0000] {processor.py:840} INFO - DAG(s) 'daily_revenue_etl_dag' retrieved from /opt/airflow/dags/daily_revenue_etl_dag.py
[2026-04-13T07:41:44.541+0000] {logging_mixin.py:188} INFO - [2026-04-13T07:41:44.540+0000] {dag.py:3036} INFO - Sync 1 DAGs
[2026-04-13T07:41:44.573+0000] {logging_mixin.py:188} INFO - [2026-04-13T07:41:44.573+0000] {dag.py:3823} INFO - Setting next_dagrun for daily_revenue_etl_dag to 2026-04-13 00:00:00+00:00, run_after=2026-04-14 00:00:00+00:00
[2026-04-13T07:41:44.599+0000] {processor.py:183} INFO - Processing /opt/airflow/dags/daily_revenue_etl_dag.py took 0.146 seconds
[2026-04-13T08:05:44.814+0000] {processor.py:161} INFO - Started process (PID=2900) to work on /opt/airflow/dags/daily_revenue_etl_dag.py
[2026-04-13T08:05:44.816+0000] {processor.py:830} INFO - Processing file /opt/airflow/dags/daily_revenue_etl_dag.py for tasks to queue
[2026-04-13T08:05:44.817+0000] {logging_mixin.py:188} INFO - [2026-04-13T08:05:44.817+0000] {dagbag.py:538} INFO - Filling up the DagBag from /opt/airflow/dags/daily_revenue_etl_dag.py
[2026-04-13T08:05:44.853+0000] {processor.py:840} INFO - DAG(s) 'daily_revenue_etl_dag' retrieved from /opt/airflow/dags/daily_revenue_etl_dag.py
[2026-04-13T08:05:44.886+0000] {logging_mixin.py:188} INFO - [2026-04-13T08:05:44.886+0000] {dag.py:3036} INFO - Sync 1 DAGs
[2026-04-13T08:05:44.912+0000] {logging_mixin.py:188} INFO - [2026-04-13T08:05:44.912+0000] {dag.py:3823} INFO - Setting next_dagrun for daily_revenue_etl_dag to 2026-04-13 00:00:00+00:00, run_after=2026-04-14 00:00:00+00:00
[2026-04-13T08:05:44.936+0000] {processor.py:183} INFO - Processing /opt/airflow/dags/daily_revenue_etl_dag.py took 0.126 seconds
[2026-04-13T07:42:17.854+0000] {processor.py:161} INFO - Started process (PID=2905) to work on /opt/airflow/dags/daily_revenue_etl_dag.py
[2026-04-13T07:42:17.855+0000] {processor.py:830} INFO - Processing file /opt/airflow/dags/daily_revenue_etl_dag.py for tasks to queue
[2026-04-13T07:42:17.856+0000] {logging_mixin.py:188} INFO - [2026-04-13T07:42:17.856+0000] {dagbag.py:538} INFO - Filling up the DagBag from /opt/airflow/dags/daily_revenue_etl_dag.py
[2026-04-13T07:42:17.880+0000] {processor.py:840} INFO - DAG(s) 'daily_revenue_etl_dag' retrieved from /opt/airflow/dags/daily_revenue_etl_dag.py
[2026-04-13T07:42:17.918+0000] {logging_mixin.py:188} INFO - [2026-04-13T07:42:17.918+0000] {dag.py:3036} INFO - Sync 1 DAGs
[2026-04-13T07:42:17.950+0000] {logging_mixin.py:188} INFO - [2026-04-13T07:42:17.949+0000] {dag.py:3823} INFO - Setting next_dagrun for daily_revenue_etl_dag to 2026-04-13 00:00:00+00:00, run_after=2026-04-14 00:00:00+00:00
[2026-04-13T07:42:17.976+0000] {processor.py:183} INFO - Processing /opt/airflow/dags/daily_revenue_etl_dag.py took 0.126 seconds
[2026-04-13T07:42:48.176+0000] {processor.py:161} INFO - Started process (PID=2910) to work on /opt/airflow/dags/daily_revenue_etl_dag.py
[2026-04-13T07:42:48.177+0000] {processor.py:830} INFO - Processing file /opt/airflow/dags/daily_revenue_etl_dag.py for tasks to queue
[2026-04-13T07:42:48.178+0000] {logging_mixin.py:188} INFO - [2026-04-13T07:42:48.178+0000] {dagbag.py:538} INFO - Filling up the DagBag from /opt/airflow/dags/daily_revenue_etl_dag.py
[2026-04-13T07:42:48.204+0000] {processor.py:840} INFO - DAG(s) 'daily_revenue_etl_dag' retrieved from /opt/airflow/dags/daily_revenue_etl_dag.py
[2026-04-13T07:42:48.238+0000] {logging_mixin.py:188} INFO - [2026-04-13T07:42:48.237+0000] {dag.py:3036} INFO - Sync 1 DAGs
[2026-04-13T07:42:48.259+0000] {logging_mixin.py:188} INFO - [2026-04-13T07:42:48.259+0000] {dag.py:3823} INFO - Setting next_dagrun for daily_revenue_etl_dag to 2026-04-13 00:00:00+00:00, run_after=2026-04-14 00:00:00+00:00
[2026-04-13T07:42:48.279+0000] {processor.py:183} INFO - Processing /opt/airflow/dags/daily_revenue_etl_dag.py took 0.105 seconds
[2026-04-13T08:07:01.554+0000] {processor.py:161} INFO - Started process (PID=2915) to work on /opt/airflow/dags/daily_revenue_etl_dag.py
[2026-04-13T08:07:01.555+0000] {processor.py:830} INFO - Processing file /opt/airflow/dags/daily_revenue_etl_dag.py for tasks to queue
[2026-04-13T08:07:01.556+0000] {logging_mixin.py:188} INFO - [2026-04-13T08:07:01.555+0000] {dagbag.py:538} INFO - Filling up the DagBag from /opt/airflow/dags/daily_revenue_etl_dag.py
[2026-04-13T08:07:01.573+0000] {processor.py:840} INFO - DAG(s) 'daily_revenue_etl_dag' retrieved from /opt/airflow/dags/daily_revenue_etl_dag.py
[2026-04-13T08:07:01.595+0000] {logging_mixin.py:188} INFO - [2026-04-13T08:07:01.595+0000] {dag.py:3036} INFO - Sync 1 DAGs
[2026-04-13T08:07:01.616+0000] {logging_mixin.py:188} INFO - [2026-04-13T08:07:01.615+0000] {dag.py:3823} INFO - Setting next_dagrun for daily_revenue_etl_dag to 2026-04-13 00:00:00+00:00, run_after=2026-04-14 00:00:00+00:00
[2026-04-13T08:07:01.632+0000] {processor.py:183} INFO - Processing /opt/airflow/dags/daily_revenue_etl_dag.py took 0.082 seconds
[2026-04-13T08:07:31.762+0000] {processor.py:161} INFO - Started process (PID=2921) to work on /opt/airflow/dags/daily_revenue_etl_dag.py
[2026-04-13T08:07:31.763+0000] {processor.py:830} INFO - Processing file /opt/airflow/dags/daily_revenue_etl_dag.py for tasks to queue
[2026-04-13T08:07:31.764+0000] {logging_mixin.py:188} INFO - [2026-04-13T08:07:31.764+0000] {dagbag.py:538} INFO - Filling up the DagBag from /opt/airflow/dags/daily_revenue_etl_dag.py
[2026-04-13T07:43:34.635+0000] {processor.py:840} INFO - DAG(s) 'daily_revenue_etl_dag' retrieved from /opt/airflow/dags/daily_revenue_etl_dag.py
[2026-04-13T07:43:34.666+0000] {logging_mixin.py:188} INFO - [2026-04-13T07:43:34.665+0000] {dag.py:3036} INFO - Sync 1 DAGs
[2026-04-13T07:43:34.694+0000] {logging_mixin.py:188} INFO - [2026-04-13T07:43:34.694+0000] {dag.py:3823} INFO - Setting next_dagrun for daily_revenue_etl_dag to 2026-04-13 00:00:00+00:00, run_after=2026-04-14 00:00:00+00:00
[2026-04-13T07:43:34.716+0000] {processor.py:183} INFO - Processing /opt/airflow/dags/daily_revenue_etl_dag.py took 0.104 seconds
[2026-04-13T08:07:44.905+0000] {processor.py:161} INFO - Started process (PID=2926) to work on /opt/airflow/dags/daily_revenue_etl_dag.py
[2026-04-13T08:07:44.906+0000] {processor.py:830} INFO - Processing file /opt/airflow/dags/daily_revenue_etl_dag.py for tasks to queue
[2026-04-13T08:07:44.907+0000] {logging_mixin.py:188} INFO - [2026-04-13T08:07:44.906+0000] {dagbag.py:538} INFO - Filling up the DagBag from /opt/airflow/dags/daily_revenue_etl_dag.py
[2026-04-13T08:07:44.923+0000] {processor.py:840} INFO - DAG(s) 'daily_revenue_etl_dag' retrieved from /opt/airflow/dags/daily_revenue_etl_dag.py
[2026-04-13T08:07:44.949+0000] {logging_mixin.py:188} INFO - [2026-04-13T08:07:44.949+0000] {dag.py:3036} INFO - Sync 1 DAGs
[2026-04-13T08:07:44.971+0000] {logging_mixin.py:188} INFO - [2026-04-13T08:07:44.971+0000] {dag.py:3823} INFO - Setting next_dagrun for daily_revenue_etl_dag to 2026-04-13 00:00:00+00:00, run_after=2026-04-14 00:00:00+00:00
[2026-04-13T08:07:44.990+0000] {processor.py:183} INFO - Processing /opt/airflow/dags/daily_revenue_etl_dag.py took 0.089 seconds
[2026-04-13T07:44:17.952+0000] {processor.py:161} INFO - Started process (PID=2931) to work on /opt/airflow/dags/daily_revenue_etl_dag.py
[2026-04-13T07:44:17.953+0000] {processor.py:830} INFO - Processing file /opt/airflow/dags/daily_revenue_etl_dag.py for tasks to queue
[2026-04-13T07:44:17.954+0000] {logging_mixin.py:188} INFO - [2026-04-13T07:44:17.954+0000] {dagbag.py:538} INFO - Filling up the DagBag from /opt/airflow/dags/daily_revenue_etl_dag.py
[2026-04-13T07:44:17.977+0000] {processor.py:840} INFO - DAG(s) 'daily_revenue_etl_dag' retrieved from /opt/airflow/dags/daily_revenue_etl_dag.py
[2026-04-13T07:44:18.013+0000] {logging_mixin.py:188} INFO - [2026-04-13T07:44:18.012+0000] {dag.py:3036} INFO - Sync 1 DAGs
[2026-04-13T07:44:18.041+0000] {logging_mixin.py:188} INFO - [2026-04-13T07:44:18.041+0000] {dag.py:3823} INFO - Setting next_dagrun for daily_revenue_etl_dag to 2026-04-13 00:00:00+00:00, run_after=2026-04-14 00:00:00+00:00
[2026-04-13T07:44:18.067+0000] {processor.py:183} INFO - Processing /opt/airflow/dags/daily_revenue_etl_dag.py took 0.118 seconds
[2026-04-13T07:44:48.177+0000] {processor.py:161} INFO - Started process (PID=2936) to work on /opt/airflow/dags/daily_revenue_etl_dag.py
[2026-04-13T07:44:48.178+0000] {processor.py:830} INFO - Processing file /opt/airflow/dags/daily_revenue_etl_dag.py for tasks to queue
[2026-04-13T07:44:48.180+0000] {logging_mixin.py:188} INFO - [2026-04-13T07:44:48.179+0000] {dagbag.py:538} INFO - Filling up the DagBag from /opt/airflow/dags/daily_revenue_etl_dag.py
[2026-04-13T07:44:48.204+0000] {processor.py:840} INFO - DAG(s) 'daily_revenue_etl_dag' retrieved from /opt/airflow/dags/daily_revenue_etl_dag.py
[2026-04-13T07:44:48.250+0000] {logging_mixin.py:188} INFO - [2026-04-13T07:44:48.249+0000] {dag.py:3036} INFO - Sync 1 DAGs
[2026-04-13T07:44:48.299+0000] {logging_mixin.py:188} INFO - [2026-04-13T07:44:48.299+0000] {dag.py:3823} INFO - Setting next_dagrun for daily_revenue_etl_dag to 2026-04-13 00:00:00+00:00, run_after=2026-04-14 00:00:00+00:00
[2026-04-13T07:44:48.328+0000] {processor.py:183} INFO - Processing /opt/airflow/dags/daily_revenue_etl_dag.py took 0.156 seconds
[2026-04-13T07:45:18.484+0000] {processor.py:161} INFO - Started process (PID=2941) to work on /opt/airflow/dags/daily_revenue_etl_dag.py
[2026-04-13T07:45:18.485+0000] {processor.py:830} INFO - Processing file /opt/airflow/dags/daily_revenue_etl_dag.py for tasks to queue
[2026-04-13T07:45:18.487+0000] {logging_mixin.py:188} INFO - [2026-04-13T07:45:18.486+0000] {dagbag.py:538} INFO - Filling up the DagBag from /opt/airflow/dags/daily_revenue_etl_dag.py
[2026-04-13T07:45:18.512+0000] {processor.py:840} INFO - DAG(s) 'daily_revenue_etl_dag' retrieved from /opt/airflow/dags/daily_revenue_etl_dag.py
[2026-04-13T07:45:18.545+0000] {logging_mixin.py:188} INFO - [2026-04-13T07:45:18.545+0000] {dag.py:3036} INFO - Sync 1 DAGs
[2026-04-13T07:45:18.572+0000] {logging_mixin.py:188} INFO - [2026-04-13T07:45:18.571+0000] {dag.py:3823} INFO - Setting next_dagrun for daily_revenue_etl_dag to 2026-04-13 00:00:00+00:00, run_after=2026-04-14 00:00:00+00:00
[2026-04-13T07:45:18.593+0000] {processor.py:183} INFO - Processing /opt/airflow/dags/daily_revenue_etl_dag.py took 0.117 seconds
[2026-04-13T08:09:16.814+0000] {processor.py:161} INFO - Started process (PID=2946) to work on /opt/airflow/dags/daily_revenue_etl_dag.py
[2026-04-13T08:09:16.815+0000] {processor.py:830} INFO - Processing file /opt/airflow/dags/daily_revenue_etl_dag.py for tasks to queue
[2026-04-13T08:09:16.817+0000] {logging_mixin.py:188} INFO - [2026-04-13T08:09:16.816+0000] {dagbag.py:538} INFO - Filling up the DagBag from /opt/airflow/dags/daily_revenue_etl_dag.py
[2026-04-13T08:09:16.862+0000] {processor.py:840} INFO - DAG(s) 'daily_revenue_etl_dag' retrieved from /opt/airflow/dags/daily_revenue_etl_dag.py
[2026-04-13T08:09:16.916+0000] {logging_mixin.py:188} INFO - [2026-04-13T08:09:16.916+0000] {dag.py:3036} INFO - Sync 1 DAGs
[2026-04-13T08:09:16.960+0000] {logging_mixin.py:188} INFO - [2026-04-13T08:09:16.959+0000] {dag.py:3823} INFO - Setting next_dagrun for daily_revenue_etl_dag to 2026-04-13 00:00:00+00:00, run_after=2026-04-14 00:00:00+00:00
[2026-04-13T08:09:16.986+0000] {processor.py:183} INFO - Processing /opt/airflow/dags/daily_revenue_etl_dag.py took 0.178 seconds
[2026-04-13T08:09:21.843+0000] {processor.py:161} INFO - Started process (PID=2951) to work on /opt/airflow/dags/daily_revenue_etl_dag.py
[2026-04-13T08:09:21.844+0000] {processor.py:830} INFO - Processing file /opt/airflow/dags/daily_revenue_etl_dag.py for tasks to queue
[2026-04-13T08:09:21.845+0000] {logging_mixin.py:188} INFO - [2026-04-13T08:09:21.845+0000] {dagbag.py:538} INFO - Filling up the DagBag from /opt/airflow/dags/daily_revenue_etl_dag.py
[2026-04-13T08:09:21.861+0000] {processor.py:840} INFO - DAG(s) 'daily_revenue_etl_dag' retrieved from /opt/airflow/dags/daily_revenue_etl_dag.py
[2026-04-13T08:09:21.883+0000] {logging_mixin.py:188} INFO - [2026-04-13T08:09:21.883+0000] {dag.py:3036} INFO - Sync 1 DAGs
[2026-04-13T08:09:21.902+0000] {logging_mixin.py:188} INFO - [2026-04-13T08:09:21.901+0000] {dag.py:3823} INFO - Setting next_dagrun for daily_revenue_etl_dag to 2026-04-13 00:00:00+00:00, run_after=2026-04-14 00:00:00+00:00
[2026-04-13T08:09:21.917+0000] {processor.py:183} INFO - Processing /opt/airflow/dags/daily_revenue_etl_dag.py took 0.077 seconds
[2026-04-13T08:09:52.029+0000] {processor.py:161} INFO - Started process (PID=2957) to work on /opt/airflow/dags/daily_revenue_etl_dag.py
[2026-04-13T08:09:52.030+0000] {processor.py:830} INFO - Processing file /opt/airflow/dags/daily_revenue_etl_dag.py for tasks to queue
[2026-04-13T08:09:52.032+0000] {logging_mixin.py:188} INFO - [2026-04-13T08:09:52.031+0000] {dagbag.py:538} INFO - Filling up the DagBag from /opt/airflow/dags/daily_revenue_etl_dag.py
[2026-04-13T07:45:54.907+0000] {processor.py:840} INFO - DAG(s) 'daily_revenue_etl_dag' retrieved from /opt/airflow/dags/daily_revenue_etl_dag.py
[2026-04-13T07:45:54.948+0000] {logging_mixin.py:188} INFO - [2026-04-13T07:45:54.947+0000] {dag.py:3036} INFO - Sync 1 DAGs
[2026-04-13T07:45:54.988+0000] {logging_mixin.py:188} INFO - [2026-04-13T07:45:54.987+0000] {dag.py:3823} INFO - Setting next_dagrun for daily_revenue_etl_dag to 2026-04-13 00:00:00+00:00, run_after=2026-04-14 00:00:00+00:00
[2026-04-13T07:45:55.032+0000] {processor.py:183} INFO - Processing /opt/airflow/dags/daily_revenue_etl_dag.py took 0.164 seconds
[2026-04-13T07:45:59.937+0000] {processor.py:161} INFO - Started process (PID=2962) to work on /opt/airflow/dags/daily_revenue_etl_dag.py
[2026-04-13T07:45:59.938+0000] {processor.py:830} INFO - Processing file /opt/airflow/dags/daily_revenue_etl_dag.py for tasks to queue
[2026-04-13T07:45:59.939+0000] {logging_mixin.py:188} INFO - [2026-04-13T07:45:59.939+0000] {dagbag.py:538} INFO - Filling up the DagBag from /opt/airflow/dags/daily_revenue_etl_dag.py
[2026-04-13T07:45:59.956+0000] {processor.py:840} INFO - DAG(s) 'daily_revenue_etl_dag' retrieved from /opt/airflow/dags/daily_revenue_etl_dag.py
[2026-04-13T07:45:59.983+0000] {logging_mixin.py:188} INFO - [2026-04-13T07:45:59.982+0000] {dag.py:3036} INFO - Sync 1 DAGs
[2026-04-13T07:46:00.004+0000] {logging_mixin.py:188} INFO - [2026-04-13T07:46:00.004+0000] {dag.py:3823} INFO - Setting next_dagrun for daily_revenue_etl_dag to 2026-04-13 00:00:00+00:00, run_after=2026-04-14 00:00:00+00:00
[2026-04-13T07:46:00.022+0000] {processor.py:183} INFO - Processing /opt/airflow/dags/daily_revenue_etl_dag.py took 0.088 seconds
[2026-04-13T07:46:30.133+0000] {processor.py:161} INFO - Started process (PID=2967) to work on /opt/airflow/dags/daily_revenue_etl_dag.py
[2026-04-13T07:46:30.134+0000] {processor.py:830} INFO - Processing file /opt/airflow/dags/daily_revenue_etl_dag.py for tasks to queue
[2026-04-13T07:46:30.135+0000] {logging_mixin.py:188} INFO - [2026-04-13T07:46:30.135+0000] {dagbag.py:538} INFO - Filling up the DagBag from /opt/airflow/dags/daily_revenue_etl_dag.py
[2026-04-13T07:46:30.153+0000] {processor.py:840} INFO - DAG(s) 'daily_revenue_etl_dag' retrieved from /opt/airflow/dags/daily_revenue_etl_dag.py
[2026-04-13T07:46:30.182+0000] {logging_mixin.py:188} INFO - [2026-04-13T07:46:30.182+0000] {dag.py:3036} INFO - Sync 1 DAGs
[2026-04-13T07:46:30.208+0000] {logging_mixin.py:188} INFO - [2026-04-13T07:46:30.208+0000] {dag.py:3823} INFO - Setting next_dagrun for daily_revenue_etl_dag to 2026-04-13 00:00:00+00:00, run_after=2026-04-14 00:00:00+00:00
[2026-04-13T07:46:30.233+0000] {processor.py:183} INFO - Processing /opt/airflow/dags/daily_revenue_etl_dag.py took 0.105 seconds
[2026-04-13T07:47:00.405+0000] {processor.py:161} INFO - Started process (PID=2972) to work on /opt/airflow/dags/daily_revenue_etl_dag.py
[2026-04-13T07:47:00.407+0000] {processor.py:830} INFO - Processing file /opt/airflow/dags/daily_revenue_etl_dag.py for tasks to queue
[2026-04-13T07:47:00.408+0000] {logging_mixin.py:188} INFO - [2026-04-13T07:47:00.408+0000] {dagbag.py:538} INFO - Filling up the DagBag from /opt/airflow/dags/daily_revenue_etl_dag.py
[2026-04-13T07:47:00.431+0000] {processor.py:840} INFO - DAG(s) 'daily_revenue_etl_dag' retrieved from /opt/airflow/dags/daily_revenue_etl_dag.py
[2026-04-13T07:47:00.463+0000] {logging_mixin.py:188} INFO - [2026-04-13T07:47:00.463+0000] {dag.py:3036} INFO - Sync 1 DAGs
[2026-04-13T07:47:00.491+0000] {logging_mixin.py:188} INFO - [2026-04-13T07:47:00.491+0000] {dag.py:3823} INFO - Setting next_dagrun for daily_revenue_etl_dag to 2026-04-13 00:00:00+00:00, run_after=2026-04-14 00:00:00+00:00
[2026-04-13T07:47:00.513+0000] {processor.py:183} INFO - Processing /opt/airflow/dags/daily_revenue_etl_dag.py took 0.112 seconds
[2026-04-13T08:11:14.858+0000] {processor.py:161} INFO - Started process (PID=2977) to work on /opt/airflow/dags/daily_revenue_etl_dag.py
[2026-04-13T08:11:14.860+0000] {processor.py:830} INFO - Processing file /opt/airflow/dags/daily_revenue_etl_dag.py for tasks to queue
[2026-04-13T08:11:14.862+0000] {logging_mixin.py:188} INFO - [2026-04-13T08:11:14.861+0000] {dagbag.py:538} INFO - Filling up the DagBag from /opt/airflow/dags/daily_revenue_etl_dag.py
[2026-04-13T08:11:14.883+0000] {processor.py:840} INFO - DAG(s) 'daily_revenue_etl_dag' retrieved from /opt/airflow/dags/daily_revenue_etl_dag.py
[2026-04-13T08:11:14.915+0000] {logging_mixin.py:188} INFO - [2026-04-13T08:11:14.915+0000] {dag.py:3036} INFO - Sync 1 DAGs
[2026-04-13T08:11:14.939+0000] {logging_mixin.py:188} INFO - [2026-04-13T08:11:14.938+0000] {dag.py:3823} INFO - Setting next_dagrun for daily_revenue_etl_dag to 2026-04-13 00:00:00+00:00, run_after=2026-04-14 00:00:00+00:00
[2026-04-13T08:11:14.962+0000] {processor.py:183} INFO - Processing /opt/airflow/dags/daily_revenue_etl_dag.py took 0.107 seconds
[2026-04-13T07:47:47.891+0000] {processor.py:161} INFO - Started process (PID=2982) to work on /opt/airflow/dags/daily_revenue_etl_dag.py
[2026-04-13T07:47:47.892+0000] {processor.py:830} INFO - Processing file /opt/airflow/dags/daily_revenue_etl_dag.py for tasks to queue
[2026-04-13T07:47:47.892+0000] {logging_mixin.py:188} INFO - [2026-04-13T07:47:47.892+0000] {dagbag.py:538} INFO - Filling up the DagBag from /opt/airflow/dags/daily_revenue_etl_dag.py
[2026-04-13T07:47:47.910+0000] {processor.py:840} INFO - DAG(s) 'daily_revenue_etl_dag' retrieved from /opt/airflow/dags/daily_revenue_etl_dag.py
[2026-04-13T07:47:47.934+0000] {logging_mixin.py:188} INFO - [2026-04-13T07:47:47.934+0000] {dag.py:3036} INFO - Sync 1 DAGs
[2026-04-13T07:47:47.955+0000] {logging_mixin.py:188} INFO - [2026-04-13T07:47:47.954+0000] {dag.py:3823} INFO - Setting next_dagrun for daily_revenue_etl_dag to 2026-04-13 00:00:00+00:00, run_after=2026-04-14 00:00:00+00:00
[2026-04-13T07:47:47.969+0000] {processor.py:183} INFO - Processing /opt/airflow/dags/daily_revenue_etl_dag.py took 0.082 seconds
[2026-04-13T08:11:47.083+0000] {processor.py:161} INFO - Started process (PID=2987) to work on /opt/airflow/dags/daily_revenue_etl_dag.py
[2026-04-13T08:11:47.085+0000] {processor.py:830} INFO - Processing file /opt/airflow/dags/daily_revenue_etl_dag.py for tasks to queue
[2026-04-13T08:11:47.086+0000] {logging_mixin.py:188} INFO - [2026-04-13T08:11:47.086+0000] {dagbag.py:538} INFO - Filling up the DagBag from /opt/airflow/dags/daily_revenue_etl_dag.py
[2026-04-13T08:11:47.112+0000] {processor.py:840} INFO - DAG(s) 'daily_revenue_etl_dag' retrieved from /opt/airflow/dags/daily_revenue_etl_dag.py
[2026-04-13T08:11:47.150+0000] {logging_mixin.py:188} INFO - [2026-04-13T08:11:47.149+0000] {dag.py:3036} INFO - Sync 1 DAGs
[2026-04-13T08:11:47.188+0000] {logging_mixin.py:188} INFO - [2026-04-13T08:11:47.186+0000] {dag.py:3823} INFO - Setting next_dagrun for daily_revenue_etl_dag to 2026-04-13 00:00:00+00:00, run_after=2026-04-14 00:00:00+00:00
[2026-04-13T08:11:47.231+0000] {processor.py:183} INFO - Processing /opt/airflow/dags/daily_revenue_etl_dag.py took 0.154 seconds
[2026-04-13T07:49:47.926+0000] {processor.py:161} INFO - Started process (PID=2993) to work on /opt/airflow/dags/daily_revenue_etl_dag.py
[2026-04-13T07:49:47.929+0000] {processor.py:830} INFO - Processing file /opt/airflow/dags/daily_revenue_etl_dag.py for tasks to queue
[2026-04-13T07:49:47.931+0000] {logging_mixin.py:188} INFO - [2026-04-13T07:49:47.931+0000] {dagbag.py:538} INFO - Filling up the DagBag from /opt/airflow/dags/daily_revenue_etl_dag.py
[2026-04-13T07:49:47.970+0000] {processor.py:840} INFO - DAG(s) 'daily_revenue_etl_dag' retrieved from /opt/airflow/dags/daily_revenue_etl_dag.py
[2026-04-13T07:49:48.032+0000] {logging_mixin.py:188} INFO - [2026-04-13T07:49:48.031+0000] {dag.py:3036} INFO - Sync 1 DAGs
[2026-04-13T07:49:48.078+0000] {logging_mixin.py:188} INFO - [2026-04-13T07:49:48.077+0000] {dag.py:3823} INFO - Setting next_dagrun for daily_revenue_etl_dag to 2026-04-13 00:00:00+00:00, run_after=2026-04-14 00:00:00+00:00
[2026-04-13T07:49:48.125+0000] {processor.py:183} INFO - Processing /opt/airflow/dags/daily_revenue_etl_dag.py took 0.207 seconds
[2026-04-13T08:13:47.356+0000] {processor.py:161} INFO - Started process (PID=2998) to work on /opt/airflow/dags/daily_revenue_etl_dag.py
[2026-04-13T08:13:47.358+0000] {processor.py:830} INFO - Processing file /opt/airflow/dags/daily_revenue_etl_dag.py for tasks to queue
[2026-04-13T08:13:47.359+0000] {logging_mixin.py:188} INFO - [2026-04-13T08:13:47.359+0000] {dagbag.py:538} INFO - Filling up the DagBag from /opt/airflow/dags/daily_revenue_etl_dag.py
[2026-04-13T08:13:47.393+0000] {processor.py:840} INFO - DAG(s) 'daily_revenue_etl_dag' retrieved from /opt/airflow/dags/daily_revenue_etl_dag.py
[2026-04-13T08:13:47.433+0000] {logging_mixin.py:188} INFO - [2026-04-13T08:13:47.433+0000] {dag.py:3036} INFO - Sync 1 DAGs
[2026-04-13T08:13:47.469+0000] {logging_mixin.py:188} INFO - [2026-04-13T08:13:47.469+0000] {dag.py:3823} INFO - Setting next_dagrun for daily_revenue_etl_dag to 2026-04-13 00:00:00+00:00, run_after=2026-04-14 00:00:00+00:00
[2026-04-13T07:49:50.347+0000] {processor.py:183} INFO - Processing /opt/airflow/dags/daily_revenue_etl_dag.py took 0.150 seconds
[2026-04-13T08:13:52.401+0000] {processor.py:161} INFO - Started process (PID=3003) to work on /opt/airflow/dags/daily_revenue_etl_dag.py
[2026-04-13T08:13:52.403+0000] {processor.py:830} INFO - Processing file /opt/airflow/dags/daily_revenue_etl_dag.py for tasks to queue
[2026-04-13T08:13:52.404+0000] {logging_mixin.py:188} INFO - [2026-04-13T08:13:52.403+0000] {dagbag.py:538} INFO - Filling up the DagBag from /opt/airflow/dags/daily_revenue_etl_dag.py
[2026-04-13T08:13:52.428+0000] {processor.py:840} INFO - DAG(s) 'daily_revenue_etl_dag' retrieved from /opt/airflow/dags/daily_revenue_etl_dag.py
[2026-04-13T08:13:52.467+0000] {logging_mixin.py:188} INFO - [2026-04-13T08:13:52.466+0000] {dag.py:3036} INFO - Sync 1 DAGs
[2026-04-13T07:49:55.356+0000] {logging_mixin.py:188} INFO - [2026-04-13T07:49:55.355+0000] {dag.py:3823} INFO - Setting next_dagrun for daily_revenue_etl_dag to 2026-04-13 00:00:00+00:00, run_after=2026-04-14 00:00:00+00:00
[2026-04-13T07:49:55.386+0000] {processor.py:183} INFO - Processing /opt/airflow/dags/daily_revenue_etl_dag.py took 0.137 seconds
[2026-04-13T08:13:57.448+0000] {processor.py:161} INFO - Started process (PID=3008) to work on /opt/airflow/dags/daily_revenue_etl_dag.py
[2026-04-13T08:13:57.449+0000] {processor.py:830} INFO - Processing file /opt/airflow/dags/daily_revenue_etl_dag.py for tasks to queue
[2026-04-13T08:13:57.451+0000] {logging_mixin.py:188} INFO - [2026-04-13T08:13:57.450+0000] {dagbag.py:538} INFO - Filling up the DagBag from /opt/airflow/dags/daily_revenue_etl_dag.py
[2026-04-13T08:13:57.479+0000] {processor.py:840} INFO - DAG(s) 'daily_revenue_etl_dag' retrieved from /opt/airflow/dags/daily_revenue_etl_dag.py
[2026-04-13T07:50:00.369+0000] {logging_mixin.py:188} INFO - [2026-04-13T07:50:00.368+0000] {dag.py:3036} INFO - Sync 1 DAGs
[2026-04-13T07:50:00.401+0000] {logging_mixin.py:188} INFO - [2026-04-13T07:50:00.400+0000] {dag.py:3823} INFO - Setting next_dagrun for daily_revenue_etl_dag to 2026-04-13 00:00:00+00:00, run_after=2026-04-14 00:00:00+00:00
[2026-04-13T07:50:00.427+0000] {processor.py:183} INFO - Processing /opt/airflow/dags/daily_revenue_etl_dag.py took 0.136 seconds
[2026-04-13T07:50:30.681+0000] {processor.py:161} INFO - Started process (PID=3013) to work on /opt/airflow/dags/daily_revenue_etl_dag.py
[2026-04-13T07:50:30.683+0000] {processor.py:830} INFO - Processing file /opt/airflow/dags/daily_revenue_etl_dag.py for tasks to queue
[2026-04-13T07:50:30.684+0000] {logging_mixin.py:188} INFO - [2026-04-13T07:50:30.683+0000] {dagbag.py:538} INFO - Filling up the DagBag from /opt/airflow/dags/daily_revenue_etl_dag.py
[2026-04-13T07:50:30.709+0000] {processor.py:840} INFO - DAG(s) 'daily_revenue_etl_dag' retrieved from /opt/airflow/dags/daily_revenue_etl_dag.py
[2026-04-13T07:50:30.743+0000] {logging_mixin.py:188} INFO - [2026-04-13T07:50:30.743+0000] {dag.py:3036} INFO - Sync 1 DAGs
[2026-04-13T07:50:30.771+0000] {logging_mixin.py:188} INFO - [2026-04-13T07:50:30.770+0000] {dag.py:3823} INFO - Setting next_dagrun for daily_revenue_etl_dag to 2026-04-13 00:00:00+00:00, run_after=2026-04-14 00:00:00+00:00
[2026-04-13T07:50:30.794+0000] {processor.py:183} INFO - Processing /opt/airflow/dags/daily_revenue_etl_dag.py took 0.116 seconds
[2026-04-13T08:14:44.991+0000] {processor.py:161} INFO - Started process (PID=3018) to work on /opt/airflow/dags/daily_revenue_etl_dag.py
[2026-04-13T08:14:44.992+0000] {processor.py:830} INFO - Processing file /opt/airflow/dags/daily_revenue_etl_dag.py for tasks to queue
[2026-04-13T08:14:44.995+0000] {logging_mixin.py:188} INFO - [2026-04-13T08:14:44.994+0000] {dagbag.py:538} INFO - Filling up the DagBag from /opt/airflow/dags/daily_revenue_etl_dag.py
[2026-04-13T08:14:45.051+0000] {processor.py:840} INFO - DAG(s) 'daily_revenue_etl_dag' retrieved from /opt/airflow/dags/daily_revenue_etl_dag.py
[2026-04-13T08:14:45.120+0000] {logging_mixin.py:188} INFO - [2026-04-13T08:14:45.120+0000] {dag.py:3036} INFO - Sync 1 DAGs
[2026-04-13T07:50:48.100+0000] {logging_mixin.py:188} INFO - [2026-04-13T07:50:48.099+0000] {dag.py:3823} INFO - Setting next_dagrun for daily_revenue_etl_dag to 2026-04-13 00:00:00+00:00, run_after=2026-04-14 00:00:00+00:00
[2026-04-13T07:50:48.232+0000] {processor.py:183} INFO - Processing /opt/airflow/dags/daily_revenue_etl_dag.py took 0.382 seconds
[2026-04-13T08:14:47.464+0000] {processor.py:161} INFO - Started process (PID=3023) to work on /opt/airflow/dags/daily_revenue_etl_dag.py
[2026-04-13T08:14:47.466+0000] {processor.py:830} INFO - Processing file /opt/airflow/dags/daily_revenue_etl_dag.py for tasks to queue
[2026-04-13T08:14:47.468+0000] {logging_mixin.py:188} INFO - [2026-04-13T08:14:47.467+0000] {dagbag.py:538} INFO - Filling up the DagBag from /opt/airflow/dags/daily_revenue_etl_dag.py
[2026-04-13T08:14:47.495+0000] {processor.py:840} INFO - DAG(s) 'daily_revenue_etl_dag' retrieved from /opt/airflow/dags/daily_revenue_etl_dag.py
[2026-04-13T07:50:50.461+0000] {logging_mixin.py:188} INFO - [2026-04-13T07:50:50.460+0000] {dag.py:3036} INFO - Sync 1 DAGs
[2026-04-13T07:50:50.734+0000] {logging_mixin.py:188} INFO - [2026-04-13T07:50:50.733+0000] {dag.py:3823} INFO - Setting next_dagrun for daily_revenue_etl_dag to 2026-04-13 00:00:00+00:00, run_after=2026-04-14 00:00:00+00:00
[2026-04-13T07:50:50.836+0000] {processor.py:183} INFO - Processing /opt/airflow/dags/daily_revenue_etl_dag.py took 0.534 seconds
[2026-04-13T08:14:52.574+0000] {processor.py:161} INFO - Started process (PID=3028) to work on /opt/airflow/dags/daily_revenue_etl_dag.py
[2026-04-13T08:14:52.586+0000] {processor.py:830} INFO - Processing file /opt/airflow/dags/daily_revenue_etl_dag.py for tasks to queue
[2026-04-13T07:50:55.442+0000] {logging_mixin.py:188} INFO - [2026-04-13T07:50:55.440+0000] {dagbag.py:538} INFO - Filling up the DagBag from /opt/airflow/dags/daily_revenue_etl_dag.py
[2026-04-13T07:50:55.596+0000] {processor.py:840} INFO - DAG(s) 'daily_revenue_etl_dag' retrieved from /opt/airflow/dags/daily_revenue_etl_dag.py
[2026-04-13T07:50:55.776+0000] {logging_mixin.py:188} INFO - [2026-04-13T07:50:55.775+0000] {dag.py:3036} INFO - Sync 1 DAGs
[2026-04-13T07:50:55.914+0000] {logging_mixin.py:188} INFO - [2026-04-13T07:50:55.913+0000] {dag.py:3823} INFO - Setting next_dagrun for daily_revenue_etl_dag to 2026-04-13 00:00:00+00:00, run_after=2026-04-14 00:00:00+00:00
[2026-04-13T07:50:55.978+0000] {processor.py:183} INFO - Processing /opt/airflow/dags/daily_revenue_etl_dag.py took 0.610 seconds
[2026-04-13T07:51:26.125+0000] {processor.py:161} INFO - Started process (PID=3033) to work on /opt/airflow/dags/daily_revenue_etl_dag.py
[2026-04-13T07:51:26.126+0000] {processor.py:830} INFO - Processing file /opt/airflow/dags/daily_revenue_etl_dag.py for tasks to queue
[2026-04-13T07:51:26.128+0000] {logging_mixin.py:188} INFO - [2026-04-13T07:51:26.128+0000] {dagbag.py:538} INFO - Filling up the DagBag from /opt/airflow/dags/daily_revenue_etl_dag.py
[2026-04-13T07:51:26.183+0000] {processor.py:840} INFO - DAG(s) 'daily_revenue_etl_dag' retrieved from /opt/airflow/dags/daily_revenue_etl_dag.py
[2026-04-13T07:51:26.324+0000] {logging_mixin.py:188} INFO - [2026-04-13T07:51:26.323+0000] {dag.py:3036} INFO - Sync 1 DAGs
[2026-04-13T07:51:26.406+0000] {logging_mixin.py:188} INFO - [2026-04-13T07:51:26.406+0000] {dag.py:3823} INFO - Setting next_dagrun for daily_revenue_etl_dag to 2026-04-13 00:00:00+00:00, run_after=2026-04-14 00:00:00+00:00
[2026-04-13T07:51:26.448+0000] {processor.py:183} INFO - Processing /opt/airflow/dags/daily_revenue_etl_dag.py took 0.328 seconds
[2026-04-13T08:15:37.459+0000] {processor.py:161} INFO - Started process (PID=3038) to work on /opt/airflow/dags/daily_revenue_etl_dag.py
[2026-04-13T08:15:37.461+0000] {processor.py:830} INFO - Processing file /opt/airflow/dags/daily_revenue_etl_dag.py for tasks to queue
[2026-04-13T08:15:37.462+0000] {logging_mixin.py:188} INFO - [2026-04-13T08:15:37.462+0000] {dagbag.py:538} INFO - Filling up the DagBag from /opt/airflow/dags/daily_revenue_etl_dag.py
[2026-04-13T08:15:37.483+0000] {processor.py:840} INFO - DAG(s) 'daily_revenue_etl_dag' retrieved from /opt/airflow/dags/daily_revenue_etl_dag.py
[2026-04-13T08:15:37.517+0000] {logging_mixin.py:188} INFO - [2026-04-13T08:15:37.517+0000] {dag.py:3036} INFO - Sync 1 DAGs
[2026-04-13T08:15:37.547+0000] {logging_mixin.py:188} INFO - [2026-04-13T08:15:37.546+0000] {dag.py:3823} INFO - Setting next_dagrun for daily_revenue_etl_dag to 2026-04-13 00:00:00+00:00, run_after=2026-04-14 00:00:00+00:00
[2026-04-13T08:15:37.572+0000] {processor.py:183} INFO - Processing /opt/airflow/dags/daily_revenue_etl_dag.py took 0.118 seconds
[2026-04-13T08:16:07.683+0000] {processor.py:161} INFO - Started process (PID=3043) to work on /opt/airflow/dags/daily_revenue_etl_dag.py
[2026-04-13T08:16:07.685+0000] {processor.py:830} INFO - Processing file /opt/airflow/dags/daily_revenue_etl_dag.py for tasks to queue
[2026-04-13T08:16:07.686+0000] {logging_mixin.py:188} INFO - [2026-04-13T08:16:07.686+0000] {dagbag.py:538} INFO - Filling up the DagBag from /opt/airflow/dags/daily_revenue_etl_dag.py
[2026-04-13T07:52:10.566+0000] {processor.py:840} INFO - DAG(s) 'daily_revenue_etl_dag' retrieved from /opt/airflow/dags/daily_revenue_etl_dag.py
[2026-04-13T07:52:10.614+0000] {logging_mixin.py:188} INFO - [2026-04-13T07:52:10.613+0000] {dag.py:3036} INFO - Sync 1 DAGs
[2026-04-13T07:52:10.656+0000] {logging_mixin.py:188} INFO - [2026-04-13T07:52:10.655+0000] {dag.py:3823} INFO - Setting next_dagrun for daily_revenue_etl_dag to 2026-04-13 00:00:00+00:00, run_after=2026-04-14 00:00:00+00:00
[2026-04-13T07:52:10.701+0000] {processor.py:183} INFO - Processing /opt/airflow/dags/daily_revenue_etl_dag.py took 0.186 seconds
[2026-04-13T08:16:14.898+0000] {processor.py:161} INFO - Started process (PID=3048) to work on /opt/airflow/dags/daily_revenue_etl_dag.py
[2026-04-13T08:16:14.900+0000] {processor.py:830} INFO - Processing file /opt/airflow/dags/daily_revenue_etl_dag.py for tasks to queue
[2026-04-13T08:16:14.903+0000] {logging_mixin.py:188} INFO - [2026-04-13T08:16:14.902+0000] {dagbag.py:538} INFO - Filling up the DagBag from /opt/airflow/dags/daily_revenue_etl_dag.py
[2026-04-13T08:16:14.923+0000] {processor.py:840} INFO - DAG(s) 'daily_revenue_etl_dag' retrieved from /opt/airflow/dags/daily_revenue_etl_dag.py
[2026-04-13T08:16:14.955+0000] {logging_mixin.py:188} INFO - [2026-04-13T08:16:14.955+0000] {dag.py:3036} INFO - Sync 1 DAGs
[2026-04-13T08:16:14.981+0000] {logging_mixin.py:188} INFO - [2026-04-13T08:16:14.980+0000] {dag.py:3823} INFO - Setting next_dagrun for daily_revenue_etl_dag to 2026-04-13 00:00:00+00:00, run_after=2026-04-14 00:00:00+00:00
[2026-04-13T08:16:15.005+0000] {processor.py:183} INFO - Processing /opt/airflow/dags/daily_revenue_etl_dag.py took 0.111 seconds
[2026-04-13T08:18:17.799+0000] {processor.py:161} INFO - Started process (PID=3055) to work on /opt/airflow/dags/daily_revenue_etl_dag.py
[2026-04-13T08:18:17.801+0000] {processor.py:830} INFO - Processing file /opt/airflow/dags/daily_revenue_etl_dag.py for tasks to queue
[2026-04-13T08:18:17.802+0000] {logging_mixin.py:188} INFO - [2026-04-13T08:18:17.802+0000] {dagbag.py:538} INFO - Filling up the DagBag from /opt/airflow/dags/daily_revenue_etl_dag.py
[2026-04-13T08:18:17.825+0000] {processor.py:840} INFO - DAG(s) 'daily_revenue_etl_dag' retrieved from /opt/airflow/dags/daily_revenue_etl_dag.py
[2026-04-13T08:18:17.860+0000] {logging_mixin.py:188} INFO - [2026-04-13T08:18:17.859+0000] {dag.py:3036} INFO - Sync 1 DAGs
[2026-04-13T08:18:17.889+0000] {logging_mixin.py:188} INFO - [2026-04-13T08:18:17.889+0000] {dag.py:3823} INFO - Setting next_dagrun for daily_revenue_etl_dag to 2026-04-13 00:00:00+00:00, run_after=2026-04-14 00:00:00+00:00
[2026-04-13T08:18:17.912+0000] {processor.py:183} INFO - Processing /opt/airflow/dags/daily_revenue_etl_dag.py took 0.117 seconds
[2026-04-13T08:18:48.016+0000] {processor.py:161} INFO - Started process (PID=3060) to work on /opt/airflow/dags/daily_revenue_etl_dag.py
[2026-04-13T08:18:48.017+0000] {processor.py:830} INFO - Processing file /opt/airflow/dags/daily_revenue_etl_dag.py for tasks to queue
[2026-04-13T08:18:48.018+0000] {logging_mixin.py:188} INFO - [2026-04-13T08:18:48.017+0000] {dagbag.py:538} INFO - Filling up the DagBag from /opt/airflow/dags/daily_revenue_etl_dag.py
[2026-04-13T08:18:48.036+0000] {processor.py:840} INFO - DAG(s) 'daily_revenue_etl_dag' retrieved from /opt/airflow/dags/daily_revenue_etl_dag.py
[2026-04-13T07:54:50.923+0000] {logging_mixin.py:188} INFO - [2026-04-13T07:54:50.922+0000] {dag.py:3036} INFO - Sync 1 DAGs
[2026-04-13T07:54:50.952+0000] {logging_mixin.py:188} INFO - [2026-04-13T07:54:50.952+0000] {dag.py:3823} INFO - Setting next_dagrun for daily_revenue_etl_dag to 2026-04-13 00:00:00+00:00, run_after=2026-04-14 00:00:00+00:00
[2026-04-13T07:54:50.972+0000] {processor.py:183} INFO - Processing /opt/airflow/dags/daily_revenue_etl_dag.py took 0.108 seconds
[2026-04-13T07:55:21.179+0000] {processor.py:161} INFO - Started process (PID=3065) to work on /opt/airflow/dags/daily_revenue_etl_dag.py
[2026-04-13T07:55:21.181+0000] {processor.py:830} INFO - Processing file /opt/airflow/dags/daily_revenue_etl_dag.py for tasks to queue
[2026-04-13T07:55:21.182+0000] {logging_mixin.py:188} INFO - [2026-04-13T07:55:21.182+0000] {dagbag.py:538} INFO - Filling up the DagBag from /opt/airflow/dags/daily_revenue_etl_dag.py
[2026-04-13T07:55:21.207+0000] {processor.py:840} INFO - DAG(s) 'daily_revenue_etl_dag' retrieved from /opt/airflow/dags/daily_revenue_etl_dag.py
[2026-04-13T07:55:21.241+0000] {logging_mixin.py:188} INFO - [2026-04-13T07:55:21.241+0000] {dag.py:3036} INFO - Sync 1 DAGs
[2026-04-13T07:55:21.271+0000] {logging_mixin.py:188} INFO - [2026-04-13T07:55:21.271+0000] {dag.py:3823} INFO - Setting next_dagrun for daily_revenue_etl_dag to 2026-04-13 00:00:00+00:00, run_after=2026-04-14 00:00:00+00:00
[2026-04-13T07:55:21.296+0000] {processor.py:183} INFO - Processing /opt/airflow/dags/daily_revenue_etl_dag.py took 0.119 seconds
[2026-04-13T07:55:51.374+0000] {processor.py:161} INFO - Started process (PID=3070) to work on /opt/airflow/dags/daily_revenue_etl_dag.py
[2026-04-13T07:55:51.376+0000] {processor.py:830} INFO - Processing file /opt/airflow/dags/daily_revenue_etl_dag.py for tasks to queue
[2026-04-13T07:55:51.377+0000] {logging_mixin.py:188} INFO - [2026-04-13T07:55:51.376+0000] {dagbag.py:538} INFO - Filling up the DagBag from /opt/airflow/dags/daily_revenue_etl_dag.py
[2026-04-13T07:55:51.402+0000] {processor.py:840} INFO - DAG(s) 'daily_revenue_etl_dag' retrieved from /opt/airflow/dags/daily_revenue_etl_dag.py
[2026-04-13T07:55:51.446+0000] {logging_mixin.py:188} INFO - [2026-04-13T07:55:51.445+0000] {dag.py:3036} INFO - Sync 1 DAGs
[2026-04-13T07:55:51.486+0000] {logging_mixin.py:188} INFO - [2026-04-13T07:55:51.486+0000] {dag.py:3823} INFO - Setting next_dagrun for daily_revenue_etl_dag to 2026-04-13 00:00:00+00:00, run_after=2026-04-14 00:00:00+00:00
[2026-04-13T07:55:51.529+0000] {processor.py:183} INFO - Processing /opt/airflow/dags/daily_revenue_etl_dag.py took 0.159 seconds
[2026-04-13T08:20:14.941+0000] {processor.py:161} INFO - Started process (PID=3075) to work on /opt/airflow/dags/daily_revenue_etl_dag.py
[2026-04-13T08:20:14.944+0000] {processor.py:830} INFO - Processing file /opt/airflow/dags/daily_revenue_etl_dag.py for tasks to queue
[2026-04-13T08:20:14.946+0000] {logging_mixin.py:188} INFO - [2026-04-13T08:20:14.946+0000] {dagbag.py:538} INFO - Filling up the DagBag from /opt/airflow/dags/daily_revenue_etl_dag.py
[2026-04-13T08:20:14.987+0000] {processor.py:840} INFO - DAG(s) 'daily_revenue_etl_dag' retrieved from /opt/airflow/dags/daily_revenue_etl_dag.py
[2026-04-13T08:20:15.045+0000] {logging_mixin.py:188} INFO - [2026-04-13T08:20:15.045+0000] {dag.py:3036} INFO - Sync 1 DAGs
[2026-04-13T08:20:15.081+0000] {logging_mixin.py:188} INFO - [2026-04-13T08:20:15.081+0000] {dag.py:3823} INFO - Setting next_dagrun for daily_revenue_etl_dag to 2026-04-13 00:00:00+00:00, run_after=2026-04-14 00:00:00+00:00
[2026-04-13T07:56:17.978+0000] {processor.py:183} INFO - Processing /opt/airflow/dags/daily_revenue_etl_dag.py took 0.189 seconds
[2026-04-13T08:20:17.966+0000] {processor.py:161} INFO - Started process (PID=3080) to work on /opt/airflow/dags/daily_revenue_etl_dag.py
[2026-04-13T08:20:17.967+0000] {processor.py:830} INFO - Processing file /opt/airflow/dags/daily_revenue_etl_dag.py for tasks to queue
[2026-04-13T08:20:17.969+0000] {logging_mixin.py:188} INFO - [2026-04-13T08:20:17.968+0000] {dagbag.py:538} INFO - Filling up the DagBag from /opt/airflow/dags/daily_revenue_etl_dag.py
[2026-04-13T08:20:17.991+0000] {processor.py:840} INFO - DAG(s) 'daily_revenue_etl_dag' retrieved from /opt/airflow/dags/daily_revenue_etl_dag.py
[2026-04-13T08:20:18.027+0000] {logging_mixin.py:188} INFO - [2026-04-13T08:20:18.027+0000] {dag.py:3036} INFO - Sync 1 DAGs
[2026-04-13T08:20:18.062+0000] {logging_mixin.py:188} INFO - [2026-04-13T08:20:18.061+0000] {dag.py:3823} INFO - Setting next_dagrun for daily_revenue_etl_dag to 2026-04-13 00:00:00+00:00, run_after=2026-04-14 00:00:00+00:00
[2026-04-13T08:20:18.084+0000] {processor.py:183} INFO - Processing /opt/airflow/dags/daily_revenue_etl_dag.py took 0.124 seconds
[2026-04-13T08:20:48.164+0000] {processor.py:161} INFO - Started process (PID=3085) to work on /opt/airflow/dags/daily_revenue_etl_dag.py
[2026-04-13T08:20:48.166+0000] {processor.py:830} INFO - Processing file /opt/airflow/dags/daily_revenue_etl_dag.py for tasks to queue
[2026-04-13T08:20:48.167+0000] {logging_mixin.py:188} INFO - [2026-04-13T08:20:48.167+0000] {dagbag.py:538} INFO - Filling up the DagBag from /opt/airflow/dags/daily_revenue_etl_dag.py
[2026-04-13T08:20:48.192+0000] {processor.py:840} INFO - DAG(s) 'daily_revenue_etl_dag' retrieved from /opt/airflow/dags/daily_revenue_etl_dag.py
[2026-04-13T07:56:51.086+0000] {logging_mixin.py:188} INFO - [2026-04-13T07:56:51.085+0000] {dag.py:3036} INFO - Sync 1 DAGs
[2026-04-13T07:56:51.114+0000] {logging_mixin.py:188} INFO - [2026-04-13T07:56:51.113+0000] {dag.py:3823} INFO - Setting next_dagrun for daily_revenue_etl_dag to 2026-04-13 00:00:00+00:00, run_after=2026-04-14 00:00:00+00:00
[2026-04-13T07:56:51.137+0000] {processor.py:183} INFO - Processing /opt/airflow/dags/daily_revenue_etl_dag.py took 0.121 seconds
[2026-04-13T07:57:01.094+0000] {processor.py:161} INFO - Started process (PID=3090) to work on /opt/airflow/dags/daily_revenue_etl_dag.py
[2026-04-13T07:57:01.096+0000] {processor.py:830} INFO - Processing file /opt/airflow/dags/daily_revenue_etl_dag.py for tasks to queue
[2026-04-13T07:57:01.098+0000] {logging_mixin.py:188} INFO - [2026-04-13T07:57:01.097+0000] {dagbag.py:538} INFO - Filling up the DagBag from /opt/airflow/dags/daily_revenue_etl_dag.py
[2026-04-13T07:57:01.125+0000] {processor.py:840} INFO - DAG(s) 'daily_revenue_etl_dag' retrieved from /opt/airflow/dags/daily_revenue_etl_dag.py
[2026-04-13T07:57:01.162+0000] {logging_mixin.py:188} INFO - [2026-04-13T07:57:01.162+0000] {dag.py:3036} INFO - Sync 1 DAGs
[2026-04-13T07:57:01.194+0000] {logging_mixin.py:188} INFO - [2026-04-13T07:57:01.193+0000] {dag.py:3823} INFO - Setting next_dagrun for daily_revenue_etl_dag to 2026-04-13 00:00:00+00:00, run_after=2026-04-14 00:00:00+00:00
[2026-04-13T07:57:01.226+0000] {processor.py:183} INFO - Processing /opt/airflow/dags/daily_revenue_etl_dag.py took 0.136 seconds
[2026-04-13T07:57:31.424+0000] {processor.py:161} INFO - Started process (PID=3095) to work on /opt/airflow/dags/daily_revenue_etl_dag.py
[2026-04-13T07:57:31.425+0000] {processor.py:830} INFO - Processing file /opt/airflow/dags/daily_revenue_etl_dag.py for tasks to queue
[2026-04-13T07:57:31.427+0000] {logging_mixin.py:188} INFO - [2026-04-13T07:57:31.426+0000] {dagbag.py:538} INFO - Filling up the DagBag from /opt/airflow/dags/daily_revenue_etl_dag.py
[2026-04-13T07:57:31.450+0000] {processor.py:840} INFO - DAG(s) 'daily_revenue_etl_dag' retrieved from /opt/airflow/dags/daily_revenue_etl_dag.py
[2026-04-13T07:57:31.484+0000] {logging_mixin.py:188} INFO - [2026-04-13T07:57:31.484+0000] {dag.py:3036} INFO - Sync 1 DAGs
[2026-04-13T07:57:31.520+0000] {logging_mixin.py:188} INFO - [2026-04-13T07:57:31.520+0000] {dag.py:3823} INFO - Setting next_dagrun for daily_revenue_etl_dag to 2026-04-13 00:00:00+00:00, run_after=2026-04-14 00:00:00+00:00
[2026-04-13T07:57:31.547+0000] {processor.py:183} INFO - Processing /opt/airflow/dags/daily_revenue_etl_dag.py took 0.127 seconds
[2026-04-13T07:58:01.647+0000] {processor.py:161} INFO - Started process (PID=3100) to work on /opt/airflow/dags/daily_revenue_etl_dag.py
[2026-04-13T07:58:01.650+0000] {processor.py:830} INFO - Processing file /opt/airflow/dags/daily_revenue_etl_dag.py for tasks to queue
[2026-04-13T07:58:01.651+0000] {logging_mixin.py:188} INFO - [2026-04-13T07:58:01.651+0000] {dagbag.py:538} INFO - Filling up the DagBag from /opt/airflow/dags/daily_revenue_etl_dag.py
[2026-04-13T07:58:01.679+0000] {processor.py:840} INFO - DAG(s) 'daily_revenue_etl_dag' retrieved from /opt/airflow/dags/daily_revenue_etl_dag.py
[2026-04-13T07:58:01.714+0000] {logging_mixin.py:188} INFO - [2026-04-13T07:58:01.714+0000] {dag.py:3036} INFO - Sync 1 DAGs
[2026-04-13T07:58:01.748+0000] {logging_mixin.py:188} INFO - [2026-04-13T07:58:01.747+0000] {dag.py:3823} INFO - Setting next_dagrun for daily_revenue_etl_dag to 2026-04-13 00:00:00+00:00, run_after=2026-04-14 00:00:00+00:00
[2026-04-13T07:58:01.808+0000] {processor.py:183} INFO - Processing /opt/airflow/dags/daily_revenue_etl_dag.py took 0.166 seconds
[2026-04-13T08:22:15.054+0000] {processor.py:161} INFO - Started process (PID=3105) to work on /opt/airflow/dags/daily_revenue_etl_dag.py
[2026-04-13T08:22:15.055+0000] {processor.py:830} INFO - Processing file /opt/airflow/dags/daily_revenue_etl_dag.py for tasks to queue
[2026-04-13T08:22:15.057+0000] {logging_mixin.py:188} INFO - [2026-04-13T08:22:15.056+0000] {dagbag.py:538} INFO - Filling up the DagBag from /opt/airflow/dags/daily_revenue_etl_dag.py
[2026-04-13T08:22:15.083+0000] {processor.py:840} INFO - DAG(s) 'daily_revenue_etl_dag' retrieved from /opt/airflow/dags/daily_revenue_etl_dag.py
[2026-04-13T07:58:17.976+0000] {logging_mixin.py:188} INFO - [2026-04-13T07:58:17.976+0000] {dag.py:3036} INFO - Sync 1 DAGs
[2026-04-13T07:58:18.012+0000] {logging_mixin.py:188} INFO - [2026-04-13T07:58:18.011+0000] {dag.py:3823} INFO - Setting next_dagrun for daily_revenue_etl_dag to 2026-04-13 00:00:00+00:00, run_after=2026-04-14 00:00:00+00:00
[2026-04-13T07:58:18.039+0000] {processor.py:183} INFO - Processing /opt/airflow/dags/daily_revenue_etl_dag.py took 0.132 seconds
[2026-04-13T08:22:18.244+0000] {processor.py:161} INFO - Started process (PID=3110) to work on /opt/airflow/dags/daily_revenue_etl_dag.py
[2026-04-13T08:22:18.246+0000] {processor.py:830} INFO - Processing file /opt/airflow/dags/daily_revenue_etl_dag.py for tasks to queue
[2026-04-13T08:22:18.247+0000] {logging_mixin.py:188} INFO - [2026-04-13T08:22:18.246+0000] {dagbag.py:538} INFO - Filling up the DagBag from /opt/airflow/dags/daily_revenue_etl_dag.py
[2026-04-13T08:22:18.272+0000] {processor.py:840} INFO - DAG(s) 'daily_revenue_etl_dag' retrieved from /opt/airflow/dags/daily_revenue_etl_dag.py
[2026-04-13T08:22:18.311+0000] {logging_mixin.py:188} INFO - [2026-04-13T08:22:18.310+0000] {dag.py:3036} INFO - Sync 1 DAGs
[2026-04-13T08:22:18.347+0000] {logging_mixin.py:188} INFO - [2026-04-13T08:22:18.347+0000] {dag.py:3823} INFO - Setting next_dagrun for daily_revenue_etl_dag to 2026-04-13 00:00:00+00:00, run_after=2026-04-14 00:00:00+00:00
[2026-04-13T07:58:21.235+0000] {processor.py:183} INFO - Processing /opt/airflow/dags/daily_revenue_etl_dag.py took 0.141 seconds
[2026-04-13T08:22:23.274+0000] {processor.py:161} INFO - Started process (PID=3115) to work on /opt/airflow/dags/daily_revenue_etl_dag.py
[2026-04-13T08:22:23.275+0000] {processor.py:830} INFO - Processing file /opt/airflow/dags/daily_revenue_etl_dag.py for tasks to queue
[2026-04-13T08:22:23.276+0000] {logging_mixin.py:188} INFO - [2026-04-13T08:22:23.276+0000] {dagbag.py:538} INFO - Filling up the DagBag from /opt/airflow/dags/daily_revenue_etl_dag.py
[2026-04-13T08:22:23.297+0000] {processor.py:840} INFO - DAG(s) 'daily_revenue_etl_dag' retrieved from /opt/airflow/dags/daily_revenue_etl_dag.py
[2026-04-13T08:22:23.330+0000] {logging_mixin.py:188} INFO - [2026-04-13T08:22:23.330+0000] {dag.py:3036} INFO - Sync 1 DAGs
[2026-04-13T08:22:23.357+0000] {logging_mixin.py:188} INFO - [2026-04-13T08:22:23.357+0000] {dag.py:3823} INFO - Setting next_dagrun for daily_revenue_etl_dag to 2026-04-13 00:00:00+00:00, run_after=2026-04-14 00:00:00+00:00
[2026-04-13T07:58:26.240+0000] {processor.py:183} INFO - Processing /opt/airflow/dags/daily_revenue_etl_dag.py took 0.114 seconds
[2026-04-13T08:22:28.312+0000] {processor.py:161} INFO - Started process (PID=3120) to work on /opt/airflow/dags/daily_revenue_etl_dag.py
[2026-04-13T08:22:28.313+0000] {processor.py:830} INFO - Processing file /opt/airflow/dags/daily_revenue_etl_dag.py for tasks to queue
[2026-04-13T08:22:28.314+0000] {logging_mixin.py:188} INFO - [2026-04-13T08:22:28.314+0000] {dagbag.py:538} INFO - Filling up the DagBag from /opt/airflow/dags/daily_revenue_etl_dag.py
[2026-04-13T08:22:28.333+0000] {processor.py:840} INFO - DAG(s) 'daily_revenue_etl_dag' retrieved from /opt/airflow/dags/daily_revenue_etl_dag.py
[2026-04-13T08:22:28.359+0000] {logging_mixin.py:188} INFO - [2026-04-13T08:22:28.359+0000] {dag.py:3036} INFO - Sync 1 DAGs
[2026-04-13T07:58:31.244+0000] {logging_mixin.py:188} INFO - [2026-04-13T07:58:31.243+0000] {dag.py:3823} INFO - Setting next_dagrun for daily_revenue_etl_dag to 2026-04-13 00:00:00+00:00, run_after=2026-04-14 00:00:00+00:00
[2026-04-13T07:58:31.282+0000] {processor.py:183} INFO - Processing /opt/airflow/dags/daily_revenue_etl_dag.py took 0.120 seconds
[2026-04-13T07:59:01.559+0000] {processor.py:161} INFO - Started process (PID=3126) to work on /opt/airflow/dags/daily_revenue_etl_dag.py
[2026-04-13T07:59:01.562+0000] {processor.py:830} INFO - Processing file /opt/airflow/dags/daily_revenue_etl_dag.py for tasks to queue
[2026-04-13T07:59:01.568+0000] {logging_mixin.py:188} INFO - [2026-04-13T07:59:01.566+0000] {dagbag.py:538} INFO - Filling up the DagBag from /opt/airflow/dags/daily_revenue_etl_dag.py
[2026-04-13T07:59:01.622+0000] {processor.py:840} INFO - DAG(s) 'daily_revenue_etl_dag' retrieved from /opt/airflow/dags/daily_revenue_etl_dag.py
[2026-04-13T07:59:01.691+0000] {logging_mixin.py:188} INFO - [2026-04-13T07:59:01.690+0000] {dag.py:3036} INFO - Sync 1 DAGs
[2026-04-13T07:59:01.764+0000] {logging_mixin.py:188} INFO - [2026-04-13T07:59:01.764+0000] {dag.py:3823} INFO - Setting next_dagrun for daily_revenue_etl_dag to 2026-04-13 00:00:00+00:00, run_after=2026-04-14 00:00:00+00:00
[2026-04-13T07:59:01.859+0000] {processor.py:183} INFO - Processing /opt/airflow/dags/daily_revenue_etl_dag.py took 0.307 seconds
[2026-04-13T08:23:18.302+0000] {processor.py:161} INFO - Started process (PID=3131) to work on /opt/airflow/dags/daily_revenue_etl_dag.py
[2026-04-13T08:23:18.304+0000] {processor.py:830} INFO - Processing file /opt/airflow/dags/daily_revenue_etl_dag.py for tasks to queue
[2026-04-13T08:23:18.306+0000] {logging_mixin.py:188} INFO - [2026-04-13T08:23:18.305+0000] {dagbag.py:538} INFO - Filling up the DagBag from /opt/airflow/dags/daily_revenue_etl_dag.py
[2026-04-13T08:23:18.331+0000] {processor.py:840} INFO - DAG(s) 'daily_revenue_etl_dag' retrieved from /opt/airflow/dags/daily_revenue_etl_dag.py
[2026-04-13T08:23:18.362+0000] {logging_mixin.py:188} INFO - [2026-04-13T08:23:18.362+0000] {dag.py:3036} INFO - Sync 1 DAGs
[2026-04-13T08:23:18.388+0000] {logging_mixin.py:188} INFO - [2026-04-13T08:23:18.388+0000] {dag.py:3823} INFO - Setting next_dagrun for daily_revenue_etl_dag to 2026-04-13 00:00:00+00:00, run_after=2026-04-14 00:00:00+00:00
[2026-04-13T08:23:18.418+0000] {processor.py:183} INFO - Processing /opt/airflow/dags/daily_revenue_etl_dag.py took 0.119 seconds
[2026-04-13T08:00:48.013+0000] {processor.py:161} INFO - Started process (PID=3137) to work on /opt/airflow/dags/daily_revenue_etl_dag.py
[2026-04-13T08:00:48.018+0000] {processor.py:830} INFO - Processing file /opt/airflow/dags/daily_revenue_etl_dag.py for tasks to queue
[2026-04-13T08:00:48.022+0000] {logging_mixin.py:188} INFO - [2026-04-13T08:00:48.020+0000] {dagbag.py:538} INFO - Filling up the DagBag from /opt/airflow/dags/daily_revenue_etl_dag.py
[2026-04-13T08:00:48.088+0000] {processor.py:840} INFO - DAG(s) 'daily_revenue_etl_dag' retrieved from /opt/airflow/dags/daily_revenue_etl_dag.py
[2026-04-13T08:00:48.141+0000] {logging_mixin.py:188} INFO - [2026-04-13T08:00:48.140+0000] {dag.py:3036} INFO - Sync 1 DAGs
[2026-04-13T08:00:48.181+0000] {logging_mixin.py:188} INFO - [2026-04-13T08:00:48.180+0000] {dag.py:3823} INFO - Setting next_dagrun for daily_revenue_etl_dag to 2026-04-13 00:00:00+00:00, run_after=2026-04-14 00:00:00+00:00
[2026-04-13T08:00:48.211+0000] {processor.py:183} INFO - Processing /opt/airflow/dags/daily_revenue_etl_dag.py took 0.214 seconds
[2026-04-13T08:24:58.482+0000] {processor.py:161} INFO - Started process (PID=3142) to work on /opt/airflow/dags/daily_revenue_etl_dag.py
[2026-04-13T08:24:58.483+0000] {processor.py:830} INFO - Processing file /opt/airflow/dags/daily_revenue_etl_dag.py for tasks to queue
[2026-04-13T08:24:58.484+0000] {logging_mixin.py:188} INFO - [2026-04-13T08:24:58.484+0000] {dagbag.py:538} INFO - Filling up the DagBag from /opt/airflow/dags/daily_revenue_etl_dag.py
[2026-04-13T08:24:58.509+0000] {processor.py:840} INFO - DAG(s) 'daily_revenue_etl_dag' retrieved from /opt/airflow/dags/daily_revenue_etl_dag.py
[2026-04-13T08:24:58.545+0000] {logging_mixin.py:188} INFO - [2026-04-13T08:24:58.545+0000] {dag.py:3036} INFO - Sync 1 DAGs
[2026-04-13T08:24:58.575+0000] {logging_mixin.py:188} INFO - [2026-04-13T08:24:58.574+0000] {dag.py:3823} INFO - Setting next_dagrun for daily_revenue_etl_dag to 2026-04-13 00:00:00+00:00, run_after=2026-04-14 00:00:00+00:00
[2026-04-13T08:24:58.600+0000] {processor.py:183} INFO - Processing /opt/airflow/dags/daily_revenue_etl_dag.py took 0.125 seconds
[2026-04-13T08:25:28.713+0000] {processor.py:161} INFO - Started process (PID=3147) to work on /opt/airflow/dags/daily_revenue_etl_dag.py
[2026-04-13T08:25:28.715+0000] {processor.py:830} INFO - Processing file /opt/airflow/dags/daily_revenue_etl_dag.py for tasks to queue
[2026-04-13T08:25:28.717+0000] {logging_mixin.py:188} INFO - [2026-04-13T08:25:28.716+0000] {dagbag.py:538} INFO - Filling up the DagBag from /opt/airflow/dags/daily_revenue_etl_dag.py
[2026-04-13T08:01:31.611+0000] {processor.py:840} INFO - DAG(s) 'daily_revenue_etl_dag' retrieved from /opt/airflow/dags/daily_revenue_etl_dag.py
[2026-04-13T08:01:31.653+0000] {logging_mixin.py:188} INFO - [2026-04-13T08:01:31.653+0000] {dag.py:3036} INFO - Sync 1 DAGs
[2026-04-13T08:01:31.686+0000] {logging_mixin.py:188} INFO - [2026-04-13T08:01:31.686+0000] {dag.py:3823} INFO - Setting next_dagrun for daily_revenue_etl_dag to 2026-04-13 00:00:00+00:00, run_after=2026-04-14 00:00:00+00:00
[2026-04-13T08:01:31.711+0000] {processor.py:183} INFO - Processing /opt/airflow/dags/daily_revenue_etl_dag.py took 0.144 seconds
[2026-04-13T08:25:44.943+0000] {processor.py:161} INFO - Started process (PID=3152) to work on /opt/airflow/dags/daily_revenue_etl_dag.py
[2026-04-13T08:25:44.945+0000] {processor.py:830} INFO - Processing file /opt/airflow/dags/daily_revenue_etl_dag.py for tasks to queue
[2026-04-13T08:25:44.946+0000] {logging_mixin.py:188} INFO - [2026-04-13T08:25:44.946+0000] {dagbag.py:538} INFO - Filling up the DagBag from /opt/airflow/dags/daily_revenue_etl_dag.py
[2026-04-13T08:25:44.969+0000] {processor.py:840} INFO - DAG(s) 'daily_revenue_etl_dag' retrieved from /opt/airflow/dags/daily_revenue_etl_dag.py
[2026-04-13T08:25:45.003+0000] {logging_mixin.py:188} INFO - [2026-04-13T08:25:45.003+0000] {dag.py:3036} INFO - Sync 1 DAGs
[2026-04-13T08:25:45.030+0000] {logging_mixin.py:188} INFO - [2026-04-13T08:25:45.030+0000] {dag.py:3823} INFO - Setting next_dagrun for daily_revenue_etl_dag to 2026-04-13 00:00:00+00:00, run_after=2026-04-14 00:00:00+00:00
[2026-04-13T08:25:45.058+0000] {processor.py:183} INFO - Processing /opt/airflow/dags/daily_revenue_etl_dag.py took 0.118 seconds
[2026-04-13T08:26:15.173+0000] {processor.py:161} INFO - Started process (PID=3157) to work on /opt/airflow/dags/daily_revenue_etl_dag.py
[2026-04-13T08:26:15.174+0000] {processor.py:830} INFO - Processing file /opt/airflow/dags/daily_revenue_etl_dag.py for tasks to queue
[2026-04-13T08:26:15.175+0000] {logging_mixin.py:188} INFO - [2026-04-13T08:26:15.175+0000] {dagbag.py:538} INFO - Filling up the DagBag from /opt/airflow/dags/daily_revenue_etl_dag.py
[2026-04-13T08:02:18.037+0000] {processor.py:840} INFO - DAG(s) 'daily_revenue_etl_dag' retrieved from /opt/airflow/dags/daily_revenue_etl_dag.py
[2026-04-13T08:02:18.074+0000] {logging_mixin.py:188} INFO - [2026-04-13T08:02:18.073+0000] {dag.py:3036} INFO - Sync 1 DAGs
[2026-04-13T08:02:18.114+0000] {logging_mixin.py:188} INFO - [2026-04-13T08:02:18.113+0000] {dag.py:3823} INFO - Setting next_dagrun for daily_revenue_etl_dag to 2026-04-13 00:00:00+00:00, run_after=2026-04-14 00:00:00+00:00
[2026-04-13T08:02:18.142+0000] {processor.py:183} INFO - Processing /opt/airflow/dags/daily_revenue_etl_dag.py took 0.134 seconds
[2026-04-13T08:02:48.320+0000] {processor.py:161} INFO - Started process (PID=3162) to work on /opt/airflow/dags/daily_revenue_etl_dag.py
[2026-04-13T08:02:48.322+0000] {processor.py:830} INFO - Processing file /opt/airflow/dags/daily_revenue_etl_dag.py for tasks to queue
[2026-04-13T08:02:48.323+0000] {logging_mixin.py:188} INFO - [2026-04-13T08:02:48.323+0000] {dagbag.py:538} INFO - Filling up the DagBag from /opt/airflow/dags/daily_revenue_etl_dag.py
[2026-04-13T08:02:48.342+0000] {processor.py:840} INFO - DAG(s) 'daily_revenue_etl_dag' retrieved from /opt/airflow/dags/daily_revenue_etl_dag.py
[2026-04-13T08:02:48.368+0000] {logging_mixin.py:188} INFO - [2026-04-13T08:02:48.368+0000] {dag.py:3036} INFO - Sync 1 DAGs
[2026-04-13T08:02:48.394+0000] {logging_mixin.py:188} INFO - [2026-04-13T08:02:48.394+0000] {dag.py:3823} INFO - Setting next_dagrun for daily_revenue_etl_dag to 2026-04-13 00:00:00+00:00, run_after=2026-04-14 00:00:00+00:00
[2026-04-13T08:02:48.418+0000] {processor.py:183} INFO - Processing /opt/airflow/dags/daily_revenue_etl_dag.py took 0.102 seconds
[2026-04-13T08:27:03.699+0000] {processor.py:161} INFO - Started process (PID=3167) to work on /opt/airflow/dags/daily_revenue_etl_dag.py
[2026-04-13T08:27:03.701+0000] {processor.py:830} INFO - Processing file /opt/airflow/dags/daily_revenue_etl_dag.py for tasks to queue
[2026-04-13T08:27:03.702+0000] {logging_mixin.py:188} INFO - [2026-04-13T08:27:03.702+0000] {dagbag.py:538} INFO - Filling up the DagBag from /opt/airflow/dags/daily_revenue_etl_dag.py
[2026-04-13T08:27:03.725+0000] {processor.py:840} INFO - DAG(s) 'daily_revenue_etl_dag' retrieved from /opt/airflow/dags/daily_revenue_etl_dag.py
[2026-04-13T08:27:03.758+0000] {logging_mixin.py:188} INFO - [2026-04-13T08:27:03.757+0000] {dag.py:3036} INFO - Sync 1 DAGs
[2026-04-13T08:27:03.782+0000] {logging_mixin.py:188} INFO - [2026-04-13T08:27:03.782+0000] {dag.py:3823} INFO - Setting next_dagrun for daily_revenue_etl_dag to 2026-04-13 00:00:00+00:00, run_after=2026-04-14 00:00:00+00:00
[2026-04-13T08:27:03.806+0000] {processor.py:183} INFO - Processing /opt/airflow/dags/daily_revenue_etl_dag.py took 0.110 seconds
[2026-04-13T08:27:33.875+0000] {processor.py:161} INFO - Started process (PID=3173) to work on /opt/airflow/dags/daily_revenue_etl_dag.py
[2026-04-13T08:27:33.876+0000] {processor.py:830} INFO - Processing file /opt/airflow/dags/daily_revenue_etl_dag.py for tasks to queue
[2026-04-13T08:27:33.877+0000] {logging_mixin.py:188} INFO - [2026-04-13T08:27:33.877+0000] {dagbag.py:538} INFO - Filling up the DagBag from /opt/airflow/dags/daily_revenue_etl_dag.py
[2026-04-13T08:27:33.905+0000] {processor.py:840} INFO - DAG(s) 'daily_revenue_etl_dag' retrieved from /opt/airflow/dags/daily_revenue_etl_dag.py
[2026-04-13T08:27:33.941+0000] {logging_mixin.py:188} INFO - [2026-04-13T08:27:33.940+0000] {dag.py:3036} INFO - Sync 1 DAGs
[2026-04-13T08:03:36.835+0000] {logging_mixin.py:188} INFO - [2026-04-13T08:03:36.834+0000] {dag.py:3823} INFO - Setting next_dagrun for daily_revenue_etl_dag to 2026-04-13 00:00:00+00:00, run_after=2026-04-14 00:00:00+00:00
[2026-04-13T08:03:36.863+0000] {processor.py:183} INFO - Processing /opt/airflow/dags/daily_revenue_etl_dag.py took 0.129 seconds
[2026-04-13T08:27:38.920+0000] {processor.py:161} INFO - Started process (PID=3179) to work on /opt/airflow/dags/daily_revenue_etl_dag.py
[2026-04-13T08:27:38.921+0000] {processor.py:830} INFO - Processing file /opt/airflow/dags/daily_revenue_etl_dag.py for tasks to queue
[2026-04-13T08:27:38.924+0000] {logging_mixin.py:188} INFO - [2026-04-13T08:27:38.924+0000] {dagbag.py:538} INFO - Filling up the DagBag from /opt/airflow/dags/daily_revenue_etl_dag.py
[2026-04-13T08:27:38.950+0000] {processor.py:840} INFO - DAG(s) 'daily_revenue_etl_dag' retrieved from /opt/airflow/dags/daily_revenue_etl_dag.py
[2026-04-13T08:27:38.983+0000] {logging_mixin.py:188} INFO - [2026-04-13T08:27:38.983+0000] {dag.py:3036} INFO - Sync 1 DAGs
[2026-04-13T08:03:41.847+0000] {logging_mixin.py:188} INFO - [2026-04-13T08:03:41.847+0000] {dag.py:3823} INFO - Setting next_dagrun for daily_revenue_etl_dag to 2026-04-13 00:00:00+00:00, run_after=2026-04-14 00:00:00+00:00
[2026-04-13T08:03:41.870+0000] {processor.py:183} INFO - Processing /opt/airflow/dags/daily_revenue_etl_dag.py took 0.115 seconds
[2026-04-13T08:27:43.958+0000] {processor.py:161} INFO - Started process (PID=3185) to work on /opt/airflow/dags/daily_revenue_etl_dag.py
[2026-04-13T08:27:43.959+0000] {processor.py:830} INFO - Processing file /opt/airflow/dags/daily_revenue_etl_dag.py for tasks to queue
[2026-04-13T08:27:43.961+0000] {logging_mixin.py:188} INFO - [2026-04-13T08:27:43.960+0000] {dagbag.py:538} INFO - Filling up the DagBag from /opt/airflow/dags/daily_revenue_etl_dag.py
[2026-04-13T08:03:46.847+0000] {processor.py:840} INFO - DAG(s) 'daily_revenue_etl_dag' retrieved from /opt/airflow/dags/daily_revenue_etl_dag.py
[2026-04-13T08:03:46.883+0000] {logging_mixin.py:188} INFO - [2026-04-13T08:03:46.883+0000] {dag.py:3036} INFO - Sync 1 DAGs
[2026-04-13T08:03:46.908+0000] {logging_mixin.py:188} INFO - [2026-04-13T08:03:46.907+0000] {dag.py:3823} INFO - Setting next_dagrun for daily_revenue_etl_dag to 2026-04-13 00:00:00+00:00, run_after=2026-04-14 00:00:00+00:00
[2026-04-13T08:03:46.933+0000] {processor.py:183} INFO - Processing /opt/airflow/dags/daily_revenue_etl_dag.py took 0.115 seconds
[2026-04-13T08:04:17.209+0000] {processor.py:161} INFO - Started process (PID=3190) to work on /opt/airflow/dags/daily_revenue_etl_dag.py
[2026-04-13T08:04:17.210+0000] {processor.py:830} INFO - Processing file /opt/airflow/dags/daily_revenue_etl_dag.py for tasks to queue
[2026-04-13T08:04:17.212+0000] {logging_mixin.py:188} INFO - [2026-04-13T08:04:17.212+0000] {dagbag.py:538} INFO - Filling up the DagBag from /opt/airflow/dags/daily_revenue_etl_dag.py
[2026-04-13T08:04:17.239+0000] {processor.py:840} INFO - DAG(s) 'daily_revenue_etl_dag' retrieved from /opt/airflow/dags/daily_revenue_etl_dag.py
[2026-04-13T08:04:17.273+0000] {logging_mixin.py:188} INFO - [2026-04-13T08:04:17.272+0000] {dag.py:3036} INFO - Sync 1 DAGs
[2026-04-13T08:04:17.307+0000] {logging_mixin.py:188} INFO - [2026-04-13T08:04:17.305+0000] {dag.py:3823} INFO - Setting next_dagrun for daily_revenue_etl_dag to 2026-04-13 00:00:00+00:00, run_after=2026-04-14 00:00:00+00:00
[2026-04-13T08:04:17.361+0000] {processor.py:183} INFO - Processing /opt/airflow/dags/daily_revenue_etl_dag.py took 0.157 seconds
[2026-04-13T08:04:47.430+0000] {processor.py:161} INFO - Started process (PID=3195) to work on /opt/airflow/dags/daily_revenue_etl_dag.py
[2026-04-13T08:04:47.431+0000] {processor.py:830} INFO - Processing file /opt/airflow/dags/daily_revenue_etl_dag.py for tasks to queue
[2026-04-13T08:04:47.432+0000] {logging_mixin.py:188} INFO - [2026-04-13T08:04:47.432+0000] {dagbag.py:538} INFO - Filling up the DagBag from /opt/airflow/dags/daily_revenue_etl_dag.py
[2026-04-13T08:04:47.453+0000] {processor.py:840} INFO - DAG(s) 'daily_revenue_etl_dag' retrieved from /opt/airflow/dags/daily_revenue_etl_dag.py
[2026-04-13T08:04:47.486+0000] {logging_mixin.py:188} INFO - [2026-04-13T08:04:47.486+0000] {dag.py:3036} INFO - Sync 1 DAGs
[2026-04-13T08:04:47.512+0000] {logging_mixin.py:188} INFO - [2026-04-13T08:04:47.511+0000] {dag.py:3823} INFO - Setting next_dagrun for daily_revenue_etl_dag to 2026-04-13 00:00:00+00:00, run_after=2026-04-14 00:00:00+00:00
[2026-04-13T08:04:47.551+0000] {processor.py:183} INFO - Processing /opt/airflow/dags/daily_revenue_etl_dag.py took 0.124 seconds
[2026-04-13T08:05:17.586+0000] {processor.py:161} INFO - Started process (PID=3200) to work on /opt/airflow/dags/daily_revenue_etl_dag.py
[2026-04-13T08:05:17.588+0000] {processor.py:830} INFO - Processing file /opt/airflow/dags/daily_revenue_etl_dag.py for tasks to queue
[2026-04-13T08:05:17.588+0000] {logging_mixin.py:188} INFO - [2026-04-13T08:05:17.588+0000] {dagbag.py:538} INFO - Filling up the DagBag from /opt/airflow/dags/daily_revenue_etl_dag.py
[2026-04-13T08:05:17.606+0000] {processor.py:840} INFO - DAG(s) 'daily_revenue_etl_dag' retrieved from /opt/airflow/dags/daily_revenue_etl_dag.py
[2026-04-13T08:29:14.806+0000] {logging_mixin.py:188} INFO - [2026-04-13T08:29:14.806+0000] {dag.py:3036} INFO - Sync 1 DAGs
[2026-04-13T08:29:14.836+0000] {logging_mixin.py:188} INFO - [2026-04-13T08:29:14.835+0000] {dag.py:3823} INFO - Setting next_dagrun for daily_revenue_etl_dag to 2026-04-13 00:00:00+00:00, run_after=2026-04-14 00:00:00+00:00
[2026-04-13T08:29:14.876+0000] {processor.py:183} INFO - Processing /opt/airflow/dags/daily_revenue_etl_dag.py took 0.127 seconds
[2026-04-13T08:29:44.991+0000] {processor.py:161} INFO - Started process (PID=3205) to work on /opt/airflow/dags/daily_revenue_etl_dag.py
[2026-04-13T08:29:44.993+0000] {processor.py:830} INFO - Processing file /opt/airflow/dags/daily_revenue_etl_dag.py for tasks to queue
[2026-04-13T08:29:44.994+0000] {logging_mixin.py:188} INFO - [2026-04-13T08:29:44.994+0000] {dagbag.py:538} INFO - Filling up the DagBag from /opt/airflow/dags/daily_revenue_etl_dag.py
[2026-04-13T08:05:47.895+0000] {processor.py:840} INFO - DAG(s) 'daily_revenue_etl_dag' retrieved from /opt/airflow/dags/daily_revenue_etl_dag.py
[2026-04-13T08:05:47.939+0000] {logging_mixin.py:188} INFO - [2026-04-13T08:05:47.939+0000] {dag.py:3036} INFO - Sync 1 DAGs
[2026-04-13T08:05:47.971+0000] {logging_mixin.py:188} INFO - [2026-04-13T08:05:47.971+0000] {dag.py:3823} INFO - Setting next_dagrun for daily_revenue_etl_dag to 2026-04-13 00:00:00+00:00, run_after=2026-04-14 00:00:00+00:00
[2026-04-13T08:05:47.993+0000] {processor.py:183} INFO - Processing /opt/airflow/dags/daily_revenue_etl_dag.py took 0.142 seconds
[2026-04-13T08:29:49.150+0000] {processor.py:161} INFO - Started process (PID=3210) to work on /opt/airflow/dags/daily_revenue_etl_dag.py
[2026-04-13T08:29:49.153+0000] {processor.py:830} INFO - Processing file /opt/airflow/dags/daily_revenue_etl_dag.py for tasks to queue
[2026-04-13T08:29:49.155+0000] {logging_mixin.py:188} INFO - [2026-04-13T08:29:49.154+0000] {dagbag.py:538} INFO - Filling up the DagBag from /opt/airflow/dags/daily_revenue_etl_dag.py
[2026-04-13T08:29:49.201+0000] {processor.py:840} INFO - DAG(s) 'daily_revenue_etl_dag' retrieved from /opt/airflow/dags/daily_revenue_etl_dag.py
[2026-04-13T08:05:52.130+0000] {logging_mixin.py:188} INFO - [2026-04-13T08:05:52.129+0000] {dag.py:3036} INFO - Sync 1 DAGs
[2026-04-13T08:05:52.169+0000] {logging_mixin.py:188} INFO - [2026-04-13T08:05:52.169+0000] {dag.py:3823} INFO - Setting next_dagrun for daily_revenue_etl_dag to 2026-04-13 00:00:00+00:00, run_after=2026-04-14 00:00:00+00:00
[2026-04-13T08:05:52.189+0000] {processor.py:183} INFO - Processing /opt/airflow/dags/daily_revenue_etl_dag.py took 0.193 seconds
[2026-04-13T08:05:57.112+0000] {processor.py:161} INFO - Started process (PID=3215) to work on /opt/airflow/dags/daily_revenue_etl_dag.py
[2026-04-13T08:05:57.114+0000] {processor.py:830} INFO - Processing file /opt/airflow/dags/daily_revenue_etl_dag.py for tasks to queue
[2026-04-13T08:05:57.121+0000] {logging_mixin.py:188} INFO - [2026-04-13T08:05:57.120+0000] {dagbag.py:538} INFO - Filling up the DagBag from /opt/airflow/dags/daily_revenue_etl_dag.py
[2026-04-13T08:05:57.170+0000] {processor.py:840} INFO - DAG(s) 'daily_revenue_etl_dag' retrieved from /opt/airflow/dags/daily_revenue_etl_dag.py
[2026-04-13T08:05:57.205+0000] {logging_mixin.py:188} INFO - [2026-04-13T08:05:57.205+0000] {dag.py:3036} INFO - Sync 1 DAGs
[2026-04-13T08:05:57.227+0000] {logging_mixin.py:188} INFO - [2026-04-13T08:05:57.227+0000] {dag.py:3823} INFO - Setting next_dagrun for daily_revenue_etl_dag to 2026-04-13 00:00:00+00:00, run_after=2026-04-14 00:00:00+00:00
[2026-04-13T08:05:57.250+0000] {processor.py:183} INFO - Processing /opt/airflow/dags/daily_revenue_etl_dag.py took 0.145 seconds
[2026-04-13T08:06:27.455+0000] {processor.py:161} INFO - Started process (PID=3221) to work on /opt/airflow/dags/daily_revenue_etl_dag.py
[2026-04-13T08:06:27.457+0000] {processor.py:830} INFO - Processing file /opt/airflow/dags/daily_revenue_etl_dag.py for tasks to queue
[2026-04-13T08:06:27.458+0000] {logging_mixin.py:188} INFO - [2026-04-13T08:06:27.458+0000] {dagbag.py:538} INFO - Filling up the DagBag from /opt/airflow/dags/daily_revenue_etl_dag.py
[2026-04-13T08:06:27.479+0000] {processor.py:840} INFO - DAG(s) 'daily_revenue_etl_dag' retrieved from /opt/airflow/dags/daily_revenue_etl_dag.py
[2026-04-13T08:06:27.516+0000] {logging_mixin.py:188} INFO - [2026-04-13T08:06:27.516+0000] {dag.py:3036} INFO - Sync 1 DAGs
[2026-04-13T08:06:27.543+0000] {logging_mixin.py:188} INFO - [2026-04-13T08:06:27.542+0000] {dag.py:3823} INFO - Setting next_dagrun for daily_revenue_etl_dag to 2026-04-13 00:00:00+00:00, run_after=2026-04-14 00:00:00+00:00
[2026-04-13T08:06:27.566+0000] {processor.py:183} INFO - Processing /opt/airflow/dags/daily_revenue_etl_dag.py took 0.114 seconds
[2026-04-13T08:30:44.870+0000] {processor.py:161} INFO - Started process (PID=3227) to work on /opt/airflow/dags/daily_revenue_etl_dag.py
[2026-04-13T08:30:44.874+0000] {processor.py:830} INFO - Processing file /opt/airflow/dags/daily_revenue_etl_dag.py for tasks to queue
[2026-04-13T08:30:44.876+0000] {logging_mixin.py:188} INFO - [2026-04-13T08:30:44.876+0000] {dagbag.py:538} INFO - Filling up the DagBag from /opt/airflow/dags/daily_revenue_etl_dag.py
[2026-04-13T08:30:44.901+0000] {processor.py:840} INFO - DAG(s) 'daily_revenue_etl_dag' retrieved from /opt/airflow/dags/daily_revenue_etl_dag.py
[2026-04-13T08:30:44.932+0000] {logging_mixin.py:188} INFO - [2026-04-13T08:30:44.931+0000] {dag.py:3036} INFO - Sync 1 DAGs
[2026-04-13T08:30:44.954+0000] {logging_mixin.py:188} INFO - [2026-04-13T08:30:44.954+0000] {dag.py:3823} INFO - Setting next_dagrun for daily_revenue_etl_dag to 2026-04-13 00:00:00+00:00, run_after=2026-04-14 00:00:00+00:00
[2026-04-13T08:30:44.979+0000] {processor.py:183} INFO - Processing /opt/airflow/dags/daily_revenue_etl_dag.py took 0.118 seconds
[2026-04-13T08:31:19.204+0000] {processor.py:161} INFO - Started process (PID=3232) to work on /opt/airflow/dags/daily_revenue_etl_dag.py
[2026-04-13T08:31:19.206+0000] {processor.py:830} INFO - Processing file /opt/airflow/dags/daily_revenue_etl_dag.py for tasks to queue
[2026-04-13T08:31:19.207+0000] {logging_mixin.py:188} INFO - [2026-04-13T08:31:19.207+0000] {dagbag.py:538} INFO - Filling up the DagBag from /opt/airflow/dags/daily_revenue_etl_dag.py
[2026-04-13T08:31:19.227+0000] {processor.py:840} INFO - DAG(s) 'daily_revenue_etl_dag' retrieved from /opt/airflow/dags/daily_revenue_etl_dag.py
[2026-04-13T08:31:19.258+0000] {logging_mixin.py:188} INFO - [2026-04-13T08:31:19.257+0000] {dag.py:3036} INFO - Sync 1 DAGs
[2026-04-13T08:31:19.283+0000] {logging_mixin.py:188} INFO - [2026-04-13T08:31:19.282+0000] {dag.py:3823} INFO - Setting next_dagrun for daily_revenue_etl_dag to 2026-04-13 00:00:00+00:00, run_after=2026-04-14 00:00:00+00:00
[2026-04-13T08:31:19.307+0000] {processor.py:183} INFO - Processing /opt/airflow/dags/daily_revenue_etl_dag.py took 0.107 seconds
[2026-04-13T08:07:52.300+0000] {processor.py:161} INFO - Started process (PID=3237) to work on /opt/airflow/dags/daily_revenue_etl_dag.py
[2026-04-13T08:07:52.303+0000] {processor.py:830} INFO - Processing file /opt/airflow/dags/daily_revenue_etl_dag.py for tasks to queue
[2026-04-13T08:07:52.305+0000] {logging_mixin.py:188} INFO - [2026-04-13T08:07:52.305+0000] {dagbag.py:538} INFO - Filling up the DagBag from /opt/airflow/dags/daily_revenue_etl_dag.py
[2026-04-13T08:07:52.346+0000] {processor.py:840} INFO - DAG(s) 'daily_revenue_etl_dag' retrieved from /opt/airflow/dags/daily_revenue_etl_dag.py
[2026-04-13T08:07:52.396+0000] {logging_mixin.py:188} INFO - [2026-04-13T08:07:52.395+0000] {dag.py:3036} INFO - Sync 1 DAGs
[2026-04-13T08:07:52.438+0000] {logging_mixin.py:188} INFO - [2026-04-13T08:07:52.437+0000] {dag.py:3823} INFO - Setting next_dagrun for daily_revenue_etl_dag to 2026-04-13 00:00:00+00:00, run_after=2026-04-14 00:00:00+00:00
[2026-04-13T08:07:52.479+0000] {processor.py:183} INFO - Processing /opt/airflow/dags/daily_revenue_etl_dag.py took 0.191 seconds
[2026-04-13T08:32:14.869+0000] {processor.py:161} INFO - Started process (PID=3242) to work on /opt/airflow/dags/daily_revenue_etl_dag.py
[2026-04-13T08:32:14.871+0000] {processor.py:830} INFO - Processing file /opt/airflow/dags/daily_revenue_etl_dag.py for tasks to queue
[2026-04-13T08:32:14.872+0000] {logging_mixin.py:188} INFO - [2026-04-13T08:32:14.872+0000] {dagbag.py:538} INFO - Filling up the DagBag from /opt/airflow/dags/daily_revenue_etl_dag.py
[2026-04-13T08:32:14.897+0000] {processor.py:840} INFO - DAG(s) 'daily_revenue_etl_dag' retrieved from /opt/airflow/dags/daily_revenue_etl_dag.py
[2026-04-13T08:32:14.933+0000] {logging_mixin.py:188} INFO - [2026-04-13T08:32:14.932+0000] {dag.py:3036} INFO - Sync 1 DAGs
[2026-04-13T08:32:14.965+0000] {logging_mixin.py:188} INFO - [2026-04-13T08:32:14.964+0000] {dag.py:3823} INFO - Setting next_dagrun for daily_revenue_etl_dag to 2026-04-13 00:00:00+00:00, run_after=2026-04-14 00:00:00+00:00
[2026-04-13T08:32:14.991+0000] {processor.py:183} INFO - Processing /opt/airflow/dags/daily_revenue_etl_dag.py took 0.126 seconds
[2026-04-13T08:32:59.343+0000] {processor.py:161} INFO - Started process (PID=3247) to work on /opt/airflow/dags/daily_revenue_etl_dag.py
[2026-04-13T08:32:59.345+0000] {processor.py:830} INFO - Processing file /opt/airflow/dags/daily_revenue_etl_dag.py for tasks to queue
[2026-04-13T08:32:59.347+0000] {logging_mixin.py:188} INFO - [2026-04-13T08:32:59.346+0000] {dagbag.py:538} INFO - Filling up the DagBag from /opt/airflow/dags/daily_revenue_etl_dag.py
[2026-04-13T08:32:59.376+0000] {processor.py:840} INFO - DAG(s) 'daily_revenue_etl_dag' retrieved from /opt/airflow/dags/daily_revenue_etl_dag.py
[2026-04-13T08:32:59.454+0000] {logging_mixin.py:188} INFO - [2026-04-13T08:32:59.452+0000] {dag.py:3036} INFO - Sync 1 DAGs
[2026-04-13T08:09:02.380+0000] {logging_mixin.py:188} INFO - [2026-04-13T08:32:59.513+0000] {dag.py:3823} INFO - Setting next_dagrun for daily_revenue_etl_dag to 2026-04-13 00:00:00+00:00, run_after=2026-04-14 00:00:00+00:00
[2026-04-13T08:09:02.441+0000] {processor.py:183} INFO - Processing /opt/airflow/dags/daily_revenue_etl_dag.py took 0.238 seconds
[2026-04-13T08:33:04.393+0000] {processor.py:161} INFO - Started process (PID=3252) to work on /opt/airflow/dags/daily_revenue_etl_dag.py
[2026-04-13T08:33:04.395+0000] {processor.py:830} INFO - Processing file /opt/airflow/dags/daily_revenue_etl_dag.py for tasks to queue
[2026-04-13T08:33:04.398+0000] {logging_mixin.py:188} INFO - [2026-04-13T08:33:04.397+0000] {dagbag.py:538} INFO - Filling up the DagBag from /opt/airflow/dags/daily_revenue_etl_dag.py
[2026-04-13T08:33:04.435+0000] {processor.py:840} INFO - DAG(s) 'daily_revenue_etl_dag' retrieved from /opt/airflow/dags/daily_revenue_etl_dag.py
[2026-04-13T08:33:04.497+0000] {logging_mixin.py:188} INFO - [2026-04-13T08:33:04.496+0000] {dag.py:3036} INFO - Sync 1 DAGs
[2026-04-13T08:09:07.461+0000] {logging_mixin.py:188} INFO - [2026-04-13T08:09:07.459+0000] {dag.py:3823} INFO - Setting next_dagrun for daily_revenue_etl_dag to 2026-04-13 00:00:00+00:00, run_after=2026-04-14 00:00:00+00:00
[2026-04-13T08:09:07.510+0000] {processor.py:183} INFO - Processing /opt/airflow/dags/daily_revenue_etl_dag.py took 0.257 seconds
[2026-04-13T08:09:37.720+0000] {processor.py:161} INFO - Started process (PID=3257) to work on /opt/airflow/dags/daily_revenue_etl_dag.py
[2026-04-13T08:09:37.722+0000] {processor.py:830} INFO - Processing file /opt/airflow/dags/daily_revenue_etl_dag.py for tasks to queue
[2026-04-13T08:09:37.723+0000] {logging_mixin.py:188} INFO - [2026-04-13T08:09:37.723+0000] {dagbag.py:538} INFO - Filling up the DagBag from /opt/airflow/dags/daily_revenue_etl_dag.py
[2026-04-13T08:09:37.755+0000] {processor.py:840} INFO - DAG(s) 'daily_revenue_etl_dag' retrieved from /opt/airflow/dags/daily_revenue_etl_dag.py
[2026-04-13T08:09:37.798+0000] {logging_mixin.py:188} INFO - [2026-04-13T08:09:37.797+0000] {dag.py:3036} INFO - Sync 1 DAGs
[2026-04-13T08:09:37.837+0000] {logging_mixin.py:188} INFO - [2026-04-13T08:09:37.837+0000] {dag.py:3823} INFO - Setting next_dagrun for daily_revenue_etl_dag to 2026-04-13 00:00:00+00:00, run_after=2026-04-14 00:00:00+00:00
[2026-04-13T08:09:37.866+0000] {processor.py:183} INFO - Processing /opt/airflow/dags/daily_revenue_etl_dag.py took 0.150 seconds
[2026-04-13T08:33:44.981+0000] {processor.py:161} INFO - Started process (PID=3262) to work on /opt/airflow/dags/daily_revenue_etl_dag.py
[2026-04-13T08:33:44.984+0000] {processor.py:830} INFO - Processing file /opt/airflow/dags/daily_revenue_etl_dag.py for tasks to queue
[2026-04-13T08:33:44.986+0000] {logging_mixin.py:188} INFO - [2026-04-13T08:33:44.985+0000] {dagbag.py:538} INFO - Filling up the DagBag from /opt/airflow/dags/daily_revenue_etl_dag.py
[2026-04-13T08:33:45.036+0000] {processor.py:840} INFO - DAG(s) 'daily_revenue_etl_dag' retrieved from /opt/airflow/dags/daily_revenue_etl_dag.py
[2026-04-13T08:09:48.022+0000] {logging_mixin.py:188} INFO - [2026-04-13T08:09:48.019+0000] {dag.py:3036} INFO - Sync 1 DAGs
[2026-04-13T08:09:48.126+0000] {logging_mixin.py:188} INFO - [2026-04-13T08:09:48.125+0000] {dag.py:3823} INFO - Setting next_dagrun for daily_revenue_etl_dag to 2026-04-13 00:00:00+00:00, run_after=2026-04-14 00:00:00+00:00
[2026-04-13T08:09:48.231+0000] {processor.py:183} INFO - Processing /opt/airflow/dags/daily_revenue_etl_dag.py took 0.387 seconds
[2026-04-13T08:33:49.538+0000] {processor.py:161} INFO - Started process (PID=3267) to work on /opt/airflow/dags/daily_revenue_etl_dag.py
[2026-04-13T08:33:49.543+0000] {processor.py:830} INFO - Processing file /opt/airflow/dags/daily_revenue_etl_dag.py for tasks to queue
[2026-04-13T08:33:49.548+0000] {logging_mixin.py:188} INFO - [2026-04-13T08:33:49.547+0000] {dagbag.py:538} INFO - Filling up the DagBag from /opt/airflow/dags/daily_revenue_etl_dag.py
[2026-04-13T08:09:52.503+0000] {processor.py:840} INFO - DAG(s) 'daily_revenue_etl_dag' retrieved from /opt/airflow/dags/daily_revenue_etl_dag.py
[2026-04-13T08:09:52.669+0000] {logging_mixin.py:188} INFO - [2026-04-13T08:09:52.668+0000] {dag.py:3036} INFO - Sync 1 DAGs
[2026-04-13T08:09:52.843+0000] {logging_mixin.py:188} INFO - [2026-04-13T08:09:52.842+0000] {dag.py:3823} INFO - Setting next_dagrun for daily_revenue_etl_dag to 2026-04-13 00:00:00+00:00, run_after=2026-04-14 00:00:00+00:00
[2026-04-13T08:09:53.009+0000] {processor.py:183} INFO - Processing /opt/airflow/dags/daily_revenue_etl_dag.py took 0.604 seconds
[2026-04-13T08:09:57.489+0000] {processor.py:161} INFO - Started process (PID=3272) to work on /opt/airflow/dags/daily_revenue_etl_dag.py
[2026-04-13T08:09:57.494+0000] {processor.py:830} INFO - Processing file /opt/airflow/dags/daily_revenue_etl_dag.py for tasks to queue
[2026-04-13T08:09:57.503+0000] {logging_mixin.py:188} INFO - [2026-04-13T08:09:57.501+0000] {dagbag.py:538} INFO - Filling up the DagBag from /opt/airflow/dags/daily_revenue_etl_dag.py
[2026-04-13T08:09:57.573+0000] {processor.py:840} INFO - DAG(s) 'daily_revenue_etl_dag' retrieved from /opt/airflow/dags/daily_revenue_etl_dag.py
[2026-04-13T08:09:57.690+0000] {logging_mixin.py:188} INFO - [2026-04-13T08:09:57.688+0000] {dag.py:3036} INFO - Sync 1 DAGs
[2026-04-13T08:09:57.779+0000] {logging_mixin.py:188} INFO - [2026-04-13T08:09:57.779+0000] {dag.py:3823} INFO - Setting next_dagrun for daily_revenue_etl_dag to 2026-04-13 00:00:00+00:00, run_after=2026-04-14 00:00:00+00:00
[2026-04-13T08:09:57.868+0000] {processor.py:183} INFO - Processing /opt/airflow/dags/daily_revenue_etl_dag.py took 0.393 seconds
[2026-04-13T08:10:28.268+0000] {processor.py:161} INFO - Started process (PID=3277) to work on /opt/airflow/dags/daily_revenue_etl_dag.py
[2026-04-13T08:10:28.271+0000] {processor.py:830} INFO - Processing file /opt/airflow/dags/daily_revenue_etl_dag.py for tasks to queue
[2026-04-13T08:10:28.273+0000] {logging_mixin.py:188} INFO - [2026-04-13T08:10:28.272+0000] {dagbag.py:538} INFO - Filling up the DagBag from /opt/airflow/dags/daily_revenue_etl_dag.py
[2026-04-13T08:10:28.305+0000] {processor.py:840} INFO - DAG(s) 'daily_revenue_etl_dag' retrieved from /opt/airflow/dags/daily_revenue_etl_dag.py
[2026-04-13T08:10:28.349+0000] {logging_mixin.py:188} INFO - [2026-04-13T08:10:28.349+0000] {dag.py:3036} INFO - Sync 1 DAGs
[2026-04-13T08:10:28.375+0000] {logging_mixin.py:188} INFO - [2026-04-13T08:10:28.375+0000] {dag.py:3823} INFO - Setting next_dagrun for daily_revenue_etl_dag to 2026-04-13 00:00:00+00:00, run_after=2026-04-14 00:00:00+00:00
[2026-04-13T08:10:28.400+0000] {processor.py:183} INFO - Processing /opt/airflow/dags/daily_revenue_etl_dag.py took 0.138 seconds
[2026-04-13T08:34:29.612+0000] {processor.py:161} INFO - Started process (PID=3282) to work on /opt/airflow/dags/daily_revenue_etl_dag.py
[2026-04-13T08:34:29.614+0000] {processor.py:830} INFO - Processing file /opt/airflow/dags/daily_revenue_etl_dag.py for tasks to queue
[2026-04-13T08:34:29.615+0000] {logging_mixin.py:188} INFO - [2026-04-13T08:34:29.615+0000] {dagbag.py:538} INFO - Filling up the DagBag from /opt/airflow/dags/daily_revenue_etl_dag.py
[2026-04-13T08:34:29.640+0000] {processor.py:840} INFO - DAG(s) 'daily_revenue_etl_dag' retrieved from /opt/airflow/dags/daily_revenue_etl_dag.py
[2026-04-13T08:34:29.674+0000] {logging_mixin.py:188} INFO - [2026-04-13T08:34:29.674+0000] {dag.py:3036} INFO - Sync 1 DAGs
[2026-04-13T08:10:32.586+0000] {logging_mixin.py:188} INFO - [2026-04-13T08:10:32.586+0000] {dag.py:3823} INFO - Setting next_dagrun for daily_revenue_etl_dag to 2026-04-13 00:00:00+00:00, run_after=2026-04-14 00:00:00+00:00
[2026-04-13T08:10:32.614+0000] {processor.py:183} INFO - Processing /opt/airflow/dags/daily_revenue_etl_dag.py took 0.124 seconds
[2026-04-13T08:34:34.643+0000] {processor.py:161} INFO - Started process (PID=3287) to work on /opt/airflow/dags/daily_revenue_etl_dag.py
[2026-04-13T08:34:34.644+0000] {processor.py:830} INFO - Processing file /opt/airflow/dags/daily_revenue_etl_dag.py for tasks to queue
[2026-04-13T08:34:34.645+0000] {logging_mixin.py:188} INFO - [2026-04-13T08:34:34.645+0000] {dagbag.py:538} INFO - Filling up the DagBag from /opt/airflow/dags/daily_revenue_etl_dag.py
[2026-04-13T08:34:34.662+0000] {processor.py:840} INFO - DAG(s) 'daily_revenue_etl_dag' retrieved from /opt/airflow/dags/daily_revenue_etl_dag.py
[2026-04-13T08:34:34.688+0000] {logging_mixin.py:188} INFO - [2026-04-13T08:34:34.688+0000] {dag.py:3036} INFO - Sync 1 DAGs
[2026-04-13T08:10:37.587+0000] {logging_mixin.py:188} INFO - [2026-04-13T08:10:37.587+0000] {dag.py:3823} INFO - Setting next_dagrun for daily_revenue_etl_dag to 2026-04-13 00:00:00+00:00, run_after=2026-04-14 00:00:00+00:00
[2026-04-13T08:10:37.615+0000] {processor.py:183} INFO - Processing /opt/airflow/dags/daily_revenue_etl_dag.py took 0.104 seconds
[2026-04-13T08:34:39.678+0000] {processor.py:161} INFO - Started process (PID=3292) to work on /opt/airflow/dags/daily_revenue_etl_dag.py
[2026-04-13T08:34:39.679+0000] {processor.py:830} INFO - Processing file /opt/airflow/dags/daily_revenue_etl_dag.py for tasks to queue
[2026-04-13T08:34:39.680+0000] {logging_mixin.py:188} INFO - [2026-04-13T08:34:39.679+0000] {dagbag.py:538} INFO - Filling up the DagBag from /opt/airflow/dags/daily_revenue_etl_dag.py
[2026-04-13T08:34:39.701+0000] {processor.py:840} INFO - DAG(s) 'daily_revenue_etl_dag' retrieved from /opt/airflow/dags/daily_revenue_etl_dag.py
[2026-04-13T08:10:42.603+0000] {logging_mixin.py:188} INFO - [2026-04-13T08:10:42.602+0000] {dag.py:3036} INFO - Sync 1 DAGs
[2026-04-13T08:10:42.631+0000] {logging_mixin.py:188} INFO - [2026-04-13T08:10:42.631+0000] {dag.py:3823} INFO - Setting next_dagrun for daily_revenue_etl_dag to 2026-04-13 00:00:00+00:00, run_after=2026-04-14 00:00:00+00:00
[2026-04-13T08:10:42.655+0000] {processor.py:183} INFO - Processing /opt/airflow/dags/daily_revenue_etl_dag.py took 0.112 seconds
[2026-04-13T08:34:44.847+0000] {processor.py:161} INFO - Started process (PID=3297) to work on /opt/airflow/dags/daily_revenue_etl_dag.py
[2026-04-13T08:34:44.849+0000] {processor.py:830} INFO - Processing file /opt/airflow/dags/daily_revenue_etl_dag.py for tasks to queue
[2026-04-13T08:34:44.850+0000] {logging_mixin.py:188} INFO - [2026-04-13T08:34:44.849+0000] {dagbag.py:538} INFO - Filling up the DagBag from /opt/airflow/dags/daily_revenue_etl_dag.py
[2026-04-13T08:34:44.871+0000] {processor.py:840} INFO - DAG(s) 'daily_revenue_etl_dag' retrieved from /opt/airflow/dags/daily_revenue_etl_dag.py
[2026-04-13T08:34:44.902+0000] {logging_mixin.py:188} INFO - [2026-04-13T08:34:44.901+0000] {dag.py:3036} INFO - Sync 1 DAGs
[2026-04-13T08:34:44.929+0000] {logging_mixin.py:188} INFO - [2026-04-13T08:34:44.928+0000] {dag.py:3823} INFO - Setting next_dagrun for daily_revenue_etl_dag to 2026-04-13 00:00:00+00:00, run_after=2026-04-14 00:00:00+00:00
[2026-04-13T08:34:44.949+0000] {processor.py:183} INFO - Processing /opt/airflow/dags/daily_revenue_etl_dag.py took 0.105 seconds
[2026-04-13T08:36:54.827+0000] {processor.py:161} INFO - Started process (PID=3304) to work on /opt/airflow/dags/daily_revenue_etl_dag.py
[2026-04-13T08:36:54.830+0000] {processor.py:830} INFO - Processing file /opt/airflow/dags/daily_revenue_etl_dag.py for tasks to queue
[2026-04-13T08:36:54.832+0000] {logging_mixin.py:188} INFO - [2026-04-13T08:36:54.831+0000] {dagbag.py:538} INFO - Filling up the DagBag from /opt/airflow/dags/daily_revenue_etl_dag.py
[2026-04-13T08:36:54.867+0000] {processor.py:840} INFO - DAG(s) 'daily_revenue_etl_dag' retrieved from /opt/airflow/dags/daily_revenue_etl_dag.py
[2026-04-13T08:12:57.841+0000] {logging_mixin.py:188} INFO - [2026-04-13T08:12:57.840+0000] {dag.py:3036} INFO - Sync 1 DAGs
[2026-04-13T08:12:57.919+0000] {logging_mixin.py:188} INFO - [2026-04-13T08:12:57.919+0000] {dag.py:3823} INFO - Setting next_dagrun for daily_revenue_etl_dag to 2026-04-13 00:00:00+00:00, run_after=2026-04-14 00:00:00+00:00
[2026-04-13T08:12:58.194+0000] {processor.py:183} INFO - Processing /opt/airflow/dags/daily_revenue_etl_dag.py took 0.491 seconds
[2026-04-13T08:36:59.850+0000] {processor.py:161} INFO - Started process (PID=3309) to work on /opt/airflow/dags/daily_revenue_etl_dag.py
[2026-04-13T08:36:59.852+0000] {processor.py:830} INFO - Processing file /opt/airflow/dags/daily_revenue_etl_dag.py for tasks to queue
[2026-04-13T08:36:59.854+0000] {logging_mixin.py:188} INFO - [2026-04-13T08:36:59.853+0000] {dagbag.py:538} INFO - Filling up the DagBag from /opt/airflow/dags/daily_revenue_etl_dag.py
[2026-04-13T08:36:59.883+0000] {processor.py:840} INFO - DAG(s) 'daily_revenue_etl_dag' retrieved from /opt/airflow/dags/daily_revenue_etl_dag.py
[2026-04-13T08:36:59.948+0000] {logging_mixin.py:188} INFO - [2026-04-13T08:36:59.947+0000] {dag.py:3036} INFO - Sync 1 DAGs
[2026-04-13T08:13:02.934+0000] {logging_mixin.py:188} INFO - [2026-04-13T08:13:02.932+0000] {dag.py:3823} INFO - Setting next_dagrun for daily_revenue_etl_dag to 2026-04-13 00:00:00+00:00, run_after=2026-04-14 00:00:00+00:00
[2026-04-13T08:13:03.030+0000] {processor.py:183} INFO - Processing /opt/airflow/dags/daily_revenue_etl_dag.py took 0.309 seconds
[2026-04-13T08:37:04.891+0000] {processor.py:161} INFO - Started process (PID=3314) to work on /opt/airflow/dags/daily_revenue_etl_dag.py
[2026-04-13T08:37:04.892+0000] {processor.py:830} INFO - Processing file /opt/airflow/dags/daily_revenue_etl_dag.py for tasks to queue
[2026-04-13T08:37:04.894+0000] {logging_mixin.py:188} INFO - [2026-04-13T08:37:04.893+0000] {dagbag.py:538} INFO - Filling up the DagBag from /opt/airflow/dags/daily_revenue_etl_dag.py
[2026-04-13T08:37:04.916+0000] {processor.py:840} INFO - DAG(s) 'daily_revenue_etl_dag' retrieved from /opt/airflow/dags/daily_revenue_etl_dag.py
[2026-04-13T08:37:04.956+0000] {logging_mixin.py:188} INFO - [2026-04-13T08:37:04.956+0000] {dag.py:3036} INFO - Sync 1 DAGs
[2026-04-13T08:13:07.864+0000] {logging_mixin.py:188} INFO - [2026-04-13T08:13:07.864+0000] {dag.py:3823} INFO - Setting next_dagrun for daily_revenue_etl_dag to 2026-04-13 00:00:00+00:00, run_after=2026-04-14 00:00:00+00:00
[2026-04-13T08:13:08.100+0000] {processor.py:183} INFO - Processing /opt/airflow/dags/daily_revenue_etl_dag.py took 0.337 seconds
[2026-04-13T08:37:09.926+0000] {processor.py:161} INFO - Started process (PID=3319) to work on /opt/airflow/dags/daily_revenue_etl_dag.py
[2026-04-13T08:37:09.928+0000] {processor.py:830} INFO - Processing file /opt/airflow/dags/daily_revenue_etl_dag.py for tasks to queue
[2026-04-13T08:37:09.930+0000] {logging_mixin.py:188} INFO - [2026-04-13T08:37:09.929+0000] {dagbag.py:538} INFO - Filling up the DagBag from /opt/airflow/dags/daily_revenue_etl_dag.py
[2026-04-13T08:37:09.952+0000] {processor.py:840} INFO - DAG(s) 'daily_revenue_etl_dag' retrieved from /opt/airflow/dags/daily_revenue_etl_dag.py
[2026-04-13T08:37:09.996+0000] {logging_mixin.py:188} INFO - [2026-04-13T08:37:09.995+0000] {dag.py:3036} INFO - Sync 1 DAGs
[2026-04-13T08:13:12.965+0000] {logging_mixin.py:188} INFO - [2026-04-13T08:13:12.964+0000] {dag.py:3823} INFO - Setting next_dagrun for daily_revenue_etl_dag to 2026-04-13 00:00:00+00:00, run_after=2026-04-14 00:00:00+00:00
[2026-04-13T08:13:12.996+0000] {processor.py:183} INFO - Processing /opt/airflow/dags/daily_revenue_etl_dag.py took 0.169 seconds
[2026-04-13T08:37:14.967+0000] {processor.py:161} INFO - Started process (PID=3324) to work on /opt/airflow/dags/daily_revenue_etl_dag.py
[2026-04-13T08:37:14.968+0000] {processor.py:830} INFO - Processing file /opt/airflow/dags/daily_revenue_etl_dag.py for tasks to queue
[2026-04-13T08:37:14.969+0000] {logging_mixin.py:188} INFO - [2026-04-13T08:37:14.969+0000] {dagbag.py:538} INFO - Filling up the DagBag from /opt/airflow/dags/daily_revenue_etl_dag.py
[2026-04-13T08:37:14.990+0000] {processor.py:840} INFO - DAG(s) 'daily_revenue_etl_dag' retrieved from /opt/airflow/dags/daily_revenue_etl_dag.py
[2026-04-13T08:37:15.024+0000] {logging_mixin.py:188} INFO - [2026-04-13T08:37:15.024+0000] {dag.py:3036} INFO - Sync 1 DAGs
[2026-04-13T08:37:15.052+0000] {logging_mixin.py:188} INFO - [2026-04-13T08:37:15.052+0000] {dag.py:3823} INFO - Setting next_dagrun for daily_revenue_etl_dag to 2026-04-13 00:00:00+00:00, run_after=2026-04-14 00:00:00+00:00
[2026-04-13T08:13:17.947+0000] {processor.py:183} INFO - Processing /opt/airflow/dags/daily_revenue_etl_dag.py took 0.116 seconds
[2026-04-13T08:13:22.890+0000] {processor.py:161} INFO - Started process (PID=3330) to work on /opt/airflow/dags/daily_revenue_etl_dag.py
[2026-04-13T08:13:22.891+0000] {processor.py:830} INFO - Processing file /opt/airflow/dags/daily_revenue_etl_dag.py for tasks to queue
[2026-04-13T08:13:22.893+0000] {logging_mixin.py:188} INFO - [2026-04-13T08:13:22.892+0000] {dagbag.py:538} INFO - Filling up the DagBag from /opt/airflow/dags/daily_revenue_etl_dag.py
[2026-04-13T08:13:22.921+0000] {processor.py:840} INFO - DAG(s) 'daily_revenue_etl_dag' retrieved from /opt/airflow/dags/daily_revenue_etl_dag.py
[2026-04-13T08:13:22.960+0000] {logging_mixin.py:188} INFO - [2026-04-13T08:13:22.960+0000] {dag.py:3036} INFO - Sync 1 DAGs
[2026-04-13T08:13:22.990+0000] {logging_mixin.py:188} INFO - [2026-04-13T08:13:22.989+0000] {dag.py:3823} INFO - Setting next_dagrun for daily_revenue_etl_dag to 2026-04-13 00:00:00+00:00, run_after=2026-04-14 00:00:00+00:00
[2026-04-13T08:13:23.014+0000] {processor.py:183} INFO - Processing /opt/airflow/dags/daily_revenue_etl_dag.py took 0.130 seconds
[2026-04-13T08:13:53.216+0000] {processor.py:161} INFO - Started process (PID=3335) to work on /opt/airflow/dags/daily_revenue_etl_dag.py
[2026-04-13T08:13:53.217+0000] {processor.py:830} INFO - Processing file /opt/airflow/dags/daily_revenue_etl_dag.py for tasks to queue
[2026-04-13T08:13:53.218+0000] {logging_mixin.py:188} INFO - [2026-04-13T08:13:53.218+0000] {dagbag.py:538} INFO - Filling up the DagBag from /opt/airflow/dags/daily_revenue_etl_dag.py
[2026-04-13T08:13:53.237+0000] {processor.py:840} INFO - DAG(s) 'daily_revenue_etl_dag' retrieved from /opt/airflow/dags/daily_revenue_etl_dag.py
[2026-04-13T08:13:53.261+0000] {logging_mixin.py:188} INFO - [2026-04-13T08:13:53.260+0000] {dag.py:3036} INFO - Sync 1 DAGs
[2026-04-13T08:13:53.280+0000] {logging_mixin.py:188} INFO - [2026-04-13T08:13:53.279+0000] {dag.py:3823} INFO - Setting next_dagrun for daily_revenue_etl_dag to 2026-04-13 00:00:00+00:00, run_after=2026-04-14 00:00:00+00:00
[2026-04-13T08:13:53.299+0000] {processor.py:183} INFO - Processing /opt/airflow/dags/daily_revenue_etl_dag.py took 0.086 seconds
[2026-04-13T08:14:23.442+0000] {processor.py:161} INFO - Started process (PID=3341) to work on /opt/airflow/dags/daily_revenue_etl_dag.py
[2026-04-13T08:14:23.444+0000] {processor.py:830} INFO - Processing file /opt/airflow/dags/daily_revenue_etl_dag.py for tasks to queue
[2026-04-13T08:14:23.446+0000] {logging_mixin.py:188} INFO - [2026-04-13T08:14:23.445+0000] {dagbag.py:538} INFO - Filling up the DagBag from /opt/airflow/dags/daily_revenue_etl_dag.py
[2026-04-13T08:14:23.474+0000] {processor.py:840} INFO - DAG(s) 'daily_revenue_etl_dag' retrieved from /opt/airflow/dags/daily_revenue_etl_dag.py
[2026-04-13T08:14:23.512+0000] {logging_mixin.py:188} INFO - [2026-04-13T08:14:23.511+0000] {dag.py:3036} INFO - Sync 1 DAGs
[2026-04-13T08:14:23.539+0000] {logging_mixin.py:188} INFO - [2026-04-13T08:14:23.538+0000] {dag.py:3823} INFO - Setting next_dagrun for daily_revenue_etl_dag to 2026-04-13 00:00:00+00:00, run_after=2026-04-14 00:00:00+00:00
[2026-04-13T08:14:23.561+0000] {processor.py:183} INFO - Processing /opt/airflow/dags/daily_revenue_etl_dag.py took 0.125 seconds
[2026-04-13T08:14:53.735+0000] {processor.py:161} INFO - Started process (PID=3346) to work on /opt/airflow/dags/daily_revenue_etl_dag.py
[2026-04-13T08:14:53.737+0000] {processor.py:830} INFO - Processing file /opt/airflow/dags/daily_revenue_etl_dag.py for tasks to queue
[2026-04-13T08:14:53.738+0000] {logging_mixin.py:188} INFO - [2026-04-13T08:14:53.738+0000] {dagbag.py:538} INFO - Filling up the DagBag from /opt/airflow/dags/daily_revenue_etl_dag.py
[2026-04-13T08:14:53.766+0000] {processor.py:840} INFO - DAG(s) 'daily_revenue_etl_dag' retrieved from /opt/airflow/dags/daily_revenue_etl_dag.py
[2026-04-13T08:14:53.804+0000] {logging_mixin.py:188} INFO - [2026-04-13T08:14:53.803+0000] {dag.py:3036} INFO - Sync 1 DAGs
[2026-04-13T08:14:53.832+0000] {logging_mixin.py:188} INFO - [2026-04-13T08:14:53.831+0000] {dag.py:3823} INFO - Setting next_dagrun for daily_revenue_etl_dag to 2026-04-13 00:00:00+00:00, run_after=2026-04-14 00:00:00+00:00
[2026-04-13T08:14:53.859+0000] {processor.py:183} INFO - Processing /opt/airflow/dags/daily_revenue_etl_dag.py took 0.128 seconds
[2026-04-13T08:38:55.106+0000] {processor.py:161} INFO - Started process (PID=3351) to work on /opt/airflow/dags/daily_revenue_etl_dag.py
[2026-04-13T08:38:55.108+0000] {processor.py:830} INFO - Processing file /opt/airflow/dags/daily_revenue_etl_dag.py for tasks to queue
[2026-04-13T08:38:55.110+0000] {logging_mixin.py:188} INFO - [2026-04-13T08:38:55.109+0000] {dagbag.py:538} INFO - Filling up the DagBag from /opt/airflow/dags/daily_revenue_etl_dag.py
[2026-04-13T08:38:55.138+0000] {processor.py:840} INFO - DAG(s) 'daily_revenue_etl_dag' retrieved from /opt/airflow/dags/daily_revenue_etl_dag.py
[2026-04-13T08:38:55.172+0000] {logging_mixin.py:188} INFO - [2026-04-13T08:38:55.172+0000] {dag.py:3036} INFO - Sync 1 DAGs
[2026-04-13T08:14:58.084+0000] {logging_mixin.py:188} INFO - [2026-04-13T08:14:58.083+0000] {dag.py:3823} INFO - Setting next_dagrun for daily_revenue_etl_dag to 2026-04-13 00:00:00+00:00, run_after=2026-04-14 00:00:00+00:00
[2026-04-13T08:14:58.116+0000] {processor.py:183} INFO - Processing /opt/airflow/dags/daily_revenue_etl_dag.py took 0.141 seconds
[2026-04-13T08:39:00.149+0000] {processor.py:161} INFO - Started process (PID=3356) to work on /opt/airflow/dags/daily_revenue_etl_dag.py
[2026-04-13T08:39:00.152+0000] {processor.py:830} INFO - Processing file /opt/airflow/dags/daily_revenue_etl_dag.py for tasks to queue
[2026-04-13T08:39:00.154+0000] {logging_mixin.py:188} INFO - [2026-04-13T08:39:00.153+0000] {dagbag.py:538} INFO - Filling up the DagBag from /opt/airflow/dags/daily_revenue_etl_dag.py
[2026-04-13T08:39:00.183+0000] {processor.py:840} INFO - DAG(s) 'daily_revenue_etl_dag' retrieved from /opt/airflow/dags/daily_revenue_etl_dag.py
[2026-04-13T08:15:03.076+0000] {logging_mixin.py:188} INFO - [2026-04-13T08:15:03.076+0000] {dag.py:3036} INFO - Sync 1 DAGs
[2026-04-13T08:15:03.105+0000] {logging_mixin.py:188} INFO - [2026-04-13T08:15:03.105+0000] {dag.py:3823} INFO - Setting next_dagrun for daily_revenue_etl_dag to 2026-04-13 00:00:00+00:00, run_after=2026-04-14 00:00:00+00:00
[2026-04-13T08:15:03.135+0000] {processor.py:183} INFO - Processing /opt/airflow/dags/daily_revenue_etl_dag.py took 0.134 seconds
[2026-04-13T08:15:33.392+0000] {processor.py:161} INFO - Started process (PID=3361) to work on /opt/airflow/dags/daily_revenue_etl_dag.py
[2026-04-13T08:15:33.394+0000] {processor.py:830} INFO - Processing file /opt/airflow/dags/daily_revenue_etl_dag.py for tasks to queue
[2026-04-13T08:15:33.395+0000] {logging_mixin.py:188} INFO - [2026-04-13T08:15:33.395+0000] {dagbag.py:538} INFO - Filling up the DagBag from /opt/airflow/dags/daily_revenue_etl_dag.py
[2026-04-13T08:15:33.418+0000] {processor.py:840} INFO - DAG(s) 'daily_revenue_etl_dag' retrieved from /opt/airflow/dags/daily_revenue_etl_dag.py
[2026-04-13T08:15:33.452+0000] {logging_mixin.py:188} INFO - [2026-04-13T08:15:33.451+0000] {dag.py:3036} INFO - Sync 1 DAGs
[2026-04-13T08:15:33.478+0000] {logging_mixin.py:188} INFO - [2026-04-13T08:15:33.478+0000] {dag.py:3823} INFO - Setting next_dagrun for daily_revenue_etl_dag to 2026-04-13 00:00:00+00:00, run_after=2026-04-14 00:00:00+00:00
[2026-04-13T08:15:33.503+0000] {processor.py:183} INFO - Processing /opt/airflow/dags/daily_revenue_etl_dag.py took 0.114 seconds
[2026-04-13T08:16:03.580+0000] {processor.py:161} INFO - Started process (PID=3366) to work on /opt/airflow/dags/daily_revenue_etl_dag.py
[2026-04-13T08:16:03.581+0000] {processor.py:830} INFO - Processing file /opt/airflow/dags/daily_revenue_etl_dag.py for tasks to queue
[2026-04-13T08:16:03.583+0000] {logging_mixin.py:188} INFO - [2026-04-13T08:16:03.582+0000] {dagbag.py:538} INFO - Filling up the DagBag from /opt/airflow/dags/daily_revenue_etl_dag.py
[2026-04-13T08:16:03.605+0000] {processor.py:840} INFO - DAG(s) 'daily_revenue_etl_dag' retrieved from /opt/airflow/dags/daily_revenue_etl_dag.py
[2026-04-13T08:16:03.640+0000] {logging_mixin.py:188} INFO - [2026-04-13T08:16:03.640+0000] {dag.py:3036} INFO - Sync 1 DAGs
[2026-04-13T08:16:03.670+0000] {logging_mixin.py:188} INFO - [2026-04-13T08:16:03.670+0000] {dag.py:3823} INFO - Setting next_dagrun for daily_revenue_etl_dag to 2026-04-13 00:00:00+00:00, run_after=2026-04-14 00:00:00+00:00
[2026-04-13T08:16:03.696+0000] {processor.py:183} INFO - Processing /opt/airflow/dags/daily_revenue_etl_dag.py took 0.120 seconds
[2026-04-13T08:40:14.959+0000] {processor.py:161} INFO - Started process (PID=3371) to work on /opt/airflow/dags/daily_revenue_etl_dag.py
[2026-04-13T08:40:14.960+0000] {processor.py:830} INFO - Processing file /opt/airflow/dags/daily_revenue_etl_dag.py for tasks to queue
[2026-04-13T08:40:14.961+0000] {logging_mixin.py:188} INFO - [2026-04-13T08:40:14.960+0000] {dagbag.py:538} INFO - Filling up the DagBag from /opt/airflow/dags/daily_revenue_etl_dag.py
[2026-04-13T08:40:14.984+0000] {processor.py:840} INFO - DAG(s) 'daily_revenue_etl_dag' retrieved from /opt/airflow/dags/daily_revenue_etl_dag.py
[2026-04-13T08:40:15.017+0000] {logging_mixin.py:188} INFO - [2026-04-13T08:40:15.016+0000] {dag.py:3036} INFO - Sync 1 DAGs
[2026-04-13T08:40:15.047+0000] {logging_mixin.py:188} INFO - [2026-04-13T08:40:15.046+0000] {dag.py:3823} INFO - Setting next_dagrun for daily_revenue_etl_dag to 2026-04-13 00:00:00+00:00, run_after=2026-04-14 00:00:00+00:00
[2026-04-13T08:40:15.074+0000] {processor.py:183} INFO - Processing /opt/airflow/dags/daily_revenue_etl_dag.py took 0.118 seconds
[2026-04-13T08:40:20.136+0000] {processor.py:161} INFO - Started process (PID=3376) to work on /opt/airflow/dags/daily_revenue_etl_dag.py
[2026-04-13T08:40:20.138+0000] {processor.py:830} INFO - Processing file /opt/airflow/dags/daily_revenue_etl_dag.py for tasks to queue
[2026-04-13T08:40:20.138+0000] {logging_mixin.py:188} INFO - [2026-04-13T08:40:20.138+0000] {dagbag.py:538} INFO - Filling up the DagBag from /opt/airflow/dags/daily_revenue_etl_dag.py
[2026-04-13T08:40:20.159+0000] {processor.py:840} INFO - DAG(s) 'daily_revenue_etl_dag' retrieved from /opt/airflow/dags/daily_revenue_etl_dag.py
[2026-04-13T08:40:20.187+0000] {logging_mixin.py:188} INFO - [2026-04-13T08:40:20.187+0000] {dag.py:3036} INFO - Sync 1 DAGs
[2026-04-13T08:40:20.215+0000] {logging_mixin.py:188} INFO - [2026-04-13T08:40:20.214+0000] {dag.py:3823} INFO - Setting next_dagrun for daily_revenue_etl_dag to 2026-04-13 00:00:00+00:00, run_after=2026-04-14 00:00:00+00:00
[2026-04-13T08:40:20.278+0000] {processor.py:183} INFO - Processing /opt/airflow/dags/daily_revenue_etl_dag.py took 0.146 seconds
[2026-04-13T08:40:50.379+0000] {processor.py:161} INFO - Started process (PID=3381) to work on /opt/airflow/dags/daily_revenue_etl_dag.py
[2026-04-13T08:40:50.381+0000] {processor.py:830} INFO - Processing file /opt/airflow/dags/daily_revenue_etl_dag.py for tasks to queue
[2026-04-13T08:40:50.382+0000] {logging_mixin.py:188} INFO - [2026-04-13T08:40:50.381+0000] {dagbag.py:538} INFO - Filling up the DagBag from /opt/airflow/dags/daily_revenue_etl_dag.py
[2026-04-13T08:16:53.274+0000] {processor.py:840} INFO - DAG(s) 'daily_revenue_etl_dag' retrieved from /opt/airflow/dags/daily_revenue_etl_dag.py
[2026-04-13T08:16:53.308+0000] {logging_mixin.py:188} INFO - [2026-04-13T08:16:53.308+0000] {dag.py:3036} INFO - Sync 1 DAGs
[2026-04-13T08:16:53.335+0000] {logging_mixin.py:188} INFO - [2026-04-13T08:16:53.335+0000] {dag.py:3823} INFO - Setting next_dagrun for daily_revenue_etl_dag to 2026-04-13 00:00:00+00:00, run_after=2026-04-14 00:00:00+00:00
[2026-04-13T08:16:53.362+0000] {processor.py:183} INFO - Processing /opt/airflow/dags/daily_revenue_etl_dag.py took 0.118 seconds
[2026-04-13T08:17:23.503+0000] {processor.py:161} INFO - Started process (PID=3386) to work on /opt/airflow/dags/daily_revenue_etl_dag.py
[2026-04-13T08:17:23.506+0000] {processor.py:830} INFO - Processing file /opt/airflow/dags/daily_revenue_etl_dag.py for tasks to queue
[2026-04-13T08:17:23.508+0000] {logging_mixin.py:188} INFO - [2026-04-13T08:17:23.507+0000] {dagbag.py:538} INFO - Filling up the DagBag from /opt/airflow/dags/daily_revenue_etl_dag.py
[2026-04-13T08:17:23.547+0000] {processor.py:840} INFO - DAG(s) 'daily_revenue_etl_dag' retrieved from /opt/airflow/dags/daily_revenue_etl_dag.py
[2026-04-13T08:17:23.650+0000] {logging_mixin.py:188} INFO - [2026-04-13T08:17:23.650+0000] {dag.py:3036} INFO - Sync 1 DAGs
[2026-04-13T08:17:23.720+0000] {logging_mixin.py:188} INFO - [2026-04-13T08:17:23.720+0000] {dag.py:3823} INFO - Setting next_dagrun for daily_revenue_etl_dag to 2026-04-13 00:00:00+00:00, run_after=2026-04-14 00:00:00+00:00
[2026-04-13T08:17:23.750+0000] {processor.py:183} INFO - Processing /opt/airflow/dags/daily_revenue_etl_dag.py took 0.255 seconds
[2026-04-13T08:41:44.983+0000] {processor.py:161} INFO - Started process (PID=3391) to work on /opt/airflow/dags/daily_revenue_etl_dag.py
[2026-04-13T08:41:44.984+0000] {processor.py:830} INFO - Processing file /opt/airflow/dags/daily_revenue_etl_dag.py for tasks to queue
[2026-04-13T08:41:44.985+0000] {logging_mixin.py:188} INFO - [2026-04-13T08:41:44.985+0000] {dagbag.py:538} INFO - Filling up the DagBag from /opt/airflow/dags/daily_revenue_etl_dag.py
[2026-04-13T08:41:45.006+0000] {processor.py:840} INFO - DAG(s) 'daily_revenue_etl_dag' retrieved from /opt/airflow/dags/daily_revenue_etl_dag.py
[2026-04-13T08:41:45.031+0000] {logging_mixin.py:188} INFO - [2026-04-13T08:41:45.031+0000] {dag.py:3036} INFO - Sync 1 DAGs
[2026-04-13T08:41:45.055+0000] {logging_mixin.py:188} INFO - [2026-04-13T08:41:45.055+0000] {dag.py:3823} INFO - Setting next_dagrun for daily_revenue_etl_dag to 2026-04-13 00:00:00+00:00, run_after=2026-04-14 00:00:00+00:00
[2026-04-13T08:41:45.076+0000] {processor.py:183} INFO - Processing /opt/airflow/dags/daily_revenue_etl_dag.py took 0.097 seconds
[2026-04-13T08:42:25.342+0000] {processor.py:161} INFO - Started process (PID=3396) to work on /opt/airflow/dags/daily_revenue_etl_dag.py
[2026-04-13T08:42:25.344+0000] {processor.py:830} INFO - Processing file /opt/airflow/dags/daily_revenue_etl_dag.py for tasks to queue
[2026-04-13T08:42:25.345+0000] {logging_mixin.py:188} INFO - [2026-04-13T08:42:25.344+0000] {dagbag.py:538} INFO - Filling up the DagBag from /opt/airflow/dags/daily_revenue_etl_dag.py
[2026-04-13T08:42:25.375+0000] {processor.py:840} INFO - DAG(s) 'daily_revenue_etl_dag' retrieved from /opt/airflow/dags/daily_revenue_etl_dag.py
[2026-04-13T08:42:25.416+0000] {logging_mixin.py:188} INFO - [2026-04-13T08:42:25.415+0000] {dag.py:3036} INFO - Sync 1 DAGs
[2026-04-13T08:42:25.450+0000] {logging_mixin.py:188} INFO - [2026-04-13T08:42:25.449+0000] {dag.py:3823} INFO - Setting next_dagrun for daily_revenue_etl_dag to 2026-04-13 00:00:00+00:00, run_after=2026-04-14 00:00:00+00:00
[2026-04-13T08:42:25.496+0000] {processor.py:183} INFO - Processing /opt/airflow/dags/daily_revenue_etl_dag.py took 0.157 seconds
[2026-04-13T08:42:30.382+0000] {processor.py:161} INFO - Started process (PID=3401) to work on /opt/airflow/dags/daily_revenue_etl_dag.py
[2026-04-13T08:42:30.383+0000] {processor.py:830} INFO - Processing file /opt/airflow/dags/daily_revenue_etl_dag.py for tasks to queue
[2026-04-13T08:42:30.384+0000] {logging_mixin.py:188} INFO - [2026-04-13T08:42:30.384+0000] {dagbag.py:538} INFO - Filling up the DagBag from /opt/airflow/dags/daily_revenue_etl_dag.py
[2026-04-13T08:42:30.401+0000] {processor.py:840} INFO - DAG(s) 'daily_revenue_etl_dag' retrieved from /opt/airflow/dags/daily_revenue_etl_dag.py
[2026-04-13T08:42:30.432+0000] {logging_mixin.py:188} INFO - [2026-04-13T08:42:30.432+0000] {dag.py:3036} INFO - Sync 1 DAGs
[2026-04-13T08:42:30.460+0000] {logging_mixin.py:188} INFO - [2026-04-13T08:42:30.459+0000] {dag.py:3823} INFO - Setting next_dagrun for daily_revenue_etl_dag to 2026-04-13 00:00:00+00:00, run_after=2026-04-14 00:00:00+00:00
[2026-04-13T08:42:30.487+0000] {processor.py:183} INFO - Processing /opt/airflow/dags/daily_revenue_etl_dag.py took 0.108 seconds
[2026-04-13T08:43:00.619+0000] {processor.py:161} INFO - Started process (PID=3406) to work on /opt/airflow/dags/daily_revenue_etl_dag.py
[2026-04-13T08:43:00.621+0000] {processor.py:830} INFO - Processing file /opt/airflow/dags/daily_revenue_etl_dag.py for tasks to queue
[2026-04-13T08:43:00.622+0000] {logging_mixin.py:188} INFO - [2026-04-13T08:43:00.621+0000] {dagbag.py:538} INFO - Filling up the DagBag from /opt/airflow/dags/daily_revenue_etl_dag.py
[2026-04-13T08:43:00.655+0000] {processor.py:840} INFO - DAG(s) 'daily_revenue_etl_dag' retrieved from /opt/airflow/dags/daily_revenue_etl_dag.py
[2026-04-13T08:43:00.691+0000] {logging_mixin.py:188} INFO - [2026-04-13T08:43:00.691+0000] {dag.py:3036} INFO - Sync 1 DAGs
[2026-04-13T08:43:00.724+0000] {logging_mixin.py:188} INFO - [2026-04-13T08:43:00.724+0000] {dag.py:3823} INFO - Setting next_dagrun for daily_revenue_etl_dag to 2026-04-13 00:00:00+00:00, run_after=2026-04-14 00:00:00+00:00
[2026-04-13T08:43:00.756+0000] {processor.py:183} INFO - Processing /opt/airflow/dags/daily_revenue_etl_dag.py took 0.141 seconds
[2026-04-13T08:43:44.996+0000] {processor.py:161} INFO - Started process (PID=3412) to work on /opt/airflow/dags/daily_revenue_etl_dag.py
[2026-04-13T08:43:44.998+0000] {processor.py:830} INFO - Processing file /opt/airflow/dags/daily_revenue_etl_dag.py for tasks to queue
[2026-04-13T08:43:45.000+0000] {logging_mixin.py:188} INFO - [2026-04-13T08:43:44.999+0000] {dagbag.py:538} INFO - Filling up the DagBag from /opt/airflow/dags/daily_revenue_etl_dag.py
[2026-04-13T08:43:45.022+0000] {processor.py:840} INFO - DAG(s) 'daily_revenue_etl_dag' retrieved from /opt/airflow/dags/daily_revenue_etl_dag.py
[2026-04-13T08:43:45.060+0000] {logging_mixin.py:188} INFO - [2026-04-13T08:43:45.059+0000] {dag.py:3036} INFO - Sync 1 DAGs
[2026-04-13T08:19:47.992+0000] {logging_mixin.py:188} INFO - [2026-04-13T08:19:47.992+0000] {dag.py:3823} INFO - Setting next_dagrun for daily_revenue_etl_dag to 2026-04-13 00:00:00+00:00, run_after=2026-04-14 00:00:00+00:00
[2026-04-13T08:19:48.030+0000] {processor.py:183} INFO - Processing /opt/airflow/dags/daily_revenue_etl_dag.py took 0.145 seconds
[2026-04-13T08:20:18.176+0000] {processor.py:161} INFO - Started process (PID=3417) to work on /opt/airflow/dags/daily_revenue_etl_dag.py
[2026-04-13T08:20:18.177+0000] {processor.py:830} INFO - Processing file /opt/airflow/dags/daily_revenue_etl_dag.py for tasks to queue
[2026-04-13T08:20:18.179+0000] {logging_mixin.py:188} INFO - [2026-04-13T08:20:18.178+0000] {dagbag.py:538} INFO - Filling up the DagBag from /opt/airflow/dags/daily_revenue_etl_dag.py
[2026-04-13T08:20:18.202+0000] {processor.py:840} INFO - DAG(s) 'daily_revenue_etl_dag' retrieved from /opt/airflow/dags/daily_revenue_etl_dag.py
[2026-04-13T08:20:18.236+0000] {logging_mixin.py:188} INFO - [2026-04-13T08:20:18.235+0000] {dag.py:3036} INFO - Sync 1 DAGs
[2026-04-13T08:20:18.265+0000] {logging_mixin.py:188} INFO - [2026-04-13T08:20:18.265+0000] {dag.py:3823} INFO - Setting next_dagrun for daily_revenue_etl_dag to 2026-04-13 00:00:00+00:00, run_after=2026-04-14 00:00:00+00:00
[2026-04-13T08:20:18.291+0000] {processor.py:183} INFO - Processing /opt/airflow/dags/daily_revenue_etl_dag.py took 0.118 seconds
[2026-04-13T08:44:40.579+0000] {processor.py:161} INFO - Started process (PID=3422) to work on /opt/airflow/dags/daily_revenue_etl_dag.py
[2026-04-13T08:44:40.581+0000] {processor.py:830} INFO - Processing file /opt/airflow/dags/daily_revenue_etl_dag.py for tasks to queue
[2026-04-13T08:44:40.582+0000] {logging_mixin.py:188} INFO - [2026-04-13T08:44:40.581+0000] {dagbag.py:538} INFO - Filling up the DagBag from /opt/airflow/dags/daily_revenue_etl_dag.py
[2026-04-13T08:44:40.599+0000] {processor.py:840} INFO - DAG(s) 'daily_revenue_etl_dag' retrieved from /opt/airflow/dags/daily_revenue_etl_dag.py
[2026-04-13T08:44:40.626+0000] {logging_mixin.py:188} INFO - [2026-04-13T08:44:40.625+0000] {dag.py:3036} INFO - Sync 1 DAGs
[2026-04-13T08:44:40.651+0000] {logging_mixin.py:188} INFO - [2026-04-13T08:44:40.651+0000] {dag.py:3823} INFO - Setting next_dagrun for daily_revenue_etl_dag to 2026-04-13 00:00:00+00:00, run_after=2026-04-14 00:00:00+00:00
[2026-04-13T08:44:40.673+0000] {processor.py:183} INFO - Processing /opt/airflow/dags/daily_revenue_etl_dag.py took 0.097 seconds
[2026-04-13T08:45:15.691+0000] {processor.py:161} INFO - Started process (PID=3430) to work on /opt/airflow/dags/daily_revenue_etl_dag.py
[2026-04-13T08:45:15.693+0000] {processor.py:830} INFO - Processing file /opt/airflow/dags/daily_revenue_etl_dag.py for tasks to queue
[2026-04-13T08:45:15.694+0000] {logging_mixin.py:188} INFO - [2026-04-13T08:45:15.694+0000] {dagbag.py:538} INFO - Filling up the DagBag from /opt/airflow/dags/daily_revenue_etl_dag.py
[2026-04-13T08:45:15.719+0000] {processor.py:840} INFO - DAG(s) 'daily_revenue_etl_dag' retrieved from /opt/airflow/dags/daily_revenue_etl_dag.py
[2026-04-13T08:45:15.748+0000] {logging_mixin.py:188} INFO - [2026-04-13T08:45:15.748+0000] {dag.py:3036} INFO - Sync 1 DAGs
[2026-04-13T08:45:15.775+0000] {logging_mixin.py:188} INFO - [2026-04-13T08:45:15.774+0000] {dag.py:3823} INFO - Setting next_dagrun for daily_revenue_etl_dag to 2026-04-13 00:00:00+00:00, run_after=2026-04-14 00:00:00+00:00
[2026-04-13T08:21:18.700+0000] {processor.py:183} INFO - Processing /opt/airflow/dags/daily_revenue_etl_dag.py took 0.130 seconds
[2026-04-13T08:45:20.745+0000] {processor.py:161} INFO - Started process (PID=3435) to work on /opt/airflow/dags/daily_revenue_etl_dag.py
[2026-04-13T08:45:20.747+0000] {processor.py:830} INFO - Processing file /opt/airflow/dags/daily_revenue_etl_dag.py for tasks to queue
[2026-04-13T08:45:20.750+0000] {logging_mixin.py:188} INFO - [2026-04-13T08:45:20.749+0000] {dagbag.py:538} INFO - Filling up the DagBag from /opt/airflow/dags/daily_revenue_etl_dag.py
[2026-04-13T08:45:20.816+0000] {processor.py:840} INFO - DAG(s) 'daily_revenue_etl_dag' retrieved from /opt/airflow/dags/daily_revenue_etl_dag.py
[2026-04-13T08:21:23.760+0000] {logging_mixin.py:188} INFO - [2026-04-13T08:21:23.760+0000] {dag.py:3036} INFO - Sync 1 DAGs
[2026-04-13T08:21:23.790+0000] {logging_mixin.py:188} INFO - [2026-04-13T08:21:23.790+0000] {dag.py:3823} INFO - Setting next_dagrun for daily_revenue_etl_dag to 2026-04-13 00:00:00+00:00, run_after=2026-04-14 00:00:00+00:00
[2026-04-13T08:21:23.811+0000] {processor.py:183} INFO - Processing /opt/airflow/dags/daily_revenue_etl_dag.py took 0.191 seconds
[2026-04-13T08:21:53.964+0000] {processor.py:161} INFO - Started process (PID=3440) to work on /opt/airflow/dags/daily_revenue_etl_dag.py
[2026-04-13T08:21:53.966+0000] {processor.py:830} INFO - Processing file /opt/airflow/dags/daily_revenue_etl_dag.py for tasks to queue
[2026-04-13T08:21:53.967+0000] {logging_mixin.py:188} INFO - [2026-04-13T08:21:53.967+0000] {dagbag.py:538} INFO - Filling up the DagBag from /opt/airflow/dags/daily_revenue_etl_dag.py
[2026-04-13T08:21:53.987+0000] {processor.py:840} INFO - DAG(s) 'daily_revenue_etl_dag' retrieved from /opt/airflow/dags/daily_revenue_etl_dag.py
[2026-04-13T08:21:54.021+0000] {logging_mixin.py:188} INFO - [2026-04-13T08:21:54.021+0000] {dag.py:3036} INFO - Sync 1 DAGs
[2026-04-13T08:21:54.048+0000] {logging_mixin.py:188} INFO - [2026-04-13T08:21:54.047+0000] {dag.py:3823} INFO - Setting next_dagrun for daily_revenue_etl_dag to 2026-04-13 00:00:00+00:00, run_after=2026-04-14 00:00:00+00:00
[2026-04-13T08:21:54.074+0000] {processor.py:183} INFO - Processing /opt/airflow/dags/daily_revenue_etl_dag.py took 0.114 seconds
[2026-04-13T08:22:24.202+0000] {processor.py:161} INFO - Started process (PID=3445) to work on /opt/airflow/dags/daily_revenue_etl_dag.py
[2026-04-13T08:22:24.203+0000] {processor.py:830} INFO - Processing file /opt/airflow/dags/daily_revenue_etl_dag.py for tasks to queue
[2026-04-13T08:22:24.204+0000] {logging_mixin.py:188} INFO - [2026-04-13T08:22:24.204+0000] {dagbag.py:538} INFO - Filling up the DagBag from /opt/airflow/dags/daily_revenue_etl_dag.py
[2026-04-13T08:22:24.223+0000] {processor.py:840} INFO - DAG(s) 'daily_revenue_etl_dag' retrieved from /opt/airflow/dags/daily_revenue_etl_dag.py
[2026-04-13T08:22:24.257+0000] {logging_mixin.py:188} INFO - [2026-04-13T08:22:24.257+0000] {dag.py:3036} INFO - Sync 1 DAGs
[2026-04-13T08:22:24.282+0000] {logging_mixin.py:188} INFO - [2026-04-13T08:22:24.282+0000] {dag.py:3823} INFO - Setting next_dagrun for daily_revenue_etl_dag to 2026-04-13 00:00:00+00:00, run_after=2026-04-14 00:00:00+00:00
[2026-04-13T08:22:24.311+0000] {processor.py:183} INFO - Processing /opt/airflow/dags/daily_revenue_etl_dag.py took 0.113 seconds
[2026-04-13T08:22:54.459+0000] {processor.py:161} INFO - Started process (PID=3450) to work on /opt/airflow/dags/daily_revenue_etl_dag.py
[2026-04-13T08:22:54.460+0000] {processor.py:830} INFO - Processing file /opt/airflow/dags/daily_revenue_etl_dag.py for tasks to queue
[2026-04-13T08:22:54.461+0000] {logging_mixin.py:188} INFO - [2026-04-13T08:22:54.461+0000] {dagbag.py:538} INFO - Filling up the DagBag from /opt/airflow/dags/daily_revenue_etl_dag.py
[2026-04-13T08:22:54.480+0000] {processor.py:840} INFO - DAG(s) 'daily_revenue_etl_dag' retrieved from /opt/airflow/dags/daily_revenue_etl_dag.py
[2026-04-13T08:22:54.508+0000] {logging_mixin.py:188} INFO - [2026-04-13T08:22:54.508+0000] {dag.py:3036} INFO - Sync 1 DAGs
[2026-04-13T08:22:54.537+0000] {logging_mixin.py:188} INFO - [2026-04-13T08:22:54.537+0000] {dag.py:3823} INFO - Setting next_dagrun for daily_revenue_etl_dag to 2026-04-13 00:00:00+00:00, run_after=2026-04-14 00:00:00+00:00
[2026-04-13T08:22:54.558+0000] {processor.py:183} INFO - Processing /opt/airflow/dags/daily_revenue_etl_dag.py took 0.103 seconds
[2026-04-13T08:47:00.870+0000] {processor.py:161} INFO - Started process (PID=3455) to work on /opt/airflow/dags/daily_revenue_etl_dag.py
[2026-04-13T08:47:00.873+0000] {processor.py:830} INFO - Processing file /opt/airflow/dags/daily_revenue_etl_dag.py for tasks to queue
[2026-04-13T08:47:00.881+0000] {logging_mixin.py:188} INFO - [2026-04-13T08:47:00.878+0000] {dagbag.py:538} INFO - Filling up the DagBag from /opt/airflow/dags/daily_revenue_etl_dag.py
[2026-04-13T08:47:00.948+0000] {processor.py:840} INFO - DAG(s) 'daily_revenue_etl_dag' retrieved from /opt/airflow/dags/daily_revenue_etl_dag.py
[2026-04-13T08:23:03.908+0000] {logging_mixin.py:188} INFO - [2026-04-13T08:23:03.908+0000] {dag.py:3036} INFO - Sync 1 DAGs
[2026-04-13T08:23:03.956+0000] {logging_mixin.py:188} INFO - [2026-04-13T08:23:03.956+0000] {dag.py:3823} INFO - Setting next_dagrun for daily_revenue_etl_dag to 2026-04-13 00:00:00+00:00, run_after=2026-04-14 00:00:00+00:00
[2026-04-13T08:23:03.981+0000] {processor.py:183} INFO - Processing /opt/airflow/dags/daily_revenue_etl_dag.py took 0.241 seconds
[2026-04-13T08:47:05.874+0000] {processor.py:161} INFO - Started process (PID=3460) to work on /opt/airflow/dags/daily_revenue_etl_dag.py
[2026-04-13T08:47:05.876+0000] {processor.py:830} INFO - Processing file /opt/airflow/dags/daily_revenue_etl_dag.py for tasks to queue
[2026-04-13T08:47:05.877+0000] {logging_mixin.py:188} INFO - [2026-04-13T08:47:05.877+0000] {dagbag.py:538} INFO - Filling up the DagBag from /opt/airflow/dags/daily_revenue_etl_dag.py
[2026-04-13T08:47:05.900+0000] {processor.py:840} INFO - DAG(s) 'daily_revenue_etl_dag' retrieved from /opt/airflow/dags/daily_revenue_etl_dag.py
[2026-04-13T08:47:05.933+0000] {logging_mixin.py:188} INFO - [2026-04-13T08:47:05.933+0000] {dag.py:3036} INFO - Sync 1 DAGs
[2026-04-13T08:47:05.963+0000] {logging_mixin.py:188} INFO - [2026-04-13T08:47:05.963+0000] {dag.py:3823} INFO - Setting next_dagrun for daily_revenue_etl_dag to 2026-04-13 00:00:00+00:00, run_after=2026-04-14 00:00:00+00:00
[2026-04-13T08:23:08.882+0000] {processor.py:183} INFO - Processing /opt/airflow/dags/daily_revenue_etl_dag.py took 0.124 seconds
[2026-04-13T08:47:10.921+0000] {processor.py:161} INFO - Started process (PID=3465) to work on /opt/airflow/dags/daily_revenue_etl_dag.py
[2026-04-13T08:47:10.922+0000] {processor.py:830} INFO - Processing file /opt/airflow/dags/daily_revenue_etl_dag.py for tasks to queue
[2026-04-13T08:47:10.924+0000] {logging_mixin.py:188} INFO - [2026-04-13T08:47:10.923+0000] {dagbag.py:538} INFO - Filling up the DagBag from /opt/airflow/dags/daily_revenue_etl_dag.py
[2026-04-13T08:47:10.948+0000] {processor.py:840} INFO - DAG(s) 'daily_revenue_etl_dag' retrieved from /opt/airflow/dags/daily_revenue_etl_dag.py
[2026-04-13T08:47:10.977+0000] {logging_mixin.py:188} INFO - [2026-04-13T08:47:10.977+0000] {dag.py:3036} INFO - Sync 1 DAGs
[2026-04-13T08:23:13.889+0000] {logging_mixin.py:188} INFO - [2026-04-13T08:23:13.888+0000] {dag.py:3823} INFO - Setting next_dagrun for daily_revenue_etl_dag to 2026-04-13 00:00:00+00:00, run_after=2026-04-14 00:00:00+00:00
[2026-04-13T08:23:13.913+0000] {processor.py:183} INFO - Processing /opt/airflow/dags/daily_revenue_etl_dag.py took 0.111 seconds
[2026-04-13T08:23:44.165+0000] {processor.py:161} INFO - Started process (PID=3470) to work on /opt/airflow/dags/daily_revenue_etl_dag.py
[2026-04-13T08:23:44.166+0000] {processor.py:830} INFO - Processing file /opt/airflow/dags/daily_revenue_etl_dag.py for tasks to queue
[2026-04-13T08:23:44.168+0000] {logging_mixin.py:188} INFO - [2026-04-13T08:23:44.167+0000] {dagbag.py:538} INFO - Filling up the DagBag from /opt/airflow/dags/daily_revenue_etl_dag.py
[2026-04-13T08:23:44.187+0000] {processor.py:840} INFO - DAG(s) 'daily_revenue_etl_dag' retrieved from /opt/airflow/dags/daily_revenue_etl_dag.py
[2026-04-13T08:23:44.219+0000] {logging_mixin.py:188} INFO - [2026-04-13T08:23:44.219+0000] {dag.py:3036} INFO - Sync 1 DAGs
[2026-04-13T08:23:44.244+0000] {logging_mixin.py:188} INFO - [2026-04-13T08:23:44.244+0000] {dag.py:3823} INFO - Setting next_dagrun for daily_revenue_etl_dag to 2026-04-13 00:00:00+00:00, run_after=2026-04-14 00:00:00+00:00
[2026-04-13T08:23:44.265+0000] {processor.py:183} INFO - Processing /opt/airflow/dags/daily_revenue_etl_dag.py took 0.104 seconds
[2026-04-13T08:24:14.387+0000] {processor.py:161} INFO - Started process (PID=3475) to work on /opt/airflow/dags/daily_revenue_etl_dag.py
[2026-04-13T08:24:14.389+0000] {processor.py:830} INFO - Processing file /opt/airflow/dags/daily_revenue_etl_dag.py for tasks to queue
[2026-04-13T08:24:14.390+0000] {logging_mixin.py:188} INFO - [2026-04-13T08:24:14.390+0000] {dagbag.py:538} INFO - Filling up the DagBag from /opt/airflow/dags/daily_revenue_etl_dag.py
[2026-04-13T08:24:14.410+0000] {processor.py:840} INFO - DAG(s) 'daily_revenue_etl_dag' retrieved from /opt/airflow/dags/daily_revenue_etl_dag.py
[2026-04-13T08:24:14.441+0000] {logging_mixin.py:188} INFO - [2026-04-13T08:24:14.440+0000] {dag.py:3036} INFO - Sync 1 DAGs
[2026-04-13T08:24:14.463+0000] {logging_mixin.py:188} INFO - [2026-04-13T08:24:14.462+0000] {dag.py:3823} INFO - Setting next_dagrun for daily_revenue_etl_dag to 2026-04-13 00:00:00+00:00, run_after=2026-04-14 00:00:00+00:00
[2026-04-13T08:24:14.487+0000] {processor.py:183} INFO - Processing /opt/airflow/dags/daily_revenue_etl_dag.py took 0.103 seconds
[2026-04-13T08:24:44.674+0000] {processor.py:161} INFO - Started process (PID=3480) to work on /opt/airflow/dags/daily_revenue_etl_dag.py
[2026-04-13T08:24:44.676+0000] {processor.py:830} INFO - Processing file /opt/airflow/dags/daily_revenue_etl_dag.py for tasks to queue
[2026-04-13T08:24:44.678+0000] {logging_mixin.py:188} INFO - [2026-04-13T08:24:44.678+0000] {dagbag.py:538} INFO - Filling up the DagBag from /opt/airflow/dags/daily_revenue_etl_dag.py
[2026-04-13T08:24:44.701+0000] {processor.py:840} INFO - DAG(s) 'daily_revenue_etl_dag' retrieved from /opt/airflow/dags/daily_revenue_etl_dag.py
[2026-04-13T08:24:44.736+0000] {logging_mixin.py:188} INFO - [2026-04-13T08:24:44.736+0000] {dag.py:3036} INFO - Sync 1 DAGs
[2026-04-13T08:24:44.761+0000] {logging_mixin.py:188} INFO - [2026-04-13T08:24:44.760+0000] {dag.py:3823} INFO - Setting next_dagrun for daily_revenue_etl_dag to 2026-04-13 00:00:00+00:00, run_after=2026-04-14 00:00:00+00:00
[2026-04-13T08:24:44.781+0000] {processor.py:183} INFO - Processing /opt/airflow/dags/daily_revenue_etl_dag.py took 0.116 seconds
[2026-04-13T08:48:44.844+0000] {processor.py:161} INFO - Started process (PID=3485) to work on /opt/airflow/dags/daily_revenue_etl_dag.py
[2026-04-13T08:48:44.846+0000] {processor.py:830} INFO - Processing file /opt/airflow/dags/daily_revenue_etl_dag.py for tasks to queue
[2026-04-13T08:48:44.847+0000] {logging_mixin.py:188} INFO - [2026-04-13T08:48:44.846+0000] {dagbag.py:538} INFO - Filling up the DagBag from /opt/airflow/dags/daily_revenue_etl_dag.py
[2026-04-13T08:48:44.866+0000] {processor.py:840} INFO - DAG(s) 'daily_revenue_etl_dag' retrieved from /opt/airflow/dags/daily_revenue_etl_dag.py
[2026-04-13T08:48:44.896+0000] {logging_mixin.py:188} INFO - [2026-04-13T08:48:44.896+0000] {dag.py:3036} INFO - Sync 1 DAGs
[2026-04-13T08:24:47.813+0000] {logging_mixin.py:188} INFO - [2026-04-13T08:24:47.813+0000] {dag.py:3823} INFO - Setting next_dagrun for daily_revenue_etl_dag to 2026-04-13 00:00:00+00:00, run_after=2026-04-14 00:00:00+00:00
[2026-04-13T08:24:47.843+0000] {processor.py:183} INFO - Processing /opt/airflow/dags/daily_revenue_etl_dag.py took 0.111 seconds
[2026-04-13T08:48:45.997+0000] {processor.py:161} INFO - Started process (PID=3490) to work on /opt/airflow/dags/daily_revenue_etl_dag.py
[2026-04-13T08:48:45.999+0000] {processor.py:830} INFO - Processing file /opt/airflow/dags/daily_revenue_etl_dag.py for tasks to queue
[2026-04-13T08:48:46.000+0000] {logging_mixin.py:188} INFO - [2026-04-13T08:48:46.000+0000] {dagbag.py:538} INFO - Filling up the DagBag from /opt/airflow/dags/daily_revenue_etl_dag.py
[2026-04-13T08:48:46.023+0000] {processor.py:840} INFO - DAG(s) 'daily_revenue_etl_dag' retrieved from /opt/airflow/dags/daily_revenue_etl_dag.py
[2026-04-13T08:48:46.062+0000] {logging_mixin.py:188} INFO - [2026-04-13T08:48:46.061+0000] {dag.py:3036} INFO - Sync 1 DAGs
[2026-04-13T08:48:46.087+0000] {logging_mixin.py:188} INFO - [2026-04-13T08:48:46.086+0000] {dag.py:3823} INFO - Setting next_dagrun for daily_revenue_etl_dag to 2026-04-13 00:00:00+00:00, run_after=2026-04-14 00:00:00+00:00
[2026-04-13T08:48:46.124+0000] {processor.py:183} INFO - Processing /opt/airflow/dags/daily_revenue_etl_dag.py took 0.130 seconds
[2026-04-13T08:49:16.218+0000] {processor.py:161} INFO - Started process (PID=3495) to work on /opt/airflow/dags/daily_revenue_etl_dag.py
[2026-04-13T08:49:16.220+0000] {processor.py:830} INFO - Processing file /opt/airflow/dags/daily_revenue_etl_dag.py for tasks to queue
[2026-04-13T08:49:16.221+0000] {logging_mixin.py:188} INFO - [2026-04-13T08:49:16.221+0000] {dagbag.py:538} INFO - Filling up the DagBag from /opt/airflow/dags/daily_revenue_etl_dag.py
[2026-04-13T08:49:16.239+0000] {processor.py:840} INFO - DAG(s) 'daily_revenue_etl_dag' retrieved from /opt/airflow/dags/daily_revenue_etl_dag.py
[2026-04-13T08:25:19.135+0000] {logging_mixin.py:188} INFO - [2026-04-13T08:25:19.135+0000] {dag.py:3036} INFO - Sync 1 DAGs
[2026-04-13T08:25:19.172+0000] {logging_mixin.py:188} INFO - [2026-04-13T08:25:19.171+0000] {dag.py:3823} INFO - Setting next_dagrun for daily_revenue_etl_dag to 2026-04-13 00:00:00+00:00, run_after=2026-04-14 00:00:00+00:00
[2026-04-13T08:25:19.199+0000] {processor.py:183} INFO - Processing /opt/airflow/dags/daily_revenue_etl_dag.py took 0.122 seconds
[2026-04-13T08:25:49.459+0000] {processor.py:161} INFO - Started process (PID=3501) to work on /opt/airflow/dags/daily_revenue_etl_dag.py
[2026-04-13T08:25:49.460+0000] {processor.py:830} INFO - Processing file /opt/airflow/dags/daily_revenue_etl_dag.py for tasks to queue
[2026-04-13T08:25:49.461+0000] {logging_mixin.py:188} INFO - [2026-04-13T08:25:49.461+0000] {dagbag.py:538} INFO - Filling up the DagBag from /opt/airflow/dags/daily_revenue_etl_dag.py
[2026-04-13T08:25:49.484+0000] {processor.py:840} INFO - DAG(s) 'daily_revenue_etl_dag' retrieved from /opt/airflow/dags/daily_revenue_etl_dag.py
[2026-04-13T08:25:49.528+0000] {logging_mixin.py:188} INFO - [2026-04-13T08:25:49.527+0000] {dag.py:3036} INFO - Sync 1 DAGs
[2026-04-13T08:25:49.557+0000] {logging_mixin.py:188} INFO - [2026-04-13T08:25:49.557+0000] {dag.py:3823} INFO - Setting next_dagrun for daily_revenue_etl_dag to 2026-04-13 00:00:00+00:00, run_after=2026-04-14 00:00:00+00:00
[2026-04-13T08:25:49.580+0000] {processor.py:183} INFO - Processing /opt/airflow/dags/daily_revenue_etl_dag.py took 0.125 seconds
[2026-04-13T08:50:14.827+0000] {processor.py:161} INFO - Started process (PID=3506) to work on /opt/airflow/dags/daily_revenue_etl_dag.py
[2026-04-13T08:50:14.828+0000] {processor.py:830} INFO - Processing file /opt/airflow/dags/daily_revenue_etl_dag.py for tasks to queue
[2026-04-13T08:50:14.830+0000] {logging_mixin.py:188} INFO - [2026-04-13T08:50:14.830+0000] {dagbag.py:538} INFO - Filling up the DagBag from /opt/airflow/dags/daily_revenue_etl_dag.py
[2026-04-13T08:50:14.854+0000] {processor.py:840} INFO - DAG(s) 'daily_revenue_etl_dag' retrieved from /opt/airflow/dags/daily_revenue_etl_dag.py
[2026-04-13T08:50:14.890+0000] {logging_mixin.py:188} INFO - [2026-04-13T08:50:14.889+0000] {dag.py:3036} INFO - Sync 1 DAGs
[2026-04-13T08:50:14.919+0000] {logging_mixin.py:188} INFO - [2026-04-13T08:50:14.918+0000] {dag.py:3823} INFO - Setting next_dagrun for daily_revenue_etl_dag to 2026-04-13 00:00:00+00:00, run_after=2026-04-14 00:00:00+00:00
[2026-04-13T08:26:17.878+0000] {processor.py:183} INFO - Processing /opt/airflow/dags/daily_revenue_etl_dag.py took 0.165 seconds
[2026-04-13T08:50:36.229+0000] {processor.py:161} INFO - Started process (PID=3511) to work on /opt/airflow/dags/daily_revenue_etl_dag.py
[2026-04-13T08:50:36.232+0000] {processor.py:830} INFO - Processing file /opt/airflow/dags/daily_revenue_etl_dag.py for tasks to queue
[2026-04-13T08:50:36.239+0000] {logging_mixin.py:188} INFO - [2026-04-13T08:50:36.238+0000] {dagbag.py:538} INFO - Filling up the DagBag from /opt/airflow/dags/daily_revenue_etl_dag.py
[2026-04-13T08:50:36.285+0000] {processor.py:840} INFO - DAG(s) 'daily_revenue_etl_dag' retrieved from /opt/airflow/dags/daily_revenue_etl_dag.py
[2026-04-13T08:50:36.335+0000] {logging_mixin.py:188} INFO - [2026-04-13T08:50:36.335+0000] {dag.py:3036} INFO - Sync 1 DAGs
[2026-04-13T08:26:39.259+0000] {logging_mixin.py:188} INFO - [2026-04-13T08:26:39.258+0000] {dag.py:3823} INFO - Setting next_dagrun for daily_revenue_etl_dag to 2026-04-13 00:00:00+00:00, run_after=2026-04-14 00:00:00+00:00
[2026-04-13T08:26:39.291+0000] {processor.py:183} INFO - Processing /opt/airflow/dags/daily_revenue_etl_dag.py took 0.178 seconds
[2026-04-13T08:50:41.295+0000] {processor.py:161} INFO - Started process (PID=3516) to work on /opt/airflow/dags/daily_revenue_etl_dag.py
[2026-04-13T08:50:41.297+0000] {processor.py:830} INFO - Processing file /opt/airflow/dags/daily_revenue_etl_dag.py for tasks to queue
[2026-04-13T08:50:41.299+0000] {logging_mixin.py:188} INFO - [2026-04-13T08:50:41.298+0000] {dagbag.py:538} INFO - Filling up the DagBag from /opt/airflow/dags/daily_revenue_etl_dag.py
[2026-04-13T08:50:41.333+0000] {processor.py:840} INFO - DAG(s) 'daily_revenue_etl_dag' retrieved from /opt/airflow/dags/daily_revenue_etl_dag.py
[2026-04-13T08:26:44.275+0000] {logging_mixin.py:188} INFO - [2026-04-13T08:26:44.272+0000] {dag.py:3036} INFO - Sync 1 DAGs
[2026-04-13T08:26:44.368+0000] {logging_mixin.py:188} INFO - [2026-04-13T08:26:44.365+0000] {dag.py:3823} INFO - Setting next_dagrun for daily_revenue_etl_dag to 2026-04-13 00:00:00+00:00, run_after=2026-04-14 00:00:00+00:00
[2026-04-13T08:26:44.414+0000] {processor.py:183} INFO - Processing /opt/airflow/dags/daily_revenue_etl_dag.py took 0.238 seconds
[2026-04-13T08:27:14.597+0000] {processor.py:161} INFO - Started process (PID=3521) to work on /opt/airflow/dags/daily_revenue_etl_dag.py
[2026-04-13T08:27:14.600+0000] {processor.py:830} INFO - Processing file /opt/airflow/dags/daily_revenue_etl_dag.py for tasks to queue
[2026-04-13T08:27:14.605+0000] {logging_mixin.py:188} INFO - [2026-04-13T08:27:14.604+0000] {dagbag.py:538} INFO - Filling up the DagBag from /opt/airflow/dags/daily_revenue_etl_dag.py
[2026-04-13T08:27:14.650+0000] {processor.py:840} INFO - DAG(s) 'daily_revenue_etl_dag' retrieved from /opt/airflow/dags/daily_revenue_etl_dag.py
[2026-04-13T08:27:14.687+0000] {logging_mixin.py:188} INFO - [2026-04-13T08:27:14.686+0000] {dag.py:3036} INFO - Sync 1 DAGs
[2026-04-13T08:27:14.714+0000] {logging_mixin.py:188} INFO - [2026-04-13T08:27:14.714+0000] {dag.py:3823} INFO - Setting next_dagrun for daily_revenue_etl_dag to 2026-04-13 00:00:00+00:00, run_after=2026-04-14 00:00:00+00:00
[2026-04-13T08:27:14.738+0000] {processor.py:183} INFO - Processing /opt/airflow/dags/daily_revenue_etl_dag.py took 0.152 seconds
[2026-04-13T08:51:14.784+0000] {processor.py:161} INFO - Started process (PID=3526) to work on /opt/airflow/dags/daily_revenue_etl_dag.py
[2026-04-13T08:51:14.786+0000] {processor.py:830} INFO - Processing file /opt/airflow/dags/daily_revenue_etl_dag.py for tasks to queue
[2026-04-13T08:51:14.787+0000] {logging_mixin.py:188} INFO - [2026-04-13T08:51:14.787+0000] {dagbag.py:538} INFO - Filling up the DagBag from /opt/airflow/dags/daily_revenue_etl_dag.py
[2026-04-13T08:51:14.807+0000] {processor.py:840} INFO - DAG(s) 'daily_revenue_etl_dag' retrieved from /opt/airflow/dags/daily_revenue_etl_dag.py
[2026-04-13T08:51:14.834+0000] {logging_mixin.py:188} INFO - [2026-04-13T08:51:14.834+0000] {dag.py:3036} INFO - Sync 1 DAGs
[2026-04-13T08:51:14.858+0000] {logging_mixin.py:188} INFO - [2026-04-13T08:51:14.857+0000] {dag.py:3823} INFO - Setting next_dagrun for daily_revenue_etl_dag to 2026-04-13 00:00:00+00:00, run_after=2026-04-14 00:00:00+00:00
[2026-04-13T08:51:14.887+0000] {processor.py:183} INFO - Processing /opt/airflow/dags/daily_revenue_etl_dag.py took 0.107 seconds
[2026-04-13T08:52:06.337+0000] {processor.py:161} INFO - Started process (PID=3531) to work on /opt/airflow/dags/daily_revenue_etl_dag.py
[2026-04-13T08:52:06.341+0000] {processor.py:830} INFO - Processing file /opt/airflow/dags/daily_revenue_etl_dag.py for tasks to queue
[2026-04-13T08:52:06.344+0000] {logging_mixin.py:188} INFO - [2026-04-13T08:52:06.343+0000] {dagbag.py:538} INFO - Filling up the DagBag from /opt/airflow/dags/daily_revenue_etl_dag.py
[2026-04-13T08:52:06.378+0000] {processor.py:840} INFO - DAG(s) 'daily_revenue_etl_dag' retrieved from /opt/airflow/dags/daily_revenue_etl_dag.py
[2026-04-13T08:52:06.417+0000] {logging_mixin.py:188} INFO - [2026-04-13T08:52:06.416+0000] {dag.py:3036} INFO - Sync 1 DAGs
[2026-04-13T08:52:06.454+0000] {logging_mixin.py:188} INFO - [2026-04-13T08:52:06.453+0000] {dag.py:3823} INFO - Setting next_dagrun for daily_revenue_etl_dag to 2026-04-13 00:00:00+00:00, run_after=2026-04-14 00:00:00+00:00
[2026-04-13T08:52:06.488+0000] {processor.py:183} INFO - Processing /opt/airflow/dags/daily_revenue_etl_dag.py took 0.158 seconds
[2026-04-13T08:52:36.550+0000] {processor.py:161} INFO - Started process (PID=3536) to work on /opt/airflow/dags/daily_revenue_etl_dag.py
[2026-04-13T08:52:36.552+0000] {processor.py:830} INFO - Processing file /opt/airflow/dags/daily_revenue_etl_dag.py for tasks to queue
[2026-04-13T08:52:36.553+0000] {logging_mixin.py:188} INFO - [2026-04-13T08:52:36.553+0000] {dagbag.py:538} INFO - Filling up the DagBag from /opt/airflow/dags/daily_revenue_etl_dag.py
[2026-04-13T08:52:36.575+0000] {processor.py:840} INFO - DAG(s) 'daily_revenue_etl_dag' retrieved from /opt/airflow/dags/daily_revenue_etl_dag.py
[2026-04-13T08:28:39.501+0000] {logging_mixin.py:188} INFO - [2026-04-13T08:28:39.501+0000] {dag.py:3036} INFO - Sync 1 DAGs
[2026-04-13T08:28:39.545+0000] {logging_mixin.py:188} INFO - [2026-04-13T08:28:39.544+0000] {dag.py:3823} INFO - Setting next_dagrun for daily_revenue_etl_dag to 2026-04-13 00:00:00+00:00, run_after=2026-04-14 00:00:00+00:00
[2026-04-13T08:28:39.587+0000] {processor.py:183} INFO - Processing /opt/airflow/dags/daily_revenue_etl_dag.py took 0.152 seconds
[2026-04-13T08:52:44.767+0000] {processor.py:161} INFO - Started process (PID=3541) to work on /opt/airflow/dags/daily_revenue_etl_dag.py
[2026-04-13T08:52:44.768+0000] {processor.py:830} INFO - Processing file /opt/airflow/dags/daily_revenue_etl_dag.py for tasks to queue
[2026-04-13T08:52:44.770+0000] {logging_mixin.py:188} INFO - [2026-04-13T08:52:44.769+0000] {dagbag.py:538} INFO - Filling up the DagBag from /opt/airflow/dags/daily_revenue_etl_dag.py
[2026-04-13T08:52:44.794+0000] {processor.py:840} INFO - DAG(s) 'daily_revenue_etl_dag' retrieved from /opt/airflow/dags/daily_revenue_etl_dag.py
[2026-04-13T08:52:44.824+0000] {logging_mixin.py:188} INFO - [2026-04-13T08:52:44.824+0000] {dag.py:3036} INFO - Sync 1 DAGs
[2026-04-13T08:52:44.855+0000] {logging_mixin.py:188} INFO - [2026-04-13T08:52:44.854+0000] {dag.py:3823} INFO - Setting next_dagrun for daily_revenue_etl_dag to 2026-04-13 00:00:00+00:00, run_after=2026-04-14 00:00:00+00:00
[2026-04-13T08:52:44.881+0000] {processor.py:183} INFO - Processing /opt/airflow/dags/daily_revenue_etl_dag.py took 0.118 seconds
[2026-04-13T08:54:41.600+0000] {processor.py:161} INFO - Started process (PID=3548) to work on /opt/airflow/dags/daily_revenue_etl_dag.py
[2026-04-13T08:54:41.603+0000] {processor.py:830} INFO - Processing file /opt/airflow/dags/daily_revenue_etl_dag.py for tasks to queue
[2026-04-13T08:54:41.606+0000] {logging_mixin.py:188} INFO - [2026-04-13T08:54:41.604+0000] {dagbag.py:538} INFO - Filling up the DagBag from /opt/airflow/dags/daily_revenue_etl_dag.py
[2026-04-13T08:54:41.637+0000] {processor.py:840} INFO - DAG(s) 'daily_revenue_etl_dag' retrieved from /opt/airflow/dags/daily_revenue_etl_dag.py
[2026-04-13T08:54:41.678+0000] {logging_mixin.py:188} INFO - [2026-04-13T08:54:41.678+0000] {dag.py:3036} INFO - Sync 1 DAGs
[2026-04-13T08:54:41.720+0000] {logging_mixin.py:188} INFO - [2026-04-13T08:54:41.719+0000] {dag.py:3823} INFO - Setting next_dagrun for daily_revenue_etl_dag to 2026-04-13 00:00:00+00:00, run_after=2026-04-14 00:00:00+00:00
[2026-04-13T08:54:41.752+0000] {processor.py:183} INFO - Processing /opt/airflow/dags/daily_revenue_etl_dag.py took 0.156 seconds
[2026-04-13T08:31:14.733+0000] {processor.py:161} INFO - Started process (PID=3553) to work on /opt/airflow/dags/daily_revenue_etl_dag.py
[2026-04-13T08:31:14.735+0000] {processor.py:830} INFO - Processing file /opt/airflow/dags/daily_revenue_etl_dag.py for tasks to queue
[2026-04-13T08:31:14.736+0000] {logging_mixin.py:188} INFO - [2026-04-13T08:31:14.736+0000] {dagbag.py:538} INFO - Filling up the DagBag from /opt/airflow/dags/daily_revenue_etl_dag.py
[2026-04-13T08:31:14.776+0000] {processor.py:840} INFO - DAG(s) 'daily_revenue_etl_dag' retrieved from /opt/airflow/dags/daily_revenue_etl_dag.py
[2026-04-13T08:31:14.829+0000] {logging_mixin.py:188} INFO - [2026-04-13T08:31:14.828+0000] {dag.py:3036} INFO - Sync 1 DAGs
[2026-04-13T08:31:14.865+0000] {logging_mixin.py:188} INFO - [2026-04-13T08:31:14.864+0000] {dag.py:3823} INFO - Setting next_dagrun for daily_revenue_etl_dag to 2026-04-13 00:00:00+00:00, run_after=2026-04-14 00:00:00+00:00
[2026-04-13T08:31:14.893+0000] {processor.py:183} INFO - Processing /opt/airflow/dags/daily_revenue_etl_dag.py took 0.166 seconds
[2026-04-13T08:31:17.898+0000] {processor.py:161} INFO - Started process (PID=3558) to work on /opt/airflow/dags/daily_revenue_etl_dag.py
[2026-04-13T08:31:17.900+0000] {processor.py:830} INFO - Processing file /opt/airflow/dags/daily_revenue_etl_dag.py for tasks to queue
[2026-04-13T08:31:17.902+0000] {logging_mixin.py:188} INFO - [2026-04-13T08:31:17.902+0000] {dagbag.py:538} INFO - Filling up the DagBag from /opt/airflow/dags/daily_revenue_etl_dag.py
[2026-04-13T08:31:17.942+0000] {processor.py:840} INFO - DAG(s) 'daily_revenue_etl_dag' retrieved from /opt/airflow/dags/daily_revenue_etl_dag.py
[2026-04-13T08:31:17.979+0000] {logging_mixin.py:188} INFO - [2026-04-13T08:31:17.978+0000] {dag.py:3036} INFO - Sync 1 DAGs
[2026-04-13T08:31:18.009+0000] {logging_mixin.py:188} INFO - [2026-04-13T08:31:18.008+0000] {dag.py:3823} INFO - Setting next_dagrun for daily_revenue_etl_dag to 2026-04-13 00:00:00+00:00, run_after=2026-04-14 00:00:00+00:00
[2026-04-13T08:31:18.029+0000] {processor.py:183} INFO - Processing /opt/airflow/dags/daily_revenue_etl_dag.py took 0.136 seconds
[2026-04-13T08:31:48.230+0000] {processor.py:161} INFO - Started process (PID=3563) to work on /opt/airflow/dags/daily_revenue_etl_dag.py
[2026-04-13T08:31:48.232+0000] {processor.py:830} INFO - Processing file /opt/airflow/dags/daily_revenue_etl_dag.py for tasks to queue
[2026-04-13T08:31:48.234+0000] {logging_mixin.py:188} INFO - [2026-04-13T08:31:48.234+0000] {dagbag.py:538} INFO - Filling up the DagBag from /opt/airflow/dags/daily_revenue_etl_dag.py
[2026-04-13T08:31:48.296+0000] {processor.py:840} INFO - DAG(s) 'daily_revenue_etl_dag' retrieved from /opt/airflow/dags/daily_revenue_etl_dag.py
[2026-04-13T08:31:48.346+0000] {logging_mixin.py:188} INFO - [2026-04-13T08:31:48.346+0000] {dag.py:3036} INFO - Sync 1 DAGs
[2026-04-13T08:31:48.391+0000] {logging_mixin.py:188} INFO - [2026-04-13T08:31:48.391+0000] {dag.py:3823} INFO - Setting next_dagrun for daily_revenue_etl_dag to 2026-04-13 00:00:00+00:00, run_after=2026-04-14 00:00:00+00:00
[2026-04-13T08:31:48.436+0000] {processor.py:183} INFO - Processing /opt/airflow/dags/daily_revenue_etl_dag.py took 0.215 seconds
[2026-04-13T08:56:11.766+0000] {processor.py:161} INFO - Started process (PID=3568) to work on /opt/airflow/dags/daily_revenue_etl_dag.py
[2026-04-13T08:56:11.767+0000] {processor.py:830} INFO - Processing file /opt/airflow/dags/daily_revenue_etl_dag.py for tasks to queue
[2026-04-13T08:56:11.769+0000] {logging_mixin.py:188} INFO - [2026-04-13T08:56:11.768+0000] {dagbag.py:538} INFO - Filling up the DagBag from /opt/airflow/dags/daily_revenue_etl_dag.py
[2026-04-13T08:56:11.797+0000] {processor.py:840} INFO - DAG(s) 'daily_revenue_etl_dag' retrieved from /opt/airflow/dags/daily_revenue_etl_dag.py
[2026-04-13T08:56:11.841+0000] {logging_mixin.py:188} INFO - [2026-04-13T08:56:11.841+0000] {dag.py:3036} INFO - Sync 1 DAGs
[2026-04-13T08:56:11.874+0000] {logging_mixin.py:188} INFO - [2026-04-13T08:56:11.874+0000] {dag.py:3823} INFO - Setting next_dagrun for daily_revenue_etl_dag to 2026-04-13 00:00:00+00:00, run_after=2026-04-14 00:00:00+00:00
[2026-04-13T08:56:11.909+0000] {processor.py:183} INFO - Processing /opt/airflow/dags/daily_revenue_etl_dag.py took 0.147 seconds
[2026-04-13T08:56:41.965+0000] {processor.py:161} INFO - Started process (PID=3573) to work on /opt/airflow/dags/daily_revenue_etl_dag.py
[2026-04-13T08:56:41.967+0000] {processor.py:830} INFO - Processing file /opt/airflow/dags/daily_revenue_etl_dag.py for tasks to queue
[2026-04-13T08:56:41.968+0000] {logging_mixin.py:188} INFO - [2026-04-13T08:56:41.968+0000] {dagbag.py:538} INFO - Filling up the DagBag from /opt/airflow/dags/daily_revenue_etl_dag.py
[2026-04-13T08:56:41.989+0000] {processor.py:840} INFO - DAG(s) 'daily_revenue_etl_dag' retrieved from /opt/airflow/dags/daily_revenue_etl_dag.py
[2026-04-13T08:56:42.023+0000] {logging_mixin.py:188} INFO - [2026-04-13T08:56:42.022+0000] {dag.py:3036} INFO - Sync 1 DAGs
[2026-04-13T08:32:44.935+0000] {logging_mixin.py:188} INFO - [2026-04-13T08:32:44.935+0000] {dag.py:3823} INFO - Setting next_dagrun for daily_revenue_etl_dag to 2026-04-13 00:00:00+00:00, run_after=2026-04-14 00:00:00+00:00
[2026-04-13T08:32:44.962+0000] {processor.py:183} INFO - Processing /opt/airflow/dags/daily_revenue_etl_dag.py took 0.121 seconds
[2026-04-13T08:32:47.892+0000] {processor.py:161} INFO - Started process (PID=3578) to work on /opt/airflow/dags/daily_revenue_etl_dag.py
[2026-04-13T08:32:47.893+0000] {processor.py:830} INFO - Processing file /opt/airflow/dags/daily_revenue_etl_dag.py for tasks to queue
[2026-04-13T08:32:47.895+0000] {logging_mixin.py:188} INFO - [2026-04-13T08:32:47.894+0000] {dagbag.py:538} INFO - Filling up the DagBag from /opt/airflow/dags/daily_revenue_etl_dag.py
[2026-04-13T08:32:47.921+0000] {processor.py:840} INFO - DAG(s) 'daily_revenue_etl_dag' retrieved from /opt/airflow/dags/daily_revenue_etl_dag.py
[2026-04-13T08:32:47.964+0000] {logging_mixin.py:188} INFO - [2026-04-13T08:32:47.963+0000] {dag.py:3036} INFO - Sync 1 DAGs
[2026-04-13T08:32:47.990+0000] {logging_mixin.py:188} INFO - [2026-04-13T08:32:47.990+0000] {dag.py:3823} INFO - Setting next_dagrun for daily_revenue_etl_dag to 2026-04-13 00:00:00+00:00, run_after=2026-04-14 00:00:00+00:00
[2026-04-13T08:32:48.013+0000] {processor.py:183} INFO - Processing /opt/airflow/dags/daily_revenue_etl_dag.py took 0.125 seconds
[2026-04-13T08:33:18.296+0000] {processor.py:161} INFO - Started process (PID=3583) to work on /opt/airflow/dags/daily_revenue_etl_dag.py
[2026-04-13T08:33:18.299+0000] {processor.py:830} INFO - Processing file /opt/airflow/dags/daily_revenue_etl_dag.py for tasks to queue
[2026-04-13T08:33:18.302+0000] {logging_mixin.py:188} INFO - [2026-04-13T08:33:18.301+0000] {dagbag.py:538} INFO - Filling up the DagBag from /opt/airflow/dags/daily_revenue_etl_dag.py
[2026-04-13T08:33:18.331+0000] {processor.py:840} INFO - DAG(s) 'daily_revenue_etl_dag' retrieved from /opt/airflow/dags/daily_revenue_etl_dag.py
[2026-04-13T08:33:18.379+0000] {logging_mixin.py:188} INFO - [2026-04-13T08:33:18.378+0000] {dag.py:3036} INFO - Sync 1 DAGs
[2026-04-13T08:33:18.420+0000] {logging_mixin.py:188} INFO - [2026-04-13T08:33:18.420+0000] {dag.py:3823} INFO - Setting next_dagrun for daily_revenue_etl_dag to 2026-04-13 00:00:00+00:00, run_after=2026-04-14 00:00:00+00:00
[2026-04-13T08:33:18.468+0000] {processor.py:183} INFO - Processing /opt/airflow/dags/daily_revenue_etl_dag.py took 0.176 seconds
[2026-04-13T08:33:48.668+0000] {processor.py:161} INFO - Started process (PID=3588) to work on /opt/airflow/dags/daily_revenue_etl_dag.py
[2026-04-13T08:33:48.669+0000] {processor.py:830} INFO - Processing file /opt/airflow/dags/daily_revenue_etl_dag.py for tasks to queue
[2026-04-13T08:33:48.670+0000] {logging_mixin.py:188} INFO - [2026-04-13T08:33:48.670+0000] {dagbag.py:538} INFO - Filling up the DagBag from /opt/airflow/dags/daily_revenue_etl_dag.py
[2026-04-13T08:33:48.688+0000] {processor.py:840} INFO - DAG(s) 'daily_revenue_etl_dag' retrieved from /opt/airflow/dags/daily_revenue_etl_dag.py
[2026-04-13T08:33:48.711+0000] {logging_mixin.py:188} INFO - [2026-04-13T08:33:48.711+0000] {dag.py:3036} INFO - Sync 1 DAGs
[2026-04-13T08:33:48.734+0000] {logging_mixin.py:188} INFO - [2026-04-13T08:33:48.734+0000] {dag.py:3823} INFO - Setting next_dagrun for daily_revenue_etl_dag to 2026-04-13 00:00:00+00:00, run_after=2026-04-14 00:00:00+00:00
[2026-04-13T08:33:48.760+0000] {processor.py:183} INFO - Processing /opt/airflow/dags/daily_revenue_etl_dag.py took 0.097 seconds
[2026-04-13T08:57:51.920+0000] {processor.py:161} INFO - Started process (PID=3593) to work on /opt/airflow/dags/daily_revenue_etl_dag.py
[2026-04-13T08:57:51.921+0000] {processor.py:830} INFO - Processing file /opt/airflow/dags/daily_revenue_etl_dag.py for tasks to queue
[2026-04-13T08:57:51.922+0000] {logging_mixin.py:188} INFO - [2026-04-13T08:57:51.922+0000] {dagbag.py:538} INFO - Filling up the DagBag from /opt/airflow/dags/daily_revenue_etl_dag.py
[2026-04-13T08:57:51.938+0000] {processor.py:840} INFO - DAG(s) 'daily_revenue_etl_dag' retrieved from /opt/airflow/dags/daily_revenue_etl_dag.py
[2026-04-13T08:57:51.959+0000] {logging_mixin.py:188} INFO - [2026-04-13T08:57:51.959+0000] {dag.py:3036} INFO - Sync 1 DAGs
[2026-04-13T08:57:51.977+0000] {logging_mixin.py:188} INFO - [2026-04-13T08:57:51.977+0000] {dag.py:3823} INFO - Setting next_dagrun for daily_revenue_etl_dag to 2026-04-13 00:00:00+00:00, run_after=2026-04-14 00:00:00+00:00
[2026-04-13T08:57:52.005+0000] {processor.py:183} INFO - Processing /opt/airflow/dags/daily_revenue_etl_dag.py took 0.088 seconds
[2026-04-13T08:58:22.138+0000] {processor.py:161} INFO - Started process (PID=3598) to work on /opt/airflow/dags/daily_revenue_etl_dag.py
[2026-04-13T08:58:22.139+0000] {processor.py:830} INFO - Processing file /opt/airflow/dags/daily_revenue_etl_dag.py for tasks to queue
[2026-04-13T08:58:22.140+0000] {logging_mixin.py:188} INFO - [2026-04-13T08:58:22.139+0000] {dagbag.py:538} INFO - Filling up the DagBag from /opt/airflow/dags/daily_revenue_etl_dag.py
[2026-04-13T08:34:25.062+0000] {processor.py:840} INFO - DAG(s) 'daily_revenue_etl_dag' retrieved from /opt/airflow/dags/daily_revenue_etl_dag.py
[2026-04-13T08:34:25.089+0000] {logging_mixin.py:188} INFO - [2026-04-13T08:34:25.089+0000] {dag.py:3036} INFO - Sync 1 DAGs
[2026-04-13T08:34:25.113+0000] {logging_mixin.py:188} INFO - [2026-04-13T08:34:25.112+0000] {dag.py:3823} INFO - Setting next_dagrun for daily_revenue_etl_dag to 2026-04-13 00:00:00+00:00, run_after=2026-04-14 00:00:00+00:00
[2026-04-13T08:34:25.134+0000] {processor.py:183} INFO - Processing /opt/airflow/dags/daily_revenue_etl_dag.py took 0.093 seconds
[2026-04-13T08:34:55.285+0000] {processor.py:161} INFO - Started process (PID=3603) to work on /opt/airflow/dags/daily_revenue_etl_dag.py
[2026-04-13T08:34:55.287+0000] {processor.py:830} INFO - Processing file /opt/airflow/dags/daily_revenue_etl_dag.py for tasks to queue
[2026-04-13T08:34:55.288+0000] {logging_mixin.py:188} INFO - [2026-04-13T08:34:55.287+0000] {dagbag.py:538} INFO - Filling up the DagBag from /opt/airflow/dags/daily_revenue_etl_dag.py
[2026-04-13T08:34:55.302+0000] {processor.py:840} INFO - DAG(s) 'daily_revenue_etl_dag' retrieved from /opt/airflow/dags/daily_revenue_etl_dag.py
[2026-04-13T08:34:55.326+0000] {logging_mixin.py:188} INFO - [2026-04-13T08:34:55.326+0000] {dag.py:3036} INFO - Sync 1 DAGs
[2026-04-13T08:34:55.346+0000] {logging_mixin.py:188} INFO - [2026-04-13T08:34:55.345+0000] {dag.py:3823} INFO - Setting next_dagrun for daily_revenue_etl_dag to 2026-04-13 00:00:00+00:00, run_after=2026-04-14 00:00:00+00:00
[2026-04-13T08:34:55.372+0000] {processor.py:183} INFO - Processing /opt/airflow/dags/daily_revenue_etl_dag.py took 0.089 seconds
[2026-04-13T08:35:25.456+0000] {processor.py:161} INFO - Started process (PID=3608) to work on /opt/airflow/dags/daily_revenue_etl_dag.py
[2026-04-13T08:35:25.457+0000] {processor.py:830} INFO - Processing file /opt/airflow/dags/daily_revenue_etl_dag.py for tasks to queue
[2026-04-13T08:35:25.457+0000] {logging_mixin.py:188} INFO - [2026-04-13T08:35:25.457+0000] {dagbag.py:538} INFO - Filling up the DagBag from /opt/airflow/dags/daily_revenue_etl_dag.py
[2026-04-13T08:35:25.475+0000] {processor.py:840} INFO - DAG(s) 'daily_revenue_etl_dag' retrieved from /opt/airflow/dags/daily_revenue_etl_dag.py
[2026-04-13T08:35:25.500+0000] {logging_mixin.py:188} INFO - [2026-04-13T08:35:25.500+0000] {dag.py:3036} INFO - Sync 1 DAGs
[2026-04-13T08:35:25.519+0000] {logging_mixin.py:188} INFO - [2026-04-13T08:35:25.519+0000] {dag.py:3823} INFO - Setting next_dagrun for daily_revenue_etl_dag to 2026-04-13 00:00:00+00:00, run_after=2026-04-14 00:00:00+00:00
[2026-04-13T08:35:25.538+0000] {processor.py:183} INFO - Processing /opt/airflow/dags/daily_revenue_etl_dag.py took 0.085 seconds
[2026-04-13T08:35:55.689+0000] {processor.py:161} INFO - Started process (PID=3613) to work on /opt/airflow/dags/daily_revenue_etl_dag.py
[2026-04-13T08:35:55.691+0000] {processor.py:830} INFO - Processing file /opt/airflow/dags/daily_revenue_etl_dag.py for tasks to queue
[2026-04-13T08:35:55.692+0000] {logging_mixin.py:188} INFO - [2026-04-13T08:35:55.691+0000] {dagbag.py:538} INFO - Filling up the DagBag from /opt/airflow/dags/daily_revenue_etl_dag.py
[2026-04-13T08:35:55.710+0000] {processor.py:840} INFO - DAG(s) 'daily_revenue_etl_dag' retrieved from /opt/airflow/dags/daily_revenue_etl_dag.py
[2026-04-13T08:35:55.737+0000] {logging_mixin.py:188} INFO - [2026-04-13T08:35:55.737+0000] {dag.py:3036} INFO - Sync 1 DAGs
[2026-04-13T08:35:55.757+0000] {logging_mixin.py:188} INFO - [2026-04-13T08:35:55.757+0000] {dag.py:3823} INFO - Setting next_dagrun for daily_revenue_etl_dag to 2026-04-13 00:00:00+00:00, run_after=2026-04-14 00:00:00+00:00
[2026-04-13T08:35:55.773+0000] {processor.py:183} INFO - Processing /opt/airflow/dags/daily_revenue_etl_dag.py took 0.087 seconds
[2026-04-13T09:00:14.907+0000] {processor.py:161} INFO - Started process (PID=3618) to work on /opt/airflow/dags/daily_revenue_etl_dag.py
[2026-04-13T09:00:14.908+0000] {processor.py:830} INFO - Processing file /opt/airflow/dags/daily_revenue_etl_dag.py for tasks to queue
[2026-04-13T09:00:14.909+0000] {logging_mixin.py:188} INFO - [2026-04-13T09:00:14.909+0000] {dagbag.py:538} INFO - Filling up the DagBag from /opt/airflow/dags/daily_revenue_etl_dag.py
[2026-04-13T09:00:14.925+0000] {processor.py:840} INFO - DAG(s) 'daily_revenue_etl_dag' retrieved from /opt/airflow/dags/daily_revenue_etl_dag.py
[2026-04-13T09:00:14.945+0000] {logging_mixin.py:188} INFO - [2026-04-13T09:00:14.945+0000] {dag.py:3036} INFO - Sync 1 DAGs
[2026-04-13T09:00:14.964+0000] {logging_mixin.py:188} INFO - [2026-04-13T09:00:14.964+0000] {dag.py:3823} INFO - Setting next_dagrun for daily_revenue_etl_dag to 2026-04-13 00:00:00+00:00, run_after=2026-04-14 00:00:00+00:00
[2026-04-13T09:00:14.980+0000] {processor.py:183} INFO - Processing /opt/airflow/dags/daily_revenue_etl_dag.py took 0.076 seconds
[2026-04-13T09:01:02.233+0000] {processor.py:161} INFO - Started process (PID=3623) to work on /opt/airflow/dags/daily_revenue_etl_dag.py
[2026-04-13T09:01:02.234+0000] {processor.py:830} INFO - Processing file /opt/airflow/dags/daily_revenue_etl_dag.py for tasks to queue
[2026-04-13T09:01:02.235+0000] {logging_mixin.py:188} INFO - [2026-04-13T09:01:02.235+0000] {dagbag.py:538} INFO - Filling up the DagBag from /opt/airflow/dags/daily_revenue_etl_dag.py
[2026-04-13T09:01:02.250+0000] {processor.py:840} INFO - DAG(s) 'daily_revenue_etl_dag' retrieved from /opt/airflow/dags/daily_revenue_etl_dag.py
[2026-04-13T09:01:02.272+0000] {logging_mixin.py:188} INFO - [2026-04-13T09:01:02.271+0000] {dag.py:3036} INFO - Sync 1 DAGs
[2026-04-13T09:01:02.290+0000] {logging_mixin.py:188} INFO - [2026-04-13T09:01:02.290+0000] {dag.py:3823} INFO - Setting next_dagrun for daily_revenue_etl_dag to 2026-04-13 00:00:00+00:00, run_after=2026-04-14 00:00:00+00:00
[2026-04-13T09:01:02.304+0000] {processor.py:183} INFO - Processing /opt/airflow/dags/daily_revenue_etl_dag.py took 0.073 seconds
[2026-04-13T09:01:32.416+0000] {processor.py:161} INFO - Started process (PID=3628) to work on /opt/airflow/dags/daily_revenue_etl_dag.py
[2026-04-13T09:01:32.417+0000] {processor.py:830} INFO - Processing file /opt/airflow/dags/daily_revenue_etl_dag.py for tasks to queue
[2026-04-13T09:01:32.418+0000] {logging_mixin.py:188} INFO - [2026-04-13T09:01:32.418+0000] {dagbag.py:538} INFO - Filling up the DagBag from /opt/airflow/dags/daily_revenue_etl_dag.py
[2026-04-13T09:01:32.435+0000] {processor.py:840} INFO - DAG(s) 'daily_revenue_etl_dag' retrieved from /opt/airflow/dags/daily_revenue_etl_dag.py
[2026-04-13T09:01:32.464+0000] {logging_mixin.py:188} INFO - [2026-04-13T09:01:32.463+0000] {dag.py:3036} INFO - Sync 1 DAGs
[2026-04-13T09:01:32.488+0000] {logging_mixin.py:188} INFO - [2026-04-13T09:01:32.488+0000] {dag.py:3823} INFO - Setting next_dagrun for daily_revenue_etl_dag to 2026-04-13 00:00:00+00:00, run_after=2026-04-14 00:00:00+00:00
[2026-04-13T08:37:35.411+0000] {processor.py:183} INFO - Processing /opt/airflow/dags/daily_revenue_etl_dag.py took 0.101 seconds
[2026-04-13T09:01:37.473+0000] {processor.py:161} INFO - Started process (PID=3633) to work on /opt/airflow/dags/daily_revenue_etl_dag.py
[2026-04-13T09:01:37.474+0000] {processor.py:830} INFO - Processing file /opt/airflow/dags/daily_revenue_etl_dag.py for tasks to queue
[2026-04-13T09:01:37.475+0000] {logging_mixin.py:188} INFO - [2026-04-13T09:01:37.475+0000] {dagbag.py:538} INFO - Filling up the DagBag from /opt/airflow/dags/daily_revenue_etl_dag.py
[2026-04-13T08:37:40.401+0000] {processor.py:840} INFO - DAG(s) 'daily_revenue_etl_dag' retrieved from /opt/airflow/dags/daily_revenue_etl_dag.py
[2026-04-13T08:37:40.425+0000] {logging_mixin.py:188} INFO - [2026-04-13T08:37:40.425+0000] {dag.py:3036} INFO - Sync 1 DAGs
[2026-04-13T08:37:40.445+0000] {logging_mixin.py:188} INFO - [2026-04-13T08:37:40.445+0000] {dag.py:3823} INFO - Setting next_dagrun for daily_revenue_etl_dag to 2026-04-13 00:00:00+00:00, run_after=2026-04-14 00:00:00+00:00
[2026-04-13T08:37:40.460+0000] {processor.py:183} INFO - Processing /opt/airflow/dags/daily_revenue_etl_dag.py took 0.080 seconds
[2026-04-13T08:38:10.613+0000] {processor.py:161} INFO - Started process (PID=3638) to work on /opt/airflow/dags/daily_revenue_etl_dag.py
[2026-04-13T08:38:10.613+0000] {processor.py:830} INFO - Processing file /opt/airflow/dags/daily_revenue_etl_dag.py for tasks to queue
[2026-04-13T08:38:10.615+0000] {logging_mixin.py:188} INFO - [2026-04-13T08:38:10.614+0000] {dagbag.py:538} INFO - Filling up the DagBag from /opt/airflow/dags/daily_revenue_etl_dag.py
[2026-04-13T08:38:10.631+0000] {processor.py:840} INFO - DAG(s) 'daily_revenue_etl_dag' retrieved from /opt/airflow/dags/daily_revenue_etl_dag.py
[2026-04-13T08:38:10.656+0000] {logging_mixin.py:188} INFO - [2026-04-13T08:38:10.656+0000] {dag.py:3036} INFO - Sync 1 DAGs
[2026-04-13T08:38:10.675+0000] {logging_mixin.py:188} INFO - [2026-04-13T08:38:10.675+0000] {dag.py:3823} INFO - Setting next_dagrun for daily_revenue_etl_dag to 2026-04-13 00:00:00+00:00, run_after=2026-04-14 00:00:00+00:00
[2026-04-13T08:38:10.701+0000] {processor.py:183} INFO - Processing /opt/airflow/dags/daily_revenue_etl_dag.py took 0.091 seconds
[2026-04-13T09:02:14.867+0000] {processor.py:161} INFO - Started process (PID=3643) to work on /opt/airflow/dags/daily_revenue_etl_dag.py
[2026-04-13T09:02:14.868+0000] {processor.py:830} INFO - Processing file /opt/airflow/dags/daily_revenue_etl_dag.py for tasks to queue
[2026-04-13T09:02:14.869+0000] {logging_mixin.py:188} INFO - [2026-04-13T09:02:14.868+0000] {dagbag.py:538} INFO - Filling up the DagBag from /opt/airflow/dags/daily_revenue_etl_dag.py
[2026-04-13T09:02:14.891+0000] {processor.py:840} INFO - DAG(s) 'daily_revenue_etl_dag' retrieved from /opt/airflow/dags/daily_revenue_etl_dag.py
[2026-04-13T09:02:14.922+0000] {logging_mixin.py:188} INFO - [2026-04-13T09:02:14.922+0000] {dag.py:3036} INFO - Sync 1 DAGs
[2026-04-13T09:02:14.942+0000] {logging_mixin.py:188} INFO - [2026-04-13T09:02:14.942+0000] {dag.py:3823} INFO - Setting next_dagrun for daily_revenue_etl_dag to 2026-04-13 00:00:00+00:00, run_after=2026-04-14 00:00:00+00:00
[2026-04-13T09:02:14.958+0000] {processor.py:183} INFO - Processing /opt/airflow/dags/daily_revenue_etl_dag.py took 0.097 seconds
[2026-04-13T08:38:47.931+0000] {processor.py:161} INFO - Started process (PID=3650) to work on /opt/airflow/dags/daily_revenue_etl_dag.py
[2026-04-13T08:38:47.932+0000] {processor.py:830} INFO - Processing file /opt/airflow/dags/daily_revenue_etl_dag.py for tasks to queue
[2026-04-13T08:38:47.932+0000] {logging_mixin.py:188} INFO - [2026-04-13T08:38:47.932+0000] {dagbag.py:538} INFO - Filling up the DagBag from /opt/airflow/dags/daily_revenue_etl_dag.py
[2026-04-13T08:38:47.951+0000] {processor.py:840} INFO - DAG(s) 'daily_revenue_etl_dag' retrieved from /opt/airflow/dags/daily_revenue_etl_dag.py
[2026-04-13T08:38:47.975+0000] {logging_mixin.py:188} INFO - [2026-04-13T08:38:47.975+0000] {dag.py:3036} INFO - Sync 1 DAGs
[2026-04-13T08:38:48.000+0000] {logging_mixin.py:188} INFO - [2026-04-13T08:38:48.000+0000] {dag.py:3823} INFO - Setting next_dagrun for daily_revenue_etl_dag to 2026-04-13 00:00:00+00:00, run_after=2026-04-14 00:00:00+00:00
[2026-04-13T08:38:48.021+0000] {processor.py:183} INFO - Processing /opt/airflow/dags/daily_revenue_etl_dag.py took 0.093 seconds
[2026-04-13T08:39:18.188+0000] {processor.py:161} INFO - Started process (PID=3655) to work on /opt/airflow/dags/daily_revenue_etl_dag.py
[2026-04-13T08:39:18.189+0000] {processor.py:830} INFO - Processing file /opt/airflow/dags/daily_revenue_etl_dag.py for tasks to queue
[2026-04-13T08:39:18.190+0000] {logging_mixin.py:188} INFO - [2026-04-13T08:39:18.190+0000] {dagbag.py:538} INFO - Filling up the DagBag from /opt/airflow/dags/daily_revenue_etl_dag.py
[2026-04-13T08:39:18.205+0000] {processor.py:840} INFO - DAG(s) 'daily_revenue_etl_dag' retrieved from /opt/airflow/dags/daily_revenue_etl_dag.py
[2026-04-13T08:39:18.226+0000] {logging_mixin.py:188} INFO - [2026-04-13T08:39:18.226+0000] {dag.py:3036} INFO - Sync 1 DAGs
[2026-04-13T08:39:18.245+0000] {logging_mixin.py:188} INFO - [2026-04-13T08:39:18.244+0000] {dag.py:3823} INFO - Setting next_dagrun for daily_revenue_etl_dag to 2026-04-13 00:00:00+00:00, run_after=2026-04-14 00:00:00+00:00
[2026-04-13T08:39:18.259+0000] {processor.py:183} INFO - Processing /opt/airflow/dags/daily_revenue_etl_dag.py took 0.074 seconds
[2026-04-13T08:39:48.369+0000] {processor.py:161} INFO - Started process (PID=3660) to work on /opt/airflow/dags/daily_revenue_etl_dag.py
[2026-04-13T08:39:48.370+0000] {processor.py:830} INFO - Processing file /opt/airflow/dags/daily_revenue_etl_dag.py for tasks to queue
[2026-04-13T08:39:48.371+0000] {logging_mixin.py:188} INFO - [2026-04-13T08:39:48.371+0000] {dagbag.py:538} INFO - Filling up the DagBag from /opt/airflow/dags/daily_revenue_etl_dag.py
[2026-04-13T08:39:48.386+0000] {processor.py:840} INFO - DAG(s) 'daily_revenue_etl_dag' retrieved from /opt/airflow/dags/daily_revenue_etl_dag.py
[2026-04-13T08:39:48.408+0000] {logging_mixin.py:188} INFO - [2026-04-13T08:39:48.408+0000] {dag.py:3036} INFO - Sync 1 DAGs
[2026-04-13T08:39:48.429+0000] {logging_mixin.py:188} INFO - [2026-04-13T08:39:48.428+0000] {dag.py:3823} INFO - Setting next_dagrun for daily_revenue_etl_dag to 2026-04-13 00:00:00+00:00, run_after=2026-04-14 00:00:00+00:00
[2026-04-13T08:39:48.454+0000] {processor.py:183} INFO - Processing /opt/airflow/dags/daily_revenue_etl_dag.py took 0.088 seconds
[2026-04-13T09:03:47.520+0000] {processor.py:161} INFO - Started process (PID=3665) to work on /opt/airflow/dags/daily_revenue_etl_dag.py
[2026-04-13T09:03:47.521+0000] {processor.py:830} INFO - Processing file /opt/airflow/dags/daily_revenue_etl_dag.py for tasks to queue
[2026-04-13T09:03:47.522+0000] {logging_mixin.py:188} INFO - [2026-04-13T09:03:47.522+0000] {dagbag.py:538} INFO - Filling up the DagBag from /opt/airflow/dags/daily_revenue_etl_dag.py
[2026-04-13T09:03:47.537+0000] {processor.py:840} INFO - DAG(s) 'daily_revenue_etl_dag' retrieved from /opt/airflow/dags/daily_revenue_etl_dag.py
[2026-04-13T09:03:47.558+0000] {logging_mixin.py:188} INFO - [2026-04-13T09:03:47.558+0000] {dag.py:3036} INFO - Sync 1 DAGs
[2026-04-13T09:03:47.578+0000] {logging_mixin.py:188} INFO - [2026-04-13T09:03:47.577+0000] {dag.py:3823} INFO - Setting next_dagrun for daily_revenue_etl_dag to 2026-04-13 00:00:00+00:00, run_after=2026-04-14 00:00:00+00:00
[2026-04-13T09:03:47.592+0000] {processor.py:183} INFO - Processing /opt/airflow/dags/daily_revenue_etl_dag.py took 0.075 seconds
[2026-04-13T09:04:17.729+0000] {processor.py:161} INFO - Started process (PID=3670) to work on /opt/airflow/dags/daily_revenue_etl_dag.py
[2026-04-13T09:04:17.730+0000] {processor.py:830} INFO - Processing file /opt/airflow/dags/daily_revenue_etl_dag.py for tasks to queue
[2026-04-13T09:04:17.731+0000] {logging_mixin.py:188} INFO - [2026-04-13T09:04:17.731+0000] {dagbag.py:538} INFO - Filling up the DagBag from /opt/airflow/dags/daily_revenue_etl_dag.py
[2026-04-13T09:04:17.749+0000] {processor.py:840} INFO - DAG(s) 'daily_revenue_etl_dag' retrieved from /opt/airflow/dags/daily_revenue_etl_dag.py
[2026-04-13T09:04:17.773+0000] {logging_mixin.py:188} INFO - [2026-04-13T09:04:17.773+0000] {dag.py:3036} INFO - Sync 1 DAGs
[2026-04-13T09:04:17.793+0000] {logging_mixin.py:188} INFO - [2026-04-13T09:04:17.792+0000] {dag.py:3823} INFO - Setting next_dagrun for daily_revenue_etl_dag to 2026-04-13 00:00:00+00:00, run_after=2026-04-14 00:00:00+00:00
[2026-04-13T08:40:20.693+0000] {processor.py:183} INFO - Processing /opt/airflow/dags/daily_revenue_etl_dag.py took 0.084 seconds
[2026-04-13T08:40:25.688+0000] {processor.py:161} INFO - Started process (PID=3675) to work on /opt/airflow/dags/daily_revenue_etl_dag.py
[2026-04-13T08:40:25.691+0000] {processor.py:830} INFO - Processing file /opt/airflow/dags/daily_revenue_etl_dag.py for tasks to queue
[2026-04-13T08:40:25.692+0000] {logging_mixin.py:188} INFO - [2026-04-13T08:40:25.691+0000] {dagbag.py:538} INFO - Filling up the DagBag from /opt/airflow/dags/daily_revenue_etl_dag.py
[2026-04-13T08:40:25.710+0000] {processor.py:840} INFO - DAG(s) 'daily_revenue_etl_dag' retrieved from /opt/airflow/dags/daily_revenue_etl_dag.py
[2026-04-13T08:40:25.733+0000] {logging_mixin.py:188} INFO - [2026-04-13T08:40:25.733+0000] {dag.py:3036} INFO - Sync 1 DAGs
[2026-04-13T08:40:25.753+0000] {logging_mixin.py:188} INFO - [2026-04-13T08:40:25.753+0000] {dag.py:3823} INFO - Setting next_dagrun for daily_revenue_etl_dag to 2026-04-13 00:00:00+00:00, run_after=2026-04-14 00:00:00+00:00
[2026-04-13T08:40:25.768+0000] {processor.py:183} INFO - Processing /opt/airflow/dags/daily_revenue_etl_dag.py took 0.083 seconds
[2026-04-13T09:04:44.974+0000] {processor.py:161} INFO - Started process (PID=3680) to work on /opt/airflow/dags/daily_revenue_etl_dag.py
[2026-04-13T09:04:44.975+0000] {processor.py:830} INFO - Processing file /opt/airflow/dags/daily_revenue_etl_dag.py for tasks to queue
[2026-04-13T09:04:44.976+0000] {logging_mixin.py:188} INFO - [2026-04-13T09:04:44.976+0000] {dagbag.py:538} INFO - Filling up the DagBag from /opt/airflow/dags/daily_revenue_etl_dag.py
[2026-04-13T09:04:44.991+0000] {processor.py:840} INFO - DAG(s) 'daily_revenue_etl_dag' retrieved from /opt/airflow/dags/daily_revenue_etl_dag.py
[2026-04-13T09:04:45.011+0000] {logging_mixin.py:188} INFO - [2026-04-13T09:04:45.010+0000] {dag.py:3036} INFO - Sync 1 DAGs
[2026-04-13T08:40:47.938+0000] {logging_mixin.py:188} INFO - [2026-04-13T08:40:47.938+0000] {dag.py:3823} INFO - Setting next_dagrun for daily_revenue_etl_dag to 2026-04-13 00:00:00+00:00, run_after=2026-04-14 00:00:00+00:00
[2026-04-13T08:40:47.953+0000] {processor.py:183} INFO - Processing /opt/airflow/dags/daily_revenue_etl_dag.py took 0.072 seconds
[2026-04-13T08:41:18.052+0000] {processor.py:161} INFO - Started process (PID=3685) to work on /opt/airflow/dags/daily_revenue_etl_dag.py
[2026-04-13T08:41:18.053+0000] {processor.py:830} INFO - Processing file /opt/airflow/dags/daily_revenue_etl_dag.py for tasks to queue
[2026-04-13T08:41:18.054+0000] {logging_mixin.py:188} INFO - [2026-04-13T08:41:18.054+0000] {dagbag.py:538} INFO - Filling up the DagBag from /opt/airflow/dags/daily_revenue_etl_dag.py
[2026-04-13T08:41:18.070+0000] {processor.py:840} INFO - DAG(s) 'daily_revenue_etl_dag' retrieved from /opt/airflow/dags/daily_revenue_etl_dag.py
[2026-04-13T08:41:18.093+0000] {logging_mixin.py:188} INFO - [2026-04-13T08:41:18.093+0000] {dag.py:3036} INFO - Sync 1 DAGs
[2026-04-13T08:41:18.111+0000] {logging_mixin.py:188} INFO - [2026-04-13T08:41:18.111+0000] {dag.py:3823} INFO - Setting next_dagrun for daily_revenue_etl_dag to 2026-04-13 00:00:00+00:00, run_after=2026-04-14 00:00:00+00:00
[2026-04-13T08:41:18.127+0000] {processor.py:183} INFO - Processing /opt/airflow/dags/daily_revenue_etl_dag.py took 0.077 seconds
[2026-04-13T08:41:48.266+0000] {processor.py:161} INFO - Started process (PID=3690) to work on /opt/airflow/dags/daily_revenue_etl_dag.py
[2026-04-13T08:41:48.267+0000] {processor.py:830} INFO - Processing file /opt/airflow/dags/daily_revenue_etl_dag.py for tasks to queue
[2026-04-13T08:41:48.268+0000] {logging_mixin.py:188} INFO - [2026-04-13T08:41:48.268+0000] {dagbag.py:538} INFO - Filling up the DagBag from /opt/airflow/dags/daily_revenue_etl_dag.py
[2026-04-13T08:41:48.286+0000] {processor.py:840} INFO - DAG(s) 'daily_revenue_etl_dag' retrieved from /opt/airflow/dags/daily_revenue_etl_dag.py
[2026-04-13T08:41:48.310+0000] {logging_mixin.py:188} INFO - [2026-04-13T08:41:48.310+0000] {dag.py:3036} INFO - Sync 1 DAGs
[2026-04-13T08:41:48.331+0000] {logging_mixin.py:188} INFO - [2026-04-13T08:41:48.331+0000] {dag.py:3823} INFO - Setting next_dagrun for daily_revenue_etl_dag to 2026-04-13 00:00:00+00:00, run_after=2026-04-14 00:00:00+00:00
[2026-04-13T08:41:48.357+0000] {processor.py:183} INFO - Processing /opt/airflow/dags/daily_revenue_etl_dag.py took 0.094 seconds
[2026-04-13T08:42:18.426+0000] {processor.py:161} INFO - Started process (PID=3695) to work on /opt/airflow/dags/daily_revenue_etl_dag.py
[2026-04-13T08:42:18.427+0000] {processor.py:830} INFO - Processing file /opt/airflow/dags/daily_revenue_etl_dag.py for tasks to queue
[2026-04-13T08:42:18.428+0000] {logging_mixin.py:188} INFO - [2026-04-13T08:42:18.428+0000] {dagbag.py:538} INFO - Filling up the DagBag from /opt/airflow/dags/daily_revenue_etl_dag.py
[2026-04-13T08:42:18.443+0000] {processor.py:840} INFO - DAG(s) 'daily_revenue_etl_dag' retrieved from /opt/airflow/dags/daily_revenue_etl_dag.py
[2026-04-13T08:42:18.466+0000] {logging_mixin.py:188} INFO - [2026-04-13T08:42:18.466+0000] {dag.py:3036} INFO - Sync 1 DAGs
[2026-04-13T08:42:18.486+0000] {logging_mixin.py:188} INFO - [2026-04-13T08:42:18.486+0000] {dag.py:3823} INFO - Setting next_dagrun for daily_revenue_etl_dag to 2026-04-13 00:00:00+00:00, run_after=2026-04-14 00:00:00+00:00
[2026-04-13T08:42:18.512+0000] {processor.py:183} INFO - Processing /opt/airflow/dags/daily_revenue_etl_dag.py took 0.089 seconds
[2026-04-13T08:42:48.655+0000] {processor.py:161} INFO - Started process (PID=3700) to work on /opt/airflow/dags/daily_revenue_etl_dag.py
[2026-04-13T08:42:48.656+0000] {processor.py:830} INFO - Processing file /opt/airflow/dags/daily_revenue_etl_dag.py for tasks to queue
[2026-04-13T08:42:48.657+0000] {logging_mixin.py:188} INFO - [2026-04-13T08:42:48.656+0000] {dagbag.py:538} INFO - Filling up the DagBag from /opt/airflow/dags/daily_revenue_etl_dag.py
[2026-04-13T08:42:48.674+0000] {processor.py:840} INFO - DAG(s) 'daily_revenue_etl_dag' retrieved from /opt/airflow/dags/daily_revenue_etl_dag.py
[2026-04-13T08:42:48.698+0000] {logging_mixin.py:188} INFO - [2026-04-13T08:42:48.697+0000] {dag.py:3036} INFO - Sync 1 DAGs
[2026-04-13T08:42:48.717+0000] {logging_mixin.py:188} INFO - [2026-04-13T08:42:48.717+0000] {dag.py:3823} INFO - Setting next_dagrun for daily_revenue_etl_dag to 2026-04-13 00:00:00+00:00, run_after=2026-04-14 00:00:00+00:00
[2026-04-13T08:42:48.733+0000] {processor.py:183} INFO - Processing /opt/airflow/dags/daily_revenue_etl_dag.py took 0.081 seconds
[2026-04-13T09:06:47.879+0000] {processor.py:161} INFO - Started process (PID=3705) to work on /opt/airflow/dags/daily_revenue_etl_dag.py
[2026-04-13T09:06:47.880+0000] {processor.py:830} INFO - Processing file /opt/airflow/dags/daily_revenue_etl_dag.py for tasks to queue
[2026-04-13T09:06:47.881+0000] {logging_mixin.py:188} INFO - [2026-04-13T09:06:47.881+0000] {dagbag.py:538} INFO - Filling up the DagBag from /opt/airflow/dags/daily_revenue_etl_dag.py
[2026-04-13T09:06:47.899+0000] {processor.py:840} INFO - DAG(s) 'daily_revenue_etl_dag' retrieved from /opt/airflow/dags/daily_revenue_etl_dag.py
[2026-04-13T09:06:47.924+0000] {logging_mixin.py:188} INFO - [2026-04-13T09:06:47.923+0000] {dag.py:3036} INFO - Sync 1 DAGs
[2026-04-13T09:06:47.944+0000] {logging_mixin.py:188} INFO - [2026-04-13T09:06:47.943+0000] {dag.py:3823} INFO - Setting next_dagrun for daily_revenue_etl_dag to 2026-04-13 00:00:00+00:00, run_after=2026-04-14 00:00:00+00:00
[2026-04-13T09:06:47.970+0000] {processor.py:183} INFO - Processing /opt/airflow/dags/daily_revenue_etl_dag.py took 0.093 seconds
[2026-04-13T09:07:18.038+0000] {processor.py:161} INFO - Started process (PID=3711) to work on /opt/airflow/dags/daily_revenue_etl_dag.py
[2026-04-13T09:07:18.039+0000] {processor.py:830} INFO - Processing file /opt/airflow/dags/daily_revenue_etl_dag.py for tasks to queue
[2026-04-13T09:07:18.040+0000] {logging_mixin.py:188} INFO - [2026-04-13T09:07:18.039+0000] {dagbag.py:538} INFO - Filling up the DagBag from /opt/airflow/dags/daily_revenue_etl_dag.py
[2026-04-13T09:07:18.057+0000] {processor.py:840} INFO - DAG(s) 'daily_revenue_etl_dag' retrieved from /opt/airflow/dags/daily_revenue_etl_dag.py
[2026-04-13T09:07:18.082+0000] {logging_mixin.py:188} INFO - [2026-04-13T09:07:18.082+0000] {dag.py:3036} INFO - Sync 1 DAGs
[2026-04-13T08:43:21.004+0000] {logging_mixin.py:188} INFO - [2026-04-13T08:43:21.003+0000] {dag.py:3823} INFO - Setting next_dagrun for daily_revenue_etl_dag to 2026-04-13 00:00:00+00:00, run_after=2026-04-14 00:00:00+00:00
[2026-04-13T08:43:21.021+0000] {processor.py:183} INFO - Processing /opt/airflow/dags/daily_revenue_etl_dag.py took 0.085 seconds
[2026-04-13T08:43:51.180+0000] {processor.py:161} INFO - Started process (PID=3717) to work on /opt/airflow/dags/daily_revenue_etl_dag.py
[2026-04-13T08:43:51.181+0000] {processor.py:830} INFO - Processing file /opt/airflow/dags/daily_revenue_etl_dag.py for tasks to queue
[2026-04-13T08:43:51.182+0000] {logging_mixin.py:188} INFO - [2026-04-13T08:43:51.182+0000] {dagbag.py:538} INFO - Filling up the DagBag from /opt/airflow/dags/daily_revenue_etl_dag.py
[2026-04-13T08:43:51.201+0000] {processor.py:840} INFO - DAG(s) 'daily_revenue_etl_dag' retrieved from /opt/airflow/dags/daily_revenue_etl_dag.py
[2026-04-13T08:43:51.224+0000] {logging_mixin.py:188} INFO - [2026-04-13T08:43:51.224+0000] {dag.py:3036} INFO - Sync 1 DAGs
[2026-04-13T08:43:51.243+0000] {logging_mixin.py:188} INFO - [2026-04-13T08:43:51.243+0000] {dag.py:3823} INFO - Setting next_dagrun for daily_revenue_etl_dag to 2026-04-13 00:00:00+00:00, run_after=2026-04-14 00:00:00+00:00
[2026-04-13T08:43:51.258+0000] {processor.py:183} INFO - Processing /opt/airflow/dags/daily_revenue_etl_dag.py took 0.081 seconds
[2026-04-13T08:44:21.351+0000] {processor.py:161} INFO - Started process (PID=3722) to work on /opt/airflow/dags/daily_revenue_etl_dag.py
[2026-04-13T08:44:21.353+0000] {processor.py:830} INFO - Processing file /opt/airflow/dags/daily_revenue_etl_dag.py for tasks to queue
[2026-04-13T08:44:21.353+0000] {logging_mixin.py:188} INFO - [2026-04-13T08:44:21.353+0000] {dagbag.py:538} INFO - Filling up the DagBag from /opt/airflow/dags/daily_revenue_etl_dag.py
[2026-04-13T08:44:21.371+0000] {processor.py:840} INFO - DAG(s) 'daily_revenue_etl_dag' retrieved from /opt/airflow/dags/daily_revenue_etl_dag.py
[2026-04-13T08:44:21.396+0000] {logging_mixin.py:188} INFO - [2026-04-13T08:44:21.395+0000] {dag.py:3036} INFO - Sync 1 DAGs
[2026-04-13T08:44:21.417+0000] {logging_mixin.py:188} INFO - [2026-04-13T08:44:21.416+0000] {dag.py:3823} INFO - Setting next_dagrun for daily_revenue_etl_dag to 2026-04-13 00:00:00+00:00, run_after=2026-04-14 00:00:00+00:00
[2026-04-13T08:44:21.433+0000] {processor.py:183} INFO - Processing /opt/airflow/dags/daily_revenue_etl_dag.py took 0.085 seconds
[2026-04-13T08:44:51.562+0000] {processor.py:161} INFO - Started process (PID=3727) to work on /opt/airflow/dags/daily_revenue_etl_dag.py
[2026-04-13T08:44:51.563+0000] {processor.py:830} INFO - Processing file /opt/airflow/dags/daily_revenue_etl_dag.py for tasks to queue
[2026-04-13T08:44:51.564+0000] {logging_mixin.py:188} INFO - [2026-04-13T08:44:51.563+0000] {dagbag.py:538} INFO - Filling up the DagBag from /opt/airflow/dags/daily_revenue_etl_dag.py
[2026-04-13T08:44:51.581+0000] {processor.py:840} INFO - DAG(s) 'daily_revenue_etl_dag' retrieved from /opt/airflow/dags/daily_revenue_etl_dag.py
[2026-04-13T08:44:51.604+0000] {logging_mixin.py:188} INFO - [2026-04-13T08:44:51.604+0000] {dag.py:3036} INFO - Sync 1 DAGs
[2026-04-13T08:44:51.622+0000] {logging_mixin.py:188} INFO - [2026-04-13T08:44:51.622+0000] {dag.py:3823} INFO - Setting next_dagrun for daily_revenue_etl_dag to 2026-04-13 00:00:00+00:00, run_after=2026-04-14 00:00:00+00:00
[2026-04-13T08:44:51.648+0000] {processor.py:183} INFO - Processing /opt/airflow/dags/daily_revenue_etl_dag.py took 0.089 seconds
[2026-04-13T09:09:14.875+0000] {processor.py:161} INFO - Started process (PID=3732) to work on /opt/airflow/dags/daily_revenue_etl_dag.py
[2026-04-13T09:09:14.876+0000] {processor.py:830} INFO - Processing file /opt/airflow/dags/daily_revenue_etl_dag.py for tasks to queue
[2026-04-13T09:09:14.877+0000] {logging_mixin.py:188} INFO - [2026-04-13T09:09:14.877+0000] {dagbag.py:538} INFO - Filling up the DagBag from /opt/airflow/dags/daily_revenue_etl_dag.py
[2026-04-13T09:09:14.895+0000] {processor.py:840} INFO - DAG(s) 'daily_revenue_etl_dag' retrieved from /opt/airflow/dags/daily_revenue_etl_dag.py
[2026-04-13T09:09:14.921+0000] {logging_mixin.py:188} INFO - [2026-04-13T09:09:14.921+0000] {dag.py:3036} INFO - Sync 1 DAGs
[2026-04-13T09:09:14.940+0000] {logging_mixin.py:188} INFO - [2026-04-13T09:09:14.940+0000] {dag.py:3823} INFO - Setting next_dagrun for daily_revenue_etl_dag to 2026-04-13 00:00:00+00:00, run_after=2026-04-14 00:00:00+00:00
[2026-04-13T09:09:14.958+0000] {processor.py:183} INFO - Processing /opt/airflow/dags/daily_revenue_etl_dag.py took 0.086 seconds
[2026-04-13T09:09:45.028+0000] {processor.py:161} INFO - Started process (PID=3737) to work on /opt/airflow/dags/daily_revenue_etl_dag.py
[2026-04-13T09:09:45.029+0000] {processor.py:830} INFO - Processing file /opt/airflow/dags/daily_revenue_etl_dag.py for tasks to queue
[2026-04-13T09:09:45.030+0000] {logging_mixin.py:188} INFO - [2026-04-13T09:09:45.030+0000] {dagbag.py:538} INFO - Filling up the DagBag from /opt/airflow/dags/daily_revenue_etl_dag.py
[2026-04-13T09:09:45.046+0000] {processor.py:840} INFO - DAG(s) 'daily_revenue_etl_dag' retrieved from /opt/airflow/dags/daily_revenue_etl_dag.py
[2026-04-13T08:45:47.985+0000] {logging_mixin.py:188} INFO - [2026-04-13T08:45:47.984+0000] {dag.py:3036} INFO - Sync 1 DAGs
[2026-04-13T08:45:48.006+0000] {logging_mixin.py:188} INFO - [2026-04-13T08:45:48.005+0000] {dag.py:3823} INFO - Setting next_dagrun for daily_revenue_etl_dag to 2026-04-13 00:00:00+00:00, run_after=2026-04-14 00:00:00+00:00
[2026-04-13T08:45:48.025+0000] {processor.py:183} INFO - Processing /opt/airflow/dags/daily_revenue_etl_dag.py took 0.086 seconds
[2026-04-13T09:09:48.155+0000] {processor.py:161} INFO - Started process (PID=3742) to work on /opt/airflow/dags/daily_revenue_etl_dag.py
[2026-04-13T09:09:48.156+0000] {processor.py:830} INFO - Processing file /opt/airflow/dags/daily_revenue_etl_dag.py for tasks to queue
[2026-04-13T09:09:48.158+0000] {logging_mixin.py:188} INFO - [2026-04-13T09:09:48.157+0000] {dagbag.py:538} INFO - Filling up the DagBag from /opt/airflow/dags/daily_revenue_etl_dag.py
[2026-04-13T09:09:48.174+0000] {processor.py:840} INFO - DAG(s) 'daily_revenue_etl_dag' retrieved from /opt/airflow/dags/daily_revenue_etl_dag.py
[2026-04-13T09:09:48.196+0000] {logging_mixin.py:188} INFO - [2026-04-13T09:09:48.196+0000] {dag.py:3036} INFO - Sync 1 DAGs
[2026-04-13T09:09:48.217+0000] {logging_mixin.py:188} INFO - [2026-04-13T09:09:48.216+0000] {dag.py:3823} INFO - Setting next_dagrun for daily_revenue_etl_dag to 2026-04-13 00:00:00+00:00, run_after=2026-04-14 00:00:00+00:00
[2026-04-13T09:09:48.242+0000] {processor.py:183} INFO - Processing /opt/airflow/dags/daily_revenue_etl_dag.py took 0.092 seconds
[2026-04-13T09:10:18.320+0000] {processor.py:161} INFO - Started process (PID=3747) to work on /opt/airflow/dags/daily_revenue_etl_dag.py
[2026-04-13T09:10:18.321+0000] {processor.py:830} INFO - Processing file /opt/airflow/dags/daily_revenue_etl_dag.py for tasks to queue
[2026-04-13T09:10:18.322+0000] {logging_mixin.py:188} INFO - [2026-04-13T09:10:18.321+0000] {dagbag.py:538} INFO - Filling up the DagBag from /opt/airflow/dags/daily_revenue_etl_dag.py
[2026-04-13T09:10:18.339+0000] {processor.py:840} INFO - DAG(s) 'daily_revenue_etl_dag' retrieved from /opt/airflow/dags/daily_revenue_etl_dag.py
[2026-04-13T09:10:18.363+0000] {logging_mixin.py:188} INFO - [2026-04-13T09:10:18.363+0000] {dag.py:3036} INFO - Sync 1 DAGs
[2026-04-13T09:10:18.384+0000] {logging_mixin.py:188} INFO - [2026-04-13T09:10:18.383+0000] {dag.py:3823} INFO - Setting next_dagrun for daily_revenue_etl_dag to 2026-04-13 00:00:00+00:00, run_after=2026-04-14 00:00:00+00:00
[2026-04-13T08:46:21.309+0000] {processor.py:183} INFO - Processing /opt/airflow/dags/daily_revenue_etl_dag.py took 0.093 seconds
[2026-04-13T08:46:51.466+0000] {processor.py:161} INFO - Started process (PID=3752) to work on /opt/airflow/dags/daily_revenue_etl_dag.py
[2026-04-13T08:46:51.466+0000] {processor.py:830} INFO - Processing file /opt/airflow/dags/daily_revenue_etl_dag.py for tasks to queue
[2026-04-13T08:46:51.467+0000] {logging_mixin.py:188} INFO - [2026-04-13T08:46:51.467+0000] {dagbag.py:538} INFO - Filling up the DagBag from /opt/airflow/dags/daily_revenue_etl_dag.py
[2026-04-13T08:46:51.482+0000] {processor.py:840} INFO - DAG(s) 'daily_revenue_etl_dag' retrieved from /opt/airflow/dags/daily_revenue_etl_dag.py
[2026-04-13T08:46:51.504+0000] {logging_mixin.py:188} INFO - [2026-04-13T08:46:51.503+0000] {dag.py:3036} INFO - Sync 1 DAGs
[2026-04-13T08:46:51.523+0000] {logging_mixin.py:188} INFO - [2026-04-13T08:46:51.523+0000] {dag.py:3823} INFO - Setting next_dagrun for daily_revenue_etl_dag to 2026-04-13 00:00:00+00:00, run_after=2026-04-14 00:00:00+00:00
[2026-04-13T08:46:51.549+0000] {processor.py:183} INFO - Processing /opt/airflow/dags/daily_revenue_etl_dag.py took 0.086 seconds
[2026-04-13T08:47:21.636+0000] {processor.py:161} INFO - Started process (PID=3757) to work on /opt/airflow/dags/daily_revenue_etl_dag.py
[2026-04-13T08:47:21.637+0000] {processor.py:830} INFO - Processing file /opt/airflow/dags/daily_revenue_etl_dag.py for tasks to queue
[2026-04-13T08:47:21.637+0000] {logging_mixin.py:188} INFO - [2026-04-13T08:47:21.637+0000] {dagbag.py:538} INFO - Filling up the DagBag from /opt/airflow/dags/daily_revenue_etl_dag.py
[2026-04-13T08:47:21.653+0000] {processor.py:840} INFO - DAG(s) 'daily_revenue_etl_dag' retrieved from /opt/airflow/dags/daily_revenue_etl_dag.py
[2026-04-13T08:47:21.675+0000] {logging_mixin.py:188} INFO - [2026-04-13T08:47:21.675+0000] {dag.py:3036} INFO - Sync 1 DAGs
[2026-04-13T08:47:21.695+0000] {logging_mixin.py:188} INFO - [2026-04-13T08:47:21.695+0000] {dag.py:3823} INFO - Setting next_dagrun for daily_revenue_etl_dag to 2026-04-13 00:00:00+00:00, run_after=2026-04-14 00:00:00+00:00
[2026-04-13T08:47:21.721+0000] {processor.py:183} INFO - Processing /opt/airflow/dags/daily_revenue_etl_dag.py took 0.089 seconds
[2026-04-13T09:11:44.929+0000] {processor.py:161} INFO - Started process (PID=3762) to work on /opt/airflow/dags/daily_revenue_etl_dag.py
[2026-04-13T09:11:44.930+0000] {processor.py:830} INFO - Processing file /opt/airflow/dags/daily_revenue_etl_dag.py for tasks to queue
[2026-04-13T09:11:44.931+0000] {logging_mixin.py:188} INFO - [2026-04-13T09:11:44.930+0000] {dagbag.py:538} INFO - Filling up the DagBag from /opt/airflow/dags/daily_revenue_etl_dag.py
[2026-04-13T09:11:44.961+0000] {processor.py:840} INFO - DAG(s) 'daily_revenue_etl_dag' retrieved from /opt/airflow/dags/daily_revenue_etl_dag.py
[2026-04-13T09:11:44.986+0000] {logging_mixin.py:188} INFO - [2026-04-13T09:11:44.986+0000] {dag.py:3036} INFO - Sync 1 DAGs
[2026-04-13T09:11:45.003+0000] {logging_mixin.py:188} INFO - [2026-04-13T09:11:45.003+0000] {dag.py:3823} INFO - Setting next_dagrun for daily_revenue_etl_dag to 2026-04-13 00:00:00+00:00, run_after=2026-04-14 00:00:00+00:00
[2026-04-13T09:11:45.016+0000] {processor.py:183} INFO - Processing /opt/airflow/dags/daily_revenue_etl_dag.py took 0.090 seconds
[2026-04-13T09:13:33.502+0000] {processor.py:161} INFO - Started process (PID=3769) to work on /opt/airflow/dags/daily_revenue_etl_dag.py
[2026-04-13T09:13:33.503+0000] {processor.py:830} INFO - Processing file /opt/airflow/dags/daily_revenue_etl_dag.py for tasks to queue
[2026-04-13T09:13:33.504+0000] {logging_mixin.py:188} INFO - [2026-04-13T09:13:33.503+0000] {dagbag.py:538} INFO - Filling up the DagBag from /opt/airflow/dags/daily_revenue_etl_dag.py
[2026-04-13T09:13:33.521+0000] {processor.py:840} INFO - DAG(s) 'daily_revenue_etl_dag' retrieved from /opt/airflow/dags/daily_revenue_etl_dag.py
[2026-04-13T09:13:33.545+0000] {logging_mixin.py:188} INFO - [2026-04-13T09:13:33.544+0000] {dag.py:3036} INFO - Sync 1 DAGs
[2026-04-13T09:13:33.564+0000] {logging_mixin.py:188} INFO - [2026-04-13T09:13:33.563+0000] {dag.py:3823} INFO - Setting next_dagrun for daily_revenue_etl_dag to 2026-04-13 00:00:00+00:00, run_after=2026-04-14 00:00:00+00:00
[2026-04-13T09:13:33.579+0000] {processor.py:183} INFO - Processing /opt/airflow/dags/daily_revenue_etl_dag.py took 0.080 seconds
[2026-04-13T09:14:03.665+0000] {processor.py:161} INFO - Started process (PID=3774) to work on /opt/airflow/dags/daily_revenue_etl_dag.py
[2026-04-13T09:14:03.667+0000] {processor.py:830} INFO - Processing file /opt/airflow/dags/daily_revenue_etl_dag.py for tasks to queue
[2026-04-13T09:14:03.668+0000] {logging_mixin.py:188} INFO - [2026-04-13T09:14:03.667+0000] {dagbag.py:538} INFO - Filling up the DagBag from /opt/airflow/dags/daily_revenue_etl_dag.py
[2026-04-13T09:14:03.686+0000] {processor.py:840} INFO - DAG(s) 'daily_revenue_etl_dag' retrieved from /opt/airflow/dags/daily_revenue_etl_dag.py
[2026-04-13T09:14:03.712+0000] {logging_mixin.py:188} INFO - [2026-04-13T09:14:03.711+0000] {dag.py:3036} INFO - Sync 1 DAGs
[2026-04-13T09:14:03.736+0000] {logging_mixin.py:188} INFO - [2026-04-13T09:14:03.736+0000] {dag.py:3823} INFO - Setting next_dagrun for daily_revenue_etl_dag to 2026-04-13 00:00:00+00:00, run_after=2026-04-14 00:00:00+00:00
[2026-04-13T09:14:03.752+0000] {processor.py:183} INFO - Processing /opt/airflow/dags/daily_revenue_etl_dag.py took 0.090 seconds
[2026-04-13T09:14:44.958+0000] {processor.py:161} INFO - Started process (PID=3779) to work on /opt/airflow/dags/daily_revenue_etl_dag.py
[2026-04-13T09:14:44.959+0000] {processor.py:830} INFO - Processing file /opt/airflow/dags/daily_revenue_etl_dag.py for tasks to queue
[2026-04-13T09:14:44.960+0000] {logging_mixin.py:188} INFO - [2026-04-13T09:14:44.960+0000] {dagbag.py:538} INFO - Filling up the DagBag from /opt/airflow/dags/daily_revenue_etl_dag.py
[2026-04-13T09:14:44.977+0000] {processor.py:840} INFO - DAG(s) 'daily_revenue_etl_dag' retrieved from /opt/airflow/dags/daily_revenue_etl_dag.py
[2026-04-13T09:14:44.999+0000] {logging_mixin.py:188} INFO - [2026-04-13T09:14:44.999+0000] {dag.py:3036} INFO - Sync 1 DAGs
[2026-04-13T09:14:45.017+0000] {logging_mixin.py:188} INFO - [2026-04-13T09:14:45.017+0000] {dag.py:3823} INFO - Setting next_dagrun for daily_revenue_etl_dag to 2026-04-13 00:00:00+00:00, run_after=2026-04-14 00:00:00+00:00
[2026-04-13T09:14:45.031+0000] {processor.py:183} INFO - Processing /opt/airflow/dags/daily_revenue_etl_dag.py took 0.076 seconds
[2026-04-13T09:17:18.854+0000] {processor.py:161} INFO - Started process (PID=3786) to work on /opt/airflow/dags/daily_revenue_etl_dag.py
[2026-04-13T09:17:18.856+0000] {processor.py:830} INFO - Processing file /opt/airflow/dags/daily_revenue_etl_dag.py for tasks to queue
[2026-04-13T09:17:18.857+0000] {logging_mixin.py:188} INFO - [2026-04-13T09:17:18.856+0000] {dagbag.py:538} INFO - Filling up the DagBag from /opt/airflow/dags/daily_revenue_etl_dag.py
[2026-04-13T09:17:18.889+0000] {processor.py:840} INFO - DAG(s) 'daily_revenue_etl_dag' retrieved from /opt/airflow/dags/daily_revenue_etl_dag.py
[2026-04-13T09:17:18.928+0000] {logging_mixin.py:188} INFO - [2026-04-13T09:17:18.928+0000] {dag.py:3036} INFO - Sync 1 DAGs
[2026-04-13T09:17:18.953+0000] {logging_mixin.py:188} INFO - [2026-04-13T09:17:18.953+0000] {dag.py:3823} INFO - Setting next_dagrun for daily_revenue_etl_dag to 2026-04-13 00:00:00+00:00, run_after=2026-04-14 00:00:00+00:00
[2026-04-13T09:17:18.975+0000] {processor.py:183} INFO - Processing /opt/airflow/dags/daily_revenue_etl_dag.py took 0.126 seconds
[2026-04-13T09:17:49.021+0000] {processor.py:161} INFO - Started process (PID=3792) to work on /opt/airflow/dags/daily_revenue_etl_dag.py
[2026-04-13T09:17:49.022+0000] {processor.py:830} INFO - Processing file /opt/airflow/dags/daily_revenue_etl_dag.py for tasks to queue
[2026-04-13T09:17:49.023+0000] {logging_mixin.py:188} INFO - [2026-04-13T09:17:49.023+0000] {dagbag.py:538} INFO - Filling up the DagBag from /opt/airflow/dags/daily_revenue_etl_dag.py
[2026-04-13T09:17:49.039+0000] {processor.py:840} INFO - DAG(s) 'daily_revenue_etl_dag' retrieved from /opt/airflow/dags/daily_revenue_etl_dag.py
[2026-04-13T09:17:49.063+0000] {logging_mixin.py:188} INFO - [2026-04-13T09:17:49.063+0000] {dag.py:3036} INFO - Sync 1 DAGs
[2026-04-13T08:53:52.009+0000] {logging_mixin.py:188} INFO - [2026-04-13T08:53:52.009+0000] {dag.py:3823} INFO - Setting next_dagrun for daily_revenue_etl_dag to 2026-04-13 00:00:00+00:00, run_after=2026-04-14 00:00:00+00:00
[2026-04-13T08:53:52.029+0000] {processor.py:183} INFO - Processing /opt/airflow/dags/daily_revenue_etl_dag.py took 0.084 seconds
[2026-04-13T09:17:54.059+0000] {processor.py:161} INFO - Started process (PID=3797) to work on /opt/airflow/dags/daily_revenue_etl_dag.py
[2026-04-13T09:17:54.061+0000] {processor.py:830} INFO - Processing file /opt/airflow/dags/daily_revenue_etl_dag.py for tasks to queue
[2026-04-13T09:17:54.062+0000] {logging_mixin.py:188} INFO - [2026-04-13T09:17:54.062+0000] {dagbag.py:538} INFO - Filling up the DagBag from /opt/airflow/dags/daily_revenue_etl_dag.py
[2026-04-13T09:17:54.084+0000] {processor.py:840} INFO - DAG(s) 'daily_revenue_etl_dag' retrieved from /opt/airflow/dags/daily_revenue_etl_dag.py
[2026-04-13T08:53:57.039+0000] {logging_mixin.py:188} INFO - [2026-04-13T08:53:57.039+0000] {dag.py:3036} INFO - Sync 1 DAGs
[2026-04-13T08:53:57.075+0000] {logging_mixin.py:188} INFO - [2026-04-13T08:53:57.074+0000] {dag.py:3823} INFO - Setting next_dagrun for daily_revenue_etl_dag to 2026-04-13 00:00:00+00:00, run_after=2026-04-14 00:00:00+00:00
[2026-04-13T08:53:57.104+0000] {processor.py:183} INFO - Processing /opt/airflow/dags/daily_revenue_etl_dag.py took 0.133 seconds
[2026-04-13T08:54:27.241+0000] {processor.py:161} INFO - Started process (PID=3802) to work on /opt/airflow/dags/daily_revenue_etl_dag.py
[2026-04-13T08:54:27.242+0000] {processor.py:830} INFO - Processing file /opt/airflow/dags/daily_revenue_etl_dag.py for tasks to queue
[2026-04-13T08:54:27.243+0000] {logging_mixin.py:188} INFO - [2026-04-13T08:54:27.243+0000] {dagbag.py:538} INFO - Filling up the DagBag from /opt/airflow/dags/daily_revenue_etl_dag.py
[2026-04-13T08:54:27.261+0000] {processor.py:840} INFO - DAG(s) 'daily_revenue_etl_dag' retrieved from /opt/airflow/dags/daily_revenue_etl_dag.py
[2026-04-13T08:54:27.283+0000] {logging_mixin.py:188} INFO - [2026-04-13T08:54:27.283+0000] {dag.py:3036} INFO - Sync 1 DAGs
[2026-04-13T08:54:27.302+0000] {logging_mixin.py:188} INFO - [2026-04-13T08:54:27.301+0000] {dag.py:3823} INFO - Setting next_dagrun for daily_revenue_etl_dag to 2026-04-13 00:00:00+00:00, run_after=2026-04-14 00:00:00+00:00
[2026-04-13T08:54:27.317+0000] {processor.py:183} INFO - Processing /opt/airflow/dags/daily_revenue_etl_dag.py took 0.081 seconds
[2026-04-13T08:54:57.439+0000] {processor.py:161} INFO - Started process (PID=3807) to work on /opt/airflow/dags/daily_revenue_etl_dag.py
[2026-04-13T08:54:57.440+0000] {processor.py:830} INFO - Processing file /opt/airflow/dags/daily_revenue_etl_dag.py for tasks to queue
[2026-04-13T08:54:57.441+0000] {logging_mixin.py:188} INFO - [2026-04-13T08:54:57.441+0000] {dagbag.py:538} INFO - Filling up the DagBag from /opt/airflow/dags/daily_revenue_etl_dag.py
[2026-04-13T08:54:57.464+0000] {processor.py:840} INFO - DAG(s) 'daily_revenue_etl_dag' retrieved from /opt/airflow/dags/daily_revenue_etl_dag.py
[2026-04-13T08:54:57.493+0000] {logging_mixin.py:188} INFO - [2026-04-13T08:54:57.493+0000] {dag.py:3036} INFO - Sync 1 DAGs
[2026-04-13T08:54:57.516+0000] {logging_mixin.py:188} INFO - [2026-04-13T08:54:57.515+0000] {dag.py:3823} INFO - Setting next_dagrun for daily_revenue_etl_dag to 2026-04-13 00:00:00+00:00, run_after=2026-04-14 00:00:00+00:00
[2026-04-13T08:54:57.534+0000] {processor.py:183} INFO - Processing /opt/airflow/dags/daily_revenue_etl_dag.py took 0.099 seconds
[2026-04-13T08:55:27.617+0000] {processor.py:161} INFO - Started process (PID=3812) to work on /opt/airflow/dags/daily_revenue_etl_dag.py
[2026-04-13T08:55:27.619+0000] {processor.py:830} INFO - Processing file /opt/airflow/dags/daily_revenue_etl_dag.py for tasks to queue
[2026-04-13T08:55:27.620+0000] {logging_mixin.py:188} INFO - [2026-04-13T08:55:27.619+0000] {dagbag.py:538} INFO - Filling up the DagBag from /opt/airflow/dags/daily_revenue_etl_dag.py
[2026-04-13T08:55:27.637+0000] {processor.py:840} INFO - DAG(s) 'daily_revenue_etl_dag' retrieved from /opt/airflow/dags/daily_revenue_etl_dag.py
[2026-04-13T08:55:27.662+0000] {logging_mixin.py:188} INFO - [2026-04-13T08:55:27.662+0000] {dag.py:3036} INFO - Sync 1 DAGs
[2026-04-13T08:55:27.682+0000] {logging_mixin.py:188} INFO - [2026-04-13T08:55:27.682+0000] {dag.py:3823} INFO - Setting next_dagrun for daily_revenue_etl_dag to 2026-04-13 00:00:00+00:00, run_after=2026-04-14 00:00:00+00:00
[2026-04-13T08:55:27.696+0000] {processor.py:183} INFO - Processing /opt/airflow/dags/daily_revenue_etl_dag.py took 0.082 seconds
[2026-04-13T08:55:57.844+0000] {processor.py:161} INFO - Started process (PID=3817) to work on /opt/airflow/dags/daily_revenue_etl_dag.py
[2026-04-13T08:55:57.845+0000] {processor.py:830} INFO - Processing file /opt/airflow/dags/daily_revenue_etl_dag.py for tasks to queue
[2026-04-13T08:55:57.846+0000] {logging_mixin.py:188} INFO - [2026-04-13T08:55:57.846+0000] {dagbag.py:538} INFO - Filling up the DagBag from /opt/airflow/dags/daily_revenue_etl_dag.py
[2026-04-13T08:55:57.861+0000] {processor.py:840} INFO - DAG(s) 'daily_revenue_etl_dag' retrieved from /opt/airflow/dags/daily_revenue_etl_dag.py
[2026-04-13T08:55:57.884+0000] {logging_mixin.py:188} INFO - [2026-04-13T08:55:57.884+0000] {dag.py:3036} INFO - Sync 1 DAGs
[2026-04-13T08:55:57.902+0000] {logging_mixin.py:188} INFO - [2026-04-13T08:55:57.902+0000] {dag.py:3823} INFO - Setting next_dagrun for daily_revenue_etl_dag to 2026-04-13 00:00:00+00:00, run_after=2026-04-14 00:00:00+00:00
[2026-04-13T08:55:57.917+0000] {processor.py:183} INFO - Processing /opt/airflow/dags/daily_revenue_etl_dag.py took 0.076 seconds
[2026-04-13T09:20:15.061+0000] {processor.py:161} INFO - Started process (PID=3822) to work on /opt/airflow/dags/daily_revenue_etl_dag.py
[2026-04-13T09:20:15.062+0000] {processor.py:830} INFO - Processing file /opt/airflow/dags/daily_revenue_etl_dag.py for tasks to queue
[2026-04-13T09:20:15.063+0000] {logging_mixin.py:188} INFO - [2026-04-13T09:20:15.063+0000] {dagbag.py:538} INFO - Filling up the DagBag from /opt/airflow/dags/daily_revenue_etl_dag.py
[2026-04-13T09:20:15.080+0000] {processor.py:840} INFO - DAG(s) 'daily_revenue_etl_dag' retrieved from /opt/airflow/dags/daily_revenue_etl_dag.py
[2026-04-13T09:20:15.105+0000] {logging_mixin.py:188} INFO - [2026-04-13T09:20:15.105+0000] {dag.py:3036} INFO - Sync 1 DAGs
[2026-04-13T08:56:18.051+0000] {logging_mixin.py:188} INFO - [2026-04-13T08:56:18.051+0000] {dag.py:3823} INFO - Setting next_dagrun for daily_revenue_etl_dag to 2026-04-13 00:00:00+00:00, run_after=2026-04-14 00:00:00+00:00
[2026-04-13T08:56:18.066+0000] {processor.py:183} INFO - Processing /opt/airflow/dags/daily_revenue_etl_dag.py took 0.082 seconds
[2026-04-13T09:20:19.138+0000] {processor.py:161} INFO - Started process (PID=3827) to work on /opt/airflow/dags/daily_revenue_etl_dag.py
[2026-04-13T09:20:19.139+0000] {processor.py:830} INFO - Processing file /opt/airflow/dags/daily_revenue_etl_dag.py for tasks to queue
[2026-04-13T09:20:19.139+0000] {logging_mixin.py:188} INFO - [2026-04-13T09:20:19.139+0000] {dagbag.py:538} INFO - Filling up the DagBag from /opt/airflow/dags/daily_revenue_etl_dag.py
[2026-04-13T09:20:19.155+0000] {processor.py:840} INFO - DAG(s) 'daily_revenue_etl_dag' retrieved from /opt/airflow/dags/daily_revenue_etl_dag.py
[2026-04-13T09:20:19.177+0000] {logging_mixin.py:188} INFO - [2026-04-13T09:20:19.177+0000] {dag.py:3036} INFO - Sync 1 DAGs
[2026-04-13T09:20:19.195+0000] {logging_mixin.py:188} INFO - [2026-04-13T09:20:19.195+0000] {dag.py:3823} INFO - Setting next_dagrun for daily_revenue_etl_dag to 2026-04-13 00:00:00+00:00, run_after=2026-04-14 00:00:00+00:00
[2026-04-13T09:20:19.212+0000] {processor.py:183} INFO - Processing /opt/airflow/dags/daily_revenue_etl_dag.py took 0.078 seconds
[2026-04-13T09:20:49.341+0000] {processor.py:161} INFO - Started process (PID=3832) to work on /opt/airflow/dags/daily_revenue_etl_dag.py
[2026-04-13T09:20:49.342+0000] {processor.py:830} INFO - Processing file /opt/airflow/dags/daily_revenue_etl_dag.py for tasks to queue
[2026-04-13T09:20:49.343+0000] {logging_mixin.py:188} INFO - [2026-04-13T09:20:49.343+0000] {dagbag.py:538} INFO - Filling up the DagBag from /opt/airflow/dags/daily_revenue_etl_dag.py
[2026-04-13T09:20:49.362+0000] {processor.py:840} INFO - DAG(s) 'daily_revenue_etl_dag' retrieved from /opt/airflow/dags/daily_revenue_etl_dag.py
[2026-04-13T08:56:52.311+0000] {logging_mixin.py:188} INFO - [2026-04-13T08:56:52.310+0000] {dag.py:3036} INFO - Sync 1 DAGs
[2026-04-13T08:56:52.330+0000] {logging_mixin.py:188} INFO - [2026-04-13T08:56:52.329+0000] {dag.py:3823} INFO - Setting next_dagrun for daily_revenue_etl_dag to 2026-04-13 00:00:00+00:00, run_after=2026-04-14 00:00:00+00:00
[2026-04-13T08:56:52.345+0000] {processor.py:183} INFO - Processing /opt/airflow/dags/daily_revenue_etl_dag.py took 0.080 seconds
[2026-04-13T09:20:54.378+0000] {processor.py:161} INFO - Started process (PID=3837) to work on /opt/airflow/dags/daily_revenue_etl_dag.py
[2026-04-13T09:20:54.379+0000] {processor.py:830} INFO - Processing file /opt/airflow/dags/daily_revenue_etl_dag.py for tasks to queue
[2026-04-13T09:20:54.381+0000] {logging_mixin.py:188} INFO - [2026-04-13T09:20:54.380+0000] {dagbag.py:538} INFO - Filling up the DagBag from /opt/airflow/dags/daily_revenue_etl_dag.py
[2026-04-13T08:56:57.324+0000] {processor.py:840} INFO - DAG(s) 'daily_revenue_etl_dag' retrieved from /opt/airflow/dags/daily_revenue_etl_dag.py
[2026-04-13T08:56:57.348+0000] {logging_mixin.py:188} INFO - [2026-04-13T08:56:57.348+0000] {dag.py:3036} INFO - Sync 1 DAGs
[2026-04-13T08:56:57.366+0000] {logging_mixin.py:188} INFO - [2026-04-13T08:56:57.366+0000] {dag.py:3823} INFO - Setting next_dagrun for daily_revenue_etl_dag to 2026-04-13 00:00:00+00:00, run_after=2026-04-14 00:00:00+00:00
[2026-04-13T08:56:57.383+0000] {processor.py:183} INFO - Processing /opt/airflow/dags/daily_revenue_etl_dag.py took 0.080 seconds
[2026-04-13T08:57:27.593+0000] {processor.py:161} INFO - Started process (PID=3842) to work on /opt/airflow/dags/daily_revenue_etl_dag.py
[2026-04-13T08:57:27.595+0000] {processor.py:830} INFO - Processing file /opt/airflow/dags/daily_revenue_etl_dag.py for tasks to queue
[2026-04-13T08:57:27.596+0000] {logging_mixin.py:188} INFO - [2026-04-13T08:57:27.596+0000] {dagbag.py:538} INFO - Filling up the DagBag from /opt/airflow/dags/daily_revenue_etl_dag.py
[2026-04-13T08:57:27.636+0000] {processor.py:840} INFO - DAG(s) 'daily_revenue_etl_dag' retrieved from /opt/airflow/dags/daily_revenue_etl_dag.py
[2026-04-13T08:57:27.678+0000] {logging_mixin.py:188} INFO - [2026-04-13T08:57:27.677+0000] {dag.py:3036} INFO - Sync 1 DAGs
[2026-04-13T08:57:27.717+0000] {logging_mixin.py:188} INFO - [2026-04-13T08:57:27.716+0000] {dag.py:3823} INFO - Setting next_dagrun for daily_revenue_etl_dag to 2026-04-13 00:00:00+00:00, run_after=2026-04-14 00:00:00+00:00
[2026-04-13T08:57:27.753+0000] {processor.py:183} INFO - Processing /opt/airflow/dags/daily_revenue_etl_dag.py took 0.166 seconds
[2026-04-13T09:21:44.954+0000] {processor.py:161} INFO - Started process (PID=3847) to work on /opt/airflow/dags/daily_revenue_etl_dag.py
[2026-04-13T09:21:44.955+0000] {processor.py:830} INFO - Processing file /opt/airflow/dags/daily_revenue_etl_dag.py for tasks to queue
[2026-04-13T09:21:44.955+0000] {logging_mixin.py:188} INFO - [2026-04-13T09:21:44.955+0000] {dagbag.py:538} INFO - Filling up the DagBag from /opt/airflow/dags/daily_revenue_etl_dag.py
[2026-04-13T09:21:44.972+0000] {processor.py:840} INFO - DAG(s) 'daily_revenue_etl_dag' retrieved from /opt/airflow/dags/daily_revenue_etl_dag.py
[2026-04-13T09:21:44.994+0000] {logging_mixin.py:188} INFO - [2026-04-13T09:21:44.994+0000] {dag.py:3036} INFO - Sync 1 DAGs
[2026-04-13T09:21:45.013+0000] {logging_mixin.py:188} INFO - [2026-04-13T09:21:45.013+0000] {dag.py:3823} INFO - Setting next_dagrun for daily_revenue_etl_dag to 2026-04-13 00:00:00+00:00, run_after=2026-04-14 00:00:00+00:00
[2026-04-13T09:21:45.028+0000] {processor.py:183} INFO - Processing /opt/airflow/dags/daily_revenue_etl_dag.py took 0.078 seconds
[2026-04-13T08:58:18.048+0000] {processor.py:161} INFO - Started process (PID=3853) to work on /opt/airflow/dags/daily_revenue_etl_dag.py
[2026-04-13T08:58:18.049+0000] {processor.py:830} INFO - Processing file /opt/airflow/dags/daily_revenue_etl_dag.py for tasks to queue
[2026-04-13T08:58:18.050+0000] {logging_mixin.py:188} INFO - [2026-04-13T08:58:18.050+0000] {dagbag.py:538} INFO - Filling up the DagBag from /opt/airflow/dags/daily_revenue_etl_dag.py
[2026-04-13T08:58:18.065+0000] {processor.py:840} INFO - DAG(s) 'daily_revenue_etl_dag' retrieved from /opt/airflow/dags/daily_revenue_etl_dag.py
[2026-04-13T08:58:18.088+0000] {logging_mixin.py:188} INFO - [2026-04-13T08:58:18.088+0000] {dag.py:3036} INFO - Sync 1 DAGs
[2026-04-13T08:58:18.107+0000] {logging_mixin.py:188} INFO - [2026-04-13T08:58:18.107+0000] {dag.py:3823} INFO - Setting next_dagrun for daily_revenue_etl_dag to 2026-04-13 00:00:00+00:00, run_after=2026-04-14 00:00:00+00:00
[2026-04-13T08:58:18.124+0000] {processor.py:183} INFO - Processing /opt/airflow/dags/daily_revenue_etl_dag.py took 0.079 seconds
[2026-04-13T08:58:48.268+0000] {processor.py:161} INFO - Started process (PID=3858) to work on /opt/airflow/dags/daily_revenue_etl_dag.py
[2026-04-13T08:58:48.269+0000] {processor.py:830} INFO - Processing file /opt/airflow/dags/daily_revenue_etl_dag.py for tasks to queue
[2026-04-13T08:58:48.270+0000] {logging_mixin.py:188} INFO - [2026-04-13T08:58:48.269+0000] {dagbag.py:538} INFO - Filling up the DagBag from /opt/airflow/dags/daily_revenue_etl_dag.py
[2026-04-13T08:58:48.287+0000] {processor.py:840} INFO - DAG(s) 'daily_revenue_etl_dag' retrieved from /opt/airflow/dags/daily_revenue_etl_dag.py
[2026-04-13T08:58:48.311+0000] {logging_mixin.py:188} INFO - [2026-04-13T08:58:48.311+0000] {dag.py:3036} INFO - Sync 1 DAGs
[2026-04-13T08:58:48.330+0000] {logging_mixin.py:188} INFO - [2026-04-13T08:58:48.330+0000] {dag.py:3823} INFO - Setting next_dagrun for daily_revenue_etl_dag to 2026-04-13 00:00:00+00:00, run_after=2026-04-14 00:00:00+00:00
[2026-04-13T08:58:48.345+0000] {processor.py:183} INFO - Processing /opt/airflow/dags/daily_revenue_etl_dag.py took 0.079 seconds
[2026-04-13T09:22:49.465+0000] {processor.py:161} INFO - Started process (PID=3863) to work on /opt/airflow/dags/daily_revenue_etl_dag.py
[2026-04-13T09:22:49.466+0000] {processor.py:830} INFO - Processing file /opt/airflow/dags/daily_revenue_etl_dag.py for tasks to queue
[2026-04-13T09:22:49.467+0000] {logging_mixin.py:188} INFO - [2026-04-13T09:22:49.467+0000] {dagbag.py:538} INFO - Filling up the DagBag from /opt/airflow/dags/daily_revenue_etl_dag.py
[2026-04-13T09:22:49.483+0000] {processor.py:840} INFO - DAG(s) 'daily_revenue_etl_dag' retrieved from /opt/airflow/dags/daily_revenue_etl_dag.py
[2026-04-13T09:22:49.507+0000] {logging_mixin.py:188} INFO - [2026-04-13T09:22:49.507+0000] {dag.py:3036} INFO - Sync 1 DAGs
[2026-04-13T09:22:49.526+0000] {logging_mixin.py:188} INFO - [2026-04-13T09:22:49.525+0000] {dag.py:3823} INFO - Setting next_dagrun for daily_revenue_etl_dag to 2026-04-13 00:00:00+00:00, run_after=2026-04-14 00:00:00+00:00
[2026-04-13T09:22:49.542+0000] {processor.py:183} INFO - Processing /opt/airflow/dags/daily_revenue_etl_dag.py took 0.080 seconds
[2026-04-13T09:23:19.631+0000] {processor.py:161} INFO - Started process (PID=3868) to work on /opt/airflow/dags/daily_revenue_etl_dag.py
[2026-04-13T09:23:19.632+0000] {processor.py:830} INFO - Processing file /opt/airflow/dags/daily_revenue_etl_dag.py for tasks to queue
[2026-04-13T09:23:19.633+0000] {logging_mixin.py:188} INFO - [2026-04-13T09:23:19.633+0000] {dagbag.py:538} INFO - Filling up the DagBag from /opt/airflow/dags/daily_revenue_etl_dag.py
[2026-04-13T08:59:22.584+0000] {processor.py:840} INFO - DAG(s) 'daily_revenue_etl_dag' retrieved from /opt/airflow/dags/daily_revenue_etl_dag.py
[2026-04-13T08:59:22.612+0000] {logging_mixin.py:188} INFO - [2026-04-13T08:59:22.612+0000] {dag.py:3036} INFO - Sync 1 DAGs
[2026-04-13T08:59:22.637+0000] {logging_mixin.py:188} INFO - [2026-04-13T08:59:22.637+0000] {dag.py:3823} INFO - Setting next_dagrun for daily_revenue_etl_dag to 2026-04-13 00:00:00+00:00, run_after=2026-04-14 00:00:00+00:00
[2026-04-13T08:59:22.656+0000] {processor.py:183} INFO - Processing /opt/airflow/dags/daily_revenue_etl_dag.py took 0.100 seconds
[2026-04-13T08:59:52.799+0000] {processor.py:161} INFO - Started process (PID=3873) to work on /opt/airflow/dags/daily_revenue_etl_dag.py
[2026-04-13T08:59:52.800+0000] {processor.py:830} INFO - Processing file /opt/airflow/dags/daily_revenue_etl_dag.py for tasks to queue
[2026-04-13T08:59:52.801+0000] {logging_mixin.py:188} INFO - [2026-04-13T08:59:52.801+0000] {dagbag.py:538} INFO - Filling up the DagBag from /opt/airflow/dags/daily_revenue_etl_dag.py
[2026-04-13T08:59:52.816+0000] {processor.py:840} INFO - DAG(s) 'daily_revenue_etl_dag' retrieved from /opt/airflow/dags/daily_revenue_etl_dag.py
[2026-04-13T08:59:52.837+0000] {logging_mixin.py:188} INFO - [2026-04-13T08:59:52.837+0000] {dag.py:3036} INFO - Sync 1 DAGs
[2026-04-13T08:59:52.857+0000] {logging_mixin.py:188} INFO - [2026-04-13T08:59:52.857+0000] {dag.py:3823} INFO - Setting next_dagrun for daily_revenue_etl_dag to 2026-04-13 00:00:00+00:00, run_after=2026-04-14 00:00:00+00:00
[2026-04-13T08:59:52.876+0000] {processor.py:183} INFO - Processing /opt/airflow/dags/daily_revenue_etl_dag.py took 0.079 seconds
[2026-04-13T09:24:15.015+0000] {processor.py:161} INFO - Started process (PID=3878) to work on /opt/airflow/dags/daily_revenue_etl_dag.py
[2026-04-13T09:24:15.016+0000] {processor.py:830} INFO - Processing file /opt/airflow/dags/daily_revenue_etl_dag.py for tasks to queue
[2026-04-13T09:24:15.017+0000] {logging_mixin.py:188} INFO - [2026-04-13T09:24:15.017+0000] {dagbag.py:538} INFO - Filling up the DagBag from /opt/airflow/dags/daily_revenue_etl_dag.py
[2026-04-13T09:24:15.034+0000] {processor.py:840} INFO - DAG(s) 'daily_revenue_etl_dag' retrieved from /opt/airflow/dags/daily_revenue_etl_dag.py
[2026-04-13T09:24:15.059+0000] {logging_mixin.py:188} INFO - [2026-04-13T09:24:15.059+0000] {dag.py:3036} INFO - Sync 1 DAGs
[2026-04-13T09:24:15.080+0000] {logging_mixin.py:188} INFO - [2026-04-13T09:24:15.079+0000] {dag.py:3823} INFO - Setting next_dagrun for daily_revenue_etl_dag to 2026-04-13 00:00:00+00:00, run_after=2026-04-14 00:00:00+00:00
[2026-04-13T09:24:15.095+0000] {processor.py:183} INFO - Processing /opt/airflow/dags/daily_revenue_etl_dag.py took 0.083 seconds
[2026-04-13T09:26:29.783+0000] {processor.py:161} INFO - Started process (PID=3885) to work on /opt/airflow/dags/daily_revenue_etl_dag.py
[2026-04-13T09:26:29.784+0000] {processor.py:830} INFO - Processing file /opt/airflow/dags/daily_revenue_etl_dag.py for tasks to queue
[2026-04-13T09:26:29.785+0000] {logging_mixin.py:188} INFO - [2026-04-13T09:26:29.784+0000] {dagbag.py:538} INFO - Filling up the DagBag from /opt/airflow/dags/daily_revenue_etl_dag.py
[2026-04-13T09:26:29.804+0000] {processor.py:840} INFO - DAG(s) 'daily_revenue_etl_dag' retrieved from /opt/airflow/dags/daily_revenue_etl_dag.py
[2026-04-13T09:26:29.829+0000] {logging_mixin.py:188} INFO - [2026-04-13T09:26:29.828+0000] {dag.py:3036} INFO - Sync 1 DAGs
[2026-04-13T09:26:29.845+0000] {logging_mixin.py:188} INFO - [2026-04-13T09:26:29.844+0000] {dag.py:3823} INFO - Setting next_dagrun for daily_revenue_etl_dag to 2026-04-13 00:00:00+00:00, run_after=2026-04-14 00:00:00+00:00
[2026-04-13T09:26:29.859+0000] {processor.py:183} INFO - Processing /opt/airflow/dags/daily_revenue_etl_dag.py took 0.079 seconds
[2026-04-13T09:26:59.945+0000] {processor.py:161} INFO - Started process (PID=3891) to work on /opt/airflow/dags/daily_revenue_etl_dag.py
[2026-04-13T09:26:59.946+0000] {processor.py:830} INFO - Processing file /opt/airflow/dags/daily_revenue_etl_dag.py for tasks to queue
[2026-04-13T09:26:59.948+0000] {logging_mixin.py:188} INFO - [2026-04-13T09:26:59.947+0000] {dagbag.py:538} INFO - Filling up the DagBag from /opt/airflow/dags/daily_revenue_etl_dag.py
[2026-04-13T09:26:59.968+0000] {processor.py:840} INFO - DAG(s) 'daily_revenue_etl_dag' retrieved from /opt/airflow/dags/daily_revenue_etl_dag.py
[2026-04-13T09:26:59.994+0000] {logging_mixin.py:188} INFO - [2026-04-13T09:26:59.993+0000] {dag.py:3036} INFO - Sync 1 DAGs
[2026-04-13T09:03:02.965+0000] {logging_mixin.py:188} INFO - [2026-04-13T09:03:02.965+0000] {dag.py:3823} INFO - Setting next_dagrun for daily_revenue_etl_dag to 2026-04-13 00:00:00+00:00, run_after=2026-04-14 00:00:00+00:00
[2026-04-13T09:03:02.986+0000] {processor.py:183} INFO - Processing /opt/airflow/dags/daily_revenue_etl_dag.py took 0.101 seconds
[2026-04-13T09:27:15.104+0000] {processor.py:161} INFO - Started process (PID=3896) to work on /opt/airflow/dags/daily_revenue_etl_dag.py
[2026-04-13T09:27:15.105+0000] {processor.py:830} INFO - Processing file /opt/airflow/dags/daily_revenue_etl_dag.py for tasks to queue
[2026-04-13T09:27:15.106+0000] {logging_mixin.py:188} INFO - [2026-04-13T09:27:15.106+0000] {dagbag.py:538} INFO - Filling up the DagBag from /opt/airflow/dags/daily_revenue_etl_dag.py
[2026-04-13T09:27:15.124+0000] {processor.py:840} INFO - DAG(s) 'daily_revenue_etl_dag' retrieved from /opt/airflow/dags/daily_revenue_etl_dag.py
[2026-04-13T09:03:18.081+0000] {logging_mixin.py:188} INFO - [2026-04-13T09:03:18.081+0000] {dag.py:3036} INFO - Sync 1 DAGs
[2026-04-13T09:03:18.100+0000] {logging_mixin.py:188} INFO - [2026-04-13T09:03:18.100+0000] {dag.py:3823} INFO - Setting next_dagrun for daily_revenue_etl_dag to 2026-04-13 00:00:00+00:00, run_after=2026-04-14 00:00:00+00:00
[2026-04-13T09:03:18.114+0000] {processor.py:183} INFO - Processing /opt/airflow/dags/daily_revenue_etl_dag.py took 0.080 seconds
[2026-04-13T09:03:48.219+0000] {processor.py:161} INFO - Started process (PID=3901) to work on /opt/airflow/dags/daily_revenue_etl_dag.py
[2026-04-13T09:03:48.220+0000] {processor.py:830} INFO - Processing file /opt/airflow/dags/daily_revenue_etl_dag.py for tasks to queue
[2026-04-13T09:03:48.221+0000] {logging_mixin.py:188} INFO - [2026-04-13T09:03:48.221+0000] {dagbag.py:538} INFO - Filling up the DagBag from /opt/airflow/dags/daily_revenue_etl_dag.py
[2026-04-13T09:03:48.236+0000] {processor.py:840} INFO - DAG(s) 'daily_revenue_etl_dag' retrieved from /opt/airflow/dags/daily_revenue_etl_dag.py
[2026-04-13T09:03:48.260+0000] {logging_mixin.py:188} INFO - [2026-04-13T09:03:48.260+0000] {dag.py:3036} INFO - Sync 1 DAGs
[2026-04-13T09:03:48.280+0000] {logging_mixin.py:188} INFO - [2026-04-13T09:03:48.280+0000] {dag.py:3823} INFO - Setting next_dagrun for daily_revenue_etl_dag to 2026-04-13 00:00:00+00:00, run_after=2026-04-14 00:00:00+00:00
[2026-04-13T09:03:48.297+0000] {processor.py:183} INFO - Processing /opt/airflow/dags/daily_revenue_etl_dag.py took 0.080 seconds
[2026-04-13T09:04:18.418+0000] {processor.py:161} INFO - Started process (PID=3906) to work on /opt/airflow/dags/daily_revenue_etl_dag.py
[2026-04-13T09:04:18.420+0000] {processor.py:830} INFO - Processing file /opt/airflow/dags/daily_revenue_etl_dag.py for tasks to queue
[2026-04-13T09:04:18.421+0000] {logging_mixin.py:188} INFO - [2026-04-13T09:04:18.421+0000] {dagbag.py:538} INFO - Filling up the DagBag from /opt/airflow/dags/daily_revenue_etl_dag.py
[2026-04-13T09:04:18.445+0000] {processor.py:840} INFO - DAG(s) 'daily_revenue_etl_dag' retrieved from /opt/airflow/dags/daily_revenue_etl_dag.py
[2026-04-13T09:04:18.484+0000] {logging_mixin.py:188} INFO - [2026-04-13T09:04:18.483+0000] {dag.py:3036} INFO - Sync 1 DAGs
[2026-04-13T09:04:18.515+0000] {logging_mixin.py:188} INFO - [2026-04-13T09:04:18.515+0000] {dag.py:3823} INFO - Setting next_dagrun for daily_revenue_etl_dag to 2026-04-13 00:00:00+00:00, run_after=2026-04-14 00:00:00+00:00
[2026-04-13T09:04:18.542+0000] {processor.py:183} INFO - Processing /opt/airflow/dags/daily_revenue_etl_dag.py took 0.127 seconds
[2026-04-13T09:04:48.627+0000] {processor.py:161} INFO - Started process (PID=3911) to work on /opt/airflow/dags/daily_revenue_etl_dag.py
[2026-04-13T09:04:48.628+0000] {processor.py:830} INFO - Processing file /opt/airflow/dags/daily_revenue_etl_dag.py for tasks to queue
[2026-04-13T09:04:48.629+0000] {logging_mixin.py:188} INFO - [2026-04-13T09:04:48.629+0000] {dagbag.py:538} INFO - Filling up the DagBag from /opt/airflow/dags/daily_revenue_etl_dag.py
[2026-04-13T09:04:48.645+0000] {processor.py:840} INFO - DAG(s) 'daily_revenue_etl_dag' retrieved from /opt/airflow/dags/daily_revenue_etl_dag.py
[2026-04-13T09:04:48.668+0000] {logging_mixin.py:188} INFO - [2026-04-13T09:04:48.668+0000] {dag.py:3036} INFO - Sync 1 DAGs
[2026-04-13T09:04:48.689+0000] {logging_mixin.py:188} INFO - [2026-04-13T09:04:48.689+0000] {dag.py:3823} INFO - Setting next_dagrun for daily_revenue_etl_dag to 2026-04-13 00:00:00+00:00, run_after=2026-04-14 00:00:00+00:00
[2026-04-13T09:04:48.705+0000] {processor.py:183} INFO - Processing /opt/airflow/dags/daily_revenue_etl_dag.py took 0.081 seconds
[2026-04-13T09:29:14.987+0000] {processor.py:161} INFO - Started process (PID=3916) to work on /opt/airflow/dags/daily_revenue_etl_dag.py
[2026-04-13T09:29:14.990+0000] {processor.py:830} INFO - Processing file /opt/airflow/dags/daily_revenue_etl_dag.py for tasks to queue
[2026-04-13T09:29:14.991+0000] {logging_mixin.py:188} INFO - [2026-04-13T09:29:14.990+0000] {dagbag.py:538} INFO - Filling up the DagBag from /opt/airflow/dags/daily_revenue_etl_dag.py
[2026-04-13T09:29:15.017+0000] {processor.py:840} INFO - DAG(s) 'daily_revenue_etl_dag' retrieved from /opt/airflow/dags/daily_revenue_etl_dag.py
[2026-04-13T09:29:15.054+0000] {logging_mixin.py:188} INFO - [2026-04-13T09:29:15.053+0000] {dag.py:3036} INFO - Sync 1 DAGs
[2026-04-13T09:29:15.079+0000] {logging_mixin.py:188} INFO - [2026-04-13T09:29:15.079+0000] {dag.py:3823} INFO - Setting next_dagrun for daily_revenue_etl_dag to 2026-04-13 00:00:00+00:00, run_after=2026-04-14 00:00:00+00:00
[2026-04-13T09:29:15.098+0000] {processor.py:183} INFO - Processing /opt/airflow/dags/daily_revenue_etl_dag.py took 0.114 seconds
[2026-04-13T09:29:50.241+0000] {processor.py:161} INFO - Started process (PID=3921) to work on /opt/airflow/dags/daily_revenue_etl_dag.py
[2026-04-13T09:29:50.243+0000] {processor.py:830} INFO - Processing file /opt/airflow/dags/daily_revenue_etl_dag.py for tasks to queue
[2026-04-13T09:29:50.245+0000] {logging_mixin.py:188} INFO - [2026-04-13T09:29:50.244+0000] {dagbag.py:538} INFO - Filling up the DagBag from /opt/airflow/dags/daily_revenue_etl_dag.py
[2026-04-13T09:29:50.266+0000] {processor.py:840} INFO - DAG(s) 'daily_revenue_etl_dag' retrieved from /opt/airflow/dags/daily_revenue_etl_dag.py
[2026-04-13T09:29:50.297+0000] {logging_mixin.py:188} INFO - [2026-04-13T09:29:50.297+0000] {dag.py:3036} INFO - Sync 1 DAGs
[2026-04-13T09:05:53.277+0000] {logging_mixin.py:188} INFO - [2026-04-13T09:05:53.276+0000] {dag.py:3823} INFO - Setting next_dagrun for daily_revenue_etl_dag to 2026-04-13 00:00:00+00:00, run_after=2026-04-14 00:00:00+00:00
[2026-04-13T09:05:53.320+0000] {processor.py:183} INFO - Processing /opt/airflow/dags/daily_revenue_etl_dag.py took 0.145 seconds
[2026-04-13T09:06:23.503+0000] {processor.py:161} INFO - Started process (PID=3926) to work on /opt/airflow/dags/daily_revenue_etl_dag.py
[2026-04-13T09:06:23.505+0000] {processor.py:830} INFO - Processing file /opt/airflow/dags/daily_revenue_etl_dag.py for tasks to queue
[2026-04-13T09:06:23.508+0000] {logging_mixin.py:188} INFO - [2026-04-13T09:06:23.507+0000] {dagbag.py:538} INFO - Filling up the DagBag from /opt/airflow/dags/daily_revenue_etl_dag.py
[2026-04-13T09:06:23.533+0000] {processor.py:840} INFO - DAG(s) 'daily_revenue_etl_dag' retrieved from /opt/airflow/dags/daily_revenue_etl_dag.py
[2026-04-13T09:06:23.577+0000] {logging_mixin.py:188} INFO - [2026-04-13T09:06:23.576+0000] {dag.py:3036} INFO - Sync 1 DAGs
[2026-04-13T09:06:23.617+0000] {logging_mixin.py:188} INFO - [2026-04-13T09:06:23.617+0000] {dag.py:3823} INFO - Setting next_dagrun for daily_revenue_etl_dag to 2026-04-13 00:00:00+00:00, run_after=2026-04-14 00:00:00+00:00
[2026-04-13T09:06:23.653+0000] {processor.py:183} INFO - Processing /opt/airflow/dags/daily_revenue_etl_dag.py took 0.155 seconds
[2026-04-13T09:06:53.708+0000] {processor.py:161} INFO - Started process (PID=3931) to work on /opt/airflow/dags/daily_revenue_etl_dag.py
[2026-04-13T09:06:53.709+0000] {processor.py:830} INFO - Processing file /opt/airflow/dags/daily_revenue_etl_dag.py for tasks to queue
[2026-04-13T09:06:53.710+0000] {logging_mixin.py:188} INFO - [2026-04-13T09:06:53.710+0000] {dagbag.py:538} INFO - Filling up the DagBag from /opt/airflow/dags/daily_revenue_etl_dag.py
[2026-04-13T09:06:53.734+0000] {processor.py:840} INFO - DAG(s) 'daily_revenue_etl_dag' retrieved from /opt/airflow/dags/daily_revenue_etl_dag.py
[2026-04-13T09:06:53.769+0000] {logging_mixin.py:188} INFO - [2026-04-13T09:06:53.769+0000] {dag.py:3036} INFO - Sync 1 DAGs
[2026-04-13T09:06:53.803+0000] {logging_mixin.py:188} INFO - [2026-04-13T09:06:53.803+0000] {dag.py:3823} INFO - Setting next_dagrun for daily_revenue_etl_dag to 2026-04-13 00:00:00+00:00, run_after=2026-04-14 00:00:00+00:00
[2026-04-13T09:06:53.826+0000] {processor.py:183} INFO - Processing /opt/airflow/dags/daily_revenue_etl_dag.py took 0.122 seconds
[2026-04-13T09:31:15.118+0000] {processor.py:161} INFO - Started process (PID=3936) to work on /opt/airflow/dags/daily_revenue_etl_dag.py
[2026-04-13T09:31:15.122+0000] {processor.py:830} INFO - Processing file /opt/airflow/dags/daily_revenue_etl_dag.py for tasks to queue
[2026-04-13T09:31:15.124+0000] {logging_mixin.py:188} INFO - [2026-04-13T09:31:15.123+0000] {dagbag.py:538} INFO - Filling up the DagBag from /opt/airflow/dags/daily_revenue_etl_dag.py
[2026-04-13T09:07:18.123+0000] {processor.py:840} INFO - DAG(s) 'daily_revenue_etl_dag' retrieved from /opt/airflow/dags/daily_revenue_etl_dag.py
[2026-04-13T09:07:18.182+0000] {logging_mixin.py:188} INFO - [2026-04-13T09:07:18.182+0000] {dag.py:3036} INFO - Sync 1 DAGs
[2026-04-13T09:31:15.279+0000] {logging_mixin.py:188} INFO - [2026-04-13T09:31:15.278+0000] {dag.py:3823} INFO - Setting next_dagrun for daily_revenue_etl_dag to 2026-04-13 00:00:00+00:00, run_after=2026-04-14 00:00:00+00:00
[2026-04-13T09:31:15.334+0000] {processor.py:183} INFO - Processing /opt/airflow/dags/daily_revenue_etl_dag.py took 0.221 seconds
[2026-04-13T09:31:50.327+0000] {processor.py:161} INFO - Started process (PID=3941) to work on /opt/airflow/dags/daily_revenue_etl_dag.py
[2026-04-13T09:31:50.328+0000] {processor.py:830} INFO - Processing file /opt/airflow/dags/daily_revenue_etl_dag.py for tasks to queue
[2026-04-13T09:31:50.328+0000] {logging_mixin.py:188} INFO - [2026-04-13T09:31:50.328+0000] {dagbag.py:538} INFO - Filling up the DagBag from /opt/airflow/dags/daily_revenue_etl_dag.py
[2026-04-13T09:31:50.344+0000] {processor.py:840} INFO - DAG(s) 'daily_revenue_etl_dag' retrieved from /opt/airflow/dags/daily_revenue_etl_dag.py
[2026-04-13T09:31:50.367+0000] {logging_mixin.py:188} INFO - [2026-04-13T09:31:50.366+0000] {dag.py:3036} INFO - Sync 1 DAGs
[2026-04-13T09:31:50.385+0000] {logging_mixin.py:188} INFO - [2026-04-13T09:31:50.384+0000] {dag.py:3823} INFO - Setting next_dagrun for daily_revenue_etl_dag to 2026-04-13 00:00:00+00:00, run_after=2026-04-14 00:00:00+00:00
[2026-04-13T09:31:50.400+0000] {processor.py:183} INFO - Processing /opt/airflow/dags/daily_revenue_etl_dag.py took 0.077 seconds
[2026-04-13T09:32:20.532+0000] {processor.py:161} INFO - Started process (PID=3946) to work on /opt/airflow/dags/daily_revenue_etl_dag.py
[2026-04-13T09:32:20.533+0000] {processor.py:830} INFO - Processing file /opt/airflow/dags/daily_revenue_etl_dag.py for tasks to queue
[2026-04-13T09:32:20.534+0000] {logging_mixin.py:188} INFO - [2026-04-13T09:32:20.534+0000] {dagbag.py:538} INFO - Filling up the DagBag from /opt/airflow/dags/daily_revenue_etl_dag.py
[2026-04-13T09:32:20.555+0000] {processor.py:840} INFO - DAG(s) 'daily_revenue_etl_dag' retrieved from /opt/airflow/dags/daily_revenue_etl_dag.py
[2026-04-13T09:08:23.529+0000] {logging_mixin.py:188} INFO - [2026-04-13T09:08:23.529+0000] {dag.py:3036} INFO - Sync 1 DAGs
[2026-04-13T09:08:23.560+0000] {logging_mixin.py:188} INFO - [2026-04-13T09:08:23.560+0000] {dag.py:3823} INFO - Setting next_dagrun for daily_revenue_etl_dag to 2026-04-13 00:00:00+00:00, run_after=2026-04-14 00:00:00+00:00
[2026-04-13T09:08:23.587+0000] {processor.py:183} INFO - Processing /opt/airflow/dags/daily_revenue_etl_dag.py took 0.120 seconds
[2026-04-13T09:08:53.708+0000] {processor.py:161} INFO - Started process (PID=3952) to work on /opt/airflow/dags/daily_revenue_etl_dag.py
[2026-04-13T09:08:53.709+0000] {processor.py:830} INFO - Processing file /opt/airflow/dags/daily_revenue_etl_dag.py for tasks to queue
[2026-04-13T09:08:53.710+0000] {logging_mixin.py:188} INFO - [2026-04-13T09:08:53.710+0000] {dagbag.py:538} INFO - Filling up the DagBag from /opt/airflow/dags/daily_revenue_etl_dag.py
[2026-04-13T09:08:53.729+0000] {processor.py:840} INFO - DAG(s) 'daily_revenue_etl_dag' retrieved from /opt/airflow/dags/daily_revenue_etl_dag.py
[2026-04-13T09:08:53.756+0000] {logging_mixin.py:188} INFO - [2026-04-13T09:08:53.755+0000] {dag.py:3036} INFO - Sync 1 DAGs
[2026-04-13T09:08:53.776+0000] {logging_mixin.py:188} INFO - [2026-04-13T09:08:53.776+0000] {dag.py:3823} INFO - Setting next_dagrun for daily_revenue_etl_dag to 2026-04-13 00:00:00+00:00, run_after=2026-04-14 00:00:00+00:00
[2026-04-13T09:08:53.794+0000] {processor.py:183} INFO - Processing /opt/airflow/dags/daily_revenue_etl_dag.py took 0.091 seconds
[2026-04-13T09:33:14.982+0000] {processor.py:161} INFO - Started process (PID=3957) to work on /opt/airflow/dags/daily_revenue_etl_dag.py
[2026-04-13T09:33:14.983+0000] {processor.py:830} INFO - Processing file /opt/airflow/dags/daily_revenue_etl_dag.py for tasks to queue
[2026-04-13T09:33:14.984+0000] {logging_mixin.py:188} INFO - [2026-04-13T09:33:14.984+0000] {dagbag.py:538} INFO - Filling up the DagBag from /opt/airflow/dags/daily_revenue_etl_dag.py
[2026-04-13T09:33:15.006+0000] {processor.py:840} INFO - DAG(s) 'daily_revenue_etl_dag' retrieved from /opt/airflow/dags/daily_revenue_etl_dag.py
[2026-04-13T09:33:15.045+0000] {logging_mixin.py:188} INFO - [2026-04-13T09:33:15.045+0000] {dag.py:3036} INFO - Sync 1 DAGs
[2026-04-13T09:33:15.070+0000] {logging_mixin.py:188} INFO - [2026-04-13T09:33:15.069+0000] {dag.py:3823} INFO - Setting next_dagrun for daily_revenue_etl_dag to 2026-04-13 00:00:00+00:00, run_after=2026-04-14 00:00:00+00:00
[2026-04-13T09:33:15.092+0000] {processor.py:183} INFO - Processing /opt/airflow/dags/daily_revenue_etl_dag.py took 0.113 seconds
[2026-04-13T09:33:45.178+0000] {processor.py:161} INFO - Started process (PID=3962) to work on /opt/airflow/dags/daily_revenue_etl_dag.py
[2026-04-13T09:33:45.179+0000] {processor.py:830} INFO - Processing file /opt/airflow/dags/daily_revenue_etl_dag.py for tasks to queue
[2026-04-13T09:09:48.122+0000] {logging_mixin.py:188} INFO - [2026-04-13T09:09:48.121+0000] {dagbag.py:538} INFO - Filling up the DagBag from /opt/airflow/dags/daily_revenue_etl_dag.py
[2026-04-13T09:09:48.153+0000] {processor.py:840} INFO - DAG(s) 'daily_revenue_etl_dag' retrieved from /opt/airflow/dags/daily_revenue_etl_dag.py
[2026-04-13T09:09:48.199+0000] {logging_mixin.py:188} INFO - [2026-04-13T09:09:48.199+0000] {dag.py:3036} INFO - Sync 1 DAGs
[2026-04-13T09:09:48.232+0000] {logging_mixin.py:188} INFO - [2026-04-13T09:09:48.232+0000] {dag.py:3823} INFO - Setting next_dagrun for daily_revenue_etl_dag to 2026-04-13 00:00:00+00:00, run_after=2026-04-14 00:00:00+00:00
[2026-04-13T09:09:48.272+0000] {processor.py:183} INFO - Processing /opt/airflow/dags/daily_revenue_etl_dag.py took 0.157 seconds
[2026-04-13T09:10:18.395+0000] {processor.py:161} INFO - Started process (PID=3967) to work on /opt/airflow/dags/daily_revenue_etl_dag.py
[2026-04-13T09:10:18.395+0000] {processor.py:830} INFO - Processing file /opt/airflow/dags/daily_revenue_etl_dag.py for tasks to queue
[2026-04-13T09:10:18.396+0000] {logging_mixin.py:188} INFO - [2026-04-13T09:10:18.396+0000] {dagbag.py:538} INFO - Filling up the DagBag from /opt/airflow/dags/daily_revenue_etl_dag.py
[2026-04-13T09:10:18.414+0000] {processor.py:840} INFO - DAG(s) 'daily_revenue_etl_dag' retrieved from /opt/airflow/dags/daily_revenue_etl_dag.py
[2026-04-13T09:10:18.440+0000] {logging_mixin.py:188} INFO - [2026-04-13T09:10:18.439+0000] {dag.py:3036} INFO - Sync 1 DAGs
[2026-04-13T09:10:18.460+0000] {logging_mixin.py:188} INFO - [2026-04-13T09:10:18.460+0000] {dag.py:3823} INFO - Setting next_dagrun for daily_revenue_etl_dag to 2026-04-13 00:00:00+00:00, run_after=2026-04-14 00:00:00+00:00
[2026-04-13T09:10:18.478+0000] {processor.py:183} INFO - Processing /opt/airflow/dags/daily_revenue_etl_dag.py took 0.087 seconds
[2026-04-13T09:34:20.580+0000] {processor.py:161} INFO - Started process (PID=3972) to work on /opt/airflow/dags/daily_revenue_etl_dag.py
[2026-04-13T09:34:20.581+0000] {processor.py:830} INFO - Processing file /opt/airflow/dags/daily_revenue_etl_dag.py for tasks to queue
[2026-04-13T09:34:20.582+0000] {logging_mixin.py:188} INFO - [2026-04-13T09:34:20.581+0000] {dagbag.py:538} INFO - Filling up the DagBag from /opt/airflow/dags/daily_revenue_etl_dag.py
[2026-04-13T09:34:20.597+0000] {processor.py:840} INFO - DAG(s) 'daily_revenue_etl_dag' retrieved from /opt/airflow/dags/daily_revenue_etl_dag.py
[2026-04-13T09:34:20.621+0000] {logging_mixin.py:188} INFO - [2026-04-13T09:34:20.621+0000] {dag.py:3036} INFO - Sync 1 DAGs
[2026-04-13T09:34:20.639+0000] {logging_mixin.py:188} INFO - [2026-04-13T09:34:20.639+0000] {dag.py:3823} INFO - Setting next_dagrun for daily_revenue_etl_dag to 2026-04-13 00:00:00+00:00, run_after=2026-04-14 00:00:00+00:00
[2026-04-13T09:34:20.655+0000] {processor.py:183} INFO - Processing /opt/airflow/dags/daily_revenue_etl_dag.py took 0.078 seconds
[2026-04-13T09:34:50.780+0000] {processor.py:161} INFO - Started process (PID=3977) to work on /opt/airflow/dags/daily_revenue_etl_dag.py
[2026-04-13T09:34:50.782+0000] {processor.py:830} INFO - Processing file /opt/airflow/dags/daily_revenue_etl_dag.py for tasks to queue
[2026-04-13T09:34:50.784+0000] {logging_mixin.py:188} INFO - [2026-04-13T09:34:50.783+0000] {dagbag.py:538} INFO - Filling up the DagBag from /opt/airflow/dags/daily_revenue_etl_dag.py
[2026-04-13T09:34:50.807+0000] {processor.py:840} INFO - DAG(s) 'daily_revenue_etl_dag' retrieved from /opt/airflow/dags/daily_revenue_etl_dag.py
[2026-04-13T09:10:53.772+0000] {logging_mixin.py:188} INFO - [2026-04-13T09:10:53.771+0000] {dag.py:3036} INFO - Sync 1 DAGs
[2026-04-13T09:10:53.794+0000] {logging_mixin.py:188} INFO - [2026-04-13T09:10:53.793+0000] {dag.py:3823} INFO - Setting next_dagrun for daily_revenue_etl_dag to 2026-04-13 00:00:00+00:00, run_after=2026-04-14 00:00:00+00:00
[2026-04-13T09:10:53.809+0000] {processor.py:183} INFO - Processing /opt/airflow/dags/daily_revenue_etl_dag.py took 0.096 seconds
[2026-04-13T09:35:15.008+0000] {processor.py:161} INFO - Started process (PID=3982) to work on /opt/airflow/dags/daily_revenue_etl_dag.py
[2026-04-13T09:35:15.009+0000] {processor.py:830} INFO - Processing file /opt/airflow/dags/daily_revenue_etl_dag.py for tasks to queue
[2026-04-13T09:35:15.009+0000] {logging_mixin.py:188} INFO - [2026-04-13T09:35:15.009+0000] {dagbag.py:538} INFO - Filling up the DagBag from /opt/airflow/dags/daily_revenue_etl_dag.py
[2026-04-13T09:35:15.025+0000] {processor.py:840} INFO - DAG(s) 'daily_revenue_etl_dag' retrieved from /opt/airflow/dags/daily_revenue_etl_dag.py
[2026-04-13T09:35:15.047+0000] {logging_mixin.py:188} INFO - [2026-04-13T09:35:15.047+0000] {dag.py:3036} INFO - Sync 1 DAGs
[2026-04-13T09:35:15.067+0000] {logging_mixin.py:188} INFO - [2026-04-13T09:35:15.066+0000] {dag.py:3823} INFO - Setting next_dagrun for daily_revenue_etl_dag to 2026-04-13 00:00:00+00:00, run_after=2026-04-14 00:00:00+00:00
[2026-04-13T09:35:15.085+0000] {processor.py:183} INFO - Processing /opt/airflow/dags/daily_revenue_etl_dag.py took 0.080 seconds
[2026-04-13T09:35:45.197+0000] {processor.py:161} INFO - Started process (PID=3988) to work on /opt/airflow/dags/daily_revenue_etl_dag.py
[2026-04-13T09:11:48.139+0000] {processor.py:830} INFO - Processing file /opt/airflow/dags/daily_revenue_etl_dag.py for tasks to queue
[2026-04-13T09:11:48.140+0000] {logging_mixin.py:188} INFO - [2026-04-13T09:11:48.139+0000] {dagbag.py:538} INFO - Filling up the DagBag from /opt/airflow/dags/daily_revenue_etl_dag.py
[2026-04-13T09:11:48.160+0000] {processor.py:840} INFO - DAG(s) 'daily_revenue_etl_dag' retrieved from /opt/airflow/dags/daily_revenue_etl_dag.py
[2026-04-13T09:11:48.188+0000] {logging_mixin.py:188} INFO - [2026-04-13T09:11:48.188+0000] {dag.py:3036} INFO - Sync 1 DAGs
[2026-04-13T09:11:48.212+0000] {logging_mixin.py:188} INFO - [2026-04-13T09:11:48.212+0000] {dag.py:3823} INFO - Setting next_dagrun for daily_revenue_etl_dag to 2026-04-13 00:00:00+00:00, run_after=2026-04-14 00:00:00+00:00
[2026-04-13T09:11:48.231+0000] {processor.py:183} INFO - Processing /opt/airflow/dags/daily_revenue_etl_dag.py took 0.097 seconds
[2026-04-13T09:12:18.375+0000] {processor.py:161} INFO - Started process (PID=3994) to work on /opt/airflow/dags/daily_revenue_etl_dag.py
[2026-04-13T09:12:18.376+0000] {processor.py:830} INFO - Processing file /opt/airflow/dags/daily_revenue_etl_dag.py for tasks to queue
[2026-04-13T09:12:18.377+0000] {logging_mixin.py:188} INFO - [2026-04-13T09:12:18.377+0000] {dagbag.py:538} INFO - Filling up the DagBag from /opt/airflow/dags/daily_revenue_etl_dag.py
[2026-04-13T09:12:18.395+0000] {processor.py:840} INFO - DAG(s) 'daily_revenue_etl_dag' retrieved from /opt/airflow/dags/daily_revenue_etl_dag.py
[2026-04-13T09:12:18.421+0000] {logging_mixin.py:188} INFO - [2026-04-13T09:12:18.421+0000] {dag.py:3036} INFO - Sync 1 DAGs
[2026-04-13T09:12:18.443+0000] {logging_mixin.py:188} INFO - [2026-04-13T09:12:18.442+0000] {dag.py:3823} INFO - Setting next_dagrun for daily_revenue_etl_dag to 2026-04-13 00:00:00+00:00, run_after=2026-04-14 00:00:00+00:00
[2026-04-13T09:12:18.459+0000] {processor.py:183} INFO - Processing /opt/airflow/dags/daily_revenue_etl_dag.py took 0.088 seconds
[2026-04-13T09:12:48.575+0000] {processor.py:161} INFO - Started process (PID=3999) to work on /opt/airflow/dags/daily_revenue_etl_dag.py
[2026-04-13T09:12:48.576+0000] {processor.py:830} INFO - Processing file /opt/airflow/dags/daily_revenue_etl_dag.py for tasks to queue
[2026-04-13T09:12:48.577+0000] {logging_mixin.py:188} INFO - [2026-04-13T09:12:48.576+0000] {dagbag.py:538} INFO - Filling up the DagBag from /opt/airflow/dags/daily_revenue_etl_dag.py
[2026-04-13T09:12:48.592+0000] {processor.py:840} INFO - DAG(s) 'daily_revenue_etl_dag' retrieved from /opt/airflow/dags/daily_revenue_etl_dag.py
[2026-04-13T09:12:48.614+0000] {logging_mixin.py:188} INFO - [2026-04-13T09:12:48.614+0000] {dag.py:3036} INFO - Sync 1 DAGs
[2026-04-13T09:12:48.633+0000] {logging_mixin.py:188} INFO - [2026-04-13T09:12:48.633+0000] {dag.py:3823} INFO - Setting next_dagrun for daily_revenue_etl_dag to 2026-04-13 00:00:00+00:00, run_after=2026-04-14 00:00:00+00:00
[2026-04-13T09:12:48.649+0000] {processor.py:183} INFO - Processing /opt/airflow/dags/daily_revenue_etl_dag.py took 0.077 seconds
[2026-04-13T09:37:10.867+0000] {processor.py:161} INFO - Started process (PID=4004) to work on /opt/airflow/dags/daily_revenue_etl_dag.py
[2026-04-13T09:37:10.868+0000] {processor.py:830} INFO - Processing file /opt/airflow/dags/daily_revenue_etl_dag.py for tasks to queue
[2026-04-13T09:37:10.869+0000] {logging_mixin.py:188} INFO - [2026-04-13T09:37:10.868+0000] {dagbag.py:538} INFO - Filling up the DagBag from /opt/airflow/dags/daily_revenue_etl_dag.py
[2026-04-13T09:37:10.886+0000] {processor.py:840} INFO - DAG(s) 'daily_revenue_etl_dag' retrieved from /opt/airflow/dags/daily_revenue_etl_dag.py
[2026-04-13T09:37:10.909+0000] {logging_mixin.py:188} INFO - [2026-04-13T09:37:10.909+0000] {dag.py:3036} INFO - Sync 1 DAGs
[2026-04-13T09:37:10.927+0000] {logging_mixin.py:188} INFO - [2026-04-13T09:37:10.927+0000] {dag.py:3823} INFO - Setting next_dagrun for daily_revenue_etl_dag to 2026-04-13 00:00:00+00:00, run_after=2026-04-14 00:00:00+00:00
[2026-04-13T09:37:10.944+0000] {processor.py:183} INFO - Processing /opt/airflow/dags/daily_revenue_etl_dag.py took 0.081 seconds
[2026-04-13T09:37:41.055+0000] {processor.py:161} INFO - Started process (PID=4009) to work on /opt/airflow/dags/daily_revenue_etl_dag.py
[2026-04-13T09:37:41.057+0000] {processor.py:830} INFO - Processing file /opt/airflow/dags/daily_revenue_etl_dag.py for tasks to queue
[2026-04-13T09:37:41.058+0000] {logging_mixin.py:188} INFO - [2026-04-13T09:37:41.058+0000] {dagbag.py:538} INFO - Filling up the DagBag from /opt/airflow/dags/daily_revenue_etl_dag.py
[2026-04-13T09:13:44.034+0000] {processor.py:840} INFO - DAG(s) 'daily_revenue_etl_dag' retrieved from /opt/airflow/dags/daily_revenue_etl_dag.py
[2026-04-13T09:13:44.063+0000] {logging_mixin.py:188} INFO - [2026-04-13T09:13:44.062+0000] {dag.py:3036} INFO - Sync 1 DAGs
[2026-04-13T09:13:44.084+0000] {logging_mixin.py:188} INFO - [2026-04-13T09:13:44.084+0000] {dag.py:3823} INFO - Setting next_dagrun for daily_revenue_etl_dag to 2026-04-13 00:00:00+00:00, run_after=2026-04-14 00:00:00+00:00
[2026-04-13T09:13:44.100+0000] {processor.py:183} INFO - Processing /opt/airflow/dags/daily_revenue_etl_dag.py took 0.098 seconds
[2026-04-13T09:37:45.125+0000] {processor.py:161} INFO - Started process (PID=4014) to work on /opt/airflow/dags/daily_revenue_etl_dag.py
[2026-04-13T09:37:45.126+0000] {processor.py:830} INFO - Processing file /opt/airflow/dags/daily_revenue_etl_dag.py for tasks to queue
[2026-04-13T09:37:45.127+0000] {logging_mixin.py:188} INFO - [2026-04-13T09:37:45.127+0000] {dagbag.py:538} INFO - Filling up the DagBag from /opt/airflow/dags/daily_revenue_etl_dag.py
[2026-04-13T09:37:45.145+0000] {processor.py:840} INFO - DAG(s) 'daily_revenue_etl_dag' retrieved from /opt/airflow/dags/daily_revenue_etl_dag.py
[2026-04-13T09:37:45.171+0000] {logging_mixin.py:188} INFO - [2026-04-13T09:37:45.171+0000] {dag.py:3036} INFO - Sync 1 DAGs
[2026-04-13T09:37:45.190+0000] {logging_mixin.py:188} INFO - [2026-04-13T09:37:45.190+0000] {dag.py:3823} INFO - Setting next_dagrun for daily_revenue_etl_dag to 2026-04-13 00:00:00+00:00, run_after=2026-04-14 00:00:00+00:00
[2026-04-13T09:37:45.206+0000] {processor.py:183} INFO - Processing /opt/airflow/dags/daily_revenue_etl_dag.py took 0.084 seconds
[2026-04-13T09:14:18.311+0000] {processor.py:161} INFO - Started process (PID=4019) to work on /opt/airflow/dags/daily_revenue_etl_dag.py
[2026-04-13T09:14:18.312+0000] {processor.py:830} INFO - Processing file /opt/airflow/dags/daily_revenue_etl_dag.py for tasks to queue
[2026-04-13T09:14:18.312+0000] {logging_mixin.py:188} INFO - [2026-04-13T09:14:18.312+0000] {dagbag.py:538} INFO - Filling up the DagBag from /opt/airflow/dags/daily_revenue_etl_dag.py
[2026-04-13T09:14:18.328+0000] {processor.py:840} INFO - DAG(s) 'daily_revenue_etl_dag' retrieved from /opt/airflow/dags/daily_revenue_etl_dag.py
[2026-04-13T09:14:18.352+0000] {logging_mixin.py:188} INFO - [2026-04-13T09:14:18.352+0000] {dag.py:3036} INFO - Sync 1 DAGs
[2026-04-13T09:14:18.372+0000] {logging_mixin.py:188} INFO - [2026-04-13T09:14:18.372+0000] {dag.py:3823} INFO - Setting next_dagrun for daily_revenue_etl_dag to 2026-04-13 00:00:00+00:00, run_after=2026-04-14 00:00:00+00:00
[2026-04-13T09:14:18.390+0000] {processor.py:183} INFO - Processing /opt/airflow/dags/daily_revenue_etl_dag.py took 0.082 seconds
[2026-04-13T09:14:48.492+0000] {processor.py:161} INFO - Started process (PID=4024) to work on /opt/airflow/dags/daily_revenue_etl_dag.py
[2026-04-13T09:14:48.493+0000] {processor.py:830} INFO - Processing file /opt/airflow/dags/daily_revenue_etl_dag.py for tasks to queue
[2026-04-13T09:14:48.494+0000] {logging_mixin.py:188} INFO - [2026-04-13T09:14:48.494+0000] {dagbag.py:538} INFO - Filling up the DagBag from /opt/airflow/dags/daily_revenue_etl_dag.py
[2026-04-13T09:14:48.510+0000] {processor.py:840} INFO - DAG(s) 'daily_revenue_etl_dag' retrieved from /opt/airflow/dags/daily_revenue_etl_dag.py
[2026-04-13T09:14:48.532+0000] {logging_mixin.py:188} INFO - [2026-04-13T09:14:48.532+0000] {dag.py:3036} INFO - Sync 1 DAGs
[2026-04-13T09:14:48.553+0000] {logging_mixin.py:188} INFO - [2026-04-13T09:14:48.553+0000] {dag.py:3823} INFO - Setting next_dagrun for daily_revenue_etl_dag to 2026-04-13 00:00:00+00:00, run_after=2026-04-14 00:00:00+00:00
[2026-04-13T09:14:48.569+0000] {processor.py:183} INFO - Processing /opt/airflow/dags/daily_revenue_etl_dag.py took 0.081 seconds
[2026-04-13T09:15:18.718+0000] {processor.py:161} INFO - Started process (PID=4029) to work on /opt/airflow/dags/daily_revenue_etl_dag.py
[2026-04-13T09:15:18.719+0000] {processor.py:830} INFO - Processing file /opt/airflow/dags/daily_revenue_etl_dag.py for tasks to queue
[2026-04-13T09:15:18.720+0000] {logging_mixin.py:188} INFO - [2026-04-13T09:15:18.719+0000] {dagbag.py:538} INFO - Filling up the DagBag from /opt/airflow/dags/daily_revenue_etl_dag.py
[2026-04-13T09:15:18.735+0000] {processor.py:840} INFO - DAG(s) 'daily_revenue_etl_dag' retrieved from /opt/airflow/dags/daily_revenue_etl_dag.py
[2026-04-13T09:15:18.758+0000] {logging_mixin.py:188} INFO - [2026-04-13T09:15:18.758+0000] {dag.py:3036} INFO - Sync 1 DAGs
[2026-04-13T09:15:18.776+0000] {logging_mixin.py:188} INFO - [2026-04-13T09:15:18.776+0000] {dag.py:3823} INFO - Setting next_dagrun for daily_revenue_etl_dag to 2026-04-13 00:00:00+00:00, run_after=2026-04-14 00:00:00+00:00
[2026-04-13T09:15:18.792+0000] {processor.py:183} INFO - Processing /opt/airflow/dags/daily_revenue_etl_dag.py took 0.077 seconds
[2026-04-13T09:15:48.907+0000] {processor.py:161} INFO - Started process (PID=4034) to work on /opt/airflow/dags/daily_revenue_etl_dag.py
[2026-04-13T09:15:48.908+0000] {processor.py:830} INFO - Processing file /opt/airflow/dags/daily_revenue_etl_dag.py for tasks to queue
[2026-04-13T09:15:48.909+0000] {logging_mixin.py:188} INFO - [2026-04-13T09:15:48.909+0000] {dagbag.py:538} INFO - Filling up the DagBag from /opt/airflow/dags/daily_revenue_etl_dag.py
[2026-04-13T09:15:48.924+0000] {processor.py:840} INFO - DAG(s) 'daily_revenue_etl_dag' retrieved from /opt/airflow/dags/daily_revenue_etl_dag.py
[2026-04-13T09:15:48.945+0000] {logging_mixin.py:188} INFO - [2026-04-13T09:15:48.945+0000] {dag.py:3036} INFO - Sync 1 DAGs
[2026-04-13T09:15:48.963+0000] {logging_mixin.py:188} INFO - [2026-04-13T09:15:48.963+0000] {dag.py:3823} INFO - Setting next_dagrun for daily_revenue_etl_dag to 2026-04-13 00:00:00+00:00, run_after=2026-04-14 00:00:00+00:00
[2026-04-13T09:15:48.979+0000] {processor.py:183} INFO - Processing /opt/airflow/dags/daily_revenue_etl_dag.py took 0.075 seconds
[2026-04-13T09:39:51.083+0000] {processor.py:161} INFO - Started process (PID=4039) to work on /opt/airflow/dags/daily_revenue_etl_dag.py
[2026-04-13T09:39:51.084+0000] {processor.py:830} INFO - Processing file /opt/airflow/dags/daily_revenue_etl_dag.py for tasks to queue
[2026-04-13T09:39:51.085+0000] {logging_mixin.py:188} INFO - [2026-04-13T09:39:51.084+0000] {dagbag.py:538} INFO - Filling up the DagBag from /opt/airflow/dags/daily_revenue_etl_dag.py
[2026-04-13T09:39:51.100+0000] {processor.py:840} INFO - DAG(s) 'daily_revenue_etl_dag' retrieved from /opt/airflow/dags/daily_revenue_etl_dag.py
[2026-04-13T09:39:51.123+0000] {logging_mixin.py:188} INFO - [2026-04-13T09:39:51.123+0000] {dag.py:3036} INFO - Sync 1 DAGs
[2026-04-13T09:39:51.141+0000] {logging_mixin.py:188} INFO - [2026-04-13T09:39:51.141+0000] {dag.py:3823} INFO - Setting next_dagrun for daily_revenue_etl_dag to 2026-04-13 00:00:00+00:00, run_after=2026-04-14 00:00:00+00:00
[2026-04-13T09:39:51.157+0000] {processor.py:183} INFO - Processing /opt/airflow/dags/daily_revenue_etl_dag.py took 0.077 seconds
[2026-04-13T09:40:21.281+0000] {processor.py:161} INFO - Started process (PID=4046) to work on /opt/airflow/dags/daily_revenue_etl_dag.py
[2026-04-13T09:40:21.282+0000] {processor.py:830} INFO - Processing file /opt/airflow/dags/daily_revenue_etl_dag.py for tasks to queue
[2026-04-13T09:40:21.283+0000] {logging_mixin.py:188} INFO - [2026-04-13T09:40:21.282+0000] {dagbag.py:538} INFO - Filling up the DagBag from /opt/airflow/dags/daily_revenue_etl_dag.py
[2026-04-13T09:40:21.297+0000] {processor.py:840} INFO - DAG(s) 'daily_revenue_etl_dag' retrieved from /opt/airflow/dags/daily_revenue_etl_dag.py
[2026-04-13T09:16:24.272+0000] {logging_mixin.py:188} INFO - [2026-04-13T09:16:24.272+0000] {dag.py:3036} INFO - Sync 1 DAGs
[2026-04-13T09:16:24.293+0000] {logging_mixin.py:188} INFO - [2026-04-13T09:16:24.292+0000] {dag.py:3823} INFO - Setting next_dagrun for daily_revenue_etl_dag to 2026-04-13 00:00:00+00:00, run_after=2026-04-14 00:00:00+00:00
[2026-04-13T09:16:24.307+0000] {processor.py:183} INFO - Processing /opt/airflow/dags/daily_revenue_etl_dag.py took 0.079 seconds
[2026-04-13T09:40:31.409+0000] {processor.py:161} INFO - Started process (PID=4051) to work on /opt/airflow/dags/daily_revenue_etl_dag.py
[2026-04-13T09:40:31.410+0000] {processor.py:830} INFO - Processing file /opt/airflow/dags/daily_revenue_etl_dag.py for tasks to queue
[2026-04-13T09:40:31.411+0000] {logging_mixin.py:188} INFO - [2026-04-13T09:40:31.411+0000] {dagbag.py:538} INFO - Filling up the DagBag from /opt/airflow/dags/daily_revenue_etl_dag.py
[2026-04-13T09:16:34.349+0000] {processor.py:840} INFO - DAG(s) 'daily_revenue_etl_dag' retrieved from /opt/airflow/dags/daily_revenue_etl_dag.py
[2026-04-13T09:16:34.377+0000] {logging_mixin.py:188} INFO - [2026-04-13T09:16:34.377+0000] {dag.py:3036} INFO - Sync 1 DAGs
[2026-04-13T09:16:34.404+0000] {logging_mixin.py:188} INFO - [2026-04-13T09:16:34.403+0000] {dag.py:3823} INFO - Setting next_dagrun for daily_revenue_etl_dag to 2026-04-13 00:00:00+00:00, run_after=2026-04-14 00:00:00+00:00
[2026-04-13T09:16:34.428+0000] {processor.py:183} INFO - Processing /opt/airflow/dags/daily_revenue_etl_dag.py took 0.113 seconds
[2026-04-13T09:17:04.559+0000] {processor.py:161} INFO - Started process (PID=4056) to work on /opt/airflow/dags/daily_revenue_etl_dag.py
[2026-04-13T09:17:04.560+0000] {processor.py:830} INFO - Processing file /opt/airflow/dags/daily_revenue_etl_dag.py for tasks to queue
[2026-04-13T09:17:04.561+0000] {logging_mixin.py:188} INFO - [2026-04-13T09:17:04.560+0000] {dagbag.py:538} INFO - Filling up the DagBag from /opt/airflow/dags/daily_revenue_etl_dag.py
[2026-04-13T09:17:04.583+0000] {processor.py:840} INFO - DAG(s) 'daily_revenue_etl_dag' retrieved from /opt/airflow/dags/daily_revenue_etl_dag.py
[2026-04-13T09:17:04.614+0000] {logging_mixin.py:188} INFO - [2026-04-13T09:17:04.614+0000] {dag.py:3036} INFO - Sync 1 DAGs
[2026-04-13T09:17:04.636+0000] {logging_mixin.py:188} INFO - [2026-04-13T09:17:04.636+0000] {dag.py:3823} INFO - Setting next_dagrun for daily_revenue_etl_dag to 2026-04-13 00:00:00+00:00, run_after=2026-04-14 00:00:00+00:00
[2026-04-13T09:17:04.654+0000] {processor.py:183} INFO - Processing /opt/airflow/dags/daily_revenue_etl_dag.py took 0.099 seconds
[2026-04-13T09:17:34.809+0000] {processor.py:161} INFO - Started process (PID=4061) to work on /opt/airflow/dags/daily_revenue_etl_dag.py
[2026-04-13T09:17:34.810+0000] {processor.py:830} INFO - Processing file /opt/airflow/dags/daily_revenue_etl_dag.py for tasks to queue
[2026-04-13T09:17:34.812+0000] {logging_mixin.py:188} INFO - [2026-04-13T09:17:34.811+0000] {dagbag.py:538} INFO - Filling up the DagBag from /opt/airflow/dags/daily_revenue_etl_dag.py
[2026-04-13T09:17:34.838+0000] {processor.py:840} INFO - DAG(s) 'daily_revenue_etl_dag' retrieved from /opt/airflow/dags/daily_revenue_etl_dag.py
[2026-04-13T09:17:34.867+0000] {logging_mixin.py:188} INFO - [2026-04-13T09:17:34.867+0000] {dag.py:3036} INFO - Sync 1 DAGs
[2026-04-13T09:17:34.892+0000] {logging_mixin.py:188} INFO - [2026-04-13T09:17:34.892+0000] {dag.py:3823} INFO - Setting next_dagrun for daily_revenue_etl_dag to 2026-04-13 00:00:00+00:00, run_after=2026-04-14 00:00:00+00:00
[2026-04-13T09:17:34.919+0000] {processor.py:183} INFO - Processing /opt/airflow/dags/daily_revenue_etl_dag.py took 0.114 seconds
[2026-04-13T09:41:45.095+0000] {processor.py:161} INFO - Started process (PID=4066) to work on /opt/airflow/dags/daily_revenue_etl_dag.py
[2026-04-13T09:41:45.096+0000] {processor.py:830} INFO - Processing file /opt/airflow/dags/daily_revenue_etl_dag.py for tasks to queue
[2026-04-13T09:41:45.097+0000] {logging_mixin.py:188} INFO - [2026-04-13T09:41:45.097+0000] {dagbag.py:538} INFO - Filling up the DagBag from /opt/airflow/dags/daily_revenue_etl_dag.py
[2026-04-13T09:41:45.118+0000] {processor.py:840} INFO - DAG(s) 'daily_revenue_etl_dag' retrieved from /opt/airflow/dags/daily_revenue_etl_dag.py
[2026-04-13T09:41:45.147+0000] {logging_mixin.py:188} INFO - [2026-04-13T09:41:45.147+0000] {dag.py:3036} INFO - Sync 1 DAGs
[2026-04-13T09:41:45.164+0000] {logging_mixin.py:188} INFO - [2026-04-13T09:41:45.164+0000] {dag.py:3823} INFO - Setting next_dagrun for daily_revenue_etl_dag to 2026-04-13 00:00:00+00:00, run_after=2026-04-14 00:00:00+00:00
[2026-04-13T09:41:45.179+0000] {processor.py:183} INFO - Processing /opt/airflow/dags/daily_revenue_etl_dag.py took 0.088 seconds
[2026-04-13T09:42:16.371+0000] {processor.py:161} INFO - Started process (PID=4071) to work on /opt/airflow/dags/daily_revenue_etl_dag.py
[2026-04-13T09:42:16.372+0000] {processor.py:830} INFO - Processing file /opt/airflow/dags/daily_revenue_etl_dag.py for tasks to queue
[2026-04-13T09:42:16.372+0000] {logging_mixin.py:188} INFO - [2026-04-13T09:42:16.372+0000] {dagbag.py:538} INFO - Filling up the DagBag from /opt/airflow/dags/daily_revenue_etl_dag.py
[2026-04-13T09:42:16.389+0000] {processor.py:840} INFO - DAG(s) 'daily_revenue_etl_dag' retrieved from /opt/airflow/dags/daily_revenue_etl_dag.py
[2026-04-13T09:42:16.409+0000] {logging_mixin.py:188} INFO - [2026-04-13T09:42:16.408+0000] {dag.py:3036} INFO - Sync 1 DAGs
[2026-04-13T09:42:16.425+0000] {logging_mixin.py:188} INFO - [2026-04-13T09:42:16.425+0000] {dag.py:3823} INFO - Setting next_dagrun for daily_revenue_etl_dag to 2026-04-13 00:00:00+00:00, run_after=2026-04-14 00:00:00+00:00
[2026-04-13T09:42:16.439+0000] {processor.py:183} INFO - Processing /opt/airflow/dags/daily_revenue_etl_dag.py took 0.071 seconds
[2026-04-13T09:18:49.517+0000] {processor.py:161} INFO - Started process (PID=4076) to work on /opt/airflow/dags/daily_revenue_etl_dag.py
[2026-04-13T09:18:49.518+0000] {processor.py:830} INFO - Processing file /opt/airflow/dags/daily_revenue_etl_dag.py for tasks to queue
[2026-04-13T09:18:49.519+0000] {logging_mixin.py:188} INFO - [2026-04-13T09:18:49.519+0000] {dagbag.py:538} INFO - Filling up the DagBag from /opt/airflow/dags/daily_revenue_etl_dag.py
[2026-04-13T09:18:49.539+0000] {processor.py:840} INFO - DAG(s) 'daily_revenue_etl_dag' retrieved from /opt/airflow/dags/daily_revenue_etl_dag.py
[2026-04-13T09:18:49.562+0000] {logging_mixin.py:188} INFO - [2026-04-13T09:18:49.561+0000] {dag.py:3036} INFO - Sync 1 DAGs
[2026-04-13T09:18:49.577+0000] {logging_mixin.py:188} INFO - [2026-04-13T09:18:49.577+0000] {dag.py:3823} INFO - Setting next_dagrun for daily_revenue_etl_dag to 2026-04-13 00:00:00+00:00, run_after=2026-04-14 00:00:00+00:00
[2026-04-13T09:18:49.590+0000] {processor.py:183} INFO - Processing /opt/airflow/dags/daily_revenue_etl_dag.py took 0.078 seconds
[2026-04-13T09:19:19.733+0000] {processor.py:161} INFO - Started process (PID=4081) to work on /opt/airflow/dags/daily_revenue_etl_dag.py
[2026-04-13T09:19:19.734+0000] {processor.py:830} INFO - Processing file /opt/airflow/dags/daily_revenue_etl_dag.py for tasks to queue
[2026-04-13T09:19:19.735+0000] {logging_mixin.py:188} INFO - [2026-04-13T09:19:19.735+0000] {dagbag.py:538} INFO - Filling up the DagBag from /opt/airflow/dags/daily_revenue_etl_dag.py
[2026-04-13T09:19:19.752+0000] {processor.py:840} INFO - DAG(s) 'daily_revenue_etl_dag' retrieved from /opt/airflow/dags/daily_revenue_etl_dag.py
[2026-04-13T09:19:19.775+0000] {logging_mixin.py:188} INFO - [2026-04-13T09:19:19.774+0000] {dag.py:3036} INFO - Sync 1 DAGs
[2026-04-13T09:19:19.794+0000] {logging_mixin.py:188} INFO - [2026-04-13T09:19:19.794+0000] {dag.py:3823} INFO - Setting next_dagrun for daily_revenue_etl_dag to 2026-04-13 00:00:00+00:00, run_after=2026-04-14 00:00:00+00:00
[2026-04-13T09:19:19.810+0000] {processor.py:183} INFO - Processing /opt/airflow/dags/daily_revenue_etl_dag.py took 0.080 seconds
[2026-04-13T09:19:49.925+0000] {processor.py:161} INFO - Started process (PID=4086) to work on /opt/airflow/dags/daily_revenue_etl_dag.py
[2026-04-13T09:19:49.926+0000] {processor.py:830} INFO - Processing file /opt/airflow/dags/daily_revenue_etl_dag.py for tasks to queue
[2026-04-13T09:19:49.927+0000] {logging_mixin.py:188} INFO - [2026-04-13T09:19:49.927+0000] {dagbag.py:538} INFO - Filling up the DagBag from /opt/airflow/dags/daily_revenue_etl_dag.py
[2026-04-13T09:19:49.942+0000] {processor.py:840} INFO - DAG(s) 'daily_revenue_etl_dag' retrieved from /opt/airflow/dags/daily_revenue_etl_dag.py
[2026-04-13T09:19:49.965+0000] {logging_mixin.py:188} INFO - [2026-04-13T09:19:49.964+0000] {dag.py:3036} INFO - Sync 1 DAGs
[2026-04-13T09:19:49.982+0000] {logging_mixin.py:188} INFO - [2026-04-13T09:19:49.981+0000] {dag.py:3823} INFO - Setting next_dagrun for daily_revenue_etl_dag to 2026-04-13 00:00:00+00:00, run_after=2026-04-14 00:00:00+00:00
[2026-04-13T09:19:49.997+0000] {processor.py:183} INFO - Processing /opt/airflow/dags/daily_revenue_etl_dag.py took 0.076 seconds
[2026-04-13T09:44:15.199+0000] {processor.py:161} INFO - Started process (PID=4091) to work on /opt/airflow/dags/daily_revenue_etl_dag.py
[2026-04-13T09:44:15.200+0000] {processor.py:830} INFO - Processing file /opt/airflow/dags/daily_revenue_etl_dag.py for tasks to queue
[2026-04-13T09:44:15.201+0000] {logging_mixin.py:188} INFO - [2026-04-13T09:44:15.201+0000] {dagbag.py:538} INFO - Filling up the DagBag from /opt/airflow/dags/daily_revenue_etl_dag.py
[2026-04-13T09:44:15.219+0000] {processor.py:840} INFO - DAG(s) 'daily_revenue_etl_dag' retrieved from /opt/airflow/dags/daily_revenue_etl_dag.py
[2026-04-13T09:44:15.243+0000] {logging_mixin.py:188} INFO - [2026-04-13T09:44:15.243+0000] {dag.py:3036} INFO - Sync 1 DAGs
[2026-04-13T09:20:18.215+0000] {logging_mixin.py:188} INFO - [2026-04-13T09:20:18.215+0000] {dag.py:3823} INFO - Setting next_dagrun for daily_revenue_etl_dag to 2026-04-13 00:00:00+00:00, run_after=2026-04-14 00:00:00+00:00
[2026-04-13T09:20:18.234+0000] {processor.py:183} INFO - Processing /opt/airflow/dags/daily_revenue_etl_dag.py took 0.086 seconds
[2026-04-13T09:20:48.345+0000] {processor.py:161} INFO - Started process (PID=4096) to work on /opt/airflow/dags/daily_revenue_etl_dag.py
[2026-04-13T09:20:48.346+0000] {processor.py:830} INFO - Processing file /opt/airflow/dags/daily_revenue_etl_dag.py for tasks to queue
[2026-04-13T09:20:48.347+0000] {logging_mixin.py:188} INFO - [2026-04-13T09:20:48.347+0000] {dagbag.py:538} INFO - Filling up the DagBag from /opt/airflow/dags/daily_revenue_etl_dag.py
[2026-04-13T09:20:48.367+0000] {processor.py:840} INFO - DAG(s) 'daily_revenue_etl_dag' retrieved from /opt/airflow/dags/daily_revenue_etl_dag.py
[2026-04-13T09:20:48.392+0000] {logging_mixin.py:188} INFO - [2026-04-13T09:20:48.392+0000] {dag.py:3036} INFO - Sync 1 DAGs
[2026-04-13T09:20:48.414+0000] {logging_mixin.py:188} INFO - [2026-04-13T09:20:48.413+0000] {dag.py:3823} INFO - Setting next_dagrun for daily_revenue_etl_dag to 2026-04-13 00:00:00+00:00, run_after=2026-04-14 00:00:00+00:00
[2026-04-13T09:20:48.433+0000] {processor.py:183} INFO - Processing /opt/airflow/dags/daily_revenue_etl_dag.py took 0.091 seconds
[2026-04-13T09:45:06.602+0000] {processor.py:161} INFO - Started process (PID=4101) to work on /opt/airflow/dags/daily_revenue_etl_dag.py
[2026-04-13T09:45:06.604+0000] {processor.py:830} INFO - Processing file /opt/airflow/dags/daily_revenue_etl_dag.py for tasks to queue
[2026-04-13T09:45:06.604+0000] {logging_mixin.py:188} INFO - [2026-04-13T09:45:06.604+0000] {dagbag.py:538} INFO - Filling up the DagBag from /opt/airflow/dags/daily_revenue_etl_dag.py
[2026-04-13T09:45:06.623+0000] {processor.py:840} INFO - DAG(s) 'daily_revenue_etl_dag' retrieved from /opt/airflow/dags/daily_revenue_etl_dag.py
[2026-04-13T09:45:06.649+0000] {logging_mixin.py:188} INFO - [2026-04-13T09:45:06.649+0000] {dag.py:3036} INFO - Sync 1 DAGs
[2026-04-13T09:45:06.670+0000] {logging_mixin.py:188} INFO - [2026-04-13T09:45:06.670+0000] {dag.py:3823} INFO - Setting next_dagrun for daily_revenue_etl_dag to 2026-04-13 00:00:00+00:00, run_after=2026-04-14 00:00:00+00:00
[2026-04-13T09:45:06.688+0000] {processor.py:183} INFO - Processing /opt/airflow/dags/daily_revenue_etl_dag.py took 0.089 seconds
[2026-04-13T09:45:36.793+0000] {processor.py:161} INFO - Started process (PID=4106) to work on /opt/airflow/dags/daily_revenue_etl_dag.py
[2026-04-13T09:45:36.795+0000] {processor.py:830} INFO - Processing file /opt/airflow/dags/daily_revenue_etl_dag.py for tasks to queue
[2026-04-13T09:45:36.796+0000] {logging_mixin.py:188} INFO - [2026-04-13T09:45:36.796+0000] {dagbag.py:538} INFO - Filling up the DagBag from /opt/airflow/dags/daily_revenue_etl_dag.py
[2026-04-13T09:45:36.826+0000] {processor.py:840} INFO - DAG(s) 'daily_revenue_etl_dag' retrieved from /opt/airflow/dags/daily_revenue_etl_dag.py
[2026-04-13T09:45:36.858+0000] {logging_mixin.py:188} INFO - [2026-04-13T09:45:36.858+0000] {dag.py:3036} INFO - Sync 1 DAGs
[2026-04-13T09:21:39.838+0000] {logging_mixin.py:188} INFO - [2026-04-13T09:21:39.838+0000] {dag.py:3823} INFO - Setting next_dagrun for daily_revenue_etl_dag to 2026-04-13 00:00:00+00:00, run_after=2026-04-14 00:00:00+00:00
[2026-04-13T09:21:39.861+0000] {processor.py:183} INFO - Processing /opt/airflow/dags/daily_revenue_etl_dag.py took 0.121 seconds
[2026-04-13T09:21:44.837+0000] {processor.py:161} INFO - Started process (PID=4111) to work on /opt/airflow/dags/daily_revenue_etl_dag.py
[2026-04-13T09:21:44.839+0000] {processor.py:830} INFO - Processing file /opt/airflow/dags/daily_revenue_etl_dag.py for tasks to queue
[2026-04-13T09:21:44.840+0000] {logging_mixin.py:188} INFO - [2026-04-13T09:21:44.839+0000] {dagbag.py:538} INFO - Filling up the DagBag from /opt/airflow/dags/daily_revenue_etl_dag.py
[2026-04-13T09:21:44.856+0000] {processor.py:840} INFO - DAG(s) 'daily_revenue_etl_dag' retrieved from /opt/airflow/dags/daily_revenue_etl_dag.py
[2026-04-13T09:21:44.881+0000] {logging_mixin.py:188} INFO - [2026-04-13T09:21:44.880+0000] {dag.py:3036} INFO - Sync 1 DAGs
[2026-04-13T09:21:44.900+0000] {logging_mixin.py:188} INFO - [2026-04-13T09:21:44.900+0000] {dag.py:3823} INFO - Setting next_dagrun for daily_revenue_etl_dag to 2026-04-13 00:00:00+00:00, run_after=2026-04-14 00:00:00+00:00
[2026-04-13T09:21:44.918+0000] {processor.py:183} INFO - Processing /opt/airflow/dags/daily_revenue_etl_dag.py took 0.084 seconds
[2026-04-13T09:22:15.096+0000] {processor.py:161} INFO - Started process (PID=4116) to work on /opt/airflow/dags/daily_revenue_etl_dag.py
[2026-04-13T09:22:15.097+0000] {processor.py:830} INFO - Processing file /opt/airflow/dags/daily_revenue_etl_dag.py for tasks to queue
[2026-04-13T09:22:15.098+0000] {logging_mixin.py:188} INFO - [2026-04-13T09:22:15.098+0000] {dagbag.py:538} INFO - Filling up the DagBag from /opt/airflow/dags/daily_revenue_etl_dag.py
[2026-04-13T09:22:15.115+0000] {processor.py:840} INFO - DAG(s) 'daily_revenue_etl_dag' retrieved from /opt/airflow/dags/daily_revenue_etl_dag.py
[2026-04-13T09:22:15.139+0000] {logging_mixin.py:188} INFO - [2026-04-13T09:22:15.139+0000] {dag.py:3036} INFO - Sync 1 DAGs
[2026-04-13T09:22:15.159+0000] {logging_mixin.py:188} INFO - [2026-04-13T09:22:15.159+0000] {dag.py:3823} INFO - Setting next_dagrun for daily_revenue_etl_dag to 2026-04-13 00:00:00+00:00, run_after=2026-04-14 00:00:00+00:00
[2026-04-13T09:22:15.175+0000] {processor.py:183} INFO - Processing /opt/airflow/dags/daily_revenue_etl_dag.py took 0.082 seconds
[2026-04-13T09:46:15.168+0000] {processor.py:161} INFO - Started process (PID=4121) to work on /opt/airflow/dags/daily_revenue_etl_dag.py
[2026-04-13T09:46:15.170+0000] {processor.py:830} INFO - Processing file /opt/airflow/dags/daily_revenue_etl_dag.py for tasks to queue
[2026-04-13T09:46:15.171+0000] {logging_mixin.py:188} INFO - [2026-04-13T09:46:15.170+0000] {dagbag.py:538} INFO - Filling up the DagBag from /opt/airflow/dags/daily_revenue_etl_dag.py
[2026-04-13T09:46:15.189+0000] {processor.py:840} INFO - DAG(s) 'daily_revenue_etl_dag' retrieved from /opt/airflow/dags/daily_revenue_etl_dag.py
[2026-04-13T09:46:15.213+0000] {logging_mixin.py:188} INFO - [2026-04-13T09:46:15.213+0000] {dag.py:3036} INFO - Sync 1 DAGs
[2026-04-13T09:46:15.231+0000] {logging_mixin.py:188} INFO - [2026-04-13T09:46:15.230+0000] {dag.py:3823} INFO - Setting next_dagrun for daily_revenue_etl_dag to 2026-04-13 00:00:00+00:00, run_after=2026-04-14 00:00:00+00:00
[2026-04-13T09:22:18.215+0000] {processor.py:183} INFO - Processing /opt/airflow/dags/daily_revenue_etl_dag.py took 0.082 seconds
[2026-04-13T09:22:48.426+0000] {processor.py:161} INFO - Started process (PID=4126) to work on /opt/airflow/dags/daily_revenue_etl_dag.py
[2026-04-13T09:22:48.429+0000] {processor.py:830} INFO - Processing file /opt/airflow/dags/daily_revenue_etl_dag.py for tasks to queue
[2026-04-13T09:22:48.432+0000] {logging_mixin.py:188} INFO - [2026-04-13T09:22:48.431+0000] {dagbag.py:538} INFO - Filling up the DagBag from /opt/airflow/dags/daily_revenue_etl_dag.py
[2026-04-13T09:22:48.467+0000] {processor.py:840} INFO - DAG(s) 'daily_revenue_etl_dag' retrieved from /opt/airflow/dags/daily_revenue_etl_dag.py
[2026-04-13T09:22:48.525+0000] {logging_mixin.py:188} INFO - [2026-04-13T09:22:48.523+0000] {dag.py:3036} INFO - Sync 1 DAGs
[2026-04-13T09:22:48.556+0000] {logging_mixin.py:188} INFO - [2026-04-13T09:22:48.556+0000] {dag.py:3823} INFO - Setting next_dagrun for daily_revenue_etl_dag to 2026-04-13 00:00:00+00:00, run_after=2026-04-14 00:00:00+00:00
[2026-04-13T09:22:48.584+0000] {processor.py:183} INFO - Processing /opt/airflow/dags/daily_revenue_etl_dag.py took 0.165 seconds
[2026-04-13T09:47:11.812+0000] {processor.py:161} INFO - Started process (PID=4131) to work on /opt/airflow/dags/daily_revenue_etl_dag.py
[2026-04-13T09:47:11.813+0000] {processor.py:830} INFO - Processing file /opt/airflow/dags/daily_revenue_etl_dag.py for tasks to queue
[2026-04-13T09:47:11.814+0000] {logging_mixin.py:188} INFO - [2026-04-13T09:47:11.814+0000] {dagbag.py:538} INFO - Filling up the DagBag from /opt/airflow/dags/daily_revenue_etl_dag.py
[2026-04-13T09:47:11.830+0000] {processor.py:840} INFO - DAG(s) 'daily_revenue_etl_dag' retrieved from /opt/airflow/dags/daily_revenue_etl_dag.py
[2026-04-13T09:47:11.853+0000] {logging_mixin.py:188} INFO - [2026-04-13T09:47:11.853+0000] {dag.py:3036} INFO - Sync 1 DAGs
[2026-04-13T09:47:11.876+0000] {logging_mixin.py:188} INFO - [2026-04-13T09:47:11.875+0000] {dag.py:3823} INFO - Setting next_dagrun for daily_revenue_etl_dag to 2026-04-13 00:00:00+00:00, run_after=2026-04-14 00:00:00+00:00
[2026-04-13T09:47:11.894+0000] {processor.py:183} INFO - Processing /opt/airflow/dags/daily_revenue_etl_dag.py took 0.085 seconds
[2026-04-13T09:47:41.994+0000] {processor.py:161} INFO - Started process (PID=4137) to work on /opt/airflow/dags/daily_revenue_etl_dag.py
[2026-04-13T09:47:41.996+0000] {processor.py:830} INFO - Processing file /opt/airflow/dags/daily_revenue_etl_dag.py for tasks to queue
[2026-04-13T09:47:41.997+0000] {logging_mixin.py:188} INFO - [2026-04-13T09:47:41.996+0000] {dagbag.py:538} INFO - Filling up the DagBag from /opt/airflow/dags/daily_revenue_etl_dag.py
[2026-04-13T09:47:42.021+0000] {processor.py:840} INFO - DAG(s) 'daily_revenue_etl_dag' retrieved from /opt/airflow/dags/daily_revenue_etl_dag.py
[2026-04-13T09:47:42.053+0000] {logging_mixin.py:188} INFO - [2026-04-13T09:47:42.053+0000] {dag.py:3036} INFO - Sync 1 DAGs
[2026-04-13T09:23:45.041+0000] {logging_mixin.py:188} INFO - [2026-04-13T09:23:45.041+0000] {dag.py:3823} INFO - Setting next_dagrun for daily_revenue_etl_dag to 2026-04-13 00:00:00+00:00, run_after=2026-04-14 00:00:00+00:00
[2026-04-13T09:23:45.058+0000] {processor.py:183} INFO - Processing /opt/airflow/dags/daily_revenue_etl_dag.py took 0.108 seconds
[2026-04-13T09:47:45.106+0000] {processor.py:161} INFO - Started process (PID=4142) to work on /opt/airflow/dags/daily_revenue_etl_dag.py
[2026-04-13T09:47:45.107+0000] {processor.py:830} INFO - Processing file /opt/airflow/dags/daily_revenue_etl_dag.py for tasks to queue
[2026-04-13T09:47:45.108+0000] {logging_mixin.py:188} INFO - [2026-04-13T09:47:45.108+0000] {dagbag.py:538} INFO - Filling up the DagBag from /opt/airflow/dags/daily_revenue_etl_dag.py
[2026-04-13T09:47:45.128+0000] {processor.py:840} INFO - DAG(s) 'daily_revenue_etl_dag' retrieved from /opt/airflow/dags/daily_revenue_etl_dag.py
[2026-04-13T09:47:45.160+0000] {logging_mixin.py:188} INFO - [2026-04-13T09:47:45.160+0000] {dag.py:3036} INFO - Sync 1 DAGs
[2026-04-13T09:47:45.201+0000] {logging_mixin.py:188} INFO - [2026-04-13T09:47:45.200+0000] {dag.py:3823} INFO - Setting next_dagrun for daily_revenue_etl_dag to 2026-04-13 00:00:00+00:00, run_after=2026-04-14 00:00:00+00:00
[2026-04-13T09:47:45.240+0000] {processor.py:183} INFO - Processing /opt/airflow/dags/daily_revenue_etl_dag.py took 0.138 seconds
[2026-04-13T09:50:45.109+0000] {processor.py:161} INFO - Started process (PID=4148) to work on /opt/airflow/dags/daily_revenue_etl_dag.py
[2026-04-13T09:50:45.110+0000] {processor.py:830} INFO - Processing file /opt/airflow/dags/daily_revenue_etl_dag.py for tasks to queue
[2026-04-13T09:50:45.111+0000] {logging_mixin.py:188} INFO - [2026-04-13T09:50:45.110+0000] {dagbag.py:538} INFO - Filling up the DagBag from /opt/airflow/dags/daily_revenue_etl_dag.py
[2026-04-13T09:50:45.137+0000] {processor.py:840} INFO - DAG(s) 'daily_revenue_etl_dag' retrieved from /opt/airflow/dags/daily_revenue_etl_dag.py
[2026-04-13T09:50:45.171+0000] {logging_mixin.py:188} INFO - [2026-04-13T09:50:45.170+0000] {dag.py:3036} INFO - Sync 1 DAGs
[2026-04-13T09:50:45.195+0000] {logging_mixin.py:188} INFO - [2026-04-13T09:50:45.195+0000] {dag.py:3823} INFO - Setting next_dagrun for daily_revenue_etl_dag to 2026-04-13 00:00:00+00:00, run_after=2026-04-14 00:00:00+00:00
[2026-04-13T09:50:45.213+0000] {processor.py:183} INFO - Processing /opt/airflow/dags/daily_revenue_etl_dag.py took 0.107 seconds
[2026-04-13T09:51:15.297+0000] {processor.py:161} INFO - Started process (PID=4153) to work on /opt/airflow/dags/daily_revenue_etl_dag.py
[2026-04-13T09:51:15.299+0000] {processor.py:830} INFO - Processing file /opt/airflow/dags/daily_revenue_etl_dag.py for tasks to queue
[2026-04-13T09:51:15.300+0000] {logging_mixin.py:188} INFO - [2026-04-13T09:51:15.299+0000] {dagbag.py:538} INFO - Filling up the DagBag from /opt/airflow/dags/daily_revenue_etl_dag.py
[2026-04-13T09:27:18.279+0000] {processor.py:840} INFO - DAG(s) 'daily_revenue_etl_dag' retrieved from /opt/airflow/dags/daily_revenue_etl_dag.py
[2026-04-13T09:27:18.316+0000] {logging_mixin.py:188} INFO - [2026-04-13T09:27:18.316+0000] {dag.py:3036} INFO - Sync 1 DAGs
[2026-04-13T09:27:18.340+0000] {logging_mixin.py:188} INFO - [2026-04-13T09:27:18.340+0000] {dag.py:3823} INFO - Setting next_dagrun for daily_revenue_etl_dag to 2026-04-13 00:00:00+00:00, run_after=2026-04-14 00:00:00+00:00
[2026-04-13T09:27:18.385+0000] {processor.py:183} INFO - Processing /opt/airflow/dags/daily_revenue_etl_dag.py took 0.140 seconds
[2026-04-13T09:51:17.391+0000] {processor.py:161} INFO - Started process (PID=4158) to work on /opt/airflow/dags/daily_revenue_etl_dag.py
[2026-04-13T09:51:17.392+0000] {processor.py:830} INFO - Processing file /opt/airflow/dags/daily_revenue_etl_dag.py for tasks to queue
[2026-04-13T09:51:17.393+0000] {logging_mixin.py:188} INFO - [2026-04-13T09:51:17.392+0000] {dagbag.py:538} INFO - Filling up the DagBag from /opt/airflow/dags/daily_revenue_etl_dag.py
[2026-04-13T09:51:17.409+0000] {processor.py:840} INFO - DAG(s) 'daily_revenue_etl_dag' retrieved from /opt/airflow/dags/daily_revenue_etl_dag.py
[2026-04-13T09:27:20.394+0000] {logging_mixin.py:188} INFO - [2026-04-13T09:27:20.394+0000] {dag.py:3036} INFO - Sync 1 DAGs
[2026-04-13T09:27:20.415+0000] {logging_mixin.py:188} INFO - [2026-04-13T09:27:20.415+0000] {dag.py:3823} INFO - Setting next_dagrun for daily_revenue_etl_dag to 2026-04-13 00:00:00+00:00, run_after=2026-04-14 00:00:00+00:00
[2026-04-13T09:27:20.433+0000] {processor.py:183} INFO - Processing /opt/airflow/dags/daily_revenue_etl_dag.py took 0.085 seconds
[2026-04-13T09:27:50.615+0000] {processor.py:161} INFO - Started process (PID=4164) to work on /opt/airflow/dags/daily_revenue_etl_dag.py
[2026-04-13T09:27:50.616+0000] {processor.py:830} INFO - Processing file /opt/airflow/dags/daily_revenue_etl_dag.py for tasks to queue
[2026-04-13T09:27:50.617+0000] {logging_mixin.py:188} INFO - [2026-04-13T09:27:50.617+0000] {dagbag.py:538} INFO - Filling up the DagBag from /opt/airflow/dags/daily_revenue_etl_dag.py
[2026-04-13T09:27:50.636+0000] {processor.py:840} INFO - DAG(s) 'daily_revenue_etl_dag' retrieved from /opt/airflow/dags/daily_revenue_etl_dag.py
[2026-04-13T09:27:50.663+0000] {logging_mixin.py:188} INFO - [2026-04-13T09:27:50.662+0000] {dag.py:3036} INFO - Sync 1 DAGs
[2026-04-13T09:27:50.680+0000] {logging_mixin.py:188} INFO - [2026-04-13T09:27:50.680+0000] {dag.py:3823} INFO - Setting next_dagrun for daily_revenue_etl_dag to 2026-04-13 00:00:00+00:00, run_after=2026-04-14 00:00:00+00:00
[2026-04-13T09:27:50.697+0000] {processor.py:183} INFO - Processing /opt/airflow/dags/daily_revenue_etl_dag.py took 0.084 seconds
[2026-04-13T09:28:20.777+0000] {processor.py:161} INFO - Started process (PID=4169) to work on /opt/airflow/dags/daily_revenue_etl_dag.py
[2026-04-13T09:28:20.778+0000] {processor.py:830} INFO - Processing file /opt/airflow/dags/daily_revenue_etl_dag.py for tasks to queue
[2026-04-13T09:28:20.779+0000] {logging_mixin.py:188} INFO - [2026-04-13T09:28:20.779+0000] {dagbag.py:538} INFO - Filling up the DagBag from /opt/airflow/dags/daily_revenue_etl_dag.py
[2026-04-13T09:28:20.796+0000] {processor.py:840} INFO - DAG(s) 'daily_revenue_etl_dag' retrieved from /opt/airflow/dags/daily_revenue_etl_dag.py
[2026-04-13T09:28:20.818+0000] {logging_mixin.py:188} INFO - [2026-04-13T09:28:20.818+0000] {dag.py:3036} INFO - Sync 1 DAGs
[2026-04-13T09:28:20.838+0000] {logging_mixin.py:188} INFO - [2026-04-13T09:28:20.838+0000] {dag.py:3823} INFO - Setting next_dagrun for daily_revenue_etl_dag to 2026-04-13 00:00:00+00:00, run_after=2026-04-14 00:00:00+00:00
[2026-04-13T09:28:20.856+0000] {processor.py:183} INFO - Processing /opt/airflow/dags/daily_revenue_etl_dag.py took 0.083 seconds
[2026-04-13T09:28:50.979+0000] {processor.py:161} INFO - Started process (PID=4174) to work on /opt/airflow/dags/daily_revenue_etl_dag.py
[2026-04-13T09:28:50.980+0000] {processor.py:830} INFO - Processing file /opt/airflow/dags/daily_revenue_etl_dag.py for tasks to queue
[2026-04-13T09:28:50.981+0000] {logging_mixin.py:188} INFO - [2026-04-13T09:28:50.981+0000] {dagbag.py:538} INFO - Filling up the DagBag from /opt/airflow/dags/daily_revenue_etl_dag.py
[2026-04-13T09:28:51.000+0000] {processor.py:840} INFO - DAG(s) 'daily_revenue_etl_dag' retrieved from /opt/airflow/dags/daily_revenue_etl_dag.py
[2026-04-13T09:28:51.028+0000] {logging_mixin.py:188} INFO - [2026-04-13T09:28:51.027+0000] {dag.py:3036} INFO - Sync 1 DAGs
[2026-04-13T09:28:51.046+0000] {logging_mixin.py:188} INFO - [2026-04-13T09:28:51.046+0000] {dag.py:3823} INFO - Setting next_dagrun for daily_revenue_etl_dag to 2026-04-13 00:00:00+00:00, run_after=2026-04-14 00:00:00+00:00
[2026-04-13T09:28:51.062+0000] {processor.py:183} INFO - Processing /opt/airflow/dags/daily_revenue_etl_dag.py took 0.085 seconds
[2026-04-13T09:53:15.075+0000] {processor.py:161} INFO - Started process (PID=4180) to work on /opt/airflow/dags/daily_revenue_etl_dag.py
[2026-04-13T09:53:15.076+0000] {processor.py:830} INFO - Processing file /opt/airflow/dags/daily_revenue_etl_dag.py for tasks to queue
[2026-04-13T09:53:15.077+0000] {logging_mixin.py:188} INFO - [2026-04-13T09:53:15.076+0000] {dagbag.py:538} INFO - Filling up the DagBag from /opt/airflow/dags/daily_revenue_etl_dag.py
[2026-04-13T09:53:15.093+0000] {processor.py:840} INFO - DAG(s) 'daily_revenue_etl_dag' retrieved from /opt/airflow/dags/daily_revenue_etl_dag.py
[2026-04-13T09:53:15.115+0000] {logging_mixin.py:188} INFO - [2026-04-13T09:53:15.115+0000] {dag.py:3036} INFO - Sync 1 DAGs
[2026-04-13T09:53:15.135+0000] {logging_mixin.py:188} INFO - [2026-04-13T09:53:15.135+0000] {dag.py:3823} INFO - Setting next_dagrun for daily_revenue_etl_dag to 2026-04-13 00:00:00+00:00, run_after=2026-04-14 00:00:00+00:00
[2026-04-13T09:29:18.113+0000] {processor.py:183} INFO - Processing /opt/airflow/dags/daily_revenue_etl_dag.py took 0.080 seconds
[2026-04-13T09:29:48.252+0000] {processor.py:161} INFO - Started process (PID=4186) to work on /opt/airflow/dags/daily_revenue_etl_dag.py
[2026-04-13T09:29:48.254+0000] {processor.py:830} INFO - Processing file /opt/airflow/dags/daily_revenue_etl_dag.py for tasks to queue
[2026-04-13T09:29:48.255+0000] {logging_mixin.py:188} INFO - [2026-04-13T09:29:48.254+0000] {dagbag.py:538} INFO - Filling up the DagBag from /opt/airflow/dags/daily_revenue_etl_dag.py
[2026-04-13T09:29:48.275+0000] {processor.py:840} INFO - DAG(s) 'daily_revenue_etl_dag' retrieved from /opt/airflow/dags/daily_revenue_etl_dag.py
[2026-04-13T09:29:48.302+0000] {logging_mixin.py:188} INFO - [2026-04-13T09:29:48.302+0000] {dag.py:3036} INFO - Sync 1 DAGs
[2026-04-13T09:29:48.320+0000] {logging_mixin.py:188} INFO - [2026-04-13T09:29:48.320+0000] {dag.py:3823} INFO - Setting next_dagrun for daily_revenue_etl_dag to 2026-04-13 00:00:00+00:00, run_after=2026-04-14 00:00:00+00:00
[2026-04-13T09:29:48.335+0000] {processor.py:183} INFO - Processing /opt/airflow/dags/daily_revenue_etl_dag.py took 0.086 seconds
[2026-04-13T09:30:18.414+0000] {processor.py:161} INFO - Started process (PID=4191) to work on /opt/airflow/dags/daily_revenue_etl_dag.py
[2026-04-13T09:30:18.415+0000] {processor.py:830} INFO - Processing file /opt/airflow/dags/daily_revenue_etl_dag.py for tasks to queue
[2026-04-13T09:30:18.416+0000] {logging_mixin.py:188} INFO - [2026-04-13T09:30:18.415+0000] {dagbag.py:538} INFO - Filling up the DagBag from /opt/airflow/dags/daily_revenue_etl_dag.py
[2026-04-13T09:30:18.432+0000] {processor.py:840} INFO - DAG(s) 'daily_revenue_etl_dag' retrieved from /opt/airflow/dags/daily_revenue_etl_dag.py
[2026-04-13T09:30:18.456+0000] {logging_mixin.py:188} INFO - [2026-04-13T09:30:18.455+0000] {dag.py:3036} INFO - Sync 1 DAGs
[2026-04-13T09:30:18.476+0000] {logging_mixin.py:188} INFO - [2026-04-13T09:30:18.476+0000] {dag.py:3823} INFO - Setting next_dagrun for daily_revenue_etl_dag to 2026-04-13 00:00:00+00:00, run_after=2026-04-14 00:00:00+00:00
[2026-04-13T09:30:18.491+0000] {processor.py:183} INFO - Processing /opt/airflow/dags/daily_revenue_etl_dag.py took 0.080 seconds
[2026-04-13T09:54:17.566+0000] {processor.py:161} INFO - Started process (PID=4196) to work on /opt/airflow/dags/daily_revenue_etl_dag.py
[2026-04-13T09:54:17.567+0000] {processor.py:830} INFO - Processing file /opt/airflow/dags/daily_revenue_etl_dag.py for tasks to queue
[2026-04-13T09:54:17.568+0000] {logging_mixin.py:188} INFO - [2026-04-13T09:54:17.568+0000] {dagbag.py:538} INFO - Filling up the DagBag from /opt/airflow/dags/daily_revenue_etl_dag.py
[2026-04-13T09:54:17.589+0000] {processor.py:840} INFO - DAG(s) 'daily_revenue_etl_dag' retrieved from /opt/airflow/dags/daily_revenue_etl_dag.py
[2026-04-13T09:54:17.618+0000] {logging_mixin.py:188} INFO - [2026-04-13T09:54:17.617+0000] {dag.py:3036} INFO - Sync 1 DAGs
[2026-04-13T09:54:17.647+0000] {logging_mixin.py:188} INFO - [2026-04-13T09:54:17.647+0000] {dag.py:3823} INFO - Setting next_dagrun for daily_revenue_etl_dag to 2026-04-13 00:00:00+00:00, run_after=2026-04-14 00:00:00+00:00
[2026-04-13T09:54:17.671+0000] {processor.py:183} INFO - Processing /opt/airflow/dags/daily_revenue_etl_dag.py took 0.109 seconds
[2026-04-13T09:30:50.761+0000] {processor.py:161} INFO - Started process (PID=4201) to work on /opt/airflow/dags/daily_revenue_etl_dag.py
[2026-04-13T09:30:50.762+0000] {processor.py:830} INFO - Processing file /opt/airflow/dags/daily_revenue_etl_dag.py for tasks to queue
[2026-04-13T09:30:50.764+0000] {logging_mixin.py:188} INFO - [2026-04-13T09:30:50.763+0000] {dagbag.py:538} INFO - Filling up the DagBag from /opt/airflow/dags/daily_revenue_etl_dag.py
[2026-04-13T09:30:50.786+0000] {processor.py:840} INFO - DAG(s) 'daily_revenue_etl_dag' retrieved from /opt/airflow/dags/daily_revenue_etl_dag.py
[2026-04-13T09:30:50.809+0000] {logging_mixin.py:188} INFO - [2026-04-13T09:30:50.809+0000] {dag.py:3036} INFO - Sync 1 DAGs
[2026-04-13T09:30:50.829+0000] {logging_mixin.py:188} INFO - [2026-04-13T09:30:50.829+0000] {dag.py:3823} INFO - Setting next_dagrun for daily_revenue_etl_dag to 2026-04-13 00:00:00+00:00, run_after=2026-04-14 00:00:00+00:00
[2026-04-13T09:30:50.844+0000] {processor.py:183} INFO - Processing /opt/airflow/dags/daily_revenue_etl_dag.py took 0.088 seconds
[2026-04-13T09:55:15.042+0000] {processor.py:161} INFO - Started process (PID=4206) to work on /opt/airflow/dags/daily_revenue_etl_dag.py
[2026-04-13T09:55:15.044+0000] {processor.py:830} INFO - Processing file /opt/airflow/dags/daily_revenue_etl_dag.py for tasks to queue
[2026-04-13T09:55:15.045+0000] {logging_mixin.py:188} INFO - [2026-04-13T09:55:15.045+0000] {dagbag.py:538} INFO - Filling up the DagBag from /opt/airflow/dags/daily_revenue_etl_dag.py
[2026-04-13T09:55:15.067+0000] {processor.py:840} INFO - DAG(s) 'daily_revenue_etl_dag' retrieved from /opt/airflow/dags/daily_revenue_etl_dag.py
[2026-04-13T09:55:15.098+0000] {logging_mixin.py:188} INFO - [2026-04-13T09:55:15.097+0000] {dag.py:3036} INFO - Sync 1 DAGs
[2026-04-13T09:55:15.118+0000] {logging_mixin.py:188} INFO - [2026-04-13T09:55:15.117+0000] {dag.py:3823} INFO - Setting next_dagrun for daily_revenue_etl_dag to 2026-04-13 00:00:00+00:00, run_after=2026-04-14 00:00:00+00:00
[2026-04-13T09:55:15.135+0000] {processor.py:183} INFO - Processing /opt/airflow/dags/daily_revenue_etl_dag.py took 0.097 seconds
[2026-04-13T09:57:42.919+0000] {processor.py:161} INFO - Started process (PID=4212) to work on /opt/airflow/dags/daily_revenue_etl_dag.py
[2026-04-13T09:57:42.920+0000] {processor.py:830} INFO - Processing file /opt/airflow/dags/daily_revenue_etl_dag.py for tasks to queue
[2026-04-13T09:57:42.921+0000] {logging_mixin.py:188} INFO - [2026-04-13T09:57:42.921+0000] {dagbag.py:538} INFO - Filling up the DagBag from /opt/airflow/dags/daily_revenue_etl_dag.py
[2026-04-13T09:57:42.936+0000] {processor.py:840} INFO - DAG(s) 'daily_revenue_etl_dag' retrieved from /opt/airflow/dags/daily_revenue_etl_dag.py
[2026-04-13T09:57:42.958+0000] {logging_mixin.py:188} INFO - [2026-04-13T09:57:42.958+0000] {dag.py:3036} INFO - Sync 1 DAGs
[2026-04-13T09:57:42.977+0000] {logging_mixin.py:188} INFO - [2026-04-13T09:57:42.977+0000] {dag.py:3823} INFO - Setting next_dagrun for daily_revenue_etl_dag to 2026-04-13 00:00:00+00:00, run_after=2026-04-14 00:00:00+00:00
[2026-04-13T09:57:42.993+0000] {processor.py:183} INFO - Processing /opt/airflow/dags/daily_revenue_etl_dag.py took 0.076 seconds
[2026-04-13T09:58:13.110+0000] {processor.py:161} INFO - Started process (PID=4218) to work on /opt/airflow/dags/daily_revenue_etl_dag.py
[2026-04-13T09:58:13.111+0000] {processor.py:830} INFO - Processing file /opt/airflow/dags/daily_revenue_etl_dag.py for tasks to queue
[2026-04-13T09:58:13.112+0000] {logging_mixin.py:188} INFO - [2026-04-13T09:58:13.112+0000] {dagbag.py:538} INFO - Filling up the DagBag from /opt/airflow/dags/daily_revenue_etl_dag.py
[2026-04-13T09:58:13.133+0000] {processor.py:840} INFO - DAG(s) 'daily_revenue_etl_dag' retrieved from /opt/airflow/dags/daily_revenue_etl_dag.py
[2026-04-13T09:34:16.137+0000] {logging_mixin.py:188} INFO - [2026-04-13T09:34:16.137+0000] {dag.py:3036} INFO - Sync 1 DAGs
[2026-04-13T09:34:16.160+0000] {logging_mixin.py:188} INFO - [2026-04-13T09:34:16.159+0000] {dag.py:3823} INFO - Setting next_dagrun for daily_revenue_etl_dag to 2026-04-13 00:00:00+00:00, run_after=2026-04-14 00:00:00+00:00
[2026-04-13T09:34:16.178+0000] {processor.py:183} INFO - Processing /opt/airflow/dags/daily_revenue_etl_dag.py took 0.098 seconds
[2026-04-13T09:34:21.157+0000] {processor.py:161} INFO - Started process (PID=4223) to work on /opt/airflow/dags/daily_revenue_etl_dag.py
[2026-04-13T09:34:21.159+0000] {processor.py:830} INFO - Processing file /opt/airflow/dags/daily_revenue_etl_dag.py for tasks to queue
[2026-04-13T09:34:21.160+0000] {logging_mixin.py:188} INFO - [2026-04-13T09:34:21.159+0000] {dagbag.py:538} INFO - Filling up the DagBag from /opt/airflow/dags/daily_revenue_etl_dag.py
[2026-04-13T09:34:21.177+0000] {processor.py:840} INFO - DAG(s) 'daily_revenue_etl_dag' retrieved from /opt/airflow/dags/daily_revenue_etl_dag.py
[2026-04-13T09:34:21.201+0000] {logging_mixin.py:188} INFO - [2026-04-13T09:34:21.201+0000] {dag.py:3036} INFO - Sync 1 DAGs
[2026-04-13T09:34:21.220+0000] {logging_mixin.py:188} INFO - [2026-04-13T09:34:21.220+0000] {dag.py:3823} INFO - Setting next_dagrun for daily_revenue_etl_dag to 2026-04-13 00:00:00+00:00, run_after=2026-04-14 00:00:00+00:00
[2026-04-13T09:34:21.236+0000] {processor.py:183} INFO - Processing /opt/airflow/dags/daily_revenue_etl_dag.py took 0.082 seconds
[2026-04-13T09:34:51.399+0000] {processor.py:161} INFO - Started process (PID=4229) to work on /opt/airflow/dags/daily_revenue_etl_dag.py
[2026-04-13T09:34:51.402+0000] {processor.py:830} INFO - Processing file /opt/airflow/dags/daily_revenue_etl_dag.py for tasks to queue
[2026-04-13T09:34:51.404+0000] {logging_mixin.py:188} INFO - [2026-04-13T09:34:51.404+0000] {dagbag.py:538} INFO - Filling up the DagBag from /opt/airflow/dags/daily_revenue_etl_dag.py
[2026-04-13T09:34:51.449+0000] {processor.py:840} INFO - DAG(s) 'daily_revenue_etl_dag' retrieved from /opt/airflow/dags/daily_revenue_etl_dag.py
[2026-04-13T09:34:51.539+0000] {logging_mixin.py:188} INFO - [2026-04-13T09:34:51.538+0000] {dag.py:3036} INFO - Sync 1 DAGs
[2026-04-13T09:34:51.582+0000] {logging_mixin.py:188} INFO - [2026-04-13T09:34:51.582+0000] {dag.py:3823} INFO - Setting next_dagrun for daily_revenue_etl_dag to 2026-04-13 00:00:00+00:00, run_after=2026-04-14 00:00:00+00:00
[2026-04-13T09:34:51.612+0000] {processor.py:183} INFO - Processing /opt/airflow/dags/daily_revenue_etl_dag.py took 0.221 seconds
[2026-04-13T09:35:21.810+0000] {processor.py:161} INFO - Started process (PID=4234) to work on /opt/airflow/dags/daily_revenue_etl_dag.py
[2026-04-13T09:35:21.811+0000] {processor.py:830} INFO - Processing file /opt/airflow/dags/daily_revenue_etl_dag.py for tasks to queue
[2026-04-13T09:35:21.812+0000] {logging_mixin.py:188} INFO - [2026-04-13T09:35:21.811+0000] {dagbag.py:538} INFO - Filling up the DagBag from /opt/airflow/dags/daily_revenue_etl_dag.py
[2026-04-13T09:35:21.832+0000] {processor.py:840} INFO - DAG(s) 'daily_revenue_etl_dag' retrieved from /opt/airflow/dags/daily_revenue_etl_dag.py
[2026-04-13T09:35:21.862+0000] {logging_mixin.py:188} INFO - [2026-04-13T09:35:21.862+0000] {dag.py:3036} INFO - Sync 1 DAGs
[2026-04-13T09:35:21.886+0000] {logging_mixin.py:188} INFO - [2026-04-13T09:35:21.886+0000] {dag.py:3823} INFO - Setting next_dagrun for daily_revenue_etl_dag to 2026-04-13 00:00:00+00:00, run_after=2026-04-14 00:00:00+00:00
[2026-04-13T09:35:21.905+0000] {processor.py:183} INFO - Processing /opt/airflow/dags/daily_revenue_etl_dag.py took 0.099 seconds
[2026-04-13T09:59:45.077+0000] {processor.py:161} INFO - Started process (PID=4239) to work on /opt/airflow/dags/daily_revenue_etl_dag.py
[2026-04-13T09:59:45.078+0000] {processor.py:830} INFO - Processing file /opt/airflow/dags/daily_revenue_etl_dag.py for tasks to queue
[2026-04-13T09:59:45.079+0000] {logging_mixin.py:188} INFO - [2026-04-13T09:59:45.079+0000] {dagbag.py:538} INFO - Filling up the DagBag from /opt/airflow/dags/daily_revenue_etl_dag.py
[2026-04-13T09:59:45.096+0000] {processor.py:840} INFO - DAG(s) 'daily_revenue_etl_dag' retrieved from /opt/airflow/dags/daily_revenue_etl_dag.py
[2026-04-13T09:59:45.121+0000] {logging_mixin.py:188} INFO - [2026-04-13T09:59:45.120+0000] {dag.py:3036} INFO - Sync 1 DAGs
[2026-04-13T09:59:45.139+0000] {logging_mixin.py:188} INFO - [2026-04-13T09:59:45.138+0000] {dag.py:3823} INFO - Setting next_dagrun for daily_revenue_etl_dag to 2026-04-13 00:00:00+00:00, run_after=2026-04-14 00:00:00+00:00
[2026-04-13T09:59:45.154+0000] {processor.py:183} INFO - Processing /opt/airflow/dags/daily_revenue_etl_dag.py took 0.080 seconds
[2026-04-13T10:00:18.265+0000] {processor.py:161} INFO - Started process (PID=4244) to work on /opt/airflow/dags/daily_revenue_etl_dag.py
[2026-04-13T10:00:18.267+0000] {processor.py:830} INFO - Processing file /opt/airflow/dags/daily_revenue_etl_dag.py for tasks to queue
[2026-04-13T10:00:18.268+0000] {logging_mixin.py:188} INFO - [2026-04-13T10:00:18.267+0000] {dagbag.py:538} INFO - Filling up the DagBag from /opt/airflow/dags/daily_revenue_etl_dag.py
[2026-04-13T10:00:18.285+0000] {processor.py:840} INFO - DAG(s) 'daily_revenue_etl_dag' retrieved from /opt/airflow/dags/daily_revenue_etl_dag.py
[2026-04-13T10:00:18.310+0000] {logging_mixin.py:188} INFO - [2026-04-13T10:00:18.310+0000] {dag.py:3036} INFO - Sync 1 DAGs
[2026-04-13T10:00:18.327+0000] {logging_mixin.py:188} INFO - [2026-04-13T10:00:18.327+0000] {dag.py:3823} INFO - Setting next_dagrun for daily_revenue_etl_dag to 2026-04-13 00:00:00+00:00, run_after=2026-04-14 00:00:00+00:00
[2026-04-13T10:00:18.343+0000] {processor.py:183} INFO - Processing /opt/airflow/dags/daily_revenue_etl_dag.py took 0.080 seconds
[2026-04-13T10:02:45.137+0000] {processor.py:161} INFO - Started process (PID=4250) to work on /opt/airflow/dags/daily_revenue_etl_dag.py
[2026-04-13T10:02:45.138+0000] {processor.py:830} INFO - Processing file /opt/airflow/dags/daily_revenue_etl_dag.py for tasks to queue
[2026-04-13T10:02:45.139+0000] {logging_mixin.py:188} INFO - [2026-04-13T10:02:45.139+0000] {dagbag.py:538} INFO - Filling up the DagBag from /opt/airflow/dags/daily_revenue_etl_dag.py
[2026-04-13T10:02:45.155+0000] {processor.py:840} INFO - DAG(s) 'daily_revenue_etl_dag' retrieved from /opt/airflow/dags/daily_revenue_etl_dag.py
[2026-04-13T10:02:45.176+0000] {logging_mixin.py:188} INFO - [2026-04-13T10:02:45.176+0000] {dag.py:3036} INFO - Sync 1 DAGs
[2026-04-13T10:02:45.194+0000] {logging_mixin.py:188} INFO - [2026-04-13T10:02:45.194+0000] {dag.py:3823} INFO - Setting next_dagrun for daily_revenue_etl_dag to 2026-04-13 00:00:00+00:00, run_after=2026-04-14 00:00:00+00:00
[2026-04-13T10:02:45.212+0000] {processor.py:183} INFO - Processing /opt/airflow/dags/daily_revenue_etl_dag.py took 0.077 seconds
[2026-04-13T10:03:58.572+0000] {processor.py:161} INFO - Started process (PID=4256) to work on /opt/airflow/dags/daily_revenue_etl_dag.py
[2026-04-13T10:03:58.572+0000] {processor.py:830} INFO - Processing file /opt/airflow/dags/daily_revenue_etl_dag.py for tasks to queue
[2026-04-13T10:03:58.573+0000] {logging_mixin.py:188} INFO - [2026-04-13T10:03:58.573+0000] {dagbag.py:538} INFO - Filling up the DagBag from /opt/airflow/dags/daily_revenue_etl_dag.py
[2026-04-13T10:03:58.588+0000] {processor.py:840} INFO - DAG(s) 'daily_revenue_etl_dag' retrieved from /opt/airflow/dags/daily_revenue_etl_dag.py
[2026-04-13T10:03:58.609+0000] {logging_mixin.py:188} INFO - [2026-04-13T10:03:58.609+0000] {dag.py:3036} INFO - Sync 1 DAGs
[2026-04-13T10:03:58.626+0000] {logging_mixin.py:188} INFO - [2026-04-13T10:03:58.625+0000] {dag.py:3823} INFO - Setting next_dagrun for daily_revenue_etl_dag to 2026-04-13 00:00:00+00:00, run_after=2026-04-14 00:00:00+00:00
[2026-04-13T10:03:58.640+0000] {processor.py:183} INFO - Processing /opt/airflow/dags/daily_revenue_etl_dag.py took 0.071 seconds
[2026-04-13T10:04:28.741+0000] {processor.py:161} INFO - Started process (PID=4261) to work on /opt/airflow/dags/daily_revenue_etl_dag.py
[2026-04-13T10:04:28.742+0000] {processor.py:830} INFO - Processing file /opt/airflow/dags/daily_revenue_etl_dag.py for tasks to queue
[2026-04-13T10:04:28.743+0000] {logging_mixin.py:188} INFO - [2026-04-13T10:04:28.743+0000] {dagbag.py:538} INFO - Filling up the DagBag from /opt/airflow/dags/daily_revenue_etl_dag.py
[2026-04-13T10:04:28.759+0000] {processor.py:840} INFO - DAG(s) 'daily_revenue_etl_dag' retrieved from /opt/airflow/dags/daily_revenue_etl_dag.py
[2026-04-13T10:04:28.780+0000] {logging_mixin.py:188} INFO - [2026-04-13T10:04:28.779+0000] {dag.py:3036} INFO - Sync 1 DAGs
[2026-04-13T09:40:31.778+0000] {logging_mixin.py:188} INFO - [2026-04-13T09:40:31.777+0000] {dag.py:3823} INFO - Setting next_dagrun for daily_revenue_etl_dag to 2026-04-13 00:00:00+00:00, run_after=2026-04-14 00:00:00+00:00
[2026-04-13T09:40:31.796+0000] {processor.py:183} INFO - Processing /opt/airflow/dags/daily_revenue_etl_dag.py took 0.078 seconds
[2026-04-13T09:40:36.796+0000] {processor.py:161} INFO - Started process (PID=4267) to work on /opt/airflow/dags/daily_revenue_etl_dag.py
[2026-04-13T09:40:36.797+0000] {processor.py:830} INFO - Processing file /opt/airflow/dags/daily_revenue_etl_dag.py for tasks to queue
[2026-04-13T09:40:36.798+0000] {logging_mixin.py:188} INFO - [2026-04-13T09:40:36.798+0000] {dagbag.py:538} INFO - Filling up the DagBag from /opt/airflow/dags/daily_revenue_etl_dag.py
[2026-04-13T09:40:36.813+0000] {processor.py:840} INFO - DAG(s) 'daily_revenue_etl_dag' retrieved from /opt/airflow/dags/daily_revenue_etl_dag.py
[2026-04-13T09:40:36.834+0000] {logging_mixin.py:188} INFO - [2026-04-13T09:40:36.834+0000] {dag.py:3036} INFO - Sync 1 DAGs
[2026-04-13T09:40:36.851+0000] {logging_mixin.py:188} INFO - [2026-04-13T09:40:36.850+0000] {dag.py:3823} INFO - Setting next_dagrun for daily_revenue_etl_dag to 2026-04-13 00:00:00+00:00, run_after=2026-04-14 00:00:00+00:00
[2026-04-13T09:40:36.865+0000] {processor.py:183} INFO - Processing /opt/airflow/dags/daily_revenue_etl_dag.py took 0.072 seconds
[2026-04-13T09:41:07.019+0000] {processor.py:161} INFO - Started process (PID=4272) to work on /opt/airflow/dags/daily_revenue_etl_dag.py
[2026-04-13T09:41:07.020+0000] {processor.py:830} INFO - Processing file /opt/airflow/dags/daily_revenue_etl_dag.py for tasks to queue
[2026-04-13T09:41:07.021+0000] {logging_mixin.py:188} INFO - [2026-04-13T09:41:07.021+0000] {dagbag.py:538} INFO - Filling up the DagBag from /opt/airflow/dags/daily_revenue_etl_dag.py
[2026-04-13T09:41:07.041+0000] {processor.py:840} INFO - DAG(s) 'daily_revenue_etl_dag' retrieved from /opt/airflow/dags/daily_revenue_etl_dag.py
[2026-04-13T09:41:07.068+0000] {logging_mixin.py:188} INFO - [2026-04-13T09:41:07.068+0000] {dag.py:3036} INFO - Sync 1 DAGs
[2026-04-13T09:41:07.086+0000] {logging_mixin.py:188} INFO - [2026-04-13T09:41:07.086+0000] {dag.py:3823} INFO - Setting next_dagrun for daily_revenue_etl_dag to 2026-04-13 00:00:00+00:00, run_after=2026-04-14 00:00:00+00:00
[2026-04-13T09:41:07.101+0000] {processor.py:183} INFO - Processing /opt/airflow/dags/daily_revenue_etl_dag.py took 0.084 seconds
[2026-04-13T10:05:15.133+0000] {processor.py:161} INFO - Started process (PID=4277) to work on /opt/airflow/dags/daily_revenue_etl_dag.py
[2026-04-13T10:05:15.135+0000] {processor.py:830} INFO - Processing file /opt/airflow/dags/daily_revenue_etl_dag.py for tasks to queue
[2026-04-13T10:05:15.136+0000] {logging_mixin.py:188} INFO - [2026-04-13T10:05:15.135+0000] {dagbag.py:538} INFO - Filling up the DagBag from /opt/airflow/dags/daily_revenue_etl_dag.py
[2026-04-13T10:05:15.159+0000] {processor.py:840} INFO - DAG(s) 'daily_revenue_etl_dag' retrieved from /opt/airflow/dags/daily_revenue_etl_dag.py
[2026-04-13T10:05:15.193+0000] {logging_mixin.py:188} INFO - [2026-04-13T10:05:15.193+0000] {dag.py:3036} INFO - Sync 1 DAGs
[2026-04-13T09:41:18.201+0000] {logging_mixin.py:188} INFO - [2026-04-13T09:41:18.200+0000] {dag.py:3823} INFO - Setting next_dagrun for daily_revenue_etl_dag to 2026-04-13 00:00:00+00:00, run_after=2026-04-14 00:00:00+00:00
[2026-04-13T09:41:18.228+0000] {processor.py:183} INFO - Processing /opt/airflow/dags/daily_revenue_etl_dag.py took 0.122 seconds
[2026-04-13T09:41:48.393+0000] {processor.py:161} INFO - Started process (PID=4282) to work on /opt/airflow/dags/daily_revenue_etl_dag.py
[2026-04-13T09:41:48.395+0000] {processor.py:830} INFO - Processing file /opt/airflow/dags/daily_revenue_etl_dag.py for tasks to queue
[2026-04-13T09:41:48.396+0000] {logging_mixin.py:188} INFO - [2026-04-13T09:41:48.395+0000] {dagbag.py:538} INFO - Filling up the DagBag from /opt/airflow/dags/daily_revenue_etl_dag.py
[2026-04-13T09:41:48.415+0000] {processor.py:840} INFO - DAG(s) 'daily_revenue_etl_dag' retrieved from /opt/airflow/dags/daily_revenue_etl_dag.py
[2026-04-13T09:41:48.443+0000] {logging_mixin.py:188} INFO - [2026-04-13T09:41:48.443+0000] {dag.py:3036} INFO - Sync 1 DAGs
[2026-04-13T09:41:48.466+0000] {logging_mixin.py:188} INFO - [2026-04-13T09:41:48.466+0000] {dag.py:3823} INFO - Setting next_dagrun for daily_revenue_etl_dag to 2026-04-13 00:00:00+00:00, run_after=2026-04-14 00:00:00+00:00
[2026-04-13T09:41:48.484+0000] {processor.py:183} INFO - Processing /opt/airflow/dags/daily_revenue_etl_dag.py took 0.096 seconds
[2026-04-13T09:42:18.626+0000] {processor.py:161} INFO - Started process (PID=4287) to work on /opt/airflow/dags/daily_revenue_etl_dag.py
[2026-04-13T09:42:18.628+0000] {processor.py:830} INFO - Processing file /opt/airflow/dags/daily_revenue_etl_dag.py for tasks to queue
[2026-04-13T09:42:18.629+0000] {logging_mixin.py:188} INFO - [2026-04-13T09:42:18.629+0000] {dagbag.py:538} INFO - Filling up the DagBag from /opt/airflow/dags/daily_revenue_etl_dag.py
[2026-04-13T09:42:18.646+0000] {processor.py:840} INFO - DAG(s) 'daily_revenue_etl_dag' retrieved from /opt/airflow/dags/daily_revenue_etl_dag.py
[2026-04-13T09:42:18.671+0000] {logging_mixin.py:188} INFO - [2026-04-13T09:42:18.671+0000] {dag.py:3036} INFO - Sync 1 DAGs
[2026-04-13T09:42:18.689+0000] {logging_mixin.py:188} INFO - [2026-04-13T09:42:18.689+0000] {dag.py:3823} INFO - Setting next_dagrun for daily_revenue_etl_dag to 2026-04-13 00:00:00+00:00, run_after=2026-04-14 00:00:00+00:00
[2026-04-13T09:42:18.712+0000] {processor.py:183} INFO - Processing /opt/airflow/dags/daily_revenue_etl_dag.py took 0.088 seconds
[2026-04-13T10:06:43.861+0000] {processor.py:161} INFO - Started process (PID=4292) to work on /opt/airflow/dags/daily_revenue_etl_dag.py
[2026-04-13T10:06:43.863+0000] {processor.py:830} INFO - Processing file /opt/airflow/dags/daily_revenue_etl_dag.py for tasks to queue
[2026-04-13T10:06:43.863+0000] {logging_mixin.py:188} INFO - [2026-04-13T10:06:43.863+0000] {dagbag.py:538} INFO - Filling up the DagBag from /opt/airflow/dags/daily_revenue_etl_dag.py
[2026-04-13T10:06:43.884+0000] {processor.py:840} INFO - DAG(s) 'daily_revenue_etl_dag' retrieved from /opt/airflow/dags/daily_revenue_etl_dag.py
[2026-04-13T10:06:43.910+0000] {logging_mixin.py:188} INFO - [2026-04-13T10:06:43.910+0000] {dag.py:3036} INFO - Sync 1 DAGs
[2026-04-13T10:06:43.926+0000] {logging_mixin.py:188} INFO - [2026-04-13T10:06:43.926+0000] {dag.py:3823} INFO - Setting next_dagrun for daily_revenue_etl_dag to 2026-04-13 00:00:00+00:00, run_after=2026-04-14 00:00:00+00:00
[2026-04-13T10:06:43.940+0000] {processor.py:183} INFO - Processing /opt/airflow/dags/daily_revenue_etl_dag.py took 0.082 seconds
[2026-04-13T10:07:14.047+0000] {processor.py:161} INFO - Started process (PID=4298) to work on /opt/airflow/dags/daily_revenue_etl_dag.py
[2026-04-13T10:07:14.048+0000] {processor.py:830} INFO - Processing file /opt/airflow/dags/daily_revenue_etl_dag.py for tasks to queue
[2026-04-13T10:07:14.048+0000] {logging_mixin.py:188} INFO - [2026-04-13T10:07:14.048+0000] {dagbag.py:538} INFO - Filling up the DagBag from /opt/airflow/dags/daily_revenue_etl_dag.py
[2026-04-13T10:07:14.064+0000] {processor.py:840} INFO - DAG(s) 'daily_revenue_etl_dag' retrieved from /opt/airflow/dags/daily_revenue_etl_dag.py
[2026-04-13T10:07:14.086+0000] {logging_mixin.py:188} INFO - [2026-04-13T10:07:14.086+0000] {dag.py:3036} INFO - Sync 1 DAGs
[2026-04-13T10:07:14.102+0000] {logging_mixin.py:188} INFO - [2026-04-13T10:07:14.102+0000] {dag.py:3823} INFO - Setting next_dagrun for daily_revenue_etl_dag to 2026-04-13 00:00:00+00:00, run_after=2026-04-14 00:00:00+00:00
[2026-04-13T10:07:14.117+0000] {processor.py:183} INFO - Processing /opt/airflow/dags/daily_revenue_etl_dag.py took 0.073 seconds
[2026-04-13T09:43:48.251+0000] {processor.py:161} INFO - Started process (PID=4303) to work on /opt/airflow/dags/daily_revenue_etl_dag.py
[2026-04-13T09:43:48.252+0000] {processor.py:830} INFO - Processing file /opt/airflow/dags/daily_revenue_etl_dag.py for tasks to queue
[2026-04-13T09:43:48.252+0000] {logging_mixin.py:188} INFO - [2026-04-13T09:43:48.252+0000] {dagbag.py:538} INFO - Filling up the DagBag from /opt/airflow/dags/daily_revenue_etl_dag.py
[2026-04-13T09:43:48.267+0000] {processor.py:840} INFO - DAG(s) 'daily_revenue_etl_dag' retrieved from /opt/airflow/dags/daily_revenue_etl_dag.py
[2026-04-13T09:43:48.289+0000] {logging_mixin.py:188} INFO - [2026-04-13T09:43:48.289+0000] {dag.py:3036} INFO - Sync 1 DAGs
[2026-04-13T09:43:48.308+0000] {logging_mixin.py:188} INFO - [2026-04-13T09:43:48.307+0000] {dag.py:3823} INFO - Setting next_dagrun for daily_revenue_etl_dag to 2026-04-13 00:00:00+00:00, run_after=2026-04-14 00:00:00+00:00
[2026-04-13T09:43:48.323+0000] {processor.py:183} INFO - Processing /opt/airflow/dags/daily_revenue_etl_dag.py took 0.075 seconds
[2026-04-13T09:44:18.444+0000] {processor.py:161} INFO - Started process (PID=4308) to work on /opt/airflow/dags/daily_revenue_etl_dag.py
[2026-04-13T09:44:18.445+0000] {processor.py:830} INFO - Processing file /opt/airflow/dags/daily_revenue_etl_dag.py for tasks to queue
[2026-04-13T09:44:18.445+0000] {logging_mixin.py:188} INFO - [2026-04-13T09:44:18.445+0000] {dagbag.py:538} INFO - Filling up the DagBag from /opt/airflow/dags/daily_revenue_etl_dag.py
[2026-04-13T09:44:18.461+0000] {processor.py:840} INFO - DAG(s) 'daily_revenue_etl_dag' retrieved from /opt/airflow/dags/daily_revenue_etl_dag.py
[2026-04-13T09:44:18.485+0000] {logging_mixin.py:188} INFO - [2026-04-13T09:44:18.485+0000] {dag.py:3036} INFO - Sync 1 DAGs
[2026-04-13T09:44:18.504+0000] {logging_mixin.py:188} INFO - [2026-04-13T09:44:18.503+0000] {dag.py:3823} INFO - Setting next_dagrun for daily_revenue_etl_dag to 2026-04-13 00:00:00+00:00, run_after=2026-04-14 00:00:00+00:00
[2026-04-13T09:44:18.518+0000] {processor.py:183} INFO - Processing /opt/airflow/dags/daily_revenue_etl_dag.py took 0.077 seconds
[2026-04-13T09:44:48.677+0000] {processor.py:161} INFO - Started process (PID=4313) to work on /opt/airflow/dags/daily_revenue_etl_dag.py
[2026-04-13T09:44:48.678+0000] {processor.py:830} INFO - Processing file /opt/airflow/dags/daily_revenue_etl_dag.py for tasks to queue
[2026-04-13T09:44:48.679+0000] {logging_mixin.py:188} INFO - [2026-04-13T09:44:48.678+0000] {dagbag.py:538} INFO - Filling up the DagBag from /opt/airflow/dags/daily_revenue_etl_dag.py
[2026-04-13T09:44:48.695+0000] {processor.py:840} INFO - DAG(s) 'daily_revenue_etl_dag' retrieved from /opt/airflow/dags/daily_revenue_etl_dag.py
[2026-04-13T09:44:48.718+0000] {logging_mixin.py:188} INFO - [2026-04-13T09:44:48.718+0000] {dag.py:3036} INFO - Sync 1 DAGs
[2026-04-13T09:44:48.735+0000] {logging_mixin.py:188} INFO - [2026-04-13T09:44:48.735+0000] {dag.py:3823} INFO - Setting next_dagrun for daily_revenue_etl_dag to 2026-04-13 00:00:00+00:00, run_after=2026-04-14 00:00:00+00:00
[2026-04-13T09:44:48.750+0000] {processor.py:183} INFO - Processing /opt/airflow/dags/daily_revenue_etl_dag.py took 0.075 seconds
[2026-04-13T09:45:18.865+0000] {processor.py:161} INFO - Started process (PID=4318) to work on /opt/airflow/dags/daily_revenue_etl_dag.py
[2026-04-13T09:45:18.866+0000] {processor.py:830} INFO - Processing file /opt/airflow/dags/daily_revenue_etl_dag.py for tasks to queue
[2026-04-13T09:45:18.867+0000] {logging_mixin.py:188} INFO - [2026-04-13T09:45:18.867+0000] {dagbag.py:538} INFO - Filling up the DagBag from /opt/airflow/dags/daily_revenue_etl_dag.py
[2026-04-13T09:45:18.885+0000] {processor.py:840} INFO - DAG(s) 'daily_revenue_etl_dag' retrieved from /opt/airflow/dags/daily_revenue_etl_dag.py
[2026-04-13T09:45:18.916+0000] {logging_mixin.py:188} INFO - [2026-04-13T09:45:18.916+0000] {dag.py:3036} INFO - Sync 1 DAGs
[2026-04-13T09:45:18.944+0000] {logging_mixin.py:188} INFO - [2026-04-13T09:45:18.944+0000] {dag.py:3823} INFO - Setting next_dagrun for daily_revenue_etl_dag to 2026-04-13 00:00:00+00:00, run_after=2026-04-14 00:00:00+00:00
[2026-04-13T09:45:18.963+0000] {processor.py:183} INFO - Processing /opt/airflow/dags/daily_revenue_etl_dag.py took 0.101 seconds
[2026-04-13T10:09:45.124+0000] {processor.py:161} INFO - Started process (PID=4324) to work on /opt/airflow/dags/daily_revenue_etl_dag.py
[2026-04-13T10:09:45.125+0000] {processor.py:830} INFO - Processing file /opt/airflow/dags/daily_revenue_etl_dag.py for tasks to queue
[2026-04-13T10:09:45.125+0000] {logging_mixin.py:188} INFO - [2026-04-13T10:09:45.125+0000] {dagbag.py:538} INFO - Filling up the DagBag from /opt/airflow/dags/daily_revenue_etl_dag.py
[2026-04-13T10:09:45.143+0000] {processor.py:840} INFO - DAG(s) 'daily_revenue_etl_dag' retrieved from /opt/airflow/dags/daily_revenue_etl_dag.py
[2026-04-13T10:09:45.166+0000] {logging_mixin.py:188} INFO - [2026-04-13T10:09:45.165+0000] {dag.py:3036} INFO - Sync 1 DAGs
[2026-04-13T10:09:45.183+0000] {logging_mixin.py:188} INFO - [2026-04-13T10:09:45.182+0000] {dag.py:3823} INFO - Setting next_dagrun for daily_revenue_etl_dag to 2026-04-13 00:00:00+00:00, run_after=2026-04-14 00:00:00+00:00
[2026-04-13T10:09:45.198+0000] {processor.py:183} INFO - Processing /opt/airflow/dags/daily_revenue_etl_dag.py took 0.077 seconds
[2026-04-13T10:10:19.325+0000] {processor.py:161} INFO - Started process (PID=4329) to work on /opt/airflow/dags/daily_revenue_etl_dag.py
[2026-04-13T10:10:19.326+0000] {processor.py:830} INFO - Processing file /opt/airflow/dags/daily_revenue_etl_dag.py for tasks to queue
[2026-04-13T10:10:19.327+0000] {logging_mixin.py:188} INFO - [2026-04-13T10:10:19.327+0000] {dagbag.py:538} INFO - Filling up the DagBag from /opt/airflow/dags/daily_revenue_etl_dag.py
[2026-04-13T10:10:19.344+0000] {processor.py:840} INFO - DAG(s) 'daily_revenue_etl_dag' retrieved from /opt/airflow/dags/daily_revenue_etl_dag.py
[2026-04-13T10:10:19.369+0000] {logging_mixin.py:188} INFO - [2026-04-13T10:10:19.369+0000] {dag.py:3036} INFO - Sync 1 DAGs
[2026-04-13T10:10:19.387+0000] {logging_mixin.py:188} INFO - [2026-04-13T10:10:19.387+0000] {dag.py:3823} INFO - Setting next_dagrun for daily_revenue_etl_dag to 2026-04-13 00:00:00+00:00, run_after=2026-04-14 00:00:00+00:00
[2026-04-13T10:10:19.402+0000] {processor.py:183} INFO - Processing /opt/airflow/dags/daily_revenue_etl_dag.py took 0.079 seconds
[2026-04-13T10:12:45.201+0000] {processor.py:161} INFO - Started process (PID=4335) to work on /opt/airflow/dags/daily_revenue_etl_dag.py
[2026-04-13T10:12:45.202+0000] {processor.py:830} INFO - Processing file /opt/airflow/dags/daily_revenue_etl_dag.py for tasks to queue
[2026-04-13T10:12:45.203+0000] {logging_mixin.py:188} INFO - [2026-04-13T10:12:45.202+0000] {dagbag.py:538} INFO - Filling up the DagBag from /opt/airflow/dags/daily_revenue_etl_dag.py
[2026-04-13T10:12:45.219+0000] {processor.py:840} INFO - DAG(s) 'daily_revenue_etl_dag' retrieved from /opt/airflow/dags/daily_revenue_etl_dag.py
[2026-04-13T10:12:45.238+0000] {logging_mixin.py:188} INFO - [2026-04-13T10:12:45.238+0000] {dag.py:3036} INFO - Sync 1 DAGs
[2026-04-13T10:12:45.256+0000] {logging_mixin.py:188} INFO - [2026-04-13T10:12:45.256+0000] {dag.py:3823} INFO - Setting next_dagrun for daily_revenue_etl_dag to 2026-04-13 00:00:00+00:00, run_after=2026-04-14 00:00:00+00:00
[2026-04-13T10:12:45.273+0000] {processor.py:183} INFO - Processing /opt/airflow/dags/daily_revenue_etl_dag.py took 0.075 seconds
[2026-04-13T10:13:49.599+0000] {processor.py:161} INFO - Started process (PID=4340) to work on /opt/airflow/dags/daily_revenue_etl_dag.py
[2026-04-13T10:13:49.601+0000] {processor.py:830} INFO - Processing file /opt/airflow/dags/daily_revenue_etl_dag.py for tasks to queue
[2026-04-13T10:13:49.603+0000] {logging_mixin.py:188} INFO - [2026-04-13T10:13:49.603+0000] {dagbag.py:538} INFO - Filling up the DagBag from /opt/airflow/dags/daily_revenue_etl_dag.py
[2026-04-13T10:13:49.626+0000] {processor.py:840} INFO - DAG(s) 'daily_revenue_etl_dag' retrieved from /opt/airflow/dags/daily_revenue_etl_dag.py
[2026-04-13T10:13:49.657+0000] {logging_mixin.py:188} INFO - [2026-04-13T10:13:49.657+0000] {dag.py:3036} INFO - Sync 1 DAGs
[2026-04-13T10:13:49.674+0000] {logging_mixin.py:188} INFO - [2026-04-13T10:13:49.674+0000] {dag.py:3823} INFO - Setting next_dagrun for daily_revenue_etl_dag to 2026-04-13 00:00:00+00:00, run_after=2026-04-14 00:00:00+00:00
[2026-04-13T10:13:49.689+0000] {processor.py:183} INFO - Processing /opt/airflow/dags/daily_revenue_etl_dag.py took 0.096 seconds
[2026-04-13T10:14:19.764+0000] {processor.py:161} INFO - Started process (PID=4346) to work on /opt/airflow/dags/daily_revenue_etl_dag.py
[2026-04-13T10:14:19.765+0000] {processor.py:830} INFO - Processing file /opt/airflow/dags/daily_revenue_etl_dag.py for tasks to queue
[2026-04-13T10:14:19.765+0000] {logging_mixin.py:188} INFO - [2026-04-13T10:14:19.765+0000] {dagbag.py:538} INFO - Filling up the DagBag from /opt/airflow/dags/daily_revenue_etl_dag.py
[2026-04-13T10:14:19.781+0000] {processor.py:840} INFO - DAG(s) 'daily_revenue_etl_dag' retrieved from /opt/airflow/dags/daily_revenue_etl_dag.py
[2026-04-13T10:14:19.803+0000] {logging_mixin.py:188} INFO - [2026-04-13T10:14:19.803+0000] {dag.py:3036} INFO - Sync 1 DAGs
[2026-04-13T10:14:19.820+0000] {logging_mixin.py:188} INFO - [2026-04-13T10:14:19.819+0000] {dag.py:3823} INFO - Setting next_dagrun for daily_revenue_etl_dag to 2026-04-13 00:00:00+00:00, run_after=2026-04-14 00:00:00+00:00
[2026-04-13T10:14:19.835+0000] {processor.py:183} INFO - Processing /opt/airflow/dags/daily_revenue_etl_dag.py took 0.074 seconds
[2026-04-13T10:14:49.921+0000] {processor.py:161} INFO - Started process (PID=4353) to work on /opt/airflow/dags/daily_revenue_etl_dag.py
[2026-04-13T10:14:49.922+0000] {processor.py:830} INFO - Processing file /opt/airflow/dags/daily_revenue_etl_dag.py for tasks to queue
[2026-04-13T10:14:49.923+0000] {logging_mixin.py:188} INFO - [2026-04-13T10:14:49.923+0000] {dagbag.py:538} INFO - Filling up the DagBag from /opt/airflow/dags/daily_revenue_etl_dag.py
[2026-04-13T09:50:52.927+0000] {processor.py:840} INFO - DAG(s) 'daily_revenue_etl_dag' retrieved from /opt/airflow/dags/daily_revenue_etl_dag.py
[2026-04-13T09:50:52.947+0000] {logging_mixin.py:188} INFO - [2026-04-13T09:50:52.947+0000] {dag.py:3036} INFO - Sync 1 DAGs
[2026-04-13T09:50:52.964+0000] {logging_mixin.py:188} INFO - [2026-04-13T09:50:52.964+0000] {dag.py:3823} INFO - Setting next_dagrun for daily_revenue_etl_dag to 2026-04-13 00:00:00+00:00, run_after=2026-04-14 00:00:00+00:00
[2026-04-13T09:50:52.979+0000] {processor.py:183} INFO - Processing /opt/airflow/dags/daily_revenue_etl_dag.py took 0.072 seconds
[2026-04-13T10:15:15.061+0000] {processor.py:161} INFO - Started process (PID=4358) to work on /opt/airflow/dags/daily_revenue_etl_dag.py
[2026-04-13T10:15:15.062+0000] {processor.py:830} INFO - Processing file /opt/airflow/dags/daily_revenue_etl_dag.py for tasks to queue
[2026-04-13T10:15:15.063+0000] {logging_mixin.py:188} INFO - [2026-04-13T10:15:15.063+0000] {dagbag.py:538} INFO - Filling up the DagBag from /opt/airflow/dags/daily_revenue_etl_dag.py
[2026-04-13T10:15:15.079+0000] {processor.py:840} INFO - DAG(s) 'daily_revenue_etl_dag' retrieved from /opt/airflow/dags/daily_revenue_etl_dag.py
[2026-04-13T10:15:15.100+0000] {logging_mixin.py:188} INFO - [2026-04-13T10:15:15.100+0000] {dag.py:3036} INFO - Sync 1 DAGs
[2026-04-13T09:51:18.108+0000] {logging_mixin.py:188} INFO - [2026-04-13T09:51:18.107+0000] {dag.py:3823} INFO - Setting next_dagrun for daily_revenue_etl_dag to 2026-04-13 00:00:00+00:00, run_after=2026-04-14 00:00:00+00:00
[2026-04-13T09:51:18.122+0000] {processor.py:183} INFO - Processing /opt/airflow/dags/daily_revenue_etl_dag.py took 0.074 seconds
[2026-04-13T09:51:48.289+0000] {processor.py:161} INFO - Started process (PID=4363) to work on /opt/airflow/dags/daily_revenue_etl_dag.py
[2026-04-13T09:51:48.290+0000] {processor.py:830} INFO - Processing file /opt/airflow/dags/daily_revenue_etl_dag.py for tasks to queue
[2026-04-13T09:51:48.291+0000] {logging_mixin.py:188} INFO - [2026-04-13T09:51:48.291+0000] {dagbag.py:538} INFO - Filling up the DagBag from /opt/airflow/dags/daily_revenue_etl_dag.py
[2026-04-13T09:51:48.305+0000] {processor.py:840} INFO - DAG(s) 'daily_revenue_etl_dag' retrieved from /opt/airflow/dags/daily_revenue_etl_dag.py
[2026-04-13T09:51:48.328+0000] {logging_mixin.py:188} INFO - [2026-04-13T09:51:48.328+0000] {dag.py:3036} INFO - Sync 1 DAGs
[2026-04-13T09:51:48.347+0000] {logging_mixin.py:188} INFO - [2026-04-13T09:51:48.346+0000] {dag.py:3823} INFO - Setting next_dagrun for daily_revenue_etl_dag to 2026-04-13 00:00:00+00:00, run_after=2026-04-14 00:00:00+00:00
[2026-04-13T09:51:48.362+0000] {processor.py:183} INFO - Processing /opt/airflow/dags/daily_revenue_etl_dag.py took 0.076 seconds
[2026-04-13T09:52:18.472+0000] {processor.py:161} INFO - Started process (PID=4369) to work on /opt/airflow/dags/daily_revenue_etl_dag.py
[2026-04-13T09:52:18.474+0000] {processor.py:830} INFO - Processing file /opt/airflow/dags/daily_revenue_etl_dag.py for tasks to queue
[2026-04-13T09:52:18.474+0000] {logging_mixin.py:188} INFO - [2026-04-13T09:52:18.474+0000] {dagbag.py:538} INFO - Filling up the DagBag from /opt/airflow/dags/daily_revenue_etl_dag.py
[2026-04-13T09:52:18.493+0000] {processor.py:840} INFO - DAG(s) 'daily_revenue_etl_dag' retrieved from /opt/airflow/dags/daily_revenue_etl_dag.py
[2026-04-13T09:52:18.518+0000] {logging_mixin.py:188} INFO - [2026-04-13T09:52:18.518+0000] {dag.py:3036} INFO - Sync 1 DAGs
[2026-04-13T09:52:18.534+0000] {logging_mixin.py:188} INFO - [2026-04-13T09:52:18.533+0000] {dag.py:3823} INFO - Setting next_dagrun for daily_revenue_etl_dag to 2026-04-13 00:00:00+00:00, run_after=2026-04-14 00:00:00+00:00
[2026-04-13T09:52:18.547+0000] {processor.py:183} INFO - Processing /opt/airflow/dags/daily_revenue_etl_dag.py took 0.077 seconds
[2026-04-13T09:52:48.701+0000] {processor.py:161} INFO - Started process (PID=4375) to work on /opt/airflow/dags/daily_revenue_etl_dag.py
[2026-04-13T09:52:48.702+0000] {processor.py:830} INFO - Processing file /opt/airflow/dags/daily_revenue_etl_dag.py for tasks to queue
[2026-04-13T09:52:48.703+0000] {logging_mixin.py:188} INFO - [2026-04-13T09:52:48.702+0000] {dagbag.py:538} INFO - Filling up the DagBag from /opt/airflow/dags/daily_revenue_etl_dag.py
[2026-04-13T09:52:48.720+0000] {processor.py:840} INFO - DAG(s) 'daily_revenue_etl_dag' retrieved from /opt/airflow/dags/daily_revenue_etl_dag.py
[2026-04-13T09:52:48.745+0000] {logging_mixin.py:188} INFO - [2026-04-13T09:52:48.744+0000] {dag.py:3036} INFO - Sync 1 DAGs
[2026-04-13T09:52:48.762+0000] {logging_mixin.py:188} INFO - [2026-04-13T09:52:48.762+0000] {dag.py:3823} INFO - Setting next_dagrun for daily_revenue_etl_dag to 2026-04-13 00:00:00+00:00, run_after=2026-04-14 00:00:00+00:00
[2026-04-13T09:52:48.779+0000] {processor.py:183} INFO - Processing /opt/airflow/dags/daily_revenue_etl_dag.py took 0.081 seconds
[2026-04-13T10:17:14.991+0000] {processor.py:161} INFO - Started process (PID=4380) to work on /opt/airflow/dags/daily_revenue_etl_dag.py
[2026-04-13T10:17:14.992+0000] {processor.py:830} INFO - Processing file /opt/airflow/dags/daily_revenue_etl_dag.py for tasks to queue
[2026-04-13T10:17:14.993+0000] {logging_mixin.py:188} INFO - [2026-04-13T10:17:14.993+0000] {dagbag.py:538} INFO - Filling up the DagBag from /opt/airflow/dags/daily_revenue_etl_dag.py
[2026-04-13T10:17:15.015+0000] {processor.py:840} INFO - DAG(s) 'daily_revenue_etl_dag' retrieved from /opt/airflow/dags/daily_revenue_etl_dag.py
[2026-04-13T10:17:15.044+0000] {logging_mixin.py:188} INFO - [2026-04-13T10:17:15.044+0000] {dag.py:3036} INFO - Sync 1 DAGs
[2026-04-13T10:17:15.066+0000] {logging_mixin.py:188} INFO - [2026-04-13T10:17:15.065+0000] {dag.py:3823} INFO - Setting next_dagrun for daily_revenue_etl_dag to 2026-04-13 00:00:00+00:00, run_after=2026-04-14 00:00:00+00:00
[2026-04-13T10:17:15.082+0000] {processor.py:183} INFO - Processing /opt/airflow/dags/daily_revenue_etl_dag.py took 0.094 seconds
[2026-04-13T10:17:50.228+0000] {processor.py:161} INFO - Started process (PID=4386) to work on /opt/airflow/dags/daily_revenue_etl_dag.py
[2026-04-13T10:17:50.230+0000] {processor.py:830} INFO - Processing file /opt/airflow/dags/daily_revenue_etl_dag.py for tasks to queue
[2026-04-13T10:17:50.231+0000] {logging_mixin.py:188} INFO - [2026-04-13T10:17:50.231+0000] {dagbag.py:538} INFO - Filling up the DagBag from /opt/airflow/dags/daily_revenue_etl_dag.py
[2026-04-13T09:53:53.240+0000] {processor.py:840} INFO - DAG(s) 'daily_revenue_etl_dag' retrieved from /opt/airflow/dags/daily_revenue_etl_dag.py
[2026-04-13T09:53:53.270+0000] {logging_mixin.py:188} INFO - [2026-04-13T09:53:53.270+0000] {dag.py:3036} INFO - Sync 1 DAGs
[2026-04-13T09:53:53.290+0000] {logging_mixin.py:188} INFO - [2026-04-13T09:53:53.290+0000] {dag.py:3823} INFO - Setting next_dagrun for daily_revenue_etl_dag to 2026-04-13 00:00:00+00:00, run_after=2026-04-14 00:00:00+00:00
[2026-04-13T09:53:53.306+0000] {processor.py:183} INFO - Processing /opt/airflow/dags/daily_revenue_etl_dag.py took 0.098 seconds
[2026-04-13T09:54:23.476+0000] {processor.py:161} INFO - Started process (PID=4391) to work on /opt/airflow/dags/daily_revenue_etl_dag.py
[2026-04-13T09:54:23.477+0000] {processor.py:830} INFO - Processing file /opt/airflow/dags/daily_revenue_etl_dag.py for tasks to queue
[2026-04-13T09:54:23.478+0000] {logging_mixin.py:188} INFO - [2026-04-13T09:54:23.477+0000] {dagbag.py:538} INFO - Filling up the DagBag from /opt/airflow/dags/daily_revenue_etl_dag.py
[2026-04-13T09:54:23.495+0000] {processor.py:840} INFO - DAG(s) 'daily_revenue_etl_dag' retrieved from /opt/airflow/dags/daily_revenue_etl_dag.py
[2026-04-13T09:54:23.518+0000] {logging_mixin.py:188} INFO - [2026-04-13T09:54:23.518+0000] {dag.py:3036} INFO - Sync 1 DAGs
[2026-04-13T09:54:23.540+0000] {logging_mixin.py:188} INFO - [2026-04-13T09:54:23.540+0000] {dag.py:3823} INFO - Setting next_dagrun for daily_revenue_etl_dag to 2026-04-13 00:00:00+00:00, run_after=2026-04-14 00:00:00+00:00
[2026-04-13T09:54:23.558+0000] {processor.py:183} INFO - Processing /opt/airflow/dags/daily_revenue_etl_dag.py took 0.085 seconds
[2026-04-13T09:54:53.680+0000] {processor.py:161} INFO - Started process (PID=4396) to work on /opt/airflow/dags/daily_revenue_etl_dag.py
[2026-04-13T09:54:53.681+0000] {processor.py:830} INFO - Processing file /opt/airflow/dags/daily_revenue_etl_dag.py for tasks to queue
[2026-04-13T09:54:53.683+0000] {logging_mixin.py:188} INFO - [2026-04-13T09:54:53.682+0000] {dagbag.py:538} INFO - Filling up the DagBag from /opt/airflow/dags/daily_revenue_etl_dag.py
[2026-04-13T09:54:53.702+0000] {processor.py:840} INFO - DAG(s) 'daily_revenue_etl_dag' retrieved from /opt/airflow/dags/daily_revenue_etl_dag.py
[2026-04-13T09:54:53.729+0000] {logging_mixin.py:188} INFO - [2026-04-13T09:54:53.728+0000] {dag.py:3036} INFO - Sync 1 DAGs
[2026-04-13T09:54:53.750+0000] {logging_mixin.py:188} INFO - [2026-04-13T09:54:53.750+0000] {dag.py:3823} INFO - Setting next_dagrun for daily_revenue_etl_dag to 2026-04-13 00:00:00+00:00, run_after=2026-04-14 00:00:00+00:00
[2026-04-13T09:54:53.772+0000] {processor.py:183} INFO - Processing /opt/airflow/dags/daily_revenue_etl_dag.py took 0.095 seconds
[2026-04-13T09:55:23.917+0000] {processor.py:161} INFO - Started process (PID=4403) to work on /opt/airflow/dags/daily_revenue_etl_dag.py
[2026-04-13T09:55:23.919+0000] {processor.py:830} INFO - Processing file /opt/airflow/dags/daily_revenue_etl_dag.py for tasks to queue
[2026-04-13T09:55:23.919+0000] {logging_mixin.py:188} INFO - [2026-04-13T09:55:23.919+0000] {dagbag.py:538} INFO - Filling up the DagBag from /opt/airflow/dags/daily_revenue_etl_dag.py
[2026-04-13T09:55:23.940+0000] {processor.py:840} INFO - DAG(s) 'daily_revenue_etl_dag' retrieved from /opt/airflow/dags/daily_revenue_etl_dag.py
[2026-04-13T09:55:23.970+0000] {logging_mixin.py:188} INFO - [2026-04-13T09:55:23.970+0000] {dag.py:3036} INFO - Sync 1 DAGs
[2026-04-13T09:55:23.993+0000] {logging_mixin.py:188} INFO - [2026-04-13T09:55:23.993+0000] {dag.py:3823} INFO - Setting next_dagrun for daily_revenue_etl_dag to 2026-04-13 00:00:00+00:00, run_after=2026-04-14 00:00:00+00:00
[2026-04-13T09:55:24.012+0000] {processor.py:183} INFO - Processing /opt/airflow/dags/daily_revenue_etl_dag.py took 0.098 seconds
[2026-04-13T10:19:45.090+0000] {processor.py:161} INFO - Started process (PID=4408) to work on /opt/airflow/dags/daily_revenue_etl_dag.py
[2026-04-13T10:19:45.092+0000] {processor.py:830} INFO - Processing file /opt/airflow/dags/daily_revenue_etl_dag.py for tasks to queue
[2026-04-13T10:19:45.093+0000] {logging_mixin.py:188} INFO - [2026-04-13T10:19:45.093+0000] {dagbag.py:538} INFO - Filling up the DagBag from /opt/airflow/dags/daily_revenue_etl_dag.py
[2026-04-13T10:19:45.113+0000] {processor.py:840} INFO - DAG(s) 'daily_revenue_etl_dag' retrieved from /opt/airflow/dags/daily_revenue_etl_dag.py
[2026-04-13T09:55:48.136+0000] {logging_mixin.py:188} INFO - [2026-04-13T09:55:48.136+0000] {dag.py:3036} INFO - Sync 1 DAGs
[2026-04-13T09:55:48.162+0000] {logging_mixin.py:188} INFO - [2026-04-13T09:55:48.162+0000] {dag.py:3823} INFO - Setting next_dagrun for daily_revenue_etl_dag to 2026-04-13 00:00:00+00:00, run_after=2026-04-14 00:00:00+00:00
[2026-04-13T09:55:48.177+0000] {processor.py:183} INFO - Processing /opt/airflow/dags/daily_revenue_etl_dag.py took 0.098 seconds
[2026-04-13T10:19:55.277+0000] {processor.py:161} INFO - Started process (PID=4413) to work on /opt/airflow/dags/daily_revenue_etl_dag.py
[2026-04-13T10:19:55.278+0000] {processor.py:830} INFO - Processing file /opt/airflow/dags/daily_revenue_etl_dag.py for tasks to queue
[2026-04-13T10:19:55.279+0000] {logging_mixin.py:188} INFO - [2026-04-13T10:19:55.278+0000] {dagbag.py:538} INFO - Filling up the DagBag from /opt/airflow/dags/daily_revenue_etl_dag.py
[2026-04-13T10:19:55.296+0000] {processor.py:840} INFO - DAG(s) 'daily_revenue_etl_dag' retrieved from /opt/airflow/dags/daily_revenue_etl_dag.py
[2026-04-13T10:19:55.321+0000] {logging_mixin.py:188} INFO - [2026-04-13T10:19:55.321+0000] {dag.py:3036} INFO - Sync 1 DAGs
[2026-04-13T10:19:55.345+0000] {logging_mixin.py:188} INFO - [2026-04-13T10:19:55.344+0000] {dag.py:3823} INFO - Setting next_dagrun for daily_revenue_etl_dag to 2026-04-13 00:00:00+00:00, run_after=2026-04-14 00:00:00+00:00
[2026-04-13T10:19:55.365+0000] {processor.py:183} INFO - Processing /opt/airflow/dags/daily_revenue_etl_dag.py took 0.092 seconds
[2026-04-13T10:20:25.455+0000] {processor.py:161} INFO - Started process (PID=4418) to work on /opt/airflow/dags/daily_revenue_etl_dag.py
[2026-04-13T10:20:25.456+0000] {processor.py:830} INFO - Processing file /opt/airflow/dags/daily_revenue_etl_dag.py for tasks to queue
[2026-04-13T10:20:25.457+0000] {logging_mixin.py:188} INFO - [2026-04-13T10:20:25.457+0000] {dagbag.py:538} INFO - Filling up the DagBag from /opt/airflow/dags/daily_revenue_etl_dag.py
[2026-04-13T10:20:25.476+0000] {processor.py:840} INFO - DAG(s) 'daily_revenue_etl_dag' retrieved from /opt/airflow/dags/daily_revenue_etl_dag.py
[2026-04-13T09:56:28.516+0000] {logging_mixin.py:188} INFO - [2026-04-13T09:56:28.516+0000] {dag.py:3036} INFO - Sync 1 DAGs
[2026-04-13T09:56:28.536+0000] {logging_mixin.py:188} INFO - [2026-04-13T09:56:28.536+0000] {dag.py:3823} INFO - Setting next_dagrun for daily_revenue_etl_dag to 2026-04-13 00:00:00+00:00, run_after=2026-04-14 00:00:00+00:00
[2026-04-13T09:56:28.552+0000] {processor.py:183} INFO - Processing /opt/airflow/dags/daily_revenue_etl_dag.py took 0.098 seconds
[2026-04-13T09:56:58.703+0000] {processor.py:161} INFO - Started process (PID=4423) to work on /opt/airflow/dags/daily_revenue_etl_dag.py
[2026-04-13T09:56:58.704+0000] {processor.py:830} INFO - Processing file /opt/airflow/dags/daily_revenue_etl_dag.py for tasks to queue
[2026-04-13T09:56:58.705+0000] {logging_mixin.py:188} INFO - [2026-04-13T09:56:58.705+0000] {dagbag.py:538} INFO - Filling up the DagBag from /opt/airflow/dags/daily_revenue_etl_dag.py
[2026-04-13T09:56:58.727+0000] {processor.py:840} INFO - DAG(s) 'daily_revenue_etl_dag' retrieved from /opt/airflow/dags/daily_revenue_etl_dag.py
[2026-04-13T09:56:58.756+0000] {logging_mixin.py:188} INFO - [2026-04-13T09:56:58.756+0000] {dag.py:3036} INFO - Sync 1 DAGs
[2026-04-13T09:56:58.778+0000] {logging_mixin.py:188} INFO - [2026-04-13T09:56:58.778+0000] {dag.py:3823} INFO - Setting next_dagrun for daily_revenue_etl_dag to 2026-04-13 00:00:00+00:00, run_after=2026-04-14 00:00:00+00:00
[2026-04-13T09:56:58.796+0000] {processor.py:183} INFO - Processing /opt/airflow/dags/daily_revenue_etl_dag.py took 0.096 seconds
[2026-04-13T10:21:14.947+0000] {processor.py:161} INFO - Started process (PID=4428) to work on /opt/airflow/dags/daily_revenue_etl_dag.py
[2026-04-13T10:21:14.948+0000] {processor.py:830} INFO - Processing file /opt/airflow/dags/daily_revenue_etl_dag.py for tasks to queue
[2026-04-13T10:21:14.949+0000] {logging_mixin.py:188} INFO - [2026-04-13T10:21:14.949+0000] {dagbag.py:538} INFO - Filling up the DagBag from /opt/airflow/dags/daily_revenue_etl_dag.py
[2026-04-13T10:21:14.967+0000] {processor.py:840} INFO - DAG(s) 'daily_revenue_etl_dag' retrieved from /opt/airflow/dags/daily_revenue_etl_dag.py
[2026-04-13T10:21:14.989+0000] {logging_mixin.py:188} INFO - [2026-04-13T10:21:14.989+0000] {dag.py:3036} INFO - Sync 1 DAGs
[2026-04-13T10:21:15.007+0000] {logging_mixin.py:188} INFO - [2026-04-13T10:21:15.007+0000] {dag.py:3823} INFO - Setting next_dagrun for daily_revenue_etl_dag to 2026-04-13 00:00:00+00:00, run_after=2026-04-14 00:00:00+00:00
[2026-04-13T10:21:15.027+0000] {processor.py:183} INFO - Processing /opt/airflow/dags/daily_revenue_etl_dag.py took 0.084 seconds
[2026-04-13T09:57:48.144+0000] {processor.py:161} INFO - Started process (PID=4433) to work on /opt/airflow/dags/daily_revenue_etl_dag.py
[2026-04-13T09:57:48.145+0000] {processor.py:830} INFO - Processing file /opt/airflow/dags/daily_revenue_etl_dag.py for tasks to queue
[2026-04-13T09:57:48.146+0000] {logging_mixin.py:188} INFO - [2026-04-13T09:57:48.146+0000] {dagbag.py:538} INFO - Filling up the DagBag from /opt/airflow/dags/daily_revenue_etl_dag.py
[2026-04-13T09:57:48.163+0000] {processor.py:840} INFO - DAG(s) 'daily_revenue_etl_dag' retrieved from /opt/airflow/dags/daily_revenue_etl_dag.py
[2026-04-13T09:57:48.192+0000] {logging_mixin.py:188} INFO - [2026-04-13T09:57:48.192+0000] {dag.py:3036} INFO - Sync 1 DAGs
[2026-04-13T09:57:48.217+0000] {logging_mixin.py:188} INFO - [2026-04-13T09:57:48.217+0000] {dag.py:3823} INFO - Setting next_dagrun for daily_revenue_etl_dag to 2026-04-13 00:00:00+00:00, run_after=2026-04-14 00:00:00+00:00
[2026-04-13T09:57:48.238+0000] {processor.py:183} INFO - Processing /opt/airflow/dags/daily_revenue_etl_dag.py took 0.097 seconds
[2026-04-13T09:58:18.396+0000] {processor.py:161} INFO - Started process (PID=4438) to work on /opt/airflow/dags/daily_revenue_etl_dag.py
[2026-04-13T09:58:18.397+0000] {processor.py:830} INFO - Processing file /opt/airflow/dags/daily_revenue_etl_dag.py for tasks to queue
[2026-04-13T09:58:18.398+0000] {logging_mixin.py:188} INFO - [2026-04-13T09:58:18.397+0000] {dagbag.py:538} INFO - Filling up the DagBag from /opt/airflow/dags/daily_revenue_etl_dag.py
[2026-04-13T09:58:18.414+0000] {processor.py:840} INFO - DAG(s) 'daily_revenue_etl_dag' retrieved from /opt/airflow/dags/daily_revenue_etl_dag.py
[2026-04-13T09:58:18.441+0000] {logging_mixin.py:188} INFO - [2026-04-13T09:58:18.441+0000] {dag.py:3036} INFO - Sync 1 DAGs
[2026-04-13T10:22:15.469+0000] {logging_mixin.py:188} INFO - [2026-04-13T09:58:18.464+0000] {dag.py:3823} INFO - Setting next_dagrun for daily_revenue_etl_dag to 2026-04-13 00:00:00+00:00, run_after=2026-04-14 00:00:00+00:00
[2026-04-13T10:22:15.489+0000] {processor.py:183} INFO - Processing /opt/airflow/dags/daily_revenue_etl_dag.py took 0.092 seconds
[2026-04-13T10:22:45.598+0000] {processor.py:161} INFO - Started process (PID=4443) to work on /opt/airflow/dags/daily_revenue_etl_dag.py
[2026-04-13T10:22:45.600+0000] {processor.py:830} INFO - Processing file /opt/airflow/dags/daily_revenue_etl_dag.py for tasks to queue
[2026-04-13T10:22:45.601+0000] {logging_mixin.py:188} INFO - [2026-04-13T10:22:45.600+0000] {dagbag.py:538} INFO - Filling up the DagBag from /opt/airflow/dags/daily_revenue_etl_dag.py
[2026-04-13T10:22:45.623+0000] {processor.py:840} INFO - DAG(s) 'daily_revenue_etl_dag' retrieved from /opt/airflow/dags/daily_revenue_etl_dag.py
[2026-04-13T09:58:48.805+0000] {logging_mixin.py:188} INFO - [2026-04-13T09:58:48.804+0000] {dag.py:3036} INFO - Sync 1 DAGs
[2026-04-13T09:58:48.829+0000] {logging_mixin.py:188} INFO - [2026-04-13T09:58:48.829+0000] {dag.py:3823} INFO - Setting next_dagrun for daily_revenue_etl_dag to 2026-04-13 00:00:00+00:00, run_after=2026-04-14 00:00:00+00:00
[2026-04-13T09:58:48.858+0000] {processor.py:183} INFO - Processing /opt/airflow/dags/daily_revenue_etl_dag.py took 0.267 seconds
[2026-04-13T10:22:50.711+0000] {processor.py:161} INFO - Started process (PID=4448) to work on /opt/airflow/dags/daily_revenue_etl_dag.py
[2026-04-13T10:22:50.712+0000] {processor.py:830} INFO - Processing file /opt/airflow/dags/daily_revenue_etl_dag.py for tasks to queue
[2026-04-13T10:22:50.713+0000] {logging_mixin.py:188} INFO - [2026-04-13T10:22:50.713+0000] {dagbag.py:538} INFO - Filling up the DagBag from /opt/airflow/dags/daily_revenue_etl_dag.py
[2026-04-13T10:22:50.732+0000] {processor.py:840} INFO - DAG(s) 'daily_revenue_etl_dag' retrieved from /opt/airflow/dags/daily_revenue_etl_dag.py
[2026-04-13T10:22:50.744+0000] {logging_mixin.py:188} INFO - [2026-04-13T10:22:50.744+0000] {dag.py:3036} INFO - Sync 1 DAGs
[2026-04-13T10:22:50.769+0000] {logging_mixin.py:188} INFO - [2026-04-13T10:22:50.769+0000] {dag.py:3823} INFO - Setting next_dagrun for daily_revenue_etl_dag to 2026-04-13 00:00:00+00:00, run_after=2026-04-14 00:00:00+00:00
[2026-04-13T09:58:53.778+0000] {processor.py:183} INFO - Processing /opt/airflow/dags/daily_revenue_etl_dag.py took 0.083 seconds
[2026-04-13T10:22:55.749+0000] {processor.py:161} INFO - Started process (PID=4453) to work on /opt/airflow/dags/daily_revenue_etl_dag.py
[2026-04-13T10:22:55.751+0000] {processor.py:830} INFO - Processing file /opt/airflow/dags/daily_revenue_etl_dag.py for tasks to queue
[2026-04-13T09:58:58.748+0000] {logging_mixin.py:188} INFO - [2026-04-13T09:58:58.747+0000] {dagbag.py:538} INFO - Filling up the DagBag from /opt/airflow/dags/daily_revenue_etl_dag.py
[2026-04-13T09:58:58.766+0000] {processor.py:840} INFO - DAG(s) 'daily_revenue_etl_dag' retrieved from /opt/airflow/dags/daily_revenue_etl_dag.py
[2026-04-13T09:58:58.777+0000] {logging_mixin.py:188} INFO - [2026-04-13T09:58:58.777+0000] {dag.py:3036} INFO - Sync 1 DAGs
[2026-04-13T09:58:58.799+0000] {logging_mixin.py:188} INFO - [2026-04-13T09:58:58.798+0000] {dag.py:3823} INFO - Setting next_dagrun for daily_revenue_etl_dag to 2026-04-13 00:00:00+00:00, run_after=2026-04-14 00:00:00+00:00
[2026-04-13T09:58:58.818+0000] {processor.py:183} INFO - Processing /opt/airflow/dags/daily_revenue_etl_dag.py took 0.075 seconds
[2026-04-13T10:23:14.968+0000] {processor.py:161} INFO - Started process (PID=4458) to work on /opt/airflow/dags/daily_revenue_etl_dag.py
[2026-04-13T10:23:14.969+0000] {processor.py:830} INFO - Processing file /opt/airflow/dags/daily_revenue_etl_dag.py for tasks to queue
[2026-04-13T10:23:14.970+0000] {logging_mixin.py:188} INFO - [2026-04-13T10:23:14.969+0000] {dagbag.py:538} INFO - Filling up the DagBag from /opt/airflow/dags/daily_revenue_etl_dag.py
[2026-04-13T10:23:14.986+0000] {processor.py:840} INFO - DAG(s) 'daily_revenue_etl_dag' retrieved from /opt/airflow/dags/daily_revenue_etl_dag.py
[2026-04-13T10:23:14.998+0000] {logging_mixin.py:188} INFO - [2026-04-13T10:23:14.998+0000] {dag.py:3036} INFO - Sync 1 DAGs
[2026-04-13T10:23:15.018+0000] {logging_mixin.py:188} INFO - [2026-04-13T10:23:15.018+0000] {dag.py:3823} INFO - Setting next_dagrun for daily_revenue_etl_dag to 2026-04-13 00:00:00+00:00, run_after=2026-04-14 00:00:00+00:00
[2026-04-13T10:23:15.038+0000] {processor.py:183} INFO - Processing /opt/airflow/dags/daily_revenue_etl_dag.py took 0.072 seconds
[2026-04-13T09:59:48.162+0000] {processor.py:161} INFO - Started process (PID=4464) to work on /opt/airflow/dags/daily_revenue_etl_dag.py
[2026-04-13T09:59:48.163+0000] {processor.py:830} INFO - Processing file /opt/airflow/dags/daily_revenue_etl_dag.py for tasks to queue
[2026-04-13T09:59:48.164+0000] {logging_mixin.py:188} INFO - [2026-04-13T09:59:48.163+0000] {dagbag.py:538} INFO - Filling up the DagBag from /opt/airflow/dags/daily_revenue_etl_dag.py
[2026-04-13T09:59:48.185+0000] {processor.py:840} INFO - DAG(s) 'daily_revenue_etl_dag' retrieved from /opt/airflow/dags/daily_revenue_etl_dag.py
[2026-04-13T09:59:48.198+0000] {logging_mixin.py:188} INFO - [2026-04-13T09:59:48.198+0000] {dag.py:3036} INFO - Sync 1 DAGs
[2026-04-13T09:59:48.220+0000] {logging_mixin.py:188} INFO - [2026-04-13T09:59:48.220+0000] {dag.py:3823} INFO - Setting next_dagrun for daily_revenue_etl_dag to 2026-04-13 00:00:00+00:00, run_after=2026-04-14 00:00:00+00:00
[2026-04-13T09:59:48.237+0000] {processor.py:183} INFO - Processing /opt/airflow/dags/daily_revenue_etl_dag.py took 0.078 seconds
[2026-04-13T10:00:18.432+0000] {processor.py:161} INFO - Started process (PID=4469) to work on /opt/airflow/dags/daily_revenue_etl_dag.py
[2026-04-13T10:00:18.436+0000] {processor.py:830} INFO - Processing file /opt/airflow/dags/daily_revenue_etl_dag.py for tasks to queue
[2026-04-13T10:00:18.440+0000] {logging_mixin.py:188} INFO - [2026-04-13T10:00:18.438+0000] {dagbag.py:538} INFO - Filling up the DagBag from /opt/airflow/dags/daily_revenue_etl_dag.py
[2026-04-13T10:00:18.488+0000] {processor.py:840} INFO - DAG(s) 'daily_revenue_etl_dag' retrieved from /opt/airflow/dags/daily_revenue_etl_dag.py
[2026-04-13T10:00:18.517+0000] {logging_mixin.py:188} INFO - [2026-04-13T10:00:18.517+0000] {dag.py:3036} INFO - Sync 1 DAGs
[2026-04-13T10:00:18.566+0000] {logging_mixin.py:188} INFO - [2026-04-13T10:00:18.566+0000] {dag.py:3823} INFO - Setting next_dagrun for daily_revenue_etl_dag to 2026-04-13 00:00:00+00:00, run_after=2026-04-14 00:00:00+00:00
[2026-04-13T10:00:18.597+0000] {processor.py:183} INFO - Processing /opt/airflow/dags/daily_revenue_etl_dag.py took 0.173 seconds
[2026-04-13T10:24:35.755+0000] {processor.py:161} INFO - Started process (PID=4474) to work on /opt/airflow/dags/daily_revenue_etl_dag.py
[2026-04-13T10:24:35.756+0000] {processor.py:830} INFO - Processing file /opt/airflow/dags/daily_revenue_etl_dag.py for tasks to queue
[2026-04-13T10:24:35.757+0000] {logging_mixin.py:188} INFO - [2026-04-13T10:24:35.756+0000] {dagbag.py:538} INFO - Filling up the DagBag from /opt/airflow/dags/daily_revenue_etl_dag.py
[2026-04-13T10:24:35.775+0000] {processor.py:840} INFO - DAG(s) 'daily_revenue_etl_dag' retrieved from /opt/airflow/dags/daily_revenue_etl_dag.py
[2026-04-13T10:24:35.804+0000] {logging_mixin.py:188} INFO - [2026-04-13T10:24:35.804+0000] {dag.py:3036} INFO - Sync 1 DAGs
[2026-04-13T10:24:35.822+0000] {logging_mixin.py:188} INFO - [2026-04-13T10:24:35.822+0000] {dag.py:3823} INFO - Setting next_dagrun for daily_revenue_etl_dag to 2026-04-13 00:00:00+00:00, run_after=2026-04-14 00:00:00+00:00
[2026-04-13T10:24:35.843+0000] {processor.py:183} INFO - Processing /opt/airflow/dags/daily_revenue_etl_dag.py took 0.091 seconds
[2026-04-13T10:25:05.967+0000] {processor.py:161} INFO - Started process (PID=4480) to work on /opt/airflow/dags/daily_revenue_etl_dag.py
[2026-04-13T10:25:05.968+0000] {processor.py:830} INFO - Processing file /opt/airflow/dags/daily_revenue_etl_dag.py for tasks to queue
[2026-04-13T10:25:05.969+0000] {logging_mixin.py:188} INFO - [2026-04-13T10:25:05.969+0000] {dagbag.py:538} INFO - Filling up the DagBag from /opt/airflow/dags/daily_revenue_etl_dag.py
[2026-04-13T10:25:05.985+0000] {processor.py:840} INFO - DAG(s) 'daily_revenue_etl_dag' retrieved from /opt/airflow/dags/daily_revenue_etl_dag.py
[2026-04-13T10:25:06.010+0000] {logging_mixin.py:188} INFO - [2026-04-13T10:25:06.010+0000] {dag.py:3036} INFO - Sync 1 DAGs
[2026-04-13T10:01:09.028+0000] {logging_mixin.py:188} INFO - [2026-04-13T10:01:09.027+0000] {dag.py:3823} INFO - Setting next_dagrun for daily_revenue_etl_dag to 2026-04-13 00:00:00+00:00, run_after=2026-04-14 00:00:00+00:00
[2026-04-13T10:01:09.046+0000] {processor.py:183} INFO - Processing /opt/airflow/dags/daily_revenue_etl_dag.py took 0.086 seconds
[2026-04-13T10:25:11.053+0000] {processor.py:161} INFO - Started process (PID=4485) to work on /opt/airflow/dags/daily_revenue_etl_dag.py
[2026-04-13T10:25:11.054+0000] {processor.py:830} INFO - Processing file /opt/airflow/dags/daily_revenue_etl_dag.py for tasks to queue
[2026-04-13T10:25:11.055+0000] {logging_mixin.py:188} INFO - [2026-04-13T10:25:11.055+0000] {dagbag.py:538} INFO - Filling up the DagBag from /opt/airflow/dags/daily_revenue_etl_dag.py
[2026-04-13T10:01:14.079+0000] {processor.py:840} INFO - DAG(s) 'daily_revenue_etl_dag' retrieved from /opt/airflow/dags/daily_revenue_etl_dag.py
[2026-04-13T10:01:14.090+0000] {logging_mixin.py:188} INFO - [2026-04-13T10:01:14.090+0000] {dag.py:3036} INFO - Sync 1 DAGs
[2026-04-13T10:01:14.112+0000] {logging_mixin.py:188} INFO - [2026-04-13T10:01:14.112+0000] {dag.py:3823} INFO - Setting next_dagrun for daily_revenue_etl_dag to 2026-04-13 00:00:00+00:00, run_after=2026-04-14 00:00:00+00:00
[2026-04-13T10:01:14.130+0000] {processor.py:183} INFO - Processing /opt/airflow/dags/daily_revenue_etl_dag.py took 0.089 seconds
[2026-04-13T10:25:15.134+0000] {processor.py:161} INFO - Started process (PID=4490) to work on /opt/airflow/dags/daily_revenue_etl_dag.py
[2026-04-13T10:25:15.135+0000] {processor.py:830} INFO - Processing file /opt/airflow/dags/daily_revenue_etl_dag.py for tasks to queue
[2026-04-13T10:25:15.136+0000] {logging_mixin.py:188} INFO - [2026-04-13T10:25:15.136+0000] {dagbag.py:538} INFO - Filling up the DagBag from /opt/airflow/dags/daily_revenue_etl_dag.py
[2026-04-13T10:25:15.153+0000] {processor.py:840} INFO - DAG(s) 'daily_revenue_etl_dag' retrieved from /opt/airflow/dags/daily_revenue_etl_dag.py
[2026-04-13T10:25:15.180+0000] {logging_mixin.py:188} INFO - [2026-04-13T10:25:15.180+0000] {dag.py:3036} INFO - Sync 1 DAGs
[2026-04-13T10:01:18.191+0000] {logging_mixin.py:188} INFO - [2026-04-13T10:01:18.191+0000] {dag.py:3823} INFO - Setting next_dagrun for daily_revenue_etl_dag to 2026-04-13 00:00:00+00:00, run_after=2026-04-14 00:00:00+00:00
[2026-04-13T10:01:18.209+0000] {processor.py:183} INFO - Processing /opt/airflow/dags/daily_revenue_etl_dag.py took 0.089 seconds
[2026-04-13T10:01:48.390+0000] {processor.py:161} INFO - Started process (PID=4495) to work on /opt/airflow/dags/daily_revenue_etl_dag.py
[2026-04-13T10:01:48.391+0000] {processor.py:830} INFO - Processing file /opt/airflow/dags/daily_revenue_etl_dag.py for tasks to queue
[2026-04-13T10:01:48.392+0000] {logging_mixin.py:188} INFO - [2026-04-13T10:01:48.392+0000] {dagbag.py:538} INFO - Filling up the DagBag from /opt/airflow/dags/daily_revenue_etl_dag.py
[2026-04-13T10:01:48.416+0000] {processor.py:840} INFO - DAG(s) 'daily_revenue_etl_dag' retrieved from /opt/airflow/dags/daily_revenue_etl_dag.py
[2026-04-13T10:01:48.433+0000] {logging_mixin.py:188} INFO - [2026-04-13T10:01:48.433+0000] {dag.py:3036} INFO - Sync 1 DAGs
[2026-04-13T10:01:48.457+0000] {logging_mixin.py:188} INFO - [2026-04-13T10:01:48.457+0000] {dag.py:3823} INFO - Setting next_dagrun for daily_revenue_etl_dag to 2026-04-13 00:00:00+00:00, run_after=2026-04-14 00:00:00+00:00
[2026-04-13T10:01:48.478+0000] {processor.py:183} INFO - Processing /opt/airflow/dags/daily_revenue_etl_dag.py took 0.093 seconds
[2026-04-13T10:02:18.604+0000] {processor.py:161} INFO - Started process (PID=4500) to work on /opt/airflow/dags/daily_revenue_etl_dag.py
[2026-04-13T10:02:18.605+0000] {processor.py:830} INFO - Processing file /opt/airflow/dags/daily_revenue_etl_dag.py for tasks to queue
[2026-04-13T10:02:18.607+0000] {logging_mixin.py:188} INFO - [2026-04-13T10:02:18.606+0000] {dagbag.py:538} INFO - Filling up the DagBag from /opt/airflow/dags/daily_revenue_etl_dag.py
[2026-04-13T10:02:18.625+0000] {processor.py:840} INFO - DAG(s) 'daily_revenue_etl_dag' retrieved from /opt/airflow/dags/daily_revenue_etl_dag.py
[2026-04-13T10:02:18.637+0000] {logging_mixin.py:188} INFO - [2026-04-13T10:02:18.637+0000] {dag.py:3036} INFO - Sync 1 DAGs
[2026-04-13T10:02:18.656+0000] {logging_mixin.py:188} INFO - [2026-04-13T10:02:18.656+0000] {dag.py:3823} INFO - Setting next_dagrun for daily_revenue_etl_dag to 2026-04-13 00:00:00+00:00, run_after=2026-04-14 00:00:00+00:00
[2026-04-13T10:02:18.669+0000] {processor.py:183} INFO - Processing /opt/airflow/dags/daily_revenue_etl_dag.py took 0.072 seconds
[2026-04-13T10:02:48.838+0000] {processor.py:161} INFO - Started process (PID=4506) to work on /opt/airflow/dags/daily_revenue_etl_dag.py
[2026-04-13T10:02:48.840+0000] {processor.py:830} INFO - Processing file /opt/airflow/dags/daily_revenue_etl_dag.py for tasks to queue
[2026-04-13T10:02:48.841+0000] {logging_mixin.py:188} INFO - [2026-04-13T10:02:48.841+0000] {dagbag.py:538} INFO - Filling up the DagBag from /opt/airflow/dags/daily_revenue_etl_dag.py
[2026-04-13T10:02:48.859+0000] {processor.py:840} INFO - DAG(s) 'daily_revenue_etl_dag' retrieved from /opt/airflow/dags/daily_revenue_etl_dag.py
[2026-04-13T10:02:48.871+0000] {logging_mixin.py:188} INFO - [2026-04-13T10:02:48.871+0000] {dag.py:3036} INFO - Sync 1 DAGs
[2026-04-13T10:02:48.892+0000] {logging_mixin.py:188} INFO - [2026-04-13T10:02:48.892+0000] {dag.py:3823} INFO - Setting next_dagrun for daily_revenue_etl_dag to 2026-04-13 00:00:00+00:00, run_after=2026-04-14 00:00:00+00:00
[2026-04-13T10:02:48.912+0000] {processor.py:183} INFO - Processing /opt/airflow/dags/daily_revenue_etl_dag.py took 0.076 seconds
[2026-04-13T10:27:11.075+0000] {processor.py:161} INFO - Started process (PID=4511) to work on /opt/airflow/dags/daily_revenue_etl_dag.py
[2026-04-13T10:27:11.076+0000] {processor.py:830} INFO - Processing file /opt/airflow/dags/daily_revenue_etl_dag.py for tasks to queue
[2026-04-13T10:27:11.077+0000] {logging_mixin.py:188} INFO - [2026-04-13T10:27:11.077+0000] {dagbag.py:538} INFO - Filling up the DagBag from /opt/airflow/dags/daily_revenue_etl_dag.py
[2026-04-13T10:27:11.094+0000] {processor.py:840} INFO - DAG(s) 'daily_revenue_etl_dag' retrieved from /opt/airflow/dags/daily_revenue_etl_dag.py
[2026-04-13T10:27:11.125+0000] {logging_mixin.py:188} INFO - [2026-04-13T10:27:11.125+0000] {dag.py:3036} INFO - Sync 1 DAGs
[2026-04-13T10:27:11.146+0000] {logging_mixin.py:188} INFO - [2026-04-13T10:27:11.145+0000] {dag.py:3823} INFO - Setting next_dagrun for daily_revenue_etl_dag to 2026-04-13 00:00:00+00:00, run_after=2026-04-14 00:00:00+00:00
[2026-04-13T10:27:11.163+0000] {processor.py:183} INFO - Processing /opt/airflow/dags/daily_revenue_etl_dag.py took 0.092 seconds
[2026-04-13T10:27:41.258+0000] {processor.py:161} INFO - Started process (PID=4517) to work on /opt/airflow/dags/daily_revenue_etl_dag.py
[2026-04-13T10:27:41.259+0000] {processor.py:830} INFO - Processing file /opt/airflow/dags/daily_revenue_etl_dag.py for tasks to queue
[2026-04-13T10:27:41.260+0000] {logging_mixin.py:188} INFO - [2026-04-13T10:27:41.260+0000] {dagbag.py:538} INFO - Filling up the DagBag from /opt/airflow/dags/daily_revenue_etl_dag.py
[2026-04-13T10:27:41.279+0000] {processor.py:840} INFO - DAG(s) 'daily_revenue_etl_dag' retrieved from /opt/airflow/dags/daily_revenue_etl_dag.py
[2026-04-13T10:27:41.302+0000] {logging_mixin.py:188} INFO - [2026-04-13T10:27:41.302+0000] {dag.py:3036} INFO - Sync 1 DAGs
[2026-04-13T10:03:44.336+0000] {logging_mixin.py:188} INFO - [2026-04-13T10:27:41.327+0000] {dag.py:3823} INFO - Setting next_dagrun for daily_revenue_etl_dag to 2026-04-13 00:00:00+00:00, run_after=2026-04-14 00:00:00+00:00
[2026-04-13T10:03:44.363+0000] {processor.py:183} INFO - Processing /opt/airflow/dags/daily_revenue_etl_dag.py took 0.099 seconds
[2026-04-13T10:04:14.525+0000] {processor.py:161} INFO - Started process (PID=4522) to work on /opt/airflow/dags/daily_revenue_etl_dag.py
[2026-04-13T10:04:14.526+0000] {processor.py:830} INFO - Processing file /opt/airflow/dags/daily_revenue_etl_dag.py for tasks to queue
[2026-04-13T10:04:14.526+0000] {logging_mixin.py:188} INFO - [2026-04-13T10:04:14.526+0000] {dagbag.py:538} INFO - Filling up the DagBag from /opt/airflow/dags/daily_revenue_etl_dag.py
[2026-04-13T10:04:14.542+0000] {processor.py:840} INFO - DAG(s) 'daily_revenue_etl_dag' retrieved from /opt/airflow/dags/daily_revenue_etl_dag.py
[2026-04-13T10:04:14.554+0000] {logging_mixin.py:188} INFO - [2026-04-13T10:04:14.553+0000] {dag.py:3036} INFO - Sync 1 DAGs
[2026-04-13T10:04:14.571+0000] {logging_mixin.py:188} INFO - [2026-04-13T10:04:14.571+0000] {dag.py:3823} INFO - Setting next_dagrun for daily_revenue_etl_dag to 2026-04-13 00:00:00+00:00, run_after=2026-04-14 00:00:00+00:00
[2026-04-13T10:04:14.589+0000] {processor.py:183} INFO - Processing /opt/airflow/dags/daily_revenue_etl_dag.py took 0.067 seconds
[2026-04-13T10:04:44.713+0000] {processor.py:161} INFO - Started process (PID=4527) to work on /opt/airflow/dags/daily_revenue_etl_dag.py
[2026-04-13T10:04:44.715+0000] {processor.py:830} INFO - Processing file /opt/airflow/dags/daily_revenue_etl_dag.py for tasks to queue
[2026-04-13T10:04:44.716+0000] {logging_mixin.py:188} INFO - [2026-04-13T10:04:44.716+0000] {dagbag.py:538} INFO - Filling up the DagBag from /opt/airflow/dags/daily_revenue_etl_dag.py
[2026-04-13T10:04:44.733+0000] {processor.py:840} INFO - DAG(s) 'daily_revenue_etl_dag' retrieved from /opt/airflow/dags/daily_revenue_etl_dag.py
[2026-04-13T10:04:44.749+0000] {logging_mixin.py:188} INFO - [2026-04-13T10:04:44.749+0000] {dag.py:3036} INFO - Sync 1 DAGs
[2026-04-13T10:04:44.776+0000] {logging_mixin.py:188} INFO - [2026-04-13T10:04:44.776+0000] {dag.py:3823} INFO - Setting next_dagrun for daily_revenue_etl_dag to 2026-04-13 00:00:00+00:00, run_after=2026-04-14 00:00:00+00:00
[2026-04-13T10:04:44.794+0000] {processor.py:183} INFO - Processing /opt/airflow/dags/daily_revenue_etl_dag.py took 0.085 seconds
[2026-04-13T10:05:14.961+0000] {processor.py:161} INFO - Started process (PID=4533) to work on /opt/airflow/dags/daily_revenue_etl_dag.py
[2026-04-13T10:05:14.962+0000] {processor.py:830} INFO - Processing file /opt/airflow/dags/daily_revenue_etl_dag.py for tasks to queue
[2026-04-13T10:05:14.963+0000] {logging_mixin.py:188} INFO - [2026-04-13T10:05:14.962+0000] {dagbag.py:538} INFO - Filling up the DagBag from /opt/airflow/dags/daily_revenue_etl_dag.py
[2026-04-13T10:05:14.982+0000] {processor.py:840} INFO - DAG(s) 'daily_revenue_etl_dag' retrieved from /opt/airflow/dags/daily_revenue_etl_dag.py
[2026-04-13T10:05:14.995+0000] {logging_mixin.py:188} INFO - [2026-04-13T10:05:14.995+0000] {dag.py:3036} INFO - Sync 1 DAGs
[2026-04-13T10:05:15.018+0000] {logging_mixin.py:188} INFO - [2026-04-13T10:05:15.017+0000] {dag.py:3823} INFO - Setting next_dagrun for daily_revenue_etl_dag to 2026-04-13 00:00:00+00:00, run_after=2026-04-14 00:00:00+00:00
[2026-04-13T10:05:15.036+0000] {processor.py:183} INFO - Processing /opt/airflow/dags/daily_revenue_etl_dag.py took 0.078 seconds
[2026-04-13T10:29:15.100+0000] {processor.py:161} INFO - Started process (PID=4538) to work on /opt/airflow/dags/daily_revenue_etl_dag.py
[2026-04-13T10:29:15.103+0000] {processor.py:830} INFO - Processing file /opt/airflow/dags/daily_revenue_etl_dag.py for tasks to queue
[2026-04-13T10:29:15.104+0000] {logging_mixin.py:188} INFO - [2026-04-13T10:29:15.104+0000] {dagbag.py:538} INFO - Filling up the DagBag from /opt/airflow/dags/daily_revenue_etl_dag.py
[2026-04-13T10:29:15.137+0000] {processor.py:840} INFO - DAG(s) 'daily_revenue_etl_dag' retrieved from /opt/airflow/dags/daily_revenue_etl_dag.py
[2026-04-13T10:05:18.198+0000] {logging_mixin.py:188} INFO - [2026-04-13T10:05:18.197+0000] {dag.py:3036} INFO - Sync 1 DAGs
[2026-04-13T10:05:18.237+0000] {logging_mixin.py:188} INFO - [2026-04-13T10:05:18.236+0000] {dag.py:3823} INFO - Setting next_dagrun for daily_revenue_etl_dag to 2026-04-13 00:00:00+00:00, run_after=2026-04-14 00:00:00+00:00
[2026-04-13T10:05:18.287+0000] {processor.py:183} INFO - Processing /opt/airflow/dags/daily_revenue_etl_dag.py took 0.183 seconds
[2026-04-13T10:29:16.351+0000] {processor.py:161} INFO - Started process (PID=4543) to work on /opt/airflow/dags/daily_revenue_etl_dag.py
[2026-04-13T10:29:16.353+0000] {processor.py:830} INFO - Processing file /opt/airflow/dags/daily_revenue_etl_dag.py for tasks to queue
[2026-04-13T10:29:16.355+0000] {logging_mixin.py:188} INFO - [2026-04-13T10:29:16.355+0000] {dagbag.py:538} INFO - Filling up the DagBag from /opt/airflow/dags/daily_revenue_etl_dag.py
[2026-04-13T10:29:16.382+0000] {processor.py:840} INFO - DAG(s) 'daily_revenue_etl_dag' retrieved from /opt/airflow/dags/daily_revenue_etl_dag.py
[2026-04-13T10:29:16.416+0000] {logging_mixin.py:188} INFO - [2026-04-13T10:29:16.416+0000] {dag.py:3036} INFO - Sync 1 DAGs
[2026-04-13T10:29:16.454+0000] {logging_mixin.py:188} INFO - [2026-04-13T10:29:16.454+0000] {dag.py:3823} INFO - Setting next_dagrun for daily_revenue_etl_dag to 2026-04-13 00:00:00+00:00, run_after=2026-04-14 00:00:00+00:00
[2026-04-13T10:29:16.489+0000] {processor.py:183} INFO - Processing /opt/airflow/dags/daily_revenue_etl_dag.py took 0.144 seconds
[2026-04-13T10:05:49.562+0000] {processor.py:161} INFO - Started process (PID=4548) to work on /opt/airflow/dags/daily_revenue_etl_dag.py
[2026-04-13T10:05:49.563+0000] {processor.py:830} INFO - Processing file /opt/airflow/dags/daily_revenue_etl_dag.py for tasks to queue
[2026-04-13T10:05:49.564+0000] {logging_mixin.py:188} INFO - [2026-04-13T10:05:49.563+0000] {dagbag.py:538} INFO - Filling up the DagBag from /opt/airflow/dags/daily_revenue_etl_dag.py
[2026-04-13T10:05:49.580+0000] {processor.py:840} INFO - DAG(s) 'daily_revenue_etl_dag' retrieved from /opt/airflow/dags/daily_revenue_etl_dag.py
[2026-04-13T10:05:49.594+0000] {logging_mixin.py:188} INFO - [2026-04-13T10:05:49.594+0000] {dag.py:3036} INFO - Sync 1 DAGs
[2026-04-13T10:05:49.612+0000] {logging_mixin.py:188} INFO - [2026-04-13T10:05:49.612+0000] {dag.py:3823} INFO - Setting next_dagrun for daily_revenue_etl_dag to 2026-04-13 00:00:00+00:00, run_after=2026-04-14 00:00:00+00:00
[2026-04-13T10:05:49.631+0000] {processor.py:183} INFO - Processing /opt/airflow/dags/daily_revenue_etl_dag.py took 0.073 seconds
[2026-04-13T10:29:51.577+0000] {processor.py:161} INFO - Started process (PID=4553) to work on /opt/airflow/dags/daily_revenue_etl_dag.py
[2026-04-13T10:29:51.578+0000] {processor.py:830} INFO - Processing file /opt/airflow/dags/daily_revenue_etl_dag.py for tasks to queue
[2026-04-13T10:29:51.579+0000] {logging_mixin.py:188} INFO - [2026-04-13T10:29:51.579+0000] {dagbag.py:538} INFO - Filling up the DagBag from /opt/airflow/dags/daily_revenue_etl_dag.py
[2026-04-13T10:05:54.605+0000] {processor.py:840} INFO - DAG(s) 'daily_revenue_etl_dag' retrieved from /opt/airflow/dags/daily_revenue_etl_dag.py
[2026-04-13T10:05:54.619+0000] {logging_mixin.py:188} INFO - [2026-04-13T10:05:54.619+0000] {dag.py:3036} INFO - Sync 1 DAGs
[2026-04-13T10:05:54.642+0000] {logging_mixin.py:188} INFO - [2026-04-13T10:05:54.642+0000] {dag.py:3823} INFO - Setting next_dagrun for daily_revenue_etl_dag to 2026-04-13 00:00:00+00:00, run_after=2026-04-14 00:00:00+00:00
[2026-04-13T10:05:54.660+0000] {processor.py:183} INFO - Processing /opt/airflow/dags/daily_revenue_etl_dag.py took 0.084 seconds
[2026-04-13T10:06:24.868+0000] {processor.py:161} INFO - Started process (PID=4558) to work on /opt/airflow/dags/daily_revenue_etl_dag.py
[2026-04-13T10:06:24.869+0000] {processor.py:830} INFO - Processing file /opt/airflow/dags/daily_revenue_etl_dag.py for tasks to queue
[2026-04-13T10:06:24.870+0000] {logging_mixin.py:188} INFO - [2026-04-13T10:06:24.870+0000] {dagbag.py:538} INFO - Filling up the DagBag from /opt/airflow/dags/daily_revenue_etl_dag.py
[2026-04-13T10:06:24.887+0000] {processor.py:840} INFO - DAG(s) 'daily_revenue_etl_dag' retrieved from /opt/airflow/dags/daily_revenue_etl_dag.py
[2026-04-13T10:06:24.902+0000] {logging_mixin.py:188} INFO - [2026-04-13T10:06:24.901+0000] {dag.py:3036} INFO - Sync 1 DAGs
[2026-04-13T10:06:24.925+0000] {logging_mixin.py:188} INFO - [2026-04-13T10:06:24.925+0000] {dag.py:3823} INFO - Setting next_dagrun for daily_revenue_etl_dag to 2026-04-13 00:00:00+00:00, run_after=2026-04-14 00:00:00+00:00
[2026-04-13T10:06:24.941+0000] {processor.py:183} INFO - Processing /opt/airflow/dags/daily_revenue_etl_dag.py took 0.076 seconds
[2026-04-13T10:30:45.038+0000] {processor.py:161} INFO - Started process (PID=4564) to work on /opt/airflow/dags/daily_revenue_etl_dag.py
[2026-04-13T10:30:45.040+0000] {processor.py:830} INFO - Processing file /opt/airflow/dags/daily_revenue_etl_dag.py for tasks to queue
[2026-04-13T10:30:45.042+0000] {logging_mixin.py:188} INFO - [2026-04-13T10:30:45.041+0000] {dagbag.py:538} INFO - Filling up the DagBag from /opt/airflow/dags/daily_revenue_etl_dag.py
[2026-04-13T10:30:45.077+0000] {processor.py:840} INFO - DAG(s) 'daily_revenue_etl_dag' retrieved from /opt/airflow/dags/daily_revenue_etl_dag.py
[2026-04-13T10:30:45.119+0000] {logging_mixin.py:188} INFO - [2026-04-13T10:30:45.118+0000] {dag.py:3036} INFO - Sync 1 DAGs
[2026-04-13T10:30:45.152+0000] {logging_mixin.py:188} INFO - [2026-04-13T10:30:45.152+0000] {dag.py:3823} INFO - Setting next_dagrun for daily_revenue_etl_dag to 2026-04-13 00:00:00+00:00, run_after=2026-04-14 00:00:00+00:00
[2026-04-13T10:06:48.209+0000] {processor.py:183} INFO - Processing /opt/airflow/dags/daily_revenue_etl_dag.py took 0.166 seconds
[2026-04-13T10:07:18.291+0000] {processor.py:161} INFO - Started process (PID=4569) to work on /opt/airflow/dags/daily_revenue_etl_dag.py
[2026-04-13T10:07:18.292+0000] {processor.py:830} INFO - Processing file /opt/airflow/dags/daily_revenue_etl_dag.py for tasks to queue
[2026-04-13T10:07:18.293+0000] {logging_mixin.py:188} INFO - [2026-04-13T10:07:18.293+0000] {dagbag.py:538} INFO - Filling up the DagBag from /opt/airflow/dags/daily_revenue_etl_dag.py
[2026-04-13T10:07:18.310+0000] {processor.py:840} INFO - DAG(s) 'daily_revenue_etl_dag' retrieved from /opt/airflow/dags/daily_revenue_etl_dag.py
[2026-04-13T10:07:18.323+0000] {logging_mixin.py:188} INFO - [2026-04-13T10:07:18.323+0000] {dag.py:3036} INFO - Sync 1 DAGs
[2026-04-13T10:07:18.351+0000] {logging_mixin.py:188} INFO - [2026-04-13T10:07:18.350+0000] {dag.py:3823} INFO - Setting next_dagrun for daily_revenue_etl_dag to 2026-04-13 00:00:00+00:00, run_after=2026-04-14 00:00:00+00:00
[2026-04-13T10:07:18.370+0000] {processor.py:183} INFO - Processing /opt/airflow/dags/daily_revenue_etl_dag.py took 0.082 seconds
[2026-04-13T10:07:48.487+0000] {processor.py:161} INFO - Started process (PID=4574) to work on /opt/airflow/dags/daily_revenue_etl_dag.py
[2026-04-13T10:07:48.488+0000] {processor.py:830} INFO - Processing file /opt/airflow/dags/daily_revenue_etl_dag.py for tasks to queue
[2026-04-13T10:07:48.489+0000] {logging_mixin.py:188} INFO - [2026-04-13T10:07:48.489+0000] {dagbag.py:538} INFO - Filling up the DagBag from /opt/airflow/dags/daily_revenue_etl_dag.py
[2026-04-13T10:07:48.507+0000] {processor.py:840} INFO - DAG(s) 'daily_revenue_etl_dag' retrieved from /opt/airflow/dags/daily_revenue_etl_dag.py
[2026-04-13T10:07:48.520+0000] {logging_mixin.py:188} INFO - [2026-04-13T10:07:48.519+0000] {dag.py:3036} INFO - Sync 1 DAGs
[2026-04-13T10:07:48.539+0000] {logging_mixin.py:188} INFO - [2026-04-13T10:07:48.539+0000] {dag.py:3823} INFO - Setting next_dagrun for daily_revenue_etl_dag to 2026-04-13 00:00:00+00:00, run_after=2026-04-14 00:00:00+00:00
[2026-04-13T10:07:48.559+0000] {processor.py:183} INFO - Processing /opt/airflow/dags/daily_revenue_etl_dag.py took 0.076 seconds
[2026-04-13T10:31:46.592+0000] {processor.py:161} INFO - Started process (PID=4579) to work on /opt/airflow/dags/daily_revenue_etl_dag.py
[2026-04-13T10:31:46.593+0000] {processor.py:830} INFO - Processing file /opt/airflow/dags/daily_revenue_etl_dag.py for tasks to queue
[2026-04-13T10:31:46.594+0000] {logging_mixin.py:188} INFO - [2026-04-13T10:31:46.594+0000] {dagbag.py:538} INFO - Filling up the DagBag from /opt/airflow/dags/daily_revenue_etl_dag.py
[2026-04-13T10:31:46.611+0000] {processor.py:840} INFO - DAG(s) 'daily_revenue_etl_dag' retrieved from /opt/airflow/dags/daily_revenue_etl_dag.py
[2026-04-13T10:31:46.635+0000] {logging_mixin.py:188} INFO - [2026-04-13T10:31:46.635+0000] {dag.py:3036} INFO - Sync 1 DAGs
[2026-04-13T10:31:46.654+0000] {logging_mixin.py:188} INFO - [2026-04-13T10:31:46.654+0000] {dag.py:3823} INFO - Setting next_dagrun for daily_revenue_etl_dag to 2026-04-13 00:00:00+00:00, run_after=2026-04-14 00:00:00+00:00
[2026-04-13T10:31:46.671+0000] {processor.py:183} INFO - Processing /opt/airflow/dags/daily_revenue_etl_dag.py took 0.083 seconds
[2026-04-13T10:32:16.785+0000] {processor.py:161} INFO - Started process (PID=4585) to work on /opt/airflow/dags/daily_revenue_etl_dag.py
[2026-04-13T10:32:16.786+0000] {processor.py:830} INFO - Processing file /opt/airflow/dags/daily_revenue_etl_dag.py for tasks to queue
[2026-04-13T10:32:16.787+0000] {logging_mixin.py:188} INFO - [2026-04-13T10:32:16.787+0000] {dagbag.py:538} INFO - Filling up the DagBag from /opt/airflow/dags/daily_revenue_etl_dag.py
[2026-04-13T10:32:16.803+0000] {processor.py:840} INFO - DAG(s) 'daily_revenue_etl_dag' retrieved from /opt/airflow/dags/daily_revenue_etl_dag.py
[2026-04-13T10:08:19.833+0000] {logging_mixin.py:188} INFO - [2026-04-13T10:08:19.832+0000] {dag.py:3036} INFO - Sync 1 DAGs
[2026-04-13T10:08:19.860+0000] {logging_mixin.py:188} INFO - [2026-04-13T10:08:19.860+0000] {dag.py:3823} INFO - Setting next_dagrun for daily_revenue_etl_dag to 2026-04-13 00:00:00+00:00, run_after=2026-04-14 00:00:00+00:00
[2026-04-13T10:08:19.878+0000] {processor.py:183} INFO - Processing /opt/airflow/dags/daily_revenue_etl_dag.py took 0.089 seconds
[2026-04-13T10:32:45.034+0000] {processor.py:161} INFO - Started process (PID=4590) to work on /opt/airflow/dags/daily_revenue_etl_dag.py
[2026-04-13T10:32:45.035+0000] {processor.py:830} INFO - Processing file /opt/airflow/dags/daily_revenue_etl_dag.py for tasks to queue
[2026-04-13T10:32:45.036+0000] {logging_mixin.py:188} INFO - [2026-04-13T10:32:45.036+0000] {dagbag.py:538} INFO - Filling up the DagBag from /opt/airflow/dags/daily_revenue_etl_dag.py
[2026-04-13T10:32:45.052+0000] {processor.py:840} INFO - DAG(s) 'daily_revenue_etl_dag' retrieved from /opt/airflow/dags/daily_revenue_etl_dag.py
[2026-04-13T10:32:45.077+0000] {logging_mixin.py:188} INFO - [2026-04-13T10:32:45.076+0000] {dag.py:3036} INFO - Sync 1 DAGs
[2026-04-13T10:32:45.097+0000] {logging_mixin.py:188} INFO - [2026-04-13T10:32:45.097+0000] {dag.py:3823} INFO - Setting next_dagrun for daily_revenue_etl_dag to 2026-04-13 00:00:00+00:00, run_after=2026-04-14 00:00:00+00:00
[2026-04-13T10:32:45.117+0000] {processor.py:183} INFO - Processing /opt/airflow/dags/daily_revenue_etl_dag.py took 0.086 seconds
[2026-04-13T10:09:18.255+0000] {processor.py:161} INFO - Started process (PID=4596) to work on /opt/airflow/dags/daily_revenue_etl_dag.py
[2026-04-13T10:09:18.256+0000] {processor.py:830} INFO - Processing file /opt/airflow/dags/daily_revenue_etl_dag.py for tasks to queue
[2026-04-13T10:09:18.257+0000] {logging_mixin.py:188} INFO - [2026-04-13T10:09:18.257+0000] {dagbag.py:538} INFO - Filling up the DagBag from /opt/airflow/dags/daily_revenue_etl_dag.py
[2026-04-13T10:09:18.288+0000] {processor.py:840} INFO - DAG(s) 'daily_revenue_etl_dag' retrieved from /opt/airflow/dags/daily_revenue_etl_dag.py
[2026-04-13T10:09:18.304+0000] {logging_mixin.py:188} INFO - [2026-04-13T10:09:18.304+0000] {dag.py:3036} INFO - Sync 1 DAGs
[2026-04-13T10:09:18.339+0000] {logging_mixin.py:188} INFO - [2026-04-13T10:09:18.338+0000] {dag.py:3823} INFO - Setting next_dagrun for daily_revenue_etl_dag to 2026-04-13 00:00:00+00:00, run_after=2026-04-14 00:00:00+00:00
[2026-04-13T10:09:18.365+0000] {processor.py:183} INFO - Processing /opt/airflow/dags/daily_revenue_etl_dag.py took 0.116 seconds
