[2026-03-18T07:16:50.563+0000] {manager.py:469} INFO - Processing files using up to 2 processes at a time 
[2026-03-18T07:16:50.564+0000] {manager.py:470} INFO - Process each file at most once every 30 seconds
[2026-03-18T07:16:50.565+0000] {manager.py:471} INFO - Checking for new files in /opt/airflow/dags every 300 seconds
[2026-03-18T07:16:50.565+0000] {manager.py:738} INFO - Searching for files in /opt/airflow/dags
[2026-03-18T07:16:50.574+0000] {manager.py:741} INFO - There are 1 files in /opt/airflow/dags
[2026-03-18T07:16:50.682+0000] {manager.py:879} INFO - 
================================================================================
DAG File Processing Stats

File Path                        PID  Runtime      # DAGs    # Errors  Last Runtime    Last Run
-----------------------------  -----  ---------  --------  ----------  --------------  ----------
/opt/airflow/dags/etl_dags.py    175  0.06s             0           0
================================================================================
[2026-03-18T07:40:34.881+0000] {manager.py:738} INFO - Searching for files in /opt/airflow/dags
[2026-03-18T07:40:34.906+0000] {manager.py:741} INFO - There are 1 files in /opt/airflow/dags
[2026-03-18T07:17:21.273+0000] {manager.py:879} INFO - 
================================================================================
DAG File Processing Stats

File Path                      PID    Runtime      # DAGs    # Errors  Last Runtime    Last Run
-----------------------------  -----  ---------  --------  ----------  --------------  -------------------
/opt/airflow/dags/etl_dags.py                           1           0  0.13s           2026-03-18T07:40:37
================================================================================
[2026-03-18T07:17:51.605+0000] {manager.py:879} INFO - 
================================================================================
DAG File Processing Stats

File Path                      PID    Runtime      # DAGs    # Errors  Last Runtime    Last Run
-----------------------------  -----  ---------  --------  ----------  --------------  -------------------
/opt/airflow/dags/etl_dags.py                           1           0  -1399.62s       2026-03-18T07:17:47
================================================================================
[2026-03-18T07:41:42.049+0000] {manager.py:879} INFO - 
================================================================================
DAG File Processing Stats

File Path                      PID    Runtime      # DAGs    # Errors  Last Runtime    Last Run
-----------------------------  -----  ---------  --------  ----------  --------------  -------------------
/opt/airflow/dags/etl_dags.py                           1           0  1399.82s        2026-03-18T07:41:32
================================================================================
[2026-03-18T07:42:12.081+0000] {manager.py:879} INFO - 
================================================================================
DAG File Processing Stats

File Path                      PID    Runtime      # DAGs    # Errors  Last Runtime    Last Run
-----------------------------  -----  ---------  --------  ----------  --------------  -------------------
/opt/airflow/dags/etl_dags.py                           1           0  1399.83s        2026-03-18T07:42:07
================================================================================
[2026-03-18T07:42:42.198+0000] {manager.py:879} INFO - 
================================================================================
DAG File Processing Stats

File Path                      PID    Runtime      # DAGs    # Errors  Last Runtime    Last Run
-----------------------------  -----  ---------  --------  ----------  --------------  -------------------
/opt/airflow/dags/etl_dags.py                           1           0  1399.83s        2026-03-18T07:42:42
================================================================================
[2026-03-18T07:19:25.862+0000] {manager.py:451} INFO - Exiting gracefully upon receiving signal 15
[2026-03-18T07:19:56.661+0000] {manager.py:469} INFO - Processing files using up to 2 processes at a time 
[2026-03-18T07:19:56.662+0000] {manager.py:470} INFO - Process each file at most once every 30 seconds
[2026-03-18T07:19:56.662+0000] {manager.py:471} INFO - Checking for new files in /opt/airflow/dags every 300 seconds
[2026-03-18T07:19:56.663+0000] {manager.py:738} INFO - Searching for files in /opt/airflow/dags
[2026-03-18T07:19:56.685+0000] {manager.py:741} INFO - There are 1 files in /opt/airflow/dags
[2026-03-18T07:19:56.816+0000] {manager.py:879} INFO - 
================================================================================
DAG File Processing Stats

File Path                        PID  Runtime      # DAGs    # Errors  Last Runtime    Last Run
-----------------------------  -----  ---------  --------  ----------  --------------  ----------
/opt/airflow/dags/etl_dags.py    175  0.06s             0           0
================================================================================
[2026-03-18T07:43:17.308+0000] {manager.py:738} INFO - Searching for files in /opt/airflow/dags
[2026-03-18T07:43:17.335+0000] {manager.py:741} INFO - There are 1 files in /opt/airflow/dags
[2026-03-18T07:43:46.613+0000] {manager.py:879} INFO - 
================================================================================
DAG File Processing Stats

File Path                      PID    Runtime      # DAGs    # Errors  Last Runtime    Last Run
-----------------------------  -----  ---------  --------  ----------  --------------  -------------------
/opt/airflow/dags/etl_dags.py                           1           0  1399.89s        2026-03-18T07:43:17
================================================================================
[2026-03-18T07:20:56.963+0000] {manager.py:879} INFO - 
================================================================================
DAG File Processing Stats

File Path                      PID    Runtime      # DAGs    # Errors  Last Runtime    Last Run
-----------------------------  -----  ---------  --------  ----------  --------------  -------------------
/opt/airflow/dags/etl_dags.py                           1           0  0.12s           2026-03-18T07:43:47
================================================================================
[2026-03-18T07:21:27.176+0000] {manager.py:879} INFO - 
================================================================================
DAG File Processing Stats

File Path                      PID    Runtime      # DAGs    # Errors  Last Runtime    Last Run
-----------------------------  -----  ---------  --------  ----------  --------------  -------------------
/opt/airflow/dags/etl_dags.py                           1           0  0.11s           2026-03-18T07:44:34
================================================================================
[2026-03-18T07:45:17.385+0000] {manager.py:879} INFO - 
================================================================================
DAG File Processing Stats

File Path                      PID    Runtime      # DAGs    # Errors  Last Runtime    Last Run
-----------------------------  -----  ---------  --------  ----------  --------------  -------------------
/opt/airflow/dags/etl_dags.py                           1           0  1399.83s        2026-03-18T07:44:57
================================================================================
[2026-03-18T07:22:11.644+0000] {manager.py:451} INFO - Exiting gracefully upon receiving signal 15
[2026-03-18T07:22:30.914+0000] {manager.py:469} INFO - Processing files using up to 2 processes at a time 
[2026-03-18T07:22:30.915+0000] {manager.py:470} INFO - Process each file at most once every 30 seconds
[2026-03-18T07:22:30.916+0000] {manager.py:471} INFO - Checking for new files in /opt/airflow/dags every 300 seconds
[2026-03-18T07:22:30.917+0000] {manager.py:738} INFO - Searching for files in /opt/airflow/dags
[2026-03-18T07:22:30.938+0000] {manager.py:741} INFO - There are 1 files in /opt/airflow/dags
[2026-03-18T07:22:31.075+0000] {manager.py:879} INFO - 
================================================================================
DAG File Processing Stats

File Path                        PID  Runtime      # DAGs    # Errors  Last Runtime    Last Run
-----------------------------  -----  ---------  --------  ----------  --------------  ----------
/opt/airflow/dags/etl_dags.py    175  0.06s             0           0
================================================================================
[2026-03-18T07:45:52.402+0000] {manager.py:738} INFO - Searching for files in /opt/airflow/dags
[2026-03-18T07:45:52.422+0000] {manager.py:741} INFO - There are 1 files in /opt/airflow/dags
[2026-03-18T07:23:01.768+0000] {manager.py:879} INFO - 
================================================================================
DAG File Processing Stats

File Path                      PID    Runtime      # DAGs    # Errors  Last Runtime    Last Run
-----------------------------  -----  ---------  --------  ----------  --------------  -------------------
/opt/airflow/dags/etl_dags.py                           1           0  1399.83s        2026-03-18T07:45:52
================================================================================
[2026-03-18T07:23:32.111+0000] {manager.py:879} INFO - 
================================================================================
DAG File Processing Stats

File Path                      PID    Runtime      # DAGs    # Errors  Last Runtime    Last Run
-----------------------------  -----  ---------  --------  ----------  --------------  -------------------
/opt/airflow/dags/etl_dags.py                           1           0  0.12s           2026-03-18T07:46:22
================================================================================
[2026-03-18T07:47:22.488+0000] {manager.py:879} INFO - 
================================================================================
DAG File Processing Stats

File Path                      PID    Runtime      # DAGs    # Errors  Last Runtime    Last Run
-----------------------------  -----  ---------  --------  ----------  --------------  -------------------
/opt/airflow/dags/etl_dags.py                           1           0  1399.93s        2026-03-18T07:47:07
================================================================================
[2026-03-18T07:47:52.719+0000] {manager.py:879} INFO - 
================================================================================
DAG File Processing Stats

File Path                      PID    Runtime      # DAGs    # Errors  Last Runtime    Last Run
-----------------------------  -----  ---------  --------  ----------  --------------  -------------------
/opt/airflow/dags/etl_dags.py                           1           0  0.13s           2026-03-18T07:47:37
================================================================================
[2026-03-18T07:25:03.201+0000] {manager.py:879} INFO - 
================================================================================
DAG File Processing Stats

File Path                      PID    Runtime      # DAGs    # Errors  Last Runtime    Last Run
-----------------------------  -----  ---------  --------  ----------  --------------  -------------------
/opt/airflow/dags/etl_dags.py                           1           0  0.13s           2026-03-18T07:47:37
================================================================================
[2026-03-18T07:25:33.983+0000] {manager.py:879} INFO - 
================================================================================
DAG File Processing Stats

File Path                      PID    Runtime      # DAGs    # Errors  Last Runtime    Last Run
-----------------------------  -----  ---------  --------  ----------  --------------  -------------------
/opt/airflow/dags/etl_dags.py                           1           0  1399.80s        2026-03-18T07:48:37
================================================================================
[2026-03-18T07:49:23.742+0000] {manager.py:879} INFO - 
================================================================================
DAG File Processing Stats

File Path                      PID    Runtime      # DAGs    # Errors  Last Runtime    Last Run
-----------------------------  -----  ---------  --------  ----------  --------------  -------------------
/opt/airflow/dags/etl_dags.py                           1           0  1399.89s        2026-03-18T07:49:12
================================================================================
[2026-03-18T07:26:34.253+0000] {manager.py:879} INFO - 
================================================================================
DAG File Processing Stats

File Path                      PID    Runtime      # DAGs    # Errors  Last Runtime    Last Run
-----------------------------  -----  ---------  --------  ----------  --------------  -------------------
/opt/airflow/dags/etl_dags.py                           1           0  0.15s           2026-03-18T07:49:42
================================================================================
[2026-03-18T07:27:04.493+0000] {manager.py:879} INFO - 
================================================================================
DAG File Processing Stats

File Path                      PID    Runtime      # DAGs    # Errors  Last Runtime    Last Run
-----------------------------  -----  ---------  --------  ----------  --------------  -------------------
/opt/airflow/dags/etl_dags.py                           1           0  0.15s           2026-03-18T07:49:42
================================================================================
[2026-03-18T07:27:34.675+0000] {manager.py:879} INFO - 
================================================================================
DAG File Processing Stats

File Path                      PID    Runtime      # DAGs    # Errors  Last Runtime    Last Run
-----------------------------  -----  ---------  --------  ----------  --------------  -------------------
/opt/airflow/dags/etl_dags.py                           1           0  0.15s           2026-03-18T07:49:42
================================================================================
[2026-03-18T07:51:13.556+0000] {manager.py:738} INFO - Searching for files in /opt/airflow/dags
[2026-03-18T07:51:13.738+0000] {manager.py:741} INFO - There are 1 files in /opt/airflow/dags
[2026-03-18T07:51:24.974+0000] {manager.py:879} INFO - 
================================================================================
DAG File Processing Stats

File Path                      PID    Runtime      # DAGs    # Errors  Last Runtime    Last Run
-----------------------------  -----  ---------  --------  ----------  --------------  -------------------
/opt/airflow/dags/etl_dags.py                           1           0  1.03s           2026-03-18T07:51:14
================================================================================
[2026-03-18T07:28:36.150+0000] {manager.py:879} INFO - 
================================================================================
DAG File Processing Stats

File Path                      PID    Runtime      # DAGs    # Errors  Last Runtime    Last Run
-----------------------------  -----  ---------  --------  ----------  --------------  -------------------
/opt/airflow/dags/etl_dags.py                           1           0  1399.82s        2026-03-18T07:51:52
================================================================================
[2026-03-18T07:29:06.415+0000] {manager.py:879} INFO - 
================================================================================
DAG File Processing Stats

File Path                      PID    Runtime      # DAGs    # Errors  Last Runtime    Last Run
-----------------------------  -----  ---------  --------  ----------  --------------  -------------------
/opt/airflow/dags/etl_dags.py                           1           0  0.09s           2026-03-18T07:52:23
================================================================================
[2026-03-18T07:29:36.602+0000] {manager.py:879} INFO - 
================================================================================
DAG File Processing Stats

File Path                      PID    Runtime      # DAGs    # Errors  Last Runtime    Last Run
-----------------------------  -----  ---------  --------  ----------  --------------  -------------------
/opt/airflow/dags/etl_dags.py                           1           0  0.09s           2026-03-18T07:52:23
================================================================================
[2026-03-18T07:30:06.789+0000] {manager.py:879} INFO - 
================================================================================
DAG File Processing Stats

File Path                      PID    Runtime      # DAGs    # Errors  Last Runtime    Last Run
-----------------------------  -----  ---------  --------  ----------  --------------  -------------------
/opt/airflow/dags/etl_dags.py                           1           0  0.09s           2026-03-18T07:52:23
================================================================================
[2026-03-18T07:30:37.006+0000] {manager.py:879} INFO - 
================================================================================
DAG File Processing Stats

File Path                      PID    Runtime      # DAGs    # Errors  Last Runtime    Last Run
-----------------------------  -----  ---------  --------  ----------  --------------  -------------------
/opt/airflow/dags/etl_dags.py                           1           0  0.17s           2026-03-18T07:53:28
================================================================================
[2026-03-18T07:31:07.329+0000] {manager.py:879} INFO - 
================================================================================
DAG File Processing Stats

File Path                      PID    Runtime      # DAGs    # Errors  Last Runtime    Last Run
-----------------------------  -----  ---------  --------  ----------  --------------  -------------------
/opt/airflow/dags/etl_dags.py                           1           0  0.12s           2026-03-18T07:54:05
================================================================================
[2026-03-18T07:31:37.462+0000] {manager.py:879} INFO - 
================================================================================
DAG File Processing Stats

File Path                      PID    Runtime      # DAGs    # Errors  Last Runtime    Last Run
-----------------------------  -----  ---------  --------  ----------  --------------  -------------------
/opt/airflow/dags/etl_dags.py                           1           0  1399.79s        2026-03-18T07:54:38
================================================================================
[2026-03-18T07:32:07.726+0000] {manager.py:879} INFO - 
================================================================================
DAG File Processing Stats

File Path                      PID    Runtime      # DAGs    # Errors  Last Runtime    Last Run
-----------------------------  -----  ---------  --------  ----------  --------------  -------------------
/opt/airflow/dags/etl_dags.py                           1           0  0.11s           2026-03-18T07:55:08
================================================================================
[2026-03-18T07:55:58.254+0000] {manager.py:879} INFO - 
================================================================================
DAG File Processing Stats

File Path                      PID    Runtime      # DAGs    # Errors  Last Runtime    Last Run
-----------------------------  -----  ---------  --------  ----------  --------------  -------------------
/opt/airflow/dags/etl_dags.py                           1           0  1399.80s        2026-03-18T07:55:43
================================================================================
[2026-03-18T07:56:18.446+0000] {manager.py:738} INFO - Searching for files in /opt/airflow/dags
[2026-03-18T07:56:18.461+0000] {manager.py:741} INFO - There are 1 files in /opt/airflow/dags
[2026-03-18T07:56:28.531+0000] {manager.py:879} INFO - 
================================================================================
DAG File Processing Stats

File Path                      PID    Runtime      # DAGs    # Errors  Last Runtime    Last Run
-----------------------------  -----  ---------  --------  ----------  --------------  -------------------
/opt/airflow/dags/etl_dags.py                           1           0  0.10s           2026-03-18T07:56:13
================================================================================
[2026-03-18T07:33:39.083+0000] {manager.py:879} INFO - 
================================================================================
DAG File Processing Stats

File Path                      PID    Runtime      # DAGs    # Errors  Last Runtime    Last Run
-----------------------------  -----  ---------  --------  ----------  --------------  -------------------
/opt/airflow/dags/etl_dags.py                           1           0  0.10s           2026-03-18T07:56:13
================================================================================
[2026-03-18T07:34:09.662+0000] {manager.py:879} INFO - 
================================================================================
DAG File Processing Stats

File Path                      PID    Runtime      # DAGs    # Errors  Last Runtime    Last Run
-----------------------------  -----  ---------  --------  ----------  --------------  -------------------
/opt/airflow/dags/etl_dags.py                           1           0  1399.78s        2026-03-18T07:57:18
================================================================================
[2026-03-18T07:34:39.795+0000] {manager.py:879} INFO - 
================================================================================
DAG File Processing Stats

File Path                      PID    Runtime      # DAGs    # Errors  Last Runtime    Last Run
-----------------------------  -----  ---------  --------  ----------  --------------  -------------------
/opt/airflow/dags/etl_dags.py                           1           0  1399.89s        2026-03-18T07:57:33
================================================================================
[2026-03-18T07:34:51.026+0000] {manager.py:451} INFO - Exiting gracefully upon receiving signal 15
[2026-03-18T07:35:15.688+0000] {manager.py:469} INFO - Processing files using up to 2 processes at a time 
[2026-03-18T07:35:15.689+0000] {manager.py:470} INFO - Process each file at most once every 30 seconds
[2026-03-18T07:35:15.690+0000] {manager.py:471} INFO - Checking for new files in /opt/airflow/dags every 300 seconds
[2026-03-18T07:35:15.690+0000] {manager.py:738} INFO - Searching for files in /opt/airflow/dags
[2026-03-18T07:35:15.711+0000] {manager.py:741} INFO - There are 1 files in /opt/airflow/dags
[2026-03-18T07:35:15.807+0000] {manager.py:879} INFO - 
================================================================================
DAG File Processing Stats

File Path                        PID  Runtime      # DAGs    # Errors  Last Runtime    Last Run
-----------------------------  -----  ---------  --------  ----------  --------------  ----------
/opt/airflow/dags/etl_dags.py    175  0.04s             0           0
================================================================================
[2026-03-18T07:58:38.517+0000] {manager.py:738} INFO - Searching for files in /opt/airflow/dags
[2026-03-18T07:58:38.529+0000] {manager.py:741} INFO - There are 1 files in /opt/airflow/dags
[2026-03-18T07:35:45.906+0000] {manager.py:879} INFO - 
================================================================================
DAG File Processing Stats

File Path                      PID    Runtime      # DAGs    # Errors  Last Runtime    Last Run
-----------------------------  -----  ---------  --------  ----------  --------------  -------------------
/opt/airflow/dags/etl_dags.py                           1           0  1399.79s        2026-03-18T07:58:38
================================================================================
[2026-03-18T07:36:16.211+0000] {manager.py:879} INFO - 
================================================================================
DAG File Processing Stats

File Path                      PID    Runtime      # DAGs    # Errors  Last Runtime    Last Run
-----------------------------  -----  ---------  --------  ----------  --------------  -------------------
/opt/airflow/dags/etl_dags.py                           1           0  0.09s           2026-03-18T07:59:08
================================================================================
[2026-03-18T07:36:46.259+0000] {manager.py:879} INFO - 
================================================================================
DAG File Processing Stats

File Path                        PID  Runtime      # DAGs    # Errors  Last Runtime    Last Run
-----------------------------  -----  ---------  --------  ----------  --------------  -------------------
/opt/airflow/dags/etl_dags.py    329  0.00s             1           0  0.10s           2026-03-18T07:36:46
================================================================================
[2026-03-18T07:37:17.008+0000] {manager.py:879} INFO - 
================================================================================
DAG File Processing Stats

File Path                      PID    Runtime      # DAGs    # Errors  Last Runtime    Last Run
-----------------------------  -----  ---------  --------  ----------  --------------  -------------------
/opt/airflow/dags/etl_dags.py                           1           0  1399.81s        2026-03-18T08:00:08
================================================================================
[2026-03-18T07:37:47.255+0000] {manager.py:879} INFO - 
================================================================================
DAG File Processing Stats

File Path                      PID    Runtime      # DAGs    # Errors  Last Runtime    Last Run
-----------------------------  -----  ---------  --------  ----------  --------------  -------------------
/opt/airflow/dags/etl_dags.py                           1           0  0.12s           2026-03-18T08:00:38
================================================================================
[2026-03-18T07:38:18.148+0000] {manager.py:879} INFO - 
================================================================================
DAG File Processing Stats

File Path                      PID    Runtime      # DAGs    # Errors  Last Runtime    Last Run
-----------------------------  -----  ---------  --------  ----------  --------------  -------------------
/opt/airflow/dags/etl_dags.py                           1           0  0.10s           2026-03-18T08:01:13
================================================================================
[2026-03-18T07:38:48.373+0000] {manager.py:879} INFO - 
================================================================================
DAG File Processing Stats

File Path                      PID    Runtime      # DAGs    # Errors  Last Runtime    Last Run
-----------------------------  -----  ---------  --------  ----------  --------------  -------------------
/opt/airflow/dags/etl_dags.py                           1           0  0.12s           2026-03-18T08:01:44
================================================================================
[2026-03-18T07:39:18.721+0000] {manager.py:879} INFO - 
================================================================================
DAG File Processing Stats

File Path                      PID    Runtime      # DAGs    # Errors  Last Runtime    Last Run
-----------------------------  -----  ---------  --------  ----------  --------------  -------------------
/opt/airflow/dags/etl_dags.py                           1           0  0.12s           2026-03-18T08:01:44
================================================================================
[2026-03-18T07:39:48.948+0000] {manager.py:879} INFO - 
================================================================================
DAG File Processing Stats

File Path                      PID    Runtime      # DAGs    # Errors  Last Runtime    Last Run
-----------------------------  -----  ---------  --------  ----------  --------------  -------------------
/opt/airflow/dags/etl_dags.py                           1           0  0.12s           2026-03-18T08:01:44
================================================================================
[2026-03-18T07:40:19.175+0000] {manager.py:879} INFO - 
================================================================================
DAG File Processing Stats

File Path                      PID    Runtime      # DAGs    # Errors  Last Runtime    Last Run
-----------------------------  -----  ---------  --------  ----------  --------------  -------------------
/opt/airflow/dags/etl_dags.py                           1           0  0.12s           2026-03-18T08:01:44
================================================================================
[2026-03-18T07:40:23.939+0000] {manager.py:451} INFO - Exiting gracefully upon receiving signal 15
[2026-03-18T08:50:32.259+0000] {manager.py:469} INFO - Processing files using up to 2 processes at a time 
[2026-03-18T08:50:32.260+0000] {manager.py:470} INFO - Process each file at most once every 30 seconds
[2026-03-18T08:50:32.261+0000] {manager.py:471} INFO - Checking for new files in /opt/airflow/dags every 300 seconds
[2026-03-18T08:50:32.261+0000] {manager.py:738} INFO - Searching for files in /opt/airflow/dags
[2026-03-18T08:50:32.275+0000] {manager.py:741} INFO - There are 1 files in /opt/airflow/dags
[2026-03-18T08:50:32.432+0000] {manager.py:879} INFO - 
================================================================================
DAG File Processing Stats

File Path                        PID  Runtime      # DAGs    # Errors  Last Runtime    Last Run
-----------------------------  -----  ---------  --------  ----------  --------------  ----------
/opt/airflow/dags/etl_dags.py    175  0.09s             0           0
================================================================================
[2026-03-18T09:13:52.720+0000] {manager.py:738} INFO - Searching for files in /opt/airflow/dags
[2026-03-18T09:13:52.737+0000] {manager.py:741} INFO - There are 1 files in /opt/airflow/dags
[2026-03-18T09:14:22.840+0000] {manager.py:879} INFO - 
================================================================================
DAG File Processing Stats

File Path                      PID    Runtime      # DAGs    # Errors  Last Runtime    Last Run
-----------------------------  -----  ---------  --------  ----------  --------------  -------------------
/opt/airflow/dags/etl_dags.py                           1           0  1399.57s        2026-03-18T09:13:57
================================================================================
[2026-03-18T08:51:33.598+0000] {manager.py:879} INFO - 
================================================================================
DAG File Processing Stats

File Path                      PID    Runtime      # DAGs    # Errors  Last Runtime    Last Run
-----------------------------  -----  ---------  --------  ----------  --------------  -------------------
/opt/airflow/dags/etl_dags.py                           1           0  0.10s           2026-03-18T09:14:27
================================================================================
[2026-03-18T08:52:03.815+0000] {manager.py:879} INFO - 
================================================================================
DAG File Processing Stats

File Path                      PID    Runtime      # DAGs    # Errors  Last Runtime    Last Run
-----------------------------  -----  ---------  --------  ----------  --------------  -------------------
/opt/airflow/dags/etl_dags.py                           1           0  0.10s           2026-03-18T09:14:27
================================================================================
[2026-03-18T08:52:34.057+0000] {manager.py:879} INFO - 
================================================================================
DAG File Processing Stats

File Path                      PID    Runtime      # DAGs    # Errors  Last Runtime    Last Run
-----------------------------  -----  ---------  --------  ----------  --------------  -------------------
/opt/airflow/dags/etl_dags.py                           1           0  0.10s           2026-03-18T09:15:37
================================================================================
[2026-03-18T08:53:04.297+0000] {manager.py:879} INFO - 
================================================================================
DAG File Processing Stats

File Path                      PID    Runtime      # DAGs    # Errors  Last Runtime    Last Run
-----------------------------  -----  ---------  --------  ----------  --------------  -------------------
/opt/airflow/dags/etl_dags.py                           1           0  0.10s           2026-03-18T09:15:37
================================================================================
[2026-03-18T08:53:34.512+0000] {manager.py:879} INFO - 
================================================================================
DAG File Processing Stats

File Path                      PID    Runtime      # DAGs    # Errors  Last Runtime    Last Run
-----------------------------  -----  ---------  --------  ----------  --------------  -------------------
/opt/airflow/dags/etl_dags.py                           1           0  0.10s           2026-03-18T09:16:53
================================================================================
[2026-03-18T08:54:04.616+0000] {manager.py:879} INFO - 
================================================================================
DAG File Processing Stats

File Path                        PID  Runtime      # DAGs    # Errors  Last Runtime    Last Run
-----------------------------  -----  ---------  --------  ----------  --------------  -------------------
/opt/airflow/dags/etl_dags.py    494  0.01s             1           0  0.11s           2026-03-18T08:54:04
================================================================================
[2026-03-18T08:54:34.651+0000] {manager.py:879} INFO - 
================================================================================
DAG File Processing Stats

File Path                      PID    Runtime      # DAGs    # Errors  Last Runtime    Last Run
-----------------------------  -----  ---------  --------  ----------  --------------  -------------------
/opt/airflow/dags/etl_dags.py                           1           0  1399.59s        2026-03-18T09:17:28
================================================================================
[2026-03-18T08:55:04.928+0000] {manager.py:879} INFO - 
================================================================================
DAG File Processing Stats

File Path                      PID    Runtime      # DAGs    # Errors  Last Runtime    Last Run
-----------------------------  -----  ---------  --------  ----------  --------------  -------------------
/opt/airflow/dags/etl_dags.py                           1           0  0.12s           2026-03-18T09:17:58
================================================================================
[2026-03-18T09:18:53.154+0000] {manager.py:738} INFO - Searching for files in /opt/airflow/dags
[2026-03-18T09:18:53.168+0000] {manager.py:741} INFO - There are 1 files in /opt/airflow/dags
[2026-03-18T08:55:35.717+0000] {manager.py:879} INFO - 
================================================================================
DAG File Processing Stats

File Path                      PID    Runtime      # DAGs    # Errors  Last Runtime    Last Run
-----------------------------  -----  ---------  --------  ----------  --------------  -------------------
/opt/airflow/dags/etl_dags.py                           1           0  1399.55s        2026-03-18T09:18:38
================================================================================
[2026-03-18T08:56:05.785+0000] {manager.py:879} INFO - 
================================================================================
DAG File Processing Stats

File Path                      PID    Runtime      # DAGs    # Errors  Last Runtime    Last Run
-----------------------------  -----  ---------  --------  ----------  --------------  -------------------
/opt/airflow/dags/etl_dags.py                           1           0  0.09s           2026-03-18T09:19:13
================================================================================
[2026-03-18T08:56:35.797+0000] {manager.py:879} INFO - 
================================================================================
DAG File Processing Stats

File Path                      PID    Runtime      # DAGs    # Errors  Last Runtime    Last Run
-----------------------------  -----  ---------  --------  ----------  --------------  -------------------
/opt/airflow/dags/etl_dags.py                           1           0  1399.60s        2026-03-18T09:19:48
================================================================================
[2026-03-18T08:57:05.814+0000] {manager.py:879} INFO - 
================================================================================
DAG File Processing Stats

File Path                      PID    Runtime      # DAGs    # Errors  Last Runtime    Last Run
-----------------------------  -----  ---------  --------  ----------  --------------  -------------------
/opt/airflow/dags/etl_dags.py                           1           0  1399.68s        2026-03-18T09:20:23
================================================================================
[2026-03-18T08:57:35.917+0000] {manager.py:879} INFO - 
================================================================================
DAG File Processing Stats

File Path                        PID  Runtime      # DAGs    # Errors  Last Runtime    Last Run
-----------------------------  -----  ---------  --------  ----------  --------------  -------------------
/opt/airflow/dags/etl_dags.py   1379  0.01s             1           0  0.11s           2026-03-18T08:57:35
================================================================================
[2026-03-18T09:21:25.516+0000] {manager.py:879} INFO - 
================================================================================
DAG File Processing Stats

File Path                      PID    Runtime      # DAGs    # Errors  Last Runtime    Last Run
-----------------------------  -----  ---------  --------  ----------  --------------  -------------------
/opt/airflow/dags/etl_dags.py                           1           0  1399.61s        2026-03-18T09:20:58
================================================================================
[2026-03-18T08:58:36.378+0000] {manager.py:879} INFO - 
================================================================================
DAG File Processing Stats

File Path                      PID    Runtime      # DAGs    # Errors  Last Runtime    Last Run
-----------------------------  -----  ---------  --------  ----------  --------------  -------------------
/opt/airflow/dags/etl_dags.py                           1           0  0.09s           2026-03-18T09:21:28
================================================================================
[2026-03-18T08:59:06.612+0000] {manager.py:879} INFO - 
================================================================================
DAG File Processing Stats

File Path                      PID    Runtime      # DAGs    # Errors  Last Runtime    Last Run
-----------------------------  -----  ---------  --------  ----------  --------------  -------------------
/opt/airflow/dags/etl_dags.py                           1           0  0.09s           2026-03-18T09:21:28
================================================================================
[2026-03-18T08:59:36.855+0000] {manager.py:879} INFO - 
================================================================================
DAG File Processing Stats

File Path                      PID    Runtime      # DAGs    # Errors  Last Runtime    Last Run
-----------------------------  -----  ---------  --------  ----------  --------------  -------------------
/opt/airflow/dags/etl_dags.py                           1           0  0.09s           2026-03-18T09:21:28
================================================================================
[2026-03-18T09:00:07.141+0000] {manager.py:879} INFO - 
================================================================================
DAG File Processing Stats

File Path                      PID    Runtime      # DAGs    # Errors  Last Runtime    Last Run
-----------------------------  -----  ---------  --------  ----------  --------------  -------------------
/opt/airflow/dags/etl_dags.py                           1           0  1399.58s        2026-03-18T09:23:13
================================================================================
[2026-03-18T09:23:53.883+0000] {manager.py:738} INFO - Searching for files in /opt/airflow/dags
[2026-03-18T09:23:53.906+0000] {manager.py:741} INFO - There are 1 files in /opt/airflow/dags
[2026-03-18T09:00:37.483+0000] {manager.py:879} INFO - 
================================================================================
DAG File Processing Stats

File Path                      PID    Runtime      # DAGs    # Errors  Last Runtime    Last Run
-----------------------------  -----  ---------  --------  ----------  --------------  -------------------
/opt/airflow/dags/etl_dags.py                           1           0  0.10s           2026-03-18T09:23:43
================================================================================
[2026-03-18T09:01:07.785+0000] {manager.py:879} INFO - 
================================================================================
DAG File Processing Stats

File Path                      PID    Runtime      # DAGs    # Errors  Last Runtime    Last Run
-----------------------------  -----  ---------  --------  ----------  --------------  -------------------
/opt/airflow/dags/etl_dags.py                           1           0  0.10s           2026-03-18T09:23:43
================================================================================
[2026-03-18T09:01:38.034+0000] {manager.py:879} INFO - 
================================================================================
DAG File Processing Stats

File Path                      PID    Runtime      # DAGs    # Errors  Last Runtime    Last Run
-----------------------------  -----  ---------  --------  ----------  --------------  -------------------
/opt/airflow/dags/etl_dags.py                           1           0  0.10s           2026-03-18T09:23:43
================================================================================
[2026-03-18T09:02:08.391+0000] {manager.py:879} INFO - 
================================================================================
DAG File Processing Stats

File Path                      PID    Runtime      # DAGs    # Errors  Last Runtime    Last Run
-----------------------------  -----  ---------  --------  ----------  --------------  -------------------
/opt/airflow/dags/etl_dags.py                           1           0  0.10s           2026-03-18T09:23:43
================================================================================
[2026-03-18T09:02:38.997+0000] {manager.py:879} INFO - 
================================================================================
DAG File Processing Stats

File Path                      PID    Runtime      # DAGs    # Errors  Last Runtime    Last Run
-----------------------------  -----  ---------  --------  ----------  --------------  -------------------
/opt/airflow/dags/etl_dags.py                           1           0  1399.65s        2026-03-18T09:25:37
================================================================================
[2026-03-18T09:03:09.519+0000] {manager.py:879} INFO - 
================================================================================
DAG File Processing Stats

File Path                      PID    Runtime      # DAGs    # Errors  Last Runtime    Last Run
-----------------------------  -----  ---------  --------  ----------  --------------  -------------------
/opt/airflow/dags/etl_dags.py                           1           0  1399.66s        2026-03-18T09:26:09
================================================================================
[2026-03-18T09:26:59.196+0000] {manager.py:879} INFO - 
================================================================================
DAG File Processing Stats

File Path                      PID    Runtime      # DAGs    # Errors  Last Runtime    Last Run
-----------------------------  -----  ---------  --------  ----------  --------------  -------------------
/opt/airflow/dags/etl_dags.py                           1           0  0.10s           2026-03-18T09:26:39
================================================================================
[2026-03-18T09:27:29.266+0000] {manager.py:879} INFO - 
================================================================================
DAG File Processing Stats

File Path                      PID    Runtime      # DAGs    # Errors  Last Runtime    Last Run
-----------------------------  -----  ---------  --------  ----------  --------------  -------------------
/opt/airflow/dags/etl_dags.py                           1           0  1399.56s        2026-03-18T09:27:14
================================================================================
[2026-03-18T09:04:39.986+0000] {manager.py:879} INFO - 
================================================================================
DAG File Processing Stats

File Path                      PID    Runtime      # DAGs    # Errors  Last Runtime    Last Run
-----------------------------  -----  ---------  --------  ----------  --------------  -------------------
/opt/airflow/dags/etl_dags.py                           1           0  0.11s           2026-03-18T09:27:44
================================================================================
[2026-03-18T09:05:10.189+0000] {manager.py:879} INFO - 
================================================================================
DAG File Processing Stats

File Path                      PID    Runtime      # DAGs    # Errors  Last Runtime    Last Run
-----------------------------  -----  ---------  --------  ----------  --------------  -------------------
/opt/airflow/dags/etl_dags.py                           1           0  0.11s           2026-03-18T09:27:44
================================================================================
[2026-03-18T09:05:40.389+0000] {manager.py:879} INFO - 
================================================================================
DAG File Processing Stats

File Path                      PID    Runtime      # DAGs    # Errors  Last Runtime    Last Run
-----------------------------  -----  ---------  --------  ----------  --------------  -------------------
/opt/airflow/dags/etl_dags.py                           1           0  0.11s           2026-03-18T09:27:44
================================================================================
[2026-03-18T09:06:10.624+0000] {manager.py:879} INFO - 
================================================================================
DAG File Processing Stats

File Path                      PID    Runtime      # DAGs    # Errors  Last Runtime    Last Run
-----------------------------  -----  ---------  --------  ----------  --------------  -------------------
/opt/airflow/dags/etl_dags.py                           1           0  0.11s           2026-03-18T09:27:44
================================================================================
[2026-03-18T09:06:40.813+0000] {manager.py:879} INFO - 
================================================================================
DAG File Processing Stats

File Path                      PID    Runtime      # DAGs    # Errors  Last Runtime    Last Run
-----------------------------  -----  ---------  --------  ----------  --------------  -------------------
/opt/airflow/dags/etl_dags.py                           1           0  0.11s           2026-03-18T09:27:44
================================================================================
[2026-03-18T09:30:24.451+0000] {manager.py:738} INFO - Searching for files in /opt/airflow/dags
[2026-03-18T09:30:24.490+0000] {manager.py:741} INFO - There are 1 files in /opt/airflow/dags
[2026-03-18T09:07:10.896+0000] {manager.py:879} INFO - 
================================================================================
DAG File Processing Stats

File Path                      PID    Runtime      # DAGs    # Errors  Last Runtime    Last Run
-----------------------------  -----  ---------  --------  ----------  --------------  -------------------
/opt/airflow/dags/etl_dags.py                           1           0  1399.78s        2026-03-18T09:30:29
================================================================================
[2026-03-18T09:07:41.098+0000] {manager.py:879} INFO - 
================================================================================
DAG File Processing Stats

File Path                      PID    Runtime      # DAGs    # Errors  Last Runtime    Last Run
-----------------------------  -----  ---------  --------  ----------  --------------  -------------------
/opt/airflow/dags/etl_dags.py                           1           0  1399.78s        2026-03-18T09:30:29
================================================================================
[2026-03-18T09:08:11.325+0000] {manager.py:879} INFO - 
================================================================================
DAG File Processing Stats

File Path                      PID    Runtime      # DAGs    # Errors  Last Runtime    Last Run
-----------------------------  -----  ---------  --------  ----------  --------------  -------------------
/opt/airflow/dags/etl_dags.py                           1           0  0.17s           2026-03-18T09:31:04
================================================================================
[2026-03-18T09:08:42.074+0000] {manager.py:879} INFO - 
================================================================================
DAG File Processing Stats

File Path                      PID    Runtime      # DAGs    # Errors  Last Runtime    Last Run
-----------------------------  -----  ---------  --------  ----------  --------------  -------------------
/opt/airflow/dags/etl_dags.py                           1           0  1399.56s        2026-03-18T09:31:37
================================================================================
[2026-03-18T09:09:12.114+0000] {manager.py:879} INFO - 
================================================================================
DAG File Processing Stats

File Path                      PID    Runtime      # DAGs    # Errors  Last Runtime    Last Run
-----------------------------  -----  ---------  --------  ----------  --------------  -------------------
/opt/airflow/dags/etl_dags.py                           1           0  1399.60s        2026-03-18T09:32:19
================================================================================
[2026-03-18T09:09:32.638+0000] {manager.py:451} INFO - Exiting gracefully upon receiving signal 15
[2026-03-18T09:09:32.638+0000] {manager.py:451} INFO - Exiting gracefully upon receiving signal 15
[2026-03-18T09:20:58.459+0000] {manager.py:469} INFO - Processing files using up to 2 processes at a time 
[2026-03-18T09:20:58.460+0000] {manager.py:470} INFO - Process each file at most once every 30 seconds
[2026-03-18T09:20:58.461+0000] {manager.py:471} INFO - Checking for new files in /opt/airflow/dags every 300 seconds
[2026-03-18T09:20:58.462+0000] {manager.py:738} INFO - Searching for files in /opt/airflow/dags
[2026-03-18T09:20:58.478+0000] {manager.py:741} INFO - There are 1 files in /opt/airflow/dags
[2026-03-18T09:20:58.573+0000] {manager.py:879} INFO - 
================================================================================
DAG File Processing Stats

File Path                        PID  Runtime      # DAGs    # Errors  Last Runtime    Last Run
-----------------------------  -----  ---------  --------  ----------  --------------  ----------
/opt/airflow/dags/etl_dags.py    175  0.05s             0           0
================================================================================
[2026-03-18T09:44:20.876+0000] {manager.py:738} INFO - Searching for files in /opt/airflow/dags
[2026-03-18T09:44:20.894+0000] {manager.py:741} INFO - There are 1 files in /opt/airflow/dags
[2026-03-18T09:21:28.639+0000] {manager.py:879} INFO - 
================================================================================
DAG File Processing Stats

File Path                      PID    Runtime      # DAGs    # Errors  Last Runtime    Last Run
-----------------------------  -----  ---------  --------  ----------  --------------  -------------------
/opt/airflow/dags/etl_dags.py                           1           0  1399.59s        2026-03-18T09:44:20
================================================================================
[2026-03-18T09:21:59.569+0000] {manager.py:879} INFO - 
================================================================================
DAG File Processing Stats

File Path                      PID    Runtime      # DAGs    # Errors  Last Runtime    Last Run
-----------------------------  -----  ---------  --------  ----------  --------------  -------------------
/opt/airflow/dags/etl_dags.py                           1           0  1399.54s        2026-03-18T09:44:55
================================================================================
[2026-03-18T09:22:29.840+0000] {manager.py:879} INFO - 
================================================================================
DAG File Processing Stats

File Path                      PID    Runtime      # DAGs    # Errors  Last Runtime    Last Run
-----------------------------  -----  ---------  --------  ----------  --------------  -------------------
/opt/airflow/dags/etl_dags.py                           1           0  0.09s           2026-03-18T09:45:26
================================================================================
[2026-03-18T09:23:00.022+0000] {manager.py:879} INFO - 
================================================================================
DAG File Processing Stats

File Path                      PID    Runtime      # DAGs    # Errors  Last Runtime    Last Run
-----------------------------  -----  ---------  --------  ----------  --------------  -------------------
/opt/airflow/dags/etl_dags.py                           1           0  0.09s           2026-03-18T09:45:26
================================================================================
[2026-03-18T09:23:30.248+0000] {manager.py:879} INFO - 
================================================================================
DAG File Processing Stats

File Path                      PID    Runtime      # DAGs    # Errors  Last Runtime    Last Run
-----------------------------  -----  ---------  --------  ----------  --------------  -------------------
/opt/airflow/dags/etl_dags.py                           1           0  0.11s           2026-03-18T09:46:37
================================================================================
[2026-03-18T09:23:48.797+0000] {manager.py:451} INFO - Exiting gracefully upon receiving signal 15
[2026-03-18T09:24:14.013+0000] {manager.py:469} INFO - Processing files using up to 2 processes at a time 
[2026-03-18T09:24:14.014+0000] {manager.py:470} INFO - Process each file at most once every 30 seconds
[2026-03-18T09:24:14.015+0000] {manager.py:471} INFO - Checking for new files in /opt/airflow/dags every 300 seconds
[2026-03-18T09:24:14.015+0000] {manager.py:738} INFO - Searching for files in /opt/airflow/dags
[2026-03-18T09:24:14.035+0000] {manager.py:741} INFO - There are 1 files in /opt/airflow/dags
[2026-03-18T09:24:14.127+0000] {manager.py:879} INFO - 
================================================================================
DAG File Processing Stats

File Path                        PID  Runtime      # DAGs    # Errors  Last Runtime    Last Run
-----------------------------  -----  ---------  --------  ----------  --------------  ----------
/opt/airflow/dags/etl_dags.py    175  0.04s             0           0
================================================================================
[2026-03-18T09:47:36.357+0000] {manager.py:738} INFO - Searching for files in /opt/airflow/dags
[2026-03-18T09:47:36.376+0000] {manager.py:741} INFO - There are 1 files in /opt/airflow/dags
[2026-03-18T09:24:44.951+0000] {manager.py:879} INFO - 
================================================================================
DAG File Processing Stats

File Path                      PID    Runtime      # DAGs    # Errors  Last Runtime    Last Run
-----------------------------  -----  ---------  --------  ----------  --------------  -------------------
/opt/airflow/dags/etl_dags.py                           1           0  1399.58s        2026-03-18T09:47:36
================================================================================
[2026-03-18T09:25:15.148+0000] {manager.py:879} INFO - 
================================================================================
DAG File Processing Stats

File Path                      PID    Runtime      # DAGs    # Errors  Last Runtime    Last Run
-----------------------------  -----  ---------  --------  ----------  --------------  -------------------
/opt/airflow/dags/etl_dags.py                           1           0  0.14s           2026-03-18T09:48:06
================================================================================
[2026-03-18T09:25:45.475+0000] {manager.py:879} INFO - 
================================================================================
DAG File Processing Stats

File Path                      PID    Runtime      # DAGs    # Errors  Last Runtime    Last Run
-----------------------------  -----  ---------  --------  ----------  --------------  -------------------
/opt/airflow/dags/etl_dags.py                           1           0  0.15s           2026-03-18T09:48:37
================================================================================
[2026-03-18T09:26:15.699+0000] {manager.py:879} INFO - 
================================================================================
DAG File Processing Stats

File Path                      PID    Runtime      # DAGs    # Errors  Last Runtime    Last Run
-----------------------------  -----  ---------  --------  ----------  --------------  -------------------
/opt/airflow/dags/etl_dags.py                           1           0  0.19s           2026-03-18T09:49:17
================================================================================
[2026-03-18T09:26:45.920+0000] {manager.py:879} INFO - 
================================================================================
DAG File Processing Stats

File Path                      PID    Runtime      # DAGs    # Errors  Last Runtime    Last Run
-----------------------------  -----  ---------  --------  ----------  --------------  -------------------
/opt/airflow/dags/etl_dags.py                           1           0  0.19s           2026-03-18T09:49:17
================================================================================
[2026-03-18T09:26:50.426+0000] {manager.py:451} INFO - Exiting gracefully upon receiving signal 15
[2026-03-18T09:33:11.712+0000] {manager.py:469} INFO - Processing files using up to 2 processes at a time 
[2026-03-18T09:33:11.713+0000] {manager.py:470} INFO - Process each file at most once every 30 seconds
[2026-03-18T09:33:11.714+0000] {manager.py:471} INFO - Checking for new files in /opt/airflow/dags every 300 seconds
[2026-03-18T09:33:11.715+0000] {manager.py:738} INFO - Searching for files in /opt/airflow/dags
[2026-03-18T09:33:11.773+0000] {manager.py:741} INFO - There are 1 files in /opt/airflow/dags
[2026-03-18T09:33:11.867+0000] {manager.py:879} INFO - 
================================================================================
DAG File Processing Stats

File Path                        PID  Runtime      # DAGs    # Errors  Last Runtime    Last Run
-----------------------------  -----  ---------  --------  ----------  --------------  ----------
/opt/airflow/dags/etl_dags.py    175  0.04s             0           0
================================================================================
[2026-03-18T09:56:32.324+0000] {manager.py:738} INFO - Searching for files in /opt/airflow/dags
[2026-03-18T09:56:32.340+0000] {manager.py:741} INFO - There are 1 files in /opt/airflow/dags
[2026-03-18T09:33:41.923+0000] {manager.py:879} INFO - 
================================================================================
DAG File Processing Stats

File Path                      PID    Runtime      # DAGs    # Errors  Last Runtime    Last Run
-----------------------------  -----  ---------  --------  ----------  --------------  -------------------
/opt/airflow/dags/etl_dags.py                           1           0  1399.60s        2026-03-18T09:56:32
================================================================================
[2026-03-18T09:34:11.952+0000] {manager.py:879} INFO - 
================================================================================
DAG File Processing Stats

File Path                      PID    Runtime      # DAGs    # Errors  Last Runtime    Last Run
-----------------------------  -----  ---------  --------  ----------  --------------  -------------------
/opt/airflow/dags/etl_dags.py                           1           0  1399.55s        2026-03-18T09:57:07
================================================================================
[2026-03-18T09:34:42.251+0000] {manager.py:879} INFO - 
================================================================================
DAG File Processing Stats

File Path                      PID    Runtime      # DAGs    # Errors  Last Runtime    Last Run
-----------------------------  -----  ---------  --------  ----------  --------------  -------------------
/opt/airflow/dags/etl_dags.py                           1           0  0.17s           2026-03-18T09:57:37
================================================================================
[2026-03-18T09:35:12.467+0000] {manager.py:879} INFO - 
================================================================================
DAG File Processing Stats

File Path                      PID    Runtime      # DAGs    # Errors  Last Runtime    Last Run
-----------------------------  -----  ---------  --------  ----------  --------------  -------------------
/opt/airflow/dags/etl_dags.py                           1           0  0.10s           2026-03-18T09:58:07
================================================================================
[2026-03-18T09:35:32.173+0000] {manager.py:451} INFO - Exiting gracefully upon receiving signal 15
[2026-03-18T09:59:21.240+0000] {manager.py:469} INFO - Processing files using up to 2 processes at a time 
[2026-03-18T09:59:21.241+0000] {manager.py:470} INFO - Process each file at most once every 30 seconds
[2026-03-18T09:59:21.241+0000] {manager.py:471} INFO - Checking for new files in /opt/airflow/dags every 300 seconds
[2026-03-18T09:59:21.242+0000] {manager.py:738} INFO - Searching for files in /opt/airflow/dags
[2026-03-18T09:59:21.254+0000] {manager.py:741} INFO - There are 1 files in /opt/airflow/dags
[2026-03-18T09:59:21.340+0000] {manager.py:879} INFO - 
================================================================================
DAG File Processing Stats

File Path                        PID  Runtime      # DAGs    # Errors  Last Runtime    Last Run
-----------------------------  -----  ---------  --------  ----------  --------------  ----------
/opt/airflow/dags/etl_dags.py    175  0.04s             0           0
================================================================================
[2026-03-18T09:36:32.123+0000] {manager.py:879} INFO - 
================================================================================
DAG File Processing Stats

File Path                      PID    Runtime      # DAGs    # Errors  Last Runtime    Last Run
-----------------------------  -----  ---------  --------  ----------  --------------  -------------------
/opt/airflow/dags/etl_dags.py                           1           0  0.34s           2026-03-18T09:59:21
================================================================================
[2026-03-18T09:37:02.332+0000] {manager.py:879} INFO - 
================================================================================
DAG File Processing Stats

File Path                      PID    Runtime      # DAGs    # Errors  Last Runtime    Last Run
-----------------------------  -----  ---------  --------  ----------  --------------  -------------------
/opt/airflow/dags/etl_dags.py                           1           0  0.15s           2026-03-18T09:59:57
================================================================================
[2026-03-18T09:37:32.427+0000] {manager.py:879} INFO - 
================================================================================
DAG File Processing Stats

File Path                      PID    Runtime      # DAGs    # Errors  Last Runtime    Last Run
-----------------------------  -----  ---------  --------  ----------  --------------  -------------------
/opt/airflow/dags/etl_dags.py                           1           0  1399.57s        2026-03-18T10:00:32
================================================================================
[2026-03-18T09:38:02.590+0000] {manager.py:879} INFO - 
================================================================================
DAG File Processing Stats

File Path                      PID    Runtime      # DAGs    # Errors  Last Runtime    Last Run
-----------------------------  -----  ---------  --------  ----------  --------------  -------------------
/opt/airflow/dags/etl_dags.py                           1           0  0.12s           2026-03-18T10:01:02
================================================================================
[2026-03-18T09:38:32.776+0000] {manager.py:879} INFO - 
================================================================================
DAG File Processing Stats

File Path                      PID    Runtime      # DAGs    # Errors  Last Runtime    Last Run
-----------------------------  -----  ---------  --------  ----------  --------------  -------------------
/opt/airflow/dags/etl_dags.py                           1           0  0.12s           2026-03-18T10:01:02
================================================================================
[2026-03-18T09:39:03.006+0000] {manager.py:879} INFO - 
================================================================================
DAG File Processing Stats

File Path                      PID    Runtime      # DAGs    # Errors  Last Runtime    Last Run
-----------------------------  -----  ---------  --------  ----------  --------------  -------------------
/opt/airflow/dags/etl_dags.py                           1           0  0.12s           2026-03-18T10:01:02
================================================================================
[2026-03-18T09:39:33.199+0000] {manager.py:879} INFO - 
================================================================================
DAG File Processing Stats

File Path                      PID    Runtime      # DAGs    # Errors  Last Runtime    Last Run
-----------------------------  -----  ---------  --------  ----------  --------------  -------------------
/opt/airflow/dags/etl_dags.py                           1           0  0.12s           2026-03-18T10:01:02
================================================================================
[2026-03-18T10:03:22.880+0000] {manager.py:879} INFO - 
================================================================================
DAG File Processing Stats

File Path                      PID    Runtime      # DAGs    # Errors  Last Runtime    Last Run
-----------------------------  -----  ---------  --------  ----------  --------------  -------------------
/opt/airflow/dags/etl_dags.py                           1           0  1399.51s        2026-03-18T10:03:12
================================================================================
[2026-03-18T10:03:52.953+0000] {manager.py:879} INFO - 
================================================================================
DAG File Processing Stats

File Path                      PID    Runtime      # DAGs    # Errors  Last Runtime    Last Run
-----------------------------  -----  ---------  --------  ----------  --------------  -------------------
/opt/airflow/dags/etl_dags.py                           1           0  0.10s           2026-03-18T10:03:48
================================================================================
[2026-03-18T10:04:23.043+0000] {manager.py:738} INFO - Searching for files in /opt/airflow/dags
[2026-03-18T10:04:23.082+0000] {manager.py:741} INFO - There are 1 files in /opt/airflow/dags
[2026-03-18T10:04:23.109+0000] {manager.py:879} INFO - 
================================================================================
DAG File Processing Stats

File Path                      PID    Runtime      # DAGs    # Errors  Last Runtime    Last Run
-----------------------------  -----  ---------  --------  ----------  --------------  -------------------
/opt/airflow/dags/etl_dags.py                           1           0  1399.54s        2026-03-18T10:04:23
================================================================================
[2026-03-18T09:41:38.591+0000] {manager.py:469} INFO - Processing files using up to 2 processes at a time 
[2026-03-18T09:41:38.592+0000] {manager.py:470} INFO - Process each file at most once every 30 seconds
[2026-03-18T09:41:38.592+0000] {manager.py:471} INFO - Checking for new files in /opt/airflow/dags every 300 seconds
[2026-03-18T09:41:38.593+0000] {manager.py:738} INFO - Searching for files in /opt/airflow/dags
[2026-03-18T10:04:58.032+0000] {manager.py:741} INFO - There are 1 files in /opt/airflow/dags
[2026-03-18T10:04:58.138+0000] {manager.py:738} INFO - Searching for files in /opt/airflow/dags
[2026-03-18T10:04:58.162+0000] {manager.py:741} INFO - There are 1 files in /opt/airflow/dags
[2026-03-18T10:04:58.175+0000] {manager.py:879} INFO - 
================================================================================
DAG File Processing Stats

File Path                        PID  Runtime      # DAGs    # Errors  Last Runtime    Last Run
-----------------------------  -----  ---------  --------  ----------  --------------  ----------
/opt/airflow/dags/etl_dags.py    176  0.08s             0           0
================================================================================
[2026-03-18T10:05:28.200+0000] {manager.py:879} INFO - 
================================================================================
DAG File Processing Stats

File Path                      PID    Runtime      # DAGs    # Errors  Last Runtime    Last Run
-----------------------------  -----  ---------  --------  ----------  --------------  -------------------
/opt/airflow/dags/etl_dags.py                           1           0  1399.54s        2026-03-18T10:05:03
================================================================================
[2026-03-18T09:42:39.341+0000] {manager.py:879} INFO - 
================================================================================
DAG File Processing Stats

File Path                      PID    Runtime      # DAGs    # Errors  Last Runtime    Last Run
-----------------------------  -----  ---------  --------  ----------  --------------  -------------------
/opt/airflow/dags/etl_dags.py                           1           0  1399.51s        2026-03-18T10:05:37
================================================================================
[2026-03-18T09:43:09.706+0000] {manager.py:879} INFO - 
================================================================================
DAG File Processing Stats

File Path                      PID    Runtime      # DAGs    # Errors  Last Runtime    Last Run
-----------------------------  -----  ---------  --------  ----------  --------------  -------------------
/opt/airflow/dags/etl_dags.py                           1           0  1399.56s        2026-03-18T10:06:08
================================================================================
[2026-03-18T09:43:40.033+0000] {manager.py:879} INFO - 
================================================================================
DAG File Processing Stats

File Path                      PID    Runtime      # DAGs    # Errors  Last Runtime    Last Run
-----------------------------  -----  ---------  --------  ----------  --------------  -------------------
/opt/airflow/dags/etl_dags.py                           1           0  0.12s           2026-03-18T10:06:38
================================================================================
[2026-03-18T09:44:10.209+0000] {manager.py:879} INFO - 
================================================================================
DAG File Processing Stats

File Path                      PID    Runtime      # DAGs    # Errors  Last Runtime    Last Run
-----------------------------  -----  ---------  --------  ----------  --------------  -------------------
/opt/airflow/dags/etl_dags.py                           1           0  0.12s           2026-03-18T10:06:38
================================================================================
[2026-03-18T09:44:40.515+0000] {manager.py:879} INFO - 
================================================================================
DAG File Processing Stats

File Path                      PID    Runtime      # DAGs    # Errors  Last Runtime    Last Run
-----------------------------  -----  ---------  --------  ----------  --------------  -------------------
/opt/airflow/dags/etl_dags.py                           1           0  0.22s           2026-03-18T10:07:37
================================================================================
[2026-03-18T09:45:10.724+0000] {manager.py:879} INFO - 
================================================================================
DAG File Processing Stats

File Path                      PID    Runtime      # DAGs    # Errors  Last Runtime    Last Run
-----------------------------  -----  ---------  --------  ----------  --------------  -------------------
/opt/airflow/dags/etl_dags.py                           1           0  0.22s           2026-03-18T10:07:37
================================================================================
[2026-03-18T09:45:23.104+0000] {manager.py:451} INFO - Exiting gracefully upon receiving signal 15
[2026-03-18T09:45:50.181+0000] {manager.py:469} INFO - Processing files using up to 2 processes at a time 
[2026-03-18T09:45:50.182+0000] {manager.py:470} INFO - Process each file at most once every 30 seconds
[2026-03-18T09:45:50.183+0000] {manager.py:471} INFO - Checking for new files in /opt/airflow/dags every 300 seconds
[2026-03-18T09:45:50.183+0000] {manager.py:738} INFO - Searching for files in /opt/airflow/dags
[2026-03-18T09:45:50.197+0000] {manager.py:741} INFO - There are 1 files in /opt/airflow/dags
[2026-03-18T09:45:50.292+0000] {manager.py:879} INFO - 
================================================================================
DAG File Processing Stats

File Path                        PID  Runtime      # DAGs    # Errors  Last Runtime    Last Run
-----------------------------  -----  ---------  --------  ----------  --------------  ----------
/opt/airflow/dags/etl_dags.py    175  0.04s             0           0
================================================================================
[2026-03-18T10:09:13.550+0000] {manager.py:738} INFO - Searching for files in /opt/airflow/dags
[2026-03-18T10:09:13.561+0000] {manager.py:741} INFO - There are 1 files in /opt/airflow/dags
[2026-03-18T09:46:20.320+0000] {manager.py:879} INFO - 
================================================================================
DAG File Processing Stats

File Path                      PID    Runtime      # DAGs    # Errors  Last Runtime    Last Run
-----------------------------  -----  ---------  --------  ----------  --------------  -------------------
/opt/airflow/dags/etl_dags.py                           1           0  1399.53s        2026-03-18T10:09:13
================================================================================
[2026-03-18T09:46:50.508+0000] {manager.py:879} INFO - 
================================================================================
DAG File Processing Stats

File Path                      PID    Runtime      # DAGs    # Errors  Last Runtime    Last Run
-----------------------------  -----  ---------  --------  ----------  --------------  -------------------
/opt/airflow/dags/etl_dags.py                           1           0  0.10s           2026-03-18T10:09:43
================================================================================
[2026-03-18T09:47:07.879+0000] {manager.py:451} INFO - Exiting gracefully upon receiving signal 15
[2026-03-18T09:47:32.656+0000] {manager.py:469} INFO - Processing files using up to 2 processes at a time 
[2026-03-18T09:47:32.657+0000] {manager.py:470} INFO - Process each file at most once every 30 seconds
[2026-03-18T09:47:32.658+0000] {manager.py:471} INFO - Checking for new files in /opt/airflow/dags every 300 seconds
[2026-03-18T09:47:32.658+0000] {manager.py:738} INFO - Searching for files in /opt/airflow/dags
[2026-03-18T09:47:32.687+0000] {manager.py:741} INFO - There are 1 files in /opt/airflow/dags
[2026-03-18T09:47:32.814+0000] {manager.py:879} INFO - 
================================================================================
DAG File Processing Stats

File Path                        PID  Runtime      # DAGs    # Errors  Last Runtime    Last Run
-----------------------------  -----  ---------  --------  ----------  --------------  ----------
/opt/airflow/dags/etl_dags.py    174  0.05s             0           0
================================================================================
[2026-03-18T10:10:53.797+0000] {manager.py:738} INFO - Searching for files in /opt/airflow/dags
[2026-03-18T10:10:53.810+0000] {manager.py:741} INFO - There are 1 files in /opt/airflow/dags
[2026-03-18T09:48:03.373+0000] {manager.py:879} INFO - 
================================================================================
DAG File Processing Stats

File Path                      PID    Runtime      # DAGs    # Errors  Last Runtime    Last Run
-----------------------------  -----  ---------  --------  ----------  --------------  -------------------
/opt/airflow/dags/etl_dags.py                           1           0  1399.60s        2026-03-18T10:10:53
================================================================================
[2026-03-18T09:48:33.583+0000] {manager.py:879} INFO - 
================================================================================
DAG File Processing Stats

File Path                      PID    Runtime      # DAGs    # Errors  Last Runtime    Last Run
-----------------------------  -----  ---------  --------  ----------  --------------  -------------------
/opt/airflow/dags/etl_dags.py                           1           0  0.11s           2026-03-18T10:11:28
================================================================================
[2026-03-18T09:49:03.816+0000] {manager.py:879} INFO - 
================================================================================
DAG File Processing Stats

File Path                      PID    Runtime      # DAGs    # Errors  Last Runtime    Last Run
-----------------------------  -----  ---------  --------  ----------  --------------  -------------------
/opt/airflow/dags/etl_dags.py                           1           0  0.11s           2026-03-18T10:11:28
================================================================================
[2026-03-18T09:49:34.036+0000] {manager.py:879} INFO - 
================================================================================
DAG File Processing Stats

File Path                      PID    Runtime      # DAGs    # Errors  Last Runtime    Last Run
-----------------------------  -----  ---------  --------  ----------  --------------  -------------------
/opt/airflow/dags/etl_dags.py                           1           0  0.11s           2026-03-18T10:11:28
================================================================================
[2026-03-18T09:50:04.264+0000] {manager.py:879} INFO - 
================================================================================
DAG File Processing Stats

File Path                      PID    Runtime      # DAGs    # Errors  Last Runtime    Last Run
-----------------------------  -----  ---------  --------  ----------  --------------  -------------------
/opt/airflow/dags/etl_dags.py                           1           0  0.11s           2026-03-18T10:11:28
================================================================================
[2026-03-18T10:13:53.876+0000] {manager.py:879} INFO - 
================================================================================
DAG File Processing Stats

File Path                      PID    Runtime      # DAGs    # Errors  Last Runtime    Last Run
-----------------------------  -----  ---------  --------  ----------  --------------  -------------------
/opt/airflow/dags/etl_dags.py                           1           0  0.11s           2026-03-18T10:13:37
================================================================================
[2026-03-18T10:14:23.933+0000] {manager.py:879} INFO - 
================================================================================
DAG File Processing Stats

File Path                      PID    Runtime      # DAGs    # Errors  Last Runtime    Last Run
-----------------------------  -----  ---------  --------  ----------  --------------  -------------------
/opt/airflow/dags/etl_dags.py                           1           0  1399.51s        2026-03-18T10:14:13
================================================================================
[2026-03-18T10:14:54.222+0000] {manager.py:879} INFO - 
================================================================================
DAG File Processing Stats

File Path                      PID    Runtime      # DAGs    # Errors  Last Runtime    Last Run
-----------------------------  -----  ---------  --------  ----------  --------------  -------------------
/opt/airflow/dags/etl_dags.py                           1           0  0.16s           2026-03-18T10:14:44
================================================================================
[2026-03-18T09:52:05.745+0000] {manager.py:879} INFO - 
================================================================================
DAG File Processing Stats

File Path                      PID    Runtime      # DAGs    # Errors  Last Runtime    Last Run
-----------------------------  -----  ---------  --------  ----------  --------------  -------------------
/opt/airflow/dags/etl_dags.py                           1           0  0.08s           2026-03-18T10:15:04
================================================================================
[2026-03-18T10:15:54.229+0000] {manager.py:738} INFO - Searching for files in /opt/airflow/dags
[2026-03-18T10:15:54.239+0000] {manager.py:741} INFO - There are 1 files in /opt/airflow/dags
[2026-03-18T09:52:35.851+0000] {manager.py:879} INFO - 
================================================================================
DAG File Processing Stats

File Path                      PID    Runtime      # DAGs    # Errors  Last Runtime    Last Run
-----------------------------  -----  ---------  --------  ----------  --------------  -------------------
/opt/airflow/dags/etl_dags.py                           1           0  1399.58s        2026-03-18T10:15:54
================================================================================
[2026-03-18T09:53:05.927+0000] {manager.py:879} INFO - 
================================================================================
DAG File Processing Stats

File Path                        PID  Runtime      # DAGs    # Errors  Last Runtime    Last Run
-----------------------------  -----  ---------  --------  ----------  --------------  -------------------
/opt/airflow/dags/etl_dags.py    909  0.00s             1           0  0.08s           2026-03-18T09:53:05
================================================================================
[2026-03-18T09:53:35.993+0000] {manager.py:879} INFO - 
================================================================================
DAG File Processing Stats

File Path                      PID    Runtime      # DAGs    # Errors  Last Runtime    Last Run
-----------------------------  -----  ---------  --------  ----------  --------------  -------------------
/opt/airflow/dags/etl_dags.py                           1           0  0.12s           2026-03-18T10:16:29
================================================================================
[2026-03-18T09:54:06.034+0000] {manager.py:879} INFO - 
================================================================================
DAG File Processing Stats

File Path                      PID    Runtime      # DAGs    # Errors  Last Runtime    Last Run
-----------------------------  -----  ---------  --------  ----------  --------------  -------------------
/opt/airflow/dags/etl_dags.py                           1           0  1399.57s        2026-03-18T10:17:04
================================================================================
[2026-03-18T09:54:36.092+0000] {manager.py:879} INFO - 
================================================================================
DAG File Processing Stats

File Path                      PID    Runtime      # DAGs    # Errors  Last Runtime    Last Run
-----------------------------  -----  ---------  --------  ----------  --------------  -------------------
/opt/airflow/dags/etl_dags.py                           1           0  0.09s           2026-03-18T10:17:34
================================================================================
[2026-03-18T09:55:05.346+0000] {manager.py:451} INFO - Exiting gracefully upon receiving signal 15
[2026-03-18T09:55:36.740+0000] {manager.py:469} INFO - Processing files using up to 2 processes at a time 
[2026-03-18T09:55:36.743+0000] {manager.py:470} INFO - Process each file at most once every 30 seconds
[2026-03-18T09:55:36.745+0000] {manager.py:471} INFO - Checking for new files in /opt/airflow/dags every 300 seconds
[2026-03-18T09:55:36.746+0000] {manager.py:738} INFO - Searching for files in /opt/airflow/dags
[2026-03-18T09:55:36.778+0000] {manager.py:741} INFO - There are 1 files in /opt/airflow/dags
[2026-03-18T09:55:37.024+0000] {manager.py:879} INFO - 
================================================================================
DAG File Processing Stats

File Path                        PID  Runtime      # DAGs    # Errors  Last Runtime    Last Run
-----------------------------  -----  ---------  --------  ----------  --------------  ----------
/opt/airflow/dags/etl_dags.py    175  0.13s             0           0
================================================================================
[2026-03-18T10:18:59.457+0000] {manager.py:738} INFO - Searching for files in /opt/airflow/dags
[2026-03-18T10:18:59.473+0000] {manager.py:741} INFO - There are 1 files in /opt/airflow/dags
[2026-03-18T09:56:07.091+0000] {manager.py:879} INFO - 
================================================================================
DAG File Processing Stats

File Path                      PID    Runtime      # DAGs    # Errors  Last Runtime    Last Run
-----------------------------  -----  ---------  --------  ----------  --------------  -------------------
/opt/airflow/dags/etl_dags.py                           1           0  1399.53s        2026-03-18T10:18:59
================================================================================
[2026-03-18T09:56:37.467+0000] {manager.py:879} INFO - 
================================================================================
DAG File Processing Stats

File Path                      PID    Runtime      # DAGs    # Errors  Last Runtime    Last Run
-----------------------------  -----  ---------  --------  ----------  --------------  -------------------
/opt/airflow/dags/etl_dags.py                           1           0  0.20s           2026-03-18T10:19:29
================================================================================
[2026-03-18T09:57:08.190+0000] {manager.py:879} INFO - 
================================================================================
DAG File Processing Stats

File Path                      PID    Runtime      # DAGs    # Errors  Last Runtime    Last Run
-----------------------------  -----  ---------  --------  ----------  --------------  -------------------
/opt/airflow/dags/etl_dags.py                           1           0  1399.51s        2026-03-18T10:20:09
================================================================================
[2026-03-18T09:57:38.457+0000] {manager.py:879} INFO - 
================================================================================
DAG File Processing Stats

File Path                      PID    Runtime      # DAGs    # Errors  Last Runtime    Last Run
-----------------------------  -----  ---------  --------  ----------  --------------  -------------------
/opt/airflow/dags/etl_dags.py                           1           0  0.10s           2026-03-18T10:20:39
================================================================================
[2026-03-18T09:58:08.667+0000] {manager.py:879} INFO - 
================================================================================
DAG File Processing Stats

File Path                      PID    Runtime      # DAGs    # Errors  Last Runtime    Last Run
-----------------------------  -----  ---------  --------  ----------  --------------  -------------------
/opt/airflow/dags/etl_dags.py                           1           0  0.10s           2026-03-18T10:20:39
================================================================================
[2026-03-18T09:58:39.399+0000] {manager.py:879} INFO - 
================================================================================
DAG File Processing Stats

File Path                      PID    Runtime      # DAGs    # Errors  Last Runtime    Last Run
-----------------------------  -----  ---------  --------  ----------  --------------  -------------------
/opt/airflow/dags/etl_dags.py                           1           0  0.12s           2026-03-18T10:21:44
================================================================================
[2026-03-18T09:59:09.493+0000] {manager.py:879} INFO - 
================================================================================
DAG File Processing Stats

File Path                      PID    Runtime      # DAGs    # Errors  Last Runtime    Last Run
-----------------------------  -----  ---------  --------  ----------  --------------  -------------------
/opt/airflow/dags/etl_dags.py                           1           0  1399.53s        2026-03-18T10:22:19
================================================================================
[2026-03-18T09:59:39.498+0000] {manager.py:879} INFO - 
================================================================================
DAG File Processing Stats

File Path                      PID    Runtime      # DAGs    # Errors  Last Runtime    Last Run
-----------------------------  -----  ---------  --------  ----------  --------------  -------------------
/opt/airflow/dags/etl_dags.py                           1           0  1399.50s        2026-03-18T10:22:54
================================================================================
[2026-03-18T10:23:29.093+0000] {manager.py:879} INFO - 
================================================================================
DAG File Processing Stats

File Path                      PID    Runtime      # DAGs    # Errors  Last Runtime    Last Run
-----------------------------  -----  ---------  --------  ----------  --------------  -------------------
/opt/airflow/dags/etl_dags.py                           1           0  0.12s           2026-03-18T10:23:25
================================================================================
[2026-03-18T10:00:39.947+0000] {manager.py:879} INFO - 
================================================================================
DAG File Processing Stats

File Path                      PID    Runtime      # DAGs    # Errors  Last Runtime    Last Run
-----------------------------  -----  ---------  --------  ----------  --------------  -------------------
/opt/airflow/dags/etl_dags.py                           1           0  0.12s           2026-03-18T10:23:25
================================================================================
[2026-03-18T10:01:10.158+0000] {manager.py:879} INFO - 
================================================================================
DAG File Processing Stats

File Path                      PID    Runtime      # DAGs    # Errors  Last Runtime    Last Run
-----------------------------  -----  ---------  --------  ----------  --------------  -------------------
/opt/airflow/dags/etl_dags.py                           1           0  0.12s           2026-03-18T10:23:25
================================================================================
[2026-03-18T10:24:45.023+0000] {manager.py:738} INFO - Searching for files in /opt/airflow/dags
[2026-03-18T10:24:45.054+0000] {manager.py:741} INFO - There are 1 files in /opt/airflow/dags
[2026-03-18T10:25:00.004+0000] {manager.py:879} INFO - 
================================================================================
DAG File Processing Stats

File Path                      PID    Runtime      # DAGs    # Errors  Last Runtime    Last Run
-----------------------------  -----  ---------  --------  ----------  --------------  -------------------
/opt/airflow/dags/etl_dags.py                           1           0  1399.50s        2026-03-18T10:24:45
================================================================================
[2026-03-18T10:02:10.926+0000] {manager.py:879} INFO - 
================================================================================
DAG File Processing Stats

File Path                      PID    Runtime      # DAGs    # Errors  Last Runtime    Last Run
-----------------------------  -----  ---------  --------  ----------  --------------  -------------------
/opt/airflow/dags/etl_dags.py                           1           0  0.10s           2026-03-18T10:25:15
================================================================================
[2026-03-18T10:02:41.134+0000] {manager.py:879} INFO - 
================================================================================
DAG File Processing Stats

File Path                      PID    Runtime      # DAGs    # Errors  Last Runtime    Last Run
-----------------------------  -----  ---------  --------  ----------  --------------  -------------------
/opt/airflow/dags/etl_dags.py                           1           0  0.10s           2026-03-18T10:25:15
================================================================================
[2026-03-18T10:03:11.387+0000] {manager.py:879} INFO - 
================================================================================
DAG File Processing Stats

File Path                      PID    Runtime      # DAGs    # Errors  Last Runtime    Last Run
-----------------------------  -----  ---------  --------  ----------  --------------  -------------------
/opt/airflow/dags/etl_dags.py                           1           0  0.10s           2026-03-18T10:25:15
================================================================================
[2026-03-18T10:26:40.382+0000] {manager.py:1201} ERROR - Processor for /opt/airflow/dags/etl_dags.py with PID 908 started at 2026-03-18T10:03:20.417573+00:00 has timed out, killing it.
[2026-03-18T10:03:41.714+0000] {manager.py:879} INFO - 
================================================================================
DAG File Processing Stats

File Path                      PID    Runtime      # DAGs    # Errors  Last Runtime    Last Run
-----------------------------  -----  ---------  --------  ----------  --------------  -------------------
/opt/airflow/dags/etl_dags.py                           0           1  1399.96s        2026-03-18T10:26:40
================================================================================
[2026-03-18T10:04:11.834+0000] {manager.py:879} INFO - 
================================================================================
DAG File Processing Stats

File Path                      PID    Runtime      # DAGs    # Errors  Last Runtime    Last Run
-----------------------------  -----  ---------  --------  ----------  --------------  -------------------
/opt/airflow/dags/etl_dags.py                           1           0  1399.56s        2026-03-18T10:27:20
================================================================================
[2026-03-18T10:04:41.961+0000] {manager.py:879} INFO - 
================================================================================
DAG File Processing Stats

File Path                      PID    Runtime      # DAGs    # Errors  Last Runtime    Last Run
-----------------------------  -----  ---------  --------  ----------  --------------  -------------------
/opt/airflow/dags/etl_dags.py                           1           0  1399.66s        2026-03-18T10:27:55
================================================================================
[2026-03-18T10:05:02.157+0000] {manager.py:451} INFO - Exiting gracefully upon receiving signal 15
[2026-03-18T10:28:55.436+0000] {manager.py:469} INFO - Processing files using up to 2 processes at a time 
[2026-03-18T10:28:55.437+0000] {manager.py:470} INFO - Process each file at most once every 30 seconds
[2026-03-18T10:28:55.438+0000] {manager.py:471} INFO - Checking for new files in /opt/airflow/dags every 300 seconds
[2026-03-18T10:28:55.438+0000] {manager.py:738} INFO - Searching for files in /opt/airflow/dags
[2026-03-18T10:28:55.467+0000] {manager.py:741} INFO - There are 1 files in /opt/airflow/dags
[2026-03-18T10:28:55.627+0000] {manager.py:879} INFO - 
================================================================================
DAG File Processing Stats

File Path                        PID  Runtime      # DAGs    # Errors  Last Runtime    Last Run
-----------------------------  -----  ---------  --------  ----------  --------------  ----------
/opt/airflow/dags/etl_dags.py    175  0.07s             0           0
================================================================================
[2026-03-18T10:29:25.815+0000] {manager.py:879} INFO - 
================================================================================
DAG File Processing Stats

File Path                      PID    Runtime      # DAGs    # Errors  Last Runtime    Last Run
-----------------------------  -----  ---------  --------  ----------  --------------  -------------------
/opt/airflow/dags/etl_dags.py                           1           0  1399.64s        2026-03-18T10:29:00
================================================================================
[2026-03-18T10:06:36.518+0000] {manager.py:879} INFO - 
================================================================================
DAG File Processing Stats

File Path                      PID    Runtime      # DAGs    # Errors  Last Runtime    Last Run
-----------------------------  -----  ---------  --------  ----------  --------------  -------------------
/opt/airflow/dags/etl_dags.py                           1           0  1399.55s        2026-03-18T10:29:37
================================================================================
[2026-03-18T10:07:07.104+0000] {manager.py:879} INFO - 
================================================================================
DAG File Processing Stats

File Path                      PID    Runtime      # DAGs    # Errors  Last Runtime    Last Run
-----------------------------  -----  ---------  --------  ----------  --------------  -------------------
/opt/airflow/dags/etl_dags.py                           1           0  1399.53s        2026-03-18T10:30:10
================================================================================
[2026-03-18T10:07:37.230+0000] {manager.py:879} INFO - 
================================================================================
DAG File Processing Stats

File Path                      PID    Runtime      # DAGs    # Errors  Last Runtime    Last Run
-----------------------------  -----  ---------  --------  ----------  --------------  -------------------
/opt/airflow/dags/etl_dags.py                           1           0  1399.53s        2026-03-18T10:30:45
================================================================================
[2026-03-18T10:08:07.329+0000] {manager.py:879} INFO - 
================================================================================
DAG File Processing Stats

File Path                      PID    Runtime      # DAGs    # Errors  Last Runtime    Last Run
-----------------------------  -----  ---------  --------  ----------  --------------  -------------------
/opt/airflow/dags/etl_dags.py                           1           0  1399.55s        2026-03-18T10:31:20
================================================================================
[2026-03-18T10:08:37.518+0000] {manager.py:879} INFO - 
================================================================================
DAG File Processing Stats

File Path                      PID    Runtime      # DAGs    # Errors  Last Runtime    Last Run
-----------------------------  -----  ---------  --------  ----------  --------------  -------------------
/opt/airflow/dags/etl_dags.py                           1           0  0.15s           2026-03-18T10:31:50
================================================================================
[2026-03-18T10:09:07.889+0000] {manager.py:879} INFO - 
================================================================================
DAG File Processing Stats

File Path                      PID    Runtime      # DAGs    # Errors  Last Runtime    Last Run
-----------------------------  -----  ---------  --------  ----------  --------------  -------------------
/opt/airflow/dags/etl_dags.py                           1           0  0.15s           2026-03-18T10:31:50
================================================================================
[2026-03-18T10:09:38.086+0000] {manager.py:879} INFO - 
================================================================================
DAG File Processing Stats

File Path                      PID    Runtime      # DAGs    # Errors  Last Runtime    Last Run
-----------------------------  -----  ---------  --------  ----------  --------------  -------------------
/opt/airflow/dags/etl_dags.py                           1           0  0.15s           2026-03-18T10:31:50
================================================================================
[2026-03-18T10:10:08.284+0000] {manager.py:879} INFO - 
================================================================================
DAG File Processing Stats

File Path                      PID    Runtime      # DAGs    # Errors  Last Runtime    Last Run
-----------------------------  -----  ---------  --------  ----------  --------------  -------------------
/opt/airflow/dags/etl_dags.py                           1           0  0.15s           2026-03-18T10:31:50
================================================================================
[2026-03-18T10:10:38.467+0000] {manager.py:879} INFO - 
================================================================================
DAG File Processing Stats

File Path                      PID    Runtime      # DAGs    # Errors  Last Runtime    Last Run
-----------------------------  -----  ---------  --------  ----------  --------------  -------------------
/opt/airflow/dags/etl_dags.py                           1           0  0.15s           2026-03-18T10:31:50
================================================================================
[2026-03-18T10:34:05.906+0000] {manager.py:738} INFO - Searching for files in /opt/airflow/dags
[2026-03-18T10:34:05.923+0000] {manager.py:741} INFO - There are 1 files in /opt/airflow/dags
[2026-03-18T10:11:08.797+0000] {manager.py:879} INFO - 
================================================================================
DAG File Processing Stats

File Path                      PID    Runtime      # DAGs    # Errors  Last Runtime    Last Run
-----------------------------  -----  ---------  --------  ----------  --------------  -------------------
/opt/airflow/dags/etl_dags.py                           1           0  0.12s           2026-03-18T10:34:06
================================================================================
[2026-03-18T10:11:17.310+0000] {manager.py:451} INFO - Exiting gracefully upon receiving signal 15
[2026-03-18T10:35:36.294+0000] {manager.py:469} INFO - Processing files using up to 2 processes at a time 
[2026-03-18T10:35:36.295+0000] {manager.py:470} INFO - Process each file at most once every 30 seconds
[2026-03-18T10:35:36.298+0000] {manager.py:471} INFO - Checking for new files in /opt/airflow/dags every 300 seconds
[2026-03-18T10:35:36.299+0000] {manager.py:738} INFO - Searching for files in /opt/airflow/dags
[2026-03-18T10:12:17.003+0000] {manager.py:741} INFO - There are 1 files in /opt/airflow/dags
[2026-03-18T10:12:17.139+0000] {manager.py:879} INFO - 
================================================================================
DAG File Processing Stats

File Path                        PID  Runtime      # DAGs    # Errors  Last Runtime    Last Run
-----------------------------  -----  ---------  --------  ----------  --------------  ----------
/opt/airflow/dags/etl_dags.py    175  0.06s             0           0
================================================================================
[2026-03-18T10:12:47.580+0000] {manager.py:879} INFO - 
================================================================================
DAG File Processing Stats

File Path                      PID    Runtime      # DAGs    # Errors  Last Runtime    Last Run
-----------------------------  -----  ---------  --------  ----------  --------------  -------------------
/opt/airflow/dags/etl_dags.py                           1           0  1399.49s        2026-03-18T10:35:37
================================================================================
[2026-03-18T10:13:17.803+0000] {manager.py:879} INFO - 
================================================================================
DAG File Processing Stats

File Path                      PID    Runtime      # DAGs    # Errors  Last Runtime    Last Run
-----------------------------  -----  ---------  --------  ----------  --------------  -------------------
/opt/airflow/dags/etl_dags.py                           1           0  1399.56s        2026-03-18T10:36:11
================================================================================
[2026-03-18T10:13:48.173+0000] {manager.py:879} INFO - 
================================================================================
DAG File Processing Stats

File Path                      PID    Runtime      # DAGs    # Errors  Last Runtime    Last Run
-----------------------------  -----  ---------  --------  ----------  --------------  -------------------
/opt/airflow/dags/etl_dags.py                           1           0  0.19s           2026-03-18T10:36:41
================================================================================
[2026-03-18T10:14:18.371+0000] {manager.py:879} INFO - 
================================================================================
DAG File Processing Stats

File Path                      PID    Runtime      # DAGs    # Errors  Last Runtime    Last Run
-----------------------------  -----  ---------  --------  ----------  --------------  -------------------
/opt/airflow/dags/etl_dags.py                           1           0  0.19s           2026-03-18T10:36:41
================================================================================
[2026-03-18T10:38:07.959+0000] {manager.py:879} INFO - 
================================================================================
DAG File Processing Stats

File Path                        PID  Runtime      # DAGs    # Errors  Last Runtime    Last Run
-----------------------------  -----  ---------  --------  ----------  --------------  -------------------
/opt/airflow/dags/etl_dags.py    324  0.00s             1           0  0.19s           2026-03-18T10:36:41
================================================================================
[2026-03-18T10:15:18.809+0000] {manager.py:879} INFO - 
================================================================================
DAG File Processing Stats

File Path                      PID    Runtime      # DAGs    # Errors  Last Runtime    Last Run
-----------------------------  -----  ---------  --------  ----------  --------------  -------------------
/opt/airflow/dags/etl_dags.py                           1           0  0.09s           2026-03-18T10:38:08
================================================================================
[2026-03-18T10:15:49.037+0000] {manager.py:879} INFO - 
================================================================================
DAG File Processing Stats

File Path                      PID    Runtime      # DAGs    # Errors  Last Runtime    Last Run
-----------------------------  -----  ---------  --------  ----------  --------------  -------------------
/opt/airflow/dags/etl_dags.py                           1           0  0.14s           2026-03-18T10:39:06
================================================================================
[2026-03-18T10:16:19.444+0000] {manager.py:879} INFO - 
================================================================================
DAG File Processing Stats

File Path                      PID    Runtime      # DAGs    # Errors  Last Runtime    Last Run
-----------------------------  -----  ---------  --------  ----------  --------------  -------------------
/opt/airflow/dags/etl_dags.py                           1           0  1399.49s        2026-03-18T10:39:37
================================================================================
[2026-03-18T10:16:49.750+0000] {manager.py:879} INFO - 
================================================================================
DAG File Processing Stats

File Path                      PID    Runtime      # DAGs    # Errors  Last Runtime    Last Run
-----------------------------  -----  ---------  --------  ----------  --------------  -------------------
/opt/airflow/dags/etl_dags.py                           1           0  0.10s           2026-03-18T10:40:08
================================================================================
[2026-03-18T10:17:20.026+0000] {manager.py:879} INFO - 
================================================================================
DAG File Processing Stats

File Path                      PID    Runtime      # DAGs    # Errors  Last Runtime    Last Run
-----------------------------  -----  ---------  --------  ----------  --------------  -------------------
/opt/airflow/dags/etl_dags.py                           1           0  0.10s           2026-03-18T10:40:08
================================================================================
[2026-03-18T10:17:34.696+0000] {manager.py:451} INFO - Exiting gracefully upon receiving signal 15
[2026-03-18T10:17:55.131+0000] {manager.py:469} INFO - Processing files using up to 2 processes at a time 
[2026-03-18T10:17:55.132+0000] {manager.py:470} INFO - Process each file at most once every 30 seconds
[2026-03-18T10:17:55.132+0000] {manager.py:471} INFO - Checking for new files in /opt/airflow/dags every 300 seconds
[2026-03-18T10:17:55.133+0000] {manager.py:738} INFO - Searching for files in /opt/airflow/dags
[2026-03-18T10:17:55.157+0000] {manager.py:741} INFO - There are 1 files in /opt/airflow/dags
[2026-03-18T10:17:55.275+0000] {manager.py:879} INFO - 
================================================================================
DAG File Processing Stats

File Path                        PID  Runtime      # DAGs    # Errors  Last Runtime    Last Run
-----------------------------  -----  ---------  --------  ----------  --------------  ----------
/opt/airflow/dags/etl_dags.py    175  0.05s             0           0
================================================================================
[2026-03-18T10:41:16.786+0000] {manager.py:738} INFO - Searching for files in /opt/airflow/dags
[2026-03-18T10:41:16.804+0000] {manager.py:741} INFO - There are 1 files in /opt/airflow/dags
[2026-03-18T10:18:25.388+0000] {manager.py:879} INFO - 
================================================================================
DAG File Processing Stats

File Path                      PID    Runtime      # DAGs    # Errors  Last Runtime    Last Run
-----------------------------  -----  ---------  --------  ----------  --------------  -------------------
/opt/airflow/dags/etl_dags.py                           1           0  1399.60s        2026-03-18T10:41:16
================================================================================
[2026-03-18T10:18:55.413+0000] {manager.py:879} INFO - 
================================================================================
DAG File Processing Stats

File Path                      PID    Runtime      # DAGs    # Errors  Last Runtime    Last Run
-----------------------------  -----  ---------  --------  ----------  --------------  -------------------
/opt/airflow/dags/etl_dags.py                           1           0  1399.46s        2026-03-18T10:41:56
================================================================================
[2026-03-18T10:19:25.694+0000] {manager.py:879} INFO - 
================================================================================
DAG File Processing Stats

File Path                      PID    Runtime      # DAGs    # Errors  Last Runtime    Last Run
-----------------------------  -----  ---------  --------  ----------  --------------  -------------------
/opt/airflow/dags/etl_dags.py                           1           0  0.11s           2026-03-18T10:42:26
================================================================================
[2026-03-18T10:19:55.894+0000] {manager.py:879} INFO - 
================================================================================
DAG File Processing Stats

File Path                      PID    Runtime      # DAGs    # Errors  Last Runtime    Last Run
-----------------------------  -----  ---------  --------  ----------  --------------  -------------------
/opt/airflow/dags/etl_dags.py                           1           0  0.11s           2026-03-18T10:42:26
================================================================================
[2026-03-18T10:20:26.112+0000] {manager.py:879} INFO - 
================================================================================
DAG File Processing Stats

File Path                      PID    Runtime      # DAGs    # Errors  Last Runtime    Last Run
-----------------------------  -----  ---------  --------  ----------  --------------  -------------------
/opt/airflow/dags/etl_dags.py                           1           0  0.11s           2026-03-18T10:42:26
================================================================================
[2026-03-18T10:20:56.331+0000] {manager.py:879} INFO - 
================================================================================
DAG File Processing Stats

File Path                      PID    Runtime      # DAGs    # Errors  Last Runtime    Last Run
-----------------------------  -----  ---------  --------  ----------  --------------  -------------------
/opt/airflow/dags/etl_dags.py                           1           0  0.11s           2026-03-18T10:42:26
================================================================================
[2026-03-18T10:21:26.553+0000] {manager.py:879} INFO - 
================================================================================
DAG File Processing Stats

File Path                      PID    Runtime      # DAGs    # Errors  Last Runtime    Last Run
-----------------------------  -----  ---------  --------  ----------  --------------  -------------------
/opt/airflow/dags/etl_dags.py                           1           0  0.11s           2026-03-18T10:42:26
================================================================================
[2026-03-18T10:21:56.800+0000] {manager.py:879} INFO - 
================================================================================
DAG File Processing Stats

File Path                      PID    Runtime      # DAGs    # Errors  Last Runtime    Last Run
-----------------------------  -----  ---------  --------  ----------  --------------  -------------------
/opt/airflow/dags/etl_dags.py                           1           0  0.08s           2026-03-18T10:44:57
================================================================================
[2026-03-18T10:22:26.829+0000] {manager.py:879} INFO - 
================================================================================
DAG File Processing Stats

File Path                      PID    Runtime      # DAGs    # Errors  Last Runtime    Last Run
-----------------------------  -----  ---------  --------  ----------  --------------  -------------------
/opt/airflow/dags/etl_dags.py                           1           0  1399.51s        2026-03-18T10:45:32
================================================================================
[2026-03-18T10:22:57.008+0000] {manager.py:879} INFO - 
================================================================================
DAG File Processing Stats

File Path                      PID    Runtime      # DAGs    # Errors  Last Runtime    Last Run
-----------------------------  -----  ---------  --------  ----------  --------------  -------------------
/opt/airflow/dags/etl_dags.py                           1           0  0.13s           2026-03-18T10:46:02
================================================================================
[2026-03-18T10:46:17.390+0000] {manager.py:738} INFO - Searching for files in /opt/airflow/dags
[2026-03-18T10:46:17.408+0000] {manager.py:741} INFO - There are 1 files in /opt/airflow/dags
[2026-03-18T10:23:27.311+0000] {manager.py:879} INFO - 
================================================================================
DAG File Processing Stats

File Path                      PID    Runtime      # DAGs    # Errors  Last Runtime    Last Run
-----------------------------  -----  ---------  --------  ----------  --------------  -------------------
/opt/airflow/dags/etl_dags.py                           1           0  0.13s           2026-03-18T10:46:02
================================================================================
[2026-03-18T10:23:57.564+0000] {manager.py:879} INFO - 
================================================================================
DAG File Processing Stats

File Path                      PID    Runtime      # DAGs    # Errors  Last Runtime    Last Run
-----------------------------  -----  ---------  --------  ----------  --------------  -------------------
/opt/airflow/dags/etl_dags.py                           1           0  0.09s           2026-03-18T10:46:47
================================================================================
[2026-03-18T10:47:47.183+0000] {manager.py:879} INFO - 
================================================================================
DAG File Processing Stats

File Path                      PID    Runtime      # DAGs    # Errors  Last Runtime    Last Run
-----------------------------  -----  ---------  --------  ----------  --------------  -------------------
/opt/airflow/dags/etl_dags.py                           1           0  0.20s           2026-03-18T10:47:18
================================================================================
[2026-03-18T10:24:58.408+0000] {manager.py:879} INFO - 
================================================================================
DAG File Processing Stats

File Path                      PID    Runtime      # DAGs    # Errors  Last Runtime    Last Run
-----------------------------  -----  ---------  --------  ----------  --------------  -------------------
/opt/airflow/dags/etl_dags.py                           1           0  0.15s           2026-03-18T10:48:07
================================================================================
[2026-03-18T10:48:37.974+0000] {manager.py:1201} ERROR - Processor for /opt/airflow/dags/etl_dags.py with PID 720 started at 2026-03-18T10:25:18.601930+00:00 has timed out, killing it.
[2026-03-18T10:25:21.736+0000] {manager.py:451} INFO - Exiting gracefully upon receiving signal 15
[2026-03-18T10:49:24.351+0000] {manager.py:469} INFO - Processing files using up to 2 processes at a time 
[2026-03-18T10:49:24.351+0000] {manager.py:470} INFO - Process each file at most once every 30 seconds
[2026-03-18T10:49:24.352+0000] {manager.py:471} INFO - Checking for new files in /opt/airflow/dags every 300 seconds
[2026-03-18T10:49:24.352+0000] {manager.py:738} INFO - Searching for files in /opt/airflow/dags
[2026-03-18T10:49:24.372+0000] {manager.py:741} INFO - There are 1 files in /opt/airflow/dags
[2026-03-18T10:49:24.483+0000] {manager.py:879} INFO - 
================================================================================
DAG File Processing Stats

File Path                        PID  Runtime      # DAGs    # Errors  Last Runtime    Last Run
-----------------------------  -----  ---------  --------  ----------  --------------  ----------
/opt/airflow/dags/etl_dags.py    176  0.06s             0           0
================================================================================
[2026-03-18T10:26:35.305+0000] {manager.py:879} INFO - 
================================================================================
DAG File Processing Stats

File Path                      PID    Runtime      # DAGs    # Errors  Last Runtime    Last Run
-----------------------------  -----  ---------  --------  ----------  --------------  -------------------
/opt/airflow/dags/etl_dags.py                           1           0  0.65s           2026-03-18T10:49:25
================================================================================
[2026-03-18T10:27:05.335+0000] {manager.py:879} INFO - 
================================================================================
DAG File Processing Stats

File Path                      PID    Runtime      # DAGs    # Errors  Last Runtime    Last Run
-----------------------------  -----  ---------  --------  ----------  --------------  -------------------
/opt/airflow/dags/etl_dags.py                           1           0  1399.48s        2026-03-18T10:50:02
================================================================================
[2026-03-18T10:27:35.538+0000] {manager.py:879} INFO - 
================================================================================
DAG File Processing Stats

File Path                      PID    Runtime      # DAGs    # Errors  Last Runtime    Last Run
-----------------------------  -----  ---------  --------  ----------  --------------  -------------------
/opt/airflow/dags/etl_dags.py                           1           0  0.09s           2026-03-18T10:50:32
================================================================================
[2026-03-18T10:28:05.772+0000] {manager.py:879} INFO - 
================================================================================
DAG File Processing Stats

File Path                      PID    Runtime      # DAGs    # Errors  Last Runtime    Last Run
-----------------------------  -----  ---------  --------  ----------  --------------  -------------------
/opt/airflow/dags/etl_dags.py                           1           0  0.11s           2026-03-18T10:51:08
================================================================================
[2026-03-18T10:51:55.718+0000] {manager.py:879} INFO - 
================================================================================
DAG File Processing Stats

File Path                      PID    Runtime      # DAGs    # Errors  Last Runtime    Last Run
-----------------------------  -----  ---------  --------  ----------  --------------  -------------------
/opt/airflow/dags/etl_dags.py                           1           0  1399.47s        2026-03-18T10:51:42
================================================================================
[2026-03-18T10:29:06.411+0000] {manager.py:879} INFO - 
================================================================================
DAG File Processing Stats

File Path                      PID    Runtime      # DAGs    # Errors  Last Runtime    Last Run
-----------------------------  -----  ---------  --------  ----------  --------------  -------------------
/opt/airflow/dags/etl_dags.py                           1           0  1399.49s        2026-03-18T10:52:17
================================================================================
[2026-03-18T10:29:36.709+0000] {manager.py:879} INFO - 
================================================================================
DAG File Processing Stats

File Path                      PID    Runtime      # DAGs    # Errors  Last Runtime    Last Run
-----------------------------  -----  ---------  --------  ----------  --------------  -------------------
/opt/airflow/dags/etl_dags.py                           1           0  0.11s           2026-03-18T10:52:48
================================================================================
[2026-03-18T10:30:07.254+0000] {manager.py:879} INFO - 
================================================================================
DAG File Processing Stats

File Path                      PID    Runtime      # DAGs    # Errors  Last Runtime    Last Run
-----------------------------  -----  ---------  --------  ----------  --------------  -------------------
/opt/airflow/dags/etl_dags.py                           1           0  0.11s           2026-03-18T10:52:48
================================================================================
[2026-03-18T10:30:37.426+0000] {manager.py:879} INFO - 
================================================================================
DAG File Processing Stats

File Path                      PID    Runtime      # DAGs    # Errors  Last Runtime    Last Run
-----------------------------  -----  ---------  --------  ----------  --------------  -------------------
/opt/airflow/dags/etl_dags.py                           1           0  0.11s           2026-03-18T10:52:48
================================================================================
[2026-03-18T10:31:07.669+0000] {manager.py:879} INFO - 
================================================================================
DAG File Processing Stats

File Path                      PID    Runtime      # DAGs    # Errors  Last Runtime    Last Run
-----------------------------  -----  ---------  --------  ----------  --------------  -------------------
/opt/airflow/dags/etl_dags.py                           1           0  0.13s           2026-03-18T10:54:08
================================================================================
[2026-03-18T10:54:28.027+0000] {manager.py:738} INFO - Searching for files in /opt/airflow/dags
[2026-03-18T10:54:28.044+0000] {manager.py:741} INFO - There are 1 files in /opt/airflow/dags
[2026-03-18T10:31:37.647+0000] {manager.py:879} INFO - 
================================================================================
DAG File Processing Stats

File Path                      PID    Runtime      # DAGs    # Errors  Last Runtime    Last Run
-----------------------------  -----  ---------  --------  ----------  --------------  -------------------
/opt/airflow/dags/etl_dags.py                           1           0  1399.72s        2026-03-18T10:54:38
================================================================================
[2026-03-18T10:32:07.671+0000] {manager.py:879} INFO - 
================================================================================
DAG File Processing Stats

File Path                      PID    Runtime      # DAGs    # Errors  Last Runtime    Last Run
-----------------------------  -----  ---------  --------  ----------  --------------  -------------------
/opt/airflow/dags/etl_dags.py                           1           0  1399.46s        2026-03-18T10:55:18
================================================================================
[2026-03-18T10:32:37.949+0000] {manager.py:879} INFO - 
================================================================================
DAG File Processing Stats

File Path                      PID    Runtime      # DAGs    # Errors  Last Runtime    Last Run
-----------------------------  -----  ---------  --------  ----------  --------------  -------------------
/opt/airflow/dags/etl_dags.py                           1           0  0.09s           2026-03-18T10:55:48
================================================================================
[2026-03-18T10:32:51.643+0000] {manager.py:451} INFO - Exiting gracefully upon receiving signal 15
[2026-03-18T10:33:12.636+0000] {manager.py:469} INFO - Processing files using up to 2 processes at a time 
[2026-03-18T10:33:12.636+0000] {manager.py:470} INFO - Process each file at most once every 30 seconds
[2026-03-18T10:33:12.637+0000] {manager.py:471} INFO - Checking for new files in /opt/airflow/dags every 300 seconds
[2026-03-18T10:33:12.637+0000] {manager.py:738} INFO - Searching for files in /opt/airflow/dags
[2026-03-18T10:33:12.654+0000] {manager.py:741} INFO - There are 1 files in /opt/airflow/dags
[2026-03-18T10:33:12.766+0000] {manager.py:879} INFO - 
================================================================================
DAG File Processing Stats

File Path                        PID  Runtime      # DAGs    # Errors  Last Runtime    Last Run
-----------------------------  -----  ---------  --------  ----------  --------------  ----------
/opt/airflow/dags/etl_dags.py    175  0.05s             0           0
================================================================================
[2026-03-18T10:56:33.266+0000] {manager.py:738} INFO - Searching for files in /opt/airflow/dags
[2026-03-18T10:56:33.282+0000] {manager.py:741} INFO - There are 1 files in /opt/airflow/dags
[2026-03-18T10:33:42.979+0000] {manager.py:879} INFO - 
================================================================================
DAG File Processing Stats

File Path                      PID    Runtime      # DAGs    # Errors  Last Runtime    Last Run
-----------------------------  -----  ---------  --------  ----------  --------------  -------------------
/opt/airflow/dags/etl_dags.py                           1           0  1399.49s        2026-03-18T10:56:33
================================================================================
[2026-03-18T10:57:32.385+0000] {manager.py:879} INFO - 
================================================================================
DAG File Processing Stats

File Path                      PID    Runtime      # DAGs    # Errors  Last Runtime    Last Run
-----------------------------  -----  ---------  --------  ----------  --------------  -------------------
/opt/airflow/dags/etl_dags.py                           1           0  1399.56s        2026-03-18T10:57:08
================================================================================
[2026-03-18T10:34:43.039+0000] {manager.py:879} INFO - 
================================================================================
DAG File Processing Stats

File Path                      PID    Runtime      # DAGs    # Errors  Last Runtime    Last Run
-----------------------------  -----  ---------  --------  ----------  --------------  -------------------
/opt/airflow/dags/etl_dags.py                           1           0  1399.63s        2026-03-18T10:57:48
================================================================================
[2026-03-18T10:35:13.146+0000] {manager.py:879} INFO - 
================================================================================
DAG File Processing Stats

File Path                      PID    Runtime      # DAGs    # Errors  Last Runtime    Last Run
-----------------------------  -----  ---------  --------  ----------  --------------  -------------------
/opt/airflow/dags/etl_dags.py                           1           0  1399.67s        2026-03-18T10:58:28
================================================================================
[2026-03-18T10:35:43.264+0000] {manager.py:879} INFO - 
================================================================================
DAG File Processing Stats

File Path                        PID  Runtime      # DAGs    # Errors  Last Runtime    Last Run
-----------------------------  -----  ---------  --------  ----------  --------------  -------------------
/opt/airflow/dags/etl_dags.py    904  0.02s             1           0  0.26s           2026-03-18T10:35:43
================================================================================
[2026-03-18T10:36:13.417+0000] {manager.py:879} INFO - 
================================================================================
DAG File Processing Stats

File Path                      PID    Runtime      # DAGs    # Errors  Last Runtime    Last Run
-----------------------------  -----  ---------  --------  ----------  --------------  -------------------
/opt/airflow/dags/etl_dags.py                           1           0  1399.66s        2026-03-18T10:59:03
================================================================================
[2026-03-18T10:36:43.808+0000] {manager.py:879} INFO - 
================================================================================
DAG File Processing Stats

File Path                      PID    Runtime      # DAGs    # Errors  Last Runtime    Last Run
-----------------------------  -----  ---------  --------  ----------  --------------  -------------------
/opt/airflow/dags/etl_dags.py                           1           0  1399.45s        2026-03-18T10:59:38
================================================================================
[2026-03-18T11:00:33.701+0000] {manager.py:879} INFO - 
================================================================================
DAG File Processing Stats

File Path                      PID    Runtime      # DAGs    # Errors  Last Runtime    Last Run
-----------------------------  -----  ---------  --------  ----------  --------------  -------------------
/opt/airflow/dags/etl_dags.py                           1           0  1399.57s        2026-03-18T11:00:08
================================================================================
[2026-03-18T11:01:03.894+0000] {manager.py:879} INFO - 
================================================================================
DAG File Processing Stats

File Path                      PID    Runtime      # DAGs    # Errors  Last Runtime    Last Run
-----------------------------  -----  ---------  --------  ----------  --------------  -------------------
/opt/airflow/dags/etl_dags.py                           1           0  0.11s           2026-03-18T11:00:38
================================================================================
[2026-03-18T11:01:33.795+0000] {manager.py:738} INFO - Searching for files in /opt/airflow/dags
[2026-03-18T11:01:33.809+0000] {manager.py:741} INFO - There are 1 files in /opt/airflow/dags
[2026-03-18T11:01:33.930+0000] {manager.py:879} INFO - 
================================================================================
DAG File Processing Stats

File Path                      PID    Runtime      # DAGs    # Errors  Last Runtime    Last Run
-----------------------------  -----  ---------  --------  ----------  --------------  -------------------
/opt/airflow/dags/etl_dags.py                           1           0  1399.43s        2026-03-18T11:01:13
================================================================================
[2026-03-18T10:38:44.839+0000] {manager.py:879} INFO - 
================================================================================
DAG File Processing Stats

File Path                      PID    Runtime      # DAGs    # Errors  Last Runtime    Last Run
-----------------------------  -----  ---------  --------  ----------  --------------  -------------------
/opt/airflow/dags/etl_dags.py                           1           0  0.24s           2026-03-18T11:01:44
================================================================================
[2026-03-18T10:39:15.475+0000] {manager.py:879} INFO - 
================================================================================
DAG File Processing Stats

File Path                      PID    Runtime      # DAGs    # Errors  Last Runtime    Last Run
-----------------------------  -----  ---------  --------  ----------  --------------  -------------------
/opt/airflow/dags/etl_dags.py                           1           0  1399.48s        2026-03-18T11:02:28
================================================================================
[2026-03-18T10:39:45.495+0000] {manager.py:879} INFO - 
================================================================================
DAG File Processing Stats

File Path                      PID    Runtime      # DAGs    # Errors  Last Runtime    Last Run
-----------------------------  -----  ---------  --------  ----------  --------------  -------------------
/opt/airflow/dags/etl_dags.py                           1           0  1399.48s        2026-03-18T11:03:03
================================================================================
[2026-03-18T10:40:15.826+0000] {manager.py:879} INFO - 
================================================================================
DAG File Processing Stats

File Path                      PID    Runtime      # DAGs    # Errors  Last Runtime    Last Run
-----------------------------  -----  ---------  --------  ----------  --------------  -------------------
/opt/airflow/dags/etl_dags.py                           1           0  0.14s           2026-03-18T11:03:34
================================================================================
[2026-03-18T10:40:46.041+0000] {manager.py:879} INFO - 
================================================================================
DAG File Processing Stats

File Path                      PID    Runtime      # DAGs    # Errors  Last Runtime    Last Run
-----------------------------  -----  ---------  --------  ----------  --------------  -------------------
/opt/airflow/dags/etl_dags.py                           1           0  0.14s           2026-03-18T11:03:34
================================================================================
[2026-03-18T10:41:16.601+0000] {manager.py:879} INFO - 
================================================================================
DAG File Processing Stats

File Path                      PID    Runtime      # DAGs    # Errors  Last Runtime    Last Run
-----------------------------  -----  ---------  --------  ----------  --------------  -------------------
/opt/airflow/dags/etl_dags.py                           1           0  1399.52s        2026-03-18T11:04:34
================================================================================
[2026-03-18T10:41:26.981+0000] {manager.py:451} INFO - Exiting gracefully upon receiving signal 15
[2026-03-18T10:41:46.559+0000] {manager.py:469} INFO - Processing files using up to 2 processes at a time 
[2026-03-18T10:41:46.561+0000] {manager.py:470} INFO - Process each file at most once every 30 seconds
[2026-03-18T10:41:46.561+0000] {manager.py:471} INFO - Checking for new files in /opt/airflow/dags every 300 seconds
[2026-03-18T10:41:46.562+0000] {manager.py:738} INFO - Searching for files in /opt/airflow/dags
[2026-03-18T10:41:46.589+0000] {manager.py:741} INFO - There are 1 files in /opt/airflow/dags
[2026-03-18T10:41:46.733+0000] {manager.py:879} INFO - 
================================================================================
DAG File Processing Stats

File Path                        PID  Runtime      # DAGs    # Errors  Last Runtime    Last Run
-----------------------------  -----  ---------  --------  ----------  --------------  ----------
/opt/airflow/dags/etl_dags.py    175  0.06s             0           0
================================================================================
[2026-03-18T11:05:08.177+0000] {manager.py:738} INFO - Searching for files in /opt/airflow/dags
[2026-03-18T11:05:08.209+0000] {manager.py:741} INFO - There are 1 files in /opt/airflow/dags
