[2026-03-17T02:05:39.392+0000] {processor.py:161} INFO - Started process (PID=176) to work on /opt/airflow/dags/daily_revenue_etl_dag.py
[2026-03-17T02:05:39.394+0000] {processor.py:830} INFO - Processing file /opt/airflow/dags/daily_revenue_etl_dag.py for tasks to queue
[2026-03-17T02:05:39.395+0000] {logging_mixin.py:188} INFO - [2026-03-17T02:05:39.395+0000] {dagbag.py:538} INFO - Filling up the DagBag from /opt/airflow/dags/daily_revenue_etl_dag.py
[2026-03-17T02:05:39.430+0000] {processor.py:840} INFO - DAG(s) 'daily_revenue_etl_dag' retrieved from /opt/airflow/dags/daily_revenue_etl_dag.py
[2026-03-17T02:28:57.607+0000] {logging_mixin.py:188} INFO - [2026-03-17T02:28:57.606+0000] {override.py:1769} INFO - Created Permission View: can delete on DAG:daily_revenue_etl_dag
[2026-03-17T02:28:57.618+0000] {logging_mixin.py:188} INFO - [2026-03-17T02:28:57.618+0000] {override.py:1769} INFO - Created Permission View: can read on DAG:daily_revenue_etl_dag
[2026-03-17T02:28:57.625+0000] {logging_mixin.py:188} INFO - [2026-03-17T02:28:57.625+0000] {override.py:1769} INFO - Created Permission View: can edit on DAG:daily_revenue_etl_dag
[2026-03-17T02:28:57.626+0000] {logging_mixin.py:188} INFO - [2026-03-17T02:28:57.626+0000] {dag.py:3036} INFO - Sync 1 DAGs
[2026-03-17T02:28:57.637+0000] {logging_mixin.py:188} INFO - [2026-03-17T02:28:57.637+0000] {dag.py:3058} INFO - Creating ORM DAG for daily_revenue_etl_dag
[2026-03-17T02:28:57.651+0000] {logging_mixin.py:188} INFO - [2026-03-17T02:28:57.651+0000] {dag.py:3823} INFO - Setting next_dagrun for daily_revenue_etl_dag to 2026-03-16 00:00:00+00:00, run_after=2026-03-17 00:00:00+00:00
[2026-03-17T02:28:57.680+0000] {processor.py:183} INFO - Processing /opt/airflow/dags/daily_revenue_etl_dag.py took 0.348 seconds
[2026-03-17T02:29:37.990+0000] {processor.py:161} INFO - Started process (PID=181) to work on /opt/airflow/dags/daily_revenue_etl_dag.py
[2026-03-17T02:29:37.991+0000] {processor.py:830} INFO - Processing file /opt/airflow/dags/daily_revenue_etl_dag.py for tasks to queue
[2026-03-17T02:29:37.992+0000] {logging_mixin.py:188} INFO - [2026-03-17T02:29:37.992+0000] {dagbag.py:538} INFO - Filling up the DagBag from /opt/airflow/dags/daily_revenue_etl_dag.py
[2026-03-17T02:06:20.037+0000] {processor.py:840} INFO - DAG(s) 'daily_revenue_etl_dag' retrieved from /opt/airflow/dags/daily_revenue_etl_dag.py
[2026-03-17T02:06:20.061+0000] {logging_mixin.py:188} INFO - [2026-03-17T02:06:20.061+0000] {dag.py:3036} INFO - Sync 1 DAGs
[2026-03-17T02:06:20.082+0000] {logging_mixin.py:188} INFO - [2026-03-17T02:06:20.082+0000] {dag.py:3823} INFO - Setting next_dagrun for daily_revenue_etl_dag to 2026-03-16 00:00:00+00:00, run_after=2026-03-17 00:00:00+00:00
[2026-03-17T02:06:20.098+0000] {processor.py:183} INFO - Processing /opt/airflow/dags/daily_revenue_etl_dag.py took 0.089 seconds
[2026-03-17T02:29:40.136+0000] {processor.py:161} INFO - Started process (PID=188) to work on /opt/airflow/dags/daily_revenue_etl_dag.py
[2026-03-17T02:29:40.138+0000] {processor.py:830} INFO - Processing file /opt/airflow/dags/daily_revenue_etl_dag.py for tasks to queue
[2026-03-17T02:29:40.140+0000] {logging_mixin.py:188} INFO - [2026-03-17T02:29:40.139+0000] {dagbag.py:538} INFO - Filling up the DagBag from /opt/airflow/dags/daily_revenue_etl_dag.py
[2026-03-17T02:29:40.168+0000] {processor.py:840} INFO - DAG(s) 'daily_revenue_etl_dag' retrieved from /opt/airflow/dags/daily_revenue_etl_dag.py
[2026-03-17T02:29:40.240+0000] {logging_mixin.py:188} INFO - [2026-03-17T02:29:40.239+0000] {dag.py:3036} INFO - Sync 1 DAGs
[2026-03-17T02:29:40.301+0000] {logging_mixin.py:188} INFO - [2026-03-17T02:29:40.301+0000] {dag.py:3823} INFO - Setting next_dagrun for daily_revenue_etl_dag to 2026-03-16 00:00:00+00:00, run_after=2026-03-17 00:00:00+00:00
[2026-03-17T02:06:22.415+0000] {processor.py:183} INFO - Processing /opt/airflow/dags/daily_revenue_etl_dag.py took 0.225 seconds
[2026-03-17T02:06:52.702+0000] {processor.py:161} INFO - Started process (PID=233) to work on /opt/airflow/dags/daily_revenue_etl_dag.py
[2026-03-17T02:06:52.706+0000] {processor.py:830} INFO - Processing file /opt/airflow/dags/daily_revenue_etl_dag.py for tasks to queue
[2026-03-17T02:06:52.709+0000] {logging_mixin.py:188} INFO - [2026-03-17T02:06:52.708+0000] {dagbag.py:538} INFO - Filling up the DagBag from /opt/airflow/dags/daily_revenue_etl_dag.py
[2026-03-17T02:06:52.754+0000] {processor.py:840} INFO - DAG(s) 'daily_revenue_etl_dag' retrieved from /opt/airflow/dags/daily_revenue_etl_dag.py
[2026-03-17T02:06:52.816+0000] {logging_mixin.py:188} INFO - [2026-03-17T02:06:52.816+0000] {dag.py:3036} INFO - Sync 1 DAGs
[2026-03-17T02:06:52.867+0000] {logging_mixin.py:188} INFO - [2026-03-17T02:06:52.866+0000] {dag.py:3823} INFO - Setting next_dagrun for daily_revenue_etl_dag to 2026-03-17 00:00:00+00:00, run_after=2026-03-18 00:00:00+00:00
[2026-03-17T02:06:52.898+0000] {processor.py:183} INFO - Processing /opt/airflow/dags/daily_revenue_etl_dag.py took 0.203 seconds
[2026-03-17T02:30:12.964+0000] {processor.py:161} INFO - Started process (PID=238) to work on /opt/airflow/dags/daily_revenue_etl_dag.py
[2026-03-17T02:30:12.981+0000] {processor.py:830} INFO - Processing file /opt/airflow/dags/daily_revenue_etl_dag.py for tasks to queue
[2026-03-17T02:06:55.051+0000] {logging_mixin.py:188} INFO - [2026-03-17T02:06:55.050+0000] {dagbag.py:538} INFO - Filling up the DagBag from /opt/airflow/dags/daily_revenue_etl_dag.py
[2026-03-17T02:06:55.128+0000] {processor.py:840} INFO - DAG(s) 'daily_revenue_etl_dag' retrieved from /opt/airflow/dags/daily_revenue_etl_dag.py
[2026-03-17T02:06:55.172+0000] {logging_mixin.py:188} INFO - [2026-03-17T02:06:55.171+0000] {dag.py:3036} INFO - Sync 1 DAGs
[2026-03-17T02:06:55.216+0000] {logging_mixin.py:188} INFO - [2026-03-17T02:06:55.215+0000] {dag.py:3823} INFO - Setting next_dagrun for daily_revenue_etl_dag to 2026-03-17 00:00:00+00:00, run_after=2026-03-18 00:00:00+00:00
[2026-03-17T02:06:55.256+0000] {processor.py:183} INFO - Processing /opt/airflow/dags/daily_revenue_etl_dag.py took 0.251 seconds
[2026-03-17T02:30:17.972+0000] {processor.py:161} INFO - Started process (PID=243) to work on /opt/airflow/dags/daily_revenue_etl_dag.py
[2026-03-17T02:30:17.973+0000] {processor.py:830} INFO - Processing file /opt/airflow/dags/daily_revenue_etl_dag.py for tasks to queue
[2026-03-17T02:30:17.975+0000] {logging_mixin.py:188} INFO - [2026-03-17T02:30:17.974+0000] {dagbag.py:538} INFO - Filling up the DagBag from /opt/airflow/dags/daily_revenue_etl_dag.py
[2026-03-17T02:07:00.064+0000] {processor.py:840} INFO - DAG(s) 'daily_revenue_etl_dag' retrieved from /opt/airflow/dags/daily_revenue_etl_dag.py
[2026-03-17T02:07:00.096+0000] {logging_mixin.py:188} INFO - [2026-03-17T02:07:00.096+0000] {dag.py:3036} INFO - Sync 1 DAGs
[2026-03-17T02:07:00.120+0000] {logging_mixin.py:188} INFO - [2026-03-17T02:07:00.119+0000] {dag.py:3823} INFO - Setting next_dagrun for daily_revenue_etl_dag to 2026-03-17 00:00:00+00:00, run_after=2026-03-18 00:00:00+00:00
[2026-03-17T02:07:00.139+0000] {processor.py:183} INFO - Processing /opt/airflow/dags/daily_revenue_etl_dag.py took 0.112 seconds
[2026-03-17T02:07:05.090+0000] {processor.py:161} INFO - Started process (PID=248) to work on /opt/airflow/dags/daily_revenue_etl_dag.py
[2026-03-17T02:07:05.092+0000] {processor.py:830} INFO - Processing file /opt/airflow/dags/daily_revenue_etl_dag.py for tasks to queue
[2026-03-17T02:07:05.095+0000] {logging_mixin.py:188} INFO - [2026-03-17T02:07:05.095+0000] {dagbag.py:538} INFO - Filling up the DagBag from /opt/airflow/dags/daily_revenue_etl_dag.py
[2026-03-17T02:07:05.127+0000] {processor.py:840} INFO - DAG(s) 'daily_revenue_etl_dag' retrieved from /opt/airflow/dags/daily_revenue_etl_dag.py
[2026-03-17T02:07:05.161+0000] {logging_mixin.py:188} INFO - [2026-03-17T02:07:05.161+0000] {dag.py:3036} INFO - Sync 1 DAGs
[2026-03-17T02:07:05.186+0000] {logging_mixin.py:188} INFO - [2026-03-17T02:07:05.186+0000] {dag.py:3823} INFO - Setting next_dagrun for daily_revenue_etl_dag to 2026-03-17 00:00:00+00:00, run_after=2026-03-18 00:00:00+00:00
[2026-03-17T02:07:05.207+0000] {processor.py:183} INFO - Processing /opt/airflow/dags/daily_revenue_etl_dag.py took 0.121 seconds
[2026-03-17T02:30:40.251+0000] {processor.py:161} INFO - Started process (PID=253) to work on /opt/airflow/dags/daily_revenue_etl_dag.py
[2026-03-17T02:30:40.253+0000] {processor.py:830} INFO - Processing file /opt/airflow/dags/daily_revenue_etl_dag.py for tasks to queue
[2026-03-17T02:30:40.254+0000] {logging_mixin.py:188} INFO - [2026-03-17T02:30:40.253+0000] {dagbag.py:538} INFO - Filling up the DagBag from /opt/airflow/dags/daily_revenue_etl_dag.py
[2026-03-17T02:30:40.278+0000] {processor.py:840} INFO - DAG(s) 'daily_revenue_etl_dag' retrieved from /opt/airflow/dags/daily_revenue_etl_dag.py
[2026-03-17T02:30:40.307+0000] {logging_mixin.py:188} INFO - [2026-03-17T02:30:40.307+0000] {dag.py:3036} INFO - Sync 1 DAGs
[2026-03-17T02:30:40.334+0000] {logging_mixin.py:188} INFO - [2026-03-17T02:30:40.333+0000] {dag.py:3823} INFO - Setting next_dagrun for daily_revenue_etl_dag to 2026-03-17 00:00:00+00:00, run_after=2026-03-18 00:00:00+00:00
[2026-03-17T02:07:22.414+0000] {processor.py:183} INFO - Processing /opt/airflow/dags/daily_revenue_etl_dag.py took 0.106 seconds
[2026-03-17T02:07:52.491+0000] {processor.py:161} INFO - Started process (PID=258) to work on /opt/airflow/dags/daily_revenue_etl_dag.py
[2026-03-17T02:07:52.492+0000] {processor.py:830} INFO - Processing file /opt/airflow/dags/daily_revenue_etl_dag.py for tasks to queue
[2026-03-17T02:07:52.493+0000] {logging_mixin.py:188} INFO - [2026-03-17T02:07:52.493+0000] {dagbag.py:538} INFO - Filling up the DagBag from /opt/airflow/dags/daily_revenue_etl_dag.py
[2026-03-17T02:07:52.515+0000] {processor.py:840} INFO - DAG(s) 'daily_revenue_etl_dag' retrieved from /opt/airflow/dags/daily_revenue_etl_dag.py
[2026-03-17T02:07:52.544+0000] {logging_mixin.py:188} INFO - [2026-03-17T02:07:52.544+0000] {dag.py:3036} INFO - Sync 1 DAGs
[2026-03-17T02:07:52.565+0000] {logging_mixin.py:188} INFO - [2026-03-17T02:07:52.564+0000] {dag.py:3823} INFO - Setting next_dagrun for daily_revenue_etl_dag to 2026-03-17 00:00:00+00:00, run_after=2026-03-18 00:00:00+00:00
[2026-03-17T02:07:52.581+0000] {processor.py:183} INFO - Processing /opt/airflow/dags/daily_revenue_etl_dag.py took 0.095 seconds
[2026-03-17T02:08:22.866+0000] {processor.py:161} INFO - Started process (PID=263) to work on /opt/airflow/dags/daily_revenue_etl_dag.py
[2026-03-17T02:08:22.867+0000] {processor.py:830} INFO - Processing file /opt/airflow/dags/daily_revenue_etl_dag.py for tasks to queue
[2026-03-17T02:08:22.868+0000] {logging_mixin.py:188} INFO - [2026-03-17T02:08:22.868+0000] {dagbag.py:538} INFO - Filling up the DagBag from /opt/airflow/dags/daily_revenue_etl_dag.py
[2026-03-17T02:08:22.888+0000] {processor.py:840} INFO - DAG(s) 'daily_revenue_etl_dag' retrieved from /opt/airflow/dags/daily_revenue_etl_dag.py
[2026-03-17T02:08:22.911+0000] {logging_mixin.py:188} INFO - [2026-03-17T02:08:22.911+0000] {dag.py:3036} INFO - Sync 1 DAGs
[2026-03-17T02:08:22.930+0000] {logging_mixin.py:188} INFO - [2026-03-17T02:08:22.930+0000] {dag.py:3823} INFO - Setting next_dagrun for daily_revenue_etl_dag to 2026-03-17 00:00:00+00:00, run_after=2026-03-18 00:00:00+00:00
[2026-03-17T02:08:22.959+0000] {processor.py:183} INFO - Processing /opt/airflow/dags/daily_revenue_etl_dag.py took 0.096 seconds
[2026-03-17T02:31:42.953+0000] {processor.py:161} INFO - Started process (PID=268) to work on /opt/airflow/dags/daily_revenue_etl_dag.py
[2026-03-17T02:31:42.955+0000] {processor.py:830} INFO - Processing file /opt/airflow/dags/daily_revenue_etl_dag.py for tasks to queue
[2026-03-17T02:31:42.956+0000] {logging_mixin.py:188} INFO - [2026-03-17T02:31:42.955+0000] {dagbag.py:538} INFO - Filling up the DagBag from /opt/airflow/dags/daily_revenue_etl_dag.py
[2026-03-17T02:31:42.977+0000] {processor.py:840} INFO - DAG(s) 'daily_revenue_etl_dag' retrieved from /opt/airflow/dags/daily_revenue_etl_dag.py
[2026-03-17T02:31:43.004+0000] {logging_mixin.py:188} INFO - [2026-03-17T02:31:43.003+0000] {dag.py:3036} INFO - Sync 1 DAGs
[2026-03-17T02:31:43.023+0000] {logging_mixin.py:188} INFO - [2026-03-17T02:31:43.022+0000] {dag.py:3823} INFO - Setting next_dagrun for daily_revenue_etl_dag to 2026-03-17 00:00:00+00:00, run_after=2026-03-18 00:00:00+00:00
[2026-03-17T02:31:43.040+0000] {processor.py:183} INFO - Processing /opt/airflow/dags/daily_revenue_etl_dag.py took 0.092 seconds
[2026-03-17T02:32:13.178+0000] {processor.py:161} INFO - Started process (PID=273) to work on /opt/airflow/dags/daily_revenue_etl_dag.py
[2026-03-17T02:32:13.179+0000] {processor.py:830} INFO - Processing file /opt/airflow/dags/daily_revenue_etl_dag.py for tasks to queue
[2026-03-17T02:32:13.180+0000] {logging_mixin.py:188} INFO - [2026-03-17T02:32:13.180+0000] {dagbag.py:538} INFO - Filling up the DagBag from /opt/airflow/dags/daily_revenue_etl_dag.py
[2026-03-17T02:32:13.206+0000] {processor.py:840} INFO - DAG(s) 'daily_revenue_etl_dag' retrieved from /opt/airflow/dags/daily_revenue_etl_dag.py
[2026-03-17T02:08:55.265+0000] {logging_mixin.py:188} INFO - [2026-03-17T02:08:55.264+0000] {dag.py:3036} INFO - Sync 1 DAGs
[2026-03-17T02:08:55.286+0000] {logging_mixin.py:188} INFO - [2026-03-17T02:08:55.286+0000] {dag.py:3823} INFO - Setting next_dagrun for daily_revenue_etl_dag to 2026-03-17 00:00:00+00:00, run_after=2026-03-18 00:00:00+00:00
[2026-03-17T02:08:55.303+0000] {processor.py:183} INFO - Processing /opt/airflow/dags/daily_revenue_etl_dag.py took 0.103 seconds
[2026-03-17T02:09:22.491+0000] {processor.py:161} INFO - Started process (PID=278) to work on /opt/airflow/dags/daily_revenue_etl_dag.py
[2026-03-17T02:09:22.499+0000] {processor.py:830} INFO - Processing file /opt/airflow/dags/daily_revenue_etl_dag.py for tasks to queue
[2026-03-17T02:09:22.505+0000] {logging_mixin.py:188} INFO - [2026-03-17T02:09:22.504+0000] {dagbag.py:538} INFO - Filling up the DagBag from /opt/airflow/dags/daily_revenue_etl_dag.py
[2026-03-17T02:09:22.545+0000] {processor.py:840} INFO - DAG(s) 'daily_revenue_etl_dag' retrieved from /opt/airflow/dags/daily_revenue_etl_dag.py
[2026-03-17T02:09:22.585+0000] {logging_mixin.py:188} INFO - [2026-03-17T02:09:22.585+0000] {dag.py:3036} INFO - Sync 1 DAGs
[2026-03-17T02:09:22.618+0000] {logging_mixin.py:188} INFO - [2026-03-17T02:09:22.618+0000] {dag.py:3823} INFO - Setting next_dagrun for daily_revenue_etl_dag to 2026-03-17 00:00:00+00:00, run_after=2026-03-18 00:00:00+00:00
[2026-03-17T02:09:22.657+0000] {processor.py:183} INFO - Processing /opt/airflow/dags/daily_revenue_etl_dag.py took 0.175 seconds
[2026-03-17T02:09:52.785+0000] {processor.py:161} INFO - Started process (PID=283) to work on /opt/airflow/dags/daily_revenue_etl_dag.py
[2026-03-17T02:09:52.787+0000] {processor.py:830} INFO - Processing file /opt/airflow/dags/daily_revenue_etl_dag.py for tasks to queue
[2026-03-17T02:09:52.787+0000] {logging_mixin.py:188} INFO - [2026-03-17T02:09:52.787+0000] {dagbag.py:538} INFO - Filling up the DagBag from /opt/airflow/dags/daily_revenue_etl_dag.py
[2026-03-17T02:09:52.805+0000] {processor.py:840} INFO - DAG(s) 'daily_revenue_etl_dag' retrieved from /opt/airflow/dags/daily_revenue_etl_dag.py
[2026-03-17T02:09:52.829+0000] {logging_mixin.py:188} INFO - [2026-03-17T02:09:52.829+0000] {dag.py:3036} INFO - Sync 1 DAGs
[2026-03-17T02:09:52.848+0000] {logging_mixin.py:188} INFO - [2026-03-17T02:09:52.848+0000] {dag.py:3823} INFO - Setting next_dagrun for daily_revenue_etl_dag to 2026-03-17 00:00:00+00:00, run_after=2026-03-18 00:00:00+00:00
[2026-03-17T02:09:52.878+0000] {processor.py:183} INFO - Processing /opt/airflow/dags/daily_revenue_etl_dag.py took 0.096 seconds
[2026-03-17T02:10:23.012+0000] {processor.py:161} INFO - Started process (PID=288) to work on /opt/airflow/dags/daily_revenue_etl_dag.py
[2026-03-17T02:10:23.014+0000] {processor.py:830} INFO - Processing file /opt/airflow/dags/daily_revenue_etl_dag.py for tasks to queue
[2026-03-17T02:10:23.015+0000] {logging_mixin.py:188} INFO - [2026-03-17T02:10:23.014+0000] {dagbag.py:538} INFO - Filling up the DagBag from /opt/airflow/dags/daily_revenue_etl_dag.py
[2026-03-17T02:10:23.036+0000] {processor.py:840} INFO - DAG(s) 'daily_revenue_etl_dag' retrieved from /opt/airflow/dags/daily_revenue_etl_dag.py
[2026-03-17T02:10:23.062+0000] {logging_mixin.py:188} INFO - [2026-03-17T02:10:23.062+0000] {dag.py:3036} INFO - Sync 1 DAGs
[2026-03-17T02:10:23.083+0000] {logging_mixin.py:188} INFO - [2026-03-17T02:10:23.083+0000] {dag.py:3823} INFO - Setting next_dagrun for daily_revenue_etl_dag to 2026-03-17 00:00:00+00:00, run_after=2026-03-18 00:00:00+00:00
[2026-03-17T02:10:23.102+0000] {processor.py:183} INFO - Processing /opt/airflow/dags/daily_revenue_etl_dag.py took 0.093 seconds
[2026-03-17T02:33:53.142+0000] {processor.py:161} INFO - Started process (PID=293) to work on /opt/airflow/dags/daily_revenue_etl_dag.py
[2026-03-17T02:33:53.143+0000] {processor.py:830} INFO - Processing file /opt/airflow/dags/daily_revenue_etl_dag.py for tasks to queue
[2026-03-17T02:33:53.144+0000] {logging_mixin.py:188} INFO - [2026-03-17T02:33:53.144+0000] {dagbag.py:538} INFO - Filling up the DagBag from /opt/airflow/dags/daily_revenue_etl_dag.py
[2026-03-17T02:33:53.165+0000] {processor.py:840} INFO - DAG(s) 'daily_revenue_etl_dag' retrieved from /opt/airflow/dags/daily_revenue_etl_dag.py
[2026-03-17T02:33:53.200+0000] {logging_mixin.py:188} INFO - [2026-03-17T02:33:53.200+0000] {dag.py:3036} INFO - Sync 1 DAGs
[2026-03-17T02:33:53.227+0000] {logging_mixin.py:188} INFO - [2026-03-17T02:33:53.227+0000] {dag.py:3823} INFO - Setting next_dagrun for daily_revenue_etl_dag to 2026-03-17 00:00:00+00:00, run_after=2026-03-18 00:00:00+00:00
[2026-03-17T02:33:53.250+0000] {processor.py:183} INFO - Processing /opt/airflow/dags/daily_revenue_etl_dag.py took 0.112 seconds
[2026-03-17T02:34:23.364+0000] {processor.py:161} INFO - Started process (PID=298) to work on /opt/airflow/dags/daily_revenue_etl_dag.py
[2026-03-17T02:34:23.365+0000] {processor.py:830} INFO - Processing file /opt/airflow/dags/daily_revenue_etl_dag.py for tasks to queue
[2026-03-17T02:34:23.366+0000] {logging_mixin.py:188} INFO - [2026-03-17T02:34:23.366+0000] {dagbag.py:538} INFO - Filling up the DagBag from /opt/airflow/dags/daily_revenue_etl_dag.py
[2026-03-17T02:34:23.388+0000] {processor.py:840} INFO - DAG(s) 'daily_revenue_etl_dag' retrieved from /opt/airflow/dags/daily_revenue_etl_dag.py
[2026-03-17T02:34:23.417+0000] {logging_mixin.py:188} INFO - [2026-03-17T02:34:23.416+0000] {dag.py:3036} INFO - Sync 1 DAGs
[2026-03-17T02:34:23.440+0000] {logging_mixin.py:188} INFO - [2026-03-17T02:34:23.439+0000] {dag.py:3823} INFO - Setting next_dagrun for daily_revenue_etl_dag to 2026-03-17 00:00:00+00:00, run_after=2026-03-18 00:00:00+00:00
[2026-03-17T02:34:23.460+0000] {processor.py:183} INFO - Processing /opt/airflow/dags/daily_revenue_etl_dag.py took 0.100 seconds
[2026-03-17T02:36:10.141+0000] {processor.py:161} INFO - Started process (PID=303) to work on /opt/airflow/dags/daily_revenue_etl_dag.py
[2026-03-17T02:36:10.142+0000] {processor.py:830} INFO - Processing file /opt/airflow/dags/daily_revenue_etl_dag.py for tasks to queue
[2026-03-17T02:36:10.143+0000] {logging_mixin.py:188} INFO - [2026-03-17T02:36:10.143+0000] {dagbag.py:538} INFO - Filling up the DagBag from /opt/airflow/dags/daily_revenue_etl_dag.py
[2026-03-17T02:36:10.162+0000] {processor.py:840} INFO - DAG(s) 'daily_revenue_etl_dag' retrieved from /opt/airflow/dags/daily_revenue_etl_dag.py
[2026-03-17T02:36:10.188+0000] {logging_mixin.py:188} INFO - [2026-03-17T02:36:10.188+0000] {dag.py:3036} INFO - Sync 1 DAGs
[2026-03-17T02:36:10.209+0000] {logging_mixin.py:188} INFO - [2026-03-17T02:36:10.208+0000] {dag.py:3823} INFO - Setting next_dagrun for daily_revenue_etl_dag to 2026-03-17 00:00:00+00:00, run_after=2026-03-18 00:00:00+00:00
[2026-03-17T02:36:10.229+0000] {processor.py:183} INFO - Processing /opt/airflow/dags/daily_revenue_etl_dag.py took 0.090 seconds
[2026-03-17T02:36:40.379+0000] {processor.py:161} INFO - Started process (PID=308) to work on /opt/airflow/dags/daily_revenue_etl_dag.py
[2026-03-17T02:36:40.380+0000] {processor.py:830} INFO - Processing file /opt/airflow/dags/daily_revenue_etl_dag.py for tasks to queue
[2026-03-17T02:36:40.381+0000] {logging_mixin.py:188} INFO - [2026-03-17T02:36:40.381+0000] {dagbag.py:538} INFO - Filling up the DagBag from /opt/airflow/dags/daily_revenue_etl_dag.py
[2026-03-17T02:36:40.400+0000] {processor.py:840} INFO - DAG(s) 'daily_revenue_etl_dag' retrieved from /opt/airflow/dags/daily_revenue_etl_dag.py
[2026-03-17T02:36:40.428+0000] {logging_mixin.py:188} INFO - [2026-03-17T02:36:40.428+0000] {dag.py:3036} INFO - Sync 1 DAGs
[2026-03-17T02:36:40.448+0000] {logging_mixin.py:188} INFO - [2026-03-17T02:36:40.448+0000] {dag.py:3823} INFO - Setting next_dagrun for daily_revenue_etl_dag to 2026-03-17 00:00:00+00:00, run_after=2026-03-18 00:00:00+00:00
[2026-03-17T02:13:22.496+0000] {processor.py:183} INFO - Processing /opt/airflow/dags/daily_revenue_etl_dag.py took 0.090 seconds
[2026-03-17T02:36:43.493+0000] {processor.py:161} INFO - Started process (PID=313) to work on /opt/airflow/dags/daily_revenue_etl_dag.py
[2026-03-17T02:36:43.497+0000] {processor.py:830} INFO - Processing file /opt/airflow/dags/daily_revenue_etl_dag.py for tasks to queue
[2026-03-17T02:36:43.499+0000] {logging_mixin.py:188} INFO - [2026-03-17T02:36:43.498+0000] {dagbag.py:538} INFO - Filling up the DagBag from /opt/airflow/dags/daily_revenue_etl_dag.py
[2026-03-17T02:36:43.529+0000] {processor.py:840} INFO - DAG(s) 'daily_revenue_etl_dag' retrieved from /opt/airflow/dags/daily_revenue_etl_dag.py
[2026-03-17T02:36:43.561+0000] {logging_mixin.py:188} INFO - [2026-03-17T02:36:43.561+0000] {dag.py:3036} INFO - Sync 1 DAGs
[2026-03-17T02:36:43.587+0000] {logging_mixin.py:188} INFO - [2026-03-17T02:36:43.587+0000] {dag.py:3823} INFO - Setting next_dagrun for daily_revenue_etl_dag to 2026-03-17 00:00:00+00:00, run_after=2026-03-18 00:00:00+00:00
[2026-03-17T02:36:43.606+0000] {processor.py:183} INFO - Processing /opt/airflow/dags/daily_revenue_etl_dag.py took 0.119 seconds
[2026-03-17T02:38:10.163+0000] {processor.py:161} INFO - Started process (PID=319) to work on /opt/airflow/dags/daily_revenue_etl_dag.py
[2026-03-17T02:38:10.165+0000] {processor.py:830} INFO - Processing file /opt/airflow/dags/daily_revenue_etl_dag.py for tasks to queue
[2026-03-17T02:38:10.166+0000] {logging_mixin.py:188} INFO - [2026-03-17T02:38:10.165+0000] {dagbag.py:538} INFO - Filling up the DagBag from /opt/airflow/dags/daily_revenue_etl_dag.py
[2026-03-17T02:38:10.187+0000] {processor.py:840} INFO - DAG(s) 'daily_revenue_etl_dag' retrieved from /opt/airflow/dags/daily_revenue_etl_dag.py
[2026-03-17T02:38:10.214+0000] {logging_mixin.py:188} INFO - [2026-03-17T02:38:10.214+0000] {dag.py:3036} INFO - Sync 1 DAGs
[2026-03-17T02:38:10.237+0000] {logging_mixin.py:188} INFO - [2026-03-17T02:38:10.237+0000] {dag.py:3823} INFO - Setting next_dagrun for daily_revenue_etl_dag to 2026-03-17 00:00:00+00:00, run_after=2026-03-18 00:00:00+00:00
[2026-03-17T02:38:10.255+0000] {processor.py:183} INFO - Processing /opt/airflow/dags/daily_revenue_etl_dag.py took 0.096 seconds
[2026-03-17T02:20:52.830+0000] {processor.py:161} INFO - Started process (PID=175) to work on /opt/airflow/dags/daily_revenue_etl_dag.py
[2026-03-17T02:20:52.832+0000] {processor.py:830} INFO - Processing file /opt/airflow/dags/daily_revenue_etl_dag.py for tasks to queue
[2026-03-17T02:20:52.833+0000] {logging_mixin.py:188} INFO - [2026-03-17T02:20:52.833+0000] {dagbag.py:538} INFO - Filling up the DagBag from /opt/airflow/dags/daily_revenue_etl_dag.py
[2026-03-17T02:20:52.876+0000] {processor.py:840} INFO - DAG(s) 'daily_revenue_etl_dag' retrieved from /opt/airflow/dags/daily_revenue_etl_dag.py
[2026-03-17T02:20:53.104+0000] {logging_mixin.py:188} INFO - [2026-03-17T02:20:53.103+0000] {override.py:1769} INFO - Created Permission View: can delete on DAG:daily_revenue_etl_dag
[2026-03-17T02:20:53.119+0000] {logging_mixin.py:188} INFO - [2026-03-17T02:20:53.118+0000] {override.py:1769} INFO - Created Permission View: can read on DAG:daily_revenue_etl_dag
[2026-03-17T02:20:53.126+0000] {logging_mixin.py:188} INFO - [2026-03-17T02:20:53.126+0000] {override.py:1769} INFO - Created Permission View: can edit on DAG:daily_revenue_etl_dag
[2026-03-17T02:20:53.127+0000] {logging_mixin.py:188} INFO - [2026-03-17T02:20:53.127+0000] {dag.py:3036} INFO - Sync 1 DAGs
[2026-03-17T02:20:53.139+0000] {logging_mixin.py:188} INFO - [2026-03-17T02:20:53.139+0000] {dag.py:3058} INFO - Creating ORM DAG for daily_revenue_etl_dag
[2026-03-17T02:20:53.152+0000] {logging_mixin.py:188} INFO - [2026-03-17T02:20:53.152+0000] {dag.py:3823} INFO - Setting next_dagrun for daily_revenue_etl_dag to 2026-03-16 00:00:00+00:00, run_after=2026-03-17 00:00:00+00:00
[2026-03-17T02:20:53.175+0000] {processor.py:183} INFO - Processing /opt/airflow/dags/daily_revenue_etl_dag.py took 0.349 seconds
[2026-03-17T02:44:19.231+0000] {processor.py:161} INFO - Started process (PID=180) to work on /opt/airflow/dags/daily_revenue_etl_dag.py
[2026-03-17T02:44:19.233+0000] {processor.py:830} INFO - Processing file /opt/airflow/dags/daily_revenue_etl_dag.py for tasks to queue
[2026-03-17T02:44:19.234+0000] {logging_mixin.py:188} INFO - [2026-03-17T02:44:19.233+0000] {dagbag.py:538} INFO - Filling up the DagBag from /opt/airflow/dags/daily_revenue_etl_dag.py
[2026-03-17T02:44:19.257+0000] {processor.py:840} INFO - DAG(s) 'daily_revenue_etl_dag' retrieved from /opt/airflow/dags/daily_revenue_etl_dag.py
[2026-03-17T02:44:19.288+0000] {logging_mixin.py:188} INFO - [2026-03-17T02:44:19.288+0000] {dag.py:3036} INFO - Sync 1 DAGs
[2026-03-17T02:44:19.318+0000] {logging_mixin.py:188} INFO - [2026-03-17T02:44:19.318+0000] {dag.py:3823} INFO - Setting next_dagrun for daily_revenue_etl_dag to 2026-03-16 00:00:00+00:00, run_after=2026-03-17 00:00:00+00:00
[2026-03-17T02:44:19.357+0000] {processor.py:183} INFO - Processing /opt/airflow/dags/daily_revenue_etl_dag.py took 0.132 seconds
[2026-03-17T02:44:49.457+0000] {processor.py:161} INFO - Started process (PID=187) to work on /opt/airflow/dags/daily_revenue_etl_dag.py
[2026-03-17T02:44:49.458+0000] {processor.py:830} INFO - Processing file /opt/airflow/dags/daily_revenue_etl_dag.py for tasks to queue
[2026-03-17T02:44:49.459+0000] {logging_mixin.py:188} INFO - [2026-03-17T02:44:49.459+0000] {dagbag.py:538} INFO - Filling up the DagBag from /opt/airflow/dags/daily_revenue_etl_dag.py
[2026-03-17T02:44:49.477+0000] {processor.py:840} INFO - DAG(s) 'daily_revenue_etl_dag' retrieved from /opt/airflow/dags/daily_revenue_etl_dag.py
[2026-03-17T02:44:49.504+0000] {logging_mixin.py:188} INFO - [2026-03-17T02:44:49.504+0000] {dag.py:3036} INFO - Sync 1 DAGs
[2026-03-17T02:44:49.524+0000] {logging_mixin.py:188} INFO - [2026-03-17T02:44:49.523+0000] {dag.py:3823} INFO - Setting next_dagrun for daily_revenue_etl_dag to 2026-03-16 00:00:00+00:00, run_after=2026-03-17 00:00:00+00:00
[2026-03-17T02:21:31.579+0000] {processor.py:183} INFO - Processing /opt/airflow/dags/daily_revenue_etl_dag.py took 0.088 seconds
[2026-03-17T02:21:41.593+0000] {processor.py:161} INFO - Started process (PID=192) to work on /opt/airflow/dags/daily_revenue_etl_dag.py
[2026-03-17T02:21:41.595+0000] {processor.py:830} INFO - Processing file /opt/airflow/dags/daily_revenue_etl_dag.py for tasks to queue
[2026-03-17T02:21:41.595+0000] {logging_mixin.py:188} INFO - [2026-03-17T02:21:41.595+0000] {dagbag.py:538} INFO - Filling up the DagBag from /opt/airflow/dags/daily_revenue_etl_dag.py
[2026-03-17T02:21:41.616+0000] {processor.py:840} INFO - DAG(s) 'daily_revenue_etl_dag' retrieved from /opt/airflow/dags/daily_revenue_etl_dag.py
[2026-03-17T02:21:41.642+0000] {logging_mixin.py:188} INFO - [2026-03-17T02:21:41.642+0000] {dag.py:3036} INFO - Sync 1 DAGs
[2026-03-17T02:21:41.667+0000] {logging_mixin.py:188} INFO - [2026-03-17T02:21:41.666+0000] {dag.py:3823} INFO - Setting next_dagrun for daily_revenue_etl_dag to 2026-03-16 00:00:00+00:00, run_after=2026-03-17 00:00:00+00:00
[2026-03-17T02:21:41.687+0000] {processor.py:183} INFO - Processing /opt/airflow/dags/daily_revenue_etl_dag.py took 0.097 seconds
[2026-03-17T02:22:11.976+0000] {processor.py:161} INFO - Started process (PID=237) to work on /opt/airflow/dags/daily_revenue_etl_dag.py
[2026-03-17T02:22:11.977+0000] {processor.py:830} INFO - Processing file /opt/airflow/dags/daily_revenue_etl_dag.py for tasks to queue
[2026-03-17T02:22:11.979+0000] {logging_mixin.py:188} INFO - [2026-03-17T02:22:11.978+0000] {dagbag.py:538} INFO - Filling up the DagBag from /opt/airflow/dags/daily_revenue_etl_dag.py
[2026-03-17T02:22:12.004+0000] {processor.py:840} INFO - DAG(s) 'daily_revenue_etl_dag' retrieved from /opt/airflow/dags/daily_revenue_etl_dag.py
[2026-03-17T02:22:12.040+0000] {logging_mixin.py:188} INFO - [2026-03-17T02:22:12.039+0000] {dag.py:3036} INFO - Sync 1 DAGs
[2026-03-17T02:22:12.069+0000] {logging_mixin.py:188} INFO - [2026-03-17T02:22:12.068+0000] {dag.py:3823} INFO - Setting next_dagrun for daily_revenue_etl_dag to 2026-03-17 00:00:00+00:00, run_after=2026-03-18 00:00:00+00:00
[2026-03-17T02:22:12.090+0000] {processor.py:183} INFO - Processing /opt/airflow/dags/daily_revenue_etl_dag.py took 0.119 seconds
[2026-03-17T02:22:42.177+0000] {processor.py:161} INFO - Started process (PID=242) to work on /opt/airflow/dags/daily_revenue_etl_dag.py
[2026-03-17T02:22:42.179+0000] {processor.py:830} INFO - Processing file /opt/airflow/dags/daily_revenue_etl_dag.py for tasks to queue
[2026-03-17T02:22:42.179+0000] {logging_mixin.py:188} INFO - [2026-03-17T02:22:42.179+0000] {dagbag.py:538} INFO - Filling up the DagBag from /opt/airflow/dags/daily_revenue_etl_dag.py
[2026-03-17T02:22:42.196+0000] {processor.py:840} INFO - DAG(s) 'daily_revenue_etl_dag' retrieved from /opt/airflow/dags/daily_revenue_etl_dag.py
[2026-03-17T02:22:42.222+0000] {logging_mixin.py:188} INFO - [2026-03-17T02:22:42.222+0000] {dag.py:3036} INFO - Sync 1 DAGs
[2026-03-17T02:22:42.241+0000] {logging_mixin.py:188} INFO - [2026-03-17T02:22:42.240+0000] {dag.py:3823} INFO - Setting next_dagrun for daily_revenue_etl_dag to 2026-03-17 00:00:00+00:00, run_after=2026-03-18 00:00:00+00:00
[2026-03-17T02:22:42.263+0000] {processor.py:183} INFO - Processing /opt/airflow/dags/daily_revenue_etl_dag.py took 0.089 seconds
[2026-03-17T02:46:10.279+0000] {processor.py:161} INFO - Started process (PID=247) to work on /opt/airflow/dags/daily_revenue_etl_dag.py
[2026-03-17T02:46:10.280+0000] {processor.py:830} INFO - Processing file /opt/airflow/dags/daily_revenue_etl_dag.py for tasks to queue
[2026-03-17T02:46:10.282+0000] {logging_mixin.py:188} INFO - [2026-03-17T02:46:10.281+0000] {dagbag.py:538} INFO - Filling up the DagBag from /opt/airflow/dags/daily_revenue_etl_dag.py
[2026-03-17T02:46:10.306+0000] {processor.py:840} INFO - DAG(s) 'daily_revenue_etl_dag' retrieved from /opt/airflow/dags/daily_revenue_etl_dag.py
[2026-03-17T02:46:10.339+0000] {logging_mixin.py:188} INFO - [2026-03-17T02:46:10.339+0000] {dag.py:3036} INFO - Sync 1 DAGs
[2026-03-17T02:46:10.364+0000] {logging_mixin.py:188} INFO - [2026-03-17T02:46:10.363+0000] {dag.py:3823} INFO - Setting next_dagrun for daily_revenue_etl_dag to 2026-03-17 00:00:00+00:00, run_after=2026-03-18 00:00:00+00:00
[2026-03-17T02:46:10.392+0000] {processor.py:183} INFO - Processing /opt/airflow/dags/daily_revenue_etl_dag.py took 0.116 seconds
[2026-03-17T02:46:44.527+0000] {processor.py:161} INFO - Started process (PID=272) to work on /opt/airflow/dags/daily_revenue_etl_dag.py
[2026-03-17T02:46:44.528+0000] {processor.py:830} INFO - Processing file /opt/airflow/dags/daily_revenue_etl_dag.py for tasks to queue
[2026-03-17T02:46:44.529+0000] {logging_mixin.py:188} INFO - [2026-03-17T02:46:44.529+0000] {dagbag.py:538} INFO - Filling up the DagBag from /opt/airflow/dags/daily_revenue_etl_dag.py
[2026-03-17T02:46:44.550+0000] {processor.py:840} INFO - DAG(s) 'daily_revenue_etl_dag' retrieved from /opt/airflow/dags/daily_revenue_etl_dag.py
[2026-03-17T02:46:44.578+0000] {logging_mixin.py:188} INFO - [2026-03-17T02:46:44.578+0000] {dag.py:3036} INFO - Sync 1 DAGs
[2026-03-17T02:46:44.603+0000] {logging_mixin.py:188} INFO - [2026-03-17T02:46:44.602+0000] {dag.py:3823} INFO - Setting next_dagrun for daily_revenue_etl_dag to 2026-03-17 00:00:00+00:00, run_after=2026-03-18 00:00:00+00:00
[2026-03-17T02:46:44.623+0000] {processor.py:183} INFO - Processing /opt/airflow/dags/daily_revenue_etl_dag.py took 0.100 seconds
[2026-03-17T02:48:10.266+0000] {processor.py:161} INFO - Started process (PID=277) to work on /opt/airflow/dags/daily_revenue_etl_dag.py
[2026-03-17T02:48:10.268+0000] {processor.py:830} INFO - Processing file /opt/airflow/dags/daily_revenue_etl_dag.py for tasks to queue
[2026-03-17T02:48:10.269+0000] {logging_mixin.py:188} INFO - [2026-03-17T02:48:10.269+0000] {dagbag.py:538} INFO - Filling up the DagBag from /opt/airflow/dags/daily_revenue_etl_dag.py
[2026-03-17T02:48:10.311+0000] {processor.py:840} INFO - DAG(s) 'daily_revenue_etl_dag' retrieved from /opt/airflow/dags/daily_revenue_etl_dag.py
[2026-03-17T02:48:10.354+0000] {logging_mixin.py:188} INFO - [2026-03-17T02:48:10.354+0000] {dag.py:3036} INFO - Sync 1 DAGs
[2026-03-17T02:48:10.388+0000] {logging_mixin.py:188} INFO - [2026-03-17T02:48:10.387+0000] {dag.py:3823} INFO - Setting next_dagrun for daily_revenue_etl_dag to 2026-03-17 00:00:00+00:00, run_after=2026-03-18 00:00:00+00:00
[2026-03-17T02:48:10.410+0000] {processor.py:183} INFO - Processing /opt/airflow/dags/daily_revenue_etl_dag.py took 0.150 seconds
[2026-03-17T02:25:22.570+0000] {processor.py:161} INFO - Started process (PID=282) to work on /opt/airflow/dags/daily_revenue_etl_dag.py
[2026-03-17T02:25:22.571+0000] {processor.py:830} INFO - Processing file /opt/airflow/dags/daily_revenue_etl_dag.py for tasks to queue
[2026-03-17T02:25:22.572+0000] {logging_mixin.py:188} INFO - [2026-03-17T02:25:22.572+0000] {dagbag.py:538} INFO - Filling up the DagBag from /opt/airflow/dags/daily_revenue_etl_dag.py
[2026-03-17T02:25:22.591+0000] {processor.py:840} INFO - DAG(s) 'daily_revenue_etl_dag' retrieved from /opt/airflow/dags/daily_revenue_etl_dag.py
[2026-03-17T02:25:22.617+0000] {logging_mixin.py:188} INFO - [2026-03-17T02:25:22.617+0000] {dag.py:3036} INFO - Sync 1 DAGs
[2026-03-17T02:25:22.636+0000] {logging_mixin.py:188} INFO - [2026-03-17T02:25:22.636+0000] {dag.py:3823} INFO - Setting next_dagrun for daily_revenue_etl_dag to 2026-03-17 00:00:00+00:00, run_after=2026-03-18 00:00:00+00:00
[2026-03-17T02:25:22.654+0000] {processor.py:183} INFO - Processing /opt/airflow/dags/daily_revenue_etl_dag.py took 0.088 seconds
[2026-03-17T02:48:44.646+0000] {processor.py:161} INFO - Started process (PID=287) to work on /opt/airflow/dags/daily_revenue_etl_dag.py
[2026-03-17T02:48:44.648+0000] {processor.py:830} INFO - Processing file /opt/airflow/dags/daily_revenue_etl_dag.py for tasks to queue
[2026-03-17T02:48:44.649+0000] {logging_mixin.py:188} INFO - [2026-03-17T02:48:44.648+0000] {dagbag.py:538} INFO - Filling up the DagBag from /opt/airflow/dags/daily_revenue_etl_dag.py
[2026-03-17T02:48:44.665+0000] {processor.py:840} INFO - DAG(s) 'daily_revenue_etl_dag' retrieved from /opt/airflow/dags/daily_revenue_etl_dag.py
[2026-03-17T02:48:44.688+0000] {logging_mixin.py:188} INFO - [2026-03-17T02:48:44.687+0000] {dag.py:3036} INFO - Sync 1 DAGs
[2026-03-17T02:48:44.707+0000] {logging_mixin.py:188} INFO - [2026-03-17T02:48:44.707+0000] {dag.py:3823} INFO - Setting next_dagrun for daily_revenue_etl_dag to 2026-03-17 00:00:00+00:00, run_after=2026-03-18 00:00:00+00:00
[2026-03-17T02:48:44.726+0000] {processor.py:183} INFO - Processing /opt/airflow/dags/daily_revenue_etl_dag.py took 0.083 seconds
[2026-03-17T02:25:56.970+0000] {processor.py:161} INFO - Started process (PID=292) to work on /opt/airflow/dags/daily_revenue_etl_dag.py
[2026-03-17T02:25:56.971+0000] {processor.py:830} INFO - Processing file /opt/airflow/dags/daily_revenue_etl_dag.py for tasks to queue
[2026-03-17T02:25:56.972+0000] {logging_mixin.py:188} INFO - [2026-03-17T02:25:56.972+0000] {dagbag.py:538} INFO - Filling up the DagBag from /opt/airflow/dags/daily_revenue_etl_dag.py
[2026-03-17T02:25:56.990+0000] {processor.py:840} INFO - DAG(s) 'daily_revenue_etl_dag' retrieved from /opt/airflow/dags/daily_revenue_etl_dag.py
[2026-03-17T02:25:57.013+0000] {logging_mixin.py:188} INFO - [2026-03-17T02:25:57.013+0000] {dag.py:3036} INFO - Sync 1 DAGs
[2026-03-17T02:25:57.033+0000] {logging_mixin.py:188} INFO - [2026-03-17T02:25:57.033+0000] {dag.py:3823} INFO - Setting next_dagrun for daily_revenue_etl_dag to 2026-03-17 00:00:00+00:00, run_after=2026-03-18 00:00:00+00:00
[2026-03-17T02:25:57.049+0000] {processor.py:183} INFO - Processing /opt/airflow/dags/daily_revenue_etl_dag.py took 0.082 seconds
[2026-03-17T02:26:27.233+0000] {processor.py:161} INFO - Started process (PID=297) to work on /opt/airflow/dags/daily_revenue_etl_dag.py
[2026-03-17T02:26:27.234+0000] {processor.py:830} INFO - Processing file /opt/airflow/dags/daily_revenue_etl_dag.py for tasks to queue
[2026-03-17T02:26:27.235+0000] {logging_mixin.py:188} INFO - [2026-03-17T02:26:27.235+0000] {dagbag.py:538} INFO - Filling up the DagBag from /opt/airflow/dags/daily_revenue_etl_dag.py
[2026-03-17T02:26:27.255+0000] {processor.py:840} INFO - DAG(s) 'daily_revenue_etl_dag' retrieved from /opt/airflow/dags/daily_revenue_etl_dag.py
[2026-03-17T02:26:27.283+0000] {logging_mixin.py:188} INFO - [2026-03-17T02:26:27.283+0000] {dag.py:3036} INFO - Sync 1 DAGs
[2026-03-17T02:26:27.301+0000] {logging_mixin.py:188} INFO - [2026-03-17T02:26:27.301+0000] {dag.py:3823} INFO - Setting next_dagrun for daily_revenue_etl_dag to 2026-03-17 00:00:00+00:00, run_after=2026-03-18 00:00:00+00:00
[2026-03-17T02:26:27.321+0000] {processor.py:183} INFO - Processing /opt/airflow/dags/daily_revenue_etl_dag.py took 0.090 seconds
[2026-03-17T02:50:10.395+0000] {processor.py:161} INFO - Started process (PID=302) to work on /opt/airflow/dags/daily_revenue_etl_dag.py
[2026-03-17T02:50:10.397+0000] {processor.py:830} INFO - Processing file /opt/airflow/dags/daily_revenue_etl_dag.py for tasks to queue
[2026-03-17T02:50:10.398+0000] {logging_mixin.py:188} INFO - [2026-03-17T02:50:10.398+0000] {dagbag.py:538} INFO - Filling up the DagBag from /opt/airflow/dags/daily_revenue_etl_dag.py
[2026-03-17T02:50:10.428+0000] {processor.py:840} INFO - DAG(s) 'daily_revenue_etl_dag' retrieved from /opt/airflow/dags/daily_revenue_etl_dag.py
[2026-03-17T02:50:10.469+0000] {logging_mixin.py:188} INFO - [2026-03-17T02:50:10.468+0000] {dag.py:3036} INFO - Sync 1 DAGs
[2026-03-17T02:50:10.495+0000] {logging_mixin.py:188} INFO - [2026-03-17T02:50:10.495+0000] {dag.py:3823} INFO - Setting next_dagrun for daily_revenue_etl_dag to 2026-03-17 00:00:00+00:00, run_after=2026-03-18 00:00:00+00:00
[2026-03-17T02:50:10.518+0000] {processor.py:183} INFO - Processing /opt/airflow/dags/daily_revenue_etl_dag.py took 0.128 seconds
[2026-03-17T02:50:44.747+0000] {processor.py:161} INFO - Started process (PID=307) to work on /opt/airflow/dags/daily_revenue_etl_dag.py
[2026-03-17T02:50:44.749+0000] {processor.py:830} INFO - Processing file /opt/airflow/dags/daily_revenue_etl_dag.py for tasks to queue
[2026-03-17T02:50:44.750+0000] {logging_mixin.py:188} INFO - [2026-03-17T02:50:44.749+0000] {dagbag.py:538} INFO - Filling up the DagBag from /opt/airflow/dags/daily_revenue_etl_dag.py
[2026-03-17T02:50:44.770+0000] {processor.py:840} INFO - DAG(s) 'daily_revenue_etl_dag' retrieved from /opt/airflow/dags/daily_revenue_etl_dag.py
[2026-03-17T02:50:44.798+0000] {logging_mixin.py:188} INFO - [2026-03-17T02:50:44.798+0000] {dag.py:3036} INFO - Sync 1 DAGs
[2026-03-17T02:50:44.820+0000] {logging_mixin.py:188} INFO - [2026-03-17T02:50:44.819+0000] {dag.py:3823} INFO - Setting next_dagrun for daily_revenue_etl_dag to 2026-03-17 00:00:00+00:00, run_after=2026-03-18 00:00:00+00:00
[2026-03-17T02:50:44.838+0000] {processor.py:183} INFO - Processing /opt/airflow/dags/daily_revenue_etl_dag.py took 0.095 seconds
[2026-03-17T02:51:14.977+0000] {processor.py:161} INFO - Started process (PID=332) to work on /opt/airflow/dags/daily_revenue_etl_dag.py
[2026-03-17T02:51:14.978+0000] {processor.py:830} INFO - Processing file /opt/airflow/dags/daily_revenue_etl_dag.py for tasks to queue
[2026-03-17T02:51:14.979+0000] {logging_mixin.py:188} INFO - [2026-03-17T02:51:14.979+0000] {dagbag.py:538} INFO - Filling up the DagBag from /opt/airflow/dags/daily_revenue_etl_dag.py
[2026-03-17T02:51:14.999+0000] {processor.py:840} INFO - DAG(s) 'daily_revenue_etl_dag' retrieved from /opt/airflow/dags/daily_revenue_etl_dag.py
[2026-03-17T02:51:15.024+0000] {logging_mixin.py:188} INFO - [2026-03-17T02:51:15.024+0000] {dag.py:3036} INFO - Sync 1 DAGs
[2026-03-17T02:27:57.125+0000] {logging_mixin.py:188} INFO - [2026-03-17T02:27:57.125+0000] {dag.py:3823} INFO - Setting next_dagrun for daily_revenue_etl_dag to 2026-03-17 00:00:00+00:00, run_after=2026-03-18 00:00:00+00:00
[2026-03-17T02:27:57.148+0000] {processor.py:183} INFO - Processing /opt/airflow/dags/daily_revenue_etl_dag.py took 0.094 seconds
[2026-03-17T02:28:27.325+0000] {processor.py:161} INFO - Started process (PID=337) to work on /opt/airflow/dags/daily_revenue_etl_dag.py
[2026-03-17T02:28:27.326+0000] {processor.py:830} INFO - Processing file /opt/airflow/dags/daily_revenue_etl_dag.py for tasks to queue
[2026-03-17T02:28:27.328+0000] {logging_mixin.py:188} INFO - [2026-03-17T02:28:27.328+0000] {dagbag.py:538} INFO - Filling up the DagBag from /opt/airflow/dags/daily_revenue_etl_dag.py
[2026-03-17T02:28:27.354+0000] {processor.py:840} INFO - DAG(s) 'daily_revenue_etl_dag' retrieved from /opt/airflow/dags/daily_revenue_etl_dag.py
[2026-03-17T02:28:27.388+0000] {logging_mixin.py:188} INFO - [2026-03-17T02:28:27.388+0000] {dag.py:3036} INFO - Sync 1 DAGs
[2026-03-17T02:28:27.416+0000] {logging_mixin.py:188} INFO - [2026-03-17T02:28:27.416+0000] {dag.py:3823} INFO - Setting next_dagrun for daily_revenue_etl_dag to 2026-03-17 00:00:00+00:00, run_after=2026-03-18 00:00:00+00:00
[2026-03-17T02:28:27.439+0000] {processor.py:183} INFO - Processing /opt/airflow/dags/daily_revenue_etl_dag.py took 0.117 seconds
[2026-03-17T02:52:10.500+0000] {processor.py:161} INFO - Started process (PID=342) to work on /opt/airflow/dags/daily_revenue_etl_dag.py
[2026-03-17T02:52:10.502+0000] {processor.py:830} INFO - Processing file /opt/airflow/dags/daily_revenue_etl_dag.py for tasks to queue
[2026-03-17T02:52:10.505+0000] {logging_mixin.py:188} INFO - [2026-03-17T02:52:10.504+0000] {dagbag.py:538} INFO - Filling up the DagBag from /opt/airflow/dags/daily_revenue_etl_dag.py
[2026-03-17T02:28:52.619+0000] {processor.py:840} INFO - DAG(s) 'daily_revenue_etl_dag' retrieved from /opt/airflow/dags/daily_revenue_etl_dag.py
[2026-03-17T02:28:52.661+0000] {logging_mixin.py:188} INFO - [2026-03-17T02:28:52.660+0000] {dag.py:3036} INFO - Sync 1 DAGs
[2026-03-17T02:28:52.697+0000] {logging_mixin.py:188} INFO - [2026-03-17T02:28:52.696+0000] {dag.py:3823} INFO - Setting next_dagrun for daily_revenue_etl_dag to 2026-03-17 00:00:00+00:00, run_after=2026-03-18 00:00:00+00:00
[2026-03-17T02:28:52.731+0000] {processor.py:183} INFO - Processing /opt/airflow/dags/daily_revenue_etl_dag.py took 0.149 seconds
[2026-03-17T02:29:22.940+0000] {processor.py:161} INFO - Started process (PID=347) to work on /opt/airflow/dags/daily_revenue_etl_dag.py
[2026-03-17T02:29:22.944+0000] {processor.py:830} INFO - Processing file /opt/airflow/dags/daily_revenue_etl_dag.py for tasks to queue
[2026-03-17T02:29:22.946+0000] {logging_mixin.py:188} INFO - [2026-03-17T02:29:22.945+0000] {dagbag.py:538} INFO - Filling up the DagBag from /opt/airflow/dags/daily_revenue_etl_dag.py
[2026-03-17T02:29:22.986+0000] {processor.py:840} INFO - DAG(s) 'daily_revenue_etl_dag' retrieved from /opt/airflow/dags/daily_revenue_etl_dag.py
[2026-03-17T02:29:23.069+0000] {logging_mixin.py:188} INFO - [2026-03-17T02:29:23.067+0000] {dag.py:3036} INFO - Sync 1 DAGs
[2026-03-17T02:29:23.138+0000] {logging_mixin.py:188} INFO - [2026-03-17T02:29:23.137+0000] {dag.py:3823} INFO - Setting next_dagrun for daily_revenue_etl_dag to 2026-03-17 00:00:00+00:00, run_after=2026-03-18 00:00:00+00:00
[2026-03-17T02:29:23.204+0000] {processor.py:183} INFO - Processing /opt/airflow/dags/daily_revenue_etl_dag.py took 0.271 seconds
[2026-03-17T02:52:45.198+0000] {processor.py:161} INFO - Started process (PID=352) to work on /opt/airflow/dags/daily_revenue_etl_dag.py
[2026-03-17T02:52:45.200+0000] {processor.py:830} INFO - Processing file /opt/airflow/dags/daily_revenue_etl_dag.py for tasks to queue
[2026-03-17T02:52:45.201+0000] {logging_mixin.py:188} INFO - [2026-03-17T02:52:45.201+0000] {dagbag.py:538} INFO - Filling up the DagBag from /opt/airflow/dags/daily_revenue_etl_dag.py
[2026-03-17T02:52:45.223+0000] {processor.py:840} INFO - DAG(s) 'daily_revenue_etl_dag' retrieved from /opt/airflow/dags/daily_revenue_etl_dag.py
[2026-03-17T02:29:27.300+0000] {logging_mixin.py:188} INFO - [2026-03-17T02:29:27.300+0000] {dag.py:3036} INFO - Sync 1 DAGs
[2026-03-17T02:29:27.323+0000] {logging_mixin.py:188} INFO - [2026-03-17T02:29:27.323+0000] {dag.py:3823} INFO - Setting next_dagrun for daily_revenue_etl_dag to 2026-03-17 00:00:00+00:00, run_after=2026-03-18 00:00:00+00:00
[2026-03-17T02:29:27.358+0000] {processor.py:183} INFO - Processing /opt/airflow/dags/daily_revenue_etl_dag.py took 0.114 seconds
[2026-03-17T02:29:37.329+0000] {processor.py:161} INFO - Started process (PID=357) to work on /opt/airflow/dags/daily_revenue_etl_dag.py
[2026-03-17T02:29:37.331+0000] {processor.py:830} INFO - Processing file /opt/airflow/dags/daily_revenue_etl_dag.py for tasks to queue
[2026-03-17T02:29:37.332+0000] {logging_mixin.py:188} INFO - [2026-03-17T02:29:37.331+0000] {dagbag.py:538} INFO - Filling up the DagBag from /opt/airflow/dags/daily_revenue_etl_dag.py
[2026-03-17T02:29:37.356+0000] {processor.py:840} INFO - DAG(s) 'daily_revenue_etl_dag' retrieved from /opt/airflow/dags/daily_revenue_etl_dag.py
[2026-03-17T02:29:37.393+0000] {logging_mixin.py:188} INFO - [2026-03-17T02:29:37.393+0000] {dag.py:3036} INFO - Sync 1 DAGs
[2026-03-17T02:29:37.436+0000] {logging_mixin.py:188} INFO - [2026-03-17T02:29:37.435+0000] {dag.py:3823} INFO - Setting next_dagrun for daily_revenue_etl_dag to 2026-03-17 00:00:00+00:00, run_after=2026-03-18 00:00:00+00:00
[2026-03-17T02:29:37.462+0000] {processor.py:183} INFO - Processing /opt/airflow/dags/daily_revenue_etl_dag.py took 0.136 seconds
[2026-03-17T02:53:10.540+0000] {processor.py:161} INFO - Started process (PID=362) to work on /opt/airflow/dags/daily_revenue_etl_dag.py
[2026-03-17T02:53:10.541+0000] {processor.py:830} INFO - Processing file /opt/airflow/dags/daily_revenue_etl_dag.py for tasks to queue
[2026-03-17T02:53:10.543+0000] {logging_mixin.py:188} INFO - [2026-03-17T02:53:10.542+0000] {dagbag.py:538} INFO - Filling up the DagBag from /opt/airflow/dags/daily_revenue_etl_dag.py
[2026-03-17T02:53:10.580+0000] {processor.py:840} INFO - DAG(s) 'daily_revenue_etl_dag' retrieved from /opt/airflow/dags/daily_revenue_etl_dag.py
[2026-03-17T02:29:52.666+0000] {logging_mixin.py:188} INFO - [2026-03-17T02:29:52.666+0000] {dag.py:3036} INFO - Sync 1 DAGs
[2026-03-17T02:29:52.698+0000] {logging_mixin.py:188} INFO - [2026-03-17T02:29:52.698+0000] {dag.py:3823} INFO - Setting next_dagrun for daily_revenue_etl_dag to 2026-03-17 00:00:00+00:00, run_after=2026-03-18 00:00:00+00:00
[2026-03-17T02:29:52.719+0000] {processor.py:183} INFO - Processing /opt/airflow/dags/daily_revenue_etl_dag.py took 0.135 seconds
[2026-03-17T02:30:22.880+0000] {processor.py:161} INFO - Started process (PID=367) to work on /opt/airflow/dags/daily_revenue_etl_dag.py
[2026-03-17T02:30:22.882+0000] {processor.py:830} INFO - Processing file /opt/airflow/dags/daily_revenue_etl_dag.py for tasks to queue
[2026-03-17T02:30:22.883+0000] {logging_mixin.py:188} INFO - [2026-03-17T02:30:22.883+0000] {dagbag.py:538} INFO - Filling up the DagBag from /opt/airflow/dags/daily_revenue_etl_dag.py
[2026-03-17T02:30:22.901+0000] {processor.py:840} INFO - DAG(s) 'daily_revenue_etl_dag' retrieved from /opt/airflow/dags/daily_revenue_etl_dag.py
[2026-03-17T02:30:22.925+0000] {logging_mixin.py:188} INFO - [2026-03-17T02:30:22.925+0000] {dag.py:3036} INFO - Sync 1 DAGs
[2026-03-17T02:30:22.946+0000] {logging_mixin.py:188} INFO - [2026-03-17T02:30:22.945+0000] {dag.py:3823} INFO - Setting next_dagrun for daily_revenue_etl_dag to 2026-03-17 00:00:00+00:00, run_after=2026-03-18 00:00:00+00:00
[2026-03-17T02:30:22.965+0000] {processor.py:183} INFO - Processing /opt/airflow/dags/daily_revenue_etl_dag.py took 0.089 seconds
[2026-03-17T02:53:55.092+0000] {processor.py:161} INFO - Started process (PID=372) to work on /opt/airflow/dags/daily_revenue_etl_dag.py
[2026-03-17T02:53:55.096+0000] {processor.py:830} INFO - Processing file /opt/airflow/dags/daily_revenue_etl_dag.py for tasks to queue
[2026-03-17T02:53:55.099+0000] {logging_mixin.py:188} INFO - [2026-03-17T02:53:55.098+0000] {dagbag.py:538} INFO - Filling up the DagBag from /opt/airflow/dags/daily_revenue_etl_dag.py
[2026-03-17T02:53:55.136+0000] {processor.py:840} INFO - DAG(s) 'daily_revenue_etl_dag' retrieved from /opt/airflow/dags/daily_revenue_etl_dag.py
[2026-03-17T02:53:55.185+0000] {logging_mixin.py:188} INFO - [2026-03-17T02:53:55.184+0000] {dag.py:3036} INFO - Sync 1 DAGs
[2026-03-17T02:53:55.223+0000] {logging_mixin.py:188} INFO - [2026-03-17T02:53:55.223+0000] {dag.py:3823} INFO - Setting next_dagrun for daily_revenue_etl_dag to 2026-03-17 00:00:00+00:00, run_after=2026-03-18 00:00:00+00:00
[2026-03-17T02:53:55.265+0000] {processor.py:183} INFO - Processing /opt/airflow/dags/daily_revenue_etl_dag.py took 0.181 seconds
[2026-03-17T02:54:25.325+0000] {processor.py:161} INFO - Started process (PID=379) to work on /opt/airflow/dags/daily_revenue_etl_dag.py
[2026-03-17T02:54:25.326+0000] {processor.py:830} INFO - Processing file /opt/airflow/dags/daily_revenue_etl_dag.py for tasks to queue
[2026-03-17T02:54:25.327+0000] {logging_mixin.py:188} INFO - [2026-03-17T02:54:25.327+0000] {dagbag.py:538} INFO - Filling up the DagBag from /opt/airflow/dags/daily_revenue_etl_dag.py
[2026-03-17T02:31:07.433+0000] {processor.py:840} INFO - DAG(s) 'daily_revenue_etl_dag' retrieved from /opt/airflow/dags/daily_revenue_etl_dag.py
[2026-03-17T02:31:07.458+0000] {logging_mixin.py:188} INFO - [2026-03-17T02:31:07.458+0000] {dag.py:3036} INFO - Sync 1 DAGs
[2026-03-17T02:31:07.477+0000] {logging_mixin.py:188} INFO - [2026-03-17T02:31:07.476+0000] {dag.py:3823} INFO - Setting next_dagrun for daily_revenue_etl_dag to 2026-03-17 00:00:00+00:00, run_after=2026-03-18 00:00:00+00:00
[2026-03-17T02:31:07.495+0000] {processor.py:183} INFO - Processing /opt/airflow/dags/daily_revenue_etl_dag.py took 0.086 seconds
[2026-03-17T02:31:12.447+0000] {processor.py:161} INFO - Started process (PID=384) to work on /opt/airflow/dags/daily_revenue_etl_dag.py
[2026-03-17T02:31:12.448+0000] {processor.py:830} INFO - Processing file /opt/airflow/dags/daily_revenue_etl_dag.py for tasks to queue
[2026-03-17T02:31:12.450+0000] {logging_mixin.py:188} INFO - [2026-03-17T02:31:12.450+0000] {dagbag.py:538} INFO - Filling up the DagBag from /opt/airflow/dags/daily_revenue_etl_dag.py
[2026-03-17T02:31:12.473+0000] {processor.py:840} INFO - DAG(s) 'daily_revenue_etl_dag' retrieved from /opt/airflow/dags/daily_revenue_etl_dag.py
[2026-03-17T02:31:12.499+0000] {logging_mixin.py:188} INFO - [2026-03-17T02:31:12.499+0000] {dag.py:3036} INFO - Sync 1 DAGs
[2026-03-17T02:31:12.527+0000] {logging_mixin.py:188} INFO - [2026-03-17T02:31:12.527+0000] {dag.py:3823} INFO - Setting next_dagrun for daily_revenue_etl_dag to 2026-03-17 00:00:00+00:00, run_after=2026-03-18 00:00:00+00:00
[2026-03-17T02:31:12.555+0000] {processor.py:183} INFO - Processing /opt/airflow/dags/daily_revenue_etl_dag.py took 0.111 seconds
[2026-03-17T02:31:22.671+0000] {processor.py:161} INFO - Started process (PID=390) to work on /opt/airflow/dags/daily_revenue_etl_dag.py
[2026-03-17T02:31:22.673+0000] {processor.py:830} INFO - Processing file /opt/airflow/dags/daily_revenue_etl_dag.py for tasks to queue
[2026-03-17T02:31:22.677+0000] {logging_mixin.py:188} INFO - [2026-03-17T02:31:22.676+0000] {dagbag.py:538} INFO - Filling up the DagBag from /opt/airflow/dags/daily_revenue_etl_dag.py
[2026-03-17T02:31:22.720+0000] {processor.py:840} INFO - DAG(s) 'daily_revenue_etl_dag' retrieved from /opt/airflow/dags/daily_revenue_etl_dag.py
[2026-03-17T02:31:22.756+0000] {logging_mixin.py:188} INFO - [2026-03-17T02:31:22.756+0000] {dag.py:3036} INFO - Sync 1 DAGs
[2026-03-17T02:31:22.795+0000] {logging_mixin.py:188} INFO - [2026-03-17T02:31:22.794+0000] {dag.py:3823} INFO - Setting next_dagrun for daily_revenue_etl_dag to 2026-03-17 00:00:00+00:00, run_after=2026-03-18 00:00:00+00:00
[2026-03-17T02:31:22.839+0000] {processor.py:183} INFO - Processing /opt/airflow/dags/daily_revenue_etl_dag.py took 0.174 seconds
[2026-03-17T02:31:53.048+0000] {processor.py:161} INFO - Started process (PID=395) to work on /opt/airflow/dags/daily_revenue_etl_dag.py
[2026-03-17T02:31:53.049+0000] {processor.py:830} INFO - Processing file /opt/airflow/dags/daily_revenue_etl_dag.py for tasks to queue
[2026-03-17T02:31:53.050+0000] {logging_mixin.py:188} INFO - [2026-03-17T02:31:53.050+0000] {dagbag.py:538} INFO - Filling up the DagBag from /opt/airflow/dags/daily_revenue_etl_dag.py
[2026-03-17T02:31:53.067+0000] {processor.py:840} INFO - DAG(s) 'daily_revenue_etl_dag' retrieved from /opt/airflow/dags/daily_revenue_etl_dag.py
[2026-03-17T02:31:53.091+0000] {logging_mixin.py:188} INFO - [2026-03-17T02:31:53.091+0000] {dag.py:3036} INFO - Sync 1 DAGs
[2026-03-17T02:31:53.116+0000] {logging_mixin.py:188} INFO - [2026-03-17T02:31:53.115+0000] {dag.py:3823} INFO - Setting next_dagrun for daily_revenue_etl_dag to 2026-03-17 00:00:00+00:00, run_after=2026-03-18 00:00:00+00:00
[2026-03-17T02:31:53.135+0000] {processor.py:183} INFO - Processing /opt/airflow/dags/daily_revenue_etl_dag.py took 0.090 seconds
[2026-03-17T02:55:25.236+0000] {processor.py:161} INFO - Started process (PID=400) to work on /opt/airflow/dags/daily_revenue_etl_dag.py
[2026-03-17T02:55:25.237+0000] {processor.py:830} INFO - Processing file /opt/airflow/dags/daily_revenue_etl_dag.py for tasks to queue
[2026-03-17T02:55:25.238+0000] {logging_mixin.py:188} INFO - [2026-03-17T02:55:25.238+0000] {dagbag.py:538} INFO - Filling up the DagBag from /opt/airflow/dags/daily_revenue_etl_dag.py
[2026-03-17T02:55:25.259+0000] {processor.py:840} INFO - DAG(s) 'daily_revenue_etl_dag' retrieved from /opt/airflow/dags/daily_revenue_etl_dag.py
[2026-03-17T02:55:25.313+0000] {logging_mixin.py:188} INFO - [2026-03-17T02:55:25.313+0000] {dag.py:3036} INFO - Sync 1 DAGs
[2026-03-17T02:55:25.351+0000] {logging_mixin.py:188} INFO - [2026-03-17T02:55:25.351+0000] {dag.py:3823} INFO - Setting next_dagrun for daily_revenue_etl_dag to 2026-03-17 00:00:00+00:00, run_after=2026-03-18 00:00:00+00:00
[2026-03-17T02:55:25.394+0000] {processor.py:183} INFO - Processing /opt/airflow/dags/daily_revenue_etl_dag.py took 0.160 seconds
[2026-03-17T02:55:55.486+0000] {processor.py:161} INFO - Started process (PID=405) to work on /opt/airflow/dags/daily_revenue_etl_dag.py
[2026-03-17T02:55:55.488+0000] {processor.py:830} INFO - Processing file /opt/airflow/dags/daily_revenue_etl_dag.py for tasks to queue
[2026-03-17T02:55:55.489+0000] {logging_mixin.py:188} INFO - [2026-03-17T02:55:55.488+0000] {dagbag.py:538} INFO - Filling up the DagBag from /opt/airflow/dags/daily_revenue_etl_dag.py
[2026-03-17T02:55:55.511+0000] {processor.py:840} INFO - DAG(s) 'daily_revenue_etl_dag' retrieved from /opt/airflow/dags/daily_revenue_etl_dag.py
[2026-03-17T02:55:55.544+0000] {logging_mixin.py:188} INFO - [2026-03-17T02:55:55.544+0000] {dag.py:3036} INFO - Sync 1 DAGs
[2026-03-17T02:55:55.575+0000] {logging_mixin.py:188} INFO - [2026-03-17T02:55:55.575+0000] {dag.py:3823} INFO - Setting next_dagrun for daily_revenue_etl_dag to 2026-03-17 00:00:00+00:00, run_after=2026-03-18 00:00:00+00:00
[2026-03-17T02:32:37.650+0000] {processor.py:183} INFO - Processing /opt/airflow/dags/daily_revenue_etl_dag.py took 0.115 seconds
[2026-03-17T02:33:03.313+0000] {processor.py:161} INFO - Started process (PID=176) to work on /opt/airflow/dags/daily_revenue_etl_dag.py
[2026-03-17T02:33:03.315+0000] {processor.py:830} INFO - Processing file /opt/airflow/dags/daily_revenue_etl_dag.py for tasks to queue
[2026-03-17T02:33:03.316+0000] {logging_mixin.py:188} INFO - [2026-03-17T02:33:03.315+0000] {dagbag.py:538} INFO - Filling up the DagBag from /opt/airflow/dags/daily_revenue_etl_dag.py
[2026-03-17T02:33:03.345+0000] {processor.py:840} INFO - DAG(s) 'daily_revenue_etl_dag' retrieved from /opt/airflow/dags/daily_revenue_etl_dag.py
[2026-03-17T02:33:03.541+0000] {logging_mixin.py:188} INFO - [2026-03-17T02:33:03.540+0000] {override.py:1769} INFO - Created Permission View: can edit on DAG:daily_revenue_etl_dag
[2026-03-17T02:33:03.552+0000] {logging_mixin.py:188} INFO - [2026-03-17T02:33:03.551+0000] {override.py:1769} INFO - Created Permission View: can read on DAG:daily_revenue_etl_dag
[2026-03-17T02:33:03.560+0000] {logging_mixin.py:188} INFO - [2026-03-17T02:33:03.559+0000] {override.py:1769} INFO - Created Permission View: can delete on DAG:daily_revenue_etl_dag
[2026-03-17T02:33:03.561+0000] {logging_mixin.py:188} INFO - [2026-03-17T02:33:03.561+0000] {dag.py:3036} INFO - Sync 1 DAGs
[2026-03-17T02:33:03.572+0000] {logging_mixin.py:188} INFO - [2026-03-17T02:33:03.572+0000] {dag.py:3058} INFO - Creating ORM DAG for daily_revenue_etl_dag
[2026-03-17T02:33:03.583+0000] {logging_mixin.py:188} INFO - [2026-03-17T02:33:03.583+0000] {dag.py:3823} INFO - Setting next_dagrun for daily_revenue_etl_dag to 2026-03-16 00:00:00+00:00, run_after=2026-03-17 00:00:00+00:00
[2026-03-17T02:33:03.604+0000] {processor.py:183} INFO - Processing /opt/airflow/dags/daily_revenue_etl_dag.py took 0.294 seconds
[2026-03-17T02:56:25.368+0000] {processor.py:161} INFO - Started process (PID=181) to work on /opt/airflow/dags/daily_revenue_etl_dag.py
[2026-03-17T02:56:25.370+0000] {processor.py:830} INFO - Processing file /opt/airflow/dags/daily_revenue_etl_dag.py for tasks to queue
[2026-03-17T02:56:25.371+0000] {logging_mixin.py:188} INFO - [2026-03-17T02:56:25.371+0000] {dagbag.py:538} INFO - Filling up the DagBag from /opt/airflow/dags/daily_revenue_etl_dag.py
[2026-03-17T02:56:25.409+0000] {processor.py:840} INFO - DAG(s) 'daily_revenue_etl_dag' retrieved from /opt/airflow/dags/daily_revenue_etl_dag.py
[2026-03-17T02:56:25.453+0000] {logging_mixin.py:188} INFO - [2026-03-17T02:56:25.453+0000] {dag.py:3036} INFO - Sync 1 DAGs
[2026-03-17T02:56:25.487+0000] {logging_mixin.py:188} INFO - [2026-03-17T02:56:25.486+0000] {dag.py:3823} INFO - Setting next_dagrun for daily_revenue_etl_dag to 2026-03-16 00:00:00+00:00, run_after=2026-03-17 00:00:00+00:00
[2026-03-17T02:56:25.515+0000] {processor.py:183} INFO - Processing /opt/airflow/dags/daily_revenue_etl_dag.py took 0.152 seconds
[2026-03-17T02:56:55.579+0000] {processor.py:161} INFO - Started process (PID=186) to work on /opt/airflow/dags/daily_revenue_etl_dag.py
[2026-03-17T02:56:55.581+0000] {processor.py:830} INFO - Processing file /opt/airflow/dags/daily_revenue_etl_dag.py for tasks to queue
[2026-03-17T02:56:55.582+0000] {logging_mixin.py:188} INFO - [2026-03-17T02:56:55.581+0000] {dagbag.py:538} INFO - Filling up the DagBag from /opt/airflow/dags/daily_revenue_etl_dag.py
[2026-03-17T02:56:55.604+0000] {processor.py:840} INFO - DAG(s) 'daily_revenue_etl_dag' retrieved from /opt/airflow/dags/daily_revenue_etl_dag.py
[2026-03-17T02:56:55.642+0000] {logging_mixin.py:188} INFO - [2026-03-17T02:56:55.642+0000] {dag.py:3036} INFO - Sync 1 DAGs
[2026-03-17T02:33:37.724+0000] {logging_mixin.py:188} INFO - [2026-03-17T02:33:37.724+0000] {dag.py:3823} INFO - Setting next_dagrun for daily_revenue_etl_dag to 2026-03-16 00:00:00+00:00, run_after=2026-03-17 00:00:00+00:00
[2026-03-17T02:33:37.743+0000] {processor.py:183} INFO - Processing /opt/airflow/dags/daily_revenue_etl_dag.py took 0.115 seconds
[2026-03-17T02:33:42.708+0000] {processor.py:161} INFO - Started process (PID=191) to work on /opt/airflow/dags/daily_revenue_etl_dag.py
[2026-03-17T02:33:42.709+0000] {processor.py:830} INFO - Processing file /opt/airflow/dags/daily_revenue_etl_dag.py for tasks to queue
[2026-03-17T02:33:42.710+0000] {logging_mixin.py:188} INFO - [2026-03-17T02:33:42.710+0000] {dagbag.py:538} INFO - Filling up the DagBag from /opt/airflow/dags/daily_revenue_etl_dag.py
[2026-03-17T02:33:42.737+0000] {processor.py:840} INFO - DAG(s) 'daily_revenue_etl_dag' retrieved from /opt/airflow/dags/daily_revenue_etl_dag.py
[2026-03-17T02:33:42.769+0000] {logging_mixin.py:188} INFO - [2026-03-17T02:33:42.768+0000] {dag.py:3036} INFO - Sync 1 DAGs
[2026-03-17T02:33:42.793+0000] {logging_mixin.py:188} INFO - [2026-03-17T02:33:42.793+0000] {dag.py:3823} INFO - Setting next_dagrun for daily_revenue_etl_dag to 2026-03-16 00:00:00+00:00, run_after=2026-03-17 00:00:00+00:00
[2026-03-17T02:33:42.815+0000] {processor.py:183} INFO - Processing /opt/airflow/dags/daily_revenue_etl_dag.py took 0.112 seconds
[2026-03-17T02:39:26.207+0000] {processor.py:161} INFO - Started process (PID=175) to work on /opt/airflow/dags/daily_revenue_etl_dag.py
[2026-03-17T02:39:26.209+0000] {processor.py:830} INFO - Processing file /opt/airflow/dags/daily_revenue_etl_dag.py for tasks to queue
[2026-03-17T02:39:26.210+0000] {logging_mixin.py:188} INFO - [2026-03-17T02:39:26.210+0000] {dagbag.py:538} INFO - Filling up the DagBag from /opt/airflow/dags/daily_revenue_etl_dag.py
[2026-03-17T02:39:26.250+0000] {processor.py:840} INFO - DAG(s) 'daily_revenue_etl_dag' retrieved from /opt/airflow/dags/daily_revenue_etl_dag.py
[2026-03-17T02:39:26.454+0000] {logging_mixin.py:188} INFO - [2026-03-17T02:39:26.453+0000] {override.py:1769} INFO - Created Permission View: can read on DAG:daily_revenue_etl_dag
[2026-03-17T02:39:26.464+0000] {logging_mixin.py:188} INFO - [2026-03-17T02:39:26.464+0000] {override.py:1769} INFO - Created Permission View: can delete on DAG:daily_revenue_etl_dag
[2026-03-17T02:39:26.472+0000] {logging_mixin.py:188} INFO - [2026-03-17T02:39:26.471+0000] {override.py:1769} INFO - Created Permission View: can edit on DAG:daily_revenue_etl_dag
[2026-03-17T02:39:26.473+0000] {logging_mixin.py:188} INFO - [2026-03-17T02:39:26.472+0000] {dag.py:3036} INFO - Sync 1 DAGs
[2026-03-17T02:39:26.482+0000] {logging_mixin.py:188} INFO - [2026-03-17T02:39:26.482+0000] {dag.py:3058} INFO - Creating ORM DAG for daily_revenue_etl_dag
[2026-03-17T02:39:26.493+0000] {logging_mixin.py:188} INFO - [2026-03-17T02:39:26.493+0000] {dag.py:3823} INFO - Setting next_dagrun for daily_revenue_etl_dag to 2026-03-16 00:00:00+00:00, run_after=2026-03-17 00:00:00+00:00
[2026-03-17T02:39:26.511+0000] {processor.py:183} INFO - Processing /opt/airflow/dags/daily_revenue_etl_dag.py took 0.309 seconds
[2026-03-17T02:39:28.311+0000] {processor.py:161} INFO - Started process (PID=180) to work on /opt/airflow/dags/daily_revenue_etl_dag.py
[2026-03-17T02:39:28.312+0000] {processor.py:830} INFO - Processing file /opt/airflow/dags/daily_revenue_etl_dag.py for tasks to queue
[2026-03-17T02:39:28.313+0000] {logging_mixin.py:188} INFO - [2026-03-17T02:39:28.313+0000] {dagbag.py:538} INFO - Filling up the DagBag from /opt/airflow/dags/daily_revenue_etl_dag.py
[2026-03-17T02:39:28.336+0000] {processor.py:840} INFO - DAG(s) 'daily_revenue_etl_dag' retrieved from /opt/airflow/dags/daily_revenue_etl_dag.py
[2026-03-17T02:39:28.350+0000] {logging_mixin.py:188} INFO - [2026-03-17T02:39:28.350+0000] {dag.py:3036} INFO - Sync 1 DAGs
[2026-03-17T02:39:28.374+0000] {logging_mixin.py:188} INFO - [2026-03-17T02:39:28.374+0000] {dag.py:3823} INFO - Setting next_dagrun for daily_revenue_etl_dag to 2026-03-16 00:00:00+00:00, run_after=2026-03-17 00:00:00+00:00
[2026-03-17T02:39:28.401+0000] {processor.py:183} INFO - Processing /opt/airflow/dags/daily_revenue_etl_dag.py took 0.094 seconds
[2026-03-17T03:02:51.249+0000] {processor.py:161} INFO - Started process (PID=185) to work on /opt/airflow/dags/daily_revenue_etl_dag.py
[2026-03-17T03:02:51.251+0000] {processor.py:830} INFO - Processing file /opt/airflow/dags/daily_revenue_etl_dag.py for tasks to queue
[2026-03-17T03:02:51.252+0000] {logging_mixin.py:188} INFO - [2026-03-17T03:02:51.251+0000] {dagbag.py:538} INFO - Filling up the DagBag from /opt/airflow/dags/daily_revenue_etl_dag.py
[2026-03-17T03:02:51.275+0000] {processor.py:840} INFO - DAG(s) 'daily_revenue_etl_dag' retrieved from /opt/airflow/dags/daily_revenue_etl_dag.py
[2026-03-17T02:39:33.350+0000] {logging_mixin.py:188} INFO - [2026-03-17T02:39:33.350+0000] {dag.py:3036} INFO - Sync 1 DAGs
[2026-03-17T02:39:33.372+0000] {logging_mixin.py:188} INFO - [2026-03-17T02:39:33.372+0000] {dag.py:3823} INFO - Setting next_dagrun for daily_revenue_etl_dag to 2026-03-16 00:00:00+00:00, run_after=2026-03-17 00:00:00+00:00
[2026-03-17T02:39:33.391+0000] {processor.py:183} INFO - Processing /opt/airflow/dags/daily_revenue_etl_dag.py took 0.083 seconds
[2026-03-17T03:03:10.396+0000] {processor.py:161} INFO - Started process (PID=190) to work on /opt/airflow/dags/daily_revenue_etl_dag.py
[2026-03-17T03:03:10.399+0000] {processor.py:830} INFO - Processing file /opt/airflow/dags/daily_revenue_etl_dag.py for tasks to queue
[2026-03-17T03:03:10.401+0000] {logging_mixin.py:188} INFO - [2026-03-17T03:03:10.400+0000] {dagbag.py:538} INFO - Filling up the DagBag from /opt/airflow/dags/daily_revenue_etl_dag.py
[2026-03-17T03:03:10.434+0000] {processor.py:840} INFO - DAG(s) 'daily_revenue_etl_dag' retrieved from /opt/airflow/dags/daily_revenue_etl_dag.py
[2026-03-17T03:03:10.477+0000] {logging_mixin.py:188} INFO - [2026-03-17T03:03:10.477+0000] {dag.py:3036} INFO - Sync 1 DAGs
[2026-03-17T03:03:10.511+0000] {logging_mixin.py:188} INFO - [2026-03-17T03:03:10.511+0000] {dag.py:3823} INFO - Setting next_dagrun for daily_revenue_etl_dag to 2026-03-17 00:00:00+00:00, run_after=2026-03-18 00:00:00+00:00
[2026-03-17T03:03:10.538+0000] {processor.py:183} INFO - Processing /opt/airflow/dags/daily_revenue_etl_dag.py took 0.148 seconds
[2026-03-17T03:04:41.130+0000] {processor.py:161} INFO - Started process (PID=235) to work on /opt/airflow/dags/daily_revenue_etl_dag.py
[2026-03-17T03:04:41.131+0000] {processor.py:830} INFO - Processing file /opt/airflow/dags/daily_revenue_etl_dag.py for tasks to queue
[2026-03-17T03:04:41.131+0000] {logging_mixin.py:188} INFO - [2026-03-17T03:04:41.131+0000] {dagbag.py:538} INFO - Filling up the DagBag from /opt/airflow/dags/daily_revenue_etl_dag.py
[2026-03-17T03:04:41.149+0000] {processor.py:840} INFO - DAG(s) 'daily_revenue_etl_dag' retrieved from /opt/airflow/dags/daily_revenue_etl_dag.py
[2026-03-17T03:04:41.177+0000] {logging_mixin.py:188} INFO - [2026-03-17T03:04:41.177+0000] {dag.py:3036} INFO - Sync 1 DAGs
[2026-03-17T03:04:41.198+0000] {logging_mixin.py:188} INFO - [2026-03-17T03:04:41.198+0000] {dag.py:3823} INFO - Setting next_dagrun for daily_revenue_etl_dag to 2026-03-17 00:00:00+00:00, run_after=2026-03-18 00:00:00+00:00
[2026-03-17T03:04:41.226+0000] {processor.py:183} INFO - Processing /opt/airflow/dags/daily_revenue_etl_dag.py took 0.099 seconds
[2026-03-17T03:05:11.345+0000] {processor.py:161} INFO - Started process (PID=240) to work on /opt/airflow/dags/daily_revenue_etl_dag.py
[2026-03-17T03:05:11.346+0000] {processor.py:830} INFO - Processing file /opt/airflow/dags/daily_revenue_etl_dag.py for tasks to queue
[2026-03-17T03:05:11.347+0000] {logging_mixin.py:188} INFO - [2026-03-17T03:05:11.347+0000] {dagbag.py:538} INFO - Filling up the DagBag from /opt/airflow/dags/daily_revenue_etl_dag.py
[2026-03-17T03:05:11.366+0000] {processor.py:840} INFO - DAG(s) 'daily_revenue_etl_dag' retrieved from /opt/airflow/dags/daily_revenue_etl_dag.py
[2026-03-17T03:05:11.392+0000] {logging_mixin.py:188} INFO - [2026-03-17T03:05:11.392+0000] {dag.py:3036} INFO - Sync 1 DAGs
[2026-03-17T02:41:53.513+0000] {logging_mixin.py:188} INFO - [2026-03-17T02:41:53.513+0000] {dag.py:3823} INFO - Setting next_dagrun for daily_revenue_etl_dag to 2026-03-17 00:00:00+00:00, run_after=2026-03-18 00:00:00+00:00
[2026-03-17T02:41:53.532+0000] {processor.py:183} INFO - Processing /opt/airflow/dags/daily_revenue_etl_dag.py took 0.092 seconds
[2026-03-17T03:05:21.475+0000] {processor.py:161} INFO - Started process (PID=245) to work on /opt/airflow/dags/daily_revenue_etl_dag.py
[2026-03-17T03:05:21.476+0000] {processor.py:830} INFO - Processing file /opt/airflow/dags/daily_revenue_etl_dag.py for tasks to queue
[2026-03-17T03:05:21.477+0000] {logging_mixin.py:188} INFO - [2026-03-17T03:05:21.477+0000] {dagbag.py:538} INFO - Filling up the DagBag from /opt/airflow/dags/daily_revenue_etl_dag.py
[2026-03-17T02:42:03.561+0000] {processor.py:840} INFO - DAG(s) 'daily_revenue_etl_dag' retrieved from /opt/airflow/dags/daily_revenue_etl_dag.py
[2026-03-17T02:42:03.583+0000] {logging_mixin.py:188} INFO - [2026-03-17T02:42:03.583+0000] {dag.py:3036} INFO - Sync 1 DAGs
[2026-03-17T02:42:03.602+0000] {logging_mixin.py:188} INFO - [2026-03-17T02:42:03.602+0000] {dag.py:3823} INFO - Setting next_dagrun for daily_revenue_etl_dag to 2026-03-17 00:00:00+00:00, run_after=2026-03-18 00:00:00+00:00
[2026-03-17T02:42:03.619+0000] {processor.py:183} INFO - Processing /opt/airflow/dags/daily_revenue_etl_dag.py took 0.081 seconds
[2026-03-17T02:42:22.754+0000] {processor.py:161} INFO - Started process (PID=250) to work on /opt/airflow/dags/daily_revenue_etl_dag.py
[2026-03-17T02:42:22.756+0000] {processor.py:830} INFO - Processing file /opt/airflow/dags/daily_revenue_etl_dag.py for tasks to queue
[2026-03-17T02:42:22.757+0000] {logging_mixin.py:188} INFO - [2026-03-17T02:42:22.756+0000] {dagbag.py:538} INFO - Filling up the DagBag from /opt/airflow/dags/daily_revenue_etl_dag.py
[2026-03-17T02:42:22.775+0000] {processor.py:840} INFO - DAG(s) 'daily_revenue_etl_dag' retrieved from /opt/airflow/dags/daily_revenue_etl_dag.py
[2026-03-17T02:42:22.804+0000] {logging_mixin.py:188} INFO - [2026-03-17T02:42:22.803+0000] {dag.py:3036} INFO - Sync 1 DAGs
[2026-03-17T02:42:22.830+0000] {logging_mixin.py:188} INFO - [2026-03-17T02:42:22.829+0000] {dag.py:3823} INFO - Setting next_dagrun for daily_revenue_etl_dag to 2026-03-17 00:00:00+00:00, run_after=2026-03-18 00:00:00+00:00
[2026-03-17T02:42:22.856+0000] {processor.py:183} INFO - Processing /opt/airflow/dags/daily_revenue_etl_dag.py took 0.105 seconds
[2026-03-17T02:42:52.989+0000] {processor.py:161} INFO - Started process (PID=255) to work on /opt/airflow/dags/daily_revenue_etl_dag.py
[2026-03-17T02:42:52.991+0000] {processor.py:830} INFO - Processing file /opt/airflow/dags/daily_revenue_etl_dag.py for tasks to queue
[2026-03-17T02:42:52.994+0000] {logging_mixin.py:188} INFO - [2026-03-17T02:42:52.993+0000] {dagbag.py:538} INFO - Filling up the DagBag from /opt/airflow/dags/daily_revenue_etl_dag.py
[2026-03-17T02:42:53.039+0000] {processor.py:840} INFO - DAG(s) 'daily_revenue_etl_dag' retrieved from /opt/airflow/dags/daily_revenue_etl_dag.py
[2026-03-17T02:42:53.077+0000] {logging_mixin.py:188} INFO - [2026-03-17T02:42:53.077+0000] {dag.py:3036} INFO - Sync 1 DAGs
[2026-03-17T02:42:53.102+0000] {logging_mixin.py:188} INFO - [2026-03-17T02:42:53.101+0000] {dag.py:3823} INFO - Setting next_dagrun for daily_revenue_etl_dag to 2026-03-17 00:00:00+00:00, run_after=2026-03-18 00:00:00+00:00
[2026-03-17T02:42:53.123+0000] {processor.py:183} INFO - Processing /opt/airflow/dags/daily_revenue_etl_dag.py took 0.141 seconds
[2026-03-17T02:43:23.222+0000] {processor.py:161} INFO - Started process (PID=260) to work on /opt/airflow/dags/daily_revenue_etl_dag.py
[2026-03-17T02:43:23.223+0000] {processor.py:830} INFO - Processing file /opt/airflow/dags/daily_revenue_etl_dag.py for tasks to queue
[2026-03-17T02:43:23.224+0000] {logging_mixin.py:188} INFO - [2026-03-17T02:43:23.224+0000] {dagbag.py:538} INFO - Filling up the DagBag from /opt/airflow/dags/daily_revenue_etl_dag.py
[2026-03-17T02:43:23.248+0000] {processor.py:840} INFO - DAG(s) 'daily_revenue_etl_dag' retrieved from /opt/airflow/dags/daily_revenue_etl_dag.py
[2026-03-17T02:43:23.277+0000] {logging_mixin.py:188} INFO - [2026-03-17T02:43:23.277+0000] {dag.py:3036} INFO - Sync 1 DAGs
[2026-03-17T03:06:41.275+0000] {logging_mixin.py:188} INFO - [2026-03-17T03:06:41.274+0000] {dag.py:3823} INFO - Setting next_dagrun for daily_revenue_etl_dag to 2026-03-17 00:00:00+00:00, run_after=2026-03-18 00:00:00+00:00
[2026-03-17T03:06:41.319+0000] {processor.py:183} INFO - Processing /opt/airflow/dags/daily_revenue_etl_dag.py took 0.141 seconds
[2026-03-17T03:07:11.576+0000] {processor.py:161} INFO - Started process (PID=265) to work on /opt/airflow/dags/daily_revenue_etl_dag.py
[2026-03-17T03:07:11.578+0000] {processor.py:830} INFO - Processing file /opt/airflow/dags/daily_revenue_etl_dag.py for tasks to queue
[2026-03-17T03:07:11.579+0000] {logging_mixin.py:188} INFO - [2026-03-17T03:07:11.579+0000] {dagbag.py:538} INFO - Filling up the DagBag from /opt/airflow/dags/daily_revenue_etl_dag.py
[2026-03-17T03:07:11.609+0000] {processor.py:840} INFO - DAG(s) 'daily_revenue_etl_dag' retrieved from /opt/airflow/dags/daily_revenue_etl_dag.py
[2026-03-17T02:43:53.781+0000] {logging_mixin.py:188} INFO - [2026-03-17T02:43:53.781+0000] {dag.py:3036} INFO - Sync 1 DAGs
[2026-03-17T02:43:53.797+0000] {logging_mixin.py:188} INFO - [2026-03-17T02:43:53.797+0000] {dag.py:3823} INFO - Setting next_dagrun for daily_revenue_etl_dag to 2026-03-17 00:00:00+00:00, run_after=2026-03-18 00:00:00+00:00
[2026-03-17T02:43:53.813+0000] {processor.py:183} INFO - Processing /opt/airflow/dags/daily_revenue_etl_dag.py took 0.173 seconds
[2026-03-17T03:07:16.651+0000] {processor.py:161} INFO - Started process (PID=270) to work on /opt/airflow/dags/daily_revenue_etl_dag.py
[2026-03-17T03:07:16.652+0000] {processor.py:830} INFO - Processing file /opt/airflow/dags/daily_revenue_etl_dag.py for tasks to queue
[2026-03-17T03:07:16.654+0000] {logging_mixin.py:188} INFO - [2026-03-17T03:07:16.654+0000] {dagbag.py:538} INFO - Filling up the DagBag from /opt/airflow/dags/daily_revenue_etl_dag.py
[2026-03-17T02:43:58.752+0000] {processor.py:840} INFO - DAG(s) 'daily_revenue_etl_dag' retrieved from /opt/airflow/dags/daily_revenue_etl_dag.py
[2026-03-17T02:43:58.771+0000] {logging_mixin.py:188} INFO - [2026-03-17T02:43:58.771+0000] {dag.py:3036} INFO - Sync 1 DAGs
[2026-03-17T02:43:58.806+0000] {logging_mixin.py:188} INFO - [2026-03-17T02:43:58.806+0000] {dag.py:3823} INFO - Setting next_dagrun for daily_revenue_etl_dag to 2026-03-17 00:00:00+00:00, run_after=2026-03-18 00:00:00+00:00
[2026-03-17T02:43:58.832+0000] {processor.py:183} INFO - Processing /opt/airflow/dags/daily_revenue_etl_dag.py took 0.119 seconds
[2026-03-17T02:44:28.961+0000] {processor.py:161} INFO - Started process (PID=275) to work on /opt/airflow/dags/daily_revenue_etl_dag.py
[2026-03-17T02:44:28.962+0000] {processor.py:830} INFO - Processing file /opt/airflow/dags/daily_revenue_etl_dag.py for tasks to queue
[2026-03-17T02:44:28.963+0000] {logging_mixin.py:188} INFO - [2026-03-17T02:44:28.963+0000] {dagbag.py:538} INFO - Filling up the DagBag from /opt/airflow/dags/daily_revenue_etl_dag.py
[2026-03-17T02:44:28.984+0000] {processor.py:840} INFO - DAG(s) 'daily_revenue_etl_dag' retrieved from /opt/airflow/dags/daily_revenue_etl_dag.py
[2026-03-17T02:44:28.999+0000] {logging_mixin.py:188} INFO - [2026-03-17T02:44:28.998+0000] {dag.py:3036} INFO - Sync 1 DAGs
[2026-03-17T02:44:29.029+0000] {logging_mixin.py:188} INFO - [2026-03-17T02:44:29.028+0000] {dag.py:3823} INFO - Setting next_dagrun for daily_revenue_etl_dag to 2026-03-17 00:00:00+00:00, run_after=2026-03-18 00:00:00+00:00
[2026-03-17T02:44:29.056+0000] {processor.py:183} INFO - Processing /opt/airflow/dags/daily_revenue_etl_dag.py took 0.098 seconds
[2026-03-17T02:44:59.195+0000] {processor.py:161} INFO - Started process (PID=280) to work on /opt/airflow/dags/daily_revenue_etl_dag.py
[2026-03-17T02:44:59.196+0000] {processor.py:830} INFO - Processing file /opt/airflow/dags/daily_revenue_etl_dag.py for tasks to queue
[2026-03-17T02:44:59.197+0000] {logging_mixin.py:188} INFO - [2026-03-17T02:44:59.197+0000] {dagbag.py:538} INFO - Filling up the DagBag from /opt/airflow/dags/daily_revenue_etl_dag.py
[2026-03-17T02:44:59.224+0000] {processor.py:840} INFO - DAG(s) 'daily_revenue_etl_dag' retrieved from /opt/airflow/dags/daily_revenue_etl_dag.py
[2026-03-17T02:44:59.249+0000] {logging_mixin.py:188} INFO - [2026-03-17T02:44:59.249+0000] {dag.py:3036} INFO - Sync 1 DAGs
[2026-03-17T02:44:59.293+0000] {logging_mixin.py:188} INFO - [2026-03-17T02:44:59.293+0000] {dag.py:3823} INFO - Setting next_dagrun for daily_revenue_etl_dag to 2026-03-17 00:00:00+00:00, run_after=2026-03-18 00:00:00+00:00
[2026-03-17T02:44:59.341+0000] {processor.py:183} INFO - Processing /opt/airflow/dags/daily_revenue_etl_dag.py took 0.149 seconds
[2026-03-17T03:08:40.454+0000] {processor.py:161} INFO - Started process (PID=285) to work on /opt/airflow/dags/daily_revenue_etl_dag.py
[2026-03-17T03:08:40.455+0000] {processor.py:830} INFO - Processing file /opt/airflow/dags/daily_revenue_etl_dag.py for tasks to queue
[2026-03-17T03:08:40.456+0000] {logging_mixin.py:188} INFO - [2026-03-17T03:08:40.456+0000] {dagbag.py:538} INFO - Filling up the DagBag from /opt/airflow/dags/daily_revenue_etl_dag.py
[2026-03-17T03:08:40.476+0000] {processor.py:840} INFO - DAG(s) 'daily_revenue_etl_dag' retrieved from /opt/airflow/dags/daily_revenue_etl_dag.py
[2026-03-17T03:08:40.504+0000] {logging_mixin.py:188} INFO - [2026-03-17T03:08:40.504+0000] {dag.py:3036} INFO - Sync 1 DAGs
[2026-03-17T03:08:40.525+0000] {logging_mixin.py:188} INFO - [2026-03-17T03:08:40.525+0000] {dag.py:3823} INFO - Setting next_dagrun for daily_revenue_etl_dag to 2026-03-17 00:00:00+00:00, run_after=2026-03-18 00:00:00+00:00
[2026-03-17T03:08:40.543+0000] {processor.py:183} INFO - Processing /opt/airflow/dags/daily_revenue_etl_dag.py took 0.093 seconds
[2026-03-17T03:09:10.678+0000] {processor.py:161} INFO - Started process (PID=290) to work on /opt/airflow/dags/daily_revenue_etl_dag.py
[2026-03-17T03:09:10.680+0000] {processor.py:830} INFO - Processing file /opt/airflow/dags/daily_revenue_etl_dag.py for tasks to queue
[2026-03-17T03:09:10.681+0000] {logging_mixin.py:188} INFO - [2026-03-17T03:09:10.681+0000] {dagbag.py:538} INFO - Filling up the DagBag from /opt/airflow/dags/daily_revenue_etl_dag.py
[2026-03-17T03:09:10.708+0000] {processor.py:840} INFO - DAG(s) 'daily_revenue_etl_dag' retrieved from /opt/airflow/dags/daily_revenue_etl_dag.py
[2026-03-17T02:45:52.810+0000] {logging_mixin.py:188} INFO - [2026-03-17T02:45:52.810+0000] {dag.py:3036} INFO - Sync 1 DAGs
[2026-03-17T02:45:52.835+0000] {logging_mixin.py:188} INFO - [2026-03-17T02:45:52.835+0000] {dag.py:3823} INFO - Setting next_dagrun for daily_revenue_etl_dag to 2026-03-17 00:00:00+00:00, run_after=2026-03-18 00:00:00+00:00
[2026-03-17T02:45:52.854+0000] {processor.py:183} INFO - Processing /opt/airflow/dags/daily_revenue_etl_dag.py took 0.110 seconds
[2026-03-17T03:09:11.765+0000] {processor.py:161} INFO - Started process (PID=295) to work on /opt/airflow/dags/daily_revenue_etl_dag.py
[2026-03-17T03:09:11.768+0000] {processor.py:830} INFO - Processing file /opt/airflow/dags/daily_revenue_etl_dag.py for tasks to queue
[2026-03-17T03:09:11.769+0000] {logging_mixin.py:188} INFO - [2026-03-17T03:09:11.769+0000] {dagbag.py:538} INFO - Filling up the DagBag from /opt/airflow/dags/daily_revenue_etl_dag.py
[2026-03-17T03:09:11.795+0000] {processor.py:840} INFO - DAG(s) 'daily_revenue_etl_dag' retrieved from /opt/airflow/dags/daily_revenue_etl_dag.py
[2026-03-17T03:09:11.836+0000] {logging_mixin.py:188} INFO - [2026-03-17T03:09:11.836+0000] {dag.py:3036} INFO - Sync 1 DAGs
[2026-03-17T02:45:53.945+0000] {logging_mixin.py:188} INFO - [2026-03-17T02:45:53.945+0000] {dag.py:3823} INFO - Setting next_dagrun for daily_revenue_etl_dag to 2026-03-17 00:00:00+00:00, run_after=2026-03-18 00:00:00+00:00
[2026-03-17T02:45:53.993+0000] {processor.py:183} INFO - Processing /opt/airflow/dags/daily_revenue_etl_dag.py took 0.164 seconds
[2026-03-17T02:45:58.950+0000] {processor.py:161} INFO - Started process (PID=300) to work on /opt/airflow/dags/daily_revenue_etl_dag.py
[2026-03-17T02:45:58.952+0000] {processor.py:830} INFO - Processing file /opt/airflow/dags/daily_revenue_etl_dag.py for tasks to queue
[2026-03-17T02:45:58.954+0000] {logging_mixin.py:188} INFO - [2026-03-17T02:45:58.953+0000] {dagbag.py:538} INFO - Filling up the DagBag from /opt/airflow/dags/daily_revenue_etl_dag.py
[2026-03-17T02:45:58.981+0000] {processor.py:840} INFO - DAG(s) 'daily_revenue_etl_dag' retrieved from /opt/airflow/dags/daily_revenue_etl_dag.py
[2026-03-17T02:45:58.996+0000] {logging_mixin.py:188} INFO - [2026-03-17T02:45:58.996+0000] {dag.py:3036} INFO - Sync 1 DAGs
[2026-03-17T02:45:59.024+0000] {logging_mixin.py:188} INFO - [2026-03-17T02:45:59.024+0000] {dag.py:3823} INFO - Setting next_dagrun for daily_revenue_etl_dag to 2026-03-17 00:00:00+00:00, run_after=2026-03-18 00:00:00+00:00
[2026-03-17T02:45:59.045+0000] {processor.py:183} INFO - Processing /opt/airflow/dags/daily_revenue_etl_dag.py took 0.100 seconds
[2026-03-17T02:46:26.046+0000] {processor.py:161} INFO - Started process (PID=174) to work on /opt/airflow/dags/daily_revenue_etl_dag.py
[2026-03-17T02:46:26.048+0000] {processor.py:830} INFO - Processing file /opt/airflow/dags/daily_revenue_etl_dag.py for tasks to queue
[2026-03-17T02:46:26.050+0000] {logging_mixin.py:188} INFO - [2026-03-17T02:46:26.049+0000] {dagbag.py:538} INFO - Filling up the DagBag from /opt/airflow/dags/daily_revenue_etl_dag.py
[2026-03-17T02:46:26.102+0000] {processor.py:840} INFO - DAG(s) 'daily_revenue_etl_dag' retrieved from /opt/airflow/dags/daily_revenue_etl_dag.py
[2026-03-17T02:46:26.422+0000] {logging_mixin.py:188} INFO - [2026-03-17T02:46:26.421+0000] {override.py:1769} INFO - Created Permission View: can delete on DAG:daily_revenue_etl_dag
[2026-03-17T02:46:26.432+0000] {logging_mixin.py:188} INFO - [2026-03-17T02:46:26.432+0000] {override.py:1769} INFO - Created Permission View: can read on DAG:daily_revenue_etl_dag
[2026-03-17T02:46:26.439+0000] {logging_mixin.py:188} INFO - [2026-03-17T02:46:26.439+0000] {override.py:1769} INFO - Created Permission View: can edit on DAG:daily_revenue_etl_dag
[2026-03-17T02:46:26.440+0000] {logging_mixin.py:188} INFO - [2026-03-17T02:46:26.440+0000] {dag.py:3036} INFO - Sync 1 DAGs
[2026-03-17T02:46:26.452+0000] {logging_mixin.py:188} INFO - [2026-03-17T02:46:26.451+0000] {dag.py:3058} INFO - Creating ORM DAG for daily_revenue_etl_dag
[2026-03-17T02:46:26.468+0000] {logging_mixin.py:188} INFO - [2026-03-17T02:46:26.468+0000] {dag.py:3823} INFO - Setting next_dagrun for daily_revenue_etl_dag to 2026-03-16 00:00:00+00:00, run_after=2026-03-17 00:00:00+00:00
[2026-03-17T02:46:26.497+0000] {processor.py:183} INFO - Processing /opt/airflow/dags/daily_revenue_etl_dag.py took 0.458 seconds
[2026-03-17T02:46:52.801+0000] {processor.py:161} INFO - Started process (PID=188) to work on /opt/airflow/dags/daily_revenue_etl_dag.py
[2026-03-17T02:46:52.803+0000] {processor.py:830} INFO - Processing file /opt/airflow/dags/daily_revenue_etl_dag.py for tasks to queue
[2026-03-17T02:46:52.804+0000] {logging_mixin.py:188} INFO - [2026-03-17T02:46:52.804+0000] {dagbag.py:538} INFO - Filling up the DagBag from /opt/airflow/dags/daily_revenue_etl_dag.py
[2026-03-17T02:46:52.835+0000] {processor.py:840} INFO - DAG(s) 'daily_revenue_etl_dag' retrieved from /opt/airflow/dags/daily_revenue_etl_dag.py
[2026-03-17T02:46:52.854+0000] {logging_mixin.py:188} INFO - [2026-03-17T02:46:52.853+0000] {dag.py:3036} INFO - Sync 1 DAGs
[2026-03-17T02:46:52.889+0000] {logging_mixin.py:188} INFO - [2026-03-17T02:46:52.889+0000] {dag.py:3823} INFO - Setting next_dagrun for daily_revenue_etl_dag to 2026-03-17 00:00:00+00:00, run_after=2026-03-18 00:00:00+00:00
[2026-03-17T02:46:52.916+0000] {processor.py:183} INFO - Processing /opt/airflow/dags/daily_revenue_etl_dag.py took 0.122 seconds
[2026-03-17T03:10:11.705+0000] {processor.py:161} INFO - Started process (PID=193) to work on /opt/airflow/dags/daily_revenue_etl_dag.py
[2026-03-17T03:10:11.706+0000] {processor.py:830} INFO - Processing file /opt/airflow/dags/daily_revenue_etl_dag.py for tasks to queue
[2026-03-17T03:10:11.707+0000] {logging_mixin.py:188} INFO - [2026-03-17T03:10:11.707+0000] {dagbag.py:538} INFO - Filling up the DagBag from /opt/airflow/dags/daily_revenue_etl_dag.py
[2026-03-17T03:10:11.727+0000] {processor.py:840} INFO - DAG(s) 'daily_revenue_etl_dag' retrieved from /opt/airflow/dags/daily_revenue_etl_dag.py
[2026-03-17T03:10:11.754+0000] {logging_mixin.py:188} INFO - [2026-03-17T03:10:11.754+0000] {dag.py:3036} INFO - Sync 1 DAGs
[2026-03-17T03:10:11.777+0000] {logging_mixin.py:188} INFO - [2026-03-17T03:10:11.777+0000] {dag.py:3823} INFO - Setting next_dagrun for daily_revenue_etl_dag to 2026-03-17 00:00:00+00:00, run_after=2026-03-18 00:00:00+00:00
[2026-03-17T03:10:11.809+0000] {processor.py:183} INFO - Processing /opt/airflow/dags/daily_revenue_etl_dag.py took 0.107 seconds
[2026-03-17T03:10:41.944+0000] {processor.py:161} INFO - Started process (PID=206) to work on /opt/airflow/dags/daily_revenue_etl_dag.py
[2026-03-17T03:10:41.945+0000] {processor.py:830} INFO - Processing file /opt/airflow/dags/daily_revenue_etl_dag.py for tasks to queue
[2026-03-17T03:10:41.946+0000] {logging_mixin.py:188} INFO - [2026-03-17T03:10:41.946+0000] {dagbag.py:538} INFO - Filling up the DagBag from /opt/airflow/dags/daily_revenue_etl_dag.py
[2026-03-17T03:10:41.966+0000] {processor.py:840} INFO - DAG(s) 'daily_revenue_etl_dag' retrieved from /opt/airflow/dags/daily_revenue_etl_dag.py
[2026-03-17T03:10:41.995+0000] {logging_mixin.py:188} INFO - [2026-03-17T03:10:41.994+0000] {dag.py:3036} INFO - Sync 1 DAGs
[2026-03-17T02:47:24.088+0000] {logging_mixin.py:188} INFO - [2026-03-17T02:47:24.087+0000] {dag.py:3823} INFO - Setting next_dagrun for daily_revenue_etl_dag to 2026-03-17 00:00:00+00:00, run_after=2026-03-18 00:00:00+00:00
[2026-03-17T02:47:24.119+0000] {processor.py:183} INFO - Processing /opt/airflow/dags/daily_revenue_etl_dag.py took 0.109 seconds
[2026-03-17T02:47:54.355+0000] {processor.py:161} INFO - Started process (PID=218) to work on /opt/airflow/dags/daily_revenue_etl_dag.py
[2026-03-17T02:47:54.356+0000] {processor.py:830} INFO - Processing file /opt/airflow/dags/daily_revenue_etl_dag.py for tasks to queue
[2026-03-17T02:47:54.357+0000] {logging_mixin.py:188} INFO - [2026-03-17T02:47:54.356+0000] {dagbag.py:538} INFO - Filling up the DagBag from /opt/airflow/dags/daily_revenue_etl_dag.py
[2026-03-17T02:47:54.373+0000] {processor.py:840} INFO - DAG(s) 'daily_revenue_etl_dag' retrieved from /opt/airflow/dags/daily_revenue_etl_dag.py
[2026-03-17T02:47:54.394+0000] {logging_mixin.py:188} INFO - [2026-03-17T02:47:54.394+0000] {dag.py:3036} INFO - Sync 1 DAGs
[2026-03-17T02:47:54.411+0000] {logging_mixin.py:188} INFO - [2026-03-17T02:47:54.410+0000] {dag.py:3823} INFO - Setting next_dagrun for daily_revenue_etl_dag to 2026-03-17 00:00:00+00:00, run_after=2026-03-18 00:00:00+00:00
[2026-03-17T02:47:54.427+0000] {processor.py:183} INFO - Processing /opt/airflow/dags/daily_revenue_etl_dag.py took 0.075 seconds
[2026-03-17T03:11:40.490+0000] {processor.py:161} INFO - Started process (PID=223) to work on /opt/airflow/dags/daily_revenue_etl_dag.py
[2026-03-17T03:11:40.491+0000] {processor.py:830} INFO - Processing file /opt/airflow/dags/daily_revenue_etl_dag.py for tasks to queue
[2026-03-17T03:11:40.492+0000] {logging_mixin.py:188} INFO - [2026-03-17T03:11:40.491+0000] {dagbag.py:538} INFO - Filling up the DagBag from /opt/airflow/dags/daily_revenue_etl_dag.py
[2026-03-17T03:11:40.509+0000] {processor.py:840} INFO - DAG(s) 'daily_revenue_etl_dag' retrieved from /opt/airflow/dags/daily_revenue_etl_dag.py
[2026-03-17T03:11:40.531+0000] {logging_mixin.py:188} INFO - [2026-03-17T03:11:40.531+0000] {dag.py:3036} INFO - Sync 1 DAGs
[2026-03-17T03:11:40.549+0000] {logging_mixin.py:188} INFO - [2026-03-17T03:11:40.549+0000] {dag.py:3823} INFO - Setting next_dagrun for daily_revenue_etl_dag to 2026-03-17 00:00:00+00:00, run_after=2026-03-18 00:00:00+00:00
[2026-03-17T03:11:40.565+0000] {processor.py:183} INFO - Processing /opt/airflow/dags/daily_revenue_etl_dag.py took 0.078 seconds
[2026-03-17T02:48:52.847+0000] {processor.py:161} INFO - Started process (PID=228) to work on /opt/airflow/dags/daily_revenue_etl_dag.py
[2026-03-17T02:48:52.850+0000] {processor.py:830} INFO - Processing file /opt/airflow/dags/daily_revenue_etl_dag.py for tasks to queue
[2026-03-17T02:48:52.852+0000] {logging_mixin.py:188} INFO - [2026-03-17T02:48:52.852+0000] {dagbag.py:538} INFO - Filling up the DagBag from /opt/airflow/dags/daily_revenue_etl_dag.py
[2026-03-17T02:48:52.897+0000] {processor.py:840} INFO - DAG(s) 'daily_revenue_etl_dag' retrieved from /opt/airflow/dags/daily_revenue_etl_dag.py
[2026-03-17T02:48:52.949+0000] {logging_mixin.py:188} INFO - [2026-03-17T02:48:52.949+0000] {dag.py:3036} INFO - Sync 1 DAGs
[2026-03-17T02:48:52.990+0000] {logging_mixin.py:188} INFO - [2026-03-17T02:48:52.989+0000] {dag.py:3823} INFO - Setting next_dagrun for daily_revenue_etl_dag to 2026-03-17 00:00:00+00:00, run_after=2026-03-18 00:00:00+00:00
[2026-03-17T02:48:53.020+0000] {processor.py:183} INFO - Processing /opt/airflow/dags/daily_revenue_etl_dag.py took 0.180 seconds
[2026-03-17T03:12:11.997+0000] {processor.py:161} INFO - Started process (PID=233) to work on /opt/airflow/dags/daily_revenue_etl_dag.py
[2026-03-17T03:12:12.000+0000] {processor.py:830} INFO - Processing file /opt/airflow/dags/daily_revenue_etl_dag.py for tasks to queue
[2026-03-17T03:12:12.003+0000] {logging_mixin.py:188} INFO - [2026-03-17T03:12:12.002+0000] {dagbag.py:538} INFO - Filling up the DagBag from /opt/airflow/dags/daily_revenue_etl_dag.py
[2026-03-17T03:12:12.060+0000] {processor.py:840} INFO - DAG(s) 'daily_revenue_etl_dag' retrieved from /opt/airflow/dags/daily_revenue_etl_dag.py
[2026-03-17T03:12:12.120+0000] {logging_mixin.py:188} INFO - [2026-03-17T03:12:12.119+0000] {dag.py:3036} INFO - Sync 1 DAGs
[2026-03-17T02:48:54.256+0000] {logging_mixin.py:188} INFO - [2026-03-17T02:48:54.255+0000] {dag.py:3823} INFO - Setting next_dagrun for daily_revenue_etl_dag to 2026-03-17 00:00:00+00:00, run_after=2026-03-18 00:00:00+00:00
[2026-03-17T02:48:54.312+0000] {processor.py:183} INFO - Processing /opt/airflow/dags/daily_revenue_etl_dag.py took 0.251 seconds
[2026-03-17T02:48:59.235+0000] {processor.py:161} INFO - Started process (PID=238) to work on /opt/airflow/dags/daily_revenue_etl_dag.py
[2026-03-17T02:48:59.237+0000] {processor.py:830} INFO - Processing file /opt/airflow/dags/daily_revenue_etl_dag.py for tasks to queue
[2026-03-17T02:48:59.240+0000] {logging_mixin.py:188} INFO - [2026-03-17T02:48:59.239+0000] {dagbag.py:538} INFO - Filling up the DagBag from /opt/airflow/dags/daily_revenue_etl_dag.py
[2026-03-17T02:48:59.310+0000] {processor.py:840} INFO - DAG(s) 'daily_revenue_etl_dag' retrieved from /opt/airflow/dags/daily_revenue_etl_dag.py
[2026-03-17T02:48:59.361+0000] {logging_mixin.py:188} INFO - [2026-03-17T02:48:59.361+0000] {dag.py:3036} INFO - Sync 1 DAGs
[2026-03-17T02:48:59.401+0000] {logging_mixin.py:188} INFO - [2026-03-17T02:48:59.401+0000] {dag.py:3823} INFO - Setting next_dagrun for daily_revenue_etl_dag to 2026-03-17 00:00:00+00:00, run_after=2026-03-18 00:00:00+00:00
[2026-03-17T02:48:59.427+0000] {processor.py:183} INFO - Processing /opt/airflow/dags/daily_revenue_etl_dag.py took 0.198 seconds
[2026-03-17T03:12:27.194+0000] {processor.py:161} INFO - Started process (PID=243) to work on /opt/airflow/dags/daily_revenue_etl_dag.py
[2026-03-17T03:12:27.196+0000] {processor.py:830} INFO - Processing file /opt/airflow/dags/daily_revenue_etl_dag.py for tasks to queue
[2026-03-17T03:12:27.197+0000] {logging_mixin.py:188} INFO - [2026-03-17T03:12:27.197+0000] {dagbag.py:538} INFO - Filling up the DagBag from /opt/airflow/dags/daily_revenue_etl_dag.py
[2026-03-17T02:49:09.287+0000] {processor.py:840} INFO - DAG(s) 'daily_revenue_etl_dag' retrieved from /opt/airflow/dags/daily_revenue_etl_dag.py
[2026-03-17T02:49:09.320+0000] {logging_mixin.py:188} INFO - [2026-03-17T02:49:09.320+0000] {dag.py:3036} INFO - Sync 1 DAGs
[2026-03-17T02:49:09.351+0000] {logging_mixin.py:188} INFO - [2026-03-17T02:49:09.351+0000] {dag.py:3823} INFO - Setting next_dagrun for daily_revenue_etl_dag to 2026-03-17 00:00:00+00:00, run_after=2026-03-18 00:00:00+00:00
[2026-03-17T02:49:09.378+0000] {processor.py:183} INFO - Processing /opt/airflow/dags/daily_revenue_etl_dag.py took 0.130 seconds
[2026-03-17T02:49:39.473+0000] {processor.py:161} INFO - Started process (PID=248) to work on /opt/airflow/dags/daily_revenue_etl_dag.py
[2026-03-17T02:49:39.475+0000] {processor.py:830} INFO - Processing file /opt/airflow/dags/daily_revenue_etl_dag.py for tasks to queue
[2026-03-17T02:49:39.476+0000] {logging_mixin.py:188} INFO - [2026-03-17T02:49:39.476+0000] {dagbag.py:538} INFO - Filling up the DagBag from /opt/airflow/dags/daily_revenue_etl_dag.py
[2026-03-17T02:49:39.510+0000] {processor.py:840} INFO - DAG(s) 'daily_revenue_etl_dag' retrieved from /opt/airflow/dags/daily_revenue_etl_dag.py
[2026-03-17T02:49:39.559+0000] {logging_mixin.py:188} INFO - [2026-03-17T02:49:39.559+0000] {dag.py:3036} INFO - Sync 1 DAGs
[2026-03-17T02:49:39.595+0000] {logging_mixin.py:188} INFO - [2026-03-17T02:49:39.595+0000] {dag.py:3823} INFO - Setting next_dagrun for daily_revenue_etl_dag to 2026-03-17 00:00:00+00:00, run_after=2026-03-18 00:00:00+00:00
[2026-03-17T02:49:39.628+0000] {processor.py:183} INFO - Processing /opt/airflow/dags/daily_revenue_etl_dag.py took 0.160 seconds
[2026-03-17T03:13:10.647+0000] {processor.py:161} INFO - Started process (PID=253) to work on /opt/airflow/dags/daily_revenue_etl_dag.py
[2026-03-17T03:13:10.649+0000] {processor.py:830} INFO - Processing file /opt/airflow/dags/daily_revenue_etl_dag.py for tasks to queue
[2026-03-17T03:13:10.650+0000] {logging_mixin.py:188} INFO - [2026-03-17T03:13:10.650+0000] {dagbag.py:538} INFO - Filling up the DagBag from /opt/airflow/dags/daily_revenue_etl_dag.py
[2026-03-17T03:13:10.680+0000] {processor.py:840} INFO - DAG(s) 'daily_revenue_etl_dag' retrieved from /opt/airflow/dags/daily_revenue_etl_dag.py
[2026-03-17T03:13:10.709+0000] {logging_mixin.py:188} INFO - [2026-03-17T03:13:10.709+0000] {dag.py:3036} INFO - Sync 1 DAGs
[2026-03-17T03:13:10.735+0000] {logging_mixin.py:188} INFO - [2026-03-17T03:13:10.735+0000] {dag.py:3823} INFO - Setting next_dagrun for daily_revenue_etl_dag to 2026-03-17 00:00:00+00:00, run_after=2026-03-18 00:00:00+00:00
[2026-03-17T03:13:10.757+0000] {processor.py:183} INFO - Processing /opt/airflow/dags/daily_revenue_etl_dag.py took 0.115 seconds
[2026-03-17T03:13:47.006+0000] {processor.py:161} INFO - Started process (PID=260) to work on /opt/airflow/dags/daily_revenue_etl_dag.py
[2026-03-17T03:13:47.008+0000] {processor.py:830} INFO - Processing file /opt/airflow/dags/daily_revenue_etl_dag.py for tasks to queue
[2026-03-17T03:13:47.009+0000] {logging_mixin.py:188} INFO - [2026-03-17T03:13:47.009+0000] {dagbag.py:538} INFO - Filling up the DagBag from /opt/airflow/dags/daily_revenue_etl_dag.py
[2026-03-17T03:13:47.031+0000] {processor.py:840} INFO - DAG(s) 'daily_revenue_etl_dag' retrieved from /opt/airflow/dags/daily_revenue_etl_dag.py
[2026-03-17T03:13:47.056+0000] {logging_mixin.py:188} INFO - [2026-03-17T03:13:47.056+0000] {dag.py:3036} INFO - Sync 1 DAGs
[2026-03-17T03:13:47.075+0000] {logging_mixin.py:188} INFO - [2026-03-17T03:13:47.075+0000] {dag.py:3823} INFO - Setting next_dagrun for daily_revenue_etl_dag to 2026-03-17 00:00:00+00:00, run_after=2026-03-18 00:00:00+00:00
[2026-03-17T03:13:47.103+0000] {processor.py:183} INFO - Processing /opt/airflow/dags/daily_revenue_etl_dag.py took 0.101 seconds
[2026-03-17T03:14:17.240+0000] {processor.py:161} INFO - Started process (PID=265) to work on /opt/airflow/dags/daily_revenue_etl_dag.py
[2026-03-17T03:14:17.241+0000] {processor.py:830} INFO - Processing file /opt/airflow/dags/daily_revenue_etl_dag.py for tasks to queue
[2026-03-17T03:14:17.242+0000] {logging_mixin.py:188} INFO - [2026-03-17T03:14:17.242+0000] {dagbag.py:538} INFO - Filling up the DagBag from /opt/airflow/dags/daily_revenue_etl_dag.py
[2026-03-17T03:14:17.266+0000] {processor.py:840} INFO - DAG(s) 'daily_revenue_etl_dag' retrieved from /opt/airflow/dags/daily_revenue_etl_dag.py
[2026-03-17T03:14:17.293+0000] {logging_mixin.py:188} INFO - [2026-03-17T03:14:17.293+0000] {dag.py:3036} INFO - Sync 1 DAGs
[2026-03-17T02:50:59.431+0000] {logging_mixin.py:188} INFO - [2026-03-17T02:50:59.431+0000] {dag.py:3823} INFO - Setting next_dagrun for daily_revenue_etl_dag to 2026-03-17 00:00:00+00:00, run_after=2026-03-18 00:00:00+00:00
[2026-03-17T02:50:59.449+0000] {processor.py:183} INFO - Processing /opt/airflow/dags/daily_revenue_etl_dag.py took 0.102 seconds
[2026-03-17T03:14:22.362+0000] {processor.py:161} INFO - Started process (PID=270) to work on /opt/airflow/dags/daily_revenue_etl_dag.py
[2026-03-17T03:14:22.365+0000] {processor.py:830} INFO - Processing file /opt/airflow/dags/daily_revenue_etl_dag.py for tasks to queue
[2026-03-17T03:14:22.367+0000] {logging_mixin.py:188} INFO - [2026-03-17T03:14:22.367+0000] {dagbag.py:538} INFO - Filling up the DagBag from /opt/airflow/dags/daily_revenue_etl_dag.py
[2026-03-17T02:51:04.474+0000] {processor.py:840} INFO - DAG(s) 'daily_revenue_etl_dag' retrieved from /opt/airflow/dags/daily_revenue_etl_dag.py
[2026-03-17T02:51:04.510+0000] {logging_mixin.py:188} INFO - [2026-03-17T02:51:04.510+0000] {dag.py:3036} INFO - Sync 1 DAGs
[2026-03-17T02:51:04.537+0000] {logging_mixin.py:188} INFO - [2026-03-17T02:51:04.537+0000] {dag.py:3823} INFO - Setting next_dagrun for daily_revenue_etl_dag to 2026-03-17 00:00:00+00:00, run_after=2026-03-18 00:00:00+00:00
[2026-03-17T02:51:04.559+0000] {processor.py:183} INFO - Processing /opt/airflow/dags/daily_revenue_etl_dag.py took 0.132 seconds
[2026-03-17T03:14:40.514+0000] {processor.py:161} INFO - Started process (PID=275) to work on /opt/airflow/dags/daily_revenue_etl_dag.py
[2026-03-17T03:14:40.515+0000] {processor.py:830} INFO - Processing file /opt/airflow/dags/daily_revenue_etl_dag.py for tasks to queue
[2026-03-17T03:14:40.516+0000] {logging_mixin.py:188} INFO - [2026-03-17T03:14:40.515+0000] {dagbag.py:538} INFO - Filling up the DagBag from /opt/airflow/dags/daily_revenue_etl_dag.py
[2026-03-17T03:14:40.536+0000] {processor.py:840} INFO - DAG(s) 'daily_revenue_etl_dag' retrieved from /opt/airflow/dags/daily_revenue_etl_dag.py
[2026-03-17T03:14:40.558+0000] {logging_mixin.py:188} INFO - [2026-03-17T03:14:40.557+0000] {dag.py:3036} INFO - Sync 1 DAGs
[2026-03-17T03:14:40.576+0000] {logging_mixin.py:188} INFO - [2026-03-17T03:14:40.575+0000] {dag.py:3823} INFO - Setting next_dagrun for daily_revenue_etl_dag to 2026-03-17 00:00:00+00:00, run_after=2026-03-18 00:00:00+00:00
[2026-03-17T03:14:40.598+0000] {processor.py:183} INFO - Processing /opt/airflow/dags/daily_revenue_etl_dag.py took 0.087 seconds
[2026-03-17T03:16:27.340+0000] {processor.py:161} INFO - Started process (PID=281) to work on /opt/airflow/dags/daily_revenue_etl_dag.py
[2026-03-17T03:16:27.342+0000] {processor.py:830} INFO - Processing file /opt/airflow/dags/daily_revenue_etl_dag.py for tasks to queue
[2026-03-17T03:16:27.343+0000] {logging_mixin.py:188} INFO - [2026-03-17T03:16:27.343+0000] {dagbag.py:538} INFO - Filling up the DagBag from /opt/airflow/dags/daily_revenue_etl_dag.py
[2026-03-17T03:16:27.376+0000] {processor.py:840} INFO - DAG(s) 'daily_revenue_etl_dag' retrieved from /opt/airflow/dags/daily_revenue_etl_dag.py
[2026-03-17T03:16:27.420+0000] {logging_mixin.py:188} INFO - [2026-03-17T03:16:27.420+0000] {dag.py:3036} INFO - Sync 1 DAGs
[2026-03-17T03:16:27.453+0000] {logging_mixin.py:188} INFO - [2026-03-17T03:16:27.453+0000] {dag.py:3823} INFO - Setting next_dagrun for daily_revenue_etl_dag to 2026-03-17 00:00:00+00:00, run_after=2026-03-18 00:00:00+00:00
[2026-03-17T03:16:27.473+0000] {processor.py:183} INFO - Processing /opt/airflow/dags/daily_revenue_etl_dag.py took 0.138 seconds
[2026-03-17T03:16:57.552+0000] {processor.py:161} INFO - Started process (PID=286) to work on /opt/airflow/dags/daily_revenue_etl_dag.py
[2026-03-17T03:16:57.554+0000] {processor.py:830} INFO - Processing file /opt/airflow/dags/daily_revenue_etl_dag.py for tasks to queue
[2026-03-17T03:16:57.555+0000] {logging_mixin.py:188} INFO - [2026-03-17T03:16:57.555+0000] {dagbag.py:538} INFO - Filling up the DagBag from /opt/airflow/dags/daily_revenue_etl_dag.py
[2026-03-17T03:16:57.581+0000] {processor.py:840} INFO - DAG(s) 'daily_revenue_etl_dag' retrieved from /opt/airflow/dags/daily_revenue_etl_dag.py
[2026-03-17T02:53:39.734+0000] {logging_mixin.py:188} INFO - [2026-03-17T02:53:39.734+0000] {dag.py:3036} INFO - Sync 1 DAGs
[2026-03-17T02:53:39.764+0000] {logging_mixin.py:188} INFO - [2026-03-17T02:53:39.763+0000] {dag.py:3823} INFO - Setting next_dagrun for daily_revenue_etl_dag to 2026-03-17 00:00:00+00:00, run_after=2026-03-18 00:00:00+00:00
[2026-03-17T02:53:39.788+0000] {processor.py:183} INFO - Processing /opt/airflow/dags/daily_revenue_etl_dag.py took 0.125 seconds
[2026-03-17T02:54:09.994+0000] {processor.py:161} INFO - Started process (PID=292) to work on /opt/airflow/dags/daily_revenue_etl_dag.py
[2026-03-17T02:54:09.995+0000] {processor.py:830} INFO - Processing file /opt/airflow/dags/daily_revenue_etl_dag.py for tasks to queue
[2026-03-17T02:54:09.996+0000] {logging_mixin.py:188} INFO - [2026-03-17T02:54:09.996+0000] {dagbag.py:538} INFO - Filling up the DagBag from /opt/airflow/dags/daily_revenue_etl_dag.py
[2026-03-17T02:54:10.018+0000] {processor.py:840} INFO - DAG(s) 'daily_revenue_etl_dag' retrieved from /opt/airflow/dags/daily_revenue_etl_dag.py
[2026-03-17T02:54:10.043+0000] {logging_mixin.py:188} INFO - [2026-03-17T02:54:10.043+0000] {dag.py:3036} INFO - Sync 1 DAGs
[2026-03-17T02:54:10.062+0000] {logging_mixin.py:188} INFO - [2026-03-17T02:54:10.062+0000] {dag.py:3823} INFO - Setting next_dagrun for daily_revenue_etl_dag to 2026-03-17 00:00:00+00:00, run_after=2026-03-18 00:00:00+00:00
[2026-03-17T02:54:10.080+0000] {processor.py:183} INFO - Processing /opt/airflow/dags/daily_revenue_etl_dag.py took 0.089 seconds
[2026-03-17T02:54:40.184+0000] {processor.py:161} INFO - Started process (PID=297) to work on /opt/airflow/dags/daily_revenue_etl_dag.py
[2026-03-17T02:54:40.185+0000] {processor.py:830} INFO - Processing file /opt/airflow/dags/daily_revenue_etl_dag.py for tasks to queue
[2026-03-17T02:54:40.187+0000] {logging_mixin.py:188} INFO - [2026-03-17T02:54:40.187+0000] {dagbag.py:538} INFO - Filling up the DagBag from /opt/airflow/dags/daily_revenue_etl_dag.py
[2026-03-17T02:54:40.211+0000] {processor.py:840} INFO - DAG(s) 'daily_revenue_etl_dag' retrieved from /opt/airflow/dags/daily_revenue_etl_dag.py
[2026-03-17T02:54:40.243+0000] {logging_mixin.py:188} INFO - [2026-03-17T02:54:40.242+0000] {dag.py:3036} INFO - Sync 1 DAGs
[2026-03-17T02:54:40.265+0000] {logging_mixin.py:188} INFO - [2026-03-17T02:54:40.265+0000] {dag.py:3823} INFO - Setting next_dagrun for daily_revenue_etl_dag to 2026-03-17 00:00:00+00:00, run_after=2026-03-18 00:00:00+00:00
[2026-03-17T02:54:40.292+0000] {processor.py:183} INFO - Processing /opt/airflow/dags/daily_revenue_etl_dag.py took 0.114 seconds
[2026-03-17T02:55:10.490+0000] {processor.py:161} INFO - Started process (PID=302) to work on /opt/airflow/dags/daily_revenue_etl_dag.py
[2026-03-17T02:55:10.492+0000] {processor.py:830} INFO - Processing file /opt/airflow/dags/daily_revenue_etl_dag.py for tasks to queue
[2026-03-17T02:55:10.494+0000] {logging_mixin.py:188} INFO - [2026-03-17T02:55:10.493+0000] {dagbag.py:538} INFO - Filling up the DagBag from /opt/airflow/dags/daily_revenue_etl_dag.py
[2026-03-17T02:55:10.514+0000] {processor.py:840} INFO - DAG(s) 'daily_revenue_etl_dag' retrieved from /opt/airflow/dags/daily_revenue_etl_dag.py
[2026-03-17T02:55:10.537+0000] {logging_mixin.py:188} INFO - [2026-03-17T02:55:10.536+0000] {dag.py:3036} INFO - Sync 1 DAGs
[2026-03-17T02:55:10.558+0000] {logging_mixin.py:188} INFO - [2026-03-17T02:55:10.558+0000] {dag.py:3823} INFO - Setting next_dagrun for daily_revenue_etl_dag to 2026-03-17 00:00:00+00:00, run_after=2026-03-18 00:00:00+00:00
[2026-03-17T02:55:10.579+0000] {processor.py:183} INFO - Processing /opt/airflow/dags/daily_revenue_etl_dag.py took 0.091 seconds
[2026-03-17T03:18:32.520+0000] {processor.py:161} INFO - Started process (PID=307) to work on /opt/airflow/dags/daily_revenue_etl_dag.py
[2026-03-17T03:18:32.521+0000] {processor.py:830} INFO - Processing file /opt/airflow/dags/daily_revenue_etl_dag.py for tasks to queue
[2026-03-17T03:18:32.522+0000] {logging_mixin.py:188} INFO - [2026-03-17T03:18:32.522+0000] {dagbag.py:538} INFO - Filling up the DagBag from /opt/airflow/dags/daily_revenue_etl_dag.py
[2026-03-17T03:18:32.539+0000] {processor.py:840} INFO - DAG(s) 'daily_revenue_etl_dag' retrieved from /opt/airflow/dags/daily_revenue_etl_dag.py
[2026-03-17T03:18:32.567+0000] {logging_mixin.py:188} INFO - [2026-03-17T03:18:32.567+0000] {dag.py:3036} INFO - Sync 1 DAGs
[2026-03-17T03:18:32.593+0000] {logging_mixin.py:188} INFO - [2026-03-17T03:18:32.593+0000] {dag.py:3823} INFO - Setting next_dagrun for daily_revenue_etl_dag to 2026-03-17 00:00:00+00:00, run_after=2026-03-18 00:00:00+00:00
[2026-03-17T03:18:32.613+0000] {processor.py:183} INFO - Processing /opt/airflow/dags/daily_revenue_etl_dag.py took 0.096 seconds
[2026-03-17T03:19:02.744+0000] {processor.py:161} INFO - Started process (PID=312) to work on /opt/airflow/dags/daily_revenue_etl_dag.py
[2026-03-17T03:19:02.745+0000] {processor.py:830} INFO - Processing file /opt/airflow/dags/daily_revenue_etl_dag.py for tasks to queue
[2026-03-17T03:19:02.746+0000] {logging_mixin.py:188} INFO - [2026-03-17T03:19:02.746+0000] {dagbag.py:538} INFO - Filling up the DagBag from /opt/airflow/dags/daily_revenue_etl_dag.py
[2026-03-17T03:19:02.767+0000] {processor.py:840} INFO - DAG(s) 'daily_revenue_etl_dag' retrieved from /opt/airflow/dags/daily_revenue_etl_dag.py
[2026-03-17T03:19:02.795+0000] {logging_mixin.py:188} INFO - [2026-03-17T03:19:02.795+0000] {dag.py:3036} INFO - Sync 1 DAGs
[2026-03-17T03:19:02.818+0000] {logging_mixin.py:188} INFO - [2026-03-17T03:19:02.818+0000] {dag.py:3823} INFO - Setting next_dagrun for daily_revenue_etl_dag to 2026-03-17 00:00:00+00:00, run_after=2026-03-18 00:00:00+00:00
[2026-03-17T03:19:02.834+0000] {processor.py:183} INFO - Processing /opt/airflow/dags/daily_revenue_etl_dag.py took 0.094 seconds
[2026-03-17T02:56:25.255+0000] {processor.py:161} INFO - Started process (PID=176) to work on /opt/airflow/dags/daily_revenue_etl_dag.py
[2026-03-17T02:56:25.258+0000] {processor.py:830} INFO - Processing file /opt/airflow/dags/daily_revenue_etl_dag.py for tasks to queue
[2026-03-17T02:56:25.259+0000] {logging_mixin.py:188} INFO - [2026-03-17T02:56:25.259+0000] {dagbag.py:538} INFO - Filling up the DagBag from /opt/airflow/dags/daily_revenue_etl_dag.py
[2026-03-17T02:56:25.316+0000] {processor.py:840} INFO - DAG(s) 'daily_revenue_etl_dag' retrieved from /opt/airflow/dags/daily_revenue_etl_dag.py
[2026-03-17T02:56:25.636+0000] {logging_mixin.py:188} INFO - [2026-03-17T02:56:25.635+0000] {override.py:1769} INFO - Created Permission View: can delete on DAG:daily_revenue_etl_dag
[2026-03-17T02:56:25.645+0000] {logging_mixin.py:188} INFO - [2026-03-17T02:56:25.645+0000] {override.py:1769} INFO - Created Permission View: can read on DAG:daily_revenue_etl_dag
[2026-03-17T02:56:25.653+0000] {logging_mixin.py:188} INFO - [2026-03-17T02:56:25.653+0000] {override.py:1769} INFO - Created Permission View: can edit on DAG:daily_revenue_etl_dag
[2026-03-17T02:56:25.654+0000] {logging_mixin.py:188} INFO - [2026-03-17T02:56:25.654+0000] {dag.py:3036} INFO - Sync 1 DAGs
[2026-03-17T02:56:25.666+0000] {logging_mixin.py:188} INFO - [2026-03-17T02:56:25.666+0000] {dag.py:3058} INFO - Creating ORM DAG for daily_revenue_etl_dag
[2026-03-17T02:56:25.679+0000] {logging_mixin.py:188} INFO - [2026-03-17T02:56:25.679+0000] {dag.py:3823} INFO - Setting next_dagrun for daily_revenue_etl_dag to 2026-03-16 00:00:00+00:00, run_after=2026-03-17 00:00:00+00:00
[2026-03-17T02:56:25.706+0000] {processor.py:183} INFO - Processing /opt/airflow/dags/daily_revenue_etl_dag.py took 0.461 seconds
[2026-03-17T03:19:47.684+0000] {processor.py:161} INFO - Started process (PID=181) to work on /opt/airflow/dags/daily_revenue_etl_dag.py
[2026-03-17T03:19:47.685+0000] {processor.py:830} INFO - Processing file /opt/airflow/dags/daily_revenue_etl_dag.py for tasks to queue
[2026-03-17T03:19:47.687+0000] {logging_mixin.py:188} INFO - [2026-03-17T03:19:47.686+0000] {dagbag.py:538} INFO - Filling up the DagBag from /opt/airflow/dags/daily_revenue_etl_dag.py
[2026-03-17T03:19:47.714+0000] {processor.py:840} INFO - DAG(s) 'daily_revenue_etl_dag' retrieved from /opt/airflow/dags/daily_revenue_etl_dag.py
[2026-03-17T03:19:47.747+0000] {logging_mixin.py:188} INFO - [2026-03-17T03:19:47.747+0000] {dag.py:3036} INFO - Sync 1 DAGs
[2026-03-17T03:19:47.774+0000] {logging_mixin.py:188} INFO - [2026-03-17T03:19:47.774+0000] {dag.py:3823} INFO - Setting next_dagrun for daily_revenue_etl_dag to 2026-03-16 00:00:00+00:00, run_after=2026-03-17 00:00:00+00:00
[2026-03-17T03:19:47.802+0000] {processor.py:183} INFO - Processing /opt/airflow/dags/daily_revenue_etl_dag.py took 0.124 seconds
[2026-03-17T03:20:17.905+0000] {processor.py:161} INFO - Started process (PID=192) to work on /opt/airflow/dags/daily_revenue_etl_dag.py
[2026-03-17T03:20:17.906+0000] {processor.py:830} INFO - Processing file /opt/airflow/dags/daily_revenue_etl_dag.py for tasks to queue
[2026-03-17T03:20:17.907+0000] {logging_mixin.py:188} INFO - [2026-03-17T03:20:17.907+0000] {dagbag.py:538} INFO - Filling up the DagBag from /opt/airflow/dags/daily_revenue_etl_dag.py
[2026-03-17T02:57:00.045+0000] {processor.py:840} INFO - DAG(s) 'daily_revenue_etl_dag' retrieved from /opt/airflow/dags/daily_revenue_etl_dag.py
[2026-03-17T02:57:00.069+0000] {logging_mixin.py:188} INFO - [2026-03-17T02:57:00.068+0000] {dag.py:3036} INFO - Sync 1 DAGs
[2026-03-17T02:57:00.087+0000] {logging_mixin.py:188} INFO - [2026-03-17T02:57:00.087+0000] {dag.py:3823} INFO - Setting next_dagrun for daily_revenue_etl_dag to 2026-03-17 00:00:00+00:00, run_after=2026-03-18 00:00:00+00:00
[2026-03-17T02:57:00.103+0000] {processor.py:183} INFO - Processing /opt/airflow/dags/daily_revenue_etl_dag.py took 0.083 seconds
[2026-03-17T02:57:10.096+0000] {processor.py:161} INFO - Started process (PID=197) to work on /opt/airflow/dags/daily_revenue_etl_dag.py
[2026-03-17T02:57:10.098+0000] {processor.py:830} INFO - Processing file /opt/airflow/dags/daily_revenue_etl_dag.py for tasks to queue
[2026-03-17T02:57:10.099+0000] {logging_mixin.py:188} INFO - [2026-03-17T02:57:10.099+0000] {dagbag.py:538} INFO - Filling up the DagBag from /opt/airflow/dags/daily_revenue_etl_dag.py
[2026-03-17T02:57:10.134+0000] {processor.py:840} INFO - DAG(s) 'daily_revenue_etl_dag' retrieved from /opt/airflow/dags/daily_revenue_etl_dag.py
[2026-03-17T02:57:10.179+0000] {logging_mixin.py:188} INFO - [2026-03-17T02:57:10.178+0000] {dag.py:3036} INFO - Sync 1 DAGs
[2026-03-17T02:57:10.209+0000] {logging_mixin.py:188} INFO - [2026-03-17T02:57:10.209+0000] {dag.py:3823} INFO - Setting next_dagrun for daily_revenue_etl_dag to 2026-03-17 00:00:00+00:00, run_after=2026-03-18 00:00:00+00:00
[2026-03-17T02:57:10.232+0000] {processor.py:183} INFO - Processing /opt/airflow/dags/daily_revenue_etl_dag.py took 0.141 seconds
[2026-03-17T02:57:40.400+0000] {processor.py:161} INFO - Started process (PID=205) to work on /opt/airflow/dags/daily_revenue_etl_dag.py
[2026-03-17T02:57:40.402+0000] {processor.py:830} INFO - Processing file /opt/airflow/dags/daily_revenue_etl_dag.py for tasks to queue
[2026-03-17T02:57:40.403+0000] {logging_mixin.py:188} INFO - [2026-03-17T02:57:40.403+0000] {dagbag.py:538} INFO - Filling up the DagBag from /opt/airflow/dags/daily_revenue_etl_dag.py
[2026-03-17T02:57:40.439+0000] {processor.py:840} INFO - DAG(s) 'daily_revenue_etl_dag' retrieved from /opt/airflow/dags/daily_revenue_etl_dag.py
[2026-03-17T02:57:40.475+0000] {logging_mixin.py:188} INFO - [2026-03-17T02:57:40.474+0000] {dag.py:3036} INFO - Sync 1 DAGs
[2026-03-17T02:57:40.498+0000] {logging_mixin.py:188} INFO - [2026-03-17T02:57:40.498+0000] {dag.py:3823} INFO - Setting next_dagrun for daily_revenue_etl_dag to 2026-03-17 00:00:00+00:00, run_after=2026-03-18 00:00:00+00:00
[2026-03-17T02:57:40.518+0000] {processor.py:183} INFO - Processing /opt/airflow/dags/daily_revenue_etl_dag.py took 0.124 seconds
[2026-03-17T03:21:10.537+0000] {processor.py:161} INFO - Started process (PID=210) to work on /opt/airflow/dags/daily_revenue_etl_dag.py
[2026-03-17T03:21:10.538+0000] {processor.py:830} INFO - Processing file /opt/airflow/dags/daily_revenue_etl_dag.py for tasks to queue
[2026-03-17T03:21:10.539+0000] {logging_mixin.py:188} INFO - [2026-03-17T03:21:10.539+0000] {dagbag.py:538} INFO - Filling up the DagBag from /opt/airflow/dags/daily_revenue_etl_dag.py
[2026-03-17T03:21:10.555+0000] {processor.py:840} INFO - DAG(s) 'daily_revenue_etl_dag' retrieved from /opt/airflow/dags/daily_revenue_etl_dag.py
[2026-03-17T03:21:10.579+0000] {logging_mixin.py:188} INFO - [2026-03-17T03:21:10.578+0000] {dag.py:3036} INFO - Sync 1 DAGs
[2026-03-17T03:21:10.598+0000] {logging_mixin.py:188} INFO - [2026-03-17T03:21:10.598+0000] {dag.py:3823} INFO - Setting next_dagrun for daily_revenue_etl_dag to 2026-03-17 00:00:00+00:00, run_after=2026-03-18 00:00:00+00:00
[2026-03-17T03:21:10.612+0000] {processor.py:183} INFO - Processing /opt/airflow/dags/daily_revenue_etl_dag.py took 0.078 seconds
[2026-03-17T02:58:22.907+0000] {processor.py:161} INFO - Started process (PID=215) to work on /opt/airflow/dags/daily_revenue_etl_dag.py
[2026-03-17T02:58:22.910+0000] {processor.py:830} INFO - Processing file /opt/airflow/dags/daily_revenue_etl_dag.py for tasks to queue
[2026-03-17T02:58:22.912+0000] {logging_mixin.py:188} INFO - [2026-03-17T02:58:22.911+0000] {dagbag.py:538} INFO - Filling up the DagBag from /opt/airflow/dags/daily_revenue_etl_dag.py
[2026-03-17T02:58:22.962+0000] {processor.py:840} INFO - DAG(s) 'daily_revenue_etl_dag' retrieved from /opt/airflow/dags/daily_revenue_etl_dag.py
[2026-03-17T02:58:23.018+0000] {logging_mixin.py:188} INFO - [2026-03-17T02:58:23.018+0000] {dag.py:3036} INFO - Sync 1 DAGs
[2026-03-17T02:58:23.063+0000] {logging_mixin.py:188} INFO - [2026-03-17T02:58:23.062+0000] {dag.py:3823} INFO - Setting next_dagrun for daily_revenue_etl_dag to 2026-03-17 00:00:00+00:00, run_after=2026-03-18 00:00:00+00:00
[2026-03-17T02:58:23.099+0000] {processor.py:183} INFO - Processing /opt/airflow/dags/daily_revenue_etl_dag.py took 0.199 seconds
[2026-03-17T03:21:42.858+0000] {processor.py:161} INFO - Started process (PID=220) to work on /opt/airflow/dags/daily_revenue_etl_dag.py
[2026-03-17T03:21:42.861+0000] {processor.py:830} INFO - Processing file /opt/airflow/dags/daily_revenue_etl_dag.py for tasks to queue
[2026-03-17T03:21:42.863+0000] {logging_mixin.py:188} INFO - [2026-03-17T03:21:42.863+0000] {dagbag.py:538} INFO - Filling up the DagBag from /opt/airflow/dags/daily_revenue_etl_dag.py
[2026-03-17T03:21:42.904+0000] {processor.py:840} INFO - DAG(s) 'daily_revenue_etl_dag' retrieved from /opt/airflow/dags/daily_revenue_etl_dag.py
[2026-03-17T03:21:42.955+0000] {logging_mixin.py:188} INFO - [2026-03-17T03:21:42.954+0000] {dag.py:3036} INFO - Sync 1 DAGs
[2026-03-17T03:21:43.000+0000] {logging_mixin.py:188} INFO - [2026-03-17T03:21:42.999+0000] {dag.py:3823} INFO - Setting next_dagrun for daily_revenue_etl_dag to 2026-03-17 00:00:00+00:00, run_after=2026-03-18 00:00:00+00:00
[2026-03-17T03:21:43.031+0000] {processor.py:183} INFO - Processing /opt/airflow/dags/daily_revenue_etl_dag.py took 0.181 seconds
[2026-03-17T03:23:10.625+0000] {processor.py:161} INFO - Started process (PID=227) to work on /opt/airflow/dags/daily_revenue_etl_dag.py
[2026-03-17T03:23:10.626+0000] {processor.py:830} INFO - Processing file /opt/airflow/dags/daily_revenue_etl_dag.py for tasks to queue
[2026-03-17T03:23:10.627+0000] {logging_mixin.py:188} INFO - [2026-03-17T03:23:10.626+0000] {dagbag.py:538} INFO - Filling up the DagBag from /opt/airflow/dags/daily_revenue_etl_dag.py
[2026-03-17T03:23:10.644+0000] {processor.py:840} INFO - DAG(s) 'daily_revenue_etl_dag' retrieved from /opt/airflow/dags/daily_revenue_etl_dag.py
[2026-03-17T03:23:10.668+0000] {logging_mixin.py:188} INFO - [2026-03-17T03:23:10.668+0000] {dag.py:3036} INFO - Sync 1 DAGs
[2026-03-17T03:23:10.688+0000] {logging_mixin.py:188} INFO - [2026-03-17T03:23:10.688+0000] {dag.py:3823} INFO - Setting next_dagrun for daily_revenue_etl_dag to 2026-03-17 00:00:00+00:00, run_after=2026-03-18 00:00:00+00:00
[2026-03-17T03:23:10.704+0000] {processor.py:183} INFO - Processing /opt/airflow/dags/daily_revenue_etl_dag.py took 0.082 seconds
[2026-03-17T03:24:18.121+0000] {processor.py:161} INFO - Started process (PID=232) to work on /opt/airflow/dags/daily_revenue_etl_dag.py
[2026-03-17T03:24:18.122+0000] {processor.py:830} INFO - Processing file /opt/airflow/dags/daily_revenue_etl_dag.py for tasks to queue
[2026-03-17T03:24:18.122+0000] {logging_mixin.py:188} INFO - [2026-03-17T03:24:18.122+0000] {dagbag.py:538} INFO - Filling up the DagBag from /opt/airflow/dags/daily_revenue_etl_dag.py
[2026-03-17T03:24:18.142+0000] {processor.py:840} INFO - DAG(s) 'daily_revenue_etl_dag' retrieved from /opt/airflow/dags/daily_revenue_etl_dag.py
[2026-03-17T03:24:18.172+0000] {logging_mixin.py:188} INFO - [2026-03-17T03:24:18.172+0000] {dag.py:3036} INFO - Sync 1 DAGs
[2026-03-17T03:24:18.190+0000] {logging_mixin.py:188} INFO - [2026-03-17T03:24:18.190+0000] {dag.py:3823} INFO - Setting next_dagrun for daily_revenue_etl_dag to 2026-03-17 00:00:00+00:00, run_after=2026-03-18 00:00:00+00:00
[2026-03-17T03:24:18.206+0000] {processor.py:183} INFO - Processing /opt/airflow/dags/daily_revenue_etl_dag.py took 0.088 seconds
[2026-03-17T03:24:48.406+0000] {processor.py:161} INFO - Started process (PID=237) to work on /opt/airflow/dags/daily_revenue_etl_dag.py
[2026-03-17T03:24:48.407+0000] {processor.py:830} INFO - Processing file /opt/airflow/dags/daily_revenue_etl_dag.py for tasks to queue
[2026-03-17T03:24:48.408+0000] {logging_mixin.py:188} INFO - [2026-03-17T03:24:48.408+0000] {dagbag.py:538} INFO - Filling up the DagBag from /opt/airflow/dags/daily_revenue_etl_dag.py
[2026-03-17T03:01:30.549+0000] {processor.py:840} INFO - DAG(s) 'daily_revenue_etl_dag' retrieved from /opt/airflow/dags/daily_revenue_etl_dag.py
[2026-03-17T03:01:30.572+0000] {logging_mixin.py:188} INFO - [2026-03-17T03:01:30.572+0000] {dag.py:3036} INFO - Sync 1 DAGs
[2026-03-17T03:01:30.591+0000] {logging_mixin.py:188} INFO - [2026-03-17T03:01:30.591+0000] {dag.py:3823} INFO - Setting next_dagrun for daily_revenue_etl_dag to 2026-03-17 00:00:00+00:00, run_after=2026-03-18 00:00:00+00:00
[2026-03-17T03:01:30.606+0000] {processor.py:183} INFO - Processing /opt/airflow/dags/daily_revenue_etl_dag.py took 0.079 seconds
[2026-03-17T03:25:10.614+0000] {processor.py:161} INFO - Started process (PID=242) to work on /opt/airflow/dags/daily_revenue_etl_dag.py
[2026-03-17T03:25:10.616+0000] {processor.py:830} INFO - Processing file /opt/airflow/dags/daily_revenue_etl_dag.py for tasks to queue
[2026-03-17T03:25:10.617+0000] {logging_mixin.py:188} INFO - [2026-03-17T03:25:10.617+0000] {dagbag.py:538} INFO - Filling up the DagBag from /opt/airflow/dags/daily_revenue_etl_dag.py
[2026-03-17T03:25:10.638+0000] {processor.py:840} INFO - DAG(s) 'daily_revenue_etl_dag' retrieved from /opt/airflow/dags/daily_revenue_etl_dag.py
[2026-03-17T03:25:10.666+0000] {logging_mixin.py:188} INFO - [2026-03-17T03:25:10.666+0000] {dag.py:3036} INFO - Sync 1 DAGs
[2026-03-17T03:25:10.685+0000] {logging_mixin.py:188} INFO - [2026-03-17T03:25:10.684+0000] {dag.py:3823} INFO - Setting next_dagrun for daily_revenue_etl_dag to 2026-03-17 00:00:00+00:00, run_after=2026-03-18 00:00:00+00:00
[2026-03-17T03:25:10.704+0000] {processor.py:183} INFO - Processing /opt/airflow/dags/daily_revenue_etl_dag.py took 0.093 seconds
[2026-03-17T03:26:38.385+0000] {processor.py:161} INFO - Started process (PID=249) to work on /opt/airflow/dags/daily_revenue_etl_dag.py
[2026-03-17T03:26:38.386+0000] {processor.py:830} INFO - Processing file /opt/airflow/dags/daily_revenue_etl_dag.py for tasks to queue
[2026-03-17T03:26:38.387+0000] {logging_mixin.py:188} INFO - [2026-03-17T03:26:38.387+0000] {dagbag.py:538} INFO - Filling up the DagBag from /opt/airflow/dags/daily_revenue_etl_dag.py
[2026-03-17T03:26:38.403+0000] {processor.py:840} INFO - DAG(s) 'daily_revenue_etl_dag' retrieved from /opt/airflow/dags/daily_revenue_etl_dag.py
[2026-03-17T03:26:38.424+0000] {logging_mixin.py:188} INFO - [2026-03-17T03:26:38.423+0000] {dag.py:3036} INFO - Sync 1 DAGs
[2026-03-17T03:26:38.442+0000] {logging_mixin.py:188} INFO - [2026-03-17T03:26:38.442+0000] {dag.py:3823} INFO - Setting next_dagrun for daily_revenue_etl_dag to 2026-03-17 00:00:00+00:00, run_after=2026-03-18 00:00:00+00:00
[2026-03-17T03:26:38.460+0000] {processor.py:183} INFO - Processing /opt/airflow/dags/daily_revenue_etl_dag.py took 0.077 seconds
[2026-03-17T03:27:08.657+0000] {processor.py:161} INFO - Started process (PID=254) to work on /opt/airflow/dags/daily_revenue_etl_dag.py
[2026-03-17T03:27:08.658+0000] {processor.py:830} INFO - Processing file /opt/airflow/dags/daily_revenue_etl_dag.py for tasks to queue
[2026-03-17T03:27:08.659+0000] {logging_mixin.py:188} INFO - [2026-03-17T03:27:08.659+0000] {dagbag.py:538} INFO - Filling up the DagBag from /opt/airflow/dags/daily_revenue_etl_dag.py
[2026-03-17T03:03:50.809+0000] {processor.py:840} INFO - DAG(s) 'daily_revenue_etl_dag' retrieved from /opt/airflow/dags/daily_revenue_etl_dag.py
[2026-03-17T03:03:50.833+0000] {logging_mixin.py:188} INFO - [2026-03-17T03:03:50.833+0000] {dag.py:3036} INFO - Sync 1 DAGs
[2026-03-17T03:03:50.855+0000] {logging_mixin.py:188} INFO - [2026-03-17T03:03:50.854+0000] {dag.py:3823} INFO - Setting next_dagrun for daily_revenue_etl_dag to 2026-03-17 00:00:00+00:00, run_after=2026-03-18 00:00:00+00:00
[2026-03-17T03:03:50.871+0000] {processor.py:183} INFO - Processing /opt/airflow/dags/daily_revenue_etl_dag.py took 0.090 seconds
[2026-03-17T03:27:10.774+0000] {processor.py:161} INFO - Started process (PID=259) to work on /opt/airflow/dags/daily_revenue_etl_dag.py
[2026-03-17T03:27:10.775+0000] {processor.py:830} INFO - Processing file /opt/airflow/dags/daily_revenue_etl_dag.py for tasks to queue
[2026-03-17T03:27:10.776+0000] {logging_mixin.py:188} INFO - [2026-03-17T03:27:10.776+0000] {dagbag.py:538} INFO - Filling up the DagBag from /opt/airflow/dags/daily_revenue_etl_dag.py
[2026-03-17T03:27:10.793+0000] {processor.py:840} INFO - DAG(s) 'daily_revenue_etl_dag' retrieved from /opt/airflow/dags/daily_revenue_etl_dag.py
[2026-03-17T03:27:10.813+0000] {logging_mixin.py:188} INFO - [2026-03-17T03:27:10.813+0000] {dag.py:3036} INFO - Sync 1 DAGs
[2026-03-17T03:27:10.832+0000] {logging_mixin.py:188} INFO - [2026-03-17T03:27:10.831+0000] {dag.py:3823} INFO - Setting next_dagrun for daily_revenue_etl_dag to 2026-03-17 00:00:00+00:00, run_after=2026-03-18 00:00:00+00:00
[2026-03-17T03:27:10.859+0000] {processor.py:183} INFO - Processing /opt/airflow/dags/daily_revenue_etl_dag.py took 0.087 seconds
[2026-03-17T03:28:28.553+0000] {processor.py:161} INFO - Started process (PID=265) to work on /opt/airflow/dags/daily_revenue_etl_dag.py
[2026-03-17T03:28:28.554+0000] {processor.py:830} INFO - Processing file /opt/airflow/dags/daily_revenue_etl_dag.py for tasks to queue
[2026-03-17T03:28:28.555+0000] {logging_mixin.py:188} INFO - [2026-03-17T03:28:28.554+0000] {dagbag.py:538} INFO - Filling up the DagBag from /opt/airflow/dags/daily_revenue_etl_dag.py
[2026-03-17T03:28:28.572+0000] {processor.py:840} INFO - DAG(s) 'daily_revenue_etl_dag' retrieved from /opt/airflow/dags/daily_revenue_etl_dag.py
[2026-03-17T03:28:28.596+0000] {logging_mixin.py:188} INFO - [2026-03-17T03:28:28.596+0000] {dag.py:3036} INFO - Sync 1 DAGs
[2026-03-17T03:28:28.616+0000] {logging_mixin.py:188} INFO - [2026-03-17T03:28:28.616+0000] {dag.py:3823} INFO - Setting next_dagrun for daily_revenue_etl_dag to 2026-03-17 00:00:00+00:00, run_after=2026-03-18 00:00:00+00:00
[2026-03-17T03:28:28.646+0000] {processor.py:183} INFO - Processing /opt/airflow/dags/daily_revenue_etl_dag.py took 0.096 seconds
[2026-03-17T03:28:58.794+0000] {processor.py:161} INFO - Started process (PID=270) to work on /opt/airflow/dags/daily_revenue_etl_dag.py
[2026-03-17T03:28:58.795+0000] {processor.py:830} INFO - Processing file /opt/airflow/dags/daily_revenue_etl_dag.py for tasks to queue
[2026-03-17T03:28:58.796+0000] {logging_mixin.py:188} INFO - [2026-03-17T03:28:58.796+0000] {dagbag.py:538} INFO - Filling up the DagBag from /opt/airflow/dags/daily_revenue_etl_dag.py
[2026-03-17T03:28:58.813+0000] {processor.py:840} INFO - DAG(s) 'daily_revenue_etl_dag' retrieved from /opt/airflow/dags/daily_revenue_etl_dag.py
[2026-03-17T03:05:40.968+0000] {logging_mixin.py:188} INFO - [2026-03-17T03:05:40.968+0000] {dag.py:3036} INFO - Sync 1 DAGs
[2026-03-17T03:05:40.989+0000] {logging_mixin.py:188} INFO - [2026-03-17T03:05:40.989+0000] {dag.py:3823} INFO - Setting next_dagrun for daily_revenue_etl_dag to 2026-03-17 00:00:00+00:00, run_after=2026-03-18 00:00:00+00:00
[2026-03-17T03:05:41.004+0000] {processor.py:183} INFO - Processing /opt/airflow/dags/daily_revenue_etl_dag.py took 0.083 seconds
[2026-03-17T03:29:03.847+0000] {processor.py:161} INFO - Started process (PID=275) to work on /opt/airflow/dags/daily_revenue_etl_dag.py
[2026-03-17T03:29:03.848+0000] {processor.py:830} INFO - Processing file /opt/airflow/dags/daily_revenue_etl_dag.py for tasks to queue
[2026-03-17T03:29:03.849+0000] {logging_mixin.py:188} INFO - [2026-03-17T03:29:03.849+0000] {dagbag.py:538} INFO - Filling up the DagBag from /opt/airflow/dags/daily_revenue_etl_dag.py
[2026-03-17T03:29:03.866+0000] {processor.py:840} INFO - DAG(s) 'daily_revenue_etl_dag' retrieved from /opt/airflow/dags/daily_revenue_etl_dag.py
[2026-03-17T03:29:03.887+0000] {logging_mixin.py:188} INFO - [2026-03-17T03:29:03.887+0000] {dag.py:3036} INFO - Sync 1 DAGs
[2026-03-17T03:29:03.906+0000] {logging_mixin.py:188} INFO - [2026-03-17T03:29:03.906+0000] {dag.py:3823} INFO - Setting next_dagrun for daily_revenue_etl_dag to 2026-03-17 00:00:00+00:00, run_after=2026-03-18 00:00:00+00:00
[2026-03-17T03:05:46.017+0000] {processor.py:183} INFO - Processing /opt/airflow/dags/daily_revenue_etl_dag.py took 0.079 seconds
[2026-03-17T03:06:16.322+0000] {processor.py:161} INFO - Started process (PID=281) to work on /opt/airflow/dags/daily_revenue_etl_dag.py
[2026-03-17T03:06:16.323+0000] {processor.py:830} INFO - Processing file /opt/airflow/dags/daily_revenue_etl_dag.py for tasks to queue
[2026-03-17T03:06:16.324+0000] {logging_mixin.py:188} INFO - [2026-03-17T03:06:16.324+0000] {dagbag.py:538} INFO - Filling up the DagBag from /opt/airflow/dags/daily_revenue_etl_dag.py
[2026-03-17T03:06:16.341+0000] {processor.py:840} INFO - DAG(s) 'daily_revenue_etl_dag' retrieved from /opt/airflow/dags/daily_revenue_etl_dag.py
[2026-03-17T03:06:16.361+0000] {logging_mixin.py:188} INFO - [2026-03-17T03:06:16.361+0000] {dag.py:3036} INFO - Sync 1 DAGs
[2026-03-17T03:06:16.381+0000] {logging_mixin.py:188} INFO - [2026-03-17T03:06:16.381+0000] {dag.py:3823} INFO - Setting next_dagrun for daily_revenue_etl_dag to 2026-03-17 00:00:00+00:00, run_after=2026-03-18 00:00:00+00:00
[2026-03-17T03:06:16.400+0000] {processor.py:183} INFO - Processing /opt/airflow/dags/daily_revenue_etl_dag.py took 0.080 seconds
[2026-03-17T03:06:46.532+0000] {processor.py:161} INFO - Started process (PID=286) to work on /opt/airflow/dags/daily_revenue_etl_dag.py
[2026-03-17T03:06:46.534+0000] {processor.py:830} INFO - Processing file /opt/airflow/dags/daily_revenue_etl_dag.py for tasks to queue
[2026-03-17T03:06:46.535+0000] {logging_mixin.py:188} INFO - [2026-03-17T03:06:46.535+0000] {dagbag.py:538} INFO - Filling up the DagBag from /opt/airflow/dags/daily_revenue_etl_dag.py
[2026-03-17T03:06:46.559+0000] {processor.py:840} INFO - DAG(s) 'daily_revenue_etl_dag' retrieved from /opt/airflow/dags/daily_revenue_etl_dag.py
[2026-03-17T03:06:46.598+0000] {logging_mixin.py:188} INFO - [2026-03-17T03:06:46.597+0000] {dag.py:3036} INFO - Sync 1 DAGs
[2026-03-17T03:06:46.626+0000] {logging_mixin.py:188} INFO - [2026-03-17T03:06:46.625+0000] {dag.py:3823} INFO - Setting next_dagrun for daily_revenue_etl_dag to 2026-03-17 00:00:00+00:00, run_after=2026-03-18 00:00:00+00:00
[2026-03-17T03:06:46.656+0000] {processor.py:183} INFO - Processing /opt/airflow/dags/daily_revenue_etl_dag.py took 0.131 seconds
[2026-03-17T03:30:10.665+0000] {processor.py:161} INFO - Started process (PID=291) to work on /opt/airflow/dags/daily_revenue_etl_dag.py
[2026-03-17T03:30:10.667+0000] {processor.py:830} INFO - Processing file /opt/airflow/dags/daily_revenue_etl_dag.py for tasks to queue
[2026-03-17T03:30:10.668+0000] {logging_mixin.py:188} INFO - [2026-03-17T03:30:10.668+0000] {dagbag.py:538} INFO - Filling up the DagBag from /opt/airflow/dags/daily_revenue_etl_dag.py
[2026-03-17T03:30:10.691+0000] {processor.py:840} INFO - DAG(s) 'daily_revenue_etl_dag' retrieved from /opt/airflow/dags/daily_revenue_etl_dag.py
[2026-03-17T03:30:10.724+0000] {logging_mixin.py:188} INFO - [2026-03-17T03:30:10.723+0000] {dag.py:3036} INFO - Sync 1 DAGs
[2026-03-17T03:30:10.747+0000] {logging_mixin.py:188} INFO - [2026-03-17T03:30:10.747+0000] {dag.py:3823} INFO - Setting next_dagrun for daily_revenue_etl_dag to 2026-03-17 00:00:00+00:00, run_after=2026-03-18 00:00:00+00:00
[2026-03-17T03:30:10.770+0000] {processor.py:183} INFO - Processing /opt/airflow/dags/daily_revenue_etl_dag.py took 0.112 seconds
[2026-03-17T03:30:40.860+0000] {processor.py:161} INFO - Started process (PID=296) to work on /opt/airflow/dags/daily_revenue_etl_dag.py
[2026-03-17T03:30:40.862+0000] {processor.py:830} INFO - Processing file /opt/airflow/dags/daily_revenue_etl_dag.py for tasks to queue
[2026-03-17T03:30:40.862+0000] {logging_mixin.py:188} INFO - [2026-03-17T03:30:40.862+0000] {dagbag.py:538} INFO - Filling up the DagBag from /opt/airflow/dags/daily_revenue_etl_dag.py
[2026-03-17T03:30:40.886+0000] {processor.py:840} INFO - DAG(s) 'daily_revenue_etl_dag' retrieved from /opt/airflow/dags/daily_revenue_etl_dag.py
[2026-03-17T03:07:23.012+0000] {logging_mixin.py:188} INFO - [2026-03-17T03:07:23.012+0000] {dag.py:3036} INFO - Sync 1 DAGs
[2026-03-17T03:07:23.035+0000] {logging_mixin.py:188} INFO - [2026-03-17T03:07:23.034+0000] {dag.py:3823} INFO - Setting next_dagrun for daily_revenue_etl_dag to 2026-03-17 00:00:00+00:00, run_after=2026-03-18 00:00:00+00:00
[2026-03-17T03:07:23.057+0000] {processor.py:183} INFO - Processing /opt/airflow/dags/daily_revenue_etl_dag.py took 0.102 seconds
[2026-03-17T03:30:44.004+0000] {processor.py:161} INFO - Started process (PID=301) to work on /opt/airflow/dags/daily_revenue_etl_dag.py
[2026-03-17T03:30:44.005+0000] {processor.py:830} INFO - Processing file /opt/airflow/dags/daily_revenue_etl_dag.py for tasks to queue
[2026-03-17T03:30:44.006+0000] {logging_mixin.py:188} INFO - [2026-03-17T03:30:44.006+0000] {dagbag.py:538} INFO - Filling up the DagBag from /opt/airflow/dags/daily_revenue_etl_dag.py
[2026-03-17T03:30:44.024+0000] {processor.py:840} INFO - DAG(s) 'daily_revenue_etl_dag' retrieved from /opt/airflow/dags/daily_revenue_etl_dag.py
[2026-03-17T03:07:26.180+0000] {logging_mixin.py:188} INFO - [2026-03-17T03:07:26.180+0000] {dag.py:3036} INFO - Sync 1 DAGs
[2026-03-17T03:07:26.203+0000] {logging_mixin.py:188} INFO - [2026-03-17T03:07:26.203+0000] {dag.py:3823} INFO - Setting next_dagrun for daily_revenue_etl_dag to 2026-03-17 00:00:00+00:00, run_after=2026-03-18 00:00:00+00:00
[2026-03-17T03:07:26.221+0000] {processor.py:183} INFO - Processing /opt/airflow/dags/daily_revenue_etl_dag.py took 0.088 seconds
[2026-03-17T03:07:31.207+0000] {processor.py:161} INFO - Started process (PID=306) to work on /opt/airflow/dags/daily_revenue_etl_dag.py
[2026-03-17T03:07:31.209+0000] {processor.py:830} INFO - Processing file /opt/airflow/dags/daily_revenue_etl_dag.py for tasks to queue
[2026-03-17T03:07:31.210+0000] {logging_mixin.py:188} INFO - [2026-03-17T03:07:31.210+0000] {dagbag.py:538} INFO - Filling up the DagBag from /opt/airflow/dags/daily_revenue_etl_dag.py
[2026-03-17T03:07:31.243+0000] {processor.py:840} INFO - DAG(s) 'daily_revenue_etl_dag' retrieved from /opt/airflow/dags/daily_revenue_etl_dag.py
[2026-03-17T03:07:31.291+0000] {logging_mixin.py:188} INFO - [2026-03-17T03:07:31.290+0000] {dag.py:3036} INFO - Sync 1 DAGs
[2026-03-17T03:07:31.328+0000] {logging_mixin.py:188} INFO - [2026-03-17T03:07:31.328+0000] {dag.py:3823} INFO - Setting next_dagrun for daily_revenue_etl_dag to 2026-03-17 00:00:00+00:00, run_after=2026-03-18 00:00:00+00:00
[2026-03-17T03:07:31.359+0000] {processor.py:183} INFO - Processing /opt/airflow/dags/daily_revenue_etl_dag.py took 0.160 seconds
[2026-03-17T03:30:54.199+0000] {processor.py:161} INFO - Started process (PID=311) to work on /opt/airflow/dags/daily_revenue_etl_dag.py
[2026-03-17T03:30:54.200+0000] {processor.py:830} INFO - Processing file /opt/airflow/dags/daily_revenue_etl_dag.py for tasks to queue
[2026-03-17T03:30:54.202+0000] {logging_mixin.py:188} INFO - [2026-03-17T03:30:54.201+0000] {dagbag.py:538} INFO - Filling up the DagBag from /opt/airflow/dags/daily_revenue_etl_dag.py
[2026-03-17T03:30:54.231+0000] {processor.py:840} INFO - DAG(s) 'daily_revenue_etl_dag' retrieved from /opt/airflow/dags/daily_revenue_etl_dag.py
[2026-03-17T03:30:54.264+0000] {logging_mixin.py:188} INFO - [2026-03-17T03:30:54.264+0000] {dag.py:3036} INFO - Sync 1 DAGs
[2026-03-17T03:30:54.289+0000] {logging_mixin.py:188} INFO - [2026-03-17T03:30:54.289+0000] {dag.py:3823} INFO - Setting next_dagrun for daily_revenue_etl_dag to 2026-03-17 00:00:00+00:00, run_after=2026-03-18 00:00:00+00:00
[2026-03-17T03:30:54.313+0000] {processor.py:183} INFO - Processing /opt/airflow/dags/daily_revenue_etl_dag.py took 0.118 seconds
[2026-03-17T03:31:40.643+0000] {processor.py:161} INFO - Started process (PID=316) to work on /opt/airflow/dags/daily_revenue_etl_dag.py
[2026-03-17T03:31:40.645+0000] {processor.py:830} INFO - Processing file /opt/airflow/dags/daily_revenue_etl_dag.py for tasks to queue
[2026-03-17T03:31:40.647+0000] {logging_mixin.py:188} INFO - [2026-03-17T03:31:40.646+0000] {dagbag.py:538} INFO - Filling up the DagBag from /opt/airflow/dags/daily_revenue_etl_dag.py
[2026-03-17T03:31:40.681+0000] {processor.py:840} INFO - DAG(s) 'daily_revenue_etl_dag' retrieved from /opt/airflow/dags/daily_revenue_etl_dag.py
[2026-03-17T03:31:40.716+0000] {logging_mixin.py:188} INFO - [2026-03-17T03:31:40.716+0000] {dag.py:3036} INFO - Sync 1 DAGs
[2026-03-17T03:31:40.742+0000] {logging_mixin.py:188} INFO - [2026-03-17T03:31:40.742+0000] {dag.py:3823} INFO - Setting next_dagrun for daily_revenue_etl_dag to 2026-03-17 00:00:00+00:00, run_after=2026-03-18 00:00:00+00:00
[2026-03-17T03:31:40.762+0000] {processor.py:183} INFO - Processing /opt/airflow/dags/daily_revenue_etl_dag.py took 0.126 seconds
[2026-03-17T03:08:53.033+0000] {processor.py:161} INFO - Started process (PID=322) to work on /opt/airflow/dags/daily_revenue_etl_dag.py
[2026-03-17T03:08:53.034+0000] {processor.py:830} INFO - Processing file /opt/airflow/dags/daily_revenue_etl_dag.py for tasks to queue
[2026-03-17T03:08:53.036+0000] {logging_mixin.py:188} INFO - [2026-03-17T03:08:53.035+0000] {dagbag.py:538} INFO - Filling up the DagBag from /opt/airflow/dags/daily_revenue_etl_dag.py
[2026-03-17T03:08:53.068+0000] {processor.py:840} INFO - DAG(s) 'daily_revenue_etl_dag' retrieved from /opt/airflow/dags/daily_revenue_etl_dag.py
[2026-03-17T03:08:53.105+0000] {logging_mixin.py:188} INFO - [2026-03-17T03:08:53.104+0000] {dag.py:3036} INFO - Sync 1 DAGs
[2026-03-17T03:08:53.132+0000] {logging_mixin.py:188} INFO - [2026-03-17T03:08:53.132+0000] {dag.py:3823} INFO - Setting next_dagrun for daily_revenue_etl_dag to 2026-03-17 00:00:00+00:00, run_after=2026-03-18 00:00:00+00:00
[2026-03-17T03:08:53.152+0000] {processor.py:183} INFO - Processing /opt/airflow/dags/daily_revenue_etl_dag.py took 0.127 seconds
[2026-03-17T03:32:13.997+0000] {processor.py:161} INFO - Started process (PID=327) to work on /opt/airflow/dags/daily_revenue_etl_dag.py
[2026-03-17T03:32:13.999+0000] {processor.py:830} INFO - Processing file /opt/airflow/dags/daily_revenue_etl_dag.py for tasks to queue
[2026-03-17T03:32:14.000+0000] {logging_mixin.py:188} INFO - [2026-03-17T03:32:13.999+0000] {dagbag.py:538} INFO - Filling up the DagBag from /opt/airflow/dags/daily_revenue_etl_dag.py
[2026-03-17T03:32:14.026+0000] {processor.py:840} INFO - DAG(s) 'daily_revenue_etl_dag' retrieved from /opt/airflow/dags/daily_revenue_etl_dag.py
[2026-03-17T03:32:14.062+0000] {logging_mixin.py:188} INFO - [2026-03-17T03:32:14.062+0000] {dag.py:3036} INFO - Sync 1 DAGs
[2026-03-17T03:32:14.088+0000] {logging_mixin.py:188} INFO - [2026-03-17T03:32:14.088+0000] {dag.py:3823} INFO - Setting next_dagrun for daily_revenue_etl_dag to 2026-03-17 00:00:00+00:00, run_after=2026-03-18 00:00:00+00:00
[2026-03-17T03:32:14.110+0000] {processor.py:183} INFO - Processing /opt/airflow/dags/daily_revenue_etl_dag.py took 0.117 seconds
[2026-03-17T03:32:44.288+0000] {processor.py:161} INFO - Started process (PID=332) to work on /opt/airflow/dags/daily_revenue_etl_dag.py
[2026-03-17T03:32:44.289+0000] {processor.py:830} INFO - Processing file /opt/airflow/dags/daily_revenue_etl_dag.py for tasks to queue
[2026-03-17T03:32:44.291+0000] {logging_mixin.py:188} INFO - [2026-03-17T03:32:44.290+0000] {dagbag.py:538} INFO - Filling up the DagBag from /opt/airflow/dags/daily_revenue_etl_dag.py
[2026-03-17T03:32:44.320+0000] {processor.py:840} INFO - DAG(s) 'daily_revenue_etl_dag' retrieved from /opt/airflow/dags/daily_revenue_etl_dag.py
[2026-03-17T03:09:26.460+0000] {logging_mixin.py:188} INFO - [2026-03-17T03:09:26.460+0000] {dag.py:3036} INFO - Sync 1 DAGs
[2026-03-17T03:09:26.506+0000] {logging_mixin.py:188} INFO - [2026-03-17T03:09:26.506+0000] {dag.py:3823} INFO - Setting next_dagrun for daily_revenue_etl_dag to 2026-03-17 00:00:00+00:00, run_after=2026-03-18 00:00:00+00:00
[2026-03-17T03:09:26.535+0000] {processor.py:183} INFO - Processing /opt/airflow/dags/daily_revenue_etl_dag.py took 0.152 seconds
[2026-03-17T03:09:31.473+0000] {processor.py:161} INFO - Started process (PID=337) to work on /opt/airflow/dags/daily_revenue_etl_dag.py
[2026-03-17T03:09:31.475+0000] {processor.py:830} INFO - Processing file /opt/airflow/dags/daily_revenue_etl_dag.py for tasks to queue
[2026-03-17T03:09:31.478+0000] {logging_mixin.py:188} INFO - [2026-03-17T03:09:31.477+0000] {dagbag.py:538} INFO - Filling up the DagBag from /opt/airflow/dags/daily_revenue_etl_dag.py
[2026-03-17T03:09:31.528+0000] {processor.py:840} INFO - DAG(s) 'daily_revenue_etl_dag' retrieved from /opt/airflow/dags/daily_revenue_etl_dag.py
[2026-03-17T03:09:31.569+0000] {logging_mixin.py:188} INFO - [2026-03-17T03:09:31.569+0000] {dag.py:3036} INFO - Sync 1 DAGs
[2026-03-17T03:09:31.600+0000] {logging_mixin.py:188} INFO - [2026-03-17T03:09:31.600+0000] {dag.py:3823} INFO - Setting next_dagrun for daily_revenue_etl_dag to 2026-03-17 00:00:00+00:00, run_after=2026-03-18 00:00:00+00:00
[2026-03-17T03:09:31.625+0000] {processor.py:183} INFO - Processing /opt/airflow/dags/daily_revenue_etl_dag.py took 0.159 seconds
[2026-03-17T03:33:10.650+0000] {processor.py:161} INFO - Started process (PID=342) to work on /opt/airflow/dags/daily_revenue_etl_dag.py
[2026-03-17T03:33:10.651+0000] {processor.py:830} INFO - Processing file /opt/airflow/dags/daily_revenue_etl_dag.py for tasks to queue
[2026-03-17T03:33:10.653+0000] {logging_mixin.py:188} INFO - [2026-03-17T03:33:10.652+0000] {dagbag.py:538} INFO - Filling up the DagBag from /opt/airflow/dags/daily_revenue_etl_dag.py
[2026-03-17T03:33:10.677+0000] {processor.py:840} INFO - DAG(s) 'daily_revenue_etl_dag' retrieved from /opt/airflow/dags/daily_revenue_etl_dag.py
[2026-03-17T03:33:10.709+0000] {logging_mixin.py:188} INFO - [2026-03-17T03:33:10.709+0000] {dag.py:3036} INFO - Sync 1 DAGs
[2026-03-17T03:33:10.738+0000] {logging_mixin.py:188} INFO - [2026-03-17T03:33:10.738+0000] {dag.py:3823} INFO - Setting next_dagrun for daily_revenue_etl_dag to 2026-03-17 00:00:00+00:00, run_after=2026-03-18 00:00:00+00:00
[2026-03-17T03:33:10.759+0000] {processor.py:183} INFO - Processing /opt/airflow/dags/daily_revenue_etl_dag.py took 0.113 seconds
[2026-03-17T03:34:19.207+0000] {processor.py:161} INFO - Started process (PID=348) to work on /opt/airflow/dags/daily_revenue_etl_dag.py
[2026-03-17T03:34:19.210+0000] {processor.py:830} INFO - Processing file /opt/airflow/dags/daily_revenue_etl_dag.py for tasks to queue
[2026-03-17T03:34:19.212+0000] {logging_mixin.py:188} INFO - [2026-03-17T03:34:19.211+0000] {dagbag.py:538} INFO - Filling up the DagBag from /opt/airflow/dags/daily_revenue_etl_dag.py
[2026-03-17T03:34:19.242+0000] {processor.py:840} INFO - DAG(s) 'daily_revenue_etl_dag' retrieved from /opt/airflow/dags/daily_revenue_etl_dag.py
[2026-03-17T03:34:19.275+0000] {logging_mixin.py:188} INFO - [2026-03-17T03:34:19.275+0000] {dag.py:3036} INFO - Sync 1 DAGs
[2026-03-17T03:34:19.303+0000] {logging_mixin.py:188} INFO - [2026-03-17T03:34:19.303+0000] {dag.py:3823} INFO - Setting next_dagrun for daily_revenue_etl_dag to 2026-03-17 00:00:00+00:00, run_after=2026-03-18 00:00:00+00:00
[2026-03-17T03:34:19.327+0000] {processor.py:183} INFO - Processing /opt/airflow/dags/daily_revenue_etl_dag.py took 0.130 seconds
[2026-03-17T03:34:49.418+0000] {processor.py:161} INFO - Started process (PID=353) to work on /opt/airflow/dags/daily_revenue_etl_dag.py
[2026-03-17T03:34:49.421+0000] {processor.py:830} INFO - Processing file /opt/airflow/dags/daily_revenue_etl_dag.py for tasks to queue
[2026-03-17T03:34:49.423+0000] {logging_mixin.py:188} INFO - [2026-03-17T03:34:49.423+0000] {dagbag.py:538} INFO - Filling up the DagBag from /opt/airflow/dags/daily_revenue_etl_dag.py
[2026-03-17T03:34:49.476+0000] {processor.py:840} INFO - DAG(s) 'daily_revenue_etl_dag' retrieved from /opt/airflow/dags/daily_revenue_etl_dag.py
[2026-03-17T03:11:31.634+0000] {logging_mixin.py:188} INFO - [2026-03-17T03:11:31.633+0000] {dag.py:3036} INFO - Sync 1 DAGs
[2026-03-17T03:11:31.679+0000] {logging_mixin.py:188} INFO - [2026-03-17T03:11:31.678+0000] {dag.py:3823} INFO - Setting next_dagrun for daily_revenue_etl_dag to 2026-03-17 00:00:00+00:00, run_after=2026-03-18 00:00:00+00:00
[2026-03-17T03:11:31.712+0000] {processor.py:183} INFO - Processing /opt/airflow/dags/daily_revenue_etl_dag.py took 0.203 seconds
[2026-03-17T03:11:36.669+0000] {processor.py:161} INFO - Started process (PID=358) to work on /opt/airflow/dags/daily_revenue_etl_dag.py
[2026-03-17T03:11:36.671+0000] {processor.py:830} INFO - Processing file /opt/airflow/dags/daily_revenue_etl_dag.py for tasks to queue
[2026-03-17T03:11:36.673+0000] {logging_mixin.py:188} INFO - [2026-03-17T03:11:36.672+0000] {dagbag.py:538} INFO - Filling up the DagBag from /opt/airflow/dags/daily_revenue_etl_dag.py
[2026-03-17T03:11:36.723+0000] {processor.py:840} INFO - DAG(s) 'daily_revenue_etl_dag' retrieved from /opt/airflow/dags/daily_revenue_etl_dag.py
[2026-03-17T03:11:36.769+0000] {logging_mixin.py:188} INFO - [2026-03-17T03:11:36.769+0000] {dag.py:3036} INFO - Sync 1 DAGs
[2026-03-17T03:11:36.809+0000] {logging_mixin.py:188} INFO - [2026-03-17T03:11:36.809+0000] {dag.py:3823} INFO - Setting next_dagrun for daily_revenue_etl_dag to 2026-03-17 00:00:00+00:00, run_after=2026-03-18 00:00:00+00:00
[2026-03-17T03:11:36.836+0000] {processor.py:183} INFO - Processing /opt/airflow/dags/daily_revenue_etl_dag.py took 0.176 seconds
[2026-03-17T03:35:10.843+0000] {processor.py:161} INFO - Started process (PID=363) to work on /opt/airflow/dags/daily_revenue_etl_dag.py
[2026-03-17T03:35:10.846+0000] {processor.py:830} INFO - Processing file /opt/airflow/dags/daily_revenue_etl_dag.py for tasks to queue
[2026-03-17T03:35:10.847+0000] {logging_mixin.py:188} INFO - [2026-03-17T03:35:10.847+0000] {dagbag.py:538} INFO - Filling up the DagBag from /opt/airflow/dags/daily_revenue_etl_dag.py
[2026-03-17T03:11:53.016+0000] {processor.py:840} INFO - DAG(s) 'daily_revenue_etl_dag' retrieved from /opt/airflow/dags/daily_revenue_etl_dag.py
[2026-03-17T03:11:53.062+0000] {logging_mixin.py:188} INFO - [2026-03-17T03:11:53.061+0000] {dag.py:3036} INFO - Sync 1 DAGs
[2026-03-17T03:11:53.096+0000] {logging_mixin.py:188} INFO - [2026-03-17T03:11:53.095+0000] {dag.py:3823} INFO - Setting next_dagrun for daily_revenue_etl_dag to 2026-03-17 00:00:00+00:00, run_after=2026-03-18 00:00:00+00:00
[2026-03-17T03:11:53.120+0000] {processor.py:183} INFO - Processing /opt/airflow/dags/daily_revenue_etl_dag.py took 0.151 seconds
[2026-03-17T03:12:23.248+0000] {processor.py:161} INFO - Started process (PID=368) to work on /opt/airflow/dags/daily_revenue_etl_dag.py
[2026-03-17T03:12:23.250+0000] {processor.py:830} INFO - Processing file /opt/airflow/dags/daily_revenue_etl_dag.py for tasks to queue
[2026-03-17T03:12:23.251+0000] {logging_mixin.py:188} INFO - [2026-03-17T03:12:23.251+0000] {dagbag.py:538} INFO - Filling up the DagBag from /opt/airflow/dags/daily_revenue_etl_dag.py
[2026-03-17T03:12:23.278+0000] {processor.py:840} INFO - DAG(s) 'daily_revenue_etl_dag' retrieved from /opt/airflow/dags/daily_revenue_etl_dag.py
[2026-03-17T03:12:23.307+0000] {logging_mixin.py:188} INFO - [2026-03-17T03:12:23.307+0000] {dag.py:3036} INFO - Sync 1 DAGs
[2026-03-17T03:12:23.332+0000] {logging_mixin.py:188} INFO - [2026-03-17T03:12:23.332+0000] {dag.py:3823} INFO - Setting next_dagrun for daily_revenue_etl_dag to 2026-03-17 00:00:00+00:00, run_after=2026-03-18 00:00:00+00:00
[2026-03-17T03:12:23.355+0000] {processor.py:183} INFO - Processing /opt/airflow/dags/daily_revenue_etl_dag.py took 0.112 seconds
[2026-03-17T03:35:54.351+0000] {processor.py:161} INFO - Started process (PID=373) to work on /opt/airflow/dags/daily_revenue_etl_dag.py
[2026-03-17T03:35:54.353+0000] {processor.py:830} INFO - Processing file /opt/airflow/dags/daily_revenue_etl_dag.py for tasks to queue
[2026-03-17T03:35:54.354+0000] {logging_mixin.py:188} INFO - [2026-03-17T03:35:54.354+0000] {dagbag.py:538} INFO - Filling up the DagBag from /opt/airflow/dags/daily_revenue_etl_dag.py
[2026-03-17T03:35:54.381+0000] {processor.py:840} INFO - DAG(s) 'daily_revenue_etl_dag' retrieved from /opt/airflow/dags/daily_revenue_etl_dag.py
[2026-03-17T03:35:54.413+0000] {logging_mixin.py:188} INFO - [2026-03-17T03:35:54.413+0000] {dag.py:3036} INFO - Sync 1 DAGs
[2026-03-17T03:35:54.441+0000] {logging_mixin.py:188} INFO - [2026-03-17T03:35:54.441+0000] {dag.py:3823} INFO - Setting next_dagrun for daily_revenue_etl_dag to 2026-03-17 00:00:00+00:00, run_after=2026-03-18 00:00:00+00:00
[2026-03-17T03:35:54.465+0000] {processor.py:183} INFO - Processing /opt/airflow/dags/daily_revenue_etl_dag.py took 0.127 seconds
[2026-03-17T03:36:24.554+0000] {processor.py:161} INFO - Started process (PID=379) to work on /opt/airflow/dags/daily_revenue_etl_dag.py
[2026-03-17T03:36:24.555+0000] {processor.py:830} INFO - Processing file /opt/airflow/dags/daily_revenue_etl_dag.py for tasks to queue
[2026-03-17T03:36:24.557+0000] {logging_mixin.py:188} INFO - [2026-03-17T03:36:24.556+0000] {dagbag.py:538} INFO - Filling up the DagBag from /opt/airflow/dags/daily_revenue_etl_dag.py
[2026-03-17T03:36:24.586+0000] {processor.py:840} INFO - DAG(s) 'daily_revenue_etl_dag' retrieved from /opt/airflow/dags/daily_revenue_etl_dag.py
[2026-03-17T03:13:06.761+0000] {logging_mixin.py:188} INFO - [2026-03-17T03:13:06.761+0000] {dag.py:3036} INFO - Sync 1 DAGs
[2026-03-17T03:13:06.791+0000] {logging_mixin.py:188} INFO - [2026-03-17T03:13:06.791+0000] {dag.py:3823} INFO - Setting next_dagrun for daily_revenue_etl_dag to 2026-03-17 00:00:00+00:00, run_after=2026-03-18 00:00:00+00:00
[2026-03-17T03:13:06.832+0000] {processor.py:183} INFO - Processing /opt/airflow/dags/daily_revenue_etl_dag.py took 0.145 seconds
[2026-03-17T03:36:40.829+0000] {processor.py:161} INFO - Started process (PID=384) to work on /opt/airflow/dags/daily_revenue_etl_dag.py
[2026-03-17T03:36:40.831+0000] {processor.py:830} INFO - Processing file /opt/airflow/dags/daily_revenue_etl_dag.py for tasks to queue
[2026-03-17T03:36:40.832+0000] {logging_mixin.py:188} INFO - [2026-03-17T03:36:40.832+0000] {dagbag.py:538} INFO - Filling up the DagBag from /opt/airflow/dags/daily_revenue_etl_dag.py
[2026-03-17T03:36:40.858+0000] {processor.py:840} INFO - DAG(s) 'daily_revenue_etl_dag' retrieved from /opt/airflow/dags/daily_revenue_etl_dag.py
[2026-03-17T03:36:40.891+0000] {logging_mixin.py:188} INFO - [2026-03-17T03:36:40.891+0000] {dag.py:3036} INFO - Sync 1 DAGs
[2026-03-17T03:36:40.921+0000] {logging_mixin.py:188} INFO - [2026-03-17T03:36:40.920+0000] {dag.py:3823} INFO - Setting next_dagrun for daily_revenue_etl_dag to 2026-03-17 00:00:00+00:00, run_after=2026-03-18 00:00:00+00:00
[2026-03-17T03:13:23.051+0000] {processor.py:183} INFO - Processing /opt/airflow/dags/daily_revenue_etl_dag.py took 0.122 seconds
[2026-03-17T03:13:53.203+0000] {processor.py:161} INFO - Started process (PID=389) to work on /opt/airflow/dags/daily_revenue_etl_dag.py
[2026-03-17T03:13:53.206+0000] {processor.py:830} INFO - Processing file /opt/airflow/dags/daily_revenue_etl_dag.py for tasks to queue
[2026-03-17T03:13:53.208+0000] {logging_mixin.py:188} INFO - [2026-03-17T03:13:53.207+0000] {dagbag.py:538} INFO - Filling up the DagBag from /opt/airflow/dags/daily_revenue_etl_dag.py
[2026-03-17T03:13:53.240+0000] {processor.py:840} INFO - DAG(s) 'daily_revenue_etl_dag' retrieved from /opt/airflow/dags/daily_revenue_etl_dag.py
[2026-03-17T03:13:53.276+0000] {logging_mixin.py:188} INFO - [2026-03-17T03:13:53.276+0000] {dag.py:3036} INFO - Sync 1 DAGs
[2026-03-17T03:13:53.307+0000] {logging_mixin.py:188} INFO - [2026-03-17T03:13:53.306+0000] {dag.py:3823} INFO - Setting next_dagrun for daily_revenue_etl_dag to 2026-03-17 00:00:00+00:00, run_after=2026-03-18 00:00:00+00:00
[2026-03-17T03:13:53.328+0000] {processor.py:183} INFO - Processing /opt/airflow/dags/daily_revenue_etl_dag.py took 0.131 seconds
[2026-03-17T03:14:23.486+0000] {processor.py:161} INFO - Started process (PID=394) to work on /opt/airflow/dags/daily_revenue_etl_dag.py
[2026-03-17T03:14:23.487+0000] {processor.py:830} INFO - Processing file /opt/airflow/dags/daily_revenue_etl_dag.py for tasks to queue
[2026-03-17T03:14:23.488+0000] {logging_mixin.py:188} INFO - [2026-03-17T03:14:23.488+0000] {dagbag.py:538} INFO - Filling up the DagBag from /opt/airflow/dags/daily_revenue_etl_dag.py
[2026-03-17T03:14:23.505+0000] {processor.py:840} INFO - DAG(s) 'daily_revenue_etl_dag' retrieved from /opt/airflow/dags/daily_revenue_etl_dag.py
[2026-03-17T03:14:23.548+0000] {logging_mixin.py:188} INFO - [2026-03-17T03:14:23.548+0000] {dag.py:3036} INFO - Sync 1 DAGs
[2026-03-17T03:14:23.579+0000] {logging_mixin.py:188} INFO - [2026-03-17T03:14:23.579+0000] {dag.py:3823} INFO - Setting next_dagrun for daily_revenue_etl_dag to 2026-03-17 00:00:00+00:00, run_after=2026-03-18 00:00:00+00:00
[2026-03-17T03:14:23.603+0000] {processor.py:183} INFO - Processing /opt/airflow/dags/daily_revenue_etl_dag.py took 0.120 seconds
[2026-03-17T03:37:44.534+0000] {processor.py:161} INFO - Started process (PID=399) to work on /opt/airflow/dags/daily_revenue_etl_dag.py
[2026-03-17T03:37:44.535+0000] {processor.py:830} INFO - Processing file /opt/airflow/dags/daily_revenue_etl_dag.py for tasks to queue
[2026-03-17T03:37:44.536+0000] {logging_mixin.py:188} INFO - [2026-03-17T03:37:44.536+0000] {dagbag.py:538} INFO - Filling up the DagBag from /opt/airflow/dags/daily_revenue_etl_dag.py
[2026-03-17T03:37:44.558+0000] {processor.py:840} INFO - DAG(s) 'daily_revenue_etl_dag' retrieved from /opt/airflow/dags/daily_revenue_etl_dag.py
[2026-03-17T03:37:44.590+0000] {logging_mixin.py:188} INFO - [2026-03-17T03:37:44.590+0000] {dag.py:3036} INFO - Sync 1 DAGs
[2026-03-17T03:37:44.618+0000] {logging_mixin.py:188} INFO - [2026-03-17T03:37:44.618+0000] {dag.py:3823} INFO - Setting next_dagrun for daily_revenue_etl_dag to 2026-03-17 00:00:00+00:00, run_after=2026-03-18 00:00:00+00:00
[2026-03-17T03:37:44.644+0000] {processor.py:183} INFO - Processing /opt/airflow/dags/daily_revenue_etl_dag.py took 0.114 seconds
[2026-03-17T03:38:14.754+0000] {processor.py:161} INFO - Started process (PID=404) to work on /opt/airflow/dags/daily_revenue_etl_dag.py
[2026-03-17T03:38:14.756+0000] {processor.py:830} INFO - Processing file /opt/airflow/dags/daily_revenue_etl_dag.py for tasks to queue
[2026-03-17T03:38:14.757+0000] {logging_mixin.py:188} INFO - [2026-03-17T03:38:14.757+0000] {dagbag.py:538} INFO - Filling up the DagBag from /opt/airflow/dags/daily_revenue_etl_dag.py
[2026-03-17T03:14:56.941+0000] {processor.py:840} INFO - DAG(s) 'daily_revenue_etl_dag' retrieved from /opt/airflow/dags/daily_revenue_etl_dag.py
[2026-03-17T03:14:56.984+0000] {logging_mixin.py:188} INFO - [2026-03-17T03:14:56.983+0000] {dag.py:3036} INFO - Sync 1 DAGs
[2026-03-17T03:14:57.015+0000] {logging_mixin.py:188} INFO - [2026-03-17T03:14:57.015+0000] {dag.py:3823} INFO - Setting next_dagrun for daily_revenue_etl_dag to 2026-03-17 00:00:00+00:00, run_after=2026-03-18 00:00:00+00:00
[2026-03-17T03:14:57.040+0000] {processor.py:183} INFO - Processing /opt/airflow/dags/daily_revenue_etl_dag.py took 0.137 seconds
[2026-03-17T03:15:27.188+0000] {processor.py:161} INFO - Started process (PID=409) to work on /opt/airflow/dags/daily_revenue_etl_dag.py
[2026-03-17T03:15:27.189+0000] {processor.py:830} INFO - Processing file /opt/airflow/dags/daily_revenue_etl_dag.py for tasks to queue
[2026-03-17T03:15:27.190+0000] {logging_mixin.py:188} INFO - [2026-03-17T03:15:27.190+0000] {dagbag.py:538} INFO - Filling up the DagBag from /opt/airflow/dags/daily_revenue_etl_dag.py
[2026-03-17T03:15:27.209+0000] {processor.py:840} INFO - DAG(s) 'daily_revenue_etl_dag' retrieved from /opt/airflow/dags/daily_revenue_etl_dag.py
[2026-03-17T03:15:27.230+0000] {logging_mixin.py:188} INFO - [2026-03-17T03:15:27.230+0000] {dag.py:3036} INFO - Sync 1 DAGs
[2026-03-17T03:15:27.250+0000] {logging_mixin.py:188} INFO - [2026-03-17T03:15:27.250+0000] {dag.py:3823} INFO - Setting next_dagrun for daily_revenue_etl_dag to 2026-03-17 00:00:00+00:00, run_after=2026-03-18 00:00:00+00:00
[2026-03-17T03:15:27.269+0000] {processor.py:183} INFO - Processing /opt/airflow/dags/daily_revenue_etl_dag.py took 0.085 seconds
[2026-03-17T03:15:57.408+0000] {processor.py:161} INFO - Started process (PID=415) to work on /opt/airflow/dags/daily_revenue_etl_dag.py
[2026-03-17T03:15:57.409+0000] {processor.py:830} INFO - Processing file /opt/airflow/dags/daily_revenue_etl_dag.py for tasks to queue
[2026-03-17T03:15:57.410+0000] {logging_mixin.py:188} INFO - [2026-03-17T03:15:57.410+0000] {dagbag.py:538} INFO - Filling up the DagBag from /opt/airflow/dags/daily_revenue_etl_dag.py
[2026-03-17T03:15:57.427+0000] {processor.py:840} INFO - DAG(s) 'daily_revenue_etl_dag' retrieved from /opt/airflow/dags/daily_revenue_etl_dag.py
[2026-03-17T03:15:57.458+0000] {logging_mixin.py:188} INFO - [2026-03-17T03:15:57.455+0000] {dag.py:3036} INFO - Sync 1 DAGs
[2026-03-17T03:15:57.480+0000] {logging_mixin.py:188} INFO - [2026-03-17T03:15:57.480+0000] {dag.py:3823} INFO - Setting next_dagrun for daily_revenue_etl_dag to 2026-03-17 00:00:00+00:00, run_after=2026-03-18 00:00:00+00:00
[2026-03-17T03:15:57.499+0000] {processor.py:183} INFO - Processing /opt/airflow/dags/daily_revenue_etl_dag.py took 0.094 seconds
[2026-03-17T03:16:27.763+0000] {processor.py:161} INFO - Started process (PID=420) to work on /opt/airflow/dags/daily_revenue_etl_dag.py
[2026-03-17T03:16:27.764+0000] {processor.py:830} INFO - Processing file /opt/airflow/dags/daily_revenue_etl_dag.py for tasks to queue
[2026-03-17T03:16:27.765+0000] {logging_mixin.py:188} INFO - [2026-03-17T03:16:27.764+0000] {dagbag.py:538} INFO - Filling up the DagBag from /opt/airflow/dags/daily_revenue_etl_dag.py
[2026-03-17T03:16:27.782+0000] {processor.py:840} INFO - DAG(s) 'daily_revenue_etl_dag' retrieved from /opt/airflow/dags/daily_revenue_etl_dag.py
[2026-03-17T03:16:27.807+0000] {logging_mixin.py:188} INFO - [2026-03-17T03:16:27.807+0000] {dag.py:3036} INFO - Sync 1 DAGs
[2026-03-17T03:16:27.829+0000] {logging_mixin.py:188} INFO - [2026-03-17T03:16:27.828+0000] {dag.py:3823} INFO - Setting next_dagrun for daily_revenue_etl_dag to 2026-03-17 00:00:00+00:00, run_after=2026-03-18 00:00:00+00:00
[2026-03-17T03:16:27.847+0000] {processor.py:183} INFO - Processing /opt/airflow/dags/daily_revenue_etl_dag.py took 0.087 seconds
[2026-03-17T03:39:49.768+0000] {processor.py:161} INFO - Started process (PID=425) to work on /opt/airflow/dags/daily_revenue_etl_dag.py
[2026-03-17T03:39:49.769+0000] {processor.py:830} INFO - Processing file /opt/airflow/dags/daily_revenue_etl_dag.py for tasks to queue
[2026-03-17T03:39:49.769+0000] {logging_mixin.py:188} INFO - [2026-03-17T03:39:49.769+0000] {dagbag.py:538} INFO - Filling up the DagBag from /opt/airflow/dags/daily_revenue_etl_dag.py
[2026-03-17T03:39:49.784+0000] {processor.py:840} INFO - DAG(s) 'daily_revenue_etl_dag' retrieved from /opt/airflow/dags/daily_revenue_etl_dag.py
[2026-03-17T03:39:49.812+0000] {logging_mixin.py:188} INFO - [2026-03-17T03:39:49.812+0000] {dag.py:3036} INFO - Sync 1 DAGs
[2026-03-17T03:39:49.837+0000] {logging_mixin.py:188} INFO - [2026-03-17T03:39:49.837+0000] {dag.py:3823} INFO - Setting next_dagrun for daily_revenue_etl_dag to 2026-03-17 00:00:00+00:00, run_after=2026-03-18 00:00:00+00:00
[2026-03-17T03:39:49.864+0000] {processor.py:183} INFO - Processing /opt/airflow/dags/daily_revenue_etl_dag.py took 0.100 seconds
[2026-03-17T03:40:20.019+0000] {processor.py:161} INFO - Started process (PID=430) to work on /opt/airflow/dags/daily_revenue_etl_dag.py
[2026-03-17T03:40:20.021+0000] {processor.py:830} INFO - Processing file /opt/airflow/dags/daily_revenue_etl_dag.py for tasks to queue
[2026-03-17T03:40:20.022+0000] {logging_mixin.py:188} INFO - [2026-03-17T03:40:20.022+0000] {dagbag.py:538} INFO - Filling up the DagBag from /opt/airflow/dags/daily_revenue_etl_dag.py
[2026-03-17T03:17:02.156+0000] {processor.py:840} INFO - DAG(s) 'daily_revenue_etl_dag' retrieved from /opt/airflow/dags/daily_revenue_etl_dag.py
[2026-03-17T03:17:02.196+0000] {logging_mixin.py:188} INFO - [2026-03-17T03:17:02.196+0000] {dag.py:3036} INFO - Sync 1 DAGs
[2026-03-17T03:17:02.226+0000] {logging_mixin.py:188} INFO - [2026-03-17T03:17:02.225+0000] {dag.py:3823} INFO - Setting next_dagrun for daily_revenue_etl_dag to 2026-03-17 00:00:00+00:00, run_after=2026-03-18 00:00:00+00:00
[2026-03-17T03:17:02.244+0000] {processor.py:183} INFO - Processing /opt/airflow/dags/daily_revenue_etl_dag.py took 0.122 seconds
[2026-03-17T03:17:32.471+0000] {processor.py:161} INFO - Started process (PID=436) to work on /opt/airflow/dags/daily_revenue_etl_dag.py
[2026-03-17T03:17:32.473+0000] {processor.py:830} INFO - Processing file /opt/airflow/dags/daily_revenue_etl_dag.py for tasks to queue
[2026-03-17T03:17:32.474+0000] {logging_mixin.py:188} INFO - [2026-03-17T03:17:32.474+0000] {dagbag.py:538} INFO - Filling up the DagBag from /opt/airflow/dags/daily_revenue_etl_dag.py
[2026-03-17T03:17:32.496+0000] {processor.py:840} INFO - DAG(s) 'daily_revenue_etl_dag' retrieved from /opt/airflow/dags/daily_revenue_etl_dag.py
[2026-03-17T03:17:32.525+0000] {logging_mixin.py:188} INFO - [2026-03-17T03:17:32.525+0000] {dag.py:3036} INFO - Sync 1 DAGs
[2026-03-17T03:17:32.552+0000] {logging_mixin.py:188} INFO - [2026-03-17T03:17:32.552+0000] {dag.py:3823} INFO - Setting next_dagrun for daily_revenue_etl_dag to 2026-03-17 00:00:00+00:00, run_after=2026-03-18 00:00:00+00:00
[2026-03-17T03:17:32.577+0000] {processor.py:183} INFO - Processing /opt/airflow/dags/daily_revenue_etl_dag.py took 0.109 seconds
[2026-03-17T03:18:02.694+0000] {processor.py:161} INFO - Started process (PID=441) to work on /opt/airflow/dags/daily_revenue_etl_dag.py
[2026-03-17T03:18:02.695+0000] {processor.py:830} INFO - Processing file /opt/airflow/dags/daily_revenue_etl_dag.py for tasks to queue
[2026-03-17T03:18:02.696+0000] {logging_mixin.py:188} INFO - [2026-03-17T03:18:02.696+0000] {dagbag.py:538} INFO - Filling up the DagBag from /opt/airflow/dags/daily_revenue_etl_dag.py
[2026-03-17T03:18:02.713+0000] {processor.py:840} INFO - DAG(s) 'daily_revenue_etl_dag' retrieved from /opt/airflow/dags/daily_revenue_etl_dag.py
[2026-03-17T03:18:02.738+0000] {logging_mixin.py:188} INFO - [2026-03-17T03:18:02.738+0000] {dag.py:3036} INFO - Sync 1 DAGs
[2026-03-17T03:18:02.758+0000] {logging_mixin.py:188} INFO - [2026-03-17T03:18:02.758+0000] {dag.py:3823} INFO - Setting next_dagrun for daily_revenue_etl_dag to 2026-03-17 00:00:00+00:00, run_after=2026-03-18 00:00:00+00:00
[2026-03-17T03:18:02.777+0000] {processor.py:183} INFO - Processing /opt/airflow/dags/daily_revenue_etl_dag.py took 0.086 seconds
[2026-03-17T03:41:40.830+0000] {processor.py:161} INFO - Started process (PID=446) to work on /opt/airflow/dags/daily_revenue_etl_dag.py
[2026-03-17T03:41:40.833+0000] {processor.py:830} INFO - Processing file /opt/airflow/dags/daily_revenue_etl_dag.py for tasks to queue
[2026-03-17T03:41:40.835+0000] {logging_mixin.py:188} INFO - [2026-03-17T03:41:40.834+0000] {dagbag.py:538} INFO - Filling up the DagBag from /opt/airflow/dags/daily_revenue_etl_dag.py
[2026-03-17T03:41:40.888+0000] {processor.py:840} INFO - DAG(s) 'daily_revenue_etl_dag' retrieved from /opt/airflow/dags/daily_revenue_etl_dag.py
[2026-03-17T03:18:23.114+0000] {logging_mixin.py:188} INFO - [2026-03-17T03:18:23.113+0000] {dag.py:3036} INFO - Sync 1 DAGs
[2026-03-17T03:18:23.167+0000] {logging_mixin.py:188} INFO - [2026-03-17T03:18:23.166+0000] {dag.py:3823} INFO - Setting next_dagrun for daily_revenue_etl_dag to 2026-03-17 00:00:00+00:00, run_after=2026-03-18 00:00:00+00:00
[2026-03-17T03:18:23.204+0000] {processor.py:183} INFO - Processing /opt/airflow/dags/daily_revenue_etl_dag.py took 0.236 seconds
[2026-03-17T03:41:44.881+0000] {processor.py:161} INFO - Started process (PID=451) to work on /opt/airflow/dags/daily_revenue_etl_dag.py
[2026-03-17T03:41:44.882+0000] {processor.py:830} INFO - Processing file /opt/airflow/dags/daily_revenue_etl_dag.py for tasks to queue
[2026-03-17T03:41:44.883+0000] {logging_mixin.py:188} INFO - [2026-03-17T03:41:44.883+0000] {dagbag.py:538} INFO - Filling up the DagBag from /opt/airflow/dags/daily_revenue_etl_dag.py
[2026-03-17T03:41:44.902+0000] {processor.py:840} INFO - DAG(s) 'daily_revenue_etl_dag' retrieved from /opt/airflow/dags/daily_revenue_etl_dag.py
[2026-03-17T03:41:44.931+0000] {logging_mixin.py:188} INFO - [2026-03-17T03:41:44.931+0000] {dag.py:3036} INFO - Sync 1 DAGs
[2026-03-17T03:41:44.956+0000] {logging_mixin.py:188} INFO - [2026-03-17T03:41:44.955+0000] {dag.py:3823} INFO - Setting next_dagrun for daily_revenue_etl_dag to 2026-03-17 00:00:00+00:00, run_after=2026-03-18 00:00:00+00:00
[2026-03-17T03:41:44.981+0000] {processor.py:183} INFO - Processing /opt/airflow/dags/daily_revenue_etl_dag.py took 0.103 seconds
[2026-03-17T03:42:15.125+0000] {processor.py:161} INFO - Started process (PID=456) to work on /opt/airflow/dags/daily_revenue_etl_dag.py
[2026-03-17T03:42:15.126+0000] {processor.py:830} INFO - Processing file /opt/airflow/dags/daily_revenue_etl_dag.py for tasks to queue
[2026-03-17T03:42:15.127+0000] {logging_mixin.py:188} INFO - [2026-03-17T03:42:15.127+0000] {dagbag.py:538} INFO - Filling up the DagBag from /opt/airflow/dags/daily_revenue_etl_dag.py
[2026-03-17T03:42:15.150+0000] {processor.py:840} INFO - DAG(s) 'daily_revenue_etl_dag' retrieved from /opt/airflow/dags/daily_revenue_etl_dag.py
[2026-03-17T03:42:15.183+0000] {logging_mixin.py:188} INFO - [2026-03-17T03:42:15.183+0000] {dag.py:3036} INFO - Sync 1 DAGs
[2026-03-17T03:42:15.209+0000] {logging_mixin.py:188} INFO - [2026-03-17T03:42:15.209+0000] {dag.py:3823} INFO - Setting next_dagrun for daily_revenue_etl_dag to 2026-03-17 00:00:00+00:00, run_after=2026-03-18 00:00:00+00:00
[2026-03-17T03:42:15.233+0000] {processor.py:183} INFO - Processing /opt/airflow/dags/daily_revenue_etl_dag.py took 0.111 seconds
[2026-03-17T03:19:27.586+0000] {processor.py:161} INFO - Started process (PID=461) to work on /opt/airflow/dags/daily_revenue_etl_dag.py
[2026-03-17T03:19:27.588+0000] {processor.py:830} INFO - Processing file /opt/airflow/dags/daily_revenue_etl_dag.py for tasks to queue
[2026-03-17T03:19:27.589+0000] {logging_mixin.py:188} INFO - [2026-03-17T03:19:27.589+0000] {dagbag.py:538} INFO - Filling up the DagBag from /opt/airflow/dags/daily_revenue_etl_dag.py
[2026-03-17T03:19:27.620+0000] {processor.py:840} INFO - DAG(s) 'daily_revenue_etl_dag' retrieved from /opt/airflow/dags/daily_revenue_etl_dag.py
[2026-03-17T03:19:27.658+0000] {logging_mixin.py:188} INFO - [2026-03-17T03:19:27.657+0000] {dag.py:3036} INFO - Sync 1 DAGs
[2026-03-17T03:19:27.689+0000] {logging_mixin.py:188} INFO - [2026-03-17T03:19:27.688+0000] {dag.py:3823} INFO - Setting next_dagrun for daily_revenue_etl_dag to 2026-03-17 00:00:00+00:00, run_after=2026-03-18 00:00:00+00:00
[2026-03-17T03:19:27.707+0000] {processor.py:183} INFO - Processing /opt/airflow/dags/daily_revenue_etl_dag.py took 0.125 seconds
[2026-03-17T03:43:10.755+0000] {processor.py:161} INFO - Started process (PID=466) to work on /opt/airflow/dags/daily_revenue_etl_dag.py
[2026-03-17T03:43:10.756+0000] {processor.py:830} INFO - Processing file /opt/airflow/dags/daily_revenue_etl_dag.py for tasks to queue
[2026-03-17T03:43:10.757+0000] {logging_mixin.py:188} INFO - [2026-03-17T03:43:10.756+0000] {dagbag.py:538} INFO - Filling up the DagBag from /opt/airflow/dags/daily_revenue_etl_dag.py
[2026-03-17T03:43:10.773+0000] {processor.py:840} INFO - DAG(s) 'daily_revenue_etl_dag' retrieved from /opt/airflow/dags/daily_revenue_etl_dag.py
[2026-03-17T03:43:10.800+0000] {logging_mixin.py:188} INFO - [2026-03-17T03:43:10.799+0000] {dag.py:3036} INFO - Sync 1 DAGs
[2026-03-17T03:43:10.818+0000] {logging_mixin.py:188} INFO - [2026-03-17T03:43:10.818+0000] {dag.py:3823} INFO - Setting next_dagrun for daily_revenue_etl_dag to 2026-03-17 00:00:00+00:00, run_after=2026-03-18 00:00:00+00:00
[2026-03-17T03:43:10.835+0000] {processor.py:183} INFO - Processing /opt/airflow/dags/daily_revenue_etl_dag.py took 0.084 seconds
[2026-03-17T03:43:45.090+0000] {processor.py:161} INFO - Started process (PID=471) to work on /opt/airflow/dags/daily_revenue_etl_dag.py
[2026-03-17T03:43:45.092+0000] {processor.py:830} INFO - Processing file /opt/airflow/dags/daily_revenue_etl_dag.py for tasks to queue
[2026-03-17T03:43:45.093+0000] {logging_mixin.py:188} INFO - [2026-03-17T03:43:45.092+0000] {dagbag.py:538} INFO - Filling up the DagBag from /opt/airflow/dags/daily_revenue_etl_dag.py
[2026-03-17T03:43:45.118+0000] {processor.py:840} INFO - DAG(s) 'daily_revenue_etl_dag' retrieved from /opt/airflow/dags/daily_revenue_etl_dag.py
[2026-03-17T03:43:45.144+0000] {logging_mixin.py:188} INFO - [2026-03-17T03:43:45.144+0000] {dag.py:3036} INFO - Sync 1 DAGs
[2026-03-17T03:43:45.164+0000] {logging_mixin.py:188} INFO - [2026-03-17T03:43:45.164+0000] {dag.py:3823} INFO - Setting next_dagrun for daily_revenue_etl_dag to 2026-03-17 00:00:00+00:00, run_after=2026-03-18 00:00:00+00:00
[2026-03-17T03:43:45.193+0000] {processor.py:183} INFO - Processing /opt/airflow/dags/daily_revenue_etl_dag.py took 0.108 seconds
[2026-03-17T03:44:15.310+0000] {processor.py:161} INFO - Started process (PID=476) to work on /opt/airflow/dags/daily_revenue_etl_dag.py
[2026-03-17T03:44:15.311+0000] {processor.py:830} INFO - Processing file /opt/airflow/dags/daily_revenue_etl_dag.py for tasks to queue
[2026-03-17T03:44:15.312+0000] {logging_mixin.py:188} INFO - [2026-03-17T03:44:15.312+0000] {dagbag.py:538} INFO - Filling up the DagBag from /opt/airflow/dags/daily_revenue_etl_dag.py
[2026-03-17T03:44:15.330+0000] {processor.py:840} INFO - DAG(s) 'daily_revenue_etl_dag' retrieved from /opt/airflow/dags/daily_revenue_etl_dag.py
[2026-03-17T03:44:15.358+0000] {logging_mixin.py:188} INFO - [2026-03-17T03:44:15.357+0000] {dag.py:3036} INFO - Sync 1 DAGs
[2026-03-17T03:44:15.378+0000] {logging_mixin.py:188} INFO - [2026-03-17T03:44:15.378+0000] {dag.py:3823} INFO - Setting next_dagrun for daily_revenue_etl_dag to 2026-03-17 00:00:00+00:00, run_after=2026-03-18 00:00:00+00:00
[2026-03-17T03:44:15.396+0000] {processor.py:183} INFO - Processing /opt/airflow/dags/daily_revenue_etl_dag.py took 0.089 seconds
[2026-03-17T03:45:10.793+0000] {processor.py:161} INFO - Started process (PID=482) to work on /opt/airflow/dags/daily_revenue_etl_dag.py
[2026-03-17T03:45:10.794+0000] {processor.py:830} INFO - Processing file /opt/airflow/dags/daily_revenue_etl_dag.py for tasks to queue
[2026-03-17T03:45:10.795+0000] {logging_mixin.py:188} INFO - [2026-03-17T03:45:10.795+0000] {dagbag.py:538} INFO - Filling up the DagBag from /opt/airflow/dags/daily_revenue_etl_dag.py
[2026-03-17T03:45:10.813+0000] {processor.py:840} INFO - DAG(s) 'daily_revenue_etl_dag' retrieved from /opt/airflow/dags/daily_revenue_etl_dag.py
[2026-03-17T03:45:10.838+0000] {logging_mixin.py:188} INFO - [2026-03-17T03:45:10.838+0000] {dag.py:3036} INFO - Sync 1 DAGs
[2026-03-17T03:45:10.861+0000] {logging_mixin.py:188} INFO - [2026-03-17T03:45:10.860+0000] {dag.py:3823} INFO - Setting next_dagrun for daily_revenue_etl_dag to 2026-03-17 00:00:00+00:00, run_after=2026-03-18 00:00:00+00:00
[2026-03-17T03:45:10.883+0000] {processor.py:183} INFO - Processing /opt/airflow/dags/daily_revenue_etl_dag.py took 0.094 seconds
[2026-03-17T03:22:23.151+0000] {processor.py:161} INFO - Started process (PID=487) to work on /opt/airflow/dags/daily_revenue_etl_dag.py
[2026-03-17T03:22:23.153+0000] {processor.py:830} INFO - Processing file /opt/airflow/dags/daily_revenue_etl_dag.py for tasks to queue
[2026-03-17T03:22:23.154+0000] {logging_mixin.py:188} INFO - [2026-03-17T03:22:23.154+0000] {dagbag.py:538} INFO - Filling up the DagBag from /opt/airflow/dags/daily_revenue_etl_dag.py
[2026-03-17T03:22:23.184+0000] {processor.py:840} INFO - DAG(s) 'daily_revenue_etl_dag' retrieved from /opt/airflow/dags/daily_revenue_etl_dag.py
[2026-03-17T03:22:23.219+0000] {logging_mixin.py:188} INFO - [2026-03-17T03:22:23.218+0000] {dag.py:3036} INFO - Sync 1 DAGs
[2026-03-17T03:22:23.247+0000] {logging_mixin.py:188} INFO - [2026-03-17T03:22:23.246+0000] {dag.py:3823} INFO - Setting next_dagrun for daily_revenue_etl_dag to 2026-03-17 00:00:00+00:00, run_after=2026-03-18 00:00:00+00:00
[2026-03-17T03:22:23.273+0000] {processor.py:183} INFO - Processing /opt/airflow/dags/daily_revenue_etl_dag.py took 0.127 seconds
[2026-03-17T03:46:00.316+0000] {processor.py:161} INFO - Started process (PID=492) to work on /opt/airflow/dags/daily_revenue_etl_dag.py
[2026-03-17T03:46:00.318+0000] {processor.py:830} INFO - Processing file /opt/airflow/dags/daily_revenue_etl_dag.py for tasks to queue
[2026-03-17T03:46:00.319+0000] {logging_mixin.py:188} INFO - [2026-03-17T03:46:00.319+0000] {dagbag.py:538} INFO - Filling up the DagBag from /opt/airflow/dags/daily_revenue_etl_dag.py
[2026-03-17T03:46:00.343+0000] {processor.py:840} INFO - DAG(s) 'daily_revenue_etl_dag' retrieved from /opt/airflow/dags/daily_revenue_etl_dag.py
[2026-03-17T03:46:00.377+0000] {logging_mixin.py:188} INFO - [2026-03-17T03:46:00.376+0000] {dag.py:3036} INFO - Sync 1 DAGs
[2026-03-17T03:46:00.401+0000] {logging_mixin.py:188} INFO - [2026-03-17T03:46:00.401+0000] {dag.py:3823} INFO - Setting next_dagrun for daily_revenue_etl_dag to 2026-03-17 00:00:00+00:00, run_after=2026-03-18 00:00:00+00:00
[2026-03-17T03:46:00.422+0000] {processor.py:183} INFO - Processing /opt/airflow/dags/daily_revenue_etl_dag.py took 0.111 seconds
[2026-03-17T03:46:30.528+0000] {processor.py:161} INFO - Started process (PID=497) to work on /opt/airflow/dags/daily_revenue_etl_dag.py
[2026-03-17T03:46:30.529+0000] {processor.py:830} INFO - Processing file /opt/airflow/dags/daily_revenue_etl_dag.py for tasks to queue
[2026-03-17T03:46:30.530+0000] {logging_mixin.py:188} INFO - [2026-03-17T03:46:30.530+0000] {dagbag.py:538} INFO - Filling up the DagBag from /opt/airflow/dags/daily_revenue_etl_dag.py
[2026-03-17T03:46:30.550+0000] {processor.py:840} INFO - DAG(s) 'daily_revenue_etl_dag' retrieved from /opt/airflow/dags/daily_revenue_etl_dag.py
[2026-03-17T03:46:30.578+0000] {logging_mixin.py:188} INFO - [2026-03-17T03:46:30.577+0000] {dag.py:3036} INFO - Sync 1 DAGs
[2026-03-17T03:46:30.599+0000] {logging_mixin.py:188} INFO - [2026-03-17T03:46:30.599+0000] {dag.py:3823} INFO - Setting next_dagrun for daily_revenue_etl_dag to 2026-03-17 00:00:00+00:00, run_after=2026-03-18 00:00:00+00:00
[2026-03-17T03:46:30.617+0000] {processor.py:183} INFO - Processing /opt/airflow/dags/daily_revenue_etl_dag.py took 0.092 seconds
[2026-03-17T03:47:10.905+0000] {processor.py:161} INFO - Started process (PID=503) to work on /opt/airflow/dags/daily_revenue_etl_dag.py
[2026-03-17T03:47:10.907+0000] {processor.py:830} INFO - Processing file /opt/airflow/dags/daily_revenue_etl_dag.py for tasks to queue
[2026-03-17T03:47:10.908+0000] {logging_mixin.py:188} INFO - [2026-03-17T03:47:10.908+0000] {dagbag.py:538} INFO - Filling up the DagBag from /opt/airflow/dags/daily_revenue_etl_dag.py
[2026-03-17T03:47:10.933+0000] {processor.py:840} INFO - DAG(s) 'daily_revenue_etl_dag' retrieved from /opt/airflow/dags/daily_revenue_etl_dag.py
[2026-03-17T03:23:53.116+0000] {logging_mixin.py:188} INFO - [2026-03-17T03:23:53.116+0000] {dag.py:3036} INFO - Sync 1 DAGs
[2026-03-17T03:23:53.142+0000] {logging_mixin.py:188} INFO - [2026-03-17T03:23:53.142+0000] {dag.py:3823} INFO - Setting next_dagrun for daily_revenue_etl_dag to 2026-03-17 00:00:00+00:00, run_after=2026-03-18 00:00:00+00:00
[2026-03-17T03:23:53.165+0000] {processor.py:183} INFO - Processing /opt/airflow/dags/daily_revenue_etl_dag.py took 0.113 seconds
[2026-03-17T03:24:23.283+0000] {processor.py:161} INFO - Started process (PID=508) to work on /opt/airflow/dags/daily_revenue_etl_dag.py
[2026-03-17T03:24:23.284+0000] {processor.py:830} INFO - Processing file /opt/airflow/dags/daily_revenue_etl_dag.py for tasks to queue
[2026-03-17T03:24:23.285+0000] {logging_mixin.py:188} INFO - [2026-03-17T03:24:23.285+0000] {dagbag.py:538} INFO - Filling up the DagBag from /opt/airflow/dags/daily_revenue_etl_dag.py
[2026-03-17T03:24:23.307+0000] {processor.py:840} INFO - DAG(s) 'daily_revenue_etl_dag' retrieved from /opt/airflow/dags/daily_revenue_etl_dag.py
[2026-03-17T03:24:23.341+0000] {logging_mixin.py:188} INFO - [2026-03-17T03:24:23.341+0000] {dag.py:3036} INFO - Sync 1 DAGs
[2026-03-17T03:24:23.366+0000] {logging_mixin.py:188} INFO - [2026-03-17T03:24:23.366+0000] {dag.py:3823} INFO - Setting next_dagrun for daily_revenue_etl_dag to 2026-03-17 00:00:00+00:00, run_after=2026-03-18 00:00:00+00:00
[2026-03-17T03:24:23.390+0000] {processor.py:183} INFO - Processing /opt/airflow/dags/daily_revenue_etl_dag.py took 0.111 seconds
[2026-03-17T03:24:53.586+0000] {processor.py:161} INFO - Started process (PID=513) to work on /opt/airflow/dags/daily_revenue_etl_dag.py
[2026-03-17T03:24:53.587+0000] {processor.py:830} INFO - Processing file /opt/airflow/dags/daily_revenue_etl_dag.py for tasks to queue
[2026-03-17T03:24:53.588+0000] {logging_mixin.py:188} INFO - [2026-03-17T03:24:53.588+0000] {dagbag.py:538} INFO - Filling up the DagBag from /opt/airflow/dags/daily_revenue_etl_dag.py
[2026-03-17T03:24:53.611+0000] {processor.py:840} INFO - DAG(s) 'daily_revenue_etl_dag' retrieved from /opt/airflow/dags/daily_revenue_etl_dag.py
[2026-03-17T03:24:53.642+0000] {logging_mixin.py:188} INFO - [2026-03-17T03:24:53.642+0000] {dag.py:3036} INFO - Sync 1 DAGs
[2026-03-17T03:24:53.667+0000] {logging_mixin.py:188} INFO - [2026-03-17T03:24:53.667+0000] {dag.py:3823} INFO - Setting next_dagrun for daily_revenue_etl_dag to 2026-03-17 00:00:00+00:00, run_after=2026-03-18 00:00:00+00:00
[2026-03-17T03:24:53.689+0000] {processor.py:183} INFO - Processing /opt/airflow/dags/daily_revenue_etl_dag.py took 0.107 seconds
[2026-03-17T03:48:15.608+0000] {processor.py:161} INFO - Started process (PID=518) to work on /opt/airflow/dags/daily_revenue_etl_dag.py
[2026-03-17T03:48:15.609+0000] {processor.py:830} INFO - Processing file /opt/airflow/dags/daily_revenue_etl_dag.py for tasks to queue
[2026-03-17T03:48:15.610+0000] {logging_mixin.py:188} INFO - [2026-03-17T03:48:15.610+0000] {dagbag.py:538} INFO - Filling up the DagBag from /opt/airflow/dags/daily_revenue_etl_dag.py
[2026-03-17T03:48:15.632+0000] {processor.py:840} INFO - DAG(s) 'daily_revenue_etl_dag' retrieved from /opt/airflow/dags/daily_revenue_etl_dag.py
[2026-03-17T03:48:15.666+0000] {logging_mixin.py:188} INFO - [2026-03-17T03:48:15.666+0000] {dag.py:3036} INFO - Sync 1 DAGs
[2026-03-17T03:48:15.693+0000] {logging_mixin.py:188} INFO - [2026-03-17T03:48:15.692+0000] {dag.py:3823} INFO - Setting next_dagrun for daily_revenue_etl_dag to 2026-03-17 00:00:00+00:00, run_after=2026-03-18 00:00:00+00:00
[2026-03-17T03:48:15.717+0000] {processor.py:183} INFO - Processing /opt/airflow/dags/daily_revenue_etl_dag.py took 0.113 seconds
[2026-03-17T03:48:45.818+0000] {processor.py:161} INFO - Started process (PID=523) to work on /opt/airflow/dags/daily_revenue_etl_dag.py
[2026-03-17T03:48:45.819+0000] {processor.py:830} INFO - Processing file /opt/airflow/dags/daily_revenue_etl_dag.py for tasks to queue
[2026-03-17T03:48:45.821+0000] {logging_mixin.py:188} INFO - [2026-03-17T03:48:45.820+0000] {dagbag.py:538} INFO - Filling up the DagBag from /opt/airflow/dags/daily_revenue_etl_dag.py
[2026-03-17T03:25:28.000+0000] {processor.py:840} INFO - DAG(s) 'daily_revenue_etl_dag' retrieved from /opt/airflow/dags/daily_revenue_etl_dag.py
[2026-03-17T03:25:28.035+0000] {logging_mixin.py:188} INFO - [2026-03-17T03:25:28.034+0000] {dag.py:3036} INFO - Sync 1 DAGs
[2026-03-17T03:25:28.061+0000] {logging_mixin.py:188} INFO - [2026-03-17T03:25:28.061+0000] {dag.py:3823} INFO - Setting next_dagrun for daily_revenue_etl_dag to 2026-03-17 00:00:00+00:00, run_after=2026-03-18 00:00:00+00:00
[2026-03-17T03:25:28.079+0000] {processor.py:183} INFO - Processing /opt/airflow/dags/daily_revenue_etl_dag.py took 0.113 seconds
[2026-03-17T03:25:58.243+0000] {processor.py:161} INFO - Started process (PID=528) to work on /opt/airflow/dags/daily_revenue_etl_dag.py
[2026-03-17T03:25:58.244+0000] {processor.py:830} INFO - Processing file /opt/airflow/dags/daily_revenue_etl_dag.py for tasks to queue
[2026-03-17T03:25:58.245+0000] {logging_mixin.py:188} INFO - [2026-03-17T03:25:58.245+0000] {dagbag.py:538} INFO - Filling up the DagBag from /opt/airflow/dags/daily_revenue_etl_dag.py
[2026-03-17T03:25:58.267+0000] {processor.py:840} INFO - DAG(s) 'daily_revenue_etl_dag' retrieved from /opt/airflow/dags/daily_revenue_etl_dag.py
[2026-03-17T03:25:58.298+0000] {logging_mixin.py:188} INFO - [2026-03-17T03:25:58.298+0000] {dag.py:3036} INFO - Sync 1 DAGs
[2026-03-17T03:25:58.323+0000] {logging_mixin.py:188} INFO - [2026-03-17T03:25:58.323+0000] {dag.py:3823} INFO - Setting next_dagrun for daily_revenue_etl_dag to 2026-03-17 00:00:00+00:00, run_after=2026-03-18 00:00:00+00:00
[2026-03-17T03:25:58.345+0000] {processor.py:183} INFO - Processing /opt/airflow/dags/daily_revenue_etl_dag.py took 0.106 seconds
[2026-03-17T03:26:28.501+0000] {processor.py:161} INFO - Started process (PID=533) to work on /opt/airflow/dags/daily_revenue_etl_dag.py
[2026-03-17T03:26:28.503+0000] {processor.py:830} INFO - Processing file /opt/airflow/dags/daily_revenue_etl_dag.py for tasks to queue
[2026-03-17T03:26:28.504+0000] {logging_mixin.py:188} INFO - [2026-03-17T03:26:28.504+0000] {dagbag.py:538} INFO - Filling up the DagBag from /opt/airflow/dags/daily_revenue_etl_dag.py
[2026-03-17T03:26:28.525+0000] {processor.py:840} INFO - DAG(s) 'daily_revenue_etl_dag' retrieved from /opt/airflow/dags/daily_revenue_etl_dag.py
[2026-03-17T03:26:28.563+0000] {logging_mixin.py:188} INFO - [2026-03-17T03:26:28.562+0000] {dag.py:3036} INFO - Sync 1 DAGs
[2026-03-17T03:26:28.590+0000] {logging_mixin.py:188} INFO - [2026-03-17T03:26:28.589+0000] {dag.py:3823} INFO - Setting next_dagrun for daily_revenue_etl_dag to 2026-03-17 00:00:00+00:00, run_after=2026-03-18 00:00:00+00:00
[2026-03-17T03:26:28.612+0000] {processor.py:183} INFO - Processing /opt/airflow/dags/daily_revenue_etl_dag.py took 0.115 seconds
[2026-03-17T03:26:58.795+0000] {processor.py:161} INFO - Started process (PID=538) to work on /opt/airflow/dags/daily_revenue_etl_dag.py
[2026-03-17T03:26:58.796+0000] {processor.py:830} INFO - Processing file /opt/airflow/dags/daily_revenue_etl_dag.py for tasks to queue
[2026-03-17T03:26:58.797+0000] {logging_mixin.py:188} INFO - [2026-03-17T03:26:58.797+0000] {dagbag.py:538} INFO - Filling up the DagBag from /opt/airflow/dags/daily_revenue_etl_dag.py
[2026-03-17T03:26:58.815+0000] {processor.py:840} INFO - DAG(s) 'daily_revenue_etl_dag' retrieved from /opt/airflow/dags/daily_revenue_etl_dag.py
[2026-03-17T03:26:58.840+0000] {logging_mixin.py:188} INFO - [2026-03-17T03:26:58.840+0000] {dag.py:3036} INFO - Sync 1 DAGs
[2026-03-17T03:26:58.861+0000] {logging_mixin.py:188} INFO - [2026-03-17T03:26:58.861+0000] {dag.py:3823} INFO - Setting next_dagrun for daily_revenue_etl_dag to 2026-03-17 00:00:00+00:00, run_after=2026-03-18 00:00:00+00:00
[2026-03-17T03:26:58.879+0000] {processor.py:183} INFO - Processing /opt/airflow/dags/daily_revenue_etl_dag.py took 0.088 seconds
[2026-03-17T03:50:20.778+0000] {processor.py:161} INFO - Started process (PID=543) to work on /opt/airflow/dags/daily_revenue_etl_dag.py
[2026-03-17T03:50:20.780+0000] {processor.py:830} INFO - Processing file /opt/airflow/dags/daily_revenue_etl_dag.py for tasks to queue
[2026-03-17T03:50:20.781+0000] {logging_mixin.py:188} INFO - [2026-03-17T03:50:20.780+0000] {dagbag.py:538} INFO - Filling up the DagBag from /opt/airflow/dags/daily_revenue_etl_dag.py
[2026-03-17T03:50:20.801+0000] {processor.py:840} INFO - DAG(s) 'daily_revenue_etl_dag' retrieved from /opt/airflow/dags/daily_revenue_etl_dag.py
[2026-03-17T03:50:20.834+0000] {logging_mixin.py:188} INFO - [2026-03-17T03:50:20.833+0000] {dag.py:3036} INFO - Sync 1 DAGs
[2026-03-17T03:50:20.859+0000] {logging_mixin.py:188} INFO - [2026-03-17T03:50:20.859+0000] {dag.py:3823} INFO - Setting next_dagrun for daily_revenue_etl_dag to 2026-03-17 00:00:00+00:00, run_after=2026-03-18 00:00:00+00:00
[2026-03-17T03:50:20.883+0000] {processor.py:183} INFO - Processing /opt/airflow/dags/daily_revenue_etl_dag.py took 0.108 seconds
[2026-03-17T03:50:51.009+0000] {processor.py:161} INFO - Started process (PID=549) to work on /opt/airflow/dags/daily_revenue_etl_dag.py
[2026-03-17T03:50:51.010+0000] {processor.py:830} INFO - Processing file /opt/airflow/dags/daily_revenue_etl_dag.py for tasks to queue
[2026-03-17T03:50:51.011+0000] {logging_mixin.py:188} INFO - [2026-03-17T03:50:51.011+0000] {dagbag.py:538} INFO - Filling up the DagBag from /opt/airflow/dags/daily_revenue_etl_dag.py
[2026-03-17T03:50:51.027+0000] {processor.py:840} INFO - DAG(s) 'daily_revenue_etl_dag' retrieved from /opt/airflow/dags/daily_revenue_etl_dag.py
[2026-03-17T03:50:51.055+0000] {logging_mixin.py:188} INFO - [2026-03-17T03:50:51.055+0000] {dag.py:3036} INFO - Sync 1 DAGs
[2026-03-17T03:50:51.075+0000] {logging_mixin.py:188} INFO - [2026-03-17T03:50:51.075+0000] {dag.py:3823} INFO - Setting next_dagrun for daily_revenue_etl_dag to 2026-03-17 00:00:00+00:00, run_after=2026-03-18 00:00:00+00:00
[2026-03-17T03:50:51.090+0000] {processor.py:183} INFO - Processing /opt/airflow/dags/daily_revenue_etl_dag.py took 0.084 seconds
[2026-03-17T03:52:40.830+0000] {processor.py:161} INFO - Started process (PID=554) to work on /opt/airflow/dags/daily_revenue_etl_dag.py
[2026-03-17T03:52:40.831+0000] {processor.py:830} INFO - Processing file /opt/airflow/dags/daily_revenue_etl_dag.py for tasks to queue
[2026-03-17T03:52:40.832+0000] {logging_mixin.py:188} INFO - [2026-03-17T03:52:40.832+0000] {dagbag.py:538} INFO - Filling up the DagBag from /opt/airflow/dags/daily_revenue_etl_dag.py
[2026-03-17T03:52:40.860+0000] {processor.py:840} INFO - DAG(s) 'daily_revenue_etl_dag' retrieved from /opt/airflow/dags/daily_revenue_etl_dag.py
[2026-03-17T03:52:40.904+0000] {logging_mixin.py:188} INFO - [2026-03-17T03:52:40.904+0000] {dag.py:3036} INFO - Sync 1 DAGs
[2026-03-17T03:52:40.927+0000] {logging_mixin.py:188} INFO - [2026-03-17T03:52:40.926+0000] {dag.py:3823} INFO - Setting next_dagrun for daily_revenue_etl_dag to 2026-03-17 00:00:00+00:00, run_after=2026-03-18 00:00:00+00:00
[2026-03-17T03:52:40.944+0000] {processor.py:183} INFO - Processing /opt/airflow/dags/daily_revenue_etl_dag.py took 0.117 seconds
[2026-03-17T03:53:11.171+0000] {processor.py:161} INFO - Started process (PID=559) to work on /opt/airflow/dags/daily_revenue_etl_dag.py
[2026-03-17T03:53:11.174+0000] {processor.py:830} INFO - Processing file /opt/airflow/dags/daily_revenue_etl_dag.py for tasks to queue
[2026-03-17T03:53:11.175+0000] {logging_mixin.py:188} INFO - [2026-03-17T03:53:11.175+0000] {dagbag.py:538} INFO - Filling up the DagBag from /opt/airflow/dags/daily_revenue_etl_dag.py
[2026-03-17T03:53:11.216+0000] {processor.py:840} INFO - DAG(s) 'daily_revenue_etl_dag' retrieved from /opt/airflow/dags/daily_revenue_etl_dag.py
[2026-03-17T03:53:11.278+0000] {logging_mixin.py:188} INFO - [2026-03-17T03:53:11.278+0000] {dag.py:3036} INFO - Sync 1 DAGs
[2026-03-17T03:53:11.311+0000] {logging_mixin.py:188} INFO - [2026-03-17T03:53:11.310+0000] {dag.py:3823} INFO - Setting next_dagrun for daily_revenue_etl_dag to 2026-03-17 00:00:00+00:00, run_after=2026-03-18 00:00:00+00:00
[2026-03-17T03:29:53.499+0000] {processor.py:183} INFO - Processing /opt/airflow/dags/daily_revenue_etl_dag.py took 0.176 seconds
[2026-03-17T03:53:16.210+0000] {processor.py:161} INFO - Started process (PID=564) to work on /opt/airflow/dags/daily_revenue_etl_dag.py
[2026-03-17T03:53:16.211+0000] {processor.py:830} INFO - Processing file /opt/airflow/dags/daily_revenue_etl_dag.py for tasks to queue
[2026-03-17T03:53:16.213+0000] {logging_mixin.py:188} INFO - [2026-03-17T03:53:16.212+0000] {dagbag.py:538} INFO - Filling up the DagBag from /opt/airflow/dags/daily_revenue_etl_dag.py
[2026-03-17T03:53:16.236+0000] {processor.py:840} INFO - DAG(s) 'daily_revenue_etl_dag' retrieved from /opt/airflow/dags/daily_revenue_etl_dag.py
[2026-03-17T03:53:16.270+0000] {logging_mixin.py:188} INFO - [2026-03-17T03:53:16.269+0000] {dag.py:3036} INFO - Sync 1 DAGs
[2026-03-17T03:53:16.296+0000] {logging_mixin.py:188} INFO - [2026-03-17T03:53:16.296+0000] {dag.py:3823} INFO - Setting next_dagrun for daily_revenue_etl_dag to 2026-03-17 00:00:00+00:00, run_after=2026-03-18 00:00:00+00:00
[2026-03-17T03:53:16.329+0000] {processor.py:183} INFO - Processing /opt/airflow/dags/daily_revenue_etl_dag.py took 0.123 seconds
[2026-03-17T03:53:46.454+0000] {processor.py:161} INFO - Started process (PID=570) to work on /opt/airflow/dags/daily_revenue_etl_dag.py
[2026-03-17T03:53:46.457+0000] {processor.py:830} INFO - Processing file /opt/airflow/dags/daily_revenue_etl_dag.py for tasks to queue
[2026-03-17T03:53:46.459+0000] {logging_mixin.py:188} INFO - [2026-03-17T03:53:46.458+0000] {dagbag.py:538} INFO - Filling up the DagBag from /opt/airflow/dags/daily_revenue_etl_dag.py
[2026-03-17T03:30:28.613+0000] {processor.py:840} INFO - DAG(s) 'daily_revenue_etl_dag' retrieved from /opt/airflow/dags/daily_revenue_etl_dag.py
[2026-03-17T03:30:28.693+0000] {logging_mixin.py:188} INFO - [2026-03-17T03:30:28.692+0000] {dag.py:3036} INFO - Sync 1 DAGs
[2026-03-17T03:30:28.740+0000] {logging_mixin.py:188} INFO - [2026-03-17T03:30:28.740+0000] {dag.py:3823} INFO - Setting next_dagrun for daily_revenue_etl_dag to 2026-03-17 00:00:00+00:00, run_after=2026-03-18 00:00:00+00:00
[2026-03-17T03:30:28.786+0000] {processor.py:183} INFO - Processing /opt/airflow/dags/daily_revenue_etl_dag.py took 0.225 seconds
[2026-03-17T03:54:10.870+0000] {processor.py:161} INFO - Started process (PID=575) to work on /opt/airflow/dags/daily_revenue_etl_dag.py
[2026-03-17T03:54:10.872+0000] {processor.py:830} INFO - Processing file /opt/airflow/dags/daily_revenue_etl_dag.py for tasks to queue
[2026-03-17T03:54:10.873+0000] {logging_mixin.py:188} INFO - [2026-03-17T03:54:10.872+0000] {dagbag.py:538} INFO - Filling up the DagBag from /opt/airflow/dags/daily_revenue_etl_dag.py
[2026-03-17T03:54:10.890+0000] {processor.py:840} INFO - DAG(s) 'daily_revenue_etl_dag' retrieved from /opt/airflow/dags/daily_revenue_etl_dag.py
[2026-03-17T03:54:10.918+0000] {logging_mixin.py:188} INFO - [2026-03-17T03:54:10.918+0000] {dag.py:3036} INFO - Sync 1 DAGs
[2026-03-17T03:54:10.939+0000] {logging_mixin.py:188} INFO - [2026-03-17T03:54:10.939+0000] {dag.py:3823} INFO - Setting next_dagrun for daily_revenue_etl_dag to 2026-03-17 00:00:00+00:00, run_after=2026-03-18 00:00:00+00:00
[2026-03-17T03:54:10.972+0000] {processor.py:183} INFO - Processing /opt/airflow/dags/daily_revenue_etl_dag.py took 0.107 seconds
[2026-03-17T03:54:41.077+0000] {processor.py:161} INFO - Started process (PID=580) to work on /opt/airflow/dags/daily_revenue_etl_dag.py
[2026-03-17T03:54:41.078+0000] {processor.py:830} INFO - Processing file /opt/airflow/dags/daily_revenue_etl_dag.py for tasks to queue
[2026-03-17T03:54:41.079+0000] {logging_mixin.py:188} INFO - [2026-03-17T03:54:41.079+0000] {dagbag.py:538} INFO - Filling up the DagBag from /opt/airflow/dags/daily_revenue_etl_dag.py
[2026-03-17T03:54:41.100+0000] {processor.py:840} INFO - DAG(s) 'daily_revenue_etl_dag' retrieved from /opt/airflow/dags/daily_revenue_etl_dag.py
[2026-03-17T03:31:23.247+0000] {logging_mixin.py:188} INFO - [2026-03-17T03:31:23.247+0000] {dag.py:3036} INFO - Sync 1 DAGs
[2026-03-17T03:31:23.274+0000] {logging_mixin.py:188} INFO - [2026-03-17T03:31:23.274+0000] {dag.py:3823} INFO - Setting next_dagrun for daily_revenue_etl_dag to 2026-03-17 00:00:00+00:00, run_after=2026-03-18 00:00:00+00:00
[2026-03-17T03:31:23.298+0000] {processor.py:183} INFO - Processing /opt/airflow/dags/daily_revenue_etl_dag.py took 0.108 seconds
[2026-03-17T03:54:41.225+0000] {processor.py:161} INFO - Started process (PID=585) to work on /opt/airflow/dags/daily_revenue_etl_dag.py
[2026-03-17T03:54:41.226+0000] {processor.py:830} INFO - Processing file /opt/airflow/dags/daily_revenue_etl_dag.py for tasks to queue
[2026-03-17T03:54:41.227+0000] {logging_mixin.py:188} INFO - [2026-03-17T03:54:41.227+0000] {dagbag.py:538} INFO - Filling up the DagBag from /opt/airflow/dags/daily_revenue_etl_dag.py
[2026-03-17T03:54:41.243+0000] {processor.py:840} INFO - DAG(s) 'daily_revenue_etl_dag' retrieved from /opt/airflow/dags/daily_revenue_etl_dag.py
[2026-03-17T03:54:41.274+0000] {logging_mixin.py:188} INFO - [2026-03-17T03:54:41.274+0000] {dag.py:3036} INFO - Sync 1 DAGs
[2026-03-17T03:54:41.297+0000] {logging_mixin.py:188} INFO - [2026-03-17T03:54:41.297+0000] {dag.py:3823} INFO - Setting next_dagrun for daily_revenue_etl_dag to 2026-03-17 00:00:00+00:00, run_after=2026-03-18 00:00:00+00:00
[2026-03-17T03:54:41.321+0000] {processor.py:183} INFO - Processing /opt/airflow/dags/daily_revenue_etl_dag.py took 0.100 seconds
[2026-03-17T03:55:11.430+0000] {processor.py:161} INFO - Started process (PID=590) to work on /opt/airflow/dags/daily_revenue_etl_dag.py
[2026-03-17T03:55:11.432+0000] {processor.py:830} INFO - Processing file /opt/airflow/dags/daily_revenue_etl_dag.py for tasks to queue
[2026-03-17T03:55:11.433+0000] {logging_mixin.py:188} INFO - [2026-03-17T03:55:11.433+0000] {dagbag.py:538} INFO - Filling up the DagBag from /opt/airflow/dags/daily_revenue_etl_dag.py
[2026-03-17T03:55:11.455+0000] {processor.py:840} INFO - DAG(s) 'daily_revenue_etl_dag' retrieved from /opt/airflow/dags/daily_revenue_etl_dag.py
[2026-03-17T03:55:11.491+0000] {logging_mixin.py:188} INFO - [2026-03-17T03:55:11.490+0000] {dag.py:3036} INFO - Sync 1 DAGs
[2026-03-17T03:55:11.519+0000] {logging_mixin.py:188} INFO - [2026-03-17T03:55:11.519+0000] {dag.py:3823} INFO - Setting next_dagrun for daily_revenue_etl_dag to 2026-03-17 00:00:00+00:00, run_after=2026-03-18 00:00:00+00:00
[2026-03-17T03:55:11.543+0000] {processor.py:183} INFO - Processing /opt/airflow/dags/daily_revenue_etl_dag.py took 0.118 seconds
[2026-03-17T03:56:10.966+0000] {processor.py:161} INFO - Started process (PID=596) to work on /opt/airflow/dags/daily_revenue_etl_dag.py
[2026-03-17T03:56:10.967+0000] {processor.py:830} INFO - Processing file /opt/airflow/dags/daily_revenue_etl_dag.py for tasks to queue
[2026-03-17T03:56:10.968+0000] {logging_mixin.py:188} INFO - [2026-03-17T03:56:10.968+0000] {dagbag.py:538} INFO - Filling up the DagBag from /opt/airflow/dags/daily_revenue_etl_dag.py
[2026-03-17T03:56:10.989+0000] {processor.py:840} INFO - DAG(s) 'daily_revenue_etl_dag' retrieved from /opt/airflow/dags/daily_revenue_etl_dag.py
[2026-03-17T03:32:53.189+0000] {logging_mixin.py:188} INFO - [2026-03-17T03:32:53.189+0000] {dag.py:3036} INFO - Sync 1 DAGs
[2026-03-17T03:32:53.249+0000] {logging_mixin.py:188} INFO - [2026-03-17T03:32:53.248+0000] {dag.py:3823} INFO - Setting next_dagrun for daily_revenue_etl_dag to 2026-03-17 00:00:00+00:00, run_after=2026-03-18 00:00:00+00:00
[2026-03-17T03:32:53.283+0000] {processor.py:183} INFO - Processing /opt/airflow/dags/daily_revenue_etl_dag.py took 0.156 seconds
[2026-03-17T03:33:23.503+0000] {processor.py:161} INFO - Started process (PID=601) to work on /opt/airflow/dags/daily_revenue_etl_dag.py
[2026-03-17T03:33:23.504+0000] {processor.py:830} INFO - Processing file /opt/airflow/dags/daily_revenue_etl_dag.py for tasks to queue
[2026-03-17T03:33:23.505+0000] {logging_mixin.py:188} INFO - [2026-03-17T03:33:23.505+0000] {dagbag.py:538} INFO - Filling up the DagBag from /opt/airflow/dags/daily_revenue_etl_dag.py
[2026-03-17T03:33:23.523+0000] {processor.py:840} INFO - DAG(s) 'daily_revenue_etl_dag' retrieved from /opt/airflow/dags/daily_revenue_etl_dag.py
[2026-03-17T03:33:23.548+0000] {logging_mixin.py:188} INFO - [2026-03-17T03:33:23.548+0000] {dag.py:3036} INFO - Sync 1 DAGs
[2026-03-17T03:56:41.444+0000] {logging_mixin.py:188} INFO - [2026-03-17T03:56:41.444+0000] {dag.py:3823} INFO - Setting next_dagrun for daily_revenue_etl_dag to 2026-03-17 00:00:00+00:00, run_after=2026-03-18 00:00:00+00:00
[2026-03-17T03:56:41.460+0000] {processor.py:183} INFO - Processing /opt/airflow/dags/daily_revenue_etl_dag.py took 0.087 seconds
[2026-03-17T03:57:11.609+0000] {processor.py:161} INFO - Started process (PID=606) to work on /opt/airflow/dags/daily_revenue_etl_dag.py
[2026-03-17T03:57:11.610+0000] {processor.py:830} INFO - Processing file /opt/airflow/dags/daily_revenue_etl_dag.py for tasks to queue
[2026-03-17T03:57:11.611+0000] {logging_mixin.py:188} INFO - [2026-03-17T03:57:11.611+0000] {dagbag.py:538} INFO - Filling up the DagBag from /opt/airflow/dags/daily_revenue_etl_dag.py
[2026-03-17T03:57:11.633+0000] {processor.py:840} INFO - DAG(s) 'daily_revenue_etl_dag' retrieved from /opt/airflow/dags/daily_revenue_etl_dag.py
[2026-03-17T03:57:11.660+0000] {logging_mixin.py:188} INFO - [2026-03-17T03:57:11.660+0000] {dag.py:3036} INFO - Sync 1 DAGs
[2026-03-17T03:57:11.683+0000] {logging_mixin.py:188} INFO - [2026-03-17T03:57:11.683+0000] {dag.py:3823} INFO - Setting next_dagrun for daily_revenue_etl_dag to 2026-03-17 00:00:00+00:00, run_after=2026-03-18 00:00:00+00:00
[2026-03-17T03:57:11.708+0000] {processor.py:183} INFO - Processing /opt/airflow/dags/daily_revenue_etl_dag.py took 0.102 seconds
[2026-03-17T03:34:53.235+0000] {processor.py:161} INFO - Started process (PID=611) to work on /opt/airflow/dags/daily_revenue_etl_dag.py
[2026-03-17T03:34:53.239+0000] {processor.py:830} INFO - Processing file /opt/airflow/dags/daily_revenue_etl_dag.py for tasks to queue
[2026-03-17T03:34:53.245+0000] {logging_mixin.py:188} INFO - [2026-03-17T03:34:53.242+0000] {dagbag.py:538} INFO - Filling up the DagBag from /opt/airflow/dags/daily_revenue_etl_dag.py
[2026-03-17T03:34:53.296+0000] {processor.py:840} INFO - DAG(s) 'daily_revenue_etl_dag' retrieved from /opt/airflow/dags/daily_revenue_etl_dag.py
[2026-03-17T03:34:53.348+0000] {logging_mixin.py:188} INFO - [2026-03-17T03:34:53.347+0000] {dag.py:3036} INFO - Sync 1 DAGs
[2026-03-17T03:34:53.417+0000] {logging_mixin.py:188} INFO - [2026-03-17T03:34:53.417+0000] {dag.py:3823} INFO - Setting next_dagrun for daily_revenue_etl_dag to 2026-03-17 00:00:00+00:00, run_after=2026-03-18 00:00:00+00:00
[2026-03-17T03:34:53.447+0000] {processor.py:183} INFO - Processing /opt/airflow/dags/daily_revenue_etl_dag.py took 0.220 seconds
[2026-03-17T03:35:23.691+0000] {processor.py:161} INFO - Started process (PID=616) to work on /opt/airflow/dags/daily_revenue_etl_dag.py
[2026-03-17T03:35:23.692+0000] {processor.py:830} INFO - Processing file /opt/airflow/dags/daily_revenue_etl_dag.py for tasks to queue
[2026-03-17T03:35:23.693+0000] {logging_mixin.py:188} INFO - [2026-03-17T03:35:23.693+0000] {dagbag.py:538} INFO - Filling up the DagBag from /opt/airflow/dags/daily_revenue_etl_dag.py
[2026-03-17T03:35:23.712+0000] {processor.py:840} INFO - DAG(s) 'daily_revenue_etl_dag' retrieved from /opt/airflow/dags/daily_revenue_etl_dag.py
[2026-03-17T03:35:23.736+0000] {logging_mixin.py:188} INFO - [2026-03-17T03:35:23.736+0000] {dag.py:3036} INFO - Sync 1 DAGs
[2026-03-17T03:35:23.755+0000] {logging_mixin.py:188} INFO - [2026-03-17T03:35:23.755+0000] {dag.py:3823} INFO - Setting next_dagrun for daily_revenue_etl_dag to 2026-03-17 00:00:00+00:00, run_after=2026-03-18 00:00:00+00:00
[2026-03-17T03:35:23.772+0000] {processor.py:183} INFO - Processing /opt/airflow/dags/daily_revenue_etl_dag.py took 0.085 seconds
[2026-03-17T03:58:46.671+0000] {processor.py:161} INFO - Started process (PID=621) to work on /opt/airflow/dags/daily_revenue_etl_dag.py
[2026-03-17T03:58:46.672+0000] {processor.py:830} INFO - Processing file /opt/airflow/dags/daily_revenue_etl_dag.py for tasks to queue
[2026-03-17T03:58:46.673+0000] {logging_mixin.py:188} INFO - [2026-03-17T03:58:46.673+0000] {dagbag.py:538} INFO - Filling up the DagBag from /opt/airflow/dags/daily_revenue_etl_dag.py
[2026-03-17T03:58:46.692+0000] {processor.py:840} INFO - DAG(s) 'daily_revenue_etl_dag' retrieved from /opt/airflow/dags/daily_revenue_etl_dag.py
[2026-03-17T03:58:46.719+0000] {logging_mixin.py:188} INFO - [2026-03-17T03:58:46.719+0000] {dag.py:3036} INFO - Sync 1 DAGs
[2026-03-17T03:58:46.744+0000] {logging_mixin.py:188} INFO - [2026-03-17T03:58:46.744+0000] {dag.py:3823} INFO - Setting next_dagrun for daily_revenue_etl_dag to 2026-03-17 00:00:00+00:00, run_after=2026-03-18 00:00:00+00:00
[2026-03-17T03:58:46.762+0000] {processor.py:183} INFO - Processing /opt/airflow/dags/daily_revenue_etl_dag.py took 0.095 seconds
[2026-03-17T03:59:16.864+0000] {processor.py:161} INFO - Started process (PID=627) to work on /opt/airflow/dags/daily_revenue_etl_dag.py
[2026-03-17T03:59:16.865+0000] {processor.py:830} INFO - Processing file /opt/airflow/dags/daily_revenue_etl_dag.py for tasks to queue
[2026-03-17T03:59:16.866+0000] {logging_mixin.py:188} INFO - [2026-03-17T03:59:16.866+0000] {dagbag.py:538} INFO - Filling up the DagBag from /opt/airflow/dags/daily_revenue_etl_dag.py
[2026-03-17T03:59:16.883+0000] {processor.py:840} INFO - DAG(s) 'daily_revenue_etl_dag' retrieved from /opt/airflow/dags/daily_revenue_etl_dag.py
[2026-03-17T03:59:16.910+0000] {logging_mixin.py:188} INFO - [2026-03-17T03:59:16.910+0000] {dag.py:3036} INFO - Sync 1 DAGs
[2026-03-17T03:59:16.929+0000] {logging_mixin.py:188} INFO - [2026-03-17T03:59:16.929+0000] {dag.py:3823} INFO - Setting next_dagrun for daily_revenue_etl_dag to 2026-03-17 00:00:00+00:00, run_after=2026-03-18 00:00:00+00:00
[2026-03-17T03:35:59.112+0000] {processor.py:183} INFO - Processing /opt/airflow/dags/daily_revenue_etl_dag.py took 0.089 seconds
[2026-03-17T03:36:23.262+0000] {processor.py:161} INFO - Started process (PID=632) to work on /opt/airflow/dags/daily_revenue_etl_dag.py
[2026-03-17T03:36:23.263+0000] {processor.py:830} INFO - Processing file /opt/airflow/dags/daily_revenue_etl_dag.py for tasks to queue
[2026-03-17T03:36:23.265+0000] {logging_mixin.py:188} INFO - [2026-03-17T03:36:23.265+0000] {dagbag.py:538} INFO - Filling up the DagBag from /opt/airflow/dags/daily_revenue_etl_dag.py
[2026-03-17T03:36:23.284+0000] {processor.py:840} INFO - DAG(s) 'daily_revenue_etl_dag' retrieved from /opt/airflow/dags/daily_revenue_etl_dag.py
[2026-03-17T03:36:23.316+0000] {logging_mixin.py:188} INFO - [2026-03-17T03:36:23.316+0000] {dag.py:3036} INFO - Sync 1 DAGs
[2026-03-17T03:36:23.344+0000] {logging_mixin.py:188} INFO - [2026-03-17T03:36:23.343+0000] {dag.py:3823} INFO - Setting next_dagrun for daily_revenue_etl_dag to 2026-03-17 00:00:00+00:00, run_after=2026-03-18 00:00:00+00:00
[2026-03-17T03:36:23.363+0000] {processor.py:183} INFO - Processing /opt/airflow/dags/daily_revenue_etl_dag.py took 0.104 seconds
[2026-03-17T03:36:53.490+0000] {processor.py:161} INFO - Started process (PID=637) to work on /opt/airflow/dags/daily_revenue_etl_dag.py
[2026-03-17T03:36:53.492+0000] {processor.py:830} INFO - Processing file /opt/airflow/dags/daily_revenue_etl_dag.py for tasks to queue
[2026-03-17T03:36:53.492+0000] {logging_mixin.py:188} INFO - [2026-03-17T03:36:53.492+0000] {dagbag.py:538} INFO - Filling up the DagBag from /opt/airflow/dags/daily_revenue_etl_dag.py
[2026-03-17T03:36:53.508+0000] {processor.py:840} INFO - DAG(s) 'daily_revenue_etl_dag' retrieved from /opt/airflow/dags/daily_revenue_etl_dag.py
[2026-03-17T03:36:53.533+0000] {logging_mixin.py:188} INFO - [2026-03-17T03:36:53.533+0000] {dag.py:3036} INFO - Sync 1 DAGs
[2026-03-17T03:36:53.552+0000] {logging_mixin.py:188} INFO - [2026-03-17T03:36:53.552+0000] {dag.py:3823} INFO - Setting next_dagrun for daily_revenue_etl_dag to 2026-03-17 00:00:00+00:00, run_after=2026-03-18 00:00:00+00:00
[2026-03-17T03:36:53.569+0000] {processor.py:183} INFO - Processing /opt/airflow/dags/daily_revenue_etl_dag.py took 0.082 seconds
[2026-03-17T03:37:23.894+0000] {processor.py:161} INFO - Started process (PID=642) to work on /opt/airflow/dags/daily_revenue_etl_dag.py
[2026-03-17T03:37:23.897+0000] {processor.py:830} INFO - Processing file /opt/airflow/dags/daily_revenue_etl_dag.py for tasks to queue
[2026-03-17T03:37:23.899+0000] {logging_mixin.py:188} INFO - [2026-03-17T03:37:23.898+0000] {dagbag.py:538} INFO - Filling up the DagBag from /opt/airflow/dags/daily_revenue_etl_dag.py
[2026-03-17T04:00:41.833+0000] {processor.py:840} INFO - DAG(s) 'daily_revenue_etl_dag' retrieved from /opt/airflow/dags/daily_revenue_etl_dag.py
[2026-03-17T04:00:41.872+0000] {logging_mixin.py:188} INFO - [2026-03-17T04:00:41.871+0000] {dag.py:3036} INFO - Sync 1 DAGs
[2026-03-17T04:00:41.933+0000] {logging_mixin.py:188} INFO - [2026-03-17T04:00:41.932+0000] {dag.py:3823} INFO - Setting next_dagrun for daily_revenue_etl_dag to 2026-03-17 00:00:00+00:00, run_after=2026-03-18 00:00:00+00:00
[2026-03-17T04:00:41.986+0000] {processor.py:183} INFO - Processing /opt/airflow/dags/daily_revenue_etl_dag.py took 0.233 seconds
[2026-03-17T04:01:17.015+0000] {processor.py:161} INFO - Started process (PID=647) to work on /opt/airflow/dags/daily_revenue_etl_dag.py
[2026-03-17T04:01:17.016+0000] {processor.py:830} INFO - Processing file /opt/airflow/dags/daily_revenue_etl_dag.py for tasks to queue
[2026-03-17T04:01:17.017+0000] {logging_mixin.py:188} INFO - [2026-03-17T04:01:17.017+0000] {dagbag.py:538} INFO - Filling up the DagBag from /opt/airflow/dags/daily_revenue_etl_dag.py
[2026-03-17T04:01:17.036+0000] {processor.py:840} INFO - DAG(s) 'daily_revenue_etl_dag' retrieved from /opt/airflow/dags/daily_revenue_etl_dag.py
[2026-03-17T04:01:17.062+0000] {logging_mixin.py:188} INFO - [2026-03-17T04:01:17.062+0000] {dag.py:3036} INFO - Sync 1 DAGs
[2026-03-17T04:01:17.081+0000] {logging_mixin.py:188} INFO - [2026-03-17T04:01:17.081+0000] {dag.py:3823} INFO - Setting next_dagrun for daily_revenue_etl_dag to 2026-03-17 00:00:00+00:00, run_after=2026-03-18 00:00:00+00:00
[2026-03-17T04:01:17.102+0000] {processor.py:183} INFO - Processing /opt/airflow/dags/daily_revenue_etl_dag.py took 0.091 seconds
[2026-03-17T04:01:47.225+0000] {processor.py:161} INFO - Started process (PID=652) to work on /opt/airflow/dags/daily_revenue_etl_dag.py
[2026-03-17T04:01:47.226+0000] {processor.py:830} INFO - Processing file /opt/airflow/dags/daily_revenue_etl_dag.py for tasks to queue
[2026-03-17T04:01:47.227+0000] {logging_mixin.py:188} INFO - [2026-03-17T04:01:47.227+0000] {dagbag.py:538} INFO - Filling up the DagBag from /opt/airflow/dags/daily_revenue_etl_dag.py
[2026-03-17T04:01:47.246+0000] {processor.py:840} INFO - DAG(s) 'daily_revenue_etl_dag' retrieved from /opt/airflow/dags/daily_revenue_etl_dag.py
[2026-03-17T03:38:29.406+0000] {logging_mixin.py:188} INFO - [2026-03-17T03:38:29.406+0000] {dag.py:3036} INFO - Sync 1 DAGs
[2026-03-17T03:38:29.426+0000] {logging_mixin.py:188} INFO - [2026-03-17T03:38:29.426+0000] {dag.py:3823} INFO - Setting next_dagrun for daily_revenue_etl_dag to 2026-03-17 00:00:00+00:00, run_after=2026-03-18 00:00:00+00:00
[2026-03-17T03:38:29.443+0000] {processor.py:183} INFO - Processing /opt/airflow/dags/daily_revenue_etl_dag.py took 0.087 seconds
[2026-03-17T03:38:59.707+0000] {processor.py:161} INFO - Started process (PID=658) to work on /opt/airflow/dags/daily_revenue_etl_dag.py
[2026-03-17T03:38:59.708+0000] {processor.py:830} INFO - Processing file /opt/airflow/dags/daily_revenue_etl_dag.py for tasks to queue
[2026-03-17T03:38:59.709+0000] {logging_mixin.py:188} INFO - [2026-03-17T03:38:59.709+0000] {dagbag.py:538} INFO - Filling up the DagBag from /opt/airflow/dags/daily_revenue_etl_dag.py
[2026-03-17T03:38:59.727+0000] {processor.py:840} INFO - DAG(s) 'daily_revenue_etl_dag' retrieved from /opt/airflow/dags/daily_revenue_etl_dag.py
[2026-03-17T03:38:59.751+0000] {logging_mixin.py:188} INFO - [2026-03-17T03:38:59.750+0000] {dag.py:3036} INFO - Sync 1 DAGs
[2026-03-17T03:38:59.769+0000] {logging_mixin.py:188} INFO - [2026-03-17T03:38:59.769+0000] {dag.py:3823} INFO - Setting next_dagrun for daily_revenue_etl_dag to 2026-03-17 00:00:00+00:00, run_after=2026-03-18 00:00:00+00:00
[2026-03-17T03:38:59.786+0000] {processor.py:183} INFO - Processing /opt/airflow/dags/daily_revenue_etl_dag.py took 0.081 seconds
[2026-03-17T03:39:29.928+0000] {processor.py:161} INFO - Started process (PID=663) to work on /opt/airflow/dags/daily_revenue_etl_dag.py
[2026-03-17T03:39:29.930+0000] {processor.py:830} INFO - Processing file /opt/airflow/dags/daily_revenue_etl_dag.py for tasks to queue
[2026-03-17T03:39:29.932+0000] {logging_mixin.py:188} INFO - [2026-03-17T03:39:29.932+0000] {dagbag.py:538} INFO - Filling up the DagBag from /opt/airflow/dags/daily_revenue_etl_dag.py
[2026-03-17T03:39:29.970+0000] {processor.py:840} INFO - DAG(s) 'daily_revenue_etl_dag' retrieved from /opt/airflow/dags/daily_revenue_etl_dag.py
[2026-03-17T03:39:30.005+0000] {logging_mixin.py:188} INFO - [2026-03-17T03:39:30.005+0000] {dag.py:3036} INFO - Sync 1 DAGs
[2026-03-17T03:39:30.036+0000] {logging_mixin.py:188} INFO - [2026-03-17T03:39:30.036+0000] {dag.py:3823} INFO - Setting next_dagrun for daily_revenue_etl_dag to 2026-03-17 00:00:00+00:00, run_after=2026-03-18 00:00:00+00:00
[2026-03-17T03:39:30.062+0000] {processor.py:183} INFO - Processing /opt/airflow/dags/daily_revenue_etl_dag.py took 0.140 seconds
[2026-03-17T04:03:10.984+0000] {processor.py:161} INFO - Started process (PID=668) to work on /opt/airflow/dags/daily_revenue_etl_dag.py
[2026-03-17T04:03:10.985+0000] {processor.py:830} INFO - Processing file /opt/airflow/dags/daily_revenue_etl_dag.py for tasks to queue
[2026-03-17T04:03:10.986+0000] {logging_mixin.py:188} INFO - [2026-03-17T04:03:10.986+0000] {dagbag.py:538} INFO - Filling up the DagBag from /opt/airflow/dags/daily_revenue_etl_dag.py
[2026-03-17T04:03:11.006+0000] {processor.py:840} INFO - DAG(s) 'daily_revenue_etl_dag' retrieved from /opt/airflow/dags/daily_revenue_etl_dag.py
[2026-03-17T04:03:11.035+0000] {logging_mixin.py:188} INFO - [2026-03-17T04:03:11.035+0000] {dag.py:3036} INFO - Sync 1 DAGs
[2026-03-17T04:03:11.060+0000] {logging_mixin.py:188} INFO - [2026-03-17T04:03:11.060+0000] {dag.py:3823} INFO - Setting next_dagrun for daily_revenue_etl_dag to 2026-03-17 00:00:00+00:00, run_after=2026-03-18 00:00:00+00:00
[2026-03-17T04:03:11.081+0000] {processor.py:183} INFO - Processing /opt/airflow/dags/daily_revenue_etl_dag.py took 0.101 seconds
[2026-03-17T04:03:42.353+0000] {processor.py:161} INFO - Started process (PID=673) to work on /opt/airflow/dags/daily_revenue_etl_dag.py
[2026-03-17T04:03:42.354+0000] {processor.py:830} INFO - Processing file /opt/airflow/dags/daily_revenue_etl_dag.py for tasks to queue
[2026-03-17T04:03:42.355+0000] {logging_mixin.py:188} INFO - [2026-03-17T04:03:42.355+0000] {dagbag.py:538} INFO - Filling up the DagBag from /opt/airflow/dags/daily_revenue_etl_dag.py
[2026-03-17T04:03:42.374+0000] {processor.py:840} INFO - DAG(s) 'daily_revenue_etl_dag' retrieved from /opt/airflow/dags/daily_revenue_etl_dag.py
[2026-03-17T04:03:42.398+0000] {logging_mixin.py:188} INFO - [2026-03-17T04:03:42.398+0000] {dag.py:3036} INFO - Sync 1 DAGs
[2026-03-17T03:40:24.592+0000] {logging_mixin.py:188} INFO - [2026-03-17T03:40:24.591+0000] {dag.py:3823} INFO - Setting next_dagrun for daily_revenue_etl_dag to 2026-03-17 00:00:00+00:00, run_after=2026-03-18 00:00:00+00:00
[2026-03-17T03:40:24.609+0000] {processor.py:183} INFO - Processing /opt/airflow/dags/daily_revenue_etl_dag.py took 0.088 seconds
[2026-03-17T03:40:29.609+0000] {processor.py:161} INFO - Started process (PID=678) to work on /opt/airflow/dags/daily_revenue_etl_dag.py
[2026-03-17T03:40:29.612+0000] {processor.py:830} INFO - Processing file /opt/airflow/dags/daily_revenue_etl_dag.py for tasks to queue
[2026-03-17T03:40:29.614+0000] {logging_mixin.py:188} INFO - [2026-03-17T03:40:29.613+0000] {dagbag.py:538} INFO - Filling up the DagBag from /opt/airflow/dags/daily_revenue_etl_dag.py
[2026-03-17T03:40:29.659+0000] {processor.py:840} INFO - DAG(s) 'daily_revenue_etl_dag' retrieved from /opt/airflow/dags/daily_revenue_etl_dag.py
[2026-03-17T03:40:29.712+0000] {logging_mixin.py:188} INFO - [2026-03-17T03:40:29.712+0000] {dag.py:3036} INFO - Sync 1 DAGs
[2026-03-17T03:40:29.745+0000] {logging_mixin.py:188} INFO - [2026-03-17T03:40:29.745+0000] {dag.py:3823} INFO - Setting next_dagrun for daily_revenue_etl_dag to 2026-03-17 00:00:00+00:00, run_after=2026-03-18 00:00:00+00:00
[2026-03-17T03:40:29.774+0000] {processor.py:183} INFO - Processing /opt/airflow/dags/daily_revenue_etl_dag.py took 0.177 seconds
[2026-03-17T03:40:59.913+0000] {processor.py:161} INFO - Started process (PID=683) to work on /opt/airflow/dags/daily_revenue_etl_dag.py
[2026-03-17T03:40:59.916+0000] {processor.py:830} INFO - Processing file /opt/airflow/dags/daily_revenue_etl_dag.py for tasks to queue
[2026-03-17T03:40:59.920+0000] {logging_mixin.py:188} INFO - [2026-03-17T03:40:59.919+0000] {dagbag.py:538} INFO - Filling up the DagBag from /opt/airflow/dags/daily_revenue_etl_dag.py
[2026-03-17T03:40:59.973+0000] {processor.py:840} INFO - DAG(s) 'daily_revenue_etl_dag' retrieved from /opt/airflow/dags/daily_revenue_etl_dag.py
[2026-03-17T03:41:00.033+0000] {logging_mixin.py:188} INFO - [2026-03-17T03:41:00.032+0000] {dag.py:3036} INFO - Sync 1 DAGs
[2026-03-17T03:41:00.070+0000] {logging_mixin.py:188} INFO - [2026-03-17T03:41:00.070+0000] {dag.py:3823} INFO - Setting next_dagrun for daily_revenue_etl_dag to 2026-03-17 00:00:00+00:00, run_after=2026-03-18 00:00:00+00:00
[2026-03-17T03:41:00.111+0000] {processor.py:183} INFO - Processing /opt/airflow/dags/daily_revenue_etl_dag.py took 0.205 seconds
[2026-03-17T04:04:41.060+0000] {processor.py:161} INFO - Started process (PID=688) to work on /opt/airflow/dags/daily_revenue_etl_dag.py
[2026-03-17T04:04:41.063+0000] {processor.py:830} INFO - Processing file /opt/airflow/dags/daily_revenue_etl_dag.py for tasks to queue
[2026-03-17T04:04:41.065+0000] {logging_mixin.py:188} INFO - [2026-03-17T04:04:41.064+0000] {dagbag.py:538} INFO - Filling up the DagBag from /opt/airflow/dags/daily_revenue_etl_dag.py
[2026-03-17T04:04:41.102+0000] {processor.py:840} INFO - DAG(s) 'daily_revenue_etl_dag' retrieved from /opt/airflow/dags/daily_revenue_etl_dag.py
[2026-03-17T03:41:23.295+0000] {logging_mixin.py:188} INFO - [2026-03-17T04:04:41.155+0000] {dag.py:3036} INFO - Sync 1 DAGs
[2026-03-17T03:41:23.342+0000] {logging_mixin.py:188} INFO - [2026-03-17T03:41:23.341+0000] {dag.py:3823} INFO - Setting next_dagrun for daily_revenue_etl_dag to 2026-03-17 00:00:00+00:00, run_after=2026-03-18 00:00:00+00:00
[2026-03-17T03:41:23.386+0000] {processor.py:183} INFO - Processing /opt/airflow/dags/daily_revenue_etl_dag.py took 0.194 seconds
[2026-03-17T04:04:42.331+0000] {processor.py:161} INFO - Started process (PID=693) to work on /opt/airflow/dags/daily_revenue_etl_dag.py
[2026-03-17T04:04:42.334+0000] {processor.py:830} INFO - Processing file /opt/airflow/dags/daily_revenue_etl_dag.py for tasks to queue
[2026-03-17T04:04:42.336+0000] {logging_mixin.py:188} INFO - [2026-03-17T04:04:42.335+0000] {dagbag.py:538} INFO - Filling up the DagBag from /opt/airflow/dags/daily_revenue_etl_dag.py
[2026-03-17T04:04:42.390+0000] {processor.py:840} INFO - DAG(s) 'daily_revenue_etl_dag' retrieved from /opt/airflow/dags/daily_revenue_etl_dag.py
[2026-03-17T04:04:42.478+0000] {logging_mixin.py:188} INFO - [2026-03-17T04:04:42.477+0000] {dag.py:3036} INFO - Sync 1 DAGs
[2026-03-17T03:41:24.695+0000] {logging_mixin.py:188} INFO - [2026-03-17T03:41:24.694+0000] {dag.py:3823} INFO - Setting next_dagrun for daily_revenue_etl_dag to 2026-03-17 00:00:00+00:00, run_after=2026-03-18 00:00:00+00:00
[2026-03-17T03:41:24.736+0000] {processor.py:183} INFO - Processing /opt/airflow/dags/daily_revenue_etl_dag.py took 0.247 seconds
[2026-03-17T04:04:47.371+0000] {processor.py:161} INFO - Started process (PID=698) to work on /opt/airflow/dags/daily_revenue_etl_dag.py
[2026-03-17T04:04:47.373+0000] {processor.py:830} INFO - Processing file /opt/airflow/dags/daily_revenue_etl_dag.py for tasks to queue
[2026-03-17T04:04:47.374+0000] {logging_mixin.py:188} INFO - [2026-03-17T04:04:47.374+0000] {dagbag.py:538} INFO - Filling up the DagBag from /opt/airflow/dags/daily_revenue_etl_dag.py
[2026-03-17T04:04:47.407+0000] {processor.py:840} INFO - DAG(s) 'daily_revenue_etl_dag' retrieved from /opt/airflow/dags/daily_revenue_etl_dag.py
[2026-03-17T04:04:47.450+0000] {logging_mixin.py:188} INFO - [2026-03-17T04:04:47.450+0000] {dag.py:3036} INFO - Sync 1 DAGs
[2026-03-17T04:04:47.485+0000] {logging_mixin.py:188} INFO - [2026-03-17T04:04:47.484+0000] {dag.py:3823} INFO - Setting next_dagrun for daily_revenue_etl_dag to 2026-03-17 00:00:00+00:00, run_after=2026-03-18 00:00:00+00:00
[2026-03-17T04:04:47.513+0000] {processor.py:183} INFO - Processing /opt/airflow/dags/daily_revenue_etl_dag.py took 0.151 seconds
[2026-03-17T04:04:52.418+0000] {processor.py:161} INFO - Started process (PID=703) to work on /opt/airflow/dags/daily_revenue_etl_dag.py
[2026-03-17T04:04:52.419+0000] {processor.py:830} INFO - Processing file /opt/airflow/dags/daily_revenue_etl_dag.py for tasks to queue
[2026-03-17T04:04:52.420+0000] {logging_mixin.py:188} INFO - [2026-03-17T04:04:52.420+0000] {dagbag.py:538} INFO - Filling up the DagBag from /opt/airflow/dags/daily_revenue_etl_dag.py
[2026-03-17T04:04:52.437+0000] {processor.py:840} INFO - DAG(s) 'daily_revenue_etl_dag' retrieved from /opt/airflow/dags/daily_revenue_etl_dag.py
[2026-03-17T04:04:52.459+0000] {logging_mixin.py:188} INFO - [2026-03-17T04:04:52.459+0000] {dag.py:3036} INFO - Sync 1 DAGs
[2026-03-17T04:04:52.476+0000] {logging_mixin.py:188} INFO - [2026-03-17T04:04:52.476+0000] {dag.py:3823} INFO - Setting next_dagrun for daily_revenue_etl_dag to 2026-03-17 00:00:00+00:00, run_after=2026-03-18 00:00:00+00:00
[2026-03-17T04:04:52.493+0000] {processor.py:183} INFO - Processing /opt/airflow/dags/daily_revenue_etl_dag.py took 0.078 seconds
[2026-03-17T04:06:11.063+0000] {processor.py:161} INFO - Started process (PID=709) to work on /opt/airflow/dags/daily_revenue_etl_dag.py
[2026-03-17T04:06:11.064+0000] {processor.py:830} INFO - Processing file /opt/airflow/dags/daily_revenue_etl_dag.py for tasks to queue
[2026-03-17T04:06:11.066+0000] {logging_mixin.py:188} INFO - [2026-03-17T04:06:11.065+0000] {dagbag.py:538} INFO - Filling up the DagBag from /opt/airflow/dags/daily_revenue_etl_dag.py
[2026-03-17T04:06:11.094+0000] {processor.py:840} INFO - DAG(s) 'daily_revenue_etl_dag' retrieved from /opt/airflow/dags/daily_revenue_etl_dag.py
[2026-03-17T03:42:53.303+0000] {logging_mixin.py:188} INFO - [2026-03-17T03:42:53.302+0000] {dag.py:3036} INFO - Sync 1 DAGs
[2026-03-17T03:42:53.325+0000] {logging_mixin.py:188} INFO - [2026-03-17T03:42:53.325+0000] {dag.py:3823} INFO - Setting next_dagrun for daily_revenue_etl_dag to 2026-03-17 00:00:00+00:00, run_after=2026-03-18 00:00:00+00:00
[2026-03-17T03:42:53.341+0000] {processor.py:183} INFO - Processing /opt/airflow/dags/daily_revenue_etl_dag.py took 0.107 seconds
[2026-03-17T03:43:23.496+0000] {processor.py:161} INFO - Started process (PID=714) to work on /opt/airflow/dags/daily_revenue_etl_dag.py
[2026-03-17T03:43:23.497+0000] {processor.py:830} INFO - Processing file /opt/airflow/dags/daily_revenue_etl_dag.py for tasks to queue
[2026-03-17T03:43:23.498+0000] {logging_mixin.py:188} INFO - [2026-03-17T03:43:23.498+0000] {dagbag.py:538} INFO - Filling up the DagBag from /opt/airflow/dags/daily_revenue_etl_dag.py
[2026-03-17T03:43:23.520+0000] {processor.py:840} INFO - DAG(s) 'daily_revenue_etl_dag' retrieved from /opt/airflow/dags/daily_revenue_etl_dag.py
[2026-03-17T03:43:23.552+0000] {logging_mixin.py:188} INFO - [2026-03-17T03:43:23.551+0000] {dag.py:3036} INFO - Sync 1 DAGs
[2026-03-17T03:43:23.572+0000] {logging_mixin.py:188} INFO - [2026-03-17T03:43:23.571+0000] {dag.py:3823} INFO - Setting next_dagrun for daily_revenue_etl_dag to 2026-03-17 00:00:00+00:00, run_after=2026-03-18 00:00:00+00:00
[2026-03-17T03:43:23.587+0000] {processor.py:183} INFO - Processing /opt/airflow/dags/daily_revenue_etl_dag.py took 0.094 seconds
[2026-03-17T04:06:52.512+0000] {processor.py:161} INFO - Started process (PID=719) to work on /opt/airflow/dags/daily_revenue_etl_dag.py
[2026-03-17T04:06:52.513+0000] {processor.py:830} INFO - Processing file /opt/airflow/dags/daily_revenue_etl_dag.py for tasks to queue
[2026-03-17T04:06:52.514+0000] {logging_mixin.py:188} INFO - [2026-03-17T04:06:52.514+0000] {dagbag.py:538} INFO - Filling up the DagBag from /opt/airflow/dags/daily_revenue_etl_dag.py
[2026-03-17T04:06:52.536+0000] {processor.py:840} INFO - DAG(s) 'daily_revenue_etl_dag' retrieved from /opt/airflow/dags/daily_revenue_etl_dag.py
[2026-03-17T04:06:52.571+0000] {logging_mixin.py:188} INFO - [2026-03-17T04:06:52.571+0000] {dag.py:3036} INFO - Sync 1 DAGs
[2026-03-17T04:06:52.593+0000] {logging_mixin.py:188} INFO - [2026-03-17T04:06:52.593+0000] {dag.py:3823} INFO - Setting next_dagrun for daily_revenue_etl_dag to 2026-03-17 00:00:00+00:00, run_after=2026-03-18 00:00:00+00:00
[2026-03-17T04:06:52.611+0000] {processor.py:183} INFO - Processing /opt/airflow/dags/daily_revenue_etl_dag.py took 0.102 seconds
[2026-03-17T04:07:22.740+0000] {processor.py:161} INFO - Started process (PID=724) to work on /opt/airflow/dags/daily_revenue_etl_dag.py
[2026-03-17T04:07:22.741+0000] {processor.py:830} INFO - Processing file /opt/airflow/dags/daily_revenue_etl_dag.py for tasks to queue
[2026-03-17T04:07:22.742+0000] {logging_mixin.py:188} INFO - [2026-03-17T04:07:22.742+0000] {dagbag.py:538} INFO - Filling up the DagBag from /opt/airflow/dags/daily_revenue_etl_dag.py
[2026-03-17T04:07:22.769+0000] {processor.py:840} INFO - DAG(s) 'daily_revenue_etl_dag' retrieved from /opt/airflow/dags/daily_revenue_etl_dag.py
[2026-03-17T03:44:04.987+0000] {logging_mixin.py:188} INFO - [2026-03-17T03:44:04.987+0000] {dag.py:3036} INFO - Sync 1 DAGs
[2026-03-17T03:44:05.020+0000] {logging_mixin.py:188} INFO - [2026-03-17T03:44:05.019+0000] {dag.py:3823} INFO - Setting next_dagrun for daily_revenue_etl_dag to 2026-03-17 00:00:00+00:00, run_after=2026-03-18 00:00:00+00:00
[2026-03-17T03:44:05.055+0000] {processor.py:183} INFO - Processing /opt/airflow/dags/daily_revenue_etl_dag.py took 0.142 seconds
[2026-03-17T04:07:41.030+0000] {processor.py:161} INFO - Started process (PID=729) to work on /opt/airflow/dags/daily_revenue_etl_dag.py
[2026-03-17T04:07:41.031+0000] {processor.py:830} INFO - Processing file /opt/airflow/dags/daily_revenue_etl_dag.py for tasks to queue
[2026-03-17T04:07:41.032+0000] {logging_mixin.py:188} INFO - [2026-03-17T04:07:41.031+0000] {dagbag.py:538} INFO - Filling up the DagBag from /opt/airflow/dags/daily_revenue_etl_dag.py
[2026-03-17T04:07:41.049+0000] {processor.py:840} INFO - DAG(s) 'daily_revenue_etl_dag' retrieved from /opt/airflow/dags/daily_revenue_etl_dag.py
[2026-03-17T04:07:41.069+0000] {logging_mixin.py:188} INFO - [2026-03-17T04:07:41.069+0000] {dag.py:3036} INFO - Sync 1 DAGs
[2026-03-17T04:07:41.088+0000] {logging_mixin.py:188} INFO - [2026-03-17T04:07:41.088+0000] {dag.py:3823} INFO - Setting next_dagrun for daily_revenue_etl_dag to 2026-03-17 00:00:00+00:00, run_after=2026-03-18 00:00:00+00:00
[2026-03-17T04:07:41.108+0000] {processor.py:183} INFO - Processing /opt/airflow/dags/daily_revenue_etl_dag.py took 0.080 seconds
[2026-03-17T04:08:47.675+0000] {processor.py:161} INFO - Started process (PID=734) to work on /opt/airflow/dags/daily_revenue_etl_dag.py
[2026-03-17T04:08:47.676+0000] {processor.py:830} INFO - Processing file /opt/airflow/dags/daily_revenue_etl_dag.py for tasks to queue
[2026-03-17T04:08:47.677+0000] {logging_mixin.py:188} INFO - [2026-03-17T04:08:47.677+0000] {dagbag.py:538} INFO - Filling up the DagBag from /opt/airflow/dags/daily_revenue_etl_dag.py
[2026-03-17T04:08:47.695+0000] {processor.py:840} INFO - DAG(s) 'daily_revenue_etl_dag' retrieved from /opt/airflow/dags/daily_revenue_etl_dag.py
[2026-03-17T04:08:47.720+0000] {logging_mixin.py:188} INFO - [2026-03-17T04:08:47.719+0000] {dag.py:3036} INFO - Sync 1 DAGs
[2026-03-17T04:08:47.739+0000] {logging_mixin.py:188} INFO - [2026-03-17T04:08:47.739+0000] {dag.py:3823} INFO - Setting next_dagrun for daily_revenue_etl_dag to 2026-03-17 00:00:00+00:00, run_after=2026-03-18 00:00:00+00:00
[2026-03-17T04:08:47.757+0000] {processor.py:183} INFO - Processing /opt/airflow/dags/daily_revenue_etl_dag.py took 0.086 seconds
[2026-03-17T04:09:17.941+0000] {processor.py:161} INFO - Started process (PID=740) to work on /opt/airflow/dags/daily_revenue_etl_dag.py
[2026-03-17T04:09:17.942+0000] {processor.py:830} INFO - Processing file /opt/airflow/dags/daily_revenue_etl_dag.py for tasks to queue
[2026-03-17T04:09:17.944+0000] {logging_mixin.py:188} INFO - [2026-03-17T04:09:17.943+0000] {dagbag.py:538} INFO - Filling up the DagBag from /opt/airflow/dags/daily_revenue_etl_dag.py
[2026-03-17T03:46:00.146+0000] {processor.py:840} INFO - DAG(s) 'daily_revenue_etl_dag' retrieved from /opt/airflow/dags/daily_revenue_etl_dag.py
[2026-03-17T03:46:00.181+0000] {logging_mixin.py:188} INFO - [2026-03-17T03:46:00.181+0000] {dag.py:3036} INFO - Sync 1 DAGs
[2026-03-17T03:46:00.211+0000] {logging_mixin.py:188} INFO - [2026-03-17T03:46:00.210+0000] {dag.py:3823} INFO - Setting next_dagrun for daily_revenue_etl_dag to 2026-03-17 00:00:00+00:00, run_after=2026-03-18 00:00:00+00:00
[2026-03-17T03:46:00.238+0000] {processor.py:183} INFO - Processing /opt/airflow/dags/daily_revenue_etl_dag.py took 0.123 seconds
[2026-03-17T04:09:41.182+0000] {processor.py:161} INFO - Started process (PID=745) to work on /opt/airflow/dags/daily_revenue_etl_dag.py
[2026-03-17T04:09:41.184+0000] {processor.py:830} INFO - Processing file /opt/airflow/dags/daily_revenue_etl_dag.py for tasks to queue
[2026-03-17T04:09:41.185+0000] {logging_mixin.py:188} INFO - [2026-03-17T04:09:41.185+0000] {dagbag.py:538} INFO - Filling up the DagBag from /opt/airflow/dags/daily_revenue_etl_dag.py
[2026-03-17T04:09:41.209+0000] {processor.py:840} INFO - DAG(s) 'daily_revenue_etl_dag' retrieved from /opt/airflow/dags/daily_revenue_etl_dag.py
[2026-03-17T03:46:23.372+0000] {logging_mixin.py:188} INFO - [2026-03-17T03:46:23.372+0000] {dag.py:3036} INFO - Sync 1 DAGs
[2026-03-17T03:46:23.398+0000] {logging_mixin.py:188} INFO - [2026-03-17T03:46:23.398+0000] {dag.py:3823} INFO - Setting next_dagrun for daily_revenue_etl_dag to 2026-03-17 00:00:00+00:00, run_after=2026-03-18 00:00:00+00:00
[2026-03-17T03:46:23.418+0000] {processor.py:183} INFO - Processing /opt/airflow/dags/daily_revenue_etl_dag.py took 0.108 seconds
[2026-03-17T03:46:53.591+0000] {processor.py:161} INFO - Started process (PID=750) to work on /opt/airflow/dags/daily_revenue_etl_dag.py
[2026-03-17T03:46:53.592+0000] {processor.py:830} INFO - Processing file /opt/airflow/dags/daily_revenue_etl_dag.py for tasks to queue
[2026-03-17T03:46:53.593+0000] {logging_mixin.py:188} INFO - [2026-03-17T03:46:53.593+0000] {dagbag.py:538} INFO - Filling up the DagBag from /opt/airflow/dags/daily_revenue_etl_dag.py
[2026-03-17T03:46:53.612+0000] {processor.py:840} INFO - DAG(s) 'daily_revenue_etl_dag' retrieved from /opt/airflow/dags/daily_revenue_etl_dag.py
[2026-03-17T03:46:53.638+0000] {logging_mixin.py:188} INFO - [2026-03-17T03:46:53.638+0000] {dag.py:3036} INFO - Sync 1 DAGs
[2026-03-17T03:46:53.659+0000] {logging_mixin.py:188} INFO - [2026-03-17T03:46:53.659+0000] {dag.py:3823} INFO - Setting next_dagrun for daily_revenue_etl_dag to 2026-03-17 00:00:00+00:00, run_after=2026-03-18 00:00:00+00:00
[2026-03-17T03:46:53.674+0000] {processor.py:183} INFO - Processing /opt/airflow/dags/daily_revenue_etl_dag.py took 0.087 seconds
[2026-03-17T03:47:23.894+0000] {processor.py:161} INFO - Started process (PID=755) to work on /opt/airflow/dags/daily_revenue_etl_dag.py
[2026-03-17T03:47:23.895+0000] {processor.py:830} INFO - Processing file /opt/airflow/dags/daily_revenue_etl_dag.py for tasks to queue
[2026-03-17T03:47:23.896+0000] {logging_mixin.py:188} INFO - [2026-03-17T03:47:23.896+0000] {dagbag.py:538} INFO - Filling up the DagBag from /opt/airflow/dags/daily_revenue_etl_dag.py
[2026-03-17T03:47:23.915+0000] {processor.py:840} INFO - DAG(s) 'daily_revenue_etl_dag' retrieved from /opt/airflow/dags/daily_revenue_etl_dag.py
[2026-03-17T03:47:23.938+0000] {logging_mixin.py:188} INFO - [2026-03-17T03:47:23.938+0000] {dag.py:3036} INFO - Sync 1 DAGs
[2026-03-17T03:47:23.957+0000] {logging_mixin.py:188} INFO - [2026-03-17T03:47:23.957+0000] {dag.py:3823} INFO - Setting next_dagrun for daily_revenue_etl_dag to 2026-03-17 00:00:00+00:00, run_after=2026-03-18 00:00:00+00:00
[2026-03-17T03:47:23.983+0000] {processor.py:183} INFO - Processing /opt/airflow/dags/daily_revenue_etl_dag.py took 0.093 seconds
[2026-03-17T04:10:47.866+0000] {processor.py:161} INFO - Started process (PID=760) to work on /opt/airflow/dags/daily_revenue_etl_dag.py
[2026-03-17T04:10:47.867+0000] {processor.py:830} INFO - Processing file /opt/airflow/dags/daily_revenue_etl_dag.py for tasks to queue
[2026-03-17T04:10:47.868+0000] {logging_mixin.py:188} INFO - [2026-03-17T04:10:47.868+0000] {dagbag.py:538} INFO - Filling up the DagBag from /opt/airflow/dags/daily_revenue_etl_dag.py
[2026-03-17T04:10:47.891+0000] {processor.py:840} INFO - DAG(s) 'daily_revenue_etl_dag' retrieved from /opt/airflow/dags/daily_revenue_etl_dag.py
[2026-03-17T04:10:47.935+0000] {logging_mixin.py:188} INFO - [2026-03-17T04:10:47.934+0000] {dag.py:3036} INFO - Sync 1 DAGs
[2026-03-17T04:10:47.972+0000] {logging_mixin.py:188} INFO - [2026-03-17T04:10:47.971+0000] {dag.py:3823} INFO - Setting next_dagrun for daily_revenue_etl_dag to 2026-03-17 00:00:00+00:00, run_after=2026-03-18 00:00:00+00:00
[2026-03-17T04:10:48.017+0000] {processor.py:183} INFO - Processing /opt/airflow/dags/daily_revenue_etl_dag.py took 0.155 seconds
[2026-03-17T04:11:18.071+0000] {processor.py:161} INFO - Started process (PID=765) to work on /opt/airflow/dags/daily_revenue_etl_dag.py
[2026-03-17T04:11:18.073+0000] {processor.py:830} INFO - Processing file /opt/airflow/dags/daily_revenue_etl_dag.py for tasks to queue
[2026-03-17T04:11:18.074+0000] {logging_mixin.py:188} INFO - [2026-03-17T04:11:18.074+0000] {dagbag.py:538} INFO - Filling up the DagBag from /opt/airflow/dags/daily_revenue_etl_dag.py
[2026-03-17T04:11:18.096+0000] {processor.py:840} INFO - DAG(s) 'daily_revenue_etl_dag' retrieved from /opt/airflow/dags/daily_revenue_etl_dag.py
[2026-03-17T04:11:18.122+0000] {logging_mixin.py:188} INFO - [2026-03-17T04:11:18.122+0000] {dag.py:3036} INFO - Sync 1 DAGs
[2026-03-17T04:11:18.142+0000] {logging_mixin.py:188} INFO - [2026-03-17T04:11:18.142+0000] {dag.py:3823} INFO - Setting next_dagrun for daily_revenue_etl_dag to 2026-03-17 00:00:00+00:00, run_after=2026-03-18 00:00:00+00:00
[2026-03-17T04:11:18.171+0000] {processor.py:183} INFO - Processing /opt/airflow/dags/daily_revenue_etl_dag.py took 0.106 seconds
[2026-03-17T04:12:13.459+0000] {processor.py:161} INFO - Started process (PID=771) to work on /opt/airflow/dags/daily_revenue_etl_dag.py
[2026-03-17T04:12:13.461+0000] {processor.py:830} INFO - Processing file /opt/airflow/dags/daily_revenue_etl_dag.py for tasks to queue
[2026-03-17T04:12:13.463+0000] {logging_mixin.py:188} INFO - [2026-03-17T04:12:13.462+0000] {dagbag.py:538} INFO - Filling up the DagBag from /opt/airflow/dags/daily_revenue_etl_dag.py
[2026-03-17T04:12:13.497+0000] {processor.py:840} INFO - DAG(s) 'daily_revenue_etl_dag' retrieved from /opt/airflow/dags/daily_revenue_etl_dag.py
[2026-03-17T04:12:13.537+0000] {logging_mixin.py:188} INFO - [2026-03-17T04:12:13.537+0000] {dag.py:3036} INFO - Sync 1 DAGs
[2026-03-17T04:12:13.563+0000] {logging_mixin.py:188} INFO - [2026-03-17T04:12:13.562+0000] {dag.py:3823} INFO - Setting next_dagrun for daily_revenue_etl_dag to 2026-03-17 00:00:00+00:00, run_after=2026-03-18 00:00:00+00:00
[2026-03-17T03:48:55.599+0000] {processor.py:183} INFO - Processing /opt/airflow/dags/daily_revenue_etl_dag.py took 0.137 seconds
[2026-03-17T03:49:25.956+0000] {processor.py:161} INFO - Started process (PID=776) to work on /opt/airflow/dags/daily_revenue_etl_dag.py
[2026-03-17T03:49:25.959+0000] {processor.py:830} INFO - Processing file /opt/airflow/dags/daily_revenue_etl_dag.py for tasks to queue
[2026-03-17T03:49:25.963+0000] {logging_mixin.py:188} INFO - [2026-03-17T03:49:25.961+0000] {dagbag.py:538} INFO - Filling up the DagBag from /opt/airflow/dags/daily_revenue_etl_dag.py
[2026-03-17T03:49:26.017+0000] {processor.py:840} INFO - DAG(s) 'daily_revenue_etl_dag' retrieved from /opt/airflow/dags/daily_revenue_etl_dag.py
[2026-03-17T03:49:26.086+0000] {logging_mixin.py:188} INFO - [2026-03-17T03:49:26.085+0000] {dag.py:3036} INFO - Sync 1 DAGs
[2026-03-17T03:49:26.138+0000] {logging_mixin.py:188} INFO - [2026-03-17T03:49:26.137+0000] {dag.py:3823} INFO - Setting next_dagrun for daily_revenue_etl_dag to 2026-03-17 00:00:00+00:00, run_after=2026-03-18 00:00:00+00:00
[2026-03-17T03:49:26.171+0000] {processor.py:183} INFO - Processing /opt/airflow/dags/daily_revenue_etl_dag.py took 0.224 seconds
[2026-03-17T04:12:48.080+0000] {processor.py:161} INFO - Started process (PID=781) to work on /opt/airflow/dags/daily_revenue_etl_dag.py
[2026-03-17T04:12:48.081+0000] {processor.py:830} INFO - Processing file /opt/airflow/dags/daily_revenue_etl_dag.py for tasks to queue
[2026-03-17T04:12:48.082+0000] {logging_mixin.py:188} INFO - [2026-03-17T04:12:48.082+0000] {dagbag.py:538} INFO - Filling up the DagBag from /opt/airflow/dags/daily_revenue_etl_dag.py
[2026-03-17T04:12:48.098+0000] {processor.py:840} INFO - DAG(s) 'daily_revenue_etl_dag' retrieved from /opt/airflow/dags/daily_revenue_etl_dag.py
[2026-03-17T04:12:48.122+0000] {logging_mixin.py:188} INFO - [2026-03-17T04:12:48.122+0000] {dag.py:3036} INFO - Sync 1 DAGs
[2026-03-17T04:12:48.144+0000] {logging_mixin.py:188} INFO - [2026-03-17T04:12:48.144+0000] {dag.py:3823} INFO - Setting next_dagrun for daily_revenue_etl_dag to 2026-03-17 00:00:00+00:00, run_after=2026-03-18 00:00:00+00:00
[2026-03-17T04:12:48.161+0000] {processor.py:183} INFO - Processing /opt/airflow/dags/daily_revenue_etl_dag.py took 0.084 seconds
[2026-03-17T04:13:18.287+0000] {processor.py:161} INFO - Started process (PID=786) to work on /opt/airflow/dags/daily_revenue_etl_dag.py
[2026-03-17T04:13:18.288+0000] {processor.py:830} INFO - Processing file /opt/airflow/dags/daily_revenue_etl_dag.py for tasks to queue
[2026-03-17T04:13:18.290+0000] {logging_mixin.py:188} INFO - [2026-03-17T04:13:18.289+0000] {dagbag.py:538} INFO - Filling up the DagBag from /opt/airflow/dags/daily_revenue_etl_dag.py
[2026-03-17T04:13:18.317+0000] {processor.py:840} INFO - DAG(s) 'daily_revenue_etl_dag' retrieved from /opt/airflow/dags/daily_revenue_etl_dag.py
[2026-03-17T03:50:00.524+0000] {logging_mixin.py:188} INFO - [2026-03-17T03:50:00.524+0000] {dag.py:3036} INFO - Sync 1 DAGs
[2026-03-17T03:50:00.554+0000] {logging_mixin.py:188} INFO - [2026-03-17T03:50:00.554+0000] {dag.py:3823} INFO - Setting next_dagrun for daily_revenue_etl_dag to 2026-03-17 00:00:00+00:00, run_after=2026-03-18 00:00:00+00:00
[2026-03-17T03:50:00.580+0000] {processor.py:183} INFO - Processing /opt/airflow/dags/daily_revenue_etl_dag.py took 0.126 seconds
[2026-03-17T04:13:23.378+0000] {processor.py:161} INFO - Started process (PID=791) to work on /opt/airflow/dags/daily_revenue_etl_dag.py
[2026-03-17T04:13:23.379+0000] {processor.py:830} INFO - Processing file /opt/airflow/dags/daily_revenue_etl_dag.py for tasks to queue
[2026-03-17T04:13:23.380+0000] {logging_mixin.py:188} INFO - [2026-03-17T04:13:23.380+0000] {dagbag.py:538} INFO - Filling up the DagBag from /opt/airflow/dags/daily_revenue_etl_dag.py
[2026-03-17T04:13:23.397+0000] {processor.py:840} INFO - DAG(s) 'daily_revenue_etl_dag' retrieved from /opt/airflow/dags/daily_revenue_etl_dag.py
[2026-03-17T03:50:05.573+0000] {logging_mixin.py:188} INFO - [2026-03-17T03:50:05.572+0000] {dag.py:3036} INFO - Sync 1 DAGs
[2026-03-17T03:50:05.592+0000] {logging_mixin.py:188} INFO - [2026-03-17T03:50:05.592+0000] {dag.py:3823} INFO - Setting next_dagrun for daily_revenue_etl_dag to 2026-03-17 00:00:00+00:00, run_after=2026-03-18 00:00:00+00:00
[2026-03-17T03:50:05.608+0000] {processor.py:183} INFO - Processing /opt/airflow/dags/daily_revenue_etl_dag.py took 0.086 seconds
[2026-03-17T03:50:35.848+0000] {processor.py:161} INFO - Started process (PID=796) to work on /opt/airflow/dags/daily_revenue_etl_dag.py
[2026-03-17T03:50:35.849+0000] {processor.py:830} INFO - Processing file /opt/airflow/dags/daily_revenue_etl_dag.py for tasks to queue
[2026-03-17T03:50:35.850+0000] {logging_mixin.py:188} INFO - [2026-03-17T03:50:35.850+0000] {dagbag.py:538} INFO - Filling up the DagBag from /opt/airflow/dags/daily_revenue_etl_dag.py
[2026-03-17T03:50:35.870+0000] {processor.py:840} INFO - DAG(s) 'daily_revenue_etl_dag' retrieved from /opt/airflow/dags/daily_revenue_etl_dag.py
[2026-03-17T03:50:35.895+0000] {logging_mixin.py:188} INFO - [2026-03-17T03:50:35.894+0000] {dag.py:3036} INFO - Sync 1 DAGs
[2026-03-17T03:50:35.914+0000] {logging_mixin.py:188} INFO - [2026-03-17T03:50:35.914+0000] {dag.py:3823} INFO - Setting next_dagrun for daily_revenue_etl_dag to 2026-03-17 00:00:00+00:00, run_after=2026-03-18 00:00:00+00:00
[2026-03-17T03:50:35.930+0000] {processor.py:183} INFO - Processing /opt/airflow/dags/daily_revenue_etl_dag.py took 0.085 seconds
[2026-03-17T03:51:06.060+0000] {processor.py:161} INFO - Started process (PID=801) to work on /opt/airflow/dags/daily_revenue_etl_dag.py
[2026-03-17T03:51:06.062+0000] {processor.py:830} INFO - Processing file /opt/airflow/dags/daily_revenue_etl_dag.py for tasks to queue
[2026-03-17T03:51:06.064+0000] {logging_mixin.py:188} INFO - [2026-03-17T03:51:06.063+0000] {dagbag.py:538} INFO - Filling up the DagBag from /opt/airflow/dags/daily_revenue_etl_dag.py
[2026-03-17T03:51:06.097+0000] {processor.py:840} INFO - DAG(s) 'daily_revenue_etl_dag' retrieved from /opt/airflow/dags/daily_revenue_etl_dag.py
[2026-03-17T03:51:06.160+0000] {logging_mixin.py:188} INFO - [2026-03-17T03:51:06.160+0000] {dag.py:3036} INFO - Sync 1 DAGs
[2026-03-17T03:51:06.214+0000] {logging_mixin.py:188} INFO - [2026-03-17T03:51:06.213+0000] {dag.py:3823} INFO - Setting next_dagrun for daily_revenue_etl_dag to 2026-03-17 00:00:00+00:00, run_after=2026-03-18 00:00:00+00:00
[2026-03-17T03:51:06.269+0000] {processor.py:183} INFO - Processing /opt/airflow/dags/daily_revenue_etl_dag.py took 0.213 seconds
[2026-03-17T04:14:33.227+0000] {processor.py:161} INFO - Started process (PID=806) to work on /opt/airflow/dags/daily_revenue_etl_dag.py
[2026-03-17T04:14:33.228+0000] {processor.py:830} INFO - Processing file /opt/airflow/dags/daily_revenue_etl_dag.py for tasks to queue
[2026-03-17T04:14:33.229+0000] {logging_mixin.py:188} INFO - [2026-03-17T04:14:33.229+0000] {dagbag.py:538} INFO - Filling up the DagBag from /opt/airflow/dags/daily_revenue_etl_dag.py
[2026-03-17T04:14:33.256+0000] {processor.py:840} INFO - DAG(s) 'daily_revenue_etl_dag' retrieved from /opt/airflow/dags/daily_revenue_etl_dag.py
[2026-03-17T04:14:33.299+0000] {logging_mixin.py:188} INFO - [2026-03-17T04:14:33.299+0000] {dag.py:3036} INFO - Sync 1 DAGs
[2026-03-17T04:14:33.336+0000] {logging_mixin.py:188} INFO - [2026-03-17T04:14:33.335+0000] {dag.py:3823} INFO - Setting next_dagrun for daily_revenue_etl_dag to 2026-03-17 00:00:00+00:00, run_after=2026-03-18 00:00:00+00:00
[2026-03-17T04:14:33.360+0000] {processor.py:183} INFO - Processing /opt/airflow/dags/daily_revenue_etl_dag.py took 0.137 seconds
[2026-03-17T04:15:03.446+0000] {processor.py:161} INFO - Started process (PID=811) to work on /opt/airflow/dags/daily_revenue_etl_dag.py
[2026-03-17T04:15:03.448+0000] {processor.py:830} INFO - Processing file /opt/airflow/dags/daily_revenue_etl_dag.py for tasks to queue
[2026-03-17T04:15:03.449+0000] {logging_mixin.py:188} INFO - [2026-03-17T04:15:03.449+0000] {dagbag.py:538} INFO - Filling up the DagBag from /opt/airflow/dags/daily_revenue_etl_dag.py
[2026-03-17T04:15:03.470+0000] {processor.py:840} INFO - DAG(s) 'daily_revenue_etl_dag' retrieved from /opt/airflow/dags/daily_revenue_etl_dag.py
[2026-03-17T03:51:45.687+0000] {logging_mixin.py:188} INFO - [2026-03-17T03:51:45.687+0000] {dag.py:3036} INFO - Sync 1 DAGs
[2026-03-17T03:51:45.714+0000] {logging_mixin.py:188} INFO - [2026-03-17T03:51:45.714+0000] {dag.py:3823} INFO - Setting next_dagrun for daily_revenue_etl_dag to 2026-03-17 00:00:00+00:00, run_after=2026-03-18 00:00:00+00:00
[2026-03-17T03:51:45.737+0000] {processor.py:183} INFO - Processing /opt/airflow/dags/daily_revenue_etl_dag.py took 0.109 seconds
[2026-03-17T04:15:08.493+0000] {processor.py:161} INFO - Started process (PID=816) to work on /opt/airflow/dags/daily_revenue_etl_dag.py
[2026-03-17T04:15:08.495+0000] {processor.py:830} INFO - Processing file /opt/airflow/dags/daily_revenue_etl_dag.py for tasks to queue
[2026-03-17T03:51:50.683+0000] {logging_mixin.py:188} INFO - [2026-03-17T04:15:08.496+0000] {dagbag.py:538} INFO - Filling up the DagBag from /opt/airflow/dags/daily_revenue_etl_dag.py
[2026-03-17T03:51:50.702+0000] {processor.py:840} INFO - DAG(s) 'daily_revenue_etl_dag' retrieved from /opt/airflow/dags/daily_revenue_etl_dag.py
[2026-03-17T03:51:50.734+0000] {logging_mixin.py:188} INFO - [2026-03-17T03:51:50.734+0000] {dag.py:3036} INFO - Sync 1 DAGs
[2026-03-17T03:51:50.758+0000] {logging_mixin.py:188} INFO - [2026-03-17T03:51:50.758+0000] {dag.py:3823} INFO - Setting next_dagrun for daily_revenue_etl_dag to 2026-03-17 00:00:00+00:00, run_after=2026-03-18 00:00:00+00:00
[2026-03-17T03:51:50.778+0000] {processor.py:183} INFO - Processing /opt/airflow/dags/daily_revenue_etl_dag.py took 0.103 seconds
[2026-03-17T03:52:20.939+0000] {processor.py:161} INFO - Started process (PID=821) to work on /opt/airflow/dags/daily_revenue_etl_dag.py
[2026-03-17T03:52:20.940+0000] {processor.py:830} INFO - Processing file /opt/airflow/dags/daily_revenue_etl_dag.py for tasks to queue
[2026-03-17T03:52:20.941+0000] {logging_mixin.py:188} INFO - [2026-03-17T03:52:20.941+0000] {dagbag.py:538} INFO - Filling up the DagBag from /opt/airflow/dags/daily_revenue_etl_dag.py
[2026-03-17T03:52:20.959+0000] {processor.py:840} INFO - DAG(s) 'daily_revenue_etl_dag' retrieved from /opt/airflow/dags/daily_revenue_etl_dag.py
[2026-03-17T03:52:20.986+0000] {logging_mixin.py:188} INFO - [2026-03-17T03:52:20.986+0000] {dag.py:3036} INFO - Sync 1 DAGs
[2026-03-17T03:52:21.008+0000] {logging_mixin.py:188} INFO - [2026-03-17T03:52:21.008+0000] {dag.py:3823} INFO - Setting next_dagrun for daily_revenue_etl_dag to 2026-03-17 00:00:00+00:00, run_after=2026-03-18 00:00:00+00:00
[2026-03-17T03:52:21.029+0000] {processor.py:183} INFO - Processing /opt/airflow/dags/daily_revenue_etl_dag.py took 0.094 seconds
[2026-03-17T04:15:40.956+0000] {processor.py:161} INFO - Started process (PID=826) to work on /opt/airflow/dags/daily_revenue_etl_dag.py
[2026-03-17T04:15:40.957+0000] {processor.py:830} INFO - Processing file /opt/airflow/dags/daily_revenue_etl_dag.py for tasks to queue
[2026-03-17T04:15:40.958+0000] {logging_mixin.py:188} INFO - [2026-03-17T04:15:40.958+0000] {dagbag.py:538} INFO - Filling up the DagBag from /opt/airflow/dags/daily_revenue_etl_dag.py
[2026-03-17T04:15:40.983+0000] {processor.py:840} INFO - DAG(s) 'daily_revenue_etl_dag' retrieved from /opt/airflow/dags/daily_revenue_etl_dag.py
[2026-03-17T04:15:41.018+0000] {logging_mixin.py:188} INFO - [2026-03-17T04:15:41.017+0000] {dag.py:3036} INFO - Sync 1 DAGs
[2026-03-17T04:15:41.042+0000] {logging_mixin.py:188} INFO - [2026-03-17T04:15:41.041+0000] {dag.py:3823} INFO - Setting next_dagrun for daily_revenue_etl_dag to 2026-03-17 00:00:00+00:00, run_after=2026-03-18 00:00:00+00:00
[2026-03-17T04:15:41.067+0000] {processor.py:183} INFO - Processing /opt/airflow/dags/daily_revenue_etl_dag.py took 0.116 seconds
[2026-03-17T04:16:11.149+0000] {processor.py:161} INFO - Started process (PID=832) to work on /opt/airflow/dags/daily_revenue_etl_dag.py
[2026-03-17T04:16:11.150+0000] {processor.py:830} INFO - Processing file /opt/airflow/dags/daily_revenue_etl_dag.py for tasks to queue
[2026-03-17T04:16:11.151+0000] {logging_mixin.py:188} INFO - [2026-03-17T04:16:11.151+0000] {dagbag.py:538} INFO - Filling up the DagBag from /opt/airflow/dags/daily_revenue_etl_dag.py
[2026-03-17T03:52:53.363+0000] {processor.py:840} INFO - DAG(s) 'daily_revenue_etl_dag' retrieved from /opt/airflow/dags/daily_revenue_etl_dag.py
[2026-03-17T03:52:53.399+0000] {logging_mixin.py:188} INFO - [2026-03-17T03:52:53.398+0000] {dag.py:3036} INFO - Sync 1 DAGs
[2026-03-17T03:52:53.427+0000] {logging_mixin.py:188} INFO - [2026-03-17T03:52:53.426+0000] {dag.py:3823} INFO - Setting next_dagrun for daily_revenue_etl_dag to 2026-03-17 00:00:00+00:00, run_after=2026-03-18 00:00:00+00:00
[2026-03-17T03:52:53.457+0000] {processor.py:183} INFO - Processing /opt/airflow/dags/daily_revenue_etl_dag.py took 0.125 seconds
[2026-03-17T04:16:28.403+0000] {processor.py:161} INFO - Started process (PID=837) to work on /opt/airflow/dags/daily_revenue_etl_dag.py
[2026-03-17T04:16:28.404+0000] {processor.py:830} INFO - Processing file /opt/airflow/dags/daily_revenue_etl_dag.py for tasks to queue
[2026-03-17T04:16:28.405+0000] {logging_mixin.py:188} INFO - [2026-03-17T04:16:28.405+0000] {dagbag.py:538} INFO - Filling up the DagBag from /opt/airflow/dags/daily_revenue_etl_dag.py
[2026-03-17T04:16:28.424+0000] {processor.py:840} INFO - DAG(s) 'daily_revenue_etl_dag' retrieved from /opt/airflow/dags/daily_revenue_etl_dag.py
[2026-03-17T04:16:28.449+0000] {logging_mixin.py:188} INFO - [2026-03-17T04:16:28.449+0000] {dag.py:3036} INFO - Sync 1 DAGs
[2026-03-17T04:16:28.469+0000] {logging_mixin.py:188} INFO - [2026-03-17T04:16:28.468+0000] {dag.py:3823} INFO - Setting next_dagrun for daily_revenue_etl_dag to 2026-03-17 00:00:00+00:00, run_after=2026-03-18 00:00:00+00:00
[2026-03-17T04:16:28.483+0000] {processor.py:183} INFO - Processing /opt/airflow/dags/daily_revenue_etl_dag.py took 0.082 seconds
[2026-03-17T04:16:58.650+0000] {processor.py:161} INFO - Started process (PID=842) to work on /opt/airflow/dags/daily_revenue_etl_dag.py
[2026-03-17T04:16:58.651+0000] {processor.py:830} INFO - Processing file /opt/airflow/dags/daily_revenue_etl_dag.py for tasks to queue
[2026-03-17T04:16:58.652+0000] {logging_mixin.py:188} INFO - [2026-03-17T04:16:58.652+0000] {dagbag.py:538} INFO - Filling up the DagBag from /opt/airflow/dags/daily_revenue_etl_dag.py
[2026-03-17T04:16:58.671+0000] {processor.py:840} INFO - DAG(s) 'daily_revenue_etl_dag' retrieved from /opt/airflow/dags/daily_revenue_etl_dag.py
[2026-03-17T03:53:40.886+0000] {logging_mixin.py:188} INFO - [2026-03-17T03:53:40.886+0000] {dag.py:3036} INFO - Sync 1 DAGs
[2026-03-17T03:53:40.907+0000] {logging_mixin.py:188} INFO - [2026-03-17T03:53:40.907+0000] {dag.py:3823} INFO - Setting next_dagrun for daily_revenue_etl_dag to 2026-03-17 00:00:00+00:00, run_after=2026-03-18 00:00:00+00:00
[2026-03-17T03:53:40.922+0000] {processor.py:183} INFO - Processing /opt/airflow/dags/daily_revenue_etl_dag.py took 0.087 seconds
[2026-03-17T04:17:03.759+0000] {processor.py:161} INFO - Started process (PID=847) to work on /opt/airflow/dags/daily_revenue_etl_dag.py
[2026-03-17T04:17:03.760+0000] {processor.py:830} INFO - Processing file /opt/airflow/dags/daily_revenue_etl_dag.py for tasks to queue
[2026-03-17T04:17:03.761+0000] {logging_mixin.py:188} INFO - [2026-03-17T04:17:03.761+0000] {dagbag.py:538} INFO - Filling up the DagBag from /opt/airflow/dags/daily_revenue_etl_dag.py
[2026-03-17T03:53:45.940+0000] {processor.py:840} INFO - DAG(s) 'daily_revenue_etl_dag' retrieved from /opt/airflow/dags/daily_revenue_etl_dag.py
[2026-03-17T03:53:45.983+0000] {logging_mixin.py:188} INFO - [2026-03-17T03:53:45.983+0000] {dag.py:3036} INFO - Sync 1 DAGs
[2026-03-17T03:53:46.016+0000] {logging_mixin.py:188} INFO - [2026-03-17T03:53:46.015+0000] {dag.py:3823} INFO - Setting next_dagrun for daily_revenue_etl_dag to 2026-03-17 00:00:00+00:00, run_after=2026-03-18 00:00:00+00:00
[2026-03-17T03:53:46.044+0000] {processor.py:183} INFO - Processing /opt/airflow/dags/daily_revenue_etl_dag.py took 0.143 seconds
[2026-03-17T04:17:11.006+0000] {processor.py:161} INFO - Started process (PID=852) to work on /opt/airflow/dags/daily_revenue_etl_dag.py
[2026-03-17T04:17:11.009+0000] {processor.py:830} INFO - Processing file /opt/airflow/dags/daily_revenue_etl_dag.py for tasks to queue
[2026-03-17T04:17:11.010+0000] {logging_mixin.py:188} INFO - [2026-03-17T04:17:11.010+0000] {dagbag.py:538} INFO - Filling up the DagBag from /opt/airflow/dags/daily_revenue_etl_dag.py
[2026-03-17T04:17:11.051+0000] {processor.py:840} INFO - DAG(s) 'daily_revenue_etl_dag' retrieved from /opt/airflow/dags/daily_revenue_etl_dag.py
[2026-03-17T04:17:11.128+0000] {logging_mixin.py:188} INFO - [2026-03-17T04:17:11.127+0000] {dag.py:3036} INFO - Sync 1 DAGs
[2026-03-17T03:53:53.372+0000] {logging_mixin.py:188} INFO - [2026-03-17T03:53:53.371+0000] {dag.py:3823} INFO - Setting next_dagrun for daily_revenue_etl_dag to 2026-03-17 00:00:00+00:00, run_after=2026-03-18 00:00:00+00:00
[2026-03-17T03:53:53.421+0000] {processor.py:183} INFO - Processing /opt/airflow/dags/daily_revenue_etl_dag.py took 0.232 seconds
[2026-03-17T03:54:23.389+0000] {processor.py:161} INFO - Started process (PID=857) to work on /opt/airflow/dags/daily_revenue_etl_dag.py
[2026-03-17T03:54:23.391+0000] {processor.py:830} INFO - Processing file /opt/airflow/dags/daily_revenue_etl_dag.py for tasks to queue
[2026-03-17T03:54:23.392+0000] {logging_mixin.py:188} INFO - [2026-03-17T03:54:23.391+0000] {dagbag.py:538} INFO - Filling up the DagBag from /opt/airflow/dags/daily_revenue_etl_dag.py
[2026-03-17T03:54:23.414+0000] {processor.py:840} INFO - DAG(s) 'daily_revenue_etl_dag' retrieved from /opt/airflow/dags/daily_revenue_etl_dag.py
[2026-03-17T03:54:23.443+0000] {logging_mixin.py:188} INFO - [2026-03-17T03:54:23.442+0000] {dag.py:3036} INFO - Sync 1 DAGs
[2026-03-17T03:54:23.466+0000] {logging_mixin.py:188} INFO - [2026-03-17T03:54:23.466+0000] {dag.py:3823} INFO - Setting next_dagrun for daily_revenue_etl_dag to 2026-03-17 00:00:00+00:00, run_after=2026-03-18 00:00:00+00:00
[2026-03-17T03:54:23.490+0000] {processor.py:183} INFO - Processing /opt/airflow/dags/daily_revenue_etl_dag.py took 0.105 seconds
[2026-03-17T03:54:53.618+0000] {processor.py:161} INFO - Started process (PID=863) to work on /opt/airflow/dags/daily_revenue_etl_dag.py
[2026-03-17T03:54:53.622+0000] {processor.py:830} INFO - Processing file /opt/airflow/dags/daily_revenue_etl_dag.py for tasks to queue
[2026-03-17T03:54:53.626+0000] {logging_mixin.py:188} INFO - [2026-03-17T03:54:53.625+0000] {dagbag.py:538} INFO - Filling up the DagBag from /opt/airflow/dags/daily_revenue_etl_dag.py
[2026-03-17T03:54:53.679+0000] {processor.py:840} INFO - DAG(s) 'daily_revenue_etl_dag' retrieved from /opt/airflow/dags/daily_revenue_etl_dag.py
[2026-03-17T03:54:53.751+0000] {logging_mixin.py:188} INFO - [2026-03-17T03:54:53.750+0000] {dag.py:3036} INFO - Sync 1 DAGs
[2026-03-17T03:54:53.796+0000] {logging_mixin.py:188} INFO - [2026-03-17T03:54:53.796+0000] {dag.py:3823} INFO - Setting next_dagrun for daily_revenue_etl_dag to 2026-03-17 00:00:00+00:00, run_after=2026-03-18 00:00:00+00:00
[2026-03-17T03:54:53.823+0000] {processor.py:183} INFO - Processing /opt/airflow/dags/daily_revenue_etl_dag.py took 0.216 seconds
[2026-03-17T04:18:13.745+0000] {processor.py:161} INFO - Started process (PID=868) to work on /opt/airflow/dags/daily_revenue_etl_dag.py
[2026-03-17T04:18:13.747+0000] {processor.py:830} INFO - Processing file /opt/airflow/dags/daily_revenue_etl_dag.py for tasks to queue
[2026-03-17T04:18:13.748+0000] {logging_mixin.py:188} INFO - [2026-03-17T04:18:13.748+0000] {dagbag.py:538} INFO - Filling up the DagBag from /opt/airflow/dags/daily_revenue_etl_dag.py
[2026-03-17T04:18:13.775+0000] {processor.py:840} INFO - DAG(s) 'daily_revenue_etl_dag' retrieved from /opt/airflow/dags/daily_revenue_etl_dag.py
[2026-03-17T04:18:13.819+0000] {logging_mixin.py:188} INFO - [2026-03-17T04:18:13.818+0000] {dag.py:3036} INFO - Sync 1 DAGs
[2026-03-17T04:18:13.872+0000] {logging_mixin.py:188} INFO - [2026-03-17T04:18:13.872+0000] {dag.py:3823} INFO - Setting next_dagrun for daily_revenue_etl_dag to 2026-03-17 00:00:00+00:00, run_after=2026-03-18 00:00:00+00:00
[2026-03-17T03:54:56.078+0000] {processor.py:183} INFO - Processing /opt/airflow/dags/daily_revenue_etl_dag.py took 0.185 seconds
[2026-03-17T04:18:18.818+0000] {processor.py:161} INFO - Started process (PID=873) to work on /opt/airflow/dags/daily_revenue_etl_dag.py
[2026-03-17T04:18:18.820+0000] {processor.py:830} INFO - Processing file /opt/airflow/dags/daily_revenue_etl_dag.py for tasks to queue
[2026-03-17T04:18:18.825+0000] {logging_mixin.py:188} INFO - [2026-03-17T04:18:18.822+0000] {dagbag.py:538} INFO - Filling up the DagBag from /opt/airflow/dags/daily_revenue_etl_dag.py
[2026-03-17T03:55:01.067+0000] {processor.py:840} INFO - DAG(s) 'daily_revenue_etl_dag' retrieved from /opt/airflow/dags/daily_revenue_etl_dag.py
[2026-03-17T03:55:01.126+0000] {logging_mixin.py:188} INFO - [2026-03-17T03:55:01.125+0000] {dag.py:3036} INFO - Sync 1 DAGs
[2026-03-17T03:55:01.165+0000] {logging_mixin.py:188} INFO - [2026-03-17T03:55:01.164+0000] {dag.py:3823} INFO - Setting next_dagrun for daily_revenue_etl_dag to 2026-03-17 00:00:00+00:00, run_after=2026-03-18 00:00:00+00:00
[2026-03-17T03:55:01.206+0000] {processor.py:183} INFO - Processing /opt/airflow/dags/daily_revenue_etl_dag.py took 0.212 seconds
[2026-03-17T04:18:41.180+0000] {processor.py:161} INFO - Started process (PID=878) to work on /opt/airflow/dags/daily_revenue_etl_dag.py
[2026-03-17T04:18:41.182+0000] {processor.py:830} INFO - Processing file /opt/airflow/dags/daily_revenue_etl_dag.py for tasks to queue
[2026-03-17T04:18:41.183+0000] {logging_mixin.py:188} INFO - [2026-03-17T04:18:41.182+0000] {dagbag.py:538} INFO - Filling up the DagBag from /opt/airflow/dags/daily_revenue_etl_dag.py
[2026-03-17T03:55:23.388+0000] {processor.py:840} INFO - DAG(s) 'daily_revenue_etl_dag' retrieved from /opt/airflow/dags/daily_revenue_etl_dag.py
[2026-03-17T03:55:23.420+0000] {logging_mixin.py:188} INFO - [2026-03-17T03:55:23.419+0000] {dag.py:3036} INFO - Sync 1 DAGs
[2026-03-17T03:55:23.450+0000] {logging_mixin.py:188} INFO - [2026-03-17T03:55:23.450+0000] {dag.py:3823} INFO - Setting next_dagrun for daily_revenue_etl_dag to 2026-03-17 00:00:00+00:00, run_after=2026-03-18 00:00:00+00:00
[2026-03-17T03:55:23.473+0000] {processor.py:183} INFO - Processing /opt/airflow/dags/daily_revenue_etl_dag.py took 0.108 seconds
[2026-03-17T03:55:53.600+0000] {processor.py:161} INFO - Started process (PID=883) to work on /opt/airflow/dags/daily_revenue_etl_dag.py
[2026-03-17T03:55:53.602+0000] {processor.py:830} INFO - Processing file /opt/airflow/dags/daily_revenue_etl_dag.py for tasks to queue
[2026-03-17T03:55:53.604+0000] {logging_mixin.py:188} INFO - [2026-03-17T03:55:53.604+0000] {dagbag.py:538} INFO - Filling up the DagBag from /opt/airflow/dags/daily_revenue_etl_dag.py
[2026-03-17T03:55:53.656+0000] {processor.py:840} INFO - DAG(s) 'daily_revenue_etl_dag' retrieved from /opt/airflow/dags/daily_revenue_etl_dag.py
[2026-03-17T03:55:53.724+0000] {logging_mixin.py:188} INFO - [2026-03-17T03:55:53.723+0000] {dag.py:3036} INFO - Sync 1 DAGs
[2026-03-17T03:55:53.779+0000] {logging_mixin.py:188} INFO - [2026-03-17T03:55:53.778+0000] {dag.py:3823} INFO - Setting next_dagrun for daily_revenue_etl_dag to 2026-03-17 00:00:00+00:00, run_after=2026-03-18 00:00:00+00:00
[2026-03-17T03:55:53.824+0000] {processor.py:183} INFO - Processing /opt/airflow/dags/daily_revenue_etl_dag.py took 0.235 seconds
[2026-03-17T04:19:13.807+0000] {processor.py:161} INFO - Started process (PID=888) to work on /opt/airflow/dags/daily_revenue_etl_dag.py
[2026-03-17T04:19:13.811+0000] {processor.py:830} INFO - Processing file /opt/airflow/dags/daily_revenue_etl_dag.py for tasks to queue
[2026-03-17T04:19:13.814+0000] {logging_mixin.py:188} INFO - [2026-03-17T04:19:13.813+0000] {dagbag.py:538} INFO - Filling up the DagBag from /opt/airflow/dags/daily_revenue_etl_dag.py
[2026-03-17T04:19:13.857+0000] {processor.py:840} INFO - DAG(s) 'daily_revenue_etl_dag' retrieved from /opt/airflow/dags/daily_revenue_etl_dag.py
[2026-03-17T04:19:13.922+0000] {logging_mixin.py:188} INFO - [2026-03-17T04:19:13.921+0000] {dag.py:3036} INFO - Sync 1 DAGs
[2026-03-17T04:19:13.975+0000] {logging_mixin.py:188} INFO - [2026-03-17T04:19:13.974+0000] {dag.py:3823} INFO - Setting next_dagrun for daily_revenue_etl_dag to 2026-03-17 00:00:00+00:00, run_after=2026-03-18 00:00:00+00:00
[2026-03-17T04:19:14.020+0000] {processor.py:183} INFO - Processing /opt/airflow/dags/daily_revenue_etl_dag.py took 0.221 seconds
[2026-03-17T04:19:49.051+0000] {processor.py:161} INFO - Started process (PID=893) to work on /opt/airflow/dags/daily_revenue_etl_dag.py
[2026-03-17T04:19:49.054+0000] {processor.py:830} INFO - Processing file /opt/airflow/dags/daily_revenue_etl_dag.py for tasks to queue
[2026-03-17T04:19:49.056+0000] {logging_mixin.py:188} INFO - [2026-03-17T04:19:49.055+0000] {dagbag.py:538} INFO - Filling up the DagBag from /opt/airflow/dags/daily_revenue_etl_dag.py
[2026-03-17T04:19:49.080+0000] {processor.py:840} INFO - DAG(s) 'daily_revenue_etl_dag' retrieved from /opt/airflow/dags/daily_revenue_etl_dag.py
[2026-03-17T03:56:31.266+0000] {logging_mixin.py:188} INFO - [2026-03-17T03:56:31.265+0000] {dag.py:3036} INFO - Sync 1 DAGs
[2026-03-17T03:56:31.296+0000] {logging_mixin.py:188} INFO - [2026-03-17T03:56:31.296+0000] {dag.py:3823} INFO - Setting next_dagrun for daily_revenue_etl_dag to 2026-03-17 00:00:00+00:00, run_after=2026-03-18 00:00:00+00:00
[2026-03-17T03:56:31.320+0000] {processor.py:183} INFO - Processing /opt/airflow/dags/daily_revenue_etl_dag.py took 0.130 seconds
[2026-03-17T03:56:36.246+0000] {processor.py:161} INFO - Started process (PID=898) to work on /opt/airflow/dags/daily_revenue_etl_dag.py
[2026-03-17T03:56:36.247+0000] {processor.py:830} INFO - Processing file /opt/airflow/dags/daily_revenue_etl_dag.py for tasks to queue
[2026-03-17T03:56:36.248+0000] {logging_mixin.py:188} INFO - [2026-03-17T03:56:36.248+0000] {dagbag.py:538} INFO - Filling up the DagBag from /opt/airflow/dags/daily_revenue_etl_dag.py
[2026-03-17T03:56:36.267+0000] {processor.py:840} INFO - DAG(s) 'daily_revenue_etl_dag' retrieved from /opt/airflow/dags/daily_revenue_etl_dag.py
[2026-03-17T03:56:36.294+0000] {logging_mixin.py:188} INFO - [2026-03-17T03:56:36.294+0000] {dag.py:3036} INFO - Sync 1 DAGs
[2026-03-17T03:56:36.314+0000] {logging_mixin.py:188} INFO - [2026-03-17T03:56:36.313+0000] {dag.py:3823} INFO - Setting next_dagrun for daily_revenue_etl_dag to 2026-03-17 00:00:00+00:00, run_after=2026-03-18 00:00:00+00:00
[2026-03-17T03:56:36.335+0000] {processor.py:183} INFO - Processing /opt/airflow/dags/daily_revenue_etl_dag.py took 0.094 seconds
[2026-03-17T03:56:53.397+0000] {processor.py:161} INFO - Started process (PID=904) to work on /opt/airflow/dags/daily_revenue_etl_dag.py
[2026-03-17T03:56:53.399+0000] {processor.py:830} INFO - Processing file /opt/airflow/dags/daily_revenue_etl_dag.py for tasks to queue
[2026-03-17T03:56:53.400+0000] {logging_mixin.py:188} INFO - [2026-03-17T03:56:53.400+0000] {dagbag.py:538} INFO - Filling up the DagBag from /opt/airflow/dags/daily_revenue_etl_dag.py
[2026-03-17T03:56:53.419+0000] {processor.py:840} INFO - DAG(s) 'daily_revenue_etl_dag' retrieved from /opt/airflow/dags/daily_revenue_etl_dag.py
[2026-03-17T03:56:53.450+0000] {logging_mixin.py:188} INFO - [2026-03-17T03:56:53.450+0000] {dag.py:3036} INFO - Sync 1 DAGs
[2026-03-17T03:56:53.469+0000] {logging_mixin.py:188} INFO - [2026-03-17T03:56:53.469+0000] {dag.py:3823} INFO - Setting next_dagrun for daily_revenue_etl_dag to 2026-03-17 00:00:00+00:00, run_after=2026-03-18 00:00:00+00:00
[2026-03-17T03:56:53.491+0000] {processor.py:183} INFO - Processing /opt/airflow/dags/daily_revenue_etl_dag.py took 0.099 seconds
[2026-03-17T03:57:23.730+0000] {processor.py:161} INFO - Started process (PID=909) to work on /opt/airflow/dags/daily_revenue_etl_dag.py
[2026-03-17T03:57:23.732+0000] {processor.py:830} INFO - Processing file /opt/airflow/dags/daily_revenue_etl_dag.py for tasks to queue
[2026-03-17T03:57:23.735+0000] {logging_mixin.py:188} INFO - [2026-03-17T03:57:23.734+0000] {dagbag.py:538} INFO - Filling up the DagBag from /opt/airflow/dags/daily_revenue_etl_dag.py
[2026-03-17T03:57:23.783+0000] {processor.py:840} INFO - DAG(s) 'daily_revenue_etl_dag' retrieved from /opt/airflow/dags/daily_revenue_etl_dag.py
[2026-03-17T03:57:23.827+0000] {logging_mixin.py:188} INFO - [2026-03-17T03:57:23.827+0000] {dag.py:3036} INFO - Sync 1 DAGs
[2026-03-17T03:57:23.861+0000] {logging_mixin.py:188} INFO - [2026-03-17T03:57:23.861+0000] {dag.py:3823} INFO - Setting next_dagrun for daily_revenue_etl_dag to 2026-03-17 00:00:00+00:00, run_after=2026-03-18 00:00:00+00:00
[2026-03-17T03:57:23.885+0000] {processor.py:183} INFO - Processing /opt/airflow/dags/daily_revenue_etl_dag.py took 0.162 seconds
[2026-03-17T03:57:53.943+0000] {processor.py:161} INFO - Started process (PID=914) to work on /opt/airflow/dags/daily_revenue_etl_dag.py
[2026-03-17T03:57:53.944+0000] {processor.py:830} INFO - Processing file /opt/airflow/dags/daily_revenue_etl_dag.py for tasks to queue
[2026-03-17T03:57:53.945+0000] {logging_mixin.py:188} INFO - [2026-03-17T03:57:53.945+0000] {dagbag.py:538} INFO - Filling up the DagBag from /opt/airflow/dags/daily_revenue_etl_dag.py
[2026-03-17T03:57:53.967+0000] {processor.py:840} INFO - DAG(s) 'daily_revenue_etl_dag' retrieved from /opt/airflow/dags/daily_revenue_etl_dag.py
[2026-03-17T03:57:53.995+0000] {logging_mixin.py:188} INFO - [2026-03-17T03:57:53.995+0000] {dag.py:3036} INFO - Sync 1 DAGs
[2026-03-17T03:57:54.019+0000] {logging_mixin.py:188} INFO - [2026-03-17T03:57:54.019+0000] {dag.py:3823} INFO - Setting next_dagrun for daily_revenue_etl_dag to 2026-03-17 00:00:00+00:00, run_after=2026-03-18 00:00:00+00:00
[2026-03-17T03:57:54.037+0000] {processor.py:183} INFO - Processing /opt/airflow/dags/daily_revenue_etl_dag.py took 0.103 seconds
[2026-03-17T04:21:18.931+0000] {processor.py:161} INFO - Started process (PID=919) to work on /opt/airflow/dags/daily_revenue_etl_dag.py
[2026-03-17T04:21:18.932+0000] {processor.py:830} INFO - Processing file /opt/airflow/dags/daily_revenue_etl_dag.py for tasks to queue
[2026-03-17T04:21:18.934+0000] {logging_mixin.py:188} INFO - [2026-03-17T04:21:18.933+0000] {dagbag.py:538} INFO - Filling up the DagBag from /opt/airflow/dags/daily_revenue_etl_dag.py
[2026-03-17T04:21:18.952+0000] {processor.py:840} INFO - DAG(s) 'daily_revenue_etl_dag' retrieved from /opt/airflow/dags/daily_revenue_etl_dag.py
[2026-03-17T04:21:18.977+0000] {logging_mixin.py:188} INFO - [2026-03-17T04:21:18.976+0000] {dag.py:3036} INFO - Sync 1 DAGs
[2026-03-17T04:21:19.006+0000] {logging_mixin.py:188} INFO - [2026-03-17T04:21:19.006+0000] {dag.py:3823} INFO - Setting next_dagrun for daily_revenue_etl_dag to 2026-03-17 00:00:00+00:00, run_after=2026-03-18 00:00:00+00:00
[2026-03-17T04:21:19.029+0000] {processor.py:183} INFO - Processing /opt/airflow/dags/daily_revenue_etl_dag.py took 0.100 seconds
[2026-03-17T04:21:49.155+0000] {processor.py:161} INFO - Started process (PID=925) to work on /opt/airflow/dags/daily_revenue_etl_dag.py
[2026-03-17T04:21:49.156+0000] {processor.py:830} INFO - Processing file /opt/airflow/dags/daily_revenue_etl_dag.py for tasks to queue
[2026-03-17T04:21:49.157+0000] {logging_mixin.py:188} INFO - [2026-03-17T04:21:49.157+0000] {dagbag.py:538} INFO - Filling up the DagBag from /opt/airflow/dags/daily_revenue_etl_dag.py
[2026-03-17T04:21:49.175+0000] {processor.py:840} INFO - DAG(s) 'daily_revenue_etl_dag' retrieved from /opt/airflow/dags/daily_revenue_etl_dag.py
[2026-03-17T04:21:49.202+0000] {logging_mixin.py:188} INFO - [2026-03-17T04:21:49.202+0000] {dag.py:3036} INFO - Sync 1 DAGs
[2026-03-17T03:58:31.417+0000] {logging_mixin.py:188} INFO - [2026-03-17T03:58:31.416+0000] {dag.py:3823} INFO - Setting next_dagrun for daily_revenue_etl_dag to 2026-03-17 00:00:00+00:00, run_after=2026-03-18 00:00:00+00:00
[2026-03-17T03:58:31.437+0000] {processor.py:183} INFO - Processing /opt/airflow/dags/daily_revenue_etl_dag.py took 0.094 seconds
[2026-03-17T03:58:36.457+0000] {processor.py:161} INFO - Started process (PID=930) to work on /opt/airflow/dags/daily_revenue_etl_dag.py
[2026-03-17T03:58:36.459+0000] {processor.py:830} INFO - Processing file /opt/airflow/dags/daily_revenue_etl_dag.py for tasks to queue
[2026-03-17T03:58:36.461+0000] {logging_mixin.py:188} INFO - [2026-03-17T03:58:36.461+0000] {dagbag.py:538} INFO - Filling up the DagBag from /opt/airflow/dags/daily_revenue_etl_dag.py
[2026-03-17T03:58:36.488+0000] {processor.py:840} INFO - DAG(s) 'daily_revenue_etl_dag' retrieved from /opt/airflow/dags/daily_revenue_etl_dag.py
[2026-03-17T03:58:36.519+0000] {logging_mixin.py:188} INFO - [2026-03-17T03:58:36.518+0000] {dag.py:3036} INFO - Sync 1 DAGs
[2026-03-17T03:58:36.540+0000] {logging_mixin.py:188} INFO - [2026-03-17T03:58:36.539+0000] {dag.py:3823} INFO - Setting next_dagrun for daily_revenue_etl_dag to 2026-03-17 00:00:00+00:00, run_after=2026-03-18 00:00:00+00:00
[2026-03-17T03:58:36.556+0000] {processor.py:183} INFO - Processing /opt/airflow/dags/daily_revenue_etl_dag.py took 0.102 seconds
[2026-03-17T03:59:06.659+0000] {processor.py:161} INFO - Started process (PID=935) to work on /opt/airflow/dags/daily_revenue_etl_dag.py
[2026-03-17T03:59:06.660+0000] {processor.py:830} INFO - Processing file /opt/airflow/dags/daily_revenue_etl_dag.py for tasks to queue
[2026-03-17T03:59:06.661+0000] {logging_mixin.py:188} INFO - [2026-03-17T03:59:06.661+0000] {dagbag.py:538} INFO - Filling up the DagBag from /opt/airflow/dags/daily_revenue_etl_dag.py
[2026-03-17T03:59:06.686+0000] {processor.py:840} INFO - DAG(s) 'daily_revenue_etl_dag' retrieved from /opt/airflow/dags/daily_revenue_etl_dag.py
[2026-03-17T03:59:06.713+0000] {logging_mixin.py:188} INFO - [2026-03-17T03:59:06.713+0000] {dag.py:3036} INFO - Sync 1 DAGs
[2026-03-17T03:59:06.737+0000] {logging_mixin.py:188} INFO - [2026-03-17T03:59:06.737+0000] {dag.py:3823} INFO - Setting next_dagrun for daily_revenue_etl_dag to 2026-03-17 00:00:00+00:00, run_after=2026-03-18 00:00:00+00:00
[2026-03-17T03:59:06.754+0000] {processor.py:183} INFO - Processing /opt/airflow/dags/daily_revenue_etl_dag.py took 0.099 seconds
[2026-03-17T03:59:36.952+0000] {processor.py:161} INFO - Started process (PID=941) to work on /opt/airflow/dags/daily_revenue_etl_dag.py
[2026-03-17T03:59:36.954+0000] {processor.py:830} INFO - Processing file /opt/airflow/dags/daily_revenue_etl_dag.py for tasks to queue
[2026-03-17T03:59:36.955+0000] {logging_mixin.py:188} INFO - [2026-03-17T03:59:36.955+0000] {dagbag.py:538} INFO - Filling up the DagBag from /opt/airflow/dags/daily_revenue_etl_dag.py
[2026-03-17T03:59:36.975+0000] {processor.py:840} INFO - DAG(s) 'daily_revenue_etl_dag' retrieved from /opt/airflow/dags/daily_revenue_etl_dag.py
[2026-03-17T03:59:37.000+0000] {logging_mixin.py:188} INFO - [2026-03-17T03:59:36.999+0000] {dag.py:3036} INFO - Sync 1 DAGs
[2026-03-17T03:59:37.023+0000] {logging_mixin.py:188} INFO - [2026-03-17T03:59:37.023+0000] {dag.py:3823} INFO - Setting next_dagrun for daily_revenue_etl_dag to 2026-03-17 00:00:00+00:00, run_after=2026-03-18 00:00:00+00:00
[2026-03-17T03:59:37.040+0000] {processor.py:183} INFO - Processing /opt/airflow/dags/daily_revenue_etl_dag.py took 0.092 seconds
[2026-03-17T04:23:10.970+0000] {processor.py:161} INFO - Started process (PID=946) to work on /opt/airflow/dags/daily_revenue_etl_dag.py
[2026-03-17T04:23:10.971+0000] {processor.py:830} INFO - Processing file /opt/airflow/dags/daily_revenue_etl_dag.py for tasks to queue
[2026-03-17T04:23:10.972+0000] {logging_mixin.py:188} INFO - [2026-03-17T04:23:10.972+0000] {dagbag.py:538} INFO - Filling up the DagBag from /opt/airflow/dags/daily_revenue_etl_dag.py
[2026-03-17T04:23:10.990+0000] {processor.py:840} INFO - DAG(s) 'daily_revenue_etl_dag' retrieved from /opt/airflow/dags/daily_revenue_etl_dag.py
[2026-03-17T04:23:11.021+0000] {logging_mixin.py:188} INFO - [2026-03-17T04:23:11.021+0000] {dag.py:3036} INFO - Sync 1 DAGs
[2026-03-17T04:23:11.045+0000] {logging_mixin.py:188} INFO - [2026-03-17T04:23:11.044+0000] {dag.py:3823} INFO - Setting next_dagrun for daily_revenue_etl_dag to 2026-03-17 00:00:00+00:00, run_after=2026-03-18 00:00:00+00:00
[2026-03-17T04:23:11.069+0000] {processor.py:183} INFO - Processing /opt/airflow/dags/daily_revenue_etl_dag.py took 0.105 seconds
[2026-03-17T04:23:41.161+0000] {processor.py:161} INFO - Started process (PID=951) to work on /opt/airflow/dags/daily_revenue_etl_dag.py
[2026-03-17T04:23:41.163+0000] {processor.py:830} INFO - Processing file /opt/airflow/dags/daily_revenue_etl_dag.py for tasks to queue
[2026-03-17T04:23:41.165+0000] {logging_mixin.py:188} INFO - [2026-03-17T04:23:41.164+0000] {dagbag.py:538} INFO - Filling up the DagBag from /opt/airflow/dags/daily_revenue_etl_dag.py
[2026-03-17T04:23:41.188+0000] {processor.py:840} INFO - DAG(s) 'daily_revenue_etl_dag' retrieved from /opt/airflow/dags/daily_revenue_etl_dag.py
[2026-03-17T04:23:41.221+0000] {logging_mixin.py:188} INFO - [2026-03-17T04:23:41.220+0000] {dag.py:3036} INFO - Sync 1 DAGs
[2026-03-17T04:00:23.434+0000] {logging_mixin.py:188} INFO - [2026-03-17T04:00:23.434+0000] {dag.py:3823} INFO - Setting next_dagrun for daily_revenue_etl_dag to 2026-03-17 00:00:00+00:00, run_after=2026-03-18 00:00:00+00:00
[2026-03-17T04:00:23.459+0000] {processor.py:183} INFO - Processing /opt/airflow/dags/daily_revenue_etl_dag.py took 0.119 seconds
[2026-03-17T04:23:44.302+0000] {processor.py:161} INFO - Started process (PID=956) to work on /opt/airflow/dags/daily_revenue_etl_dag.py
[2026-03-17T04:23:44.303+0000] {processor.py:830} INFO - Processing file /opt/airflow/dags/daily_revenue_etl_dag.py for tasks to queue
[2026-03-17T04:23:44.304+0000] {logging_mixin.py:188} INFO - [2026-03-17T04:23:44.304+0000] {dagbag.py:538} INFO - Filling up the DagBag from /opt/airflow/dags/daily_revenue_etl_dag.py
[2026-03-17T04:23:44.323+0000] {processor.py:840} INFO - DAG(s) 'daily_revenue_etl_dag' retrieved from /opt/airflow/dags/daily_revenue_etl_dag.py
[2026-03-17T04:23:44.349+0000] {logging_mixin.py:188} INFO - [2026-03-17T04:23:44.349+0000] {dag.py:3036} INFO - Sync 1 DAGs
[2026-03-17T04:23:44.370+0000] {logging_mixin.py:188} INFO - [2026-03-17T04:23:44.369+0000] {dag.py:3823} INFO - Setting next_dagrun for daily_revenue_etl_dag to 2026-03-17 00:00:00+00:00, run_after=2026-03-18 00:00:00+00:00
[2026-03-17T04:23:44.389+0000] {processor.py:183} INFO - Processing /opt/airflow/dags/daily_revenue_etl_dag.py took 0.091 seconds
[2026-03-17T04:24:14.528+0000] {processor.py:161} INFO - Started process (PID=962) to work on /opt/airflow/dags/daily_revenue_etl_dag.py
[2026-03-17T04:24:14.529+0000] {processor.py:830} INFO - Processing file /opt/airflow/dags/daily_revenue_etl_dag.py for tasks to queue
[2026-03-17T04:24:14.530+0000] {logging_mixin.py:188} INFO - [2026-03-17T04:24:14.530+0000] {dagbag.py:538} INFO - Filling up the DagBag from /opt/airflow/dags/daily_revenue_etl_dag.py
[2026-03-17T04:24:14.548+0000] {processor.py:840} INFO - DAG(s) 'daily_revenue_etl_dag' retrieved from /opt/airflow/dags/daily_revenue_etl_dag.py
[2026-03-17T04:24:14.575+0000] {logging_mixin.py:188} INFO - [2026-03-17T04:24:14.574+0000] {dag.py:3036} INFO - Sync 1 DAGs
[2026-03-17T04:24:14.598+0000] {logging_mixin.py:188} INFO - [2026-03-17T04:24:14.597+0000] {dag.py:3823} INFO - Setting next_dagrun for daily_revenue_etl_dag to 2026-03-17 00:00:00+00:00, run_after=2026-03-18 00:00:00+00:00
[2026-03-17T04:00:56.784+0000] {processor.py:183} INFO - Processing /opt/airflow/dags/daily_revenue_etl_dag.py took 0.095 seconds
[2026-03-17T04:01:26.934+0000] {processor.py:161} INFO - Started process (PID=967) to work on /opt/airflow/dags/daily_revenue_etl_dag.py
[2026-03-17T04:01:26.935+0000] {processor.py:830} INFO - Processing file /opt/airflow/dags/daily_revenue_etl_dag.py for tasks to queue
[2026-03-17T04:01:26.936+0000] {logging_mixin.py:188} INFO - [2026-03-17T04:01:26.935+0000] {dagbag.py:538} INFO - Filling up the DagBag from /opt/airflow/dags/daily_revenue_etl_dag.py
[2026-03-17T04:01:26.954+0000] {processor.py:840} INFO - DAG(s) 'daily_revenue_etl_dag' retrieved from /opt/airflow/dags/daily_revenue_etl_dag.py
[2026-03-17T04:01:26.979+0000] {logging_mixin.py:188} INFO - [2026-03-17T04:01:26.979+0000] {dag.py:3036} INFO - Sync 1 DAGs
[2026-03-17T04:01:27.001+0000] {logging_mixin.py:188} INFO - [2026-03-17T04:01:27.001+0000] {dag.py:3823} INFO - Setting next_dagrun for daily_revenue_etl_dag to 2026-03-17 00:00:00+00:00, run_after=2026-03-18 00:00:00+00:00
[2026-03-17T04:01:27.026+0000] {processor.py:183} INFO - Processing /opt/airflow/dags/daily_revenue_etl_dag.py took 0.096 seconds
[2026-03-17T04:25:11.012+0000] {processor.py:161} INFO - Started process (PID=973) to work on /opt/airflow/dags/daily_revenue_etl_dag.py
[2026-03-17T04:25:11.016+0000] {processor.py:830} INFO - Processing file /opt/airflow/dags/daily_revenue_etl_dag.py for tasks to queue
[2026-03-17T04:25:11.020+0000] {logging_mixin.py:188} INFO - [2026-03-17T04:25:11.018+0000] {dagbag.py:538} INFO - Filling up the DagBag from /opt/airflow/dags/daily_revenue_etl_dag.py
[2026-03-17T04:25:11.067+0000] {processor.py:840} INFO - DAG(s) 'daily_revenue_etl_dag' retrieved from /opt/airflow/dags/daily_revenue_etl_dag.py
[2026-03-17T04:25:11.131+0000] {logging_mixin.py:188} INFO - [2026-03-17T04:25:11.130+0000] {dag.py:3036} INFO - Sync 1 DAGs
[2026-03-17T04:25:11.172+0000] {logging_mixin.py:188} INFO - [2026-03-17T04:25:11.172+0000] {dag.py:3823} INFO - Setting next_dagrun for daily_revenue_etl_dag to 2026-03-17 00:00:00+00:00, run_after=2026-03-18 00:00:00+00:00
[2026-03-17T04:25:11.191+0000] {processor.py:183} INFO - Processing /opt/airflow/dags/daily_revenue_etl_dag.py took 0.195 seconds
[2026-03-17T04:25:41.274+0000] {processor.py:161} INFO - Started process (PID=978) to work on /opt/airflow/dags/daily_revenue_etl_dag.py
[2026-03-17T04:25:41.275+0000] {processor.py:830} INFO - Processing file /opt/airflow/dags/daily_revenue_etl_dag.py for tasks to queue
[2026-03-17T04:25:41.276+0000] {logging_mixin.py:188} INFO - [2026-03-17T04:25:41.276+0000] {dagbag.py:538} INFO - Filling up the DagBag from /opt/airflow/dags/daily_revenue_etl_dag.py
[2026-03-17T04:25:41.294+0000] {processor.py:840} INFO - DAG(s) 'daily_revenue_etl_dag' retrieved from /opt/airflow/dags/daily_revenue_etl_dag.py
[2026-03-17T04:02:23.492+0000] {logging_mixin.py:188} INFO - [2026-03-17T04:02:23.492+0000] {dag.py:3036} INFO - Sync 1 DAGs
[2026-03-17T04:02:23.530+0000] {logging_mixin.py:188} INFO - [2026-03-17T04:02:23.529+0000] {dag.py:3823} INFO - Setting next_dagrun for daily_revenue_etl_dag to 2026-03-17 00:00:00+00:00, run_after=2026-03-18 00:00:00+00:00
[2026-03-17T04:02:23.555+0000] {processor.py:183} INFO - Processing /opt/airflow/dags/daily_revenue_etl_dag.py took 0.120 seconds
[2026-03-17T04:25:44.461+0000] {processor.py:161} INFO - Started process (PID=983) to work on /opt/airflow/dags/daily_revenue_etl_dag.py
[2026-03-17T04:25:44.463+0000] {processor.py:830} INFO - Processing file /opt/airflow/dags/daily_revenue_etl_dag.py for tasks to queue
[2026-03-17T04:25:44.465+0000] {logging_mixin.py:188} INFO - [2026-03-17T04:25:44.464+0000] {dagbag.py:538} INFO - Filling up the DagBag from /opt/airflow/dags/daily_revenue_etl_dag.py
[2026-03-17T04:25:44.492+0000] {processor.py:840} INFO - DAG(s) 'daily_revenue_etl_dag' retrieved from /opt/airflow/dags/daily_revenue_etl_dag.py
[2026-03-17T04:25:44.544+0000] {logging_mixin.py:188} INFO - [2026-03-17T04:25:44.543+0000] {dag.py:3036} INFO - Sync 1 DAGs
[2026-03-17T04:25:44.593+0000] {logging_mixin.py:188} INFO - [2026-03-17T04:25:44.592+0000] {dag.py:3823} INFO - Setting next_dagrun for daily_revenue_etl_dag to 2026-03-17 00:00:00+00:00, run_after=2026-03-18 00:00:00+00:00
[2026-03-17T04:25:44.637+0000] {processor.py:183} INFO - Processing /opt/airflow/dags/daily_revenue_etl_dag.py took 0.182 seconds
[2026-03-17T04:02:57.004+0000] {processor.py:161} INFO - Started process (PID=989) to work on /opt/airflow/dags/daily_revenue_etl_dag.py
[2026-03-17T04:02:57.011+0000] {processor.py:830} INFO - Processing file /opt/airflow/dags/daily_revenue_etl_dag.py for tasks to queue
[2026-03-17T04:02:57.012+0000] {logging_mixin.py:188} INFO - [2026-03-17T04:02:57.012+0000] {dagbag.py:538} INFO - Filling up the DagBag from /opt/airflow/dags/daily_revenue_etl_dag.py
[2026-03-17T04:02:57.043+0000] {processor.py:840} INFO - DAG(s) 'daily_revenue_etl_dag' retrieved from /opt/airflow/dags/daily_revenue_etl_dag.py
[2026-03-17T04:02:57.087+0000] {logging_mixin.py:188} INFO - [2026-03-17T04:02:57.086+0000] {dag.py:3036} INFO - Sync 1 DAGs
[2026-03-17T04:02:57.116+0000] {logging_mixin.py:188} INFO - [2026-03-17T04:02:57.115+0000] {dag.py:3823} INFO - Setting next_dagrun for daily_revenue_etl_dag to 2026-03-17 00:00:00+00:00, run_after=2026-03-18 00:00:00+00:00
[2026-03-17T04:02:57.143+0000] {processor.py:183} INFO - Processing /opt/airflow/dags/daily_revenue_etl_dag.py took 0.143 seconds
[2026-03-17T04:26:41.037+0000] {processor.py:161} INFO - Started process (PID=994) to work on /opt/airflow/dags/daily_revenue_etl_dag.py
[2026-03-17T04:26:41.039+0000] {processor.py:830} INFO - Processing file /opt/airflow/dags/daily_revenue_etl_dag.py for tasks to queue
[2026-03-17T04:26:41.040+0000] {logging_mixin.py:188} INFO - [2026-03-17T04:26:41.040+0000] {dagbag.py:538} INFO - Filling up the DagBag from /opt/airflow/dags/daily_revenue_etl_dag.py
[2026-03-17T04:26:41.069+0000] {processor.py:840} INFO - DAG(s) 'daily_revenue_etl_dag' retrieved from /opt/airflow/dags/daily_revenue_etl_dag.py
[2026-03-17T04:26:41.112+0000] {logging_mixin.py:188} INFO - [2026-03-17T04:26:41.111+0000] {dag.py:3036} INFO - Sync 1 DAGs
[2026-03-17T04:26:41.149+0000] {logging_mixin.py:188} INFO - [2026-03-17T04:26:41.149+0000] {dag.py:3823} INFO - Setting next_dagrun for daily_revenue_etl_dag to 2026-03-17 00:00:00+00:00, run_after=2026-03-18 00:00:00+00:00
[2026-03-17T04:26:41.177+0000] {processor.py:183} INFO - Processing /opt/airflow/dags/daily_revenue_etl_dag.py took 0.144 seconds
[2026-03-17T04:27:34.723+0000] {processor.py:161} INFO - Started process (PID=999) to work on /opt/airflow/dags/daily_revenue_etl_dag.py
[2026-03-17T04:27:34.729+0000] {processor.py:830} INFO - Processing file /opt/airflow/dags/daily_revenue_etl_dag.py for tasks to queue
[2026-03-17T04:27:34.734+0000] {logging_mixin.py:188} INFO - [2026-03-17T04:27:34.733+0000] {dagbag.py:538} INFO - Filling up the DagBag from /opt/airflow/dags/daily_revenue_etl_dag.py
[2026-03-17T04:27:34.791+0000] {processor.py:840} INFO - DAG(s) 'daily_revenue_etl_dag' retrieved from /opt/airflow/dags/daily_revenue_etl_dag.py
[2026-03-17T04:27:34.856+0000] {logging_mixin.py:188} INFO - [2026-03-17T04:27:34.855+0000] {dag.py:3036} INFO - Sync 1 DAGs
[2026-03-17T04:04:17.154+0000] {logging_mixin.py:188} INFO - [2026-03-17T04:04:17.153+0000] {dag.py:3823} INFO - Setting next_dagrun for daily_revenue_etl_dag to 2026-03-17 00:00:00+00:00, run_after=2026-03-18 00:00:00+00:00
[2026-03-17T04:04:17.247+0000] {processor.py:183} INFO - Processing /opt/airflow/dags/daily_revenue_etl_dag.py took 0.344 seconds
[2026-03-17T04:27:39.803+0000] {processor.py:161} INFO - Started process (PID=1004) to work on /opt/airflow/dags/daily_revenue_etl_dag.py
[2026-03-17T04:27:39.805+0000] {processor.py:830} INFO - Processing file /opt/airflow/dags/daily_revenue_etl_dag.py for tasks to queue
[2026-03-17T04:27:39.807+0000] {logging_mixin.py:188} INFO - [2026-03-17T04:27:39.806+0000] {dagbag.py:538} INFO - Filling up the DagBag from /opt/airflow/dags/daily_revenue_etl_dag.py
[2026-03-17T04:27:39.839+0000] {processor.py:840} INFO - DAG(s) 'daily_revenue_etl_dag' retrieved from /opt/airflow/dags/daily_revenue_etl_dag.py
[2026-03-17T04:27:39.902+0000] {logging_mixin.py:188} INFO - [2026-03-17T04:27:39.901+0000] {dag.py:3036} INFO - Sync 1 DAGs
[2026-03-17T04:04:22.136+0000] {logging_mixin.py:188} INFO - [2026-03-17T04:04:22.135+0000] {dag.py:3823} INFO - Setting next_dagrun for daily_revenue_etl_dag to 2026-03-17 00:00:00+00:00, run_after=2026-03-18 00:00:00+00:00
[2026-03-17T04:04:22.199+0000] {processor.py:183} INFO - Processing /opt/airflow/dags/daily_revenue_etl_dag.py took 0.237 seconds
[2026-03-17T04:27:41.174+0000] {processor.py:161} INFO - Started process (PID=1009) to work on /opt/airflow/dags/daily_revenue_etl_dag.py
[2026-03-17T04:27:41.177+0000] {processor.py:830} INFO - Processing file /opt/airflow/dags/daily_revenue_etl_dag.py for tasks to queue
[2026-03-17T04:27:41.182+0000] {logging_mixin.py:188} INFO - [2026-03-17T04:27:41.181+0000] {dagbag.py:538} INFO - Filling up the DagBag from /opt/airflow/dags/daily_revenue_etl_dag.py
[2026-03-17T04:04:23.609+0000] {processor.py:840} INFO - DAG(s) 'daily_revenue_etl_dag' retrieved from /opt/airflow/dags/daily_revenue_etl_dag.py
[2026-03-17T04:04:23.813+0000] {logging_mixin.py:188} INFO - [2026-03-17T04:04:23.811+0000] {dag.py:3036} INFO - Sync 1 DAGs
[2026-03-17T04:04:23.935+0000] {logging_mixin.py:188} INFO - [2026-03-17T04:04:23.934+0000] {dag.py:3823} INFO - Setting next_dagrun for daily_revenue_etl_dag to 2026-03-17 00:00:00+00:00, run_after=2026-03-18 00:00:00+00:00
[2026-03-17T04:04:24.056+0000] {processor.py:183} INFO - Processing /opt/airflow/dags/daily_revenue_etl_dag.py took 0.735 seconds
[2026-03-17T04:04:27.309+0000] {processor.py:161} INFO - Started process (PID=1014) to work on /opt/airflow/dags/daily_revenue_etl_dag.py
[2026-03-17T04:04:27.314+0000] {processor.py:830} INFO - Processing file /opt/airflow/dags/daily_revenue_etl_dag.py for tasks to queue
[2026-03-17T04:04:27.334+0000] {logging_mixin.py:188} INFO - [2026-03-17T04:04:27.329+0000] {dagbag.py:538} INFO - Filling up the DagBag from /opt/airflow/dags/daily_revenue_etl_dag.py
[2026-03-17T04:04:27.479+0000] {processor.py:840} INFO - DAG(s) 'daily_revenue_etl_dag' retrieved from /opt/airflow/dags/daily_revenue_etl_dag.py
[2026-03-17T04:04:27.565+0000] {logging_mixin.py:188} INFO - [2026-03-17T04:04:27.564+0000] {dag.py:3036} INFO - Sync 1 DAGs
[2026-03-17T04:04:27.635+0000] {logging_mixin.py:188} INFO - [2026-03-17T04:04:27.634+0000] {dag.py:3823} INFO - Setting next_dagrun for daily_revenue_etl_dag to 2026-03-17 00:00:00+00:00, run_after=2026-03-18 00:00:00+00:00
[2026-03-17T04:04:27.708+0000] {processor.py:183} INFO - Processing /opt/airflow/dags/daily_revenue_etl_dag.py took 0.425 seconds
[2026-03-17T04:27:54.768+0000] {processor.py:161} INFO - Started process (PID=1019) to work on /opt/airflow/dags/daily_revenue_etl_dag.py
[2026-03-17T04:27:54.775+0000] {processor.py:830} INFO - Processing file /opt/airflow/dags/daily_revenue_etl_dag.py for tasks to queue
[2026-03-17T04:27:54.779+0000] {logging_mixin.py:188} INFO - [2026-03-17T04:27:54.778+0000] {dagbag.py:538} INFO - Filling up the DagBag from /opt/airflow/dags/daily_revenue_etl_dag.py
[2026-03-17T04:27:54.852+0000] {processor.py:840} INFO - DAG(s) 'daily_revenue_etl_dag' retrieved from /opt/airflow/dags/daily_revenue_etl_dag.py
[2026-03-17T04:04:37.177+0000] {logging_mixin.py:188} INFO - [2026-03-17T04:04:37.176+0000] {dag.py:3036} INFO - Sync 1 DAGs
[2026-03-17T04:04:37.265+0000] {logging_mixin.py:188} INFO - [2026-03-17T04:04:37.264+0000] {dag.py:3823} INFO - Setting next_dagrun for daily_revenue_etl_dag to 2026-03-17 00:00:00+00:00, run_after=2026-03-18 00:00:00+00:00
[2026-03-17T04:04:37.335+0000] {processor.py:183} INFO - Processing /opt/airflow/dags/daily_revenue_etl_dag.py took 0.379 seconds
[2026-03-17T04:04:42.532+0000] {processor.py:161} INFO - Started process (PID=1024) to work on /opt/airflow/dags/daily_revenue_etl_dag.py
[2026-03-17T04:04:42.547+0000] {processor.py:830} INFO - Processing file /opt/airflow/dags/daily_revenue_etl_dag.py for tasks to queue
[2026-03-17T04:04:42.561+0000] {logging_mixin.py:188} INFO - [2026-03-17T04:04:42.559+0000] {dagbag.py:538} INFO - Filling up the DagBag from /opt/airflow/dags/daily_revenue_etl_dag.py
[2026-03-17T04:04:42.827+0000] {processor.py:840} INFO - DAG(s) 'daily_revenue_etl_dag' retrieved from /opt/airflow/dags/daily_revenue_etl_dag.py
[2026-03-17T04:04:42.955+0000] {logging_mixin.py:188} INFO - [2026-03-17T04:04:42.953+0000] {dag.py:3036} INFO - Sync 1 DAGs
[2026-03-17T04:04:43.083+0000] {logging_mixin.py:188} INFO - [2026-03-17T04:04:43.082+0000] {dag.py:3823} INFO - Setting next_dagrun for daily_revenue_etl_dag to 2026-03-17 00:00:00+00:00, run_after=2026-03-18 00:00:00+00:00
[2026-03-17T04:04:43.188+0000] {processor.py:183} INFO - Processing /opt/airflow/dags/daily_revenue_etl_dag.py took 0.677 seconds
[2026-03-17T04:28:11.209+0000] {processor.py:161} INFO - Started process (PID=1029) to work on /opt/airflow/dags/daily_revenue_etl_dag.py
[2026-03-17T04:28:11.211+0000] {processor.py:830} INFO - Processing file /opt/airflow/dags/daily_revenue_etl_dag.py for tasks to queue
[2026-03-17T04:28:11.213+0000] {logging_mixin.py:188} INFO - [2026-03-17T04:28:11.213+0000] {dagbag.py:538} INFO - Filling up the DagBag from /opt/airflow/dags/daily_revenue_etl_dag.py
[2026-03-17T04:28:11.252+0000] {processor.py:840} INFO - DAG(s) 'daily_revenue_etl_dag' retrieved from /opt/airflow/dags/daily_revenue_etl_dag.py
[2026-03-17T04:04:53.511+0000] {logging_mixin.py:188} INFO - [2026-03-17T04:04:53.510+0000] {dag.py:3036} INFO - Sync 1 DAGs
[2026-03-17T04:04:53.559+0000] {logging_mixin.py:188} INFO - [2026-03-17T04:04:53.558+0000] {dag.py:3823} INFO - Setting next_dagrun for daily_revenue_etl_dag to 2026-03-17 00:00:00+00:00, run_after=2026-03-18 00:00:00+00:00
[2026-03-17T04:04:53.635+0000] {processor.py:183} INFO - Processing /opt/airflow/dags/daily_revenue_etl_dag.py took 0.248 seconds
[2026-03-17T04:05:23.933+0000] {processor.py:161} INFO - Started process (PID=1034) to work on /opt/airflow/dags/daily_revenue_etl_dag.py
[2026-03-17T04:05:23.936+0000] {processor.py:830} INFO - Processing file /opt/airflow/dags/daily_revenue_etl_dag.py for tasks to queue
[2026-03-17T04:05:23.938+0000] {logging_mixin.py:188} INFO - [2026-03-17T04:05:23.937+0000] {dagbag.py:538} INFO - Filling up the DagBag from /opt/airflow/dags/daily_revenue_etl_dag.py
[2026-03-17T04:05:23.974+0000] {processor.py:840} INFO - DAG(s) 'daily_revenue_etl_dag' retrieved from /opt/airflow/dags/daily_revenue_etl_dag.py
[2026-03-17T04:05:24.022+0000] {logging_mixin.py:188} INFO - [2026-03-17T04:05:24.021+0000] {dag.py:3036} INFO - Sync 1 DAGs
[2026-03-17T04:05:24.073+0000] {logging_mixin.py:188} INFO - [2026-03-17T04:05:24.072+0000] {dag.py:3823} INFO - Setting next_dagrun for daily_revenue_etl_dag to 2026-03-17 00:00:00+00:00, run_after=2026-03-18 00:00:00+00:00
[2026-03-17T04:05:24.129+0000] {processor.py:183} INFO - Processing /opt/airflow/dags/daily_revenue_etl_dag.py took 0.204 seconds
[2026-03-17T04:28:44.769+0000] {processor.py:161} INFO - Started process (PID=1039) to work on /opt/airflow/dags/daily_revenue_etl_dag.py
[2026-03-17T04:28:44.771+0000] {processor.py:830} INFO - Processing file /opt/airflow/dags/daily_revenue_etl_dag.py for tasks to queue
[2026-03-17T04:28:44.773+0000] {logging_mixin.py:188} INFO - [2026-03-17T04:28:44.773+0000] {dagbag.py:538} INFO - Filling up the DagBag from /opt/airflow/dags/daily_revenue_etl_dag.py
[2026-03-17T04:28:44.816+0000] {processor.py:840} INFO - DAG(s) 'daily_revenue_etl_dag' retrieved from /opt/airflow/dags/daily_revenue_etl_dag.py
[2026-03-17T04:28:44.866+0000] {logging_mixin.py:188} INFO - [2026-03-17T04:28:44.865+0000] {dag.py:3036} INFO - Sync 1 DAGs
[2026-03-17T04:28:44.895+0000] {logging_mixin.py:188} INFO - [2026-03-17T04:28:44.894+0000] {dag.py:3823} INFO - Setting next_dagrun for daily_revenue_etl_dag to 2026-03-17 00:00:00+00:00, run_after=2026-03-18 00:00:00+00:00
[2026-03-17T04:28:44.912+0000] {processor.py:183} INFO - Processing /opt/airflow/dags/daily_revenue_etl_dag.py took 0.150 seconds
[2026-03-17T04:29:14.994+0000] {processor.py:161} INFO - Started process (PID=1044) to work on /opt/airflow/dags/daily_revenue_etl_dag.py
[2026-03-17T04:29:14.996+0000] {processor.py:830} INFO - Processing file /opt/airflow/dags/daily_revenue_etl_dag.py for tasks to queue
[2026-03-17T04:29:14.997+0000] {logging_mixin.py:188} INFO - [2026-03-17T04:29:14.997+0000] {dagbag.py:538} INFO - Filling up the DagBag from /opt/airflow/dags/daily_revenue_etl_dag.py
[2026-03-17T04:29:15.023+0000] {processor.py:840} INFO - DAG(s) 'daily_revenue_etl_dag' retrieved from /opt/airflow/dags/daily_revenue_etl_dag.py
[2026-03-17T04:05:57.267+0000] {logging_mixin.py:188} INFO - [2026-03-17T04:05:57.266+0000] {dag.py:3036} INFO - Sync 1 DAGs
[2026-03-17T04:05:57.306+0000] {logging_mixin.py:188} INFO - [2026-03-17T04:05:57.306+0000] {dag.py:3823} INFO - Setting next_dagrun for daily_revenue_etl_dag to 2026-03-17 00:00:00+00:00, run_after=2026-03-18 00:00:00+00:00
[2026-03-17T04:05:57.327+0000] {processor.py:183} INFO - Processing /opt/airflow/dags/daily_revenue_etl_dag.py took 0.136 seconds
[2026-03-17T04:29:41.298+0000] {processor.py:161} INFO - Started process (PID=1050) to work on /opt/airflow/dags/daily_revenue_etl_dag.py
[2026-03-17T04:29:41.299+0000] {processor.py:830} INFO - Processing file /opt/airflow/dags/daily_revenue_etl_dag.py for tasks to queue
[2026-03-17T04:29:41.300+0000] {logging_mixin.py:188} INFO - [2026-03-17T04:29:41.300+0000] {dagbag.py:538} INFO - Filling up the DagBag from /opt/airflow/dags/daily_revenue_etl_dag.py
[2026-03-17T04:29:41.318+0000] {processor.py:840} INFO - DAG(s) 'daily_revenue_etl_dag' retrieved from /opt/airflow/dags/daily_revenue_etl_dag.py
[2026-03-17T04:06:23.514+0000] {logging_mixin.py:188} INFO - [2026-03-17T04:06:23.514+0000] {dag.py:3036} INFO - Sync 1 DAGs
[2026-03-17T04:06:23.539+0000] {logging_mixin.py:188} INFO - [2026-03-17T04:06:23.539+0000] {dag.py:3823} INFO - Setting next_dagrun for daily_revenue_etl_dag to 2026-03-17 00:00:00+00:00, run_after=2026-03-18 00:00:00+00:00
[2026-03-17T04:06:23.563+0000] {processor.py:183} INFO - Processing /opt/airflow/dags/daily_revenue_etl_dag.py took 0.099 seconds
[2026-03-17T04:06:53.727+0000] {processor.py:161} INFO - Started process (PID=1055) to work on /opt/airflow/dags/daily_revenue_etl_dag.py
[2026-03-17T04:06:53.730+0000] {processor.py:830} INFO - Processing file /opt/airflow/dags/daily_revenue_etl_dag.py for tasks to queue
[2026-03-17T04:06:53.733+0000] {logging_mixin.py:188} INFO - [2026-03-17T04:06:53.732+0000] {dagbag.py:538} INFO - Filling up the DagBag from /opt/airflow/dags/daily_revenue_etl_dag.py
[2026-03-17T04:06:53.769+0000] {processor.py:840} INFO - DAG(s) 'daily_revenue_etl_dag' retrieved from /opt/airflow/dags/daily_revenue_etl_dag.py
[2026-03-17T04:06:53.824+0000] {logging_mixin.py:188} INFO - [2026-03-17T04:06:53.823+0000] {dag.py:3036} INFO - Sync 1 DAGs
[2026-03-17T04:06:53.858+0000] {logging_mixin.py:188} INFO - [2026-03-17T04:06:53.858+0000] {dag.py:3823} INFO - Setting next_dagrun for daily_revenue_etl_dag to 2026-03-17 00:00:00+00:00, run_after=2026-03-18 00:00:00+00:00
[2026-03-17T04:06:53.884+0000] {processor.py:183} INFO - Processing /opt/airflow/dags/daily_revenue_etl_dag.py took 0.162 seconds
[2026-03-17T04:07:24.023+0000] {processor.py:161} INFO - Started process (PID=1060) to work on /opt/airflow/dags/daily_revenue_etl_dag.py
[2026-03-17T04:07:24.025+0000] {processor.py:830} INFO - Processing file /opt/airflow/dags/daily_revenue_etl_dag.py for tasks to queue
[2026-03-17T04:07:24.026+0000] {logging_mixin.py:188} INFO - [2026-03-17T04:07:24.026+0000] {dagbag.py:538} INFO - Filling up the DagBag from /opt/airflow/dags/daily_revenue_etl_dag.py
[2026-03-17T04:07:24.050+0000] {processor.py:840} INFO - DAG(s) 'daily_revenue_etl_dag' retrieved from /opt/airflow/dags/daily_revenue_etl_dag.py
[2026-03-17T04:07:24.091+0000] {logging_mixin.py:188} INFO - [2026-03-17T04:07:24.091+0000] {dag.py:3036} INFO - Sync 1 DAGs
[2026-03-17T04:07:24.124+0000] {logging_mixin.py:188} INFO - [2026-03-17T04:07:24.124+0000] {dag.py:3823} INFO - Setting next_dagrun for daily_revenue_etl_dag to 2026-03-17 00:00:00+00:00, run_after=2026-03-18 00:00:00+00:00
[2026-03-17T04:07:24.154+0000] {processor.py:183} INFO - Processing /opt/airflow/dags/daily_revenue_etl_dag.py took 0.135 seconds
[2026-03-17T04:30:45.026+0000] {processor.py:161} INFO - Started process (PID=1065) to work on /opt/airflow/dags/daily_revenue_etl_dag.py
[2026-03-17T04:30:45.027+0000] {processor.py:830} INFO - Processing file /opt/airflow/dags/daily_revenue_etl_dag.py for tasks to queue
[2026-03-17T04:30:45.029+0000] {logging_mixin.py:188} INFO - [2026-03-17T04:30:45.029+0000] {dagbag.py:538} INFO - Filling up the DagBag from /opt/airflow/dags/daily_revenue_etl_dag.py
[2026-03-17T04:30:45.062+0000] {processor.py:840} INFO - DAG(s) 'daily_revenue_etl_dag' retrieved from /opt/airflow/dags/daily_revenue_etl_dag.py
[2026-03-17T04:30:45.112+0000] {logging_mixin.py:188} INFO - [2026-03-17T04:30:45.111+0000] {dag.py:3036} INFO - Sync 1 DAGs
[2026-03-17T04:30:45.185+0000] {logging_mixin.py:188} INFO - [2026-03-17T04:30:45.183+0000] {dag.py:3823} INFO - Setting next_dagrun for daily_revenue_etl_dag to 2026-03-17 00:00:00+00:00, run_after=2026-03-18 00:00:00+00:00
[2026-03-17T04:30:45.263+0000] {processor.py:183} INFO - Processing /opt/airflow/dags/daily_revenue_etl_dag.py took 0.244 seconds
[2026-03-17T04:31:20.222+0000] {processor.py:161} INFO - Started process (PID=1071) to work on /opt/airflow/dags/daily_revenue_etl_dag.py
[2026-03-17T04:31:20.223+0000] {processor.py:830} INFO - Processing file /opt/airflow/dags/daily_revenue_etl_dag.py for tasks to queue
[2026-03-17T04:31:20.224+0000] {logging_mixin.py:188} INFO - [2026-03-17T04:31:20.224+0000] {dagbag.py:538} INFO - Filling up the DagBag from /opt/airflow/dags/daily_revenue_etl_dag.py
[2026-03-17T04:31:20.242+0000] {processor.py:840} INFO - DAG(s) 'daily_revenue_etl_dag' retrieved from /opt/airflow/dags/daily_revenue_etl_dag.py
[2026-03-17T04:31:20.266+0000] {logging_mixin.py:188} INFO - [2026-03-17T04:31:20.266+0000] {dag.py:3036} INFO - Sync 1 DAGs
[2026-03-17T04:31:20.286+0000] {logging_mixin.py:188} INFO - [2026-03-17T04:31:20.286+0000] {dag.py:3823} INFO - Setting next_dagrun for daily_revenue_etl_dag to 2026-03-17 00:00:00+00:00, run_after=2026-03-18 00:00:00+00:00
[2026-03-17T04:31:20.303+0000] {processor.py:183} INFO - Processing /opt/airflow/dags/daily_revenue_etl_dag.py took 0.085 seconds
[2026-03-17T04:31:50.433+0000] {processor.py:161} INFO - Started process (PID=1076) to work on /opt/airflow/dags/daily_revenue_etl_dag.py
[2026-03-17T04:31:50.435+0000] {processor.py:830} INFO - Processing file /opt/airflow/dags/daily_revenue_etl_dag.py for tasks to queue
[2026-03-17T04:31:50.437+0000] {logging_mixin.py:188} INFO - [2026-03-17T04:31:50.436+0000] {dagbag.py:538} INFO - Filling up the DagBag from /opt/airflow/dags/daily_revenue_etl_dag.py
[2026-03-17T04:31:50.458+0000] {processor.py:840} INFO - DAG(s) 'daily_revenue_etl_dag' retrieved from /opt/airflow/dags/daily_revenue_etl_dag.py
[2026-03-17T04:31:50.488+0000] {logging_mixin.py:188} INFO - [2026-03-17T04:31:50.487+0000] {dag.py:3036} INFO - Sync 1 DAGs
[2026-03-17T04:31:50.510+0000] {logging_mixin.py:188} INFO - [2026-03-17T04:31:50.509+0000] {dag.py:3823} INFO - Setting next_dagrun for daily_revenue_etl_dag to 2026-03-17 00:00:00+00:00, run_after=2026-03-18 00:00:00+00:00
[2026-03-17T04:31:50.529+0000] {processor.py:183} INFO - Processing /opt/airflow/dags/daily_revenue_etl_dag.py took 0.099 seconds
[2026-03-17T04:33:41.198+0000] {processor.py:161} INFO - Started process (PID=1081) to work on /opt/airflow/dags/daily_revenue_etl_dag.py
[2026-03-17T04:33:41.201+0000] {processor.py:830} INFO - Processing file /opt/airflow/dags/daily_revenue_etl_dag.py for tasks to queue
[2026-03-17T04:33:41.203+0000] {logging_mixin.py:188} INFO - [2026-03-17T04:33:41.202+0000] {dagbag.py:538} INFO - Filling up the DagBag from /opt/airflow/dags/daily_revenue_etl_dag.py
[2026-03-17T04:33:41.243+0000] {processor.py:840} INFO - DAG(s) 'daily_revenue_etl_dag' retrieved from /opt/airflow/dags/daily_revenue_etl_dag.py
[2026-03-17T04:33:41.293+0000] {logging_mixin.py:188} INFO - [2026-03-17T04:33:41.293+0000] {dag.py:3036} INFO - Sync 1 DAGs
[2026-03-17T04:33:41.347+0000] {logging_mixin.py:188} INFO - [2026-03-17T04:33:41.346+0000] {dag.py:3823} INFO - Setting next_dagrun for daily_revenue_etl_dag to 2026-03-17 00:00:00+00:00, run_after=2026-03-18 00:00:00+00:00
[2026-03-17T04:10:23.574+0000] {processor.py:183} INFO - Processing /opt/airflow/dags/daily_revenue_etl_dag.py took 0.209 seconds
[2026-03-17T04:33:45.483+0000] {processor.py:161} INFO - Started process (PID=1086) to work on /opt/airflow/dags/daily_revenue_etl_dag.py
[2026-03-17T04:33:45.484+0000] {processor.py:830} INFO - Processing file /opt/airflow/dags/daily_revenue_etl_dag.py for tasks to queue
[2026-03-17T04:33:45.485+0000] {logging_mixin.py:188} INFO - [2026-03-17T04:33:45.485+0000] {dagbag.py:538} INFO - Filling up the DagBag from /opt/airflow/dags/daily_revenue_etl_dag.py
[2026-03-17T04:10:27.713+0000] {processor.py:840} INFO - DAG(s) 'daily_revenue_etl_dag' retrieved from /opt/airflow/dags/daily_revenue_etl_dag.py
[2026-03-17T04:10:27.739+0000] {logging_mixin.py:188} INFO - [2026-03-17T04:10:27.739+0000] {dag.py:3036} INFO - Sync 1 DAGs
[2026-03-17T04:10:27.770+0000] {logging_mixin.py:188} INFO - [2026-03-17T04:10:27.770+0000] {dag.py:3823} INFO - Setting next_dagrun for daily_revenue_etl_dag to 2026-03-17 00:00:00+00:00, run_after=2026-03-18 00:00:00+00:00
[2026-03-17T04:10:27.786+0000] {processor.py:183} INFO - Processing /opt/airflow/dags/daily_revenue_etl_dag.py took 0.098 seconds
[2026-03-17T04:33:50.530+0000] {processor.py:161} INFO - Started process (PID=1091) to work on /opt/airflow/dags/daily_revenue_etl_dag.py
[2026-03-17T04:33:50.532+0000] {processor.py:830} INFO - Processing file /opt/airflow/dags/daily_revenue_etl_dag.py for tasks to queue
[2026-03-17T04:33:50.533+0000] {logging_mixin.py:188} INFO - [2026-03-17T04:33:50.532+0000] {dagbag.py:538} INFO - Filling up the DagBag from /opt/airflow/dags/daily_revenue_etl_dag.py
[2026-03-17T04:33:50.558+0000] {processor.py:840} INFO - DAG(s) 'daily_revenue_etl_dag' retrieved from /opt/airflow/dags/daily_revenue_etl_dag.py
[2026-03-17T04:10:32.774+0000] {logging_mixin.py:188} INFO - [2026-03-17T04:10:32.773+0000] {dag.py:3036} INFO - Sync 1 DAGs
[2026-03-17T04:10:32.810+0000] {logging_mixin.py:188} INFO - [2026-03-17T04:10:32.809+0000] {dag.py:3823} INFO - Setting next_dagrun for daily_revenue_etl_dag to 2026-03-17 00:00:00+00:00, run_after=2026-03-18 00:00:00+00:00
[2026-03-17T04:10:32.838+0000] {processor.py:183} INFO - Processing /opt/airflow/dags/daily_revenue_etl_dag.py took 0.144 seconds
[2026-03-17T04:11:03.042+0000] {processor.py:161} INFO - Started process (PID=1096) to work on /opt/airflow/dags/daily_revenue_etl_dag.py
[2026-03-17T04:11:03.043+0000] {processor.py:830} INFO - Processing file /opt/airflow/dags/daily_revenue_etl_dag.py for tasks to queue
[2026-03-17T04:11:03.044+0000] {logging_mixin.py:188} INFO - [2026-03-17T04:11:03.044+0000] {dagbag.py:538} INFO - Filling up the DagBag from /opt/airflow/dags/daily_revenue_etl_dag.py
[2026-03-17T04:11:03.070+0000] {processor.py:840} INFO - DAG(s) 'daily_revenue_etl_dag' retrieved from /opt/airflow/dags/daily_revenue_etl_dag.py
[2026-03-17T04:11:03.100+0000] {logging_mixin.py:188} INFO - [2026-03-17T04:11:03.099+0000] {dag.py:3036} INFO - Sync 1 DAGs
[2026-03-17T04:11:03.125+0000] {logging_mixin.py:188} INFO - [2026-03-17T04:11:03.125+0000] {dag.py:3823} INFO - Setting next_dagrun for daily_revenue_etl_dag to 2026-03-17 00:00:00+00:00, run_after=2026-03-18 00:00:00+00:00
[2026-03-17T04:11:03.144+0000] {processor.py:183} INFO - Processing /opt/airflow/dags/daily_revenue_etl_dag.py took 0.106 seconds
[2026-03-17T04:34:41.076+0000] {processor.py:161} INFO - Started process (PID=1102) to work on /opt/airflow/dags/daily_revenue_etl_dag.py
[2026-03-17T04:34:41.077+0000] {processor.py:830} INFO - Processing file /opt/airflow/dags/daily_revenue_etl_dag.py for tasks to queue
[2026-03-17T04:34:41.078+0000] {logging_mixin.py:188} INFO - [2026-03-17T04:34:41.078+0000] {dagbag.py:538} INFO - Filling up the DagBag from /opt/airflow/dags/daily_revenue_etl_dag.py
[2026-03-17T04:34:41.094+0000] {processor.py:840} INFO - DAG(s) 'daily_revenue_etl_dag' retrieved from /opt/airflow/dags/daily_revenue_etl_dag.py
[2026-03-17T04:34:41.117+0000] {logging_mixin.py:188} INFO - [2026-03-17T04:34:41.116+0000] {dag.py:3036} INFO - Sync 1 DAGs
[2026-03-17T04:34:41.134+0000] {logging_mixin.py:188} INFO - [2026-03-17T04:34:41.134+0000] {dag.py:3823} INFO - Setting next_dagrun for daily_revenue_etl_dag to 2026-03-17 00:00:00+00:00, run_after=2026-03-18 00:00:00+00:00
[2026-03-17T04:34:41.152+0000] {processor.py:183} INFO - Processing /opt/airflow/dags/daily_revenue_etl_dag.py took 0.079 seconds
[2026-03-17T04:11:53.576+0000] {processor.py:161} INFO - Started process (PID=1107) to work on /opt/airflow/dags/daily_revenue_etl_dag.py
[2026-03-17T04:11:53.579+0000] {processor.py:830} INFO - Processing file /opt/airflow/dags/daily_revenue_etl_dag.py for tasks to queue
[2026-03-17T04:11:53.582+0000] {logging_mixin.py:188} INFO - [2026-03-17T04:11:53.581+0000] {dagbag.py:538} INFO - Filling up the DagBag from /opt/airflow/dags/daily_revenue_etl_dag.py
[2026-03-17T04:11:53.625+0000] {processor.py:840} INFO - DAG(s) 'daily_revenue_etl_dag' retrieved from /opt/airflow/dags/daily_revenue_etl_dag.py
[2026-03-17T04:11:53.667+0000] {logging_mixin.py:188} INFO - [2026-03-17T04:11:53.666+0000] {dag.py:3036} INFO - Sync 1 DAGs
[2026-03-17T04:11:53.721+0000] {logging_mixin.py:188} INFO - [2026-03-17T04:11:53.720+0000] {dag.py:3823} INFO - Setting next_dagrun for daily_revenue_etl_dag to 2026-03-17 00:00:00+00:00, run_after=2026-03-18 00:00:00+00:00
[2026-03-17T04:11:53.776+0000] {processor.py:183} INFO - Processing /opt/airflow/dags/daily_revenue_etl_dag.py took 0.210 seconds
[2026-03-17T04:35:15.479+0000] {processor.py:161} INFO - Started process (PID=1112) to work on /opt/airflow/dags/daily_revenue_etl_dag.py
[2026-03-17T04:35:15.481+0000] {processor.py:830} INFO - Processing file /opt/airflow/dags/daily_revenue_etl_dag.py for tasks to queue
[2026-03-17T04:35:15.485+0000] {logging_mixin.py:188} INFO - [2026-03-17T04:35:15.484+0000] {dagbag.py:538} INFO - Filling up the DagBag from /opt/airflow/dags/daily_revenue_etl_dag.py
[2026-03-17T04:35:15.541+0000] {processor.py:840} INFO - DAG(s) 'daily_revenue_etl_dag' retrieved from /opt/airflow/dags/daily_revenue_etl_dag.py
[2026-03-17T04:35:15.640+0000] {logging_mixin.py:188} INFO - [2026-03-17T04:35:15.637+0000] {dag.py:3036} INFO - Sync 1 DAGs
[2026-03-17T04:11:57.958+0000] {logging_mixin.py:188} INFO - [2026-03-17T04:11:57.957+0000] {dag.py:3823} INFO - Setting next_dagrun for daily_revenue_etl_dag to 2026-03-17 00:00:00+00:00, run_after=2026-03-18 00:00:00+00:00
[2026-03-17T04:11:57.985+0000] {processor.py:183} INFO - Processing /opt/airflow/dags/daily_revenue_etl_dag.py took 0.304 seconds
[2026-03-17T04:12:02.919+0000] {processor.py:161} INFO - Started process (PID=1117) to work on /opt/airflow/dags/daily_revenue_etl_dag.py
[2026-03-17T04:12:02.920+0000] {processor.py:830} INFO - Processing file /opt/airflow/dags/daily_revenue_etl_dag.py for tasks to queue
[2026-03-17T04:12:02.921+0000] {logging_mixin.py:188} INFO - [2026-03-17T04:12:02.921+0000] {dagbag.py:538} INFO - Filling up the DagBag from /opt/airflow/dags/daily_revenue_etl_dag.py
[2026-03-17T04:12:02.946+0000] {processor.py:840} INFO - DAG(s) 'daily_revenue_etl_dag' retrieved from /opt/airflow/dags/daily_revenue_etl_dag.py
[2026-03-17T04:12:02.975+0000] {logging_mixin.py:188} INFO - [2026-03-17T04:12:02.974+0000] {dag.py:3036} INFO - Sync 1 DAGs
[2026-03-17T04:12:02.998+0000] {logging_mixin.py:188} INFO - [2026-03-17T04:12:02.998+0000] {dag.py:3823} INFO - Setting next_dagrun for daily_revenue_etl_dag to 2026-03-17 00:00:00+00:00, run_after=2026-03-18 00:00:00+00:00
[2026-03-17T04:12:03.021+0000] {processor.py:183} INFO - Processing /opt/airflow/dags/daily_revenue_etl_dag.py took 0.107 seconds
[2026-03-17T04:12:12.972+0000] {processor.py:161} INFO - Started process (PID=1122) to work on /opt/airflow/dags/daily_revenue_etl_dag.py
[2026-03-17T04:12:12.973+0000] {processor.py:830} INFO - Processing file /opt/airflow/dags/daily_revenue_etl_dag.py for tasks to queue
[2026-03-17T04:12:12.974+0000] {logging_mixin.py:188} INFO - [2026-03-17T04:12:12.974+0000] {dagbag.py:538} INFO - Filling up the DagBag from /opt/airflow/dags/daily_revenue_etl_dag.py
[2026-03-17T04:12:12.994+0000] {processor.py:840} INFO - DAG(s) 'daily_revenue_etl_dag' retrieved from /opt/airflow/dags/daily_revenue_etl_dag.py
[2026-03-17T04:12:13.018+0000] {logging_mixin.py:188} INFO - [2026-03-17T04:12:13.018+0000] {dag.py:3036} INFO - Sync 1 DAGs
[2026-03-17T04:12:13.042+0000] {logging_mixin.py:188} INFO - [2026-03-17T04:12:13.042+0000] {dag.py:3823} INFO - Setting next_dagrun for daily_revenue_etl_dag to 2026-03-17 00:00:00+00:00, run_after=2026-03-18 00:00:00+00:00
[2026-03-17T04:12:13.059+0000] {processor.py:183} INFO - Processing /opt/airflow/dags/daily_revenue_etl_dag.py took 0.091 seconds
[2026-03-17T04:12:43.228+0000] {processor.py:161} INFO - Started process (PID=1128) to work on /opt/airflow/dags/daily_revenue_etl_dag.py
[2026-03-17T04:12:43.230+0000] {processor.py:830} INFO - Processing file /opt/airflow/dags/daily_revenue_etl_dag.py for tasks to queue
[2026-03-17T04:12:43.234+0000] {logging_mixin.py:188} INFO - [2026-03-17T04:12:43.233+0000] {dagbag.py:538} INFO - Filling up the DagBag from /opt/airflow/dags/daily_revenue_etl_dag.py
[2026-03-17T04:12:43.272+0000] {processor.py:840} INFO - DAG(s) 'daily_revenue_etl_dag' retrieved from /opt/airflow/dags/daily_revenue_etl_dag.py
[2026-03-17T04:12:43.312+0000] {logging_mixin.py:188} INFO - [2026-03-17T04:12:43.312+0000] {dag.py:3036} INFO - Sync 1 DAGs
[2026-03-17T04:12:43.343+0000] {logging_mixin.py:188} INFO - [2026-03-17T04:12:43.342+0000] {dag.py:3823} INFO - Setting next_dagrun for daily_revenue_etl_dag to 2026-03-17 00:00:00+00:00, run_after=2026-03-18 00:00:00+00:00
[2026-03-17T04:12:43.369+0000] {processor.py:183} INFO - Processing /opt/airflow/dags/daily_revenue_etl_dag.py took 0.147 seconds
[2026-03-17T04:36:11.180+0000] {processor.py:161} INFO - Started process (PID=1133) to work on /opt/airflow/dags/daily_revenue_etl_dag.py
[2026-03-17T04:36:11.183+0000] {processor.py:830} INFO - Processing file /opt/airflow/dags/daily_revenue_etl_dag.py for tasks to queue
[2026-03-17T04:36:11.184+0000] {logging_mixin.py:188} INFO - [2026-03-17T04:36:11.184+0000] {dagbag.py:538} INFO - Filling up the DagBag from /opt/airflow/dags/daily_revenue_etl_dag.py
[2026-03-17T04:36:11.219+0000] {processor.py:840} INFO - DAG(s) 'daily_revenue_etl_dag' retrieved from /opt/airflow/dags/daily_revenue_etl_dag.py
[2026-03-17T04:36:11.273+0000] {logging_mixin.py:188} INFO - [2026-03-17T04:36:11.272+0000] {dag.py:3036} INFO - Sync 1 DAGs
[2026-03-17T04:36:11.306+0000] {logging_mixin.py:188} INFO - [2026-03-17T04:36:11.305+0000] {dag.py:3823} INFO - Setting next_dagrun for daily_revenue_etl_dag to 2026-03-17 00:00:00+00:00, run_after=2026-03-18 00:00:00+00:00
[2026-03-17T04:12:53.596+0000] {processor.py:183} INFO - Processing /opt/airflow/dags/daily_revenue_etl_dag.py took 0.272 seconds
[2026-03-17T04:36:20.589+0000] {processor.py:161} INFO - Started process (PID=1138) to work on /opt/airflow/dags/daily_revenue_etl_dag.py
[2026-03-17T04:36:20.591+0000] {processor.py:830} INFO - Processing file /opt/airflow/dags/daily_revenue_etl_dag.py for tasks to queue
[2026-03-17T04:36:20.592+0000] {logging_mixin.py:188} INFO - [2026-03-17T04:36:20.592+0000] {dagbag.py:538} INFO - Filling up the DagBag from /opt/airflow/dags/daily_revenue_etl_dag.py
[2026-03-17T04:36:20.613+0000] {processor.py:840} INFO - DAG(s) 'daily_revenue_etl_dag' retrieved from /opt/airflow/dags/daily_revenue_etl_dag.py
[2026-03-17T04:36:20.641+0000] {logging_mixin.py:188} INFO - [2026-03-17T04:36:20.641+0000] {dag.py:3036} INFO - Sync 1 DAGs
[2026-03-17T04:36:20.671+0000] {logging_mixin.py:188} INFO - [2026-03-17T04:36:20.671+0000] {dag.py:3823} INFO - Setting next_dagrun for daily_revenue_etl_dag to 2026-03-17 00:00:00+00:00, run_after=2026-03-18 00:00:00+00:00
[2026-03-17T04:36:20.719+0000] {processor.py:183} INFO - Processing /opt/airflow/dags/daily_revenue_etl_dag.py took 0.134 seconds
[2026-03-17T04:36:50.830+0000] {processor.py:161} INFO - Started process (PID=1143) to work on /opt/airflow/dags/daily_revenue_etl_dag.py
[2026-03-17T04:36:50.831+0000] {processor.py:830} INFO - Processing file /opt/airflow/dags/daily_revenue_etl_dag.py for tasks to queue
[2026-03-17T04:36:50.832+0000] {logging_mixin.py:188} INFO - [2026-03-17T04:36:50.832+0000] {dagbag.py:538} INFO - Filling up the DagBag from /opt/airflow/dags/daily_revenue_etl_dag.py
[2026-03-17T04:13:33.062+0000] {processor.py:840} INFO - DAG(s) 'daily_revenue_etl_dag' retrieved from /opt/airflow/dags/daily_revenue_etl_dag.py
[2026-03-17T04:13:33.102+0000] {logging_mixin.py:188} INFO - [2026-03-17T04:13:33.102+0000] {dag.py:3036} INFO - Sync 1 DAGs
[2026-03-17T04:13:33.139+0000] {logging_mixin.py:188} INFO - [2026-03-17T04:13:33.138+0000] {dag.py:3823} INFO - Setting next_dagrun for daily_revenue_etl_dag to 2026-03-17 00:00:00+00:00, run_after=2026-03-18 00:00:00+00:00
[2026-03-17T04:13:33.177+0000] {processor.py:183} INFO - Processing /opt/airflow/dags/daily_revenue_etl_dag.py took 0.138 seconds
[2026-03-17T04:37:11.174+0000] {processor.py:161} INFO - Started process (PID=1148) to work on /opt/airflow/dags/daily_revenue_etl_dag.py
[2026-03-17T04:37:11.178+0000] {processor.py:830} INFO - Processing file /opt/airflow/dags/daily_revenue_etl_dag.py for tasks to queue
[2026-03-17T04:37:11.180+0000] {logging_mixin.py:188} INFO - [2026-03-17T04:37:11.179+0000] {dagbag.py:538} INFO - Filling up the DagBag from /opt/airflow/dags/daily_revenue_etl_dag.py
[2026-03-17T04:37:11.234+0000] {processor.py:840} INFO - DAG(s) 'daily_revenue_etl_dag' retrieved from /opt/airflow/dags/daily_revenue_etl_dag.py
[2026-03-17T04:37:11.283+0000] {logging_mixin.py:188} INFO - [2026-03-17T04:37:11.283+0000] {dag.py:3036} INFO - Sync 1 DAGs
[2026-03-17T04:37:11.315+0000] {logging_mixin.py:188} INFO - [2026-03-17T04:37:11.315+0000] {dag.py:3823} INFO - Setting next_dagrun for daily_revenue_etl_dag to 2026-03-17 00:00:00+00:00, run_after=2026-03-18 00:00:00+00:00
[2026-03-17T04:13:53.558+0000] {processor.py:183} INFO - Processing /opt/airflow/dags/daily_revenue_etl_dag.py took 0.181 seconds
[2026-03-17T04:14:23.625+0000] {processor.py:161} INFO - Started process (PID=1153) to work on /opt/airflow/dags/daily_revenue_etl_dag.py
[2026-03-17T04:14:23.626+0000] {processor.py:830} INFO - Processing file /opt/airflow/dags/daily_revenue_etl_dag.py for tasks to queue
[2026-03-17T04:14:23.627+0000] {logging_mixin.py:188} INFO - [2026-03-17T04:14:23.627+0000] {dagbag.py:538} INFO - Filling up the DagBag from /opt/airflow/dags/daily_revenue_etl_dag.py
[2026-03-17T04:14:23.649+0000] {processor.py:840} INFO - DAG(s) 'daily_revenue_etl_dag' retrieved from /opt/airflow/dags/daily_revenue_etl_dag.py
[2026-03-17T04:14:23.678+0000] {logging_mixin.py:188} INFO - [2026-03-17T04:14:23.678+0000] {dag.py:3036} INFO - Sync 1 DAGs
[2026-03-17T04:14:23.707+0000] {logging_mixin.py:188} INFO - [2026-03-17T04:14:23.707+0000] {dag.py:3823} INFO - Setting next_dagrun for daily_revenue_etl_dag to 2026-03-17 00:00:00+00:00, run_after=2026-03-18 00:00:00+00:00
[2026-03-17T04:14:23.730+0000] {processor.py:183} INFO - Processing /opt/airflow/dags/daily_revenue_etl_dag.py took 0.109 seconds
[2026-03-17T04:14:53.836+0000] {processor.py:161} INFO - Started process (PID=1158) to work on /opt/airflow/dags/daily_revenue_etl_dag.py
[2026-03-17T04:14:53.837+0000] {processor.py:830} INFO - Processing file /opt/airflow/dags/daily_revenue_etl_dag.py for tasks to queue
[2026-03-17T04:14:53.838+0000] {logging_mixin.py:188} INFO - [2026-03-17T04:14:53.838+0000] {dagbag.py:538} INFO - Filling up the DagBag from /opt/airflow/dags/daily_revenue_etl_dag.py
[2026-03-17T04:14:53.855+0000] {processor.py:840} INFO - DAG(s) 'daily_revenue_etl_dag' retrieved from /opt/airflow/dags/daily_revenue_etl_dag.py
[2026-03-17T04:14:53.881+0000] {logging_mixin.py:188} INFO - [2026-03-17T04:14:53.880+0000] {dag.py:3036} INFO - Sync 1 DAGs
[2026-03-17T04:14:53.902+0000] {logging_mixin.py:188} INFO - [2026-03-17T04:14:53.901+0000] {dag.py:3823} INFO - Setting next_dagrun for daily_revenue_etl_dag to 2026-03-17 00:00:00+00:00, run_after=2026-03-18 00:00:00+00:00
[2026-03-17T04:14:53.919+0000] {processor.py:183} INFO - Processing /opt/airflow/dags/daily_revenue_etl_dag.py took 0.086 seconds
[2026-03-17T04:38:15.768+0000] {processor.py:161} INFO - Started process (PID=1163) to work on /opt/airflow/dags/daily_revenue_etl_dag.py
[2026-03-17T04:38:15.769+0000] {processor.py:830} INFO - Processing file /opt/airflow/dags/daily_revenue_etl_dag.py for tasks to queue
[2026-03-17T04:38:15.770+0000] {logging_mixin.py:188} INFO - [2026-03-17T04:38:15.770+0000] {dagbag.py:538} INFO - Filling up the DagBag from /opt/airflow/dags/daily_revenue_etl_dag.py
[2026-03-17T04:38:15.787+0000] {processor.py:840} INFO - DAG(s) 'daily_revenue_etl_dag' retrieved from /opt/airflow/dags/daily_revenue_etl_dag.py
[2026-03-17T04:38:15.814+0000] {logging_mixin.py:188} INFO - [2026-03-17T04:38:15.814+0000] {dag.py:3036} INFO - Sync 1 DAGs
[2026-03-17T04:38:15.836+0000] {logging_mixin.py:188} INFO - [2026-03-17T04:38:15.835+0000] {dag.py:3823} INFO - Setting next_dagrun for daily_revenue_etl_dag to 2026-03-17 00:00:00+00:00, run_after=2026-03-18 00:00:00+00:00
[2026-03-17T04:38:15.861+0000] {processor.py:183} INFO - Processing /opt/airflow/dags/daily_revenue_etl_dag.py took 0.097 seconds
[2026-03-17T04:38:45.989+0000] {processor.py:161} INFO - Started process (PID=1168) to work on /opt/airflow/dags/daily_revenue_etl_dag.py
[2026-03-17T04:38:45.990+0000] {processor.py:830} INFO - Processing file /opt/airflow/dags/daily_revenue_etl_dag.py for tasks to queue
[2026-03-17T04:38:45.991+0000] {logging_mixin.py:188} INFO - [2026-03-17T04:38:45.991+0000] {dagbag.py:538} INFO - Filling up the DagBag from /opt/airflow/dags/daily_revenue_etl_dag.py
[2026-03-17T04:38:46.007+0000] {processor.py:840} INFO - DAG(s) 'daily_revenue_etl_dag' retrieved from /opt/airflow/dags/daily_revenue_etl_dag.py
[2026-03-17T04:38:46.031+0000] {logging_mixin.py:188} INFO - [2026-03-17T04:38:46.031+0000] {dag.py:3036} INFO - Sync 1 DAGs
[2026-03-17T04:38:46.060+0000] {logging_mixin.py:188} INFO - [2026-03-17T04:38:46.060+0000] {dag.py:3823} INFO - Setting next_dagrun for daily_revenue_etl_dag to 2026-03-17 00:00:00+00:00, run_after=2026-03-18 00:00:00+00:00
[2026-03-17T04:15:28.287+0000] {processor.py:183} INFO - Processing /opt/airflow/dags/daily_revenue_etl_dag.py took 0.096 seconds
[2026-03-17T04:15:33.310+0000] {processor.py:161} INFO - Started process (PID=1174) to work on /opt/airflow/dags/daily_revenue_etl_dag.py
[2026-03-17T04:15:33.314+0000] {processor.py:830} INFO - Processing file /opt/airflow/dags/daily_revenue_etl_dag.py for tasks to queue
[2026-03-17T04:15:33.315+0000] {logging_mixin.py:188} INFO - [2026-03-17T04:15:33.315+0000] {dagbag.py:538} INFO - Filling up the DagBag from /opt/airflow/dags/daily_revenue_etl_dag.py
[2026-03-17T04:15:33.339+0000] {processor.py:840} INFO - DAG(s) 'daily_revenue_etl_dag' retrieved from /opt/airflow/dags/daily_revenue_etl_dag.py
[2026-03-17T04:15:33.367+0000] {logging_mixin.py:188} INFO - [2026-03-17T04:15:33.366+0000] {dag.py:3036} INFO - Sync 1 DAGs
[2026-03-17T04:15:33.386+0000] {logging_mixin.py:188} INFO - [2026-03-17T04:15:33.386+0000] {dag.py:3823} INFO - Setting next_dagrun for daily_revenue_etl_dag to 2026-03-17 00:00:00+00:00, run_after=2026-03-18 00:00:00+00:00
[2026-03-17T04:15:33.401+0000] {processor.py:183} INFO - Processing /opt/airflow/dags/daily_revenue_etl_dag.py took 0.095 seconds
[2026-03-17T04:39:11.273+0000] {processor.py:161} INFO - Started process (PID=1179) to work on /opt/airflow/dags/daily_revenue_etl_dag.py
[2026-03-17T04:39:11.276+0000] {processor.py:830} INFO - Processing file /opt/airflow/dags/daily_revenue_etl_dag.py for tasks to queue
[2026-03-17T04:39:11.278+0000] {logging_mixin.py:188} INFO - [2026-03-17T04:39:11.278+0000] {dagbag.py:538} INFO - Filling up the DagBag from /opt/airflow/dags/daily_revenue_etl_dag.py
[2026-03-17T04:39:11.300+0000] {processor.py:840} INFO - DAG(s) 'daily_revenue_etl_dag' retrieved from /opt/airflow/dags/daily_revenue_etl_dag.py
[2026-03-17T04:39:11.329+0000] {logging_mixin.py:188} INFO - [2026-03-17T04:39:11.328+0000] {dag.py:3036} INFO - Sync 1 DAGs
[2026-03-17T04:15:53.566+0000] {logging_mixin.py:188} INFO - [2026-03-17T04:15:53.566+0000] {dag.py:3823} INFO - Setting next_dagrun for daily_revenue_etl_dag to 2026-03-17 00:00:00+00:00, run_after=2026-03-18 00:00:00+00:00
[2026-03-17T04:15:53.588+0000] {processor.py:183} INFO - Processing /opt/airflow/dags/daily_revenue_etl_dag.py took 0.106 seconds
[2026-03-17T04:16:23.738+0000] {processor.py:161} INFO - Started process (PID=1184) to work on /opt/airflow/dags/daily_revenue_etl_dag.py
[2026-03-17T04:16:23.739+0000] {processor.py:830} INFO - Processing file /opt/airflow/dags/daily_revenue_etl_dag.py for tasks to queue
[2026-03-17T04:16:23.741+0000] {logging_mixin.py:188} INFO - [2026-03-17T04:16:23.740+0000] {dagbag.py:538} INFO - Filling up the DagBag from /opt/airflow/dags/daily_revenue_etl_dag.py
[2026-03-17T04:16:23.765+0000] {processor.py:840} INFO - DAG(s) 'daily_revenue_etl_dag' retrieved from /opt/airflow/dags/daily_revenue_etl_dag.py
[2026-03-17T04:16:23.800+0000] {logging_mixin.py:188} INFO - [2026-03-17T04:16:23.799+0000] {dag.py:3036} INFO - Sync 1 DAGs
[2026-03-17T04:16:23.829+0000] {logging_mixin.py:188} INFO - [2026-03-17T04:16:23.829+0000] {dag.py:3823} INFO - Setting next_dagrun for daily_revenue_etl_dag to 2026-03-17 00:00:00+00:00, run_after=2026-03-18 00:00:00+00:00
[2026-03-17T04:16:23.852+0000] {processor.py:183} INFO - Processing /opt/airflow/dags/daily_revenue_etl_dag.py took 0.118 seconds
[2026-03-17T04:16:53.998+0000] {processor.py:161} INFO - Started process (PID=1190) to work on /opt/airflow/dags/daily_revenue_etl_dag.py
[2026-03-17T04:16:54.000+0000] {processor.py:830} INFO - Processing file /opt/airflow/dags/daily_revenue_etl_dag.py for tasks to queue
[2026-03-17T04:16:54.002+0000] {logging_mixin.py:188} INFO - [2026-03-17T04:16:54.001+0000] {dagbag.py:538} INFO - Filling up the DagBag from /opt/airflow/dags/daily_revenue_etl_dag.py
[2026-03-17T04:16:54.034+0000] {processor.py:840} INFO - DAG(s) 'daily_revenue_etl_dag' retrieved from /opt/airflow/dags/daily_revenue_etl_dag.py
[2026-03-17T04:16:54.079+0000] {logging_mixin.py:188} INFO - [2026-03-17T04:16:54.078+0000] {dag.py:3036} INFO - Sync 1 DAGs
[2026-03-17T04:16:54.116+0000] {logging_mixin.py:188} INFO - [2026-03-17T04:16:54.116+0000] {dag.py:3823} INFO - Setting next_dagrun for daily_revenue_etl_dag to 2026-03-17 00:00:00+00:00, run_after=2026-03-18 00:00:00+00:00
[2026-03-17T04:16:54.147+0000] {processor.py:183} INFO - Processing /opt/airflow/dags/daily_revenue_etl_dag.py took 0.156 seconds
[2026-03-17T04:40:16.014+0000] {processor.py:161} INFO - Started process (PID=1195) to work on /opt/airflow/dags/daily_revenue_etl_dag.py
[2026-03-17T04:40:16.017+0000] {processor.py:830} INFO - Processing file /opt/airflow/dags/daily_revenue_etl_dag.py for tasks to queue
[2026-03-17T04:40:16.018+0000] {logging_mixin.py:188} INFO - [2026-03-17T04:40:16.018+0000] {dagbag.py:538} INFO - Filling up the DagBag from /opt/airflow/dags/daily_revenue_etl_dag.py
[2026-03-17T04:40:16.049+0000] {processor.py:840} INFO - DAG(s) 'daily_revenue_etl_dag' retrieved from /opt/airflow/dags/daily_revenue_etl_dag.py
[2026-03-17T04:40:16.143+0000] {logging_mixin.py:188} INFO - [2026-03-17T04:40:16.141+0000] {dag.py:3036} INFO - Sync 1 DAGs
[2026-03-17T04:40:16.251+0000] {logging_mixin.py:188} INFO - [2026-03-17T04:40:16.250+0000] {dag.py:3823} INFO - Setting next_dagrun for daily_revenue_etl_dag to 2026-03-17 00:00:00+00:00, run_after=2026-03-18 00:00:00+00:00
[2026-03-17T04:16:58.498+0000] {processor.py:183} INFO - Processing /opt/airflow/dags/daily_revenue_etl_dag.py took 0.319 seconds
[2026-03-17T04:40:21.061+0000] {processor.py:161} INFO - Started process (PID=1200) to work on /opt/airflow/dags/daily_revenue_etl_dag.py
[2026-03-17T04:40:21.062+0000] {processor.py:830} INFO - Processing file /opt/airflow/dags/daily_revenue_etl_dag.py for tasks to queue
[2026-03-17T04:40:21.063+0000] {logging_mixin.py:188} INFO - [2026-03-17T04:40:21.063+0000] {dagbag.py:538} INFO - Filling up the DagBag from /opt/airflow/dags/daily_revenue_etl_dag.py
[2026-03-17T04:40:21.080+0000] {processor.py:840} INFO - DAG(s) 'daily_revenue_etl_dag' retrieved from /opt/airflow/dags/daily_revenue_etl_dag.py
[2026-03-17T04:40:21.103+0000] {logging_mixin.py:188} INFO - [2026-03-17T04:40:21.103+0000] {dag.py:3036} INFO - Sync 1 DAGs
[2026-03-17T04:40:21.122+0000] {logging_mixin.py:188} INFO - [2026-03-17T04:40:21.121+0000] {dag.py:3823} INFO - Setting next_dagrun for daily_revenue_etl_dag to 2026-03-17 00:00:00+00:00, run_after=2026-03-18 00:00:00+00:00
[2026-03-17T04:40:21.137+0000] {processor.py:183} INFO - Processing /opt/airflow/dags/daily_revenue_etl_dag.py took 0.079 seconds
[2026-03-17T04:41:01.352+0000] {processor.py:161} INFO - Started process (PID=1205) to work on /opt/airflow/dags/daily_revenue_etl_dag.py
[2026-03-17T04:41:01.353+0000] {processor.py:830} INFO - Processing file /opt/airflow/dags/daily_revenue_etl_dag.py for tasks to queue
[2026-03-17T04:41:01.354+0000] {logging_mixin.py:188} INFO - [2026-03-17T04:41:01.354+0000] {dagbag.py:538} INFO - Filling up the DagBag from /opt/airflow/dags/daily_revenue_etl_dag.py
[2026-03-17T04:41:01.373+0000] {processor.py:840} INFO - DAG(s) 'daily_revenue_etl_dag' retrieved from /opt/airflow/dags/daily_revenue_etl_dag.py
[2026-03-17T04:17:43.565+0000] {logging_mixin.py:188} INFO - [2026-03-17T04:17:43.565+0000] {dag.py:3036} INFO - Sync 1 DAGs
[2026-03-17T04:17:43.609+0000] {logging_mixin.py:188} INFO - [2026-03-17T04:17:43.609+0000] {dag.py:3823} INFO - Setting next_dagrun for daily_revenue_etl_dag to 2026-03-17 00:00:00+00:00, run_after=2026-03-18 00:00:00+00:00
[2026-03-17T04:17:43.644+0000] {processor.py:183} INFO - Processing /opt/airflow/dags/daily_revenue_etl_dag.py took 0.131 seconds
[2026-03-17T04:18:13.866+0000] {processor.py:161} INFO - Started process (PID=1210) to work on /opt/airflow/dags/daily_revenue_etl_dag.py
[2026-03-17T04:18:13.867+0000] {processor.py:830} INFO - Processing file /opt/airflow/dags/daily_revenue_etl_dag.py for tasks to queue
[2026-03-17T04:18:13.869+0000] {logging_mixin.py:188} INFO - [2026-03-17T04:18:13.868+0000] {dagbag.py:538} INFO - Filling up the DagBag from /opt/airflow/dags/daily_revenue_etl_dag.py
[2026-03-17T04:18:13.887+0000] {processor.py:840} INFO - DAG(s) 'daily_revenue_etl_dag' retrieved from /opt/airflow/dags/daily_revenue_etl_dag.py
[2026-03-17T04:18:13.911+0000] {logging_mixin.py:188} INFO - [2026-03-17T04:18:13.911+0000] {dag.py:3036} INFO - Sync 1 DAGs
[2026-03-17T04:18:13.931+0000] {logging_mixin.py:188} INFO - [2026-03-17T04:18:13.930+0000] {dag.py:3823} INFO - Setting next_dagrun for daily_revenue_etl_dag to 2026-03-17 00:00:00+00:00, run_after=2026-03-18 00:00:00+00:00
[2026-03-17T04:18:13.949+0000] {processor.py:183} INFO - Processing /opt/airflow/dags/daily_revenue_etl_dag.py took 0.086 seconds
[2026-03-17T04:18:44.174+0000] {processor.py:161} INFO - Started process (PID=1215) to work on /opt/airflow/dags/daily_revenue_etl_dag.py
[2026-03-17T04:18:44.175+0000] {processor.py:830} INFO - Processing file /opt/airflow/dags/daily_revenue_etl_dag.py for tasks to queue
[2026-03-17T04:18:44.176+0000] {logging_mixin.py:188} INFO - [2026-03-17T04:18:44.176+0000] {dagbag.py:538} INFO - Filling up the DagBag from /opt/airflow/dags/daily_revenue_etl_dag.py
[2026-03-17T04:18:44.193+0000] {processor.py:840} INFO - DAG(s) 'daily_revenue_etl_dag' retrieved from /opt/airflow/dags/daily_revenue_etl_dag.py
[2026-03-17T04:18:44.225+0000] {logging_mixin.py:188} INFO - [2026-03-17T04:18:44.225+0000] {dag.py:3036} INFO - Sync 1 DAGs
[2026-03-17T04:18:44.256+0000] {logging_mixin.py:188} INFO - [2026-03-17T04:18:44.256+0000] {dag.py:3823} INFO - Setting next_dagrun for daily_revenue_etl_dag to 2026-03-17 00:00:00+00:00, run_after=2026-03-18 00:00:00+00:00
[2026-03-17T04:18:44.282+0000] {processor.py:183} INFO - Processing /opt/airflow/dags/daily_revenue_etl_dag.py took 0.111 seconds
[2026-03-17T04:42:11.232+0000] {processor.py:161} INFO - Started process (PID=1220) to work on /opt/airflow/dags/daily_revenue_etl_dag.py
[2026-03-17T04:42:11.237+0000] {processor.py:830} INFO - Processing file /opt/airflow/dags/daily_revenue_etl_dag.py for tasks to queue
[2026-03-17T04:42:11.241+0000] {logging_mixin.py:188} INFO - [2026-03-17T04:42:11.240+0000] {dagbag.py:538} INFO - Filling up the DagBag from /opt/airflow/dags/daily_revenue_etl_dag.py
[2026-03-17T04:42:11.288+0000] {processor.py:840} INFO - DAG(s) 'daily_revenue_etl_dag' retrieved from /opt/airflow/dags/daily_revenue_etl_dag.py
[2026-03-17T04:42:11.371+0000] {logging_mixin.py:188} INFO - [2026-03-17T04:42:11.369+0000] {dag.py:3036} INFO - Sync 1 DAGs
[2026-03-17T04:18:53.676+0000] {logging_mixin.py:188} INFO - [2026-03-17T04:18:53.674+0000] {dag.py:3823} INFO - Setting next_dagrun for daily_revenue_etl_dag to 2026-03-17 00:00:00+00:00, run_after=2026-03-18 00:00:00+00:00
[2026-03-17T04:18:53.821+0000] {processor.py:183} INFO - Processing /opt/airflow/dags/daily_revenue_etl_dag.py took 0.413 seconds
[2026-03-17T04:42:16.271+0000] {processor.py:161} INFO - Started process (PID=1225) to work on /opt/airflow/dags/daily_revenue_etl_dag.py
[2026-03-17T04:42:16.272+0000] {processor.py:830} INFO - Processing file /opt/airflow/dags/daily_revenue_etl_dag.py for tasks to queue
[2026-03-17T04:42:16.273+0000] {logging_mixin.py:188} INFO - [2026-03-17T04:42:16.273+0000] {dagbag.py:538} INFO - Filling up the DagBag from /opt/airflow/dags/daily_revenue_etl_dag.py
[2026-03-17T04:42:16.299+0000] {processor.py:840} INFO - DAG(s) 'daily_revenue_etl_dag' retrieved from /opt/airflow/dags/daily_revenue_etl_dag.py
[2026-03-17T04:42:16.341+0000] {logging_mixin.py:188} INFO - [2026-03-17T04:42:16.340+0000] {dag.py:3036} INFO - Sync 1 DAGs
[2026-03-17T04:42:16.388+0000] {logging_mixin.py:188} INFO - [2026-03-17T04:42:16.387+0000] {dag.py:3823} INFO - Setting next_dagrun for daily_revenue_etl_dag to 2026-03-17 00:00:00+00:00, run_after=2026-03-18 00:00:00+00:00
[2026-03-17T04:18:58.724+0000] {processor.py:183} INFO - Processing /opt/airflow/dags/daily_revenue_etl_dag.py took 0.240 seconds
[2026-03-17T04:42:21.311+0000] {processor.py:161} INFO - Started process (PID=1230) to work on /opt/airflow/dags/daily_revenue_etl_dag.py
[2026-03-17T04:42:21.312+0000] {processor.py:830} INFO - Processing file /opt/airflow/dags/daily_revenue_etl_dag.py for tasks to queue
[2026-03-17T04:42:21.313+0000] {logging_mixin.py:188} INFO - [2026-03-17T04:42:21.313+0000] {dagbag.py:538} INFO - Filling up the DagBag from /opt/airflow/dags/daily_revenue_etl_dag.py
[2026-03-17T04:42:21.331+0000] {processor.py:840} INFO - DAG(s) 'daily_revenue_etl_dag' retrieved from /opt/airflow/dags/daily_revenue_etl_dag.py
[2026-03-17T04:42:21.356+0000] {logging_mixin.py:188} INFO - [2026-03-17T04:42:21.355+0000] {dag.py:3036} INFO - Sync 1 DAGs
[2026-03-17T04:42:21.373+0000] {logging_mixin.py:188} INFO - [2026-03-17T04:42:21.373+0000] {dag.py:3823} INFO - Setting next_dagrun for daily_revenue_etl_dag to 2026-03-17 00:00:00+00:00, run_after=2026-03-18 00:00:00+00:00
[2026-03-17T04:42:21.394+0000] {processor.py:183} INFO - Processing /opt/airflow/dags/daily_revenue_etl_dag.py took 0.086 seconds
[2026-03-17T04:19:33.714+0000] {processor.py:161} INFO - Started process (PID=1235) to work on /opt/airflow/dags/daily_revenue_etl_dag.py
[2026-03-17T04:19:33.715+0000] {processor.py:830} INFO - Processing file /opt/airflow/dags/daily_revenue_etl_dag.py for tasks to queue
[2026-03-17T04:19:33.717+0000] {logging_mixin.py:188} INFO - [2026-03-17T04:19:33.716+0000] {dagbag.py:538} INFO - Filling up the DagBag from /opt/airflow/dags/daily_revenue_etl_dag.py
[2026-03-17T04:19:33.736+0000] {processor.py:840} INFO - DAG(s) 'daily_revenue_etl_dag' retrieved from /opt/airflow/dags/daily_revenue_etl_dag.py
[2026-03-17T04:19:33.765+0000] {logging_mixin.py:188} INFO - [2026-03-17T04:19:33.765+0000] {dag.py:3036} INFO - Sync 1 DAGs
[2026-03-17T04:19:33.785+0000] {logging_mixin.py:188} INFO - [2026-03-17T04:19:33.785+0000] {dag.py:3823} INFO - Setting next_dagrun for daily_revenue_etl_dag to 2026-03-17 00:00:00+00:00, run_after=2026-03-18 00:00:00+00:00
[2026-03-17T04:19:33.809+0000] {processor.py:183} INFO - Processing /opt/airflow/dags/daily_revenue_etl_dag.py took 0.100 seconds
[2026-03-17T04:20:04.020+0000] {processor.py:161} INFO - Started process (PID=1240) to work on /opt/airflow/dags/daily_revenue_etl_dag.py
[2026-03-17T04:20:04.021+0000] {processor.py:830} INFO - Processing file /opt/airflow/dags/daily_revenue_etl_dag.py for tasks to queue
[2026-03-17T04:20:04.022+0000] {logging_mixin.py:188} INFO - [2026-03-17T04:20:04.022+0000] {dagbag.py:538} INFO - Filling up the DagBag from /opt/airflow/dags/daily_revenue_etl_dag.py
[2026-03-17T04:20:04.044+0000] {processor.py:840} INFO - DAG(s) 'daily_revenue_etl_dag' retrieved from /opt/airflow/dags/daily_revenue_etl_dag.py
[2026-03-17T04:20:04.068+0000] {logging_mixin.py:188} INFO - [2026-03-17T04:20:04.067+0000] {dag.py:3036} INFO - Sync 1 DAGs
[2026-03-17T04:20:04.091+0000] {logging_mixin.py:188} INFO - [2026-03-17T04:20:04.091+0000] {dag.py:3823} INFO - Setting next_dagrun for daily_revenue_etl_dag to 2026-03-17 00:00:00+00:00, run_after=2026-03-18 00:00:00+00:00
[2026-03-17T04:20:04.122+0000] {processor.py:183} INFO - Processing /opt/airflow/dags/daily_revenue_etl_dag.py took 0.105 seconds
[2026-03-17T04:20:34.246+0000] {processor.py:161} INFO - Started process (PID=1246) to work on /opt/airflow/dags/daily_revenue_etl_dag.py
[2026-03-17T04:20:34.247+0000] {processor.py:830} INFO - Processing file /opt/airflow/dags/daily_revenue_etl_dag.py for tasks to queue
[2026-03-17T04:20:34.248+0000] {logging_mixin.py:188} INFO - [2026-03-17T04:20:34.248+0000] {dagbag.py:538} INFO - Filling up the DagBag from /opt/airflow/dags/daily_revenue_etl_dag.py
[2026-03-17T04:20:34.265+0000] {processor.py:840} INFO - DAG(s) 'daily_revenue_etl_dag' retrieved from /opt/airflow/dags/daily_revenue_etl_dag.py
[2026-03-17T04:20:34.300+0000] {logging_mixin.py:188} INFO - [2026-03-17T04:20:34.299+0000] {dag.py:3036} INFO - Sync 1 DAGs
[2026-03-17T04:20:34.328+0000] {logging_mixin.py:188} INFO - [2026-03-17T04:20:34.328+0000] {dag.py:3823} INFO - Setting next_dagrun for daily_revenue_etl_dag to 2026-03-17 00:00:00+00:00, run_after=2026-03-18 00:00:00+00:00
[2026-03-17T04:20:34.347+0000] {processor.py:183} INFO - Processing /opt/airflow/dags/daily_revenue_etl_dag.py took 0.104 seconds
[2026-03-17T04:44:11.276+0000] {processor.py:161} INFO - Started process (PID=1251) to work on /opt/airflow/dags/daily_revenue_etl_dag.py
[2026-03-17T04:44:11.277+0000] {processor.py:830} INFO - Processing file /opt/airflow/dags/daily_revenue_etl_dag.py for tasks to queue
[2026-03-17T04:44:11.278+0000] {logging_mixin.py:188} INFO - [2026-03-17T04:44:11.278+0000] {dagbag.py:538} INFO - Filling up the DagBag from /opt/airflow/dags/daily_revenue_etl_dag.py
[2026-03-17T04:44:11.298+0000] {processor.py:840} INFO - DAG(s) 'daily_revenue_etl_dag' retrieved from /opt/airflow/dags/daily_revenue_etl_dag.py
[2026-03-17T04:44:11.333+0000] {logging_mixin.py:188} INFO - [2026-03-17T04:44:11.332+0000] {dag.py:3036} INFO - Sync 1 DAGs
[2026-03-17T04:44:11.365+0000] {logging_mixin.py:188} INFO - [2026-03-17T04:44:11.365+0000] {dag.py:3823} INFO - Setting next_dagrun for daily_revenue_etl_dag to 2026-03-17 00:00:00+00:00, run_after=2026-03-18 00:00:00+00:00
[2026-03-17T04:44:11.401+0000] {processor.py:183} INFO - Processing /opt/airflow/dags/daily_revenue_etl_dag.py took 0.128 seconds
[2026-03-17T04:44:46.584+0000] {processor.py:161} INFO - Started process (PID=1256) to work on /opt/airflow/dags/daily_revenue_etl_dag.py
[2026-03-17T04:44:46.586+0000] {processor.py:830} INFO - Processing file /opt/airflow/dags/daily_revenue_etl_dag.py for tasks to queue
[2026-03-17T04:44:46.588+0000] {logging_mixin.py:188} INFO - [2026-03-17T04:44:46.587+0000] {dagbag.py:538} INFO - Filling up the DagBag from /opt/airflow/dags/daily_revenue_etl_dag.py
[2026-03-17T04:44:46.615+0000] {processor.py:840} INFO - DAG(s) 'daily_revenue_etl_dag' retrieved from /opt/airflow/dags/daily_revenue_etl_dag.py
[2026-03-17T04:44:46.661+0000] {logging_mixin.py:188} INFO - [2026-03-17T04:44:46.660+0000] {dag.py:3036} INFO - Sync 1 DAGs
[2026-03-17T04:44:46.687+0000] {logging_mixin.py:188} INFO - [2026-03-17T04:44:46.687+0000] {dag.py:3823} INFO - Setting next_dagrun for daily_revenue_etl_dag to 2026-03-17 00:00:00+00:00, run_after=2026-03-18 00:00:00+00:00
[2026-03-17T04:44:46.709+0000] {processor.py:183} INFO - Processing /opt/airflow/dags/daily_revenue_etl_dag.py took 0.129 seconds
[2026-03-17T04:46:11.234+0000] {processor.py:161} INFO - Started process (PID=1262) to work on /opt/airflow/dags/daily_revenue_etl_dag.py
[2026-03-17T04:46:11.235+0000] {processor.py:830} INFO - Processing file /opt/airflow/dags/daily_revenue_etl_dag.py for tasks to queue
[2026-03-17T04:46:11.235+0000] {logging_mixin.py:188} INFO - [2026-03-17T04:46:11.235+0000] {dagbag.py:538} INFO - Filling up the DagBag from /opt/airflow/dags/daily_revenue_etl_dag.py
[2026-03-17T04:46:11.274+0000] {processor.py:840} INFO - DAG(s) 'daily_revenue_etl_dag' retrieved from /opt/airflow/dags/daily_revenue_etl_dag.py
[2026-03-17T04:46:11.331+0000] {logging_mixin.py:188} INFO - [2026-03-17T04:46:11.331+0000] {dag.py:3036} INFO - Sync 1 DAGs
[2026-03-17T04:46:11.365+0000] {logging_mixin.py:188} INFO - [2026-03-17T04:46:11.365+0000] {dag.py:3823} INFO - Setting next_dagrun for daily_revenue_etl_dag to 2026-03-17 00:00:00+00:00, run_after=2026-03-18 00:00:00+00:00
[2026-03-17T04:22:53.611+0000] {processor.py:183} INFO - Processing /opt/airflow/dags/daily_revenue_etl_dag.py took 0.156 seconds
[2026-03-17T04:23:23.700+0000] {processor.py:161} INFO - Started process (PID=1267) to work on /opt/airflow/dags/daily_revenue_etl_dag.py
[2026-03-17T04:23:23.703+0000] {processor.py:830} INFO - Processing file /opt/airflow/dags/daily_revenue_etl_dag.py for tasks to queue
[2026-03-17T04:23:23.706+0000] {logging_mixin.py:188} INFO - [2026-03-17T04:23:23.705+0000] {dagbag.py:538} INFO - Filling up the DagBag from /opt/airflow/dags/daily_revenue_etl_dag.py
[2026-03-17T04:23:23.761+0000] {processor.py:840} INFO - DAG(s) 'daily_revenue_etl_dag' retrieved from /opt/airflow/dags/daily_revenue_etl_dag.py
[2026-03-17T04:46:41.609+0000] {logging_mixin.py:188} INFO - [2026-03-17T04:46:41.609+0000] {dag.py:3036} INFO - Sync 1 DAGs
[2026-03-17T04:46:41.667+0000] {logging_mixin.py:188} INFO - [2026-03-17T04:46:41.666+0000] {dag.py:3823} INFO - Setting next_dagrun for daily_revenue_etl_dag to 2026-03-17 00:00:00+00:00, run_after=2026-03-18 00:00:00+00:00
[2026-03-17T04:46:41.703+0000] {processor.py:183} INFO - Processing /opt/airflow/dags/daily_revenue_etl_dag.py took 0.225 seconds
[2026-03-17T04:47:11.901+0000] {processor.py:161} INFO - Started process (PID=1273) to work on /opt/airflow/dags/daily_revenue_etl_dag.py
[2026-03-17T04:47:11.903+0000] {processor.py:830} INFO - Processing file /opt/airflow/dags/daily_revenue_etl_dag.py for tasks to queue
[2026-03-17T04:47:11.905+0000] {logging_mixin.py:188} INFO - [2026-03-17T04:47:11.904+0000] {dagbag.py:538} INFO - Filling up the DagBag from /opt/airflow/dags/daily_revenue_etl_dag.py
[2026-03-17T04:23:54.181+0000] {processor.py:840} INFO - DAG(s) 'daily_revenue_etl_dag' retrieved from /opt/airflow/dags/daily_revenue_etl_dag.py
[2026-03-17T04:23:54.234+0000] {logging_mixin.py:188} INFO - [2026-03-17T04:23:54.234+0000] {dag.py:3036} INFO - Sync 1 DAGs
[2026-03-17T04:23:54.293+0000] {logging_mixin.py:188} INFO - [2026-03-17T04:23:54.292+0000] {dag.py:3823} INFO - Setting next_dagrun for daily_revenue_etl_dag to 2026-03-17 00:00:00+00:00, run_after=2026-03-18 00:00:00+00:00
[2026-03-17T04:23:54.343+0000] {processor.py:183} INFO - Processing /opt/airflow/dags/daily_revenue_etl_dag.py took 0.226 seconds
[2026-03-17T04:47:32.124+0000] {processor.py:161} INFO - Started process (PID=1278) to work on /opt/airflow/dags/daily_revenue_etl_dag.py
[2026-03-17T04:47:32.128+0000] {processor.py:830} INFO - Processing file /opt/airflow/dags/daily_revenue_etl_dag.py for tasks to queue
[2026-03-17T04:47:32.129+0000] {logging_mixin.py:188} INFO - [2026-03-17T04:47:32.129+0000] {dagbag.py:538} INFO - Filling up the DagBag from /opt/airflow/dags/daily_revenue_etl_dag.py
[2026-03-17T04:47:32.170+0000] {processor.py:840} INFO - DAG(s) 'daily_revenue_etl_dag' retrieved from /opt/airflow/dags/daily_revenue_etl_dag.py
[2026-03-17T04:47:32.205+0000] {logging_mixin.py:188} INFO - [2026-03-17T04:47:32.205+0000] {dag.py:3036} INFO - Sync 1 DAGs
[2026-03-17T04:47:32.258+0000] {logging_mixin.py:188} INFO - [2026-03-17T04:47:32.257+0000] {dag.py:3823} INFO - Setting next_dagrun for daily_revenue_etl_dag to 2026-03-17 00:00:00+00:00, run_after=2026-03-18 00:00:00+00:00
[2026-03-17T04:47:32.297+0000] {processor.py:183} INFO - Processing /opt/airflow/dags/daily_revenue_etl_dag.py took 0.181 seconds
[2026-03-17T04:47:41.472+0000] {processor.py:161} INFO - Started process (PID=1283) to work on /opt/airflow/dags/daily_revenue_etl_dag.py
[2026-03-17T04:47:41.473+0000] {processor.py:830} INFO - Processing file /opt/airflow/dags/daily_revenue_etl_dag.py for tasks to queue
[2026-03-17T04:47:41.475+0000] {logging_mixin.py:188} INFO - [2026-03-17T04:47:41.474+0000] {dagbag.py:538} INFO - Filling up the DagBag from /opt/airflow/dags/daily_revenue_etl_dag.py
[2026-03-17T04:47:41.501+0000] {processor.py:840} INFO - DAG(s) 'daily_revenue_etl_dag' retrieved from /opt/airflow/dags/daily_revenue_etl_dag.py
[2026-03-17T04:47:41.540+0000] {logging_mixin.py:188} INFO - [2026-03-17T04:47:41.539+0000] {dag.py:3036} INFO - Sync 1 DAGs
[2026-03-17T04:47:41.593+0000] {logging_mixin.py:188} INFO - [2026-03-17T04:47:41.593+0000] {dag.py:3823} INFO - Setting next_dagrun for daily_revenue_etl_dag to 2026-03-17 00:00:00+00:00, run_after=2026-03-18 00:00:00+00:00
[2026-03-17T04:47:41.661+0000] {processor.py:183} INFO - Processing /opt/airflow/dags/daily_revenue_etl_dag.py took 0.196 seconds
[2026-03-17T04:48:12.165+0000] {processor.py:161} INFO - Started process (PID=1288) to work on /opt/airflow/dags/daily_revenue_etl_dag.py
[2026-03-17T04:48:12.167+0000] {processor.py:830} INFO - Processing file /opt/airflow/dags/daily_revenue_etl_dag.py for tasks to queue
[2026-03-17T04:48:12.169+0000] {logging_mixin.py:188} INFO - [2026-03-17T04:48:12.168+0000] {dagbag.py:538} INFO - Filling up the DagBag from /opt/airflow/dags/daily_revenue_etl_dag.py
[2026-03-17T04:48:12.203+0000] {processor.py:840} INFO - DAG(s) 'daily_revenue_etl_dag' retrieved from /opt/airflow/dags/daily_revenue_etl_dag.py
[2026-03-17T04:48:12.255+0000] {logging_mixin.py:188} INFO - [2026-03-17T04:48:12.254+0000] {dag.py:3036} INFO - Sync 1 DAGs
[2026-03-17T04:48:12.289+0000] {logging_mixin.py:188} INFO - [2026-03-17T04:48:12.288+0000] {dag.py:3823} INFO - Setting next_dagrun for daily_revenue_etl_dag to 2026-03-17 00:00:00+00:00, run_after=2026-03-18 00:00:00+00:00
[2026-03-17T04:48:12.323+0000] {processor.py:183} INFO - Processing /opt/airflow/dags/daily_revenue_etl_dag.py took 0.164 seconds
[2026-03-17T04:49:42.019+0000] {processor.py:161} INFO - Started process (PID=1294) to work on /opt/airflow/dags/daily_revenue_etl_dag.py
[2026-03-17T04:49:42.022+0000] {processor.py:830} INFO - Processing file /opt/airflow/dags/daily_revenue_etl_dag.py for tasks to queue
[2026-03-17T04:49:42.024+0000] {logging_mixin.py:188} INFO - [2026-03-17T04:49:42.023+0000] {dagbag.py:538} INFO - Filling up the DagBag from /opt/airflow/dags/daily_revenue_etl_dag.py
[2026-03-17T04:49:42.068+0000] {processor.py:840} INFO - DAG(s) 'daily_revenue_etl_dag' retrieved from /opt/airflow/dags/daily_revenue_etl_dag.py
[2026-03-17T04:49:42.139+0000] {logging_mixin.py:188} INFO - [2026-03-17T04:49:42.138+0000] {dag.py:3036} INFO - Sync 1 DAGs
[2026-03-17T04:49:42.194+0000] {logging_mixin.py:188} INFO - [2026-03-17T04:49:42.194+0000] {dag.py:3823} INFO - Setting next_dagrun for daily_revenue_etl_dag to 2026-03-17 00:00:00+00:00, run_after=2026-03-18 00:00:00+00:00
[2026-03-17T04:49:42.230+0000] {processor.py:183} INFO - Processing /opt/airflow/dags/daily_revenue_etl_dag.py took 0.217 seconds
[2026-03-17T04:26:59.532+0000] {processor.py:161} INFO - Started process (PID=1299) to work on /opt/airflow/dags/daily_revenue_etl_dag.py
[2026-03-17T04:26:59.535+0000] {processor.py:830} INFO - Processing file /opt/airflow/dags/daily_revenue_etl_dag.py for tasks to queue
[2026-03-17T04:26:59.537+0000] {logging_mixin.py:188} INFO - [2026-03-17T04:26:59.536+0000] {dagbag.py:538} INFO - Filling up the DagBag from /opt/airflow/dags/daily_revenue_etl_dag.py
[2026-03-17T04:26:59.579+0000] {processor.py:840} INFO - DAG(s) 'daily_revenue_etl_dag' retrieved from /opt/airflow/dags/daily_revenue_etl_dag.py
[2026-03-17T04:26:59.632+0000] {logging_mixin.py:188} INFO - [2026-03-17T04:26:59.631+0000] {dag.py:3036} INFO - Sync 1 DAGs
[2026-03-17T04:26:59.660+0000] {logging_mixin.py:188} INFO - [2026-03-17T04:26:59.660+0000] {dag.py:3823} INFO - Setting next_dagrun for daily_revenue_etl_dag to 2026-03-17 00:00:00+00:00, run_after=2026-03-18 00:00:00+00:00
[2026-03-17T04:26:59.682+0000] {processor.py:183} INFO - Processing /opt/airflow/dags/daily_revenue_etl_dag.py took 0.158 seconds
[2026-03-17T04:27:29.929+0000] {processor.py:161} INFO - Started process (PID=1304) to work on /opt/airflow/dags/daily_revenue_etl_dag.py
[2026-03-17T04:27:29.930+0000] {processor.py:830} INFO - Processing file /opt/airflow/dags/daily_revenue_etl_dag.py for tasks to queue
[2026-03-17T04:27:29.931+0000] {logging_mixin.py:188} INFO - [2026-03-17T04:27:29.930+0000] {dagbag.py:538} INFO - Filling up the DagBag from /opt/airflow/dags/daily_revenue_etl_dag.py
[2026-03-17T04:27:29.947+0000] {processor.py:840} INFO - DAG(s) 'daily_revenue_etl_dag' retrieved from /opt/airflow/dags/daily_revenue_etl_dag.py
[2026-03-17T04:27:29.968+0000] {logging_mixin.py:188} INFO - [2026-03-17T04:27:29.968+0000] {dag.py:3036} INFO - Sync 1 DAGs
[2026-03-17T04:27:29.985+0000] {logging_mixin.py:188} INFO - [2026-03-17T04:27:29.985+0000] {dag.py:3823} INFO - Setting next_dagrun for daily_revenue_etl_dag to 2026-03-17 00:00:00+00:00, run_after=2026-03-18 00:00:00+00:00
[2026-03-17T04:27:30.004+0000] {processor.py:183} INFO - Processing /opt/airflow/dags/daily_revenue_etl_dag.py took 0.078 seconds
[2026-03-17T04:28:00.109+0000] {processor.py:161} INFO - Started process (PID=1309) to work on /opt/airflow/dags/daily_revenue_etl_dag.py
[2026-03-17T04:28:00.110+0000] {processor.py:830} INFO - Processing file /opt/airflow/dags/daily_revenue_etl_dag.py for tasks to queue
[2026-03-17T04:28:00.111+0000] {logging_mixin.py:188} INFO - [2026-03-17T04:28:00.111+0000] {dagbag.py:538} INFO - Filling up the DagBag from /opt/airflow/dags/daily_revenue_etl_dag.py
[2026-03-17T04:28:00.127+0000] {processor.py:840} INFO - DAG(s) 'daily_revenue_etl_dag' retrieved from /opt/airflow/dags/daily_revenue_etl_dag.py
[2026-03-17T04:28:00.149+0000] {logging_mixin.py:188} INFO - [2026-03-17T04:28:00.149+0000] {dag.py:3036} INFO - Sync 1 DAGs
[2026-03-17T04:28:00.168+0000] {logging_mixin.py:188} INFO - [2026-03-17T04:28:00.168+0000] {dag.py:3823} INFO - Setting next_dagrun for daily_revenue_etl_dag to 2026-03-17 00:00:00+00:00, run_after=2026-03-18 00:00:00+00:00
[2026-03-17T04:28:00.187+0000] {processor.py:183} INFO - Processing /opt/airflow/dags/daily_revenue_etl_dag.py took 0.081 seconds
[2026-03-17T04:51:42.162+0000] {processor.py:161} INFO - Started process (PID=1315) to work on /opt/airflow/dags/daily_revenue_etl_dag.py
[2026-03-17T04:51:42.163+0000] {processor.py:830} INFO - Processing file /opt/airflow/dags/daily_revenue_etl_dag.py for tasks to queue
[2026-03-17T04:51:42.164+0000] {logging_mixin.py:188} INFO - [2026-03-17T04:51:42.164+0000] {dagbag.py:538} INFO - Filling up the DagBag from /opt/airflow/dags/daily_revenue_etl_dag.py
[2026-03-17T04:51:42.182+0000] {processor.py:840} INFO - DAG(s) 'daily_revenue_etl_dag' retrieved from /opt/airflow/dags/daily_revenue_etl_dag.py
[2026-03-17T04:51:42.208+0000] {logging_mixin.py:188} INFO - [2026-03-17T04:51:42.208+0000] {dag.py:3036} INFO - Sync 1 DAGs
[2026-03-17T04:51:42.229+0000] {logging_mixin.py:188} INFO - [2026-03-17T04:51:42.229+0000] {dag.py:3823} INFO - Setting next_dagrun for daily_revenue_etl_dag to 2026-03-17 00:00:00+00:00, run_after=2026-03-18 00:00:00+00:00
[2026-03-17T04:51:42.247+0000] {processor.py:183} INFO - Processing /opt/airflow/dags/daily_revenue_etl_dag.py took 0.088 seconds
[2026-03-17T04:52:12.374+0000] {processor.py:161} INFO - Started process (PID=1320) to work on /opt/airflow/dags/daily_revenue_etl_dag.py
[2026-03-17T04:52:12.375+0000] {processor.py:830} INFO - Processing file /opt/airflow/dags/daily_revenue_etl_dag.py for tasks to queue
[2026-03-17T04:52:12.376+0000] {logging_mixin.py:188} INFO - [2026-03-17T04:52:12.376+0000] {dagbag.py:538} INFO - Filling up the DagBag from /opt/airflow/dags/daily_revenue_etl_dag.py
[2026-03-17T04:52:12.394+0000] {processor.py:840} INFO - DAG(s) 'daily_revenue_etl_dag' retrieved from /opt/airflow/dags/daily_revenue_etl_dag.py
[2026-03-17T04:52:12.419+0000] {logging_mixin.py:188} INFO - [2026-03-17T04:52:12.419+0000] {dag.py:3036} INFO - Sync 1 DAGs
[2026-03-17T04:52:12.438+0000] {logging_mixin.py:188} INFO - [2026-03-17T04:52:12.438+0000] {dag.py:3823} INFO - Setting next_dagrun for daily_revenue_etl_dag to 2026-03-17 00:00:00+00:00, run_after=2026-03-18 00:00:00+00:00
[2026-03-17T04:52:12.455+0000] {processor.py:183} INFO - Processing /opt/airflow/dags/daily_revenue_etl_dag.py took 0.086 seconds
[2026-03-17T04:54:41.317+0000] {processor.py:161} INFO - Started process (PID=1325) to work on /opt/airflow/dags/daily_revenue_etl_dag.py
[2026-03-17T04:54:41.318+0000] {processor.py:830} INFO - Processing file /opt/airflow/dags/daily_revenue_etl_dag.py for tasks to queue
[2026-03-17T04:54:41.319+0000] {logging_mixin.py:188} INFO - [2026-03-17T04:54:41.319+0000] {dagbag.py:538} INFO - Filling up the DagBag from /opt/airflow/dags/daily_revenue_etl_dag.py
[2026-03-17T04:54:41.336+0000] {processor.py:840} INFO - DAG(s) 'daily_revenue_etl_dag' retrieved from /opt/airflow/dags/daily_revenue_etl_dag.py
[2026-03-17T04:54:41.361+0000] {logging_mixin.py:188} INFO - [2026-03-17T04:54:41.361+0000] {dag.py:3036} INFO - Sync 1 DAGs
[2026-03-17T04:54:41.381+0000] {logging_mixin.py:188} INFO - [2026-03-17T04:54:41.381+0000] {dag.py:3823} INFO - Setting next_dagrun for daily_revenue_etl_dag to 2026-03-17 00:00:00+00:00, run_after=2026-03-18 00:00:00+00:00
[2026-03-17T04:54:41.399+0000] {processor.py:183} INFO - Processing /opt/airflow/dags/daily_revenue_etl_dag.py took 0.085 seconds
[2026-03-17T04:55:12.540+0000] {processor.py:161} INFO - Started process (PID=1330) to work on /opt/airflow/dags/daily_revenue_etl_dag.py
[2026-03-17T04:55:12.542+0000] {processor.py:830} INFO - Processing file /opt/airflow/dags/daily_revenue_etl_dag.py for tasks to queue
[2026-03-17T04:55:12.544+0000] {logging_mixin.py:188} INFO - [2026-03-17T04:55:12.544+0000] {dagbag.py:538} INFO - Filling up the DagBag from /opt/airflow/dags/daily_revenue_etl_dag.py
[2026-03-17T04:55:12.576+0000] {processor.py:840} INFO - DAG(s) 'daily_revenue_etl_dag' retrieved from /opt/airflow/dags/daily_revenue_etl_dag.py
[2026-03-17T04:55:12.617+0000] {logging_mixin.py:188} INFO - [2026-03-17T04:55:12.616+0000] {dag.py:3036} INFO - Sync 1 DAGs
[2026-03-17T04:55:12.642+0000] {logging_mixin.py:188} INFO - [2026-03-17T04:55:12.642+0000] {dag.py:3823} INFO - Setting next_dagrun for daily_revenue_etl_dag to 2026-03-17 00:00:00+00:00, run_after=2026-03-18 00:00:00+00:00
[2026-03-17T04:55:12.666+0000] {processor.py:183} INFO - Processing /opt/airflow/dags/daily_revenue_etl_dag.py took 0.133 seconds
[2026-03-17T04:55:42.769+0000] {processor.py:161} INFO - Started process (PID=1335) to work on /opt/airflow/dags/daily_revenue_etl_dag.py
[2026-03-17T04:55:42.770+0000] {processor.py:830} INFO - Processing file /opt/airflow/dags/daily_revenue_etl_dag.py for tasks to queue
[2026-03-17T04:55:42.771+0000] {logging_mixin.py:188} INFO - [2026-03-17T04:55:42.771+0000] {dagbag.py:538} INFO - Filling up the DagBag from /opt/airflow/dags/daily_revenue_etl_dag.py
[2026-03-17T04:55:42.794+0000] {processor.py:840} INFO - DAG(s) 'daily_revenue_etl_dag' retrieved from /opt/airflow/dags/daily_revenue_etl_dag.py
[2026-03-17T04:32:25.029+0000] {logging_mixin.py:188} INFO - [2026-03-17T04:32:25.029+0000] {dag.py:3036} INFO - Sync 1 DAGs
[2026-03-17T04:32:25.054+0000] {logging_mixin.py:188} INFO - [2026-03-17T04:32:25.054+0000] {dag.py:3823} INFO - Setting next_dagrun for daily_revenue_etl_dag to 2026-03-17 00:00:00+00:00, run_after=2026-03-18 00:00:00+00:00
[2026-03-17T04:32:25.070+0000] {processor.py:183} INFO - Processing /opt/airflow/dags/daily_revenue_etl_dag.py took 0.106 seconds
[2026-03-17T04:32:55.245+0000] {processor.py:161} INFO - Started process (PID=1341) to work on /opt/airflow/dags/daily_revenue_etl_dag.py
[2026-03-17T04:32:55.246+0000] {processor.py:830} INFO - Processing file /opt/airflow/dags/daily_revenue_etl_dag.py for tasks to queue
[2026-03-17T04:32:55.247+0000] {logging_mixin.py:188} INFO - [2026-03-17T04:32:55.247+0000] {dagbag.py:538} INFO - Filling up the DagBag from /opt/airflow/dags/daily_revenue_etl_dag.py
[2026-03-17T04:32:55.270+0000] {processor.py:840} INFO - DAG(s) 'daily_revenue_etl_dag' retrieved from /opt/airflow/dags/daily_revenue_etl_dag.py
[2026-03-17T04:32:55.302+0000] {logging_mixin.py:188} INFO - [2026-03-17T04:32:55.301+0000] {dag.py:3036} INFO - Sync 1 DAGs
[2026-03-17T04:32:55.332+0000] {logging_mixin.py:188} INFO - [2026-03-17T04:32:55.332+0000] {dag.py:3823} INFO - Setting next_dagrun for daily_revenue_etl_dag to 2026-03-17 00:00:00+00:00, run_after=2026-03-18 00:00:00+00:00
[2026-03-17T04:32:55.353+0000] {processor.py:183} INFO - Processing /opt/airflow/dags/daily_revenue_etl_dag.py took 0.112 seconds
[2026-03-17T04:56:41.232+0000] {processor.py:161} INFO - Started process (PID=1346) to work on /opt/airflow/dags/daily_revenue_etl_dag.py
[2026-03-17T04:56:41.234+0000] {processor.py:830} INFO - Processing file /opt/airflow/dags/daily_revenue_etl_dag.py for tasks to queue
[2026-03-17T04:56:41.236+0000] {logging_mixin.py:188} INFO - [2026-03-17T04:56:41.235+0000] {dagbag.py:538} INFO - Filling up the DagBag from /opt/airflow/dags/daily_revenue_etl_dag.py
[2026-03-17T04:56:41.268+0000] {processor.py:840} INFO - DAG(s) 'daily_revenue_etl_dag' retrieved from /opt/airflow/dags/daily_revenue_etl_dag.py
[2026-03-17T04:56:41.309+0000] {logging_mixin.py:188} INFO - [2026-03-17T04:56:41.308+0000] {dag.py:3036} INFO - Sync 1 DAGs
[2026-03-17T04:56:41.338+0000] {logging_mixin.py:188} INFO - [2026-03-17T04:56:41.338+0000] {dag.py:3823} INFO - Setting next_dagrun for daily_revenue_etl_dag to 2026-03-17 00:00:00+00:00, run_after=2026-03-18 00:00:00+00:00
[2026-03-17T04:56:41.362+0000] {processor.py:183} INFO - Processing /opt/airflow/dags/daily_revenue_etl_dag.py took 0.138 seconds
[2026-03-17T04:57:32.684+0000] {processor.py:161} INFO - Started process (PID=1351) to work on /opt/airflow/dags/daily_revenue_etl_dag.py
[2026-03-17T04:57:32.685+0000] {processor.py:830} INFO - Processing file /opt/airflow/dags/daily_revenue_etl_dag.py for tasks to queue
[2026-03-17T04:57:32.686+0000] {logging_mixin.py:188} INFO - [2026-03-17T04:57:32.685+0000] {dagbag.py:538} INFO - Filling up the DagBag from /opt/airflow/dags/daily_revenue_etl_dag.py
[2026-03-17T04:57:32.703+0000] {processor.py:840} INFO - DAG(s) 'daily_revenue_etl_dag' retrieved from /opt/airflow/dags/daily_revenue_etl_dag.py
[2026-03-17T04:57:32.726+0000] {logging_mixin.py:188} INFO - [2026-03-17T04:57:32.726+0000] {dag.py:3036} INFO - Sync 1 DAGs
[2026-03-17T04:57:32.744+0000] {logging_mixin.py:188} INFO - [2026-03-17T04:57:32.744+0000] {dag.py:3823} INFO - Setting next_dagrun for daily_revenue_etl_dag to 2026-03-17 00:00:00+00:00, run_after=2026-03-18 00:00:00+00:00
[2026-03-17T04:57:32.764+0000] {processor.py:183} INFO - Processing /opt/airflow/dags/daily_revenue_etl_dag.py took 0.083 seconds
[2026-03-17T04:58:02.903+0000] {processor.py:161} INFO - Started process (PID=1356) to work on /opt/airflow/dags/daily_revenue_etl_dag.py
[2026-03-17T04:58:02.905+0000] {processor.py:830} INFO - Processing file /opt/airflow/dags/daily_revenue_etl_dag.py for tasks to queue
[2026-03-17T04:58:02.906+0000] {logging_mixin.py:188} INFO - [2026-03-17T04:58:02.906+0000] {dagbag.py:538} INFO - Filling up the DagBag from /opt/airflow/dags/daily_revenue_etl_dag.py
[2026-03-17T04:58:02.933+0000] {processor.py:840} INFO - DAG(s) 'daily_revenue_etl_dag' retrieved from /opt/airflow/dags/daily_revenue_etl_dag.py
[2026-03-17T04:58:02.974+0000] {logging_mixin.py:188} INFO - [2026-03-17T04:58:02.973+0000] {dag.py:3036} INFO - Sync 1 DAGs
[2026-03-17T04:58:03.001+0000] {logging_mixin.py:188} INFO - [2026-03-17T04:58:03.001+0000] {dag.py:3823} INFO - Setting next_dagrun for daily_revenue_etl_dag to 2026-03-17 00:00:00+00:00, run_after=2026-03-18 00:00:00+00:00
[2026-03-17T04:34:45.226+0000] {processor.py:183} INFO - Processing /opt/airflow/dags/daily_revenue_etl_dag.py took 0.129 seconds
[2026-03-17T04:58:07.989+0000] {processor.py:161} INFO - Started process (PID=1361) to work on /opt/airflow/dags/daily_revenue_etl_dag.py
[2026-03-17T04:58:07.991+0000] {processor.py:830} INFO - Processing file /opt/airflow/dags/daily_revenue_etl_dag.py for tasks to queue
[2026-03-17T04:58:07.992+0000] {logging_mixin.py:188} INFO - [2026-03-17T04:58:07.991+0000] {dagbag.py:538} INFO - Filling up the DagBag from /opt/airflow/dags/daily_revenue_etl_dag.py
[2026-03-17T04:58:08.014+0000] {processor.py:840} INFO - DAG(s) 'daily_revenue_etl_dag' retrieved from /opt/airflow/dags/daily_revenue_etl_dag.py
[2026-03-17T04:34:50.247+0000] {logging_mixin.py:188} INFO - [2026-03-17T04:34:50.247+0000] {dag.py:3036} INFO - Sync 1 DAGs
[2026-03-17T04:34:50.276+0000] {logging_mixin.py:188} INFO - [2026-03-17T04:34:50.276+0000] {dag.py:3823} INFO - Setting next_dagrun for daily_revenue_etl_dag to 2026-03-17 00:00:00+00:00, run_after=2026-03-18 00:00:00+00:00
[2026-03-17T04:34:50.299+0000] {processor.py:183} INFO - Processing /opt/airflow/dags/daily_revenue_etl_dag.py took 0.114 seconds
[2026-03-17T04:35:20.537+0000] {processor.py:161} INFO - Started process (PID=1366) to work on /opt/airflow/dags/daily_revenue_etl_dag.py
[2026-03-17T04:35:20.538+0000] {processor.py:830} INFO - Processing file /opt/airflow/dags/daily_revenue_etl_dag.py for tasks to queue
[2026-03-17T04:35:20.539+0000] {logging_mixin.py:188} INFO - [2026-03-17T04:35:20.539+0000] {dagbag.py:538} INFO - Filling up the DagBag from /opt/airflow/dags/daily_revenue_etl_dag.py
[2026-03-17T04:35:20.562+0000] {processor.py:840} INFO - DAG(s) 'daily_revenue_etl_dag' retrieved from /opt/airflow/dags/daily_revenue_etl_dag.py
[2026-03-17T04:35:20.593+0000] {logging_mixin.py:188} INFO - [2026-03-17T04:35:20.593+0000] {dag.py:3036} INFO - Sync 1 DAGs
[2026-03-17T04:35:20.621+0000] {logging_mixin.py:188} INFO - [2026-03-17T04:35:20.621+0000] {dag.py:3823} INFO - Setting next_dagrun for daily_revenue_etl_dag to 2026-03-17 00:00:00+00:00, run_after=2026-03-18 00:00:00+00:00
[2026-03-17T04:35:20.645+0000] {processor.py:183} INFO - Processing /opt/airflow/dags/daily_revenue_etl_dag.py took 0.113 seconds
[2026-03-17T04:58:41.340+0000] {processor.py:161} INFO - Started process (PID=1371) to work on /opt/airflow/dags/daily_revenue_etl_dag.py
[2026-03-17T04:58:41.342+0000] {processor.py:830} INFO - Processing file /opt/airflow/dags/daily_revenue_etl_dag.py for tasks to queue
[2026-03-17T04:58:41.343+0000] {logging_mixin.py:188} INFO - [2026-03-17T04:58:41.343+0000] {dagbag.py:538} INFO - Filling up the DagBag from /opt/airflow/dags/daily_revenue_etl_dag.py
[2026-03-17T04:58:41.365+0000] {processor.py:840} INFO - DAG(s) 'daily_revenue_etl_dag' retrieved from /opt/airflow/dags/daily_revenue_etl_dag.py
[2026-03-17T04:58:41.394+0000] {logging_mixin.py:188} INFO - [2026-03-17T04:58:41.394+0000] {dag.py:3036} INFO - Sync 1 DAGs
[2026-03-17T04:58:41.420+0000] {logging_mixin.py:188} INFO - [2026-03-17T04:58:41.419+0000] {dag.py:3823} INFO - Setting next_dagrun for daily_revenue_etl_dag to 2026-03-17 00:00:00+00:00, run_after=2026-03-18 00:00:00+00:00
[2026-03-17T04:35:23.691+0000] {processor.py:183} INFO - Processing /opt/airflow/dags/daily_revenue_etl_dag.py took 0.114 seconds
[2026-03-17T04:35:53.880+0000] {processor.py:161} INFO - Started process (PID=1376) to work on /opt/airflow/dags/daily_revenue_etl_dag.py
[2026-03-17T04:35:53.881+0000] {processor.py:830} INFO - Processing file /opt/airflow/dags/daily_revenue_etl_dag.py for tasks to queue
[2026-03-17T04:35:53.882+0000] {logging_mixin.py:188} INFO - [2026-03-17T04:35:53.882+0000] {dagbag.py:538} INFO - Filling up the DagBag from /opt/airflow/dags/daily_revenue_etl_dag.py
[2026-03-17T04:35:53.900+0000] {processor.py:840} INFO - DAG(s) 'daily_revenue_etl_dag' retrieved from /opt/airflow/dags/daily_revenue_etl_dag.py
[2026-03-17T04:35:53.922+0000] {logging_mixin.py:188} INFO - [2026-03-17T04:35:53.922+0000] {dag.py:3036} INFO - Sync 1 DAGs
[2026-03-17T04:35:53.940+0000] {logging_mixin.py:188} INFO - [2026-03-17T04:35:53.940+0000] {dag.py:3823} INFO - Setting next_dagrun for daily_revenue_etl_dag to 2026-03-17 00:00:00+00:00, run_after=2026-03-18 00:00:00+00:00
[2026-03-17T04:35:53.957+0000] {processor.py:183} INFO - Processing /opt/airflow/dags/daily_revenue_etl_dag.py took 0.079 seconds
[2026-03-17T04:59:13.679+0000] {processor.py:161} INFO - Started process (PID=1381) to work on /opt/airflow/dags/daily_revenue_etl_dag.py
[2026-03-17T04:59:13.680+0000] {processor.py:830} INFO - Processing file /opt/airflow/dags/daily_revenue_etl_dag.py for tasks to queue
[2026-03-17T04:59:13.682+0000] {logging_mixin.py:188} INFO - [2026-03-17T04:59:13.681+0000] {dagbag.py:538} INFO - Filling up the DagBag from /opt/airflow/dags/daily_revenue_etl_dag.py
[2026-03-17T04:59:13.712+0000] {processor.py:840} INFO - DAG(s) 'daily_revenue_etl_dag' retrieved from /opt/airflow/dags/daily_revenue_etl_dag.py
[2026-03-17T04:59:13.748+0000] {logging_mixin.py:188} INFO - [2026-03-17T04:59:13.748+0000] {dag.py:3036} INFO - Sync 1 DAGs
[2026-03-17T04:59:13.775+0000] {logging_mixin.py:188} INFO - [2026-03-17T04:59:13.775+0000] {dag.py:3823} INFO - Setting next_dagrun for daily_revenue_etl_dag to 2026-03-17 00:00:00+00:00, run_after=2026-03-18 00:00:00+00:00
[2026-03-17T04:59:13.817+0000] {processor.py:183} INFO - Processing /opt/airflow/dags/daily_revenue_etl_dag.py took 0.144 seconds
[2026-03-17T04:59:48.094+0000] {processor.py:161} INFO - Started process (PID=1387) to work on /opt/airflow/dags/daily_revenue_etl_dag.py
[2026-03-17T04:59:48.099+0000] {processor.py:830} INFO - Processing file /opt/airflow/dags/daily_revenue_etl_dag.py for tasks to queue
[2026-03-17T04:59:48.103+0000] {logging_mixin.py:188} INFO - [2026-03-17T04:59:48.102+0000] {dagbag.py:538} INFO - Filling up the DagBag from /opt/airflow/dags/daily_revenue_etl_dag.py
[2026-03-17T04:36:30.489+0000] {processor.py:840} INFO - DAG(s) 'daily_revenue_etl_dag' retrieved from /opt/airflow/dags/daily_revenue_etl_dag.py
[2026-03-17T04:36:30.631+0000] {logging_mixin.py:188} INFO - [2026-03-17T04:36:30.630+0000] {dag.py:3036} INFO - Sync 1 DAGs
[2026-03-17T04:36:30.714+0000] {logging_mixin.py:188} INFO - [2026-03-17T04:36:30.714+0000] {dag.py:3823} INFO - Setting next_dagrun for daily_revenue_etl_dag to 2026-03-17 00:00:00+00:00, run_after=2026-03-18 00:00:00+00:00
[2026-03-17T04:36:30.788+0000] {processor.py:183} INFO - Processing /opt/airflow/dags/daily_revenue_etl_dag.py took 0.476 seconds
[2026-03-17T04:36:35.391+0000] {processor.py:161} INFO - Started process (PID=1392) to work on /opt/airflow/dags/daily_revenue_etl_dag.py
[2026-03-17T04:36:35.392+0000] {processor.py:830} INFO - Processing file /opt/airflow/dags/daily_revenue_etl_dag.py for tasks to queue
[2026-03-17T04:36:35.393+0000] {logging_mixin.py:188} INFO - [2026-03-17T04:36:35.392+0000] {dagbag.py:538} INFO - Filling up the DagBag from /opt/airflow/dags/daily_revenue_etl_dag.py
[2026-03-17T04:36:35.409+0000] {processor.py:840} INFO - DAG(s) 'daily_revenue_etl_dag' retrieved from /opt/airflow/dags/daily_revenue_etl_dag.py
[2026-03-17T04:36:35.431+0000] {logging_mixin.py:188} INFO - [2026-03-17T04:36:35.431+0000] {dag.py:3036} INFO - Sync 1 DAGs
[2026-03-17T04:36:35.450+0000] {logging_mixin.py:188} INFO - [2026-03-17T04:36:35.450+0000] {dag.py:3823} INFO - Setting next_dagrun for daily_revenue_etl_dag to 2026-03-17 00:00:00+00:00, run_after=2026-03-18 00:00:00+00:00
[2026-03-17T04:36:35.467+0000] {processor.py:183} INFO - Processing /opt/airflow/dags/daily_revenue_etl_dag.py took 0.079 seconds
[2026-03-17T04:59:58.197+0000] {processor.py:161} INFO - Started process (PID=1397) to work on /opt/airflow/dags/daily_revenue_etl_dag.py
[2026-03-17T04:59:58.198+0000] {processor.py:830} INFO - Processing file /opt/airflow/dags/daily_revenue_etl_dag.py for tasks to queue
[2026-03-17T04:59:58.199+0000] {logging_mixin.py:188} INFO - [2026-03-17T04:59:58.199+0000] {dagbag.py:538} INFO - Filling up the DagBag from /opt/airflow/dags/daily_revenue_etl_dag.py
[2026-03-17T04:36:40.422+0000] {processor.py:840} INFO - DAG(s) 'daily_revenue_etl_dag' retrieved from /opt/airflow/dags/daily_revenue_etl_dag.py
[2026-03-17T04:36:40.444+0000] {logging_mixin.py:188} INFO - [2026-03-17T04:36:40.444+0000] {dag.py:3036} INFO - Sync 1 DAGs
[2026-03-17T04:36:40.463+0000] {logging_mixin.py:188} INFO - [2026-03-17T04:36:40.463+0000] {dag.py:3823} INFO - Setting next_dagrun for daily_revenue_etl_dag to 2026-03-17 00:00:00+00:00, run_after=2026-03-18 00:00:00+00:00
[2026-03-17T04:36:40.479+0000] {processor.py:183} INFO - Processing /opt/airflow/dags/daily_revenue_etl_dag.py took 0.080 seconds
[2026-03-17T05:00:11.379+0000] {processor.py:161} INFO - Started process (PID=1402) to work on /opt/airflow/dags/daily_revenue_etl_dag.py
[2026-03-17T05:00:11.380+0000] {processor.py:830} INFO - Processing file /opt/airflow/dags/daily_revenue_etl_dag.py for tasks to queue
[2026-03-17T05:00:11.381+0000] {logging_mixin.py:188} INFO - [2026-03-17T05:00:11.381+0000] {dagbag.py:538} INFO - Filling up the DagBag from /opt/airflow/dags/daily_revenue_etl_dag.py
[2026-03-17T05:00:11.400+0000] {processor.py:840} INFO - DAG(s) 'daily_revenue_etl_dag' retrieved from /opt/airflow/dags/daily_revenue_etl_dag.py
[2026-03-17T05:00:11.424+0000] {logging_mixin.py:188} INFO - [2026-03-17T05:00:11.423+0000] {dag.py:3036} INFO - Sync 1 DAGs
[2026-03-17T05:00:11.443+0000] {logging_mixin.py:188} INFO - [2026-03-17T05:00:11.443+0000] {dag.py:3823} INFO - Setting next_dagrun for daily_revenue_etl_dag to 2026-03-17 00:00:00+00:00, run_after=2026-03-18 00:00:00+00:00
[2026-03-17T04:36:53.703+0000] {processor.py:183} INFO - Processing /opt/airflow/dags/daily_revenue_etl_dag.py took 0.085 seconds
[2026-03-17T04:37:23.809+0000] {processor.py:161} INFO - Started process (PID=1407) to work on /opt/airflow/dags/daily_revenue_etl_dag.py
[2026-03-17T04:37:23.810+0000] {processor.py:830} INFO - Processing file /opt/airflow/dags/daily_revenue_etl_dag.py for tasks to queue
[2026-03-17T04:37:23.811+0000] {logging_mixin.py:188} INFO - [2026-03-17T04:37:23.811+0000] {dagbag.py:538} INFO - Filling up the DagBag from /opt/airflow/dags/daily_revenue_etl_dag.py
[2026-03-17T04:37:23.836+0000] {processor.py:840} INFO - DAG(s) 'daily_revenue_etl_dag' retrieved from /opt/airflow/dags/daily_revenue_etl_dag.py
[2026-03-17T04:37:23.862+0000] {logging_mixin.py:188} INFO - [2026-03-17T04:37:23.862+0000] {dag.py:3036} INFO - Sync 1 DAGs
[2026-03-17T04:37:23.880+0000] {logging_mixin.py:188} INFO - [2026-03-17T04:37:23.880+0000] {dag.py:3823} INFO - Setting next_dagrun for daily_revenue_etl_dag to 2026-03-17 00:00:00+00:00, run_after=2026-03-18 00:00:00+00:00
[2026-03-17T04:37:23.896+0000] {processor.py:183} INFO - Processing /opt/airflow/dags/daily_revenue_etl_dag.py took 0.091 seconds
[2026-03-17T04:37:54.094+0000] {processor.py:161} INFO - Started process (PID=1412) to work on /opt/airflow/dags/daily_revenue_etl_dag.py
[2026-03-17T04:37:54.095+0000] {processor.py:830} INFO - Processing file /opt/airflow/dags/daily_revenue_etl_dag.py for tasks to queue
[2026-03-17T04:37:54.096+0000] {logging_mixin.py:188} INFO - [2026-03-17T04:37:54.096+0000] {dagbag.py:538} INFO - Filling up the DagBag from /opt/airflow/dags/daily_revenue_etl_dag.py
[2026-03-17T04:37:54.114+0000] {processor.py:840} INFO - DAG(s) 'daily_revenue_etl_dag' retrieved from /opt/airflow/dags/daily_revenue_etl_dag.py
[2026-03-17T04:37:54.136+0000] {logging_mixin.py:188} INFO - [2026-03-17T04:37:54.136+0000] {dag.py:3036} INFO - Sync 1 DAGs
[2026-03-17T04:37:54.154+0000] {logging_mixin.py:188} INFO - [2026-03-17T04:37:54.154+0000] {dag.py:3823} INFO - Setting next_dagrun for daily_revenue_etl_dag to 2026-03-17 00:00:00+00:00, run_after=2026-03-18 00:00:00+00:00
[2026-03-17T04:37:54.169+0000] {processor.py:183} INFO - Processing /opt/airflow/dags/daily_revenue_etl_dag.py took 0.079 seconds
[2026-03-17T05:01:28.050+0000] {processor.py:161} INFO - Started process (PID=1417) to work on /opt/airflow/dags/daily_revenue_etl_dag.py
[2026-03-17T05:01:28.051+0000] {processor.py:830} INFO - Processing file /opt/airflow/dags/daily_revenue_etl_dag.py for tasks to queue
[2026-03-17T05:01:28.052+0000] {logging_mixin.py:188} INFO - [2026-03-17T05:01:28.052+0000] {dagbag.py:538} INFO - Filling up the DagBag from /opt/airflow/dags/daily_revenue_etl_dag.py
[2026-03-17T05:01:28.069+0000] {processor.py:840} INFO - DAG(s) 'daily_revenue_etl_dag' retrieved from /opt/airflow/dags/daily_revenue_etl_dag.py
[2026-03-17T05:01:28.092+0000] {logging_mixin.py:188} INFO - [2026-03-17T05:01:28.092+0000] {dag.py:3036} INFO - Sync 1 DAGs
[2026-03-17T05:01:28.113+0000] {logging_mixin.py:188} INFO - [2026-03-17T05:01:28.113+0000] {dag.py:3823} INFO - Setting next_dagrun for daily_revenue_etl_dag to 2026-03-17 00:00:00+00:00, run_after=2026-03-18 00:00:00+00:00
[2026-03-17T05:01:28.130+0000] {processor.py:183} INFO - Processing /opt/airflow/dags/daily_revenue_etl_dag.py took 0.083 seconds
[2026-03-17T05:01:58.284+0000] {processor.py:161} INFO - Started process (PID=1422) to work on /opt/airflow/dags/daily_revenue_etl_dag.py
[2026-03-17T05:01:58.285+0000] {processor.py:830} INFO - Processing file /opt/airflow/dags/daily_revenue_etl_dag.py for tasks to queue
[2026-03-17T05:01:58.287+0000] {logging_mixin.py:188} INFO - [2026-03-17T05:01:58.286+0000] {dagbag.py:538} INFO - Filling up the DagBag from /opt/airflow/dags/daily_revenue_etl_dag.py
[2026-03-17T05:01:58.310+0000] {processor.py:840} INFO - DAG(s) 'daily_revenue_etl_dag' retrieved from /opt/airflow/dags/daily_revenue_etl_dag.py
[2026-03-17T05:01:58.346+0000] {logging_mixin.py:188} INFO - [2026-03-17T05:01:58.345+0000] {dag.py:3036} INFO - Sync 1 DAGs
[2026-03-17T04:38:40.632+0000] {logging_mixin.py:188} INFO - [2026-03-17T04:38:40.631+0000] {dag.py:3823} INFO - Setting next_dagrun for daily_revenue_etl_dag to 2026-03-17 00:00:00+00:00, run_after=2026-03-18 00:00:00+00:00
[2026-03-17T04:38:40.660+0000] {processor.py:183} INFO - Processing /opt/airflow/dags/daily_revenue_etl_dag.py took 0.147 seconds
[2026-03-17T04:38:45.595+0000] {processor.py:161} INFO - Started process (PID=1427) to work on /opt/airflow/dags/daily_revenue_etl_dag.py
[2026-03-17T04:38:45.596+0000] {processor.py:830} INFO - Processing file /opt/airflow/dags/daily_revenue_etl_dag.py for tasks to queue
[2026-03-17T04:38:45.596+0000] {logging_mixin.py:188} INFO - [2026-03-17T04:38:45.596+0000] {dagbag.py:538} INFO - Filling up the DagBag from /opt/airflow/dags/daily_revenue_etl_dag.py
[2026-03-17T04:38:45.617+0000] {processor.py:840} INFO - DAG(s) 'daily_revenue_etl_dag' retrieved from /opt/airflow/dags/daily_revenue_etl_dag.py
[2026-03-17T04:38:45.646+0000] {logging_mixin.py:188} INFO - [2026-03-17T04:38:45.645+0000] {dag.py:3036} INFO - Sync 1 DAGs
[2026-03-17T04:38:45.674+0000] {logging_mixin.py:188} INFO - [2026-03-17T04:38:45.674+0000] {dag.py:3823} INFO - Setting next_dagrun for daily_revenue_etl_dag to 2026-03-17 00:00:00+00:00, run_after=2026-03-18 00:00:00+00:00
[2026-03-17T04:38:45.699+0000] {processor.py:183} INFO - Processing /opt/airflow/dags/daily_revenue_etl_dag.py took 0.107 seconds
[2026-03-17T05:02:11.534+0000] {processor.py:161} INFO - Started process (PID=1432) to work on /opt/airflow/dags/daily_revenue_etl_dag.py
[2026-03-17T05:02:11.535+0000] {processor.py:830} INFO - Processing file /opt/airflow/dags/daily_revenue_etl_dag.py for tasks to queue
[2026-03-17T05:02:11.535+0000] {logging_mixin.py:188} INFO - [2026-03-17T05:02:11.535+0000] {dagbag.py:538} INFO - Filling up the DagBag from /opt/airflow/dags/daily_revenue_etl_dag.py
[2026-03-17T05:02:11.551+0000] {processor.py:840} INFO - DAG(s) 'daily_revenue_etl_dag' retrieved from /opt/airflow/dags/daily_revenue_etl_dag.py
[2026-03-17T05:02:11.573+0000] {logging_mixin.py:188} INFO - [2026-03-17T05:02:11.572+0000] {dag.py:3036} INFO - Sync 1 DAGs
[2026-03-17T04:38:53.793+0000] {logging_mixin.py:188} INFO - [2026-03-17T04:38:53.793+0000] {dag.py:3823} INFO - Setting next_dagrun for daily_revenue_etl_dag to 2026-03-17 00:00:00+00:00, run_after=2026-03-18 00:00:00+00:00
[2026-03-17T04:38:53.811+0000] {processor.py:183} INFO - Processing /opt/airflow/dags/daily_revenue_etl_dag.py took 0.083 seconds
[2026-03-17T04:39:23.976+0000] {processor.py:161} INFO - Started process (PID=1437) to work on /opt/airflow/dags/daily_revenue_etl_dag.py
[2026-03-17T04:39:23.977+0000] {processor.py:830} INFO - Processing file /opt/airflow/dags/daily_revenue_etl_dag.py for tasks to queue
[2026-03-17T04:39:23.978+0000] {logging_mixin.py:188} INFO - [2026-03-17T04:39:23.978+0000] {dagbag.py:538} INFO - Filling up the DagBag from /opt/airflow/dags/daily_revenue_etl_dag.py
[2026-03-17T04:39:23.999+0000] {processor.py:840} INFO - DAG(s) 'daily_revenue_etl_dag' retrieved from /opt/airflow/dags/daily_revenue_etl_dag.py
[2026-03-17T04:39:24.026+0000] {logging_mixin.py:188} INFO - [2026-03-17T04:39:24.026+0000] {dag.py:3036} INFO - Sync 1 DAGs
[2026-03-17T04:39:24.046+0000] {logging_mixin.py:188} INFO - [2026-03-17T04:39:24.046+0000] {dag.py:3823} INFO - Setting next_dagrun for daily_revenue_etl_dag to 2026-03-17 00:00:00+00:00, run_after=2026-03-18 00:00:00+00:00
[2026-03-17T04:39:24.063+0000] {processor.py:183} INFO - Processing /opt/airflow/dags/daily_revenue_etl_dag.py took 0.090 seconds
[2026-03-17T04:39:54.238+0000] {processor.py:161} INFO - Started process (PID=1442) to work on /opt/airflow/dags/daily_revenue_etl_dag.py
[2026-03-17T04:39:54.239+0000] {processor.py:830} INFO - Processing file /opt/airflow/dags/daily_revenue_etl_dag.py for tasks to queue
[2026-03-17T04:39:54.241+0000] {logging_mixin.py:188} INFO - [2026-03-17T04:39:54.240+0000] {dagbag.py:538} INFO - Filling up the DagBag from /opt/airflow/dags/daily_revenue_etl_dag.py
[2026-03-17T04:39:54.268+0000] {processor.py:840} INFO - DAG(s) 'daily_revenue_etl_dag' retrieved from /opt/airflow/dags/daily_revenue_etl_dag.py
[2026-03-17T04:39:54.301+0000] {logging_mixin.py:188} INFO - [2026-03-17T04:39:54.301+0000] {dag.py:3036} INFO - Sync 1 DAGs
[2026-03-17T04:39:54.328+0000] {logging_mixin.py:188} INFO - [2026-03-17T04:39:54.328+0000] {dag.py:3823} INFO - Setting next_dagrun for daily_revenue_etl_dag to 2026-03-17 00:00:00+00:00, run_after=2026-03-18 00:00:00+00:00
[2026-03-17T04:39:54.351+0000] {processor.py:183} INFO - Processing /opt/airflow/dags/daily_revenue_etl_dag.py took 0.117 seconds
[2026-03-17T05:03:28.267+0000] {processor.py:161} INFO - Started process (PID=1447) to work on /opt/airflow/dags/daily_revenue_etl_dag.py
[2026-03-17T05:03:28.269+0000] {processor.py:830} INFO - Processing file /opt/airflow/dags/daily_revenue_etl_dag.py for tasks to queue
[2026-03-17T05:03:28.270+0000] {logging_mixin.py:188} INFO - [2026-03-17T05:03:28.270+0000] {dagbag.py:538} INFO - Filling up the DagBag from /opt/airflow/dags/daily_revenue_etl_dag.py
[2026-03-17T05:03:28.294+0000] {processor.py:840} INFO - DAG(s) 'daily_revenue_etl_dag' retrieved from /opt/airflow/dags/daily_revenue_etl_dag.py
[2026-03-17T05:03:28.324+0000] {logging_mixin.py:188} INFO - [2026-03-17T05:03:28.324+0000] {dag.py:3036} INFO - Sync 1 DAGs
[2026-03-17T05:03:28.343+0000] {logging_mixin.py:188} INFO - [2026-03-17T05:03:28.343+0000] {dag.py:3823} INFO - Setting next_dagrun for daily_revenue_etl_dag to 2026-03-17 00:00:00+00:00, run_after=2026-03-18 00:00:00+00:00
[2026-03-17T05:03:28.374+0000] {processor.py:183} INFO - Processing /opt/airflow/dags/daily_revenue_etl_dag.py took 0.114 seconds
[2026-03-17T05:03:58.453+0000] {processor.py:161} INFO - Started process (PID=1453) to work on /opt/airflow/dags/daily_revenue_etl_dag.py
[2026-03-17T05:03:58.454+0000] {processor.py:830} INFO - Processing file /opt/airflow/dags/daily_revenue_etl_dag.py for tasks to queue
[2026-03-17T05:03:58.455+0000] {logging_mixin.py:188} INFO - [2026-03-17T05:03:58.455+0000] {dagbag.py:538} INFO - Filling up the DagBag from /opt/airflow/dags/daily_revenue_etl_dag.py
[2026-03-17T05:03:58.473+0000] {processor.py:840} INFO - DAG(s) 'daily_revenue_etl_dag' retrieved from /opt/airflow/dags/daily_revenue_etl_dag.py
[2026-03-17T05:03:58.499+0000] {logging_mixin.py:188} INFO - [2026-03-17T05:03:58.499+0000] {dag.py:3036} INFO - Sync 1 DAGs
[2026-03-17T05:03:58.520+0000] {logging_mixin.py:188} INFO - [2026-03-17T05:03:58.519+0000] {dag.py:3823} INFO - Setting next_dagrun for daily_revenue_etl_dag to 2026-03-17 00:00:00+00:00, run_after=2026-03-18 00:00:00+00:00
[2026-03-17T04:40:40.792+0000] {processor.py:183} INFO - Processing /opt/airflow/dags/daily_revenue_etl_dag.py took 0.098 seconds
[2026-03-17T05:04:03.592+0000] {processor.py:161} INFO - Started process (PID=1458) to work on /opt/airflow/dags/daily_revenue_etl_dag.py
[2026-03-17T05:04:03.594+0000] {processor.py:830} INFO - Processing file /opt/airflow/dags/daily_revenue_etl_dag.py for tasks to queue
[2026-03-17T05:04:03.595+0000] {logging_mixin.py:188} INFO - [2026-03-17T05:04:03.595+0000] {dagbag.py:538} INFO - Filling up the DagBag from /opt/airflow/dags/daily_revenue_etl_dag.py
[2026-03-17T05:04:03.614+0000] {processor.py:840} INFO - DAG(s) 'daily_revenue_etl_dag' retrieved from /opt/airflow/dags/daily_revenue_etl_dag.py
[2026-03-17T05:04:03.645+0000] {logging_mixin.py:188} INFO - [2026-03-17T05:04:03.644+0000] {dag.py:3036} INFO - Sync 1 DAGs
[2026-03-17T04:40:45.852+0000] {logging_mixin.py:188} INFO - [2026-03-17T04:40:45.851+0000] {dag.py:3823} INFO - Setting next_dagrun for daily_revenue_etl_dag to 2026-03-17 00:00:00+00:00, run_after=2026-03-18 00:00:00+00:00
[2026-03-17T04:40:45.866+0000] {processor.py:183} INFO - Processing /opt/airflow/dags/daily_revenue_etl_dag.py took 0.093 seconds
[2026-03-17T05:04:08.639+0000] {processor.py:161} INFO - Started process (PID=1463) to work on /opt/airflow/dags/daily_revenue_etl_dag.py
[2026-03-17T05:04:08.640+0000] {processor.py:830} INFO - Processing file /opt/airflow/dags/daily_revenue_etl_dag.py for tasks to queue
[2026-03-17T05:04:08.641+0000] {logging_mixin.py:188} INFO - [2026-03-17T05:04:08.641+0000] {dagbag.py:538} INFO - Filling up the DagBag from /opt/airflow/dags/daily_revenue_etl_dag.py
[2026-03-17T05:04:08.659+0000] {processor.py:840} INFO - DAG(s) 'daily_revenue_etl_dag' retrieved from /opt/airflow/dags/daily_revenue_etl_dag.py
[2026-03-17T04:40:50.878+0000] {logging_mixin.py:188} INFO - [2026-03-17T04:40:50.878+0000] {dag.py:3036} INFO - Sync 1 DAGs
[2026-03-17T04:40:50.904+0000] {logging_mixin.py:188} INFO - [2026-03-17T04:40:50.904+0000] {dag.py:3823} INFO - Setting next_dagrun for daily_revenue_etl_dag to 2026-03-17 00:00:00+00:00, run_after=2026-03-18 00:00:00+00:00
[2026-03-17T04:40:50.923+0000] {processor.py:183} INFO - Processing /opt/airflow/dags/daily_revenue_etl_dag.py took 0.101 seconds
[2026-03-17T04:41:21.227+0000] {processor.py:161} INFO - Started process (PID=1468) to work on /opt/airflow/dags/daily_revenue_etl_dag.py
[2026-03-17T04:41:21.230+0000] {processor.py:830} INFO - Processing file /opt/airflow/dags/daily_revenue_etl_dag.py for tasks to queue
[2026-03-17T04:41:21.235+0000] {logging_mixin.py:188} INFO - [2026-03-17T04:41:21.233+0000] {dagbag.py:538} INFO - Filling up the DagBag from /opt/airflow/dags/daily_revenue_etl_dag.py
[2026-03-17T04:41:21.316+0000] {processor.py:840} INFO - DAG(s) 'daily_revenue_etl_dag' retrieved from /opt/airflow/dags/daily_revenue_etl_dag.py
[2026-03-17T04:41:21.413+0000] {logging_mixin.py:188} INFO - [2026-03-17T04:41:21.411+0000] {dag.py:3036} INFO - Sync 1 DAGs
[2026-03-17T04:41:21.518+0000] {logging_mixin.py:188} INFO - [2026-03-17T04:41:21.517+0000] {dag.py:3823} INFO - Setting next_dagrun for daily_revenue_etl_dag to 2026-03-17 00:00:00+00:00, run_after=2026-03-18 00:00:00+00:00
[2026-03-17T04:41:21.636+0000] {processor.py:183} INFO - Processing /opt/airflow/dags/daily_revenue_etl_dag.py took 0.416 seconds
[2026-03-17T04:41:23.840+0000] {processor.py:161} INFO - Started process (PID=1473) to work on /opt/airflow/dags/daily_revenue_etl_dag.py
[2026-03-17T04:41:23.844+0000] {processor.py:830} INFO - Processing file /opt/airflow/dags/daily_revenue_etl_dag.py for tasks to queue
[2026-03-17T04:41:23.849+0000] {logging_mixin.py:188} INFO - [2026-03-17T04:41:23.848+0000] {dagbag.py:538} INFO - Filling up the DagBag from /opt/airflow/dags/daily_revenue_etl_dag.py
[2026-03-17T04:41:23.923+0000] {processor.py:840} INFO - DAG(s) 'daily_revenue_etl_dag' retrieved from /opt/airflow/dags/daily_revenue_etl_dag.py
[2026-03-17T04:41:24.000+0000] {logging_mixin.py:188} INFO - [2026-03-17T04:41:24.000+0000] {dag.py:3036} INFO - Sync 1 DAGs
[2026-03-17T04:41:24.029+0000] {logging_mixin.py:188} INFO - [2026-03-17T04:41:24.029+0000] {dag.py:3823} INFO - Setting next_dagrun for daily_revenue_etl_dag to 2026-03-17 00:00:00+00:00, run_after=2026-03-18 00:00:00+00:00
[2026-03-17T04:41:24.048+0000] {processor.py:183} INFO - Processing /opt/airflow/dags/daily_revenue_etl_dag.py took 0.221 seconds
[2026-03-17T05:04:43.636+0000] {processor.py:161} INFO - Started process (PID=1478) to work on /opt/airflow/dags/daily_revenue_etl_dag.py
[2026-03-17T05:04:43.639+0000] {processor.py:830} INFO - Processing file /opt/airflow/dags/daily_revenue_etl_dag.py for tasks to queue
[2026-03-17T05:04:43.641+0000] {logging_mixin.py:188} INFO - [2026-03-17T05:04:43.641+0000] {dagbag.py:538} INFO - Filling up the DagBag from /opt/airflow/dags/daily_revenue_etl_dag.py
[2026-03-17T05:04:43.669+0000] {processor.py:840} INFO - DAG(s) 'daily_revenue_etl_dag' retrieved from /opt/airflow/dags/daily_revenue_etl_dag.py
[2026-03-17T04:41:25.914+0000] {logging_mixin.py:188} INFO - [2026-03-17T04:41:25.913+0000] {dag.py:3036} INFO - Sync 1 DAGs
[2026-03-17T04:41:25.939+0000] {logging_mixin.py:188} INFO - [2026-03-17T04:41:25.939+0000] {dag.py:3823} INFO - Setting next_dagrun for daily_revenue_etl_dag to 2026-03-17 00:00:00+00:00, run_after=2026-03-18 00:00:00+00:00
[2026-03-17T04:41:25.960+0000] {processor.py:183} INFO - Processing /opt/airflow/dags/daily_revenue_etl_dag.py took 0.118 seconds
[2026-03-17T04:41:56.170+0000] {processor.py:161} INFO - Started process (PID=1483) to work on /opt/airflow/dags/daily_revenue_etl_dag.py
[2026-03-17T04:41:56.172+0000] {processor.py:830} INFO - Processing file /opt/airflow/dags/daily_revenue_etl_dag.py for tasks to queue
[2026-03-17T04:41:56.173+0000] {logging_mixin.py:188} INFO - [2026-03-17T04:41:56.173+0000] {dagbag.py:538} INFO - Filling up the DagBag from /opt/airflow/dags/daily_revenue_etl_dag.py
[2026-03-17T04:41:56.202+0000] {processor.py:840} INFO - DAG(s) 'daily_revenue_etl_dag' retrieved from /opt/airflow/dags/daily_revenue_etl_dag.py
[2026-03-17T04:41:56.231+0000] {logging_mixin.py:188} INFO - [2026-03-17T04:41:56.231+0000] {dag.py:3036} INFO - Sync 1 DAGs
[2026-03-17T04:41:56.258+0000] {logging_mixin.py:188} INFO - [2026-03-17T04:41:56.258+0000] {dag.py:3823} INFO - Setting next_dagrun for daily_revenue_etl_dag to 2026-03-17 00:00:00+00:00, run_after=2026-03-18 00:00:00+00:00
[2026-03-17T04:41:56.283+0000] {processor.py:183} INFO - Processing /opt/airflow/dags/daily_revenue_etl_dag.py took 0.118 seconds
[2026-03-17T05:05:41.273+0000] {processor.py:161} INFO - Started process (PID=1489) to work on /opt/airflow/dags/daily_revenue_etl_dag.py
[2026-03-17T05:05:41.274+0000] {processor.py:830} INFO - Processing file /opt/airflow/dags/daily_revenue_etl_dag.py for tasks to queue
[2026-03-17T05:05:41.275+0000] {logging_mixin.py:188} INFO - [2026-03-17T05:05:41.274+0000] {dagbag.py:538} INFO - Filling up the DagBag from /opt/airflow/dags/daily_revenue_etl_dag.py
[2026-03-17T05:05:41.300+0000] {processor.py:840} INFO - DAG(s) 'daily_revenue_etl_dag' retrieved from /opt/airflow/dags/daily_revenue_etl_dag.py
[2026-03-17T05:05:41.344+0000] {logging_mixin.py:188} INFO - [2026-03-17T05:05:41.344+0000] {dag.py:3036} INFO - Sync 1 DAGs
[2026-03-17T05:05:41.373+0000] {logging_mixin.py:188} INFO - [2026-03-17T05:05:41.372+0000] {dag.py:3823} INFO - Setting next_dagrun for daily_revenue_etl_dag to 2026-03-17 00:00:00+00:00, run_after=2026-03-18 00:00:00+00:00
[2026-03-17T05:05:41.397+0000] {processor.py:183} INFO - Processing /opt/airflow/dags/daily_revenue_etl_dag.py took 0.128 seconds
[2026-03-17T05:06:11.474+0000] {processor.py:161} INFO - Started process (PID=1494) to work on /opt/airflow/dags/daily_revenue_etl_dag.py
[2026-03-17T05:06:11.475+0000] {processor.py:830} INFO - Processing file /opt/airflow/dags/daily_revenue_etl_dag.py for tasks to queue
[2026-03-17T05:06:11.476+0000] {logging_mixin.py:188} INFO - [2026-03-17T05:06:11.475+0000] {dagbag.py:538} INFO - Filling up the DagBag from /opt/airflow/dags/daily_revenue_etl_dag.py
[2026-03-17T05:06:11.499+0000] {processor.py:840} INFO - DAG(s) 'daily_revenue_etl_dag' retrieved from /opt/airflow/dags/daily_revenue_etl_dag.py
[2026-03-17T04:42:53.782+0000] {logging_mixin.py:188} INFO - [2026-03-17T04:42:53.782+0000] {dag.py:3036} INFO - Sync 1 DAGs
[2026-03-17T04:42:53.808+0000] {logging_mixin.py:188} INFO - [2026-03-17T04:42:53.808+0000] {dag.py:3823} INFO - Setting next_dagrun for daily_revenue_etl_dag to 2026-03-17 00:00:00+00:00, run_after=2026-03-18 00:00:00+00:00
[2026-03-17T04:42:53.832+0000] {processor.py:183} INFO - Processing /opt/airflow/dags/daily_revenue_etl_dag.py took 0.114 seconds
[2026-03-17T05:06:13.633+0000] {processor.py:161} INFO - Started process (PID=1499) to work on /opt/airflow/dags/daily_revenue_etl_dag.py
[2026-03-17T05:06:13.635+0000] {processor.py:830} INFO - Processing file /opt/airflow/dags/daily_revenue_etl_dag.py for tasks to queue
[2026-03-17T05:06:13.636+0000] {logging_mixin.py:188} INFO - [2026-03-17T05:06:13.636+0000] {dagbag.py:538} INFO - Filling up the DagBag from /opt/airflow/dags/daily_revenue_etl_dag.py
[2026-03-17T05:06:13.675+0000] {processor.py:840} INFO - DAG(s) 'daily_revenue_etl_dag' retrieved from /opt/airflow/dags/daily_revenue_etl_dag.py
[2026-03-17T05:06:13.716+0000] {logging_mixin.py:188} INFO - [2026-03-17T05:06:13.715+0000] {dag.py:3036} INFO - Sync 1 DAGs
[2026-03-17T05:06:13.743+0000] {logging_mixin.py:188} INFO - [2026-03-17T05:06:13.743+0000] {dag.py:3823} INFO - Setting next_dagrun for daily_revenue_etl_dag to 2026-03-17 00:00:00+00:00, run_after=2026-03-18 00:00:00+00:00
[2026-03-17T04:42:56.010+0000] {processor.py:183} INFO - Processing /opt/airflow/dags/daily_revenue_etl_dag.py took 0.134 seconds
[2026-03-17T05:06:18.684+0000] {processor.py:161} INFO - Started process (PID=1504) to work on /opt/airflow/dags/daily_revenue_etl_dag.py
[2026-03-17T05:06:18.686+0000] {processor.py:830} INFO - Processing file /opt/airflow/dags/daily_revenue_etl_dag.py for tasks to queue
[2026-03-17T05:06:18.687+0000] {logging_mixin.py:188} INFO - [2026-03-17T05:06:18.687+0000] {dagbag.py:538} INFO - Filling up the DagBag from /opt/airflow/dags/daily_revenue_etl_dag.py
[2026-03-17T05:06:18.711+0000] {processor.py:840} INFO - DAG(s) 'daily_revenue_etl_dag' retrieved from /opt/airflow/dags/daily_revenue_etl_dag.py
[2026-03-17T05:06:18.745+0000] {logging_mixin.py:188} INFO - [2026-03-17T05:06:18.744+0000] {dag.py:3036} INFO - Sync 1 DAGs
[2026-03-17T04:43:01.019+0000] {logging_mixin.py:188} INFO - [2026-03-17T04:43:01.019+0000] {dag.py:3823} INFO - Setting next_dagrun for daily_revenue_etl_dag to 2026-03-17 00:00:00+00:00, run_after=2026-03-18 00:00:00+00:00
[2026-03-17T04:43:01.038+0000] {processor.py:183} INFO - Processing /opt/airflow/dags/daily_revenue_etl_dag.py took 0.113 seconds
[2026-03-17T05:06:23.722+0000] {processor.py:161} INFO - Started process (PID=1509) to work on /opt/airflow/dags/daily_revenue_etl_dag.py
[2026-03-17T05:06:23.723+0000] {processor.py:830} INFO - Processing file /opt/airflow/dags/daily_revenue_etl_dag.py for tasks to queue
[2026-03-17T05:06:23.724+0000] {logging_mixin.py:188} INFO - [2026-03-17T05:06:23.724+0000] {dagbag.py:538} INFO - Filling up the DagBag from /opt/airflow/dags/daily_revenue_etl_dag.py
[2026-03-17T05:06:23.746+0000] {processor.py:840} INFO - DAG(s) 'daily_revenue_etl_dag' retrieved from /opt/airflow/dags/daily_revenue_etl_dag.py
[2026-03-17T05:06:23.776+0000] {logging_mixin.py:188} INFO - [2026-03-17T05:06:23.776+0000] {dag.py:3036} INFO - Sync 1 DAGs
[2026-03-17T04:43:06.049+0000] {logging_mixin.py:188} INFO - [2026-03-17T04:43:06.048+0000] {dag.py:3823} INFO - Setting next_dagrun for daily_revenue_etl_dag to 2026-03-17 00:00:00+00:00, run_after=2026-03-18 00:00:00+00:00
[2026-03-17T04:43:06.065+0000] {processor.py:183} INFO - Processing /opt/airflow/dags/daily_revenue_etl_dag.py took 0.097 seconds
[2026-03-17T05:06:28.796+0000] {processor.py:161} INFO - Started process (PID=1514) to work on /opt/airflow/dags/daily_revenue_etl_dag.py
[2026-03-17T05:06:28.799+0000] {processor.py:830} INFO - Processing file /opt/airflow/dags/daily_revenue_etl_dag.py for tasks to queue
[2026-03-17T05:06:28.801+0000] {logging_mixin.py:188} INFO - [2026-03-17T05:06:28.800+0000] {dagbag.py:538} INFO - Filling up the DagBag from /opt/airflow/dags/daily_revenue_etl_dag.py
[2026-03-17T05:06:28.836+0000] {processor.py:840} INFO - DAG(s) 'daily_revenue_etl_dag' retrieved from /opt/airflow/dags/daily_revenue_etl_dag.py
[2026-03-17T04:43:11.097+0000] {logging_mixin.py:188} INFO - [2026-03-17T04:43:11.097+0000] {dag.py:3036} INFO - Sync 1 DAGs
[2026-03-17T04:43:11.141+0000] {logging_mixin.py:188} INFO - [2026-03-17T04:43:11.140+0000] {dag.py:3823} INFO - Setting next_dagrun for daily_revenue_etl_dag to 2026-03-17 00:00:00+00:00, run_after=2026-03-18 00:00:00+00:00
[2026-03-17T04:43:11.175+0000] {processor.py:183} INFO - Processing /opt/airflow/dags/daily_revenue_etl_dag.py took 0.175 seconds
[2026-03-17T04:43:41.502+0000] {processor.py:161} INFO - Started process (PID=1519) to work on /opt/airflow/dags/daily_revenue_etl_dag.py
[2026-03-17T04:43:41.504+0000] {processor.py:830} INFO - Processing file /opt/airflow/dags/daily_revenue_etl_dag.py for tasks to queue
[2026-03-17T04:43:41.507+0000] {logging_mixin.py:188} INFO - [2026-03-17T04:43:41.506+0000] {dagbag.py:538} INFO - Filling up the DagBag from /opt/airflow/dags/daily_revenue_etl_dag.py
[2026-03-17T04:43:41.550+0000] {processor.py:840} INFO - DAG(s) 'daily_revenue_etl_dag' retrieved from /opt/airflow/dags/daily_revenue_etl_dag.py
[2026-03-17T04:43:41.598+0000] {logging_mixin.py:188} INFO - [2026-03-17T04:43:41.598+0000] {dag.py:3036} INFO - Sync 1 DAGs
[2026-03-17T04:43:41.630+0000] {logging_mixin.py:188} INFO - [2026-03-17T04:43:41.630+0000] {dag.py:3823} INFO - Setting next_dagrun for daily_revenue_etl_dag to 2026-03-17 00:00:00+00:00, run_after=2026-03-18 00:00:00+00:00
[2026-03-17T04:43:41.656+0000] {processor.py:183} INFO - Processing /opt/airflow/dags/daily_revenue_etl_dag.py took 0.160 seconds
[2026-03-17T05:07:11.421+0000] {processor.py:161} INFO - Started process (PID=1524) to work on /opt/airflow/dags/daily_revenue_etl_dag.py
[2026-03-17T05:07:11.424+0000] {processor.py:830} INFO - Processing file /opt/airflow/dags/daily_revenue_etl_dag.py for tasks to queue
[2026-03-17T05:07:11.425+0000] {logging_mixin.py:188} INFO - [2026-03-17T05:07:11.425+0000] {dagbag.py:538} INFO - Filling up the DagBag from /opt/airflow/dags/daily_revenue_etl_dag.py
[2026-03-17T05:07:11.464+0000] {processor.py:840} INFO - DAG(s) 'daily_revenue_etl_dag' retrieved from /opt/airflow/dags/daily_revenue_etl_dag.py
[2026-03-17T04:43:53.774+0000] {logging_mixin.py:188} INFO - [2026-03-17T04:43:53.774+0000] {dag.py:3036} INFO - Sync 1 DAGs
[2026-03-17T04:43:53.815+0000] {logging_mixin.py:188} INFO - [2026-03-17T04:43:53.815+0000] {dag.py:3823} INFO - Setting next_dagrun for daily_revenue_etl_dag to 2026-03-17 00:00:00+00:00, run_after=2026-03-18 00:00:00+00:00
[2026-03-17T04:43:53.866+0000] {processor.py:183} INFO - Processing /opt/airflow/dags/daily_revenue_etl_dag.py took 0.200 seconds
[2026-03-17T05:07:13.711+0000] {processor.py:161} INFO - Started process (PID=1529) to work on /opt/airflow/dags/daily_revenue_etl_dag.py
[2026-03-17T05:07:13.717+0000] {processor.py:830} INFO - Processing file /opt/airflow/dags/daily_revenue_etl_dag.py for tasks to queue
[2026-03-17T05:07:13.722+0000] {logging_mixin.py:188} INFO - [2026-03-17T05:07:13.722+0000] {dagbag.py:538} INFO - Filling up the DagBag from /opt/airflow/dags/daily_revenue_etl_dag.py
[2026-03-17T05:07:13.763+0000] {processor.py:840} INFO - DAG(s) 'daily_revenue_etl_dag' retrieved from /opt/airflow/dags/daily_revenue_etl_dag.py
[2026-03-17T05:07:13.804+0000] {logging_mixin.py:188} INFO - [2026-03-17T05:07:13.804+0000] {dag.py:3036} INFO - Sync 1 DAGs
[2026-03-17T05:07:13.835+0000] {logging_mixin.py:188} INFO - [2026-03-17T05:07:13.834+0000] {dag.py:3823} INFO - Setting next_dagrun for daily_revenue_etl_dag to 2026-03-17 00:00:00+00:00, run_after=2026-03-18 00:00:00+00:00
[2026-03-17T04:43:56.104+0000] {processor.py:183} INFO - Processing /opt/airflow/dags/daily_revenue_etl_dag.py took 0.152 seconds
[2026-03-17T05:07:18.727+0000] {processor.py:161} INFO - Started process (PID=1534) to work on /opt/airflow/dags/daily_revenue_etl_dag.py
[2026-03-17T05:07:18.728+0000] {processor.py:830} INFO - Processing file /opt/airflow/dags/daily_revenue_etl_dag.py for tasks to queue
[2026-03-17T05:07:18.730+0000] {logging_mixin.py:188} INFO - [2026-03-17T05:07:18.729+0000] {dagbag.py:538} INFO - Filling up the DagBag from /opt/airflow/dags/daily_revenue_etl_dag.py
[2026-03-17T05:07:18.748+0000] {processor.py:840} INFO - DAG(s) 'daily_revenue_etl_dag' retrieved from /opt/airflow/dags/daily_revenue_etl_dag.py
[2026-03-17T05:07:18.773+0000] {logging_mixin.py:188} INFO - [2026-03-17T05:07:18.772+0000] {dag.py:3036} INFO - Sync 1 DAGs
[2026-03-17T05:07:18.793+0000] {logging_mixin.py:188} INFO - [2026-03-17T05:07:18.793+0000] {dag.py:3823} INFO - Setting next_dagrun for daily_revenue_etl_dag to 2026-03-17 00:00:00+00:00, run_after=2026-03-18 00:00:00+00:00
[2026-03-17T05:07:18.813+0000] {processor.py:183} INFO - Processing /opt/airflow/dags/daily_revenue_etl_dag.py took 0.089 seconds
[2026-03-17T05:07:48.964+0000] {processor.py:161} INFO - Started process (PID=1539) to work on /opt/airflow/dags/daily_revenue_etl_dag.py
[2026-03-17T04:44:31.180+0000] {processor.py:830} INFO - Processing file /opt/airflow/dags/daily_revenue_etl_dag.py for tasks to queue
[2026-03-17T04:44:31.181+0000] {logging_mixin.py:188} INFO - [2026-03-17T04:44:31.181+0000] {dagbag.py:538} INFO - Filling up the DagBag from /opt/airflow/dags/daily_revenue_etl_dag.py
[2026-03-17T04:44:31.212+0000] {processor.py:840} INFO - DAG(s) 'daily_revenue_etl_dag' retrieved from /opt/airflow/dags/daily_revenue_etl_dag.py
[2026-03-17T04:44:31.241+0000] {logging_mixin.py:188} INFO - [2026-03-17T04:44:31.241+0000] {dag.py:3036} INFO - Sync 1 DAGs
[2026-03-17T04:44:31.267+0000] {logging_mixin.py:188} INFO - [2026-03-17T04:44:31.266+0000] {dag.py:3823} INFO - Setting next_dagrun for daily_revenue_etl_dag to 2026-03-17 00:00:00+00:00, run_after=2026-03-18 00:00:00+00:00
[2026-03-17T04:44:31.290+0000] {processor.py:183} INFO - Processing /opt/airflow/dags/daily_revenue_etl_dag.py took 0.117 seconds
[2026-03-17T04:45:01.537+0000] {processor.py:161} INFO - Started process (PID=1544) to work on /opt/airflow/dags/daily_revenue_etl_dag.py
[2026-03-17T04:45:01.539+0000] {processor.py:830} INFO - Processing file /opt/airflow/dags/daily_revenue_etl_dag.py for tasks to queue
[2026-03-17T04:45:01.540+0000] {logging_mixin.py:188} INFO - [2026-03-17T04:45:01.540+0000] {dagbag.py:538} INFO - Filling up the DagBag from /opt/airflow/dags/daily_revenue_etl_dag.py
[2026-03-17T04:45:01.582+0000] {processor.py:840} INFO - DAG(s) 'daily_revenue_etl_dag' retrieved from /opt/airflow/dags/daily_revenue_etl_dag.py
[2026-03-17T04:45:01.623+0000] {logging_mixin.py:188} INFO - [2026-03-17T04:45:01.622+0000] {dag.py:3036} INFO - Sync 1 DAGs
[2026-03-17T04:45:01.648+0000] {logging_mixin.py:188} INFO - [2026-03-17T04:45:01.648+0000] {dag.py:3823} INFO - Setting next_dagrun for daily_revenue_etl_dag to 2026-03-17 00:00:00+00:00, run_after=2026-03-18 00:00:00+00:00
[2026-03-17T04:45:01.675+0000] {processor.py:183} INFO - Processing /opt/airflow/dags/daily_revenue_etl_dag.py took 0.142 seconds
[2026-03-17T04:45:23.826+0000] {processor.py:161} INFO - Started process (PID=1549) to work on /opt/airflow/dags/daily_revenue_etl_dag.py
[2026-03-17T04:45:23.831+0000] {processor.py:830} INFO - Processing file /opt/airflow/dags/daily_revenue_etl_dag.py for tasks to queue
[2026-03-17T04:45:23.835+0000] {logging_mixin.py:188} INFO - [2026-03-17T04:45:23.834+0000] {dagbag.py:538} INFO - Filling up the DagBag from /opt/airflow/dags/daily_revenue_etl_dag.py
[2026-03-17T04:45:23.878+0000] {processor.py:840} INFO - DAG(s) 'daily_revenue_etl_dag' retrieved from /opt/airflow/dags/daily_revenue_etl_dag.py
[2026-03-17T04:45:23.943+0000] {logging_mixin.py:188} INFO - [2026-03-17T04:45:23.941+0000] {dag.py:3036} INFO - Sync 1 DAGs
[2026-03-17T04:45:23.998+0000] {logging_mixin.py:188} INFO - [2026-03-17T04:45:23.997+0000] {dag.py:3823} INFO - Setting next_dagrun for daily_revenue_etl_dag to 2026-03-17 00:00:00+00:00, run_after=2026-03-18 00:00:00+00:00
[2026-03-17T04:45:24.057+0000] {processor.py:183} INFO - Processing /opt/airflow/dags/daily_revenue_etl_dag.py took 0.244 seconds
[2026-03-17T04:45:26.226+0000] {processor.py:161} INFO - Started process (PID=1554) to work on /opt/airflow/dags/daily_revenue_etl_dag.py
[2026-03-17T04:45:26.230+0000] {processor.py:830} INFO - Processing file /opt/airflow/dags/daily_revenue_etl_dag.py for tasks to queue
[2026-03-17T04:45:26.235+0000] {logging_mixin.py:188} INFO - [2026-03-17T04:45:26.234+0000] {dagbag.py:538} INFO - Filling up the DagBag from /opt/airflow/dags/daily_revenue_etl_dag.py
[2026-03-17T04:45:26.291+0000] {processor.py:840} INFO - DAG(s) 'daily_revenue_etl_dag' retrieved from /opt/airflow/dags/daily_revenue_etl_dag.py
[2026-03-17T04:45:26.381+0000] {logging_mixin.py:188} INFO - [2026-03-17T04:45:26.379+0000] {dag.py:3036} INFO - Sync 1 DAGs
[2026-03-17T04:45:26.443+0000] {logging_mixin.py:188} INFO - [2026-03-17T04:45:26.443+0000] {dag.py:3823} INFO - Setting next_dagrun for daily_revenue_etl_dag to 2026-03-17 00:00:00+00:00, run_after=2026-03-18 00:00:00+00:00
[2026-03-17T04:45:26.485+0000] {processor.py:183} INFO - Processing /opt/airflow/dags/daily_revenue_etl_dag.py took 0.272 seconds
[2026-03-17T04:45:31.252+0000] {processor.py:161} INFO - Started process (PID=1559) to work on /opt/airflow/dags/daily_revenue_etl_dag.py
[2026-03-17T04:45:31.254+0000] {processor.py:830} INFO - Processing file /opt/airflow/dags/daily_revenue_etl_dag.py for tasks to queue
[2026-03-17T04:45:31.256+0000] {logging_mixin.py:188} INFO - [2026-03-17T04:45:31.256+0000] {dagbag.py:538} INFO - Filling up the DagBag from /opt/airflow/dags/daily_revenue_etl_dag.py
[2026-03-17T04:45:31.286+0000] {processor.py:840} INFO - DAG(s) 'daily_revenue_etl_dag' retrieved from /opt/airflow/dags/daily_revenue_etl_dag.py
[2026-03-17T04:45:31.325+0000] {logging_mixin.py:188} INFO - [2026-03-17T04:45:31.324+0000] {dag.py:3036} INFO - Sync 1 DAGs
[2026-03-17T04:45:31.362+0000] {logging_mixin.py:188} INFO - [2026-03-17T04:45:31.362+0000] {dag.py:3823} INFO - Setting next_dagrun for daily_revenue_etl_dag to 2026-03-17 00:00:00+00:00, run_after=2026-03-18 00:00:00+00:00
[2026-03-17T04:45:31.393+0000] {processor.py:183} INFO - Processing /opt/airflow/dags/daily_revenue_etl_dag.py took 0.147 seconds
[2026-03-17T05:09:11.394+0000] {processor.py:161} INFO - Started process (PID=1565) to work on /opt/airflow/dags/daily_revenue_etl_dag.py
[2026-03-17T05:09:11.397+0000] {processor.py:830} INFO - Processing file /opt/airflow/dags/daily_revenue_etl_dag.py for tasks to queue
[2026-03-17T05:09:11.399+0000] {logging_mixin.py:188} INFO - [2026-03-17T05:09:11.399+0000] {dagbag.py:538} INFO - Filling up the DagBag from /opt/airflow/dags/daily_revenue_etl_dag.py
[2026-03-17T05:09:11.460+0000] {processor.py:840} INFO - DAG(s) 'daily_revenue_etl_dag' retrieved from /opt/airflow/dags/daily_revenue_etl_dag.py
[2026-03-17T05:09:11.513+0000] {logging_mixin.py:188} INFO - [2026-03-17T05:09:11.512+0000] {dag.py:3036} INFO - Sync 1 DAGs
[2026-03-17T04:45:53.805+0000] {logging_mixin.py:188} INFO - [2026-03-17T04:45:53.804+0000] {dag.py:3823} INFO - Setting next_dagrun for daily_revenue_etl_dag to 2026-03-17 00:00:00+00:00, run_after=2026-03-18 00:00:00+00:00
[2026-03-17T04:45:53.837+0000] {processor.py:183} INFO - Processing /opt/airflow/dags/daily_revenue_etl_dag.py took 0.198 seconds
[2026-03-17T05:09:38.825+0000] {processor.py:161} INFO - Started process (PID=1570) to work on /opt/airflow/dags/daily_revenue_etl_dag.py
[2026-03-17T05:09:38.829+0000] {processor.py:830} INFO - Processing file /opt/airflow/dags/daily_revenue_etl_dag.py for tasks to queue
[2026-03-17T05:09:38.831+0000] {logging_mixin.py:188} INFO - [2026-03-17T05:09:38.831+0000] {dagbag.py:538} INFO - Filling up the DagBag from /opt/airflow/dags/daily_revenue_etl_dag.py
[2026-03-17T05:09:38.878+0000] {processor.py:840} INFO - DAG(s) 'daily_revenue_etl_dag' retrieved from /opt/airflow/dags/daily_revenue_etl_dag.py
[2026-03-17T05:09:38.955+0000] {logging_mixin.py:188} INFO - [2026-03-17T05:09:38.953+0000] {dag.py:3036} INFO - Sync 1 DAGs
[2026-03-17T05:09:39.015+0000] {logging_mixin.py:188} INFO - [2026-03-17T05:09:39.014+0000] {dag.py:3823} INFO - Setting next_dagrun for daily_revenue_etl_dag to 2026-03-17 00:00:00+00:00, run_after=2026-03-18 00:00:00+00:00
[2026-03-17T05:09:39.061+0000] {processor.py:183} INFO - Processing /opt/airflow/dags/daily_revenue_etl_dag.py took 0.243 seconds
[2026-03-17T05:10:11.322+0000] {processor.py:161} INFO - Started process (PID=1575) to work on /opt/airflow/dags/daily_revenue_etl_dag.py
[2026-03-17T05:10:11.323+0000] {processor.py:830} INFO - Processing file /opt/airflow/dags/daily_revenue_etl_dag.py for tasks to queue
[2026-03-17T05:10:11.325+0000] {logging_mixin.py:188} INFO - [2026-03-17T05:10:11.324+0000] {dagbag.py:538} INFO - Filling up the DagBag from /opt/airflow/dags/daily_revenue_etl_dag.py
[2026-03-17T05:10:11.344+0000] {processor.py:840} INFO - DAG(s) 'daily_revenue_etl_dag' retrieved from /opt/airflow/dags/daily_revenue_etl_dag.py
[2026-03-17T05:10:11.375+0000] {logging_mixin.py:188} INFO - [2026-03-17T05:10:11.375+0000] {dag.py:3036} INFO - Sync 1 DAGs
[2026-03-17T05:10:11.397+0000] {logging_mixin.py:188} INFO - [2026-03-17T05:10:11.397+0000] {dag.py:3823} INFO - Setting next_dagrun for daily_revenue_etl_dag to 2026-03-17 00:00:00+00:00, run_after=2026-03-18 00:00:00+00:00
[2026-03-17T05:10:11.419+0000] {processor.py:183} INFO - Processing /opt/airflow/dags/daily_revenue_etl_dag.py took 0.102 seconds
[2026-03-17T05:10:41.568+0000] {processor.py:161} INFO - Started process (PID=1580) to work on /opt/airflow/dags/daily_revenue_etl_dag.py
[2026-03-17T05:10:41.570+0000] {processor.py:830} INFO - Processing file /opt/airflow/dags/daily_revenue_etl_dag.py for tasks to queue
[2026-03-17T05:10:41.571+0000] {logging_mixin.py:188} INFO - [2026-03-17T05:10:41.571+0000] {dagbag.py:538} INFO - Filling up the DagBag from /opt/airflow/dags/daily_revenue_etl_dag.py
[2026-03-17T04:47:23.829+0000] {processor.py:840} INFO - DAG(s) 'daily_revenue_etl_dag' retrieved from /opt/airflow/dags/daily_revenue_etl_dag.py
[2026-03-17T04:47:23.858+0000] {logging_mixin.py:188} INFO - [2026-03-17T04:47:23.858+0000] {dag.py:3036} INFO - Sync 1 DAGs
[2026-03-17T04:47:23.883+0000] {logging_mixin.py:188} INFO - [2026-03-17T04:47:23.883+0000] {dag.py:3823} INFO - Setting next_dagrun for daily_revenue_etl_dag to 2026-03-17 00:00:00+00:00, run_after=2026-03-18 00:00:00+00:00
[2026-03-17T04:47:23.905+0000] {processor.py:183} INFO - Processing /opt/airflow/dags/daily_revenue_etl_dag.py took 0.110 seconds
[2026-03-17T04:47:54.120+0000] {processor.py:161} INFO - Started process (PID=1586) to work on /opt/airflow/dags/daily_revenue_etl_dag.py
[2026-03-17T04:47:54.121+0000] {processor.py:830} INFO - Processing file /opt/airflow/dags/daily_revenue_etl_dag.py for tasks to queue
[2026-03-17T04:47:54.122+0000] {logging_mixin.py:188} INFO - [2026-03-17T04:47:54.121+0000] {dagbag.py:538} INFO - Filling up the DagBag from /opt/airflow/dags/daily_revenue_etl_dag.py
[2026-03-17T04:47:54.143+0000] {processor.py:840} INFO - DAG(s) 'daily_revenue_etl_dag' retrieved from /opt/airflow/dags/daily_revenue_etl_dag.py
[2026-03-17T04:47:54.175+0000] {logging_mixin.py:188} INFO - [2026-03-17T04:47:54.174+0000] {dag.py:3036} INFO - Sync 1 DAGs
[2026-03-17T04:47:54.205+0000] {logging_mixin.py:188} INFO - [2026-03-17T04:47:54.204+0000] {dag.py:3823} INFO - Setting next_dagrun for daily_revenue_etl_dag to 2026-03-17 00:00:00+00:00, run_after=2026-03-18 00:00:00+00:00
[2026-03-17T04:47:54.227+0000] {processor.py:183} INFO - Processing /opt/airflow/dags/daily_revenue_etl_dag.py took 0.110 seconds
[2026-03-17T05:11:14.057+0000] {processor.py:161} INFO - Started process (PID=1591) to work on /opt/airflow/dags/daily_revenue_etl_dag.py
[2026-03-17T05:11:14.058+0000] {processor.py:830} INFO - Processing file /opt/airflow/dags/daily_revenue_etl_dag.py for tasks to queue
[2026-03-17T05:11:14.060+0000] {logging_mixin.py:188} INFO - [2026-03-17T05:11:14.060+0000] {dagbag.py:538} INFO - Filling up the DagBag from /opt/airflow/dags/daily_revenue_etl_dag.py
[2026-03-17T05:11:14.085+0000] {processor.py:840} INFO - DAG(s) 'daily_revenue_etl_dag' retrieved from /opt/airflow/dags/daily_revenue_etl_dag.py
[2026-03-17T05:11:14.116+0000] {logging_mixin.py:188} INFO - [2026-03-17T05:11:14.116+0000] {dag.py:3036} INFO - Sync 1 DAGs
[2026-03-17T05:11:14.141+0000] {logging_mixin.py:188} INFO - [2026-03-17T05:11:14.141+0000] {dag.py:3823} INFO - Setting next_dagrun for daily_revenue_etl_dag to 2026-03-17 00:00:00+00:00, run_after=2026-03-18 00:00:00+00:00
[2026-03-17T05:11:14.159+0000] {processor.py:183} INFO - Processing /opt/airflow/dags/daily_revenue_etl_dag.py took 0.106 seconds
[2026-03-17T04:48:26.528+0000] {processor.py:161} INFO - Started process (PID=1596) to work on /opt/airflow/dags/daily_revenue_etl_dag.py
[2026-03-17T04:48:26.530+0000] {processor.py:830} INFO - Processing file /opt/airflow/dags/daily_revenue_etl_dag.py for tasks to queue
[2026-03-17T04:48:26.531+0000] {logging_mixin.py:188} INFO - [2026-03-17T04:48:26.531+0000] {dagbag.py:538} INFO - Filling up the DagBag from /opt/airflow/dags/daily_revenue_etl_dag.py
[2026-03-17T04:48:26.562+0000] {processor.py:840} INFO - DAG(s) 'daily_revenue_etl_dag' retrieved from /opt/airflow/dags/daily_revenue_etl_dag.py
[2026-03-17T04:48:26.601+0000] {logging_mixin.py:188} INFO - [2026-03-17T04:48:26.601+0000] {dag.py:3036} INFO - Sync 1 DAGs
[2026-03-17T04:48:26.631+0000] {logging_mixin.py:188} INFO - [2026-03-17T04:48:26.630+0000] {dag.py:3823} INFO - Setting next_dagrun for daily_revenue_etl_dag to 2026-03-17 00:00:00+00:00, run_after=2026-03-18 00:00:00+00:00
[2026-03-17T04:48:26.654+0000] {processor.py:183} INFO - Processing /opt/airflow/dags/daily_revenue_etl_dag.py took 0.133 seconds
[2026-03-17T04:48:53.908+0000] {processor.py:161} INFO - Started process (PID=1601) to work on /opt/airflow/dags/daily_revenue_etl_dag.py
[2026-03-17T04:48:53.915+0000] {processor.py:830} INFO - Processing file /opt/airflow/dags/daily_revenue_etl_dag.py for tasks to queue
[2026-03-17T04:48:53.923+0000] {logging_mixin.py:188} INFO - [2026-03-17T04:48:53.920+0000] {dagbag.py:538} INFO - Filling up the DagBag from /opt/airflow/dags/daily_revenue_etl_dag.py
[2026-03-17T04:48:53.995+0000] {processor.py:840} INFO - DAG(s) 'daily_revenue_etl_dag' retrieved from /opt/airflow/dags/daily_revenue_etl_dag.py
[2026-03-17T04:48:54.111+0000] {logging_mixin.py:188} INFO - [2026-03-17T04:48:54.109+0000] {dag.py:3036} INFO - Sync 1 DAGs
[2026-03-17T04:48:54.195+0000] {logging_mixin.py:188} INFO - [2026-03-17T04:48:54.194+0000] {dag.py:3823} INFO - Setting next_dagrun for daily_revenue_etl_dag to 2026-03-17 00:00:00+00:00, run_after=2026-03-18 00:00:00+00:00
[2026-03-17T04:48:54.326+0000] {processor.py:183} INFO - Processing /opt/airflow/dags/daily_revenue_etl_dag.py took 0.432 seconds
[2026-03-17T05:12:14.221+0000] {processor.py:161} INFO - Started process (PID=1606) to work on /opt/airflow/dags/daily_revenue_etl_dag.py
[2026-03-17T05:12:14.223+0000] {processor.py:830} INFO - Processing file /opt/airflow/dags/daily_revenue_etl_dag.py for tasks to queue
[2026-03-17T05:12:14.224+0000] {logging_mixin.py:188} INFO - [2026-03-17T05:12:14.223+0000] {dagbag.py:538} INFO - Filling up the DagBag from /opt/airflow/dags/daily_revenue_etl_dag.py
[2026-03-17T05:12:14.243+0000] {processor.py:840} INFO - DAG(s) 'daily_revenue_etl_dag' retrieved from /opt/airflow/dags/daily_revenue_etl_dag.py
[2026-03-17T05:12:14.274+0000] {logging_mixin.py:188} INFO - [2026-03-17T05:12:14.274+0000] {dag.py:3036} INFO - Sync 1 DAGs
[2026-03-17T04:48:56.553+0000] {logging_mixin.py:188} INFO - [2026-03-17T05:12:14.298+0000] {dag.py:3823} INFO - Setting next_dagrun for daily_revenue_etl_dag to 2026-03-17 00:00:00+00:00, run_after=2026-03-18 00:00:00+00:00
[2026-03-17T04:48:56.578+0000] {processor.py:183} INFO - Processing /opt/airflow/dags/daily_revenue_etl_dag.py took 0.105 seconds
[2026-03-17T05:12:19.276+0000] {processor.py:161} INFO - Started process (PID=1611) to work on /opt/airflow/dags/daily_revenue_etl_dag.py
[2026-03-17T05:12:19.279+0000] {processor.py:830} INFO - Processing file /opt/airflow/dags/daily_revenue_etl_dag.py for tasks to queue
[2026-03-17T05:12:19.280+0000] {logging_mixin.py:188} INFO - [2026-03-17T05:12:19.280+0000] {dagbag.py:538} INFO - Filling up the DagBag from /opt/airflow/dags/daily_revenue_etl_dag.py
[2026-03-17T05:12:19.311+0000] {processor.py:840} INFO - DAG(s) 'daily_revenue_etl_dag' retrieved from /opt/airflow/dags/daily_revenue_etl_dag.py
[2026-03-17T04:49:01.613+0000] {logging_mixin.py:188} INFO - [2026-03-17T04:49:01.612+0000] {dag.py:3036} INFO - Sync 1 DAGs
[2026-03-17T04:49:01.642+0000] {logging_mixin.py:188} INFO - [2026-03-17T04:49:01.641+0000] {dag.py:3823} INFO - Setting next_dagrun for daily_revenue_etl_dag to 2026-03-17 00:00:00+00:00, run_after=2026-03-18 00:00:00+00:00
[2026-03-17T04:49:01.667+0000] {processor.py:183} INFO - Processing /opt/airflow/dags/daily_revenue_etl_dag.py took 0.141 seconds
[2026-03-17T04:49:23.838+0000] {processor.py:161} INFO - Started process (PID=1616) to work on /opt/airflow/dags/daily_revenue_etl_dag.py
[2026-03-17T04:49:23.840+0000] {processor.py:830} INFO - Processing file /opt/airflow/dags/daily_revenue_etl_dag.py for tasks to queue
[2026-03-17T04:49:23.841+0000] {logging_mixin.py:188} INFO - [2026-03-17T04:49:23.841+0000] {dagbag.py:538} INFO - Filling up the DagBag from /opt/airflow/dags/daily_revenue_etl_dag.py
[2026-03-17T04:49:23.869+0000] {processor.py:840} INFO - DAG(s) 'daily_revenue_etl_dag' retrieved from /opt/airflow/dags/daily_revenue_etl_dag.py
[2026-03-17T04:49:23.900+0000] {logging_mixin.py:188} INFO - [2026-03-17T04:49:23.900+0000] {dag.py:3036} INFO - Sync 1 DAGs
[2026-03-17T04:49:23.927+0000] {logging_mixin.py:188} INFO - [2026-03-17T04:49:23.927+0000] {dag.py:3823} INFO - Setting next_dagrun for daily_revenue_etl_dag to 2026-03-17 00:00:00+00:00, run_after=2026-03-18 00:00:00+00:00
[2026-03-17T04:49:23.946+0000] {processor.py:183} INFO - Processing /opt/airflow/dags/daily_revenue_etl_dag.py took 0.113 seconds
[2026-03-17T04:49:54.101+0000] {processor.py:161} INFO - Started process (PID=1621) to work on /opt/airflow/dags/daily_revenue_etl_dag.py
[2026-03-17T04:49:54.103+0000] {processor.py:830} INFO - Processing file /opt/airflow/dags/daily_revenue_etl_dag.py for tasks to queue
[2026-03-17T04:49:54.105+0000] {logging_mixin.py:188} INFO - [2026-03-17T04:49:54.104+0000] {dagbag.py:538} INFO - Filling up the DagBag from /opt/airflow/dags/daily_revenue_etl_dag.py
[2026-03-17T04:49:54.135+0000] {processor.py:840} INFO - DAG(s) 'daily_revenue_etl_dag' retrieved from /opt/airflow/dags/daily_revenue_etl_dag.py
[2026-03-17T04:49:54.181+0000] {logging_mixin.py:188} INFO - [2026-03-17T04:49:54.180+0000] {dag.py:3036} INFO - Sync 1 DAGs
[2026-03-17T04:49:54.213+0000] {logging_mixin.py:188} INFO - [2026-03-17T04:49:54.212+0000] {dag.py:3823} INFO - Setting next_dagrun for daily_revenue_etl_dag to 2026-03-17 00:00:00+00:00, run_after=2026-03-18 00:00:00+00:00
[2026-03-17T04:49:54.239+0000] {processor.py:183} INFO - Processing /opt/airflow/dags/daily_revenue_etl_dag.py took 0.144 seconds
[2026-03-17T04:50:24.443+0000] {processor.py:161} INFO - Started process (PID=1626) to work on /opt/airflow/dags/daily_revenue_etl_dag.py
[2026-03-17T04:50:24.445+0000] {processor.py:830} INFO - Processing file /opt/airflow/dags/daily_revenue_etl_dag.py for tasks to queue
[2026-03-17T04:50:24.446+0000] {logging_mixin.py:188} INFO - [2026-03-17T04:50:24.446+0000] {dagbag.py:538} INFO - Filling up the DagBag from /opt/airflow/dags/daily_revenue_etl_dag.py
[2026-03-17T04:50:24.483+0000] {processor.py:840} INFO - DAG(s) 'daily_revenue_etl_dag' retrieved from /opt/airflow/dags/daily_revenue_etl_dag.py
[2026-03-17T04:50:24.539+0000] {logging_mixin.py:188} INFO - [2026-03-17T04:50:24.538+0000] {dag.py:3036} INFO - Sync 1 DAGs
[2026-03-17T04:50:24.584+0000] {logging_mixin.py:188} INFO - [2026-03-17T04:50:24.584+0000] {dag.py:3823} INFO - Setting next_dagrun for daily_revenue_etl_dag to 2026-03-17 00:00:00+00:00, run_after=2026-03-18 00:00:00+00:00
[2026-03-17T04:50:24.632+0000] {processor.py:183} INFO - Processing /opt/airflow/dags/daily_revenue_etl_dag.py took 0.193 seconds
[2026-03-17T04:50:26.739+0000] {processor.py:161} INFO - Started process (PID=1631) to work on /opt/airflow/dags/daily_revenue_etl_dag.py
[2026-03-17T04:50:26.740+0000] {processor.py:830} INFO - Processing file /opt/airflow/dags/daily_revenue_etl_dag.py for tasks to queue
[2026-03-17T04:50:26.742+0000] {logging_mixin.py:188} INFO - [2026-03-17T04:50:26.741+0000] {dagbag.py:538} INFO - Filling up the DagBag from /opt/airflow/dags/daily_revenue_etl_dag.py
[2026-03-17T04:50:26.769+0000] {processor.py:840} INFO - DAG(s) 'daily_revenue_etl_dag' retrieved from /opt/airflow/dags/daily_revenue_etl_dag.py
[2026-03-17T04:50:26.795+0000] {logging_mixin.py:188} INFO - [2026-03-17T04:50:26.795+0000] {dag.py:3036} INFO - Sync 1 DAGs
[2026-03-17T04:50:26.814+0000] {logging_mixin.py:188} INFO - [2026-03-17T04:50:26.814+0000] {dag.py:3823} INFO - Setting next_dagrun for daily_revenue_etl_dag to 2026-03-17 00:00:00+00:00, run_after=2026-03-18 00:00:00+00:00
[2026-03-17T04:50:26.832+0000] {processor.py:183} INFO - Processing /opt/airflow/dags/daily_revenue_etl_dag.py took 0.098 seconds
[2026-03-17T04:50:56.945+0000] {processor.py:161} INFO - Started process (PID=1637) to work on /opt/airflow/dags/daily_revenue_etl_dag.py
[2026-03-17T04:50:56.947+0000] {processor.py:830} INFO - Processing file /opt/airflow/dags/daily_revenue_etl_dag.py for tasks to queue
[2026-03-17T04:50:56.948+0000] {logging_mixin.py:188} INFO - [2026-03-17T04:50:56.947+0000] {dagbag.py:538} INFO - Filling up the DagBag from /opt/airflow/dags/daily_revenue_etl_dag.py
[2026-03-17T04:50:56.969+0000] {processor.py:840} INFO - DAG(s) 'daily_revenue_etl_dag' retrieved from /opt/airflow/dags/daily_revenue_etl_dag.py
[2026-03-17T04:50:56.994+0000] {logging_mixin.py:188} INFO - [2026-03-17T04:50:56.993+0000] {dag.py:3036} INFO - Sync 1 DAGs
[2026-03-17T04:50:57.013+0000] {logging_mixin.py:188} INFO - [2026-03-17T04:50:57.013+0000] {dag.py:3823} INFO - Setting next_dagrun for daily_revenue_etl_dag to 2026-03-17 00:00:00+00:00, run_after=2026-03-18 00:00:00+00:00
[2026-03-17T04:50:57.029+0000] {processor.py:183} INFO - Processing /opt/airflow/dags/daily_revenue_etl_dag.py took 0.088 seconds
[2026-03-17T04:51:27.210+0000] {processor.py:161} INFO - Started process (PID=1642) to work on /opt/airflow/dags/daily_revenue_etl_dag.py
[2026-03-17T04:51:27.211+0000] {processor.py:830} INFO - Processing file /opt/airflow/dags/daily_revenue_etl_dag.py for tasks to queue
[2026-03-17T04:51:27.212+0000] {logging_mixin.py:188} INFO - [2026-03-17T04:51:27.211+0000] {dagbag.py:538} INFO - Filling up the DagBag from /opt/airflow/dags/daily_revenue_etl_dag.py
[2026-03-17T04:51:27.235+0000] {processor.py:840} INFO - DAG(s) 'daily_revenue_etl_dag' retrieved from /opt/airflow/dags/daily_revenue_etl_dag.py
[2026-03-17T04:51:27.262+0000] {logging_mixin.py:188} INFO - [2026-03-17T04:51:27.262+0000] {dag.py:3036} INFO - Sync 1 DAGs
[2026-03-17T04:51:27.286+0000] {logging_mixin.py:188} INFO - [2026-03-17T04:51:27.286+0000] {dag.py:3823} INFO - Setting next_dagrun for daily_revenue_etl_dag to 2026-03-17 00:00:00+00:00, run_after=2026-03-18 00:00:00+00:00
[2026-03-17T04:51:27.308+0000] {processor.py:183} INFO - Processing /opt/airflow/dags/daily_revenue_etl_dag.py took 0.101 seconds
[2026-03-17T04:51:57.393+0000] {processor.py:161} INFO - Started process (PID=1647) to work on /opt/airflow/dags/daily_revenue_etl_dag.py
[2026-03-17T04:51:57.394+0000] {processor.py:830} INFO - Processing file /opt/airflow/dags/daily_revenue_etl_dag.py for tasks to queue
[2026-03-17T04:51:57.395+0000] {logging_mixin.py:188} INFO - [2026-03-17T04:51:57.395+0000] {dagbag.py:538} INFO - Filling up the DagBag from /opt/airflow/dags/daily_revenue_etl_dag.py
[2026-03-17T04:51:57.417+0000] {processor.py:840} INFO - DAG(s) 'daily_revenue_etl_dag' retrieved from /opt/airflow/dags/daily_revenue_etl_dag.py
[2026-03-17T04:51:57.448+0000] {logging_mixin.py:188} INFO - [2026-03-17T04:51:57.448+0000] {dag.py:3036} INFO - Sync 1 DAGs
[2026-03-17T04:51:57.471+0000] {logging_mixin.py:188} INFO - [2026-03-17T04:51:57.470+0000] {dag.py:3823} INFO - Setting next_dagrun for daily_revenue_etl_dag to 2026-03-17 00:00:00+00:00, run_after=2026-03-18 00:00:00+00:00
[2026-03-17T04:51:57.504+0000] {processor.py:183} INFO - Processing /opt/airflow/dags/daily_revenue_etl_dag.py took 0.114 seconds
[2026-03-17T05:15:29.402+0000] {processor.py:161} INFO - Started process (PID=1652) to work on /opt/airflow/dags/daily_revenue_etl_dag.py
[2026-03-17T05:15:29.405+0000] {processor.py:830} INFO - Processing file /opt/airflow/dags/daily_revenue_etl_dag.py for tasks to queue
[2026-03-17T05:15:29.407+0000] {logging_mixin.py:188} INFO - [2026-03-17T05:15:29.406+0000] {dagbag.py:538} INFO - Filling up the DagBag from /opt/airflow/dags/daily_revenue_etl_dag.py
[2026-03-17T05:15:29.440+0000] {processor.py:840} INFO - DAG(s) 'daily_revenue_etl_dag' retrieved from /opt/airflow/dags/daily_revenue_etl_dag.py
[2026-03-17T05:15:29.478+0000] {logging_mixin.py:188} INFO - [2026-03-17T05:15:29.478+0000] {dag.py:3036} INFO - Sync 1 DAGs
[2026-03-17T05:15:29.510+0000] {logging_mixin.py:188} INFO - [2026-03-17T05:15:29.509+0000] {dag.py:3823} INFO - Setting next_dagrun for daily_revenue_etl_dag to 2026-03-17 00:00:00+00:00, run_after=2026-03-18 00:00:00+00:00
[2026-03-17T05:15:29.532+0000] {processor.py:183} INFO - Processing /opt/airflow/dags/daily_revenue_etl_dag.py took 0.136 seconds
[2026-03-17T05:15:59.624+0000] {processor.py:161} INFO - Started process (PID=1657) to work on /opt/airflow/dags/daily_revenue_etl_dag.py
[2026-03-17T05:15:59.626+0000] {processor.py:830} INFO - Processing file /opt/airflow/dags/daily_revenue_etl_dag.py for tasks to queue
[2026-03-17T05:15:59.627+0000] {logging_mixin.py:188} INFO - [2026-03-17T05:15:59.627+0000] {dagbag.py:538} INFO - Filling up the DagBag from /opt/airflow/dags/daily_revenue_etl_dag.py
[2026-03-17T05:15:59.649+0000] {processor.py:840} INFO - DAG(s) 'daily_revenue_etl_dag' retrieved from /opt/airflow/dags/daily_revenue_etl_dag.py
[2026-03-17T04:52:41.938+0000] {logging_mixin.py:188} INFO - [2026-03-17T04:52:41.938+0000] {dag.py:3036} INFO - Sync 1 DAGs
[2026-03-17T04:52:41.964+0000] {logging_mixin.py:188} INFO - [2026-03-17T04:52:41.963+0000] {dag.py:3823} INFO - Setting next_dagrun for daily_revenue_etl_dag to 2026-03-17 00:00:00+00:00, run_after=2026-03-18 00:00:00+00:00
[2026-03-17T04:52:41.999+0000] {processor.py:183} INFO - Processing /opt/airflow/dags/daily_revenue_etl_dag.py took 0.120 seconds
[2026-03-17T05:16:09.821+0000] {processor.py:161} INFO - Started process (PID=1662) to work on /opt/airflow/dags/daily_revenue_etl_dag.py
[2026-03-17T05:16:09.823+0000] {processor.py:830} INFO - Processing file /opt/airflow/dags/daily_revenue_etl_dag.py for tasks to queue
[2026-03-17T05:16:09.825+0000] {logging_mixin.py:188} INFO - [2026-03-17T05:16:09.824+0000] {dagbag.py:538} INFO - Filling up the DagBag from /opt/airflow/dags/daily_revenue_etl_dag.py
[2026-03-17T04:52:52.049+0000] {processor.py:840} INFO - DAG(s) 'daily_revenue_etl_dag' retrieved from /opt/airflow/dags/daily_revenue_etl_dag.py
[2026-03-17T04:52:52.087+0000] {logging_mixin.py:188} INFO - [2026-03-17T04:52:52.086+0000] {dag.py:3036} INFO - Sync 1 DAGs
[2026-03-17T04:52:52.113+0000] {logging_mixin.py:188} INFO - [2026-03-17T04:52:52.113+0000] {dag.py:3823} INFO - Setting next_dagrun for daily_revenue_etl_dag to 2026-03-17 00:00:00+00:00, run_after=2026-03-18 00:00:00+00:00
[2026-03-17T04:52:52.137+0000] {processor.py:183} INFO - Processing /opt/airflow/dags/daily_revenue_etl_dag.py took 0.134 seconds
[2026-03-17T05:16:19.888+0000] {processor.py:161} INFO - Started process (PID=1667) to work on /opt/airflow/dags/daily_revenue_etl_dag.py
[2026-03-17T05:16:19.889+0000] {processor.py:830} INFO - Processing file /opt/airflow/dags/daily_revenue_etl_dag.py for tasks to queue
[2026-03-17T05:16:19.890+0000] {logging_mixin.py:188} INFO - [2026-03-17T05:16:19.889+0000] {dagbag.py:538} INFO - Filling up the DagBag from /opt/airflow/dags/daily_revenue_etl_dag.py
[2026-03-17T05:16:19.910+0000] {processor.py:840} INFO - DAG(s) 'daily_revenue_etl_dag' retrieved from /opt/airflow/dags/daily_revenue_etl_dag.py
[2026-03-17T05:16:19.943+0000] {logging_mixin.py:188} INFO - [2026-03-17T05:16:19.943+0000] {dag.py:3036} INFO - Sync 1 DAGs
[2026-03-17T04:53:02.114+0000] {logging_mixin.py:188} INFO - [2026-03-17T04:53:02.114+0000] {dag.py:3823} INFO - Setting next_dagrun for daily_revenue_etl_dag to 2026-03-17 00:00:00+00:00, run_after=2026-03-18 00:00:00+00:00
[2026-03-17T04:53:02.132+0000] {processor.py:183} INFO - Processing /opt/airflow/dags/daily_revenue_etl_dag.py took 0.103 seconds
[2026-03-17T04:53:32.328+0000] {processor.py:161} INFO - Started process (PID=1672) to work on /opt/airflow/dags/daily_revenue_etl_dag.py
[2026-03-17T04:53:32.330+0000] {processor.py:830} INFO - Processing file /opt/airflow/dags/daily_revenue_etl_dag.py for tasks to queue
[2026-03-17T04:53:32.331+0000] {logging_mixin.py:188} INFO - [2026-03-17T04:53:32.331+0000] {dagbag.py:538} INFO - Filling up the DagBag from /opt/airflow/dags/daily_revenue_etl_dag.py
[2026-03-17T04:53:32.361+0000] {processor.py:840} INFO - DAG(s) 'daily_revenue_etl_dag' retrieved from /opt/airflow/dags/daily_revenue_etl_dag.py
[2026-03-17T04:53:32.403+0000] {logging_mixin.py:188} INFO - [2026-03-17T04:53:32.403+0000] {dag.py:3036} INFO - Sync 1 DAGs
[2026-03-17T04:53:32.435+0000] {logging_mixin.py:188} INFO - [2026-03-17T04:53:32.435+0000] {dag.py:3823} INFO - Setting next_dagrun for daily_revenue_etl_dag to 2026-03-17 00:00:00+00:00, run_after=2026-03-18 00:00:00+00:00
[2026-03-17T04:53:32.462+0000] {processor.py:183} INFO - Processing /opt/airflow/dags/daily_revenue_etl_dag.py took 0.139 seconds
[2026-03-17T05:17:11.479+0000] {processor.py:161} INFO - Started process (PID=1677) to work on /opt/airflow/dags/daily_revenue_etl_dag.py
[2026-03-17T05:17:11.481+0000] {processor.py:830} INFO - Processing file /opt/airflow/dags/daily_revenue_etl_dag.py for tasks to queue
[2026-03-17T05:17:11.483+0000] {logging_mixin.py:188} INFO - [2026-03-17T05:17:11.482+0000] {dagbag.py:538} INFO - Filling up the DagBag from /opt/airflow/dags/daily_revenue_etl_dag.py
[2026-03-17T05:17:11.511+0000] {processor.py:840} INFO - DAG(s) 'daily_revenue_etl_dag' retrieved from /opt/airflow/dags/daily_revenue_etl_dag.py
[2026-03-17T05:17:11.542+0000] {logging_mixin.py:188} INFO - [2026-03-17T05:17:11.542+0000] {dag.py:3036} INFO - Sync 1 DAGs
[2026-03-17T05:17:11.570+0000] {logging_mixin.py:188} INFO - [2026-03-17T05:17:11.569+0000] {dag.py:3823} INFO - Setting next_dagrun for daily_revenue_etl_dag to 2026-03-17 00:00:00+00:00, run_after=2026-03-18 00:00:00+00:00
[2026-03-17T05:17:11.593+0000] {processor.py:183} INFO - Processing /opt/airflow/dags/daily_revenue_etl_dag.py took 0.120 seconds
[2026-03-17T05:17:44.757+0000] {processor.py:161} INFO - Started process (PID=1683) to work on /opt/airflow/dags/daily_revenue_etl_dag.py
[2026-03-17T05:17:44.759+0000] {processor.py:830} INFO - Processing file /opt/airflow/dags/daily_revenue_etl_dag.py for tasks to queue
[2026-03-17T05:17:44.761+0000] {logging_mixin.py:188} INFO - [2026-03-17T05:17:44.760+0000] {dagbag.py:538} INFO - Filling up the DagBag from /opt/airflow/dags/daily_revenue_etl_dag.py
[2026-03-17T05:17:44.793+0000] {processor.py:840} INFO - DAG(s) 'daily_revenue_etl_dag' retrieved from /opt/airflow/dags/daily_revenue_etl_dag.py
[2026-03-17T05:17:44.827+0000] {logging_mixin.py:188} INFO - [2026-03-17T05:17:44.826+0000] {dag.py:3036} INFO - Sync 1 DAGs
[2026-03-17T05:17:44.850+0000] {logging_mixin.py:188} INFO - [2026-03-17T05:17:44.850+0000] {dag.py:3823} INFO - Setting next_dagrun for daily_revenue_etl_dag to 2026-03-17 00:00:00+00:00, run_after=2026-03-18 00:00:00+00:00
[2026-03-17T05:17:44.867+0000] {processor.py:183} INFO - Processing /opt/airflow/dags/daily_revenue_etl_dag.py took 0.118 seconds
[2026-03-17T04:55:53.899+0000] {processor.py:161} INFO - Started process (PID=1688) to work on /opt/airflow/dags/daily_revenue_etl_dag.py
[2026-03-17T04:55:53.903+0000] {processor.py:830} INFO - Processing file /opt/airflow/dags/daily_revenue_etl_dag.py for tasks to queue
[2026-03-17T04:55:53.905+0000] {logging_mixin.py:188} INFO - [2026-03-17T04:55:53.904+0000] {dagbag.py:538} INFO - Filling up the DagBag from /opt/airflow/dags/daily_revenue_etl_dag.py
[2026-03-17T04:55:53.970+0000] {processor.py:840} INFO - DAG(s) 'daily_revenue_etl_dag' retrieved from /opt/airflow/dags/daily_revenue_etl_dag.py
[2026-03-17T04:55:54.045+0000] {logging_mixin.py:188} INFO - [2026-03-17T04:55:54.044+0000] {dag.py:3036} INFO - Sync 1 DAGs
[2026-03-17T04:55:54.104+0000] {logging_mixin.py:188} INFO - [2026-03-17T04:55:54.104+0000] {dag.py:3823} INFO - Setting next_dagrun for daily_revenue_etl_dag to 2026-03-17 00:00:00+00:00, run_after=2026-03-18 00:00:00+00:00
[2026-03-17T04:55:54.145+0000] {processor.py:183} INFO - Processing /opt/airflow/dags/daily_revenue_etl_dag.py took 0.258 seconds
[2026-03-17T04:55:57.267+0000] {processor.py:161} INFO - Started process (PID=1693) to work on /opt/airflow/dags/daily_revenue_etl_dag.py
[2026-03-17T04:55:57.269+0000] {processor.py:830} INFO - Processing file /opt/airflow/dags/daily_revenue_etl_dag.py for tasks to queue
[2026-03-17T04:55:57.272+0000] {logging_mixin.py:188} INFO - [2026-03-17T04:55:57.271+0000] {dagbag.py:538} INFO - Filling up the DagBag from /opt/airflow/dags/daily_revenue_etl_dag.py
[2026-03-17T04:55:57.335+0000] {processor.py:840} INFO - DAG(s) 'daily_revenue_etl_dag' retrieved from /opt/airflow/dags/daily_revenue_etl_dag.py
[2026-03-17T04:55:57.423+0000] {logging_mixin.py:188} INFO - [2026-03-17T04:55:57.422+0000] {dag.py:3036} INFO - Sync 1 DAGs
[2026-03-17T04:55:57.476+0000] {logging_mixin.py:188} INFO - [2026-03-17T04:55:57.475+0000] {dag.py:3823} INFO - Setting next_dagrun for daily_revenue_etl_dag to 2026-03-17 00:00:00+00:00, run_after=2026-03-18 00:00:00+00:00
[2026-03-17T04:55:57.518+0000] {processor.py:183} INFO - Processing /opt/airflow/dags/daily_revenue_etl_dag.py took 0.260 seconds
[2026-03-17T05:19:41.594+0000] {processor.py:161} INFO - Started process (PID=1698) to work on /opt/airflow/dags/daily_revenue_etl_dag.py
[2026-03-17T05:19:41.595+0000] {processor.py:830} INFO - Processing file /opt/airflow/dags/daily_revenue_etl_dag.py for tasks to queue
[2026-03-17T05:19:41.596+0000] {logging_mixin.py:188} INFO - [2026-03-17T05:19:41.596+0000] {dagbag.py:538} INFO - Filling up the DagBag from /opt/airflow/dags/daily_revenue_etl_dag.py
[2026-03-17T04:56:23.883+0000] {processor.py:840} INFO - DAG(s) 'daily_revenue_etl_dag' retrieved from /opt/airflow/dags/daily_revenue_etl_dag.py
[2026-03-17T04:56:23.915+0000] {logging_mixin.py:188} INFO - [2026-03-17T04:56:23.915+0000] {dag.py:3036} INFO - Sync 1 DAGs
[2026-03-17T04:56:23.937+0000] {logging_mixin.py:188} INFO - [2026-03-17T04:56:23.937+0000] {dag.py:3823} INFO - Setting next_dagrun for daily_revenue_etl_dag to 2026-03-17 00:00:00+00:00, run_after=2026-03-18 00:00:00+00:00
[2026-03-17T04:56:23.960+0000] {processor.py:183} INFO - Processing /opt/airflow/dags/daily_revenue_etl_dag.py took 0.104 seconds
[2026-03-17T05:19:54.851+0000] {processor.py:161} INFO - Started process (PID=1703) to work on /opt/airflow/dags/daily_revenue_etl_dag.py
[2026-03-17T05:19:54.853+0000] {processor.py:830} INFO - Processing file /opt/airflow/dags/daily_revenue_etl_dag.py for tasks to queue
[2026-03-17T05:19:54.856+0000] {logging_mixin.py:188} INFO - [2026-03-17T05:19:54.855+0000] {dagbag.py:538} INFO - Filling up the DagBag from /opt/airflow/dags/daily_revenue_etl_dag.py
[2026-03-17T05:19:54.886+0000] {processor.py:840} INFO - DAG(s) 'daily_revenue_etl_dag' retrieved from /opt/airflow/dags/daily_revenue_etl_dag.py
[2026-03-17T05:19:54.926+0000] {logging_mixin.py:188} INFO - [2026-03-17T05:19:54.925+0000] {dag.py:3036} INFO - Sync 1 DAGs
[2026-03-17T05:19:54.954+0000] {logging_mixin.py:188} INFO - [2026-03-17T05:19:54.953+0000] {dag.py:3823} INFO - Setting next_dagrun for daily_revenue_etl_dag to 2026-03-17 00:00:00+00:00, run_after=2026-03-18 00:00:00+00:00
[2026-03-17T05:19:54.990+0000] {processor.py:183} INFO - Processing /opt/airflow/dags/daily_revenue_etl_dag.py took 0.146 seconds
[2026-03-17T05:20:25.077+0000] {processor.py:161} INFO - Started process (PID=1709) to work on /opt/airflow/dags/daily_revenue_etl_dag.py
[2026-03-17T05:20:25.078+0000] {processor.py:830} INFO - Processing file /opt/airflow/dags/daily_revenue_etl_dag.py for tasks to queue
[2026-03-17T05:20:25.079+0000] {logging_mixin.py:188} INFO - [2026-03-17T05:20:25.079+0000] {dagbag.py:538} INFO - Filling up the DagBag from /opt/airflow/dags/daily_revenue_etl_dag.py
[2026-03-17T05:20:25.096+0000] {processor.py:840} INFO - DAG(s) 'daily_revenue_etl_dag' retrieved from /opt/airflow/dags/daily_revenue_etl_dag.py
[2026-03-17T05:20:25.119+0000] {logging_mixin.py:188} INFO - [2026-03-17T05:20:25.119+0000] {dag.py:3036} INFO - Sync 1 DAGs
[2026-03-17T04:57:07.406+0000] {logging_mixin.py:188} INFO - [2026-03-17T04:57:07.406+0000] {dag.py:3823} INFO - Setting next_dagrun for daily_revenue_etl_dag to 2026-03-17 00:00:00+00:00, run_after=2026-03-18 00:00:00+00:00
[2026-03-17T04:57:07.428+0000] {processor.py:183} INFO - Processing /opt/airflow/dags/daily_revenue_etl_dag.py took 0.088 seconds
[2026-03-17T05:20:30.129+0000] {processor.py:161} INFO - Started process (PID=1714) to work on /opt/airflow/dags/daily_revenue_etl_dag.py
[2026-03-17T05:20:30.130+0000] {processor.py:830} INFO - Processing file /opt/airflow/dags/daily_revenue_etl_dag.py for tasks to queue
[2026-03-17T05:20:30.131+0000] {logging_mixin.py:188} INFO - [2026-03-17T05:20:30.131+0000] {dagbag.py:538} INFO - Filling up the DagBag from /opt/airflow/dags/daily_revenue_etl_dag.py
[2026-03-17T05:20:30.148+0000] {processor.py:840} INFO - DAG(s) 'daily_revenue_etl_dag' retrieved from /opt/airflow/dags/daily_revenue_etl_dag.py
[2026-03-17T04:57:12.438+0000] {logging_mixin.py:188} INFO - [2026-03-17T04:57:12.438+0000] {dag.py:3036} INFO - Sync 1 DAGs
[2026-03-17T04:57:12.456+0000] {logging_mixin.py:188} INFO - [2026-03-17T04:57:12.456+0000] {dag.py:3823} INFO - Setting next_dagrun for daily_revenue_etl_dag to 2026-03-17 00:00:00+00:00, run_after=2026-03-18 00:00:00+00:00
[2026-03-17T04:57:12.470+0000] {processor.py:183} INFO - Processing /opt/airflow/dags/daily_revenue_etl_dag.py took 0.077 seconds
[2026-03-17T04:57:17.491+0000] {processor.py:161} INFO - Started process (PID=1719) to work on /opt/airflow/dags/daily_revenue_etl_dag.py
[2026-03-17T04:57:17.492+0000] {processor.py:830} INFO - Processing file /opt/airflow/dags/daily_revenue_etl_dag.py for tasks to queue
[2026-03-17T04:57:17.493+0000] {logging_mixin.py:188} INFO - [2026-03-17T04:57:17.492+0000] {dagbag.py:538} INFO - Filling up the DagBag from /opt/airflow/dags/daily_revenue_etl_dag.py
[2026-03-17T04:57:17.513+0000] {processor.py:840} INFO - DAG(s) 'daily_revenue_etl_dag' retrieved from /opt/airflow/dags/daily_revenue_etl_dag.py
[2026-03-17T04:57:17.533+0000] {logging_mixin.py:188} INFO - [2026-03-17T04:57:17.533+0000] {dag.py:3036} INFO - Sync 1 DAGs
[2026-03-17T04:57:17.552+0000] {logging_mixin.py:188} INFO - [2026-03-17T04:57:17.552+0000] {dag.py:3823} INFO - Setting next_dagrun for daily_revenue_etl_dag to 2026-03-17 00:00:00+00:00, run_after=2026-03-18 00:00:00+00:00
[2026-03-17T04:57:17.571+0000] {processor.py:183} INFO - Processing /opt/airflow/dags/daily_revenue_etl_dag.py took 0.082 seconds
[2026-03-17T05:20:41.468+0000] {processor.py:161} INFO - Started process (PID=1724) to work on /opt/airflow/dags/daily_revenue_etl_dag.py
[2026-03-17T05:20:41.471+0000] {processor.py:830} INFO - Processing file /opt/airflow/dags/daily_revenue_etl_dag.py for tasks to queue
[2026-03-17T05:20:41.473+0000] {logging_mixin.py:188} INFO - [2026-03-17T05:20:41.472+0000] {dagbag.py:538} INFO - Filling up the DagBag from /opt/airflow/dags/daily_revenue_etl_dag.py
[2026-03-17T05:20:41.507+0000] {processor.py:840} INFO - DAG(s) 'daily_revenue_etl_dag' retrieved from /opt/airflow/dags/daily_revenue_etl_dag.py
[2026-03-17T05:20:41.554+0000] {logging_mixin.py:188} INFO - [2026-03-17T05:20:41.553+0000] {dag.py:3036} INFO - Sync 1 DAGs
[2026-03-17T05:20:41.590+0000] {logging_mixin.py:188} INFO - [2026-03-17T05:20:41.589+0000] {dag.py:3823} INFO - Setting next_dagrun for daily_revenue_etl_dag to 2026-03-17 00:00:00+00:00, run_after=2026-03-18 00:00:00+00:00
[2026-03-17T05:20:41.619+0000] {processor.py:183} INFO - Processing /opt/airflow/dags/daily_revenue_etl_dag.py took 0.157 seconds
[2026-03-17T05:21:11.665+0000] {processor.py:161} INFO - Started process (PID=1729) to work on /opt/airflow/dags/daily_revenue_etl_dag.py
[2026-03-17T05:21:11.667+0000] {processor.py:830} INFO - Processing file /opt/airflow/dags/daily_revenue_etl_dag.py for tasks to queue
[2026-03-17T05:21:11.668+0000] {logging_mixin.py:188} INFO - [2026-03-17T05:21:11.668+0000] {dagbag.py:538} INFO - Filling up the DagBag from /opt/airflow/dags/daily_revenue_etl_dag.py
[2026-03-17T05:21:11.689+0000] {processor.py:840} INFO - DAG(s) 'daily_revenue_etl_dag' retrieved from /opt/airflow/dags/daily_revenue_etl_dag.py
[2026-03-17T04:57:53.956+0000] {logging_mixin.py:188} INFO - [2026-03-17T04:57:53.956+0000] {dag.py:3036} INFO - Sync 1 DAGs
[2026-03-17T04:57:53.982+0000] {logging_mixin.py:188} INFO - [2026-03-17T04:57:53.982+0000] {dag.py:3823} INFO - Setting next_dagrun for daily_revenue_etl_dag to 2026-03-17 00:00:00+00:00, run_after=2026-03-18 00:00:00+00:00
[2026-03-17T04:57:54.005+0000] {processor.py:183} INFO - Processing /opt/airflow/dags/daily_revenue_etl_dag.py took 0.114 seconds
[2026-03-17T04:58:24.125+0000] {processor.py:161} INFO - Started process (PID=1734) to work on /opt/airflow/dags/daily_revenue_etl_dag.py
[2026-03-17T04:58:24.126+0000] {processor.py:830} INFO - Processing file /opt/airflow/dags/daily_revenue_etl_dag.py for tasks to queue
[2026-03-17T04:58:24.127+0000] {logging_mixin.py:188} INFO - [2026-03-17T04:58:24.127+0000] {dagbag.py:538} INFO - Filling up the DagBag from /opt/airflow/dags/daily_revenue_etl_dag.py
[2026-03-17T04:58:24.147+0000] {processor.py:840} INFO - DAG(s) 'daily_revenue_etl_dag' retrieved from /opt/airflow/dags/daily_revenue_etl_dag.py
[2026-03-17T04:58:24.175+0000] {logging_mixin.py:188} INFO - [2026-03-17T04:58:24.175+0000] {dag.py:3036} INFO - Sync 1 DAGs
[2026-03-17T04:58:24.199+0000] {logging_mixin.py:188} INFO - [2026-03-17T04:58:24.199+0000] {dag.py:3823} INFO - Setting next_dagrun for daily_revenue_etl_dag to 2026-03-17 00:00:00+00:00, run_after=2026-03-18 00:00:00+00:00
[2026-03-17T04:58:24.221+0000] {processor.py:183} INFO - Processing /opt/airflow/dags/daily_revenue_etl_dag.py took 0.099 seconds
[2026-03-17T05:21:45.029+0000] {processor.py:161} INFO - Started process (PID=1739) to work on /opt/airflow/dags/daily_revenue_etl_dag.py
[2026-03-17T05:21:45.030+0000] {processor.py:830} INFO - Processing file /opt/airflow/dags/daily_revenue_etl_dag.py for tasks to queue
[2026-03-17T05:21:45.031+0000] {logging_mixin.py:188} INFO - [2026-03-17T05:21:45.031+0000] {dagbag.py:538} INFO - Filling up the DagBag from /opt/airflow/dags/daily_revenue_etl_dag.py
[2026-03-17T05:21:45.051+0000] {processor.py:840} INFO - DAG(s) 'daily_revenue_etl_dag' retrieved from /opt/airflow/dags/daily_revenue_etl_dag.py
[2026-03-17T05:21:45.074+0000] {logging_mixin.py:188} INFO - [2026-03-17T05:21:45.074+0000] {dag.py:3036} INFO - Sync 1 DAGs
[2026-03-17T05:21:45.093+0000] {logging_mixin.py:188} INFO - [2026-03-17T05:21:45.093+0000] {dag.py:3823} INFO - Setting next_dagrun for daily_revenue_etl_dag to 2026-03-17 00:00:00+00:00, run_after=2026-03-18 00:00:00+00:00
[2026-03-17T05:21:45.111+0000] {processor.py:183} INFO - Processing /opt/airflow/dags/daily_revenue_etl_dag.py took 0.085 seconds
[2026-03-17T05:22:15.246+0000] {processor.py:161} INFO - Started process (PID=1745) to work on /opt/airflow/dags/daily_revenue_etl_dag.py
[2026-03-17T05:22:15.247+0000] {processor.py:830} INFO - Processing file /opt/airflow/dags/daily_revenue_etl_dag.py for tasks to queue
[2026-03-17T05:22:15.249+0000] {logging_mixin.py:188} INFO - [2026-03-17T05:22:15.248+0000] {dagbag.py:538} INFO - Filling up the DagBag from /opt/airflow/dags/daily_revenue_etl_dag.py
[2026-03-17T05:22:15.270+0000] {processor.py:840} INFO - DAG(s) 'daily_revenue_etl_dag' retrieved from /opt/airflow/dags/daily_revenue_etl_dag.py
[2026-03-17T05:22:15.297+0000] {logging_mixin.py:188} INFO - [2026-03-17T05:22:15.297+0000] {dag.py:3036} INFO - Sync 1 DAGs
[2026-03-17T04:58:57.590+0000] {logging_mixin.py:188} INFO - [2026-03-17T04:58:57.589+0000] {dag.py:3823} INFO - Setting next_dagrun for daily_revenue_etl_dag to 2026-03-17 00:00:00+00:00, run_after=2026-03-18 00:00:00+00:00
[2026-03-17T04:58:57.607+0000] {processor.py:183} INFO - Processing /opt/airflow/dags/daily_revenue_etl_dag.py took 0.100 seconds
[2026-03-17T05:22:25.394+0000] {processor.py:161} INFO - Started process (PID=1750) to work on /opt/airflow/dags/daily_revenue_etl_dag.py
[2026-03-17T05:22:25.396+0000] {processor.py:830} INFO - Processing file /opt/airflow/dags/daily_revenue_etl_dag.py for tasks to queue
[2026-03-17T05:22:25.397+0000] {logging_mixin.py:188} INFO - [2026-03-17T05:22:25.397+0000] {dagbag.py:538} INFO - Filling up the DagBag from /opt/airflow/dags/daily_revenue_etl_dag.py
[2026-03-17T04:59:07.664+0000] {processor.py:840} INFO - DAG(s) 'daily_revenue_etl_dag' retrieved from /opt/airflow/dags/daily_revenue_etl_dag.py
[2026-03-17T04:59:07.711+0000] {logging_mixin.py:188} INFO - [2026-03-17T04:59:07.710+0000] {dag.py:3036} INFO - Sync 1 DAGs
[2026-03-17T04:59:07.749+0000] {logging_mixin.py:188} INFO - [2026-03-17T04:59:07.749+0000] {dag.py:3823} INFO - Setting next_dagrun for daily_revenue_etl_dag to 2026-03-17 00:00:00+00:00, run_after=2026-03-18 00:00:00+00:00
[2026-03-17T04:59:07.772+0000] {processor.py:183} INFO - Processing /opt/airflow/dags/daily_revenue_etl_dag.py took 0.149 seconds
[2026-03-17T05:22:41.559+0000] {processor.py:161} INFO - Started process (PID=1755) to work on /opt/airflow/dags/daily_revenue_etl_dag.py
[2026-03-17T05:22:41.560+0000] {processor.py:830} INFO - Processing file /opt/airflow/dags/daily_revenue_etl_dag.py for tasks to queue
[2026-03-17T05:22:41.562+0000] {logging_mixin.py:188} INFO - [2026-03-17T05:22:41.561+0000] {dagbag.py:538} INFO - Filling up the DagBag from /opt/airflow/dags/daily_revenue_etl_dag.py
[2026-03-17T05:22:41.592+0000] {processor.py:840} INFO - DAG(s) 'daily_revenue_etl_dag' retrieved from /opt/airflow/dags/daily_revenue_etl_dag.py
[2026-03-17T05:22:41.633+0000] {logging_mixin.py:188} INFO - [2026-03-17T05:22:41.632+0000] {dag.py:3036} INFO - Sync 1 DAGs
[2026-03-17T05:22:41.666+0000] {logging_mixin.py:188} INFO - [2026-03-17T05:22:41.666+0000] {dag.py:3823} INFO - Setting next_dagrun for daily_revenue_etl_dag to 2026-03-17 00:00:00+00:00, run_after=2026-03-18 00:00:00+00:00
[2026-03-17T05:22:41.691+0000] {processor.py:183} INFO - Processing /opt/airflow/dags/daily_revenue_etl_dag.py took 0.138 seconds
[2026-03-17T04:59:54.185+0000] {processor.py:161} INFO - Started process (PID=1760) to work on /opt/airflow/dags/daily_revenue_etl_dag.py
[2026-03-17T04:59:54.186+0000] {processor.py:830} INFO - Processing file /opt/airflow/dags/daily_revenue_etl_dag.py for tasks to queue
[2026-03-17T04:59:54.187+0000] {logging_mixin.py:188} INFO - [2026-03-17T04:59:54.187+0000] {dagbag.py:538} INFO - Filling up the DagBag from /opt/airflow/dags/daily_revenue_etl_dag.py
[2026-03-17T04:59:54.205+0000] {processor.py:840} INFO - DAG(s) 'daily_revenue_etl_dag' retrieved from /opt/airflow/dags/daily_revenue_etl_dag.py
[2026-03-17T04:59:54.226+0000] {logging_mixin.py:188} INFO - [2026-03-17T04:59:54.226+0000] {dag.py:3036} INFO - Sync 1 DAGs
[2026-03-17T04:59:54.244+0000] {logging_mixin.py:188} INFO - [2026-03-17T04:59:54.244+0000] {dag.py:3823} INFO - Setting next_dagrun for daily_revenue_etl_dag to 2026-03-17 00:00:00+00:00, run_after=2026-03-18 00:00:00+00:00
[2026-03-17T04:59:54.258+0000] {processor.py:183} INFO - Processing /opt/airflow/dags/daily_revenue_etl_dag.py took 0.075 seconds
[2026-03-17T05:00:24.491+0000] {processor.py:161} INFO - Started process (PID=1766) to work on /opt/airflow/dags/daily_revenue_etl_dag.py
[2026-03-17T05:00:24.493+0000] {processor.py:830} INFO - Processing file /opt/airflow/dags/daily_revenue_etl_dag.py for tasks to queue
[2026-03-17T05:00:24.495+0000] {logging_mixin.py:188} INFO - [2026-03-17T05:00:24.494+0000] {dagbag.py:538} INFO - Filling up the DagBag from /opt/airflow/dags/daily_revenue_etl_dag.py
[2026-03-17T05:00:24.535+0000] {processor.py:840} INFO - DAG(s) 'daily_revenue_etl_dag' retrieved from /opt/airflow/dags/daily_revenue_etl_dag.py
[2026-03-17T05:00:24.569+0000] {logging_mixin.py:188} INFO - [2026-03-17T05:00:24.569+0000] {dag.py:3036} INFO - Sync 1 DAGs
[2026-03-17T05:00:24.593+0000] {logging_mixin.py:188} INFO - [2026-03-17T05:00:24.592+0000] {dag.py:3823} INFO - Setting next_dagrun for daily_revenue_etl_dag to 2026-03-17 00:00:00+00:00, run_after=2026-03-18 00:00:00+00:00
[2026-03-17T05:00:24.610+0000] {processor.py:183} INFO - Processing /opt/airflow/dags/daily_revenue_etl_dag.py took 0.125 seconds
[2026-03-17T05:23:45.405+0000] {processor.py:161} INFO - Started process (PID=1771) to work on /opt/airflow/dags/daily_revenue_etl_dag.py
[2026-03-17T05:23:45.407+0000] {processor.py:830} INFO - Processing file /opt/airflow/dags/daily_revenue_etl_dag.py for tasks to queue
[2026-03-17T05:23:45.408+0000] {logging_mixin.py:188} INFO - [2026-03-17T05:23:45.408+0000] {dagbag.py:538} INFO - Filling up the DagBag from /opt/airflow/dags/daily_revenue_etl_dag.py
[2026-03-17T05:23:45.436+0000] {processor.py:840} INFO - DAG(s) 'daily_revenue_etl_dag' retrieved from /opt/airflow/dags/daily_revenue_etl_dag.py
[2026-03-17T05:23:45.468+0000] {logging_mixin.py:188} INFO - [2026-03-17T05:23:45.468+0000] {dag.py:3036} INFO - Sync 1 DAGs
[2026-03-17T05:23:45.490+0000] {logging_mixin.py:188} INFO - [2026-03-17T05:23:45.490+0000] {dag.py:3823} INFO - Setting next_dagrun for daily_revenue_etl_dag to 2026-03-17 00:00:00+00:00, run_after=2026-03-18 00:00:00+00:00
[2026-03-17T05:23:45.508+0000] {processor.py:183} INFO - Processing /opt/airflow/dags/daily_revenue_etl_dag.py took 0.107 seconds
[2026-03-17T05:25:10.503+0000] {processor.py:161} INFO - Started process (PID=1776) to work on /opt/airflow/dags/daily_revenue_etl_dag.py
[2026-03-17T05:25:10.507+0000] {processor.py:830} INFO - Processing file /opt/airflow/dags/daily_revenue_etl_dag.py for tasks to queue
[2026-03-17T05:25:10.512+0000] {logging_mixin.py:188} INFO - [2026-03-17T05:25:10.509+0000] {dagbag.py:538} INFO - Filling up the DagBag from /opt/airflow/dags/daily_revenue_etl_dag.py
[2026-03-17T05:25:11.522+0000] {processor.py:840} INFO - DAG(s) 'daily_revenue_etl_dag' retrieved from /opt/airflow/dags/daily_revenue_etl_dag.py
[2026-03-17T05:25:11.671+0000] {logging_mixin.py:188} INFO - [2026-03-17T05:25:11.671+0000] {dag.py:3036} INFO - Sync 1 DAGs
[2026-03-17T05:25:11.733+0000] {logging_mixin.py:188} INFO - [2026-03-17T05:25:11.733+0000] {dag.py:3823} INFO - Setting next_dagrun for daily_revenue_etl_dag to 2026-03-17 00:00:00+00:00, run_after=2026-03-18 00:00:00+00:00
[2026-03-17T05:25:11.858+0000] {processor.py:183} INFO - Processing /opt/airflow/dags/daily_revenue_etl_dag.py took 1.371 seconds
[2026-03-17T05:25:52.011+0000] {processor.py:161} INFO - Started process (PID=1782) to work on /opt/airflow/dags/daily_revenue_etl_dag.py
[2026-03-17T05:25:52.012+0000] {processor.py:830} INFO - Processing file /opt/airflow/dags/daily_revenue_etl_dag.py for tasks to queue
[2026-03-17T05:25:52.013+0000] {logging_mixin.py:188} INFO - [2026-03-17T05:25:52.013+0000] {dagbag.py:538} INFO - Filling up the DagBag from /opt/airflow/dags/daily_revenue_etl_dag.py
[2026-03-17T05:25:52.029+0000] {processor.py:840} INFO - DAG(s) 'daily_revenue_etl_dag' retrieved from /opt/airflow/dags/daily_revenue_etl_dag.py
[2026-03-17T05:25:52.052+0000] {logging_mixin.py:188} INFO - [2026-03-17T05:25:52.051+0000] {dag.py:3036} INFO - Sync 1 DAGs
[2026-03-17T05:25:52.071+0000] {logging_mixin.py:188} INFO - [2026-03-17T05:25:52.071+0000] {dag.py:3823} INFO - Setting next_dagrun for daily_revenue_etl_dag to 2026-03-17 00:00:00+00:00, run_after=2026-03-18 00:00:00+00:00
[2026-03-17T05:25:52.089+0000] {processor.py:183} INFO - Processing /opt/airflow/dags/daily_revenue_etl_dag.py took 0.081 seconds
[2026-03-17T05:26:48.455+0000] {processor.py:161} INFO - Started process (PID=1788) to work on /opt/airflow/dags/daily_revenue_etl_dag.py
[2026-03-17T05:26:48.456+0000] {processor.py:830} INFO - Processing file /opt/airflow/dags/daily_revenue_etl_dag.py for tasks to queue
[2026-03-17T05:26:48.457+0000] {logging_mixin.py:188} INFO - [2026-03-17T05:26:48.456+0000] {dagbag.py:538} INFO - Filling up the DagBag from /opt/airflow/dags/daily_revenue_etl_dag.py
[2026-03-17T05:26:48.477+0000] {processor.py:840} INFO - DAG(s) 'daily_revenue_etl_dag' retrieved from /opt/airflow/dags/daily_revenue_etl_dag.py
[2026-03-17T05:26:48.503+0000] {logging_mixin.py:188} INFO - [2026-03-17T05:26:48.503+0000] {dag.py:3036} INFO - Sync 1 DAGs
[2026-03-17T05:26:48.521+0000] {logging_mixin.py:188} INFO - [2026-03-17T05:26:48.521+0000] {dag.py:3823} INFO - Setting next_dagrun for daily_revenue_etl_dag to 2026-03-17 00:00:00+00:00, run_after=2026-03-18 00:00:00+00:00
[2026-03-17T05:26:48.539+0000] {processor.py:183} INFO - Processing /opt/airflow/dags/daily_revenue_etl_dag.py took 0.087 seconds
[2026-03-17T05:27:52.111+0000] {processor.py:161} INFO - Started process (PID=1793) to work on /opt/airflow/dags/daily_revenue_etl_dag.py
[2026-03-17T05:27:52.112+0000] {processor.py:830} INFO - Processing file /opt/airflow/dags/daily_revenue_etl_dag.py for tasks to queue
[2026-03-17T05:27:52.112+0000] {logging_mixin.py:188} INFO - [2026-03-17T05:27:52.112+0000] {dagbag.py:538} INFO - Filling up the DagBag from /opt/airflow/dags/daily_revenue_etl_dag.py
[2026-03-17T05:04:33.799+0000] {processor.py:840} INFO - DAG(s) 'daily_revenue_etl_dag' retrieved from /opt/airflow/dags/daily_revenue_etl_dag.py
[2026-03-17T05:04:33.826+0000] {logging_mixin.py:188} INFO - [2026-03-17T05:04:33.825+0000] {dag.py:3036} INFO - Sync 1 DAGs
[2026-03-17T05:04:33.846+0000] {logging_mixin.py:188} INFO - [2026-03-17T05:04:33.845+0000] {dag.py:3823} INFO - Setting next_dagrun for daily_revenue_etl_dag to 2026-03-17 00:00:00+00:00, run_after=2026-03-18 00:00:00+00:00
[2026-03-17T05:04:33.861+0000] {processor.py:183} INFO - Processing /opt/airflow/dags/daily_revenue_etl_dag.py took 0.086 seconds
[2026-03-17T05:05:04.074+0000] {processor.py:161} INFO - Started process (PID=1798) to work on /opt/airflow/dags/daily_revenue_etl_dag.py
[2026-03-17T05:05:04.076+0000] {processor.py:830} INFO - Processing file /opt/airflow/dags/daily_revenue_etl_dag.py for tasks to queue
[2026-03-17T05:05:04.078+0000] {logging_mixin.py:188} INFO - [2026-03-17T05:05:04.077+0000] {dagbag.py:538} INFO - Filling up the DagBag from /opt/airflow/dags/daily_revenue_etl_dag.py
[2026-03-17T05:05:04.122+0000] {processor.py:840} INFO - DAG(s) 'daily_revenue_etl_dag' retrieved from /opt/airflow/dags/daily_revenue_etl_dag.py
[2026-03-17T05:05:04.176+0000] {logging_mixin.py:188} INFO - [2026-03-17T05:05:04.175+0000] {dag.py:3036} INFO - Sync 1 DAGs
[2026-03-17T05:05:04.229+0000] {logging_mixin.py:188} INFO - [2026-03-17T05:05:04.228+0000] {dag.py:3823} INFO - Setting next_dagrun for daily_revenue_etl_dag to 2026-03-17 00:00:00+00:00, run_after=2026-03-18 00:00:00+00:00
[2026-03-17T05:05:04.268+0000] {processor.py:183} INFO - Processing /opt/airflow/dags/daily_revenue_etl_dag.py took 0.200 seconds
[2026-03-17T05:28:23.731+0000] {processor.py:161} INFO - Started process (PID=1803) to work on /opt/airflow/dags/daily_revenue_etl_dag.py
[2026-03-17T05:28:23.735+0000] {processor.py:830} INFO - Processing file /opt/airflow/dags/daily_revenue_etl_dag.py for tasks to queue
[2026-03-17T05:28:23.737+0000] {logging_mixin.py:188} INFO - [2026-03-17T05:28:23.736+0000] {dagbag.py:538} INFO - Filling up the DagBag from /opt/airflow/dags/daily_revenue_etl_dag.py
[2026-03-17T05:28:23.782+0000] {processor.py:840} INFO - DAG(s) 'daily_revenue_etl_dag' retrieved from /opt/airflow/dags/daily_revenue_etl_dag.py
[2026-03-17T05:28:23.821+0000] {logging_mixin.py:188} INFO - [2026-03-17T05:28:23.820+0000] {dag.py:3036} INFO - Sync 1 DAGs
[2026-03-17T05:05:05.522+0000] {logging_mixin.py:188} INFO - [2026-03-17T05:05:05.522+0000] {dag.py:3823} INFO - Setting next_dagrun for daily_revenue_etl_dag to 2026-03-17 00:00:00+00:00, run_after=2026-03-18 00:00:00+00:00
[2026-03-17T05:05:05.548+0000] {processor.py:183} INFO - Processing /opt/airflow/dags/daily_revenue_etl_dag.py took 0.163 seconds
[2026-03-17T05:28:28.767+0000] {processor.py:161} INFO - Started process (PID=1808) to work on /opt/airflow/dags/daily_revenue_etl_dag.py
[2026-03-17T05:28:28.769+0000] {processor.py:830} INFO - Processing file /opt/airflow/dags/daily_revenue_etl_dag.py for tasks to queue
[2026-03-17T05:28:28.769+0000] {logging_mixin.py:188} INFO - [2026-03-17T05:28:28.769+0000] {dagbag.py:538} INFO - Filling up the DagBag from /opt/airflow/dags/daily_revenue_etl_dag.py
[2026-03-17T05:28:28.786+0000] {processor.py:840} INFO - DAG(s) 'daily_revenue_etl_dag' retrieved from /opt/airflow/dags/daily_revenue_etl_dag.py
[2026-03-17T05:28:28.807+0000] {logging_mixin.py:188} INFO - [2026-03-17T05:28:28.807+0000] {dag.py:3036} INFO - Sync 1 DAGs
[2026-03-17T05:28:28.824+0000] {logging_mixin.py:188} INFO - [2026-03-17T05:28:28.824+0000] {dag.py:3823} INFO - Setting next_dagrun for daily_revenue_etl_dag to 2026-03-17 00:00:00+00:00, run_after=2026-03-18 00:00:00+00:00
[2026-03-17T05:05:10.511+0000] {processor.py:183} INFO - Processing /opt/airflow/dags/daily_revenue_etl_dag.py took 0.080 seconds
[2026-03-17T05:28:33.830+0000] {processor.py:161} INFO - Started process (PID=1813) to work on /opt/airflow/dags/daily_revenue_etl_dag.py
[2026-03-17T05:28:33.832+0000] {processor.py:830} INFO - Processing file /opt/airflow/dags/daily_revenue_etl_dag.py for tasks to queue
[2026-03-17T05:28:33.833+0000] {logging_mixin.py:188} INFO - [2026-03-17T05:28:33.833+0000] {dagbag.py:538} INFO - Filling up the DagBag from /opt/airflow/dags/daily_revenue_etl_dag.py
[2026-03-17T05:28:33.853+0000] {processor.py:840} INFO - DAG(s) 'daily_revenue_etl_dag' retrieved from /opt/airflow/dags/daily_revenue_etl_dag.py
[2026-03-17T05:28:33.879+0000] {logging_mixin.py:188} INFO - [2026-03-17T05:28:33.879+0000] {dag.py:3036} INFO - Sync 1 DAGs
[2026-03-17T05:28:33.899+0000] {logging_mixin.py:188} INFO - [2026-03-17T05:28:33.899+0000] {dag.py:3823} INFO - Setting next_dagrun for daily_revenue_etl_dag to 2026-03-17 00:00:00+00:00, run_after=2026-03-18 00:00:00+00:00
[2026-03-17T05:05:15.560+0000] {processor.py:183} INFO - Processing /opt/airflow/dags/daily_revenue_etl_dag.py took 0.100 seconds
[2026-03-17T05:28:52.087+0000] {processor.py:161} INFO - Started process (PID=1818) to work on /opt/airflow/dags/daily_revenue_etl_dag.py
[2026-03-17T05:28:52.088+0000] {processor.py:830} INFO - Processing file /opt/airflow/dags/daily_revenue_etl_dag.py for tasks to queue
[2026-03-17T05:28:52.088+0000] {logging_mixin.py:188} INFO - [2026-03-17T05:28:52.088+0000] {dagbag.py:538} INFO - Filling up the DagBag from /opt/airflow/dags/daily_revenue_etl_dag.py
[2026-03-17T05:28:52.105+0000] {processor.py:840} INFO - DAG(s) 'daily_revenue_etl_dag' retrieved from /opt/airflow/dags/daily_revenue_etl_dag.py
[2026-03-17T05:28:52.126+0000] {logging_mixin.py:188} INFO - [2026-03-17T05:28:52.126+0000] {dag.py:3036} INFO - Sync 1 DAGs
[2026-03-17T05:28:52.144+0000] {logging_mixin.py:188} INFO - [2026-03-17T05:28:52.143+0000] {dag.py:3823} INFO - Setting next_dagrun for daily_revenue_etl_dag to 2026-03-17 00:00:00+00:00, run_after=2026-03-18 00:00:00+00:00
[2026-03-17T05:28:52.172+0000] {processor.py:183} INFO - Processing /opt/airflow/dags/daily_revenue_etl_dag.py took 0.088 seconds
[2026-03-17T05:29:58.786+0000] {processor.py:161} INFO - Started process (PID=1825) to work on /opt/airflow/dags/daily_revenue_etl_dag.py
[2026-03-17T05:29:58.787+0000] {processor.py:830} INFO - Processing file /opt/airflow/dags/daily_revenue_etl_dag.py for tasks to queue
[2026-03-17T05:29:58.789+0000] {logging_mixin.py:188} INFO - [2026-03-17T05:29:58.788+0000] {dagbag.py:538} INFO - Filling up the DagBag from /opt/airflow/dags/daily_revenue_etl_dag.py
[2026-03-17T05:29:58.811+0000] {processor.py:840} INFO - DAG(s) 'daily_revenue_etl_dag' retrieved from /opt/airflow/dags/daily_revenue_etl_dag.py
[2026-03-17T05:29:58.837+0000] {logging_mixin.py:188} INFO - [2026-03-17T05:29:58.837+0000] {dag.py:3036} INFO - Sync 1 DAGs
[2026-03-17T05:29:58.856+0000] {logging_mixin.py:188} INFO - [2026-03-17T05:29:58.856+0000] {dag.py:3823} INFO - Setting next_dagrun for daily_revenue_etl_dag to 2026-03-17 00:00:00+00:00, run_after=2026-03-18 00:00:00+00:00
[2026-03-17T05:29:58.875+0000] {processor.py:183} INFO - Processing /opt/airflow/dags/daily_revenue_etl_dag.py took 0.093 seconds
[2026-03-17T05:30:29.019+0000] {processor.py:161} INFO - Started process (PID=1830) to work on /opt/airflow/dags/daily_revenue_etl_dag.py
[2026-03-17T05:30:29.021+0000] {processor.py:830} INFO - Processing file /opt/airflow/dags/daily_revenue_etl_dag.py for tasks to queue
[2026-03-17T05:30:29.022+0000] {logging_mixin.py:188} INFO - [2026-03-17T05:30:29.022+0000] {dagbag.py:538} INFO - Filling up the DagBag from /opt/airflow/dags/daily_revenue_etl_dag.py
[2026-03-17T05:30:29.043+0000] {processor.py:840} INFO - DAG(s) 'daily_revenue_etl_dag' retrieved from /opt/airflow/dags/daily_revenue_etl_dag.py
[2026-03-17T05:07:10.736+0000] {logging_mixin.py:188} INFO - [2026-03-17T05:07:10.736+0000] {dag.py:3036} INFO - Sync 1 DAGs
[2026-03-17T05:07:10.758+0000] {logging_mixin.py:188} INFO - [2026-03-17T05:07:10.757+0000] {dag.py:3823} INFO - Setting next_dagrun for daily_revenue_etl_dag to 2026-03-17 00:00:00+00:00, run_after=2026-03-18 00:00:00+00:00
[2026-03-17T05:07:10.775+0000] {processor.py:183} INFO - Processing /opt/airflow/dags/daily_revenue_etl_dag.py took 0.094 seconds
[2026-03-17T05:07:15.788+0000] {processor.py:161} INFO - Started process (PID=1835) to work on /opt/airflow/dags/daily_revenue_etl_dag.py
[2026-03-17T05:07:15.789+0000] {processor.py:830} INFO - Processing file /opt/airflow/dags/daily_revenue_etl_dag.py for tasks to queue
[2026-03-17T05:07:15.791+0000] {logging_mixin.py:188} INFO - [2026-03-17T05:07:15.790+0000] {dagbag.py:538} INFO - Filling up the DagBag from /opt/airflow/dags/daily_revenue_etl_dag.py
[2026-03-17T05:07:15.816+0000] {processor.py:840} INFO - DAG(s) 'daily_revenue_etl_dag' retrieved from /opt/airflow/dags/daily_revenue_etl_dag.py
[2026-03-17T05:07:15.841+0000] {logging_mixin.py:188} INFO - [2026-03-17T05:07:15.841+0000] {dag.py:3036} INFO - Sync 1 DAGs
[2026-03-17T05:07:15.858+0000] {logging_mixin.py:188} INFO - [2026-03-17T05:07:15.858+0000] {dag.py:3823} INFO - Setting next_dagrun for daily_revenue_etl_dag to 2026-03-17 00:00:00+00:00, run_after=2026-03-18 00:00:00+00:00
[2026-03-17T05:07:15.875+0000] {processor.py:183} INFO - Processing /opt/airflow/dags/daily_revenue_etl_dag.py took 0.091 seconds
[2026-03-17T05:07:46.068+0000] {processor.py:161} INFO - Started process (PID=1840) to work on /opt/airflow/dags/daily_revenue_etl_dag.py
[2026-03-17T05:07:46.070+0000] {processor.py:830} INFO - Processing file /opt/airflow/dags/daily_revenue_etl_dag.py for tasks to queue
[2026-03-17T05:07:46.072+0000] {logging_mixin.py:188} INFO - [2026-03-17T05:07:46.071+0000] {dagbag.py:538} INFO - Filling up the DagBag from /opt/airflow/dags/daily_revenue_etl_dag.py
[2026-03-17T05:07:46.091+0000] {processor.py:840} INFO - DAG(s) 'daily_revenue_etl_dag' retrieved from /opt/airflow/dags/daily_revenue_etl_dag.py
[2026-03-17T05:07:46.119+0000] {logging_mixin.py:188} INFO - [2026-03-17T05:07:46.119+0000] {dag.py:3036} INFO - Sync 1 DAGs
[2026-03-17T05:07:46.137+0000] {logging_mixin.py:188} INFO - [2026-03-17T05:07:46.136+0000] {dag.py:3823} INFO - Setting next_dagrun for daily_revenue_etl_dag to 2026-03-17 00:00:00+00:00, run_after=2026-03-18 00:00:00+00:00
[2026-03-17T05:07:46.162+0000] {processor.py:183} INFO - Processing /opt/airflow/dags/daily_revenue_etl_dag.py took 0.098 seconds
[2026-03-17T05:08:16.459+0000] {processor.py:161} INFO - Started process (PID=1845) to work on /opt/airflow/dags/daily_revenue_etl_dag.py
[2026-03-17T05:08:16.460+0000] {processor.py:830} INFO - Processing file /opt/airflow/dags/daily_revenue_etl_dag.py for tasks to queue
[2026-03-17T05:08:16.462+0000] {logging_mixin.py:188} INFO - [2026-03-17T05:08:16.461+0000] {dagbag.py:538} INFO - Filling up the DagBag from /opt/airflow/dags/daily_revenue_etl_dag.py
[2026-03-17T05:08:16.482+0000] {processor.py:840} INFO - DAG(s) 'daily_revenue_etl_dag' retrieved from /opt/airflow/dags/daily_revenue_etl_dag.py
[2026-03-17T05:08:16.503+0000] {logging_mixin.py:188} INFO - [2026-03-17T05:08:16.503+0000] {dag.py:3036} INFO - Sync 1 DAGs
[2026-03-17T05:08:16.524+0000] {logging_mixin.py:188} INFO - [2026-03-17T05:08:16.524+0000] {dag.py:3823} INFO - Setting next_dagrun for daily_revenue_etl_dag to 2026-03-17 00:00:00+00:00, run_after=2026-03-18 00:00:00+00:00
[2026-03-17T05:08:16.540+0000] {processor.py:183} INFO - Processing /opt/airflow/dags/daily_revenue_etl_dag.py took 0.084 seconds
[2026-03-17T05:31:38.994+0000] {processor.py:161} INFO - Started process (PID=1850) to work on /opt/airflow/dags/daily_revenue_etl_dag.py
[2026-03-17T05:31:38.995+0000] {processor.py:830} INFO - Processing file /opt/airflow/dags/daily_revenue_etl_dag.py for tasks to queue
[2026-03-17T05:31:38.996+0000] {logging_mixin.py:188} INFO - [2026-03-17T05:31:38.995+0000] {dagbag.py:538} INFO - Filling up the DagBag from /opt/airflow/dags/daily_revenue_etl_dag.py
[2026-03-17T05:31:39.012+0000] {processor.py:840} INFO - DAG(s) 'daily_revenue_etl_dag' retrieved from /opt/airflow/dags/daily_revenue_etl_dag.py
[2026-03-17T05:31:39.032+0000] {logging_mixin.py:188} INFO - [2026-03-17T05:31:39.032+0000] {dag.py:3036} INFO - Sync 1 DAGs
[2026-03-17T05:31:39.048+0000] {logging_mixin.py:188} INFO - [2026-03-17T05:31:39.048+0000] {dag.py:3823} INFO - Setting next_dagrun for daily_revenue_etl_dag to 2026-03-17 00:00:00+00:00, run_after=2026-03-18 00:00:00+00:00
[2026-03-17T05:31:39.073+0000] {processor.py:183} INFO - Processing /opt/airflow/dags/daily_revenue_etl_dag.py took 0.082 seconds
[2026-03-17T05:33:22.090+0000] {processor.py:161} INFO - Started process (PID=1855) to work on /opt/airflow/dags/daily_revenue_etl_dag.py
[2026-03-17T05:33:22.092+0000] {processor.py:830} INFO - Processing file /opt/airflow/dags/daily_revenue_etl_dag.py for tasks to queue
[2026-03-17T05:33:22.094+0000] {logging_mixin.py:188} INFO - [2026-03-17T05:33:22.093+0000] {dagbag.py:538} INFO - Filling up the DagBag from /opt/airflow/dags/daily_revenue_etl_dag.py
[2026-03-17T05:33:22.112+0000] {processor.py:840} INFO - DAG(s) 'daily_revenue_etl_dag' retrieved from /opt/airflow/dags/daily_revenue_etl_dag.py
[2026-03-17T05:33:22.133+0000] {logging_mixin.py:188} INFO - [2026-03-17T05:33:22.133+0000] {dag.py:3036} INFO - Sync 1 DAGs
[2026-03-17T05:33:22.151+0000] {logging_mixin.py:188} INFO - [2026-03-17T05:33:22.150+0000] {dag.py:3823} INFO - Setting next_dagrun for daily_revenue_etl_dag to 2026-03-17 00:00:00+00:00, run_after=2026-03-18 00:00:00+00:00
[2026-03-17T05:33:22.168+0000] {processor.py:183} INFO - Processing /opt/airflow/dags/daily_revenue_etl_dag.py took 0.085 seconds
[2026-03-17T05:33:54.427+0000] {processor.py:161} INFO - Started process (PID=1860) to work on /opt/airflow/dags/daily_revenue_etl_dag.py
[2026-03-17T05:33:54.429+0000] {processor.py:830} INFO - Processing file /opt/airflow/dags/daily_revenue_etl_dag.py for tasks to queue
[2026-03-17T05:33:54.430+0000] {logging_mixin.py:188} INFO - [2026-03-17T05:33:54.430+0000] {dagbag.py:538} INFO - Filling up the DagBag from /opt/airflow/dags/daily_revenue_etl_dag.py
[2026-03-17T05:10:36.118+0000] {processor.py:840} INFO - DAG(s) 'daily_revenue_etl_dag' retrieved from /opt/airflow/dags/daily_revenue_etl_dag.py
[2026-03-17T05:10:36.141+0000] {logging_mixin.py:188} INFO - [2026-03-17T05:10:36.141+0000] {dag.py:3036} INFO - Sync 1 DAGs
[2026-03-17T05:10:36.162+0000] {logging_mixin.py:188} INFO - [2026-03-17T05:10:36.162+0000] {dag.py:3823} INFO - Setting next_dagrun for daily_revenue_etl_dag to 2026-03-17 00:00:00+00:00, run_after=2026-03-18 00:00:00+00:00
[2026-03-17T05:10:36.180+0000] {processor.py:183} INFO - Processing /opt/airflow/dags/daily_revenue_etl_dag.py took 0.088 seconds
[2026-03-17T05:11:06.506+0000] {processor.py:161} INFO - Started process (PID=1865) to work on /opt/airflow/dags/daily_revenue_etl_dag.py
[2026-03-17T05:11:06.507+0000] {processor.py:830} INFO - Processing file /opt/airflow/dags/daily_revenue_etl_dag.py for tasks to queue
[2026-03-17T05:11:06.508+0000] {logging_mixin.py:188} INFO - [2026-03-17T05:11:06.507+0000] {dagbag.py:538} INFO - Filling up the DagBag from /opt/airflow/dags/daily_revenue_etl_dag.py
[2026-03-17T05:11:06.525+0000] {processor.py:840} INFO - DAG(s) 'daily_revenue_etl_dag' retrieved from /opt/airflow/dags/daily_revenue_etl_dag.py
[2026-03-17T05:11:06.546+0000] {logging_mixin.py:188} INFO - [2026-03-17T05:11:06.546+0000] {dag.py:3036} INFO - Sync 1 DAGs
[2026-03-17T05:11:06.564+0000] {logging_mixin.py:188} INFO - [2026-03-17T05:11:06.564+0000] {dag.py:3823} INFO - Setting next_dagrun for daily_revenue_etl_dag to 2026-03-17 00:00:00+00:00, run_after=2026-03-18 00:00:00+00:00
[2026-03-17T05:11:06.582+0000] {processor.py:183} INFO - Processing /opt/airflow/dags/daily_revenue_etl_dag.py took 0.079 seconds
[2026-03-17T05:34:52.152+0000] {processor.py:161} INFO - Started process (PID=1872) to work on /opt/airflow/dags/daily_revenue_etl_dag.py
[2026-03-17T05:34:52.153+0000] {processor.py:830} INFO - Processing file /opt/airflow/dags/daily_revenue_etl_dag.py for tasks to queue
[2026-03-17T05:34:52.154+0000] {logging_mixin.py:188} INFO - [2026-03-17T05:34:52.154+0000] {dagbag.py:538} INFO - Filling up the DagBag from /opt/airflow/dags/daily_revenue_etl_dag.py
[2026-03-17T05:34:52.172+0000] {processor.py:840} INFO - DAG(s) 'daily_revenue_etl_dag' retrieved from /opt/airflow/dags/daily_revenue_etl_dag.py
[2026-03-17T05:34:52.193+0000] {logging_mixin.py:188} INFO - [2026-03-17T05:34:52.192+0000] {dag.py:3036} INFO - Sync 1 DAGs
[2026-03-17T05:11:33.891+0000] {logging_mixin.py:188} INFO - [2026-03-17T05:11:33.891+0000] {dag.py:3823} INFO - Setting next_dagrun for daily_revenue_etl_dag to 2026-03-17 00:00:00+00:00, run_after=2026-03-18 00:00:00+00:00
[2026-03-17T05:11:33.909+0000] {processor.py:183} INFO - Processing /opt/airflow/dags/daily_revenue_etl_dag.py took 0.078 seconds
[2026-03-17T05:34:59.342+0000] {processor.py:161} INFO - Started process (PID=1877) to work on /opt/airflow/dags/daily_revenue_etl_dag.py
[2026-03-17T05:34:59.343+0000] {processor.py:830} INFO - Processing file /opt/airflow/dags/daily_revenue_etl_dag.py for tasks to queue
[2026-03-17T05:34:59.345+0000] {logging_mixin.py:188} INFO - [2026-03-17T05:34:59.345+0000] {dagbag.py:538} INFO - Filling up the DagBag from /opt/airflow/dags/daily_revenue_etl_dag.py
[2026-03-17T05:34:59.365+0000] {processor.py:840} INFO - DAG(s) 'daily_revenue_etl_dag' retrieved from /opt/airflow/dags/daily_revenue_etl_dag.py
[2026-03-17T05:34:59.387+0000] {logging_mixin.py:188} INFO - [2026-03-17T05:34:59.387+0000] {dag.py:3036} INFO - Sync 1 DAGs
[2026-03-17T05:34:59.404+0000] {logging_mixin.py:188} INFO - [2026-03-17T05:34:59.404+0000] {dag.py:3823} INFO - Setting next_dagrun for daily_revenue_etl_dag to 2026-03-17 00:00:00+00:00, run_after=2026-03-18 00:00:00+00:00
[2026-03-17T05:34:59.422+0000] {processor.py:183} INFO - Processing /opt/airflow/dags/daily_revenue_etl_dag.py took 0.084 seconds
[2026-03-17T05:36:22.226+0000] {processor.py:161} INFO - Started process (PID=1882) to work on /opt/airflow/dags/daily_revenue_etl_dag.py
[2026-03-17T05:36:22.227+0000] {processor.py:830} INFO - Processing file /opt/airflow/dags/daily_revenue_etl_dag.py for tasks to queue
[2026-03-17T05:36:22.228+0000] {logging_mixin.py:188} INFO - [2026-03-17T05:36:22.228+0000] {dagbag.py:538} INFO - Filling up the DagBag from /opt/airflow/dags/daily_revenue_etl_dag.py
[2026-03-17T05:36:22.245+0000] {processor.py:840} INFO - DAG(s) 'daily_revenue_etl_dag' retrieved from /opt/airflow/dags/daily_revenue_etl_dag.py
[2026-03-17T05:36:22.270+0000] {logging_mixin.py:188} INFO - [2026-03-17T05:36:22.270+0000] {dag.py:3036} INFO - Sync 1 DAGs
[2026-03-17T05:36:22.290+0000] {logging_mixin.py:188} INFO - [2026-03-17T05:36:22.289+0000] {dag.py:3823} INFO - Setting next_dagrun for daily_revenue_etl_dag to 2026-03-17 00:00:00+00:00, run_after=2026-03-18 00:00:00+00:00
[2026-03-17T05:13:03.961+0000] {processor.py:183} INFO - Processing /opt/airflow/dags/daily_revenue_etl_dag.py took 0.096 seconds
[2026-03-17T05:36:34.504+0000] {processor.py:161} INFO - Started process (PID=1887) to work on /opt/airflow/dags/daily_revenue_etl_dag.py
[2026-03-17T05:36:34.504+0000] {processor.py:830} INFO - Processing file /opt/airflow/dags/daily_revenue_etl_dag.py for tasks to queue
[2026-03-17T05:36:34.506+0000] {logging_mixin.py:188} INFO - [2026-03-17T05:36:34.505+0000] {dagbag.py:538} INFO - Filling up the DagBag from /opt/airflow/dags/daily_revenue_etl_dag.py
[2026-03-17T05:36:34.521+0000] {processor.py:840} INFO - DAG(s) 'daily_revenue_etl_dag' retrieved from /opt/airflow/dags/daily_revenue_etl_dag.py
[2026-03-17T05:36:34.543+0000] {logging_mixin.py:188} INFO - [2026-03-17T05:36:34.542+0000] {dag.py:3036} INFO - Sync 1 DAGs
[2026-03-17T05:36:34.560+0000] {logging_mixin.py:188} INFO - [2026-03-17T05:36:34.559+0000] {dag.py:3823} INFO - Setting next_dagrun for daily_revenue_etl_dag to 2026-03-17 00:00:00+00:00, run_after=2026-03-18 00:00:00+00:00
[2026-03-17T05:36:34.588+0000] {processor.py:183} INFO - Processing /opt/airflow/dags/daily_revenue_etl_dag.py took 0.087 seconds
[2026-03-17T05:37:04.773+0000] {processor.py:161} INFO - Started process (PID=1892) to work on /opt/airflow/dags/daily_revenue_etl_dag.py
[2026-03-17T05:37:04.775+0000] {processor.py:830} INFO - Processing file /opt/airflow/dags/daily_revenue_etl_dag.py for tasks to queue
[2026-03-17T05:37:04.776+0000] {logging_mixin.py:188} INFO - [2026-03-17T05:37:04.775+0000] {dagbag.py:538} INFO - Filling up the DagBag from /opt/airflow/dags/daily_revenue_etl_dag.py
[2026-03-17T05:37:04.794+0000] {processor.py:840} INFO - DAG(s) 'daily_revenue_etl_dag' retrieved from /opt/airflow/dags/daily_revenue_etl_dag.py
[2026-03-17T05:37:04.822+0000] {logging_mixin.py:188} INFO - [2026-03-17T05:37:04.822+0000] {dag.py:3036} INFO - Sync 1 DAGs
[2026-03-17T05:37:04.844+0000] {logging_mixin.py:188} INFO - [2026-03-17T05:37:04.844+0000] {dag.py:3823} INFO - Setting next_dagrun for daily_revenue_etl_dag to 2026-03-17 00:00:00+00:00, run_after=2026-03-18 00:00:00+00:00
[2026-03-17T05:13:46.516+0000] {processor.py:183} INFO - Processing /opt/airflow/dags/daily_revenue_etl_dag.py took 0.108 seconds
[2026-03-17T05:13:51.528+0000] {processor.py:161} INFO - Started process (PID=1897) to work on /opt/airflow/dags/daily_revenue_etl_dag.py
[2026-03-17T05:13:51.530+0000] {processor.py:830} INFO - Processing file /opt/airflow/dags/daily_revenue_etl_dag.py for tasks to queue
[2026-03-17T05:13:51.531+0000] {logging_mixin.py:188} INFO - [2026-03-17T05:13:51.530+0000] {dagbag.py:538} INFO - Filling up the DagBag from /opt/airflow/dags/daily_revenue_etl_dag.py
[2026-03-17T05:13:51.552+0000] {processor.py:840} INFO - DAG(s) 'daily_revenue_etl_dag' retrieved from /opt/airflow/dags/daily_revenue_etl_dag.py
[2026-03-17T05:13:51.579+0000] {logging_mixin.py:188} INFO - [2026-03-17T05:13:51.579+0000] {dag.py:3036} INFO - Sync 1 DAGs
[2026-03-17T05:13:51.602+0000] {logging_mixin.py:188} INFO - [2026-03-17T05:13:51.602+0000] {dag.py:3823} INFO - Setting next_dagrun for daily_revenue_etl_dag to 2026-03-17 00:00:00+00:00, run_after=2026-03-18 00:00:00+00:00
[2026-03-17T05:13:51.626+0000] {processor.py:183} INFO - Processing /opt/airflow/dags/daily_revenue_etl_dag.py took 0.101 seconds
[2026-03-17T05:37:22.021+0000] {processor.py:161} INFO - Started process (PID=1902) to work on /opt/airflow/dags/daily_revenue_etl_dag.py
[2026-03-17T05:37:22.022+0000] {processor.py:830} INFO - Processing file /opt/airflow/dags/daily_revenue_etl_dag.py for tasks to queue
[2026-03-17T05:37:22.023+0000] {logging_mixin.py:188} INFO - [2026-03-17T05:37:22.023+0000] {dagbag.py:538} INFO - Filling up the DagBag from /opt/airflow/dags/daily_revenue_etl_dag.py
[2026-03-17T05:37:22.040+0000] {processor.py:840} INFO - DAG(s) 'daily_revenue_etl_dag' retrieved from /opt/airflow/dags/daily_revenue_etl_dag.py
[2026-03-17T05:37:22.062+0000] {logging_mixin.py:188} INFO - [2026-03-17T05:37:22.062+0000] {dag.py:3036} INFO - Sync 1 DAGs
[2026-03-17T05:37:22.080+0000] {logging_mixin.py:188} INFO - [2026-03-17T05:37:22.079+0000] {dag.py:3823} INFO - Setting next_dagrun for daily_revenue_etl_dag to 2026-03-17 00:00:00+00:00, run_after=2026-03-18 00:00:00+00:00
[2026-03-17T05:37:22.107+0000] {processor.py:183} INFO - Processing /opt/airflow/dags/daily_revenue_etl_dag.py took 0.089 seconds
[2026-03-17T05:37:52.291+0000] {processor.py:161} INFO - Started process (PID=1907) to work on /opt/airflow/dags/daily_revenue_etl_dag.py
[2026-03-17T05:37:52.292+0000] {processor.py:830} INFO - Processing file /opt/airflow/dags/daily_revenue_etl_dag.py for tasks to queue
[2026-03-17T05:37:52.294+0000] {logging_mixin.py:188} INFO - [2026-03-17T05:37:52.293+0000] {dagbag.py:538} INFO - Filling up the DagBag from /opt/airflow/dags/daily_revenue_etl_dag.py
[2026-03-17T05:14:33.962+0000] {processor.py:840} INFO - DAG(s) 'daily_revenue_etl_dag' retrieved from /opt/airflow/dags/daily_revenue_etl_dag.py
[2026-03-17T05:14:33.991+0000] {logging_mixin.py:188} INFO - [2026-03-17T05:14:33.991+0000] {dag.py:3036} INFO - Sync 1 DAGs
[2026-03-17T05:14:34.014+0000] {logging_mixin.py:188} INFO - [2026-03-17T05:14:34.014+0000] {dag.py:3823} INFO - Setting next_dagrun for daily_revenue_etl_dag to 2026-03-17 00:00:00+00:00, run_after=2026-03-18 00:00:00+00:00
[2026-03-17T05:14:34.034+0000] {processor.py:183} INFO - Processing /opt/airflow/dags/daily_revenue_etl_dag.py took 0.102 seconds
[2026-03-17T05:15:04.202+0000] {processor.py:161} INFO - Started process (PID=1912) to work on /opt/airflow/dags/daily_revenue_etl_dag.py
[2026-03-17T05:15:04.203+0000] {processor.py:830} INFO - Processing file /opt/airflow/dags/daily_revenue_etl_dag.py for tasks to queue
[2026-03-17T05:15:04.204+0000] {logging_mixin.py:188} INFO - [2026-03-17T05:15:04.204+0000] {dagbag.py:538} INFO - Filling up the DagBag from /opt/airflow/dags/daily_revenue_etl_dag.py
[2026-03-17T05:15:04.226+0000] {processor.py:840} INFO - DAG(s) 'daily_revenue_etl_dag' retrieved from /opt/airflow/dags/daily_revenue_etl_dag.py
[2026-03-17T05:15:04.251+0000] {logging_mixin.py:188} INFO - [2026-03-17T05:15:04.251+0000] {dag.py:3036} INFO - Sync 1 DAGs
[2026-03-17T05:15:04.270+0000] {logging_mixin.py:188} INFO - [2026-03-17T05:15:04.270+0000] {dag.py:3823} INFO - Setting next_dagrun for daily_revenue_etl_dag to 2026-03-17 00:00:00+00:00, run_after=2026-03-18 00:00:00+00:00
[2026-03-17T05:15:04.300+0000] {processor.py:183} INFO - Processing /opt/airflow/dags/daily_revenue_etl_dag.py took 0.101 seconds
[2026-03-17T05:38:39.754+0000] {processor.py:161} INFO - Started process (PID=1917) to work on /opt/airflow/dags/daily_revenue_etl_dag.py
[2026-03-17T05:38:39.755+0000] {processor.py:830} INFO - Processing file /opt/airflow/dags/daily_revenue_etl_dag.py for tasks to queue
[2026-03-17T05:38:39.756+0000] {logging_mixin.py:188} INFO - [2026-03-17T05:38:39.756+0000] {dagbag.py:538} INFO - Filling up the DagBag from /opt/airflow/dags/daily_revenue_etl_dag.py
[2026-03-17T05:38:39.773+0000] {processor.py:840} INFO - DAG(s) 'daily_revenue_etl_dag' retrieved from /opt/airflow/dags/daily_revenue_etl_dag.py
[2026-03-17T05:38:39.796+0000] {logging_mixin.py:188} INFO - [2026-03-17T05:38:39.796+0000] {dag.py:3036} INFO - Sync 1 DAGs
[2026-03-17T05:38:39.814+0000] {logging_mixin.py:188} INFO - [2026-03-17T05:38:39.813+0000] {dag.py:3823} INFO - Setting next_dagrun for daily_revenue_etl_dag to 2026-03-17 00:00:00+00:00, run_after=2026-03-18 00:00:00+00:00
[2026-03-17T05:38:39.843+0000] {processor.py:183} INFO - Processing /opt/airflow/dags/daily_revenue_etl_dag.py took 0.092 seconds
[2026-03-17T05:39:09.970+0000] {processor.py:161} INFO - Started process (PID=1922) to work on /opt/airflow/dags/daily_revenue_etl_dag.py
[2026-03-17T05:39:09.971+0000] {processor.py:830} INFO - Processing file /opt/airflow/dags/daily_revenue_etl_dag.py for tasks to queue
[2026-03-17T05:39:09.972+0000] {logging_mixin.py:188} INFO - [2026-03-17T05:39:09.972+0000] {dagbag.py:538} INFO - Filling up the DagBag from /opt/airflow/dags/daily_revenue_etl_dag.py
[2026-03-17T05:39:09.992+0000] {processor.py:840} INFO - DAG(s) 'daily_revenue_etl_dag' retrieved from /opt/airflow/dags/daily_revenue_etl_dag.py
[2026-03-17T05:39:10.016+0000] {logging_mixin.py:188} INFO - [2026-03-17T05:39:10.016+0000] {dag.py:3036} INFO - Sync 1 DAGs
[2026-03-17T05:39:10.038+0000] {logging_mixin.py:188} INFO - [2026-03-17T05:39:10.038+0000] {dag.py:3823} INFO - Setting next_dagrun for daily_revenue_etl_dag to 2026-03-17 00:00:00+00:00, run_after=2026-03-18 00:00:00+00:00
[2026-03-17T05:39:10.066+0000] {processor.py:183} INFO - Processing /opt/airflow/dags/daily_revenue_etl_dag.py took 0.099 seconds
[2026-03-17T05:41:40.086+0000] {processor.py:161} INFO - Started process (PID=1927) to work on /opt/airflow/dags/daily_revenue_etl_dag.py
[2026-03-17T05:41:40.087+0000] {processor.py:830} INFO - Processing file /opt/airflow/dags/daily_revenue_etl_dag.py for tasks to queue
[2026-03-17T05:41:40.089+0000] {logging_mixin.py:188} INFO - [2026-03-17T05:41:40.088+0000] {dagbag.py:538} INFO - Filling up the DagBag from /opt/airflow/dags/daily_revenue_etl_dag.py
[2026-03-17T05:41:40.125+0000] {processor.py:840} INFO - DAG(s) 'daily_revenue_etl_dag' retrieved from /opt/airflow/dags/daily_revenue_etl_dag.py
[2026-03-17T05:41:40.155+0000] {logging_mixin.py:188} INFO - [2026-03-17T05:41:40.154+0000] {dag.py:3036} INFO - Sync 1 DAGs
[2026-03-17T05:41:40.176+0000] {logging_mixin.py:188} INFO - [2026-03-17T05:41:40.176+0000] {dag.py:3823} INFO - Setting next_dagrun for daily_revenue_etl_dag to 2026-03-17 00:00:00+00:00, run_after=2026-03-18 00:00:00+00:00
[2026-03-17T05:41:40.194+0000] {processor.py:183} INFO - Processing /opt/airflow/dags/daily_revenue_etl_dag.py took 0.111 seconds
[2026-03-17T05:18:51.992+0000] {processor.py:161} INFO - Started process (PID=1932) to work on /opt/airflow/dags/daily_revenue_etl_dag.py
[2026-03-17T05:18:51.994+0000] {processor.py:830} INFO - Processing file /opt/airflow/dags/daily_revenue_etl_dag.py for tasks to queue
[2026-03-17T05:18:51.995+0000] {logging_mixin.py:188} INFO - [2026-03-17T05:18:51.994+0000] {dagbag.py:538} INFO - Filling up the DagBag from /opt/airflow/dags/daily_revenue_etl_dag.py
[2026-03-17T05:18:52.020+0000] {processor.py:840} INFO - DAG(s) 'daily_revenue_etl_dag' retrieved from /opt/airflow/dags/daily_revenue_etl_dag.py
[2026-03-17T05:18:52.052+0000] {logging_mixin.py:188} INFO - [2026-03-17T05:18:52.052+0000] {dag.py:3036} INFO - Sync 1 DAGs
[2026-03-17T05:18:52.084+0000] {logging_mixin.py:188} INFO - [2026-03-17T05:18:52.084+0000] {dag.py:3823} INFO - Setting next_dagrun for daily_revenue_etl_dag to 2026-03-17 00:00:00+00:00, run_after=2026-03-18 00:00:00+00:00
[2026-03-17T05:18:52.110+0000] {processor.py:183} INFO - Processing /opt/airflow/dags/daily_revenue_etl_dag.py took 0.121 seconds
[2026-03-17T05:19:22.297+0000] {processor.py:161} INFO - Started process (PID=1937) to work on /opt/airflow/dags/daily_revenue_etl_dag.py
[2026-03-17T05:19:22.298+0000] {processor.py:830} INFO - Processing file /opt/airflow/dags/daily_revenue_etl_dag.py for tasks to queue
[2026-03-17T05:19:22.299+0000] {logging_mixin.py:188} INFO - [2026-03-17T05:19:22.299+0000] {dagbag.py:538} INFO - Filling up the DagBag from /opt/airflow/dags/daily_revenue_etl_dag.py
[2026-03-17T05:19:22.321+0000] {processor.py:840} INFO - DAG(s) 'daily_revenue_etl_dag' retrieved from /opt/airflow/dags/daily_revenue_etl_dag.py
[2026-03-17T05:19:22.347+0000] {logging_mixin.py:188} INFO - [2026-03-17T05:19:22.347+0000] {dag.py:3036} INFO - Sync 1 DAGs
[2026-03-17T05:19:22.368+0000] {logging_mixin.py:188} INFO - [2026-03-17T05:19:22.367+0000] {dag.py:3823} INFO - Setting next_dagrun for daily_revenue_etl_dag to 2026-03-17 00:00:00+00:00, run_after=2026-03-18 00:00:00+00:00
[2026-03-17T05:19:22.399+0000] {processor.py:183} INFO - Processing /opt/airflow/dags/daily_revenue_etl_dag.py took 0.106 seconds
[2026-03-17T05:19:52.529+0000] {processor.py:161} INFO - Started process (PID=1942) to work on /opt/airflow/dags/daily_revenue_etl_dag.py
[2026-03-17T05:19:52.530+0000] {processor.py:830} INFO - Processing file /opt/airflow/dags/daily_revenue_etl_dag.py for tasks to queue
[2026-03-17T05:19:52.531+0000] {logging_mixin.py:188} INFO - [2026-03-17T05:19:52.531+0000] {dagbag.py:538} INFO - Filling up the DagBag from /opt/airflow/dags/daily_revenue_etl_dag.py
[2026-03-17T05:19:52.550+0000] {processor.py:840} INFO - DAG(s) 'daily_revenue_etl_dag' retrieved from /opt/airflow/dags/daily_revenue_etl_dag.py
[2026-03-17T05:19:52.574+0000] {logging_mixin.py:188} INFO - [2026-03-17T05:19:52.574+0000] {dag.py:3036} INFO - Sync 1 DAGs
[2026-03-17T05:19:52.593+0000] {logging_mixin.py:188} INFO - [2026-03-17T05:19:52.593+0000] {dag.py:3823} INFO - Setting next_dagrun for daily_revenue_etl_dag to 2026-03-17 00:00:00+00:00, run_after=2026-03-18 00:00:00+00:00
[2026-03-17T05:19:52.611+0000] {processor.py:183} INFO - Processing /opt/airflow/dags/daily_revenue_etl_dag.py took 0.085 seconds
[2026-03-17T05:20:22.781+0000] {processor.py:161} INFO - Started process (PID=1947) to work on /opt/airflow/dags/daily_revenue_etl_dag.py
[2026-03-17T05:20:22.782+0000] {processor.py:830} INFO - Processing file /opt/airflow/dags/daily_revenue_etl_dag.py for tasks to queue
[2026-03-17T05:20:22.783+0000] {logging_mixin.py:188} INFO - [2026-03-17T05:20:22.783+0000] {dagbag.py:538} INFO - Filling up the DagBag from /opt/airflow/dags/daily_revenue_etl_dag.py
[2026-03-17T05:20:22.803+0000] {processor.py:840} INFO - DAG(s) 'daily_revenue_etl_dag' retrieved from /opt/airflow/dags/daily_revenue_etl_dag.py
[2026-03-17T05:20:22.827+0000] {logging_mixin.py:188} INFO - [2026-03-17T05:20:22.827+0000] {dag.py:3036} INFO - Sync 1 DAGs
[2026-03-17T05:20:22.846+0000] {logging_mixin.py:188} INFO - [2026-03-17T05:20:22.846+0000] {dag.py:3823} INFO - Setting next_dagrun for daily_revenue_etl_dag to 2026-03-17 00:00:00+00:00, run_after=2026-03-18 00:00:00+00:00
[2026-03-17T05:20:22.865+0000] {processor.py:183} INFO - Processing /opt/airflow/dags/daily_revenue_etl_dag.py took 0.087 seconds
[2026-03-17T05:43:45.286+0000] {processor.py:161} INFO - Started process (PID=1952) to work on /opt/airflow/dags/daily_revenue_etl_dag.py
[2026-03-17T05:43:45.287+0000] {processor.py:830} INFO - Processing file /opt/airflow/dags/daily_revenue_etl_dag.py for tasks to queue
[2026-03-17T05:43:45.288+0000] {logging_mixin.py:188} INFO - [2026-03-17T05:43:45.288+0000] {dagbag.py:538} INFO - Filling up the DagBag from /opt/airflow/dags/daily_revenue_etl_dag.py
[2026-03-17T05:43:45.312+0000] {processor.py:840} INFO - DAG(s) 'daily_revenue_etl_dag' retrieved from /opt/airflow/dags/daily_revenue_etl_dag.py
[2026-03-17T05:43:45.343+0000] {logging_mixin.py:188} INFO - [2026-03-17T05:43:45.342+0000] {dag.py:3036} INFO - Sync 1 DAGs
[2026-03-17T05:43:45.368+0000] {logging_mixin.py:188} INFO - [2026-03-17T05:43:45.367+0000] {dag.py:3823} INFO - Setting next_dagrun for daily_revenue_etl_dag to 2026-03-17 00:00:00+00:00, run_after=2026-03-18 00:00:00+00:00
[2026-03-17T05:43:45.394+0000] {processor.py:183} INFO - Processing /opt/airflow/dags/daily_revenue_etl_dag.py took 0.113 seconds
[2026-03-17T05:44:15.493+0000] {processor.py:161} INFO - Started process (PID=1957) to work on /opt/airflow/dags/daily_revenue_etl_dag.py
[2026-03-17T05:44:15.494+0000] {processor.py:830} INFO - Processing file /opt/airflow/dags/daily_revenue_etl_dag.py for tasks to queue
[2026-03-17T05:44:15.495+0000] {logging_mixin.py:188} INFO - [2026-03-17T05:44:15.495+0000] {dagbag.py:538} INFO - Filling up the DagBag from /opt/airflow/dags/daily_revenue_etl_dag.py
[2026-03-17T05:44:15.514+0000] {processor.py:840} INFO - DAG(s) 'daily_revenue_etl_dag' retrieved from /opt/airflow/dags/daily_revenue_etl_dag.py
[2026-03-17T05:44:15.543+0000] {logging_mixin.py:188} INFO - [2026-03-17T05:44:15.543+0000] {dag.py:3036} INFO - Sync 1 DAGs
[2026-03-17T05:44:15.566+0000] {logging_mixin.py:188} INFO - [2026-03-17T05:44:15.566+0000] {dag.py:3823} INFO - Setting next_dagrun for daily_revenue_etl_dag to 2026-03-17 00:00:00+00:00, run_after=2026-03-18 00:00:00+00:00
[2026-03-17T05:44:15.597+0000] {processor.py:183} INFO - Processing /opt/airflow/dags/daily_revenue_etl_dag.py took 0.107 seconds
[2026-03-17T05:45:22.096+0000] {processor.py:161} INFO - Started process (PID=1962) to work on /opt/airflow/dags/daily_revenue_etl_dag.py
[2026-03-17T05:45:22.098+0000] {processor.py:830} INFO - Processing file /opt/airflow/dags/daily_revenue_etl_dag.py for tasks to queue
[2026-03-17T05:45:22.100+0000] {logging_mixin.py:188} INFO - [2026-03-17T05:45:22.099+0000] {dagbag.py:538} INFO - Filling up the DagBag from /opt/airflow/dags/daily_revenue_etl_dag.py
[2026-03-17T05:45:22.138+0000] {processor.py:840} INFO - DAG(s) 'daily_revenue_etl_dag' retrieved from /opt/airflow/dags/daily_revenue_etl_dag.py
[2026-03-17T05:45:22.182+0000] {logging_mixin.py:188} INFO - [2026-03-17T05:45:22.181+0000] {dag.py:3036} INFO - Sync 1 DAGs
[2026-03-17T05:45:22.212+0000] {logging_mixin.py:188} INFO - [2026-03-17T05:45:22.212+0000] {dag.py:3823} INFO - Setting next_dagrun for daily_revenue_etl_dag to 2026-03-17 00:00:00+00:00, run_after=2026-03-18 00:00:00+00:00
[2026-03-17T05:45:22.253+0000] {processor.py:183} INFO - Processing /opt/airflow/dags/daily_revenue_etl_dag.py took 0.161 seconds
[2026-03-17T05:45:52.334+0000] {processor.py:161} INFO - Started process (PID=1967) to work on /opt/airflow/dags/daily_revenue_etl_dag.py
[2026-03-17T05:45:52.335+0000] {processor.py:830} INFO - Processing file /opt/airflow/dags/daily_revenue_etl_dag.py for tasks to queue
[2026-03-17T05:45:52.336+0000] {logging_mixin.py:188} INFO - [2026-03-17T05:45:52.335+0000] {dagbag.py:538} INFO - Filling up the DagBag from /opt/airflow/dags/daily_revenue_etl_dag.py
[2026-03-17T05:45:52.351+0000] {processor.py:840} INFO - DAG(s) 'daily_revenue_etl_dag' retrieved from /opt/airflow/dags/daily_revenue_etl_dag.py
[2026-03-17T05:22:34.028+0000] {logging_mixin.py:188} INFO - [2026-03-17T05:22:34.028+0000] {dag.py:3036} INFO - Sync 1 DAGs
[2026-03-17T05:22:34.047+0000] {logging_mixin.py:188} INFO - [2026-03-17T05:22:34.047+0000] {dag.py:3823} INFO - Setting next_dagrun for daily_revenue_etl_dag to 2026-03-17 00:00:00+00:00, run_after=2026-03-18 00:00:00+00:00
[2026-03-17T05:22:34.062+0000] {processor.py:183} INFO - Processing /opt/airflow/dags/daily_revenue_etl_dag.py took 0.079 seconds
[2026-03-17T05:46:10.563+0000] {processor.py:161} INFO - Started process (PID=1972) to work on /opt/airflow/dags/daily_revenue_etl_dag.py
[2026-03-17T05:46:10.564+0000] {processor.py:830} INFO - Processing file /opt/airflow/dags/daily_revenue_etl_dag.py for tasks to queue
[2026-03-17T05:46:10.565+0000] {logging_mixin.py:188} INFO - [2026-03-17T05:46:10.565+0000] {dagbag.py:538} INFO - Filling up the DagBag from /opt/airflow/dags/daily_revenue_etl_dag.py
[2026-03-17T05:46:10.585+0000] {processor.py:840} INFO - DAG(s) 'daily_revenue_etl_dag' retrieved from /opt/airflow/dags/daily_revenue_etl_dag.py
[2026-03-17T05:46:10.611+0000] {logging_mixin.py:188} INFO - [2026-03-17T05:46:10.611+0000] {dag.py:3036} INFO - Sync 1 DAGs
[2026-03-17T05:46:10.634+0000] {logging_mixin.py:188} INFO - [2026-03-17T05:46:10.633+0000] {dag.py:3823} INFO - Setting next_dagrun for daily_revenue_etl_dag to 2026-03-17 00:00:00+00:00, run_after=2026-03-18 00:00:00+00:00
[2026-03-17T05:46:10.668+0000] {processor.py:183} INFO - Processing /opt/airflow/dags/daily_revenue_etl_dag.py took 0.109 seconds
[2026-03-17T05:46:40.816+0000] {processor.py:161} INFO - Started process (PID=1977) to work on /opt/airflow/dags/daily_revenue_etl_dag.py
[2026-03-17T05:46:40.817+0000] {processor.py:830} INFO - Processing file /opt/airflow/dags/daily_revenue_etl_dag.py for tasks to queue
[2026-03-17T05:46:40.818+0000] {logging_mixin.py:188} INFO - [2026-03-17T05:46:40.818+0000] {dagbag.py:538} INFO - Filling up the DagBag from /opt/airflow/dags/daily_revenue_etl_dag.py
[2026-03-17T05:23:22.530+0000] {processor.py:840} INFO - DAG(s) 'daily_revenue_etl_dag' retrieved from /opt/airflow/dags/daily_revenue_etl_dag.py
[2026-03-17T05:23:22.559+0000] {logging_mixin.py:188} INFO - [2026-03-17T05:23:22.559+0000] {dag.py:3036} INFO - Sync 1 DAGs
[2026-03-17T05:23:22.578+0000] {logging_mixin.py:188} INFO - [2026-03-17T05:23:22.578+0000] {dag.py:3823} INFO - Setting next_dagrun for daily_revenue_etl_dag to 2026-03-17 00:00:00+00:00, run_after=2026-03-18 00:00:00+00:00
[2026-03-17T05:23:22.594+0000] {processor.py:183} INFO - Processing /opt/airflow/dags/daily_revenue_etl_dag.py took 0.096 seconds
[2026-03-17T05:23:52.803+0000] {processor.py:161} INFO - Started process (PID=1982) to work on /opt/airflow/dags/daily_revenue_etl_dag.py
[2026-03-17T05:23:52.804+0000] {processor.py:830} INFO - Processing file /opt/airflow/dags/daily_revenue_etl_dag.py for tasks to queue
[2026-03-17T05:23:52.805+0000] {logging_mixin.py:188} INFO - [2026-03-17T05:23:52.805+0000] {dagbag.py:538} INFO - Filling up the DagBag from /opt/airflow/dags/daily_revenue_etl_dag.py
[2026-03-17T05:23:52.830+0000] {processor.py:840} INFO - DAG(s) 'daily_revenue_etl_dag' retrieved from /opt/airflow/dags/daily_revenue_etl_dag.py
[2026-03-17T05:23:52.853+0000] {logging_mixin.py:188} INFO - [2026-03-17T05:23:52.853+0000] {dag.py:3036} INFO - Sync 1 DAGs
[2026-03-17T05:23:52.871+0000] {logging_mixin.py:188} INFO - [2026-03-17T05:23:52.871+0000] {dag.py:3823} INFO - Setting next_dagrun for daily_revenue_etl_dag to 2026-03-17 00:00:00+00:00, run_after=2026-03-18 00:00:00+00:00
[2026-03-17T05:23:52.888+0000] {processor.py:183} INFO - Processing /opt/airflow/dags/daily_revenue_etl_dag.py took 0.088 seconds
[2026-03-17T05:47:22.244+0000] {processor.py:161} INFO - Started process (PID=1987) to work on /opt/airflow/dags/daily_revenue_etl_dag.py
[2026-03-17T05:47:22.247+0000] {processor.py:830} INFO - Processing file /opt/airflow/dags/daily_revenue_etl_dag.py for tasks to queue
[2026-03-17T05:47:22.250+0000] {logging_mixin.py:188} INFO - [2026-03-17T05:47:22.249+0000] {dagbag.py:538} INFO - Filling up the DagBag from /opt/airflow/dags/daily_revenue_etl_dag.py
[2026-03-17T05:47:22.305+0000] {processor.py:840} INFO - DAG(s) 'daily_revenue_etl_dag' retrieved from /opt/airflow/dags/daily_revenue_etl_dag.py
[2026-03-17T05:47:22.336+0000] {logging_mixin.py:188} INFO - [2026-03-17T05:47:22.336+0000] {dag.py:3036} INFO - Sync 1 DAGs
[2026-03-17T05:47:22.355+0000] {logging_mixin.py:188} INFO - [2026-03-17T05:47:22.354+0000] {dag.py:3823} INFO - Setting next_dagrun for daily_revenue_etl_dag to 2026-03-17 00:00:00+00:00, run_after=2026-03-18 00:00:00+00:00
[2026-03-17T05:47:22.376+0000] {processor.py:183} INFO - Processing /opt/airflow/dags/daily_revenue_etl_dag.py took 0.143 seconds
[2026-03-17T05:48:25.781+0000] {processor.py:161} INFO - Started process (PID=1994) to work on /opt/airflow/dags/daily_revenue_etl_dag.py
[2026-03-17T05:48:25.782+0000] {processor.py:830} INFO - Processing file /opt/airflow/dags/daily_revenue_etl_dag.py for tasks to queue
[2026-03-17T05:48:25.784+0000] {logging_mixin.py:188} INFO - [2026-03-17T05:48:25.783+0000] {dagbag.py:538} INFO - Filling up the DagBag from /opt/airflow/dags/daily_revenue_etl_dag.py
[2026-03-17T05:48:25.808+0000] {processor.py:840} INFO - DAG(s) 'daily_revenue_etl_dag' retrieved from /opt/airflow/dags/daily_revenue_etl_dag.py
[2026-03-17T05:48:25.840+0000] {logging_mixin.py:188} INFO - [2026-03-17T05:48:25.840+0000] {dag.py:3036} INFO - Sync 1 DAGs
[2026-03-17T05:48:25.866+0000] {logging_mixin.py:188} INFO - [2026-03-17T05:48:25.866+0000] {dag.py:3823} INFO - Setting next_dagrun for daily_revenue_etl_dag to 2026-03-17 00:00:00+00:00, run_after=2026-03-18 00:00:00+00:00
[2026-03-17T05:48:25.892+0000] {processor.py:183} INFO - Processing /opt/airflow/dags/daily_revenue_etl_dag.py took 0.115 seconds
[2026-03-17T05:48:55.999+0000] {processor.py:161} INFO - Started process (PID=2000) to work on /opt/airflow/dags/daily_revenue_etl_dag.py
[2026-03-17T05:48:56.000+0000] {processor.py:830} INFO - Processing file /opt/airflow/dags/daily_revenue_etl_dag.py for tasks to queue
[2026-03-17T05:48:56.001+0000] {logging_mixin.py:188} INFO - [2026-03-17T05:48:56.000+0000] {dagbag.py:538} INFO - Filling up the DagBag from /opt/airflow/dags/daily_revenue_etl_dag.py
[2026-03-17T05:48:56.017+0000] {processor.py:840} INFO - DAG(s) 'daily_revenue_etl_dag' retrieved from /opt/airflow/dags/daily_revenue_etl_dag.py
[2026-03-17T05:48:56.042+0000] {logging_mixin.py:188} INFO - [2026-03-17T05:48:56.041+0000] {dag.py:3036} INFO - Sync 1 DAGs
[2026-03-17T05:48:56.061+0000] {logging_mixin.py:188} INFO - [2026-03-17T05:48:56.061+0000] {dag.py:3823} INFO - Setting next_dagrun for daily_revenue_etl_dag to 2026-03-17 00:00:00+00:00, run_after=2026-03-18 00:00:00+00:00
[2026-03-17T05:25:37.780+0000] {processor.py:183} INFO - Processing /opt/airflow/dags/daily_revenue_etl_dag.py took 0.093 seconds
[2026-03-17T05:49:22.298+0000] {processor.py:161} INFO - Started process (PID=2005) to work on /opt/airflow/dags/daily_revenue_etl_dag.py
[2026-03-17T05:49:22.299+0000] {processor.py:830} INFO - Processing file /opt/airflow/dags/daily_revenue_etl_dag.py for tasks to queue
[2026-03-17T05:49:22.300+0000] {logging_mixin.py:188} INFO - [2026-03-17T05:49:22.299+0000] {dagbag.py:538} INFO - Filling up the DagBag from /opt/airflow/dags/daily_revenue_etl_dag.py
[2026-03-17T05:49:22.315+0000] {processor.py:840} INFO - DAG(s) 'daily_revenue_etl_dag' retrieved from /opt/airflow/dags/daily_revenue_etl_dag.py
[2026-03-17T05:26:04.032+0000] {logging_mixin.py:188} INFO - [2026-03-17T05:26:04.032+0000] {dag.py:3036} INFO - Sync 1 DAGs
[2026-03-17T05:26:04.051+0000] {logging_mixin.py:188} INFO - [2026-03-17T05:26:04.051+0000] {dag.py:3823} INFO - Setting next_dagrun for daily_revenue_etl_dag to 2026-03-17 00:00:00+00:00, run_after=2026-03-18 00:00:00+00:00
[2026-03-17T05:26:04.069+0000] {processor.py:183} INFO - Processing /opt/airflow/dags/daily_revenue_etl_dag.py took 0.080 seconds
[2026-03-17T05:26:34.222+0000] {processor.py:161} INFO - Started process (PID=2010) to work on /opt/airflow/dags/daily_revenue_etl_dag.py
[2026-03-17T05:26:34.223+0000] {processor.py:830} INFO - Processing file /opt/airflow/dags/daily_revenue_etl_dag.py for tasks to queue
[2026-03-17T05:26:34.224+0000] {logging_mixin.py:188} INFO - [2026-03-17T05:26:34.224+0000] {dagbag.py:538} INFO - Filling up the DagBag from /opt/airflow/dags/daily_revenue_etl_dag.py
[2026-03-17T05:26:34.246+0000] {processor.py:840} INFO - DAG(s) 'daily_revenue_etl_dag' retrieved from /opt/airflow/dags/daily_revenue_etl_dag.py
[2026-03-17T05:26:34.277+0000] {logging_mixin.py:188} INFO - [2026-03-17T05:26:34.277+0000] {dag.py:3036} INFO - Sync 1 DAGs
[2026-03-17T05:26:34.299+0000] {logging_mixin.py:188} INFO - [2026-03-17T05:26:34.299+0000] {dag.py:3823} INFO - Setting next_dagrun for daily_revenue_etl_dag to 2026-03-17 00:00:00+00:00, run_after=2026-03-18 00:00:00+00:00
[2026-03-17T05:26:34.329+0000] {processor.py:183} INFO - Processing /opt/airflow/dags/daily_revenue_etl_dag.py took 0.110 seconds
[2026-03-17T05:27:04.478+0000] {processor.py:161} INFO - Started process (PID=2015) to work on /opt/airflow/dags/daily_revenue_etl_dag.py
[2026-03-17T05:27:04.479+0000] {processor.py:830} INFO - Processing file /opt/airflow/dags/daily_revenue_etl_dag.py for tasks to queue
[2026-03-17T05:27:04.480+0000] {logging_mixin.py:188} INFO - [2026-03-17T05:27:04.480+0000] {dagbag.py:538} INFO - Filling up the DagBag from /opt/airflow/dags/daily_revenue_etl_dag.py
[2026-03-17T05:27:04.499+0000] {processor.py:840} INFO - DAG(s) 'daily_revenue_etl_dag' retrieved from /opt/airflow/dags/daily_revenue_etl_dag.py
[2026-03-17T05:27:04.521+0000] {logging_mixin.py:188} INFO - [2026-03-17T05:27:04.521+0000] {dag.py:3036} INFO - Sync 1 DAGs
[2026-03-17T05:27:04.540+0000] {logging_mixin.py:188} INFO - [2026-03-17T05:27:04.540+0000] {dag.py:3823} INFO - Setting next_dagrun for daily_revenue_etl_dag to 2026-03-17 00:00:00+00:00, run_after=2026-03-18 00:00:00+00:00
[2026-03-17T05:27:04.571+0000] {processor.py:183} INFO - Processing /opt/airflow/dags/daily_revenue_etl_dag.py took 0.096 seconds
[2026-03-17T05:50:30.968+0000] {processor.py:161} INFO - Started process (PID=2020) to work on /opt/airflow/dags/daily_revenue_etl_dag.py
[2026-03-17T05:50:30.969+0000] {processor.py:830} INFO - Processing file /opt/airflow/dags/daily_revenue_etl_dag.py for tasks to queue
[2026-03-17T05:50:30.970+0000] {logging_mixin.py:188} INFO - [2026-03-17T05:50:30.970+0000] {dagbag.py:538} INFO - Filling up the DagBag from /opt/airflow/dags/daily_revenue_etl_dag.py
[2026-03-17T05:50:30.990+0000] {processor.py:840} INFO - DAG(s) 'daily_revenue_etl_dag' retrieved from /opt/airflow/dags/daily_revenue_etl_dag.py
[2026-03-17T05:50:31.017+0000] {logging_mixin.py:188} INFO - [2026-03-17T05:50:31.016+0000] {dag.py:3036} INFO - Sync 1 DAGs
[2026-03-17T05:50:31.038+0000] {logging_mixin.py:188} INFO - [2026-03-17T05:50:31.038+0000] {dag.py:3823} INFO - Setting next_dagrun for daily_revenue_etl_dag to 2026-03-17 00:00:00+00:00, run_after=2026-03-18 00:00:00+00:00
[2026-03-17T05:50:31.071+0000] {processor.py:183} INFO - Processing /opt/airflow/dags/daily_revenue_etl_dag.py took 0.107 seconds
[2026-03-17T05:51:01.182+0000] {processor.py:161} INFO - Started process (PID=2025) to work on /opt/airflow/dags/daily_revenue_etl_dag.py
[2026-03-17T05:51:01.184+0000] {processor.py:830} INFO - Processing file /opt/airflow/dags/daily_revenue_etl_dag.py for tasks to queue
[2026-03-17T05:51:01.185+0000] {logging_mixin.py:188} INFO - [2026-03-17T05:51:01.184+0000] {dagbag.py:538} INFO - Filling up the DagBag from /opt/airflow/dags/daily_revenue_etl_dag.py
[2026-03-17T05:51:01.201+0000] {processor.py:840} INFO - DAG(s) 'daily_revenue_etl_dag' retrieved from /opt/airflow/dags/daily_revenue_etl_dag.py
[2026-03-17T05:51:01.224+0000] {logging_mixin.py:188} INFO - [2026-03-17T05:51:01.224+0000] {dag.py:3036} INFO - Sync 1 DAGs
[2026-03-17T05:51:01.242+0000] {logging_mixin.py:188} INFO - [2026-03-17T05:51:01.242+0000] {dag.py:3823} INFO - Setting next_dagrun for daily_revenue_etl_dag to 2026-03-17 00:00:00+00:00, run_after=2026-03-18 00:00:00+00:00
[2026-03-17T05:51:01.272+0000] {processor.py:183} INFO - Processing /opt/airflow/dags/daily_revenue_etl_dag.py took 0.092 seconds
[2026-03-17T05:51:06.330+0000] {processor.py:161} INFO - Started process (PID=2030) to work on /opt/airflow/dags/daily_revenue_etl_dag.py
[2026-03-17T05:51:06.331+0000] {processor.py:830} INFO - Processing file /opt/airflow/dags/daily_revenue_etl_dag.py for tasks to queue
[2026-03-17T05:51:06.332+0000] {logging_mixin.py:188} INFO - [2026-03-17T05:51:06.331+0000] {dagbag.py:538} INFO - Filling up the DagBag from /opt/airflow/dags/daily_revenue_etl_dag.py
[2026-03-17T05:51:06.348+0000] {processor.py:840} INFO - DAG(s) 'daily_revenue_etl_dag' retrieved from /opt/airflow/dags/daily_revenue_etl_dag.py
[2026-03-17T05:27:48.031+0000] {logging_mixin.py:188} INFO - [2026-03-17T05:27:48.031+0000] {dag.py:3036} INFO - Sync 1 DAGs
[2026-03-17T05:27:48.050+0000] {logging_mixin.py:188} INFO - [2026-03-17T05:27:48.050+0000] {dag.py:3823} INFO - Setting next_dagrun for daily_revenue_etl_dag to 2026-03-17 00:00:00+00:00, run_after=2026-03-18 00:00:00+00:00
[2026-03-17T05:27:48.065+0000] {processor.py:183} INFO - Processing /opt/airflow/dags/daily_revenue_etl_dag.py took 0.078 seconds
[2026-03-17T05:28:18.247+0000] {processor.py:161} INFO - Started process (PID=2035) to work on /opt/airflow/dags/daily_revenue_etl_dag.py
[2026-03-17T05:28:18.248+0000] {processor.py:830} INFO - Processing file /opt/airflow/dags/daily_revenue_etl_dag.py for tasks to queue
[2026-03-17T05:28:18.249+0000] {logging_mixin.py:188} INFO - [2026-03-17T05:28:18.249+0000] {dagbag.py:538} INFO - Filling up the DagBag from /opt/airflow/dags/daily_revenue_etl_dag.py
[2026-03-17T05:28:18.266+0000] {processor.py:840} INFO - DAG(s) 'daily_revenue_etl_dag' retrieved from /opt/airflow/dags/daily_revenue_etl_dag.py
[2026-03-17T05:28:18.287+0000] {logging_mixin.py:188} INFO - [2026-03-17T05:28:18.287+0000] {dag.py:3036} INFO - Sync 1 DAGs
[2026-03-17T05:28:18.305+0000] {logging_mixin.py:188} INFO - [2026-03-17T05:28:18.305+0000] {dag.py:3823} INFO - Setting next_dagrun for daily_revenue_etl_dag to 2026-03-17 00:00:00+00:00, run_after=2026-03-18 00:00:00+00:00
[2026-03-17T05:28:18.321+0000] {processor.py:183} INFO - Processing /opt/airflow/dags/daily_revenue_etl_dag.py took 0.077 seconds
[2026-03-17T05:28:48.480+0000] {processor.py:161} INFO - Started process (PID=2040) to work on /opt/airflow/dags/daily_revenue_etl_dag.py
[2026-03-17T05:28:48.481+0000] {processor.py:830} INFO - Processing file /opt/airflow/dags/daily_revenue_etl_dag.py for tasks to queue
[2026-03-17T05:28:48.482+0000] {logging_mixin.py:188} INFO - [2026-03-17T05:28:48.482+0000] {dagbag.py:538} INFO - Filling up the DagBag from /opt/airflow/dags/daily_revenue_etl_dag.py
[2026-03-17T05:28:48.501+0000] {processor.py:840} INFO - DAG(s) 'daily_revenue_etl_dag' retrieved from /opt/airflow/dags/daily_revenue_etl_dag.py
[2026-03-17T05:28:48.522+0000] {logging_mixin.py:188} INFO - [2026-03-17T05:28:48.522+0000] {dag.py:3036} INFO - Sync 1 DAGs
[2026-03-17T05:28:48.538+0000] {logging_mixin.py:188} INFO - [2026-03-17T05:28:48.538+0000] {dag.py:3823} INFO - Setting next_dagrun for daily_revenue_etl_dag to 2026-03-17 00:00:00+00:00, run_after=2026-03-18 00:00:00+00:00
[2026-03-17T05:28:48.567+0000] {processor.py:183} INFO - Processing /opt/airflow/dags/daily_revenue_etl_dag.py took 0.090 seconds
[2026-03-17T05:29:18.731+0000] {processor.py:161} INFO - Started process (PID=2045) to work on /opt/airflow/dags/daily_revenue_etl_dag.py
[2026-03-17T05:29:18.732+0000] {processor.py:830} INFO - Processing file /opt/airflow/dags/daily_revenue_etl_dag.py for tasks to queue
[2026-03-17T05:29:18.733+0000] {logging_mixin.py:188} INFO - [2026-03-17T05:29:18.733+0000] {dagbag.py:538} INFO - Filling up the DagBag from /opt/airflow/dags/daily_revenue_etl_dag.py
[2026-03-17T05:29:18.750+0000] {processor.py:840} INFO - DAG(s) 'daily_revenue_etl_dag' retrieved from /opt/airflow/dags/daily_revenue_etl_dag.py
[2026-03-17T05:29:18.772+0000] {logging_mixin.py:188} INFO - [2026-03-17T05:29:18.772+0000] {dag.py:3036} INFO - Sync 1 DAGs
[2026-03-17T05:29:18.792+0000] {logging_mixin.py:188} INFO - [2026-03-17T05:29:18.791+0000] {dag.py:3823} INFO - Setting next_dagrun for daily_revenue_etl_dag to 2026-03-17 00:00:00+00:00, run_after=2026-03-18 00:00:00+00:00
[2026-03-17T05:29:18.824+0000] {processor.py:183} INFO - Processing /opt/airflow/dags/daily_revenue_etl_dag.py took 0.096 seconds
[2026-03-17T05:52:46.245+0000] {processor.py:161} INFO - Started process (PID=2050) to work on /opt/airflow/dags/daily_revenue_etl_dag.py
[2026-03-17T05:52:46.247+0000] {processor.py:830} INFO - Processing file /opt/airflow/dags/daily_revenue_etl_dag.py for tasks to queue
[2026-03-17T05:52:46.248+0000] {logging_mixin.py:188} INFO - [2026-03-17T05:52:46.247+0000] {dagbag.py:538} INFO - Filling up the DagBag from /opt/airflow/dags/daily_revenue_etl_dag.py
[2026-03-17T05:52:46.267+0000] {processor.py:840} INFO - DAG(s) 'daily_revenue_etl_dag' retrieved from /opt/airflow/dags/daily_revenue_etl_dag.py
[2026-03-17T05:52:46.294+0000] {logging_mixin.py:188} INFO - [2026-03-17T05:52:46.294+0000] {dag.py:3036} INFO - Sync 1 DAGs
[2026-03-17T05:52:46.317+0000] {logging_mixin.py:188} INFO - [2026-03-17T05:52:46.317+0000] {dag.py:3823} INFO - Setting next_dagrun for daily_revenue_etl_dag to 2026-03-17 00:00:00+00:00, run_after=2026-03-18 00:00:00+00:00
[2026-03-17T05:52:46.340+0000] {processor.py:183} INFO - Processing /opt/airflow/dags/daily_revenue_etl_dag.py took 0.099 seconds
[2026-03-17T05:53:16.463+0000] {processor.py:161} INFO - Started process (PID=2055) to work on /opt/airflow/dags/daily_revenue_etl_dag.py
[2026-03-17T05:53:16.465+0000] {processor.py:830} INFO - Processing file /opt/airflow/dags/daily_revenue_etl_dag.py for tasks to queue
[2026-03-17T05:53:16.466+0000] {logging_mixin.py:188} INFO - [2026-03-17T05:53:16.466+0000] {dagbag.py:538} INFO - Filling up the DagBag from /opt/airflow/dags/daily_revenue_etl_dag.py
[2026-03-17T05:53:16.488+0000] {processor.py:840} INFO - DAG(s) 'daily_revenue_etl_dag' retrieved from /opt/airflow/dags/daily_revenue_etl_dag.py
[2026-03-17T05:53:16.521+0000] {logging_mixin.py:188} INFO - [2026-03-17T05:53:16.520+0000] {dag.py:3036} INFO - Sync 1 DAGs
[2026-03-17T05:53:16.554+0000] {logging_mixin.py:188} INFO - [2026-03-17T05:53:16.554+0000] {dag.py:3823} INFO - Setting next_dagrun for daily_revenue_etl_dag to 2026-03-17 00:00:00+00:00, run_after=2026-03-18 00:00:00+00:00
[2026-03-17T05:29:58.242+0000] {processor.py:183} INFO - Processing /opt/airflow/dags/daily_revenue_etl_dag.py took 0.122 seconds
[2026-03-17T05:30:28.471+0000] {processor.py:161} INFO - Started process (PID=2060) to work on /opt/airflow/dags/daily_revenue_etl_dag.py
[2026-03-17T05:30:28.472+0000] {processor.py:830} INFO - Processing file /opt/airflow/dags/daily_revenue_etl_dag.py for tasks to queue
[2026-03-17T05:30:28.473+0000] {logging_mixin.py:188} INFO - [2026-03-17T05:30:28.473+0000] {dagbag.py:538} INFO - Filling up the DagBag from /opt/airflow/dags/daily_revenue_etl_dag.py
[2026-03-17T05:30:28.492+0000] {processor.py:840} INFO - DAG(s) 'daily_revenue_etl_dag' retrieved from /opt/airflow/dags/daily_revenue_etl_dag.py
[2026-03-17T05:30:28.518+0000] {logging_mixin.py:188} INFO - [2026-03-17T05:30:28.518+0000] {dag.py:3036} INFO - Sync 1 DAGs
[2026-03-17T05:30:28.538+0000] {logging_mixin.py:188} INFO - [2026-03-17T05:30:28.538+0000] {dag.py:3823} INFO - Setting next_dagrun for daily_revenue_etl_dag to 2026-03-17 00:00:00+00:00, run_after=2026-03-18 00:00:00+00:00
[2026-03-17T05:30:28.568+0000] {processor.py:183} INFO - Processing /opt/airflow/dags/daily_revenue_etl_dag.py took 0.100 seconds
[2026-03-17T05:30:58.690+0000] {processor.py:161} INFO - Started process (PID=2065) to work on /opt/airflow/dags/daily_revenue_etl_dag.py
[2026-03-17T05:30:58.691+0000] {processor.py:830} INFO - Processing file /opt/airflow/dags/daily_revenue_etl_dag.py for tasks to queue
[2026-03-17T05:30:58.692+0000] {logging_mixin.py:188} INFO - [2026-03-17T05:30:58.692+0000] {dagbag.py:538} INFO - Filling up the DagBag from /opt/airflow/dags/daily_revenue_etl_dag.py
[2026-03-17T05:30:58.715+0000] {processor.py:840} INFO - DAG(s) 'daily_revenue_etl_dag' retrieved from /opt/airflow/dags/daily_revenue_etl_dag.py
[2026-03-17T05:30:58.747+0000] {logging_mixin.py:188} INFO - [2026-03-17T05:30:58.747+0000] {dag.py:3036} INFO - Sync 1 DAGs
[2026-03-17T05:30:58.772+0000] {logging_mixin.py:188} INFO - [2026-03-17T05:30:58.772+0000] {dag.py:3823} INFO - Setting next_dagrun for daily_revenue_etl_dag to 2026-03-17 00:00:00+00:00, run_after=2026-03-18 00:00:00+00:00
[2026-03-17T05:30:58.795+0000] {processor.py:183} INFO - Processing /opt/airflow/dags/daily_revenue_etl_dag.py took 0.110 seconds
[2026-03-17T05:54:22.169+0000] {processor.py:161} INFO - Started process (PID=2072) to work on /opt/airflow/dags/daily_revenue_etl_dag.py
[2026-03-17T05:54:22.170+0000] {processor.py:830} INFO - Processing file /opt/airflow/dags/daily_revenue_etl_dag.py for tasks to queue
[2026-03-17T05:54:22.171+0000] {logging_mixin.py:188} INFO - [2026-03-17T05:54:22.171+0000] {dagbag.py:538} INFO - Filling up the DagBag from /opt/airflow/dags/daily_revenue_etl_dag.py
[2026-03-17T05:54:22.187+0000] {processor.py:840} INFO - DAG(s) 'daily_revenue_etl_dag' retrieved from /opt/airflow/dags/daily_revenue_etl_dag.py
[2026-03-17T05:54:22.208+0000] {logging_mixin.py:188} INFO - [2026-03-17T05:54:22.208+0000] {dag.py:3036} INFO - Sync 1 DAGs
[2026-03-17T05:54:22.226+0000] {logging_mixin.py:188} INFO - [2026-03-17T05:54:22.225+0000] {dag.py:3823} INFO - Setting next_dagrun for daily_revenue_etl_dag to 2026-03-17 00:00:00+00:00, run_after=2026-03-18 00:00:00+00:00
[2026-03-17T05:54:22.255+0000] {processor.py:183} INFO - Processing /opt/airflow/dags/daily_revenue_etl_dag.py took 0.089 seconds
[2026-03-17T05:54:52.379+0000] {processor.py:161} INFO - Started process (PID=2077) to work on /opt/airflow/dags/daily_revenue_etl_dag.py
[2026-03-17T05:54:52.380+0000] {processor.py:830} INFO - Processing file /opt/airflow/dags/daily_revenue_etl_dag.py for tasks to queue
[2026-03-17T05:54:52.381+0000] {logging_mixin.py:188} INFO - [2026-03-17T05:54:52.381+0000] {dagbag.py:538} INFO - Filling up the DagBag from /opt/airflow/dags/daily_revenue_etl_dag.py
[2026-03-17T05:54:52.398+0000] {processor.py:840} INFO - DAG(s) 'daily_revenue_etl_dag' retrieved from /opt/airflow/dags/daily_revenue_etl_dag.py
[2026-03-17T05:54:52.420+0000] {logging_mixin.py:188} INFO - [2026-03-17T05:54:52.420+0000] {dag.py:3036} INFO - Sync 1 DAGs
[2026-03-17T05:54:52.439+0000] {logging_mixin.py:188} INFO - [2026-03-17T05:54:52.439+0000] {dag.py:3823} INFO - Setting next_dagrun for daily_revenue_etl_dag to 2026-03-17 00:00:00+00:00, run_after=2026-03-18 00:00:00+00:00
[2026-03-17T05:31:34.129+0000] {processor.py:183} INFO - Processing /opt/airflow/dags/daily_revenue_etl_dag.py took 0.089 seconds
[2026-03-17T05:54:56.500+0000] {processor.py:161} INFO - Started process (PID=2082) to work on /opt/airflow/dags/daily_revenue_etl_dag.py
[2026-03-17T05:54:56.501+0000] {processor.py:830} INFO - Processing file /opt/airflow/dags/daily_revenue_etl_dag.py for tasks to queue
[2026-03-17T05:54:56.502+0000] {logging_mixin.py:188} INFO - [2026-03-17T05:54:56.502+0000] {dagbag.py:538} INFO - Filling up the DagBag from /opt/airflow/dags/daily_revenue_etl_dag.py
[2026-03-17T05:54:56.520+0000] {processor.py:840} INFO - DAG(s) 'daily_revenue_etl_dag' retrieved from /opt/airflow/dags/daily_revenue_etl_dag.py
[2026-03-17T05:54:56.545+0000] {logging_mixin.py:188} INFO - [2026-03-17T05:54:56.545+0000] {dag.py:3036} INFO - Sync 1 DAGs
[2026-03-17T05:54:56.565+0000] {logging_mixin.py:188} INFO - [2026-03-17T05:54:56.565+0000] {dag.py:3823} INFO - Setting next_dagrun for daily_revenue_etl_dag to 2026-03-17 00:00:00+00:00, run_after=2026-03-18 00:00:00+00:00
[2026-03-17T05:54:56.600+0000] {processor.py:183} INFO - Processing /opt/airflow/dags/daily_revenue_etl_dag.py took 0.103 seconds
[2026-03-17T05:55:26.748+0000] {processor.py:161} INFO - Started process (PID=2087) to work on /opt/airflow/dags/daily_revenue_etl_dag.py
[2026-03-17T05:55:26.749+0000] {processor.py:830} INFO - Processing file /opt/airflow/dags/daily_revenue_etl_dag.py for tasks to queue
[2026-03-17T05:55:26.750+0000] {logging_mixin.py:188} INFO - [2026-03-17T05:55:26.749+0000] {dagbag.py:538} INFO - Filling up the DagBag from /opt/airflow/dags/daily_revenue_etl_dag.py
[2026-03-17T05:55:26.767+0000] {processor.py:840} INFO - DAG(s) 'daily_revenue_etl_dag' retrieved from /opt/airflow/dags/daily_revenue_etl_dag.py
[2026-03-17T05:32:08.456+0000] {logging_mixin.py:188} INFO - [2026-03-17T05:32:08.455+0000] {dag.py:3036} INFO - Sync 1 DAGs
[2026-03-17T05:32:08.476+0000] {logging_mixin.py:188} INFO - [2026-03-17T05:32:08.476+0000] {dag.py:3823} INFO - Setting next_dagrun for daily_revenue_etl_dag to 2026-03-17 00:00:00+00:00, run_after=2026-03-18 00:00:00+00:00
[2026-03-17T05:32:08.493+0000] {processor.py:183} INFO - Processing /opt/airflow/dags/daily_revenue_etl_dag.py took 0.086 seconds
[2026-03-17T05:32:38.683+0000] {processor.py:161} INFO - Started process (PID=2092) to work on /opt/airflow/dags/daily_revenue_etl_dag.py
[2026-03-17T05:32:38.684+0000] {processor.py:830} INFO - Processing file /opt/airflow/dags/daily_revenue_etl_dag.py for tasks to queue
[2026-03-17T05:32:38.685+0000] {logging_mixin.py:188} INFO - [2026-03-17T05:32:38.685+0000] {dagbag.py:538} INFO - Filling up the DagBag from /opt/airflow/dags/daily_revenue_etl_dag.py
[2026-03-17T05:32:38.709+0000] {processor.py:840} INFO - DAG(s) 'daily_revenue_etl_dag' retrieved from /opt/airflow/dags/daily_revenue_etl_dag.py
[2026-03-17T05:32:38.742+0000] {logging_mixin.py:188} INFO - [2026-03-17T05:32:38.742+0000] {dag.py:3036} INFO - Sync 1 DAGs
[2026-03-17T05:32:38.769+0000] {logging_mixin.py:188} INFO - [2026-03-17T05:32:38.769+0000] {dag.py:3823} INFO - Setting next_dagrun for daily_revenue_etl_dag to 2026-03-17 00:00:00+00:00, run_after=2026-03-18 00:00:00+00:00
[2026-03-17T05:32:38.795+0000] {processor.py:183} INFO - Processing /opt/airflow/dags/daily_revenue_etl_dag.py took 0.116 seconds
[2026-03-17T05:56:22.206+0000] {processor.py:161} INFO - Started process (PID=2097) to work on /opt/airflow/dags/daily_revenue_etl_dag.py
[2026-03-17T05:56:22.207+0000] {processor.py:830} INFO - Processing file /opt/airflow/dags/daily_revenue_etl_dag.py for tasks to queue
[2026-03-17T05:56:22.208+0000] {logging_mixin.py:188} INFO - [2026-03-17T05:56:22.207+0000] {dagbag.py:538} INFO - Filling up the DagBag from /opt/airflow/dags/daily_revenue_etl_dag.py
[2026-03-17T05:56:22.224+0000] {processor.py:840} INFO - DAG(s) 'daily_revenue_etl_dag' retrieved from /opt/airflow/dags/daily_revenue_etl_dag.py
[2026-03-17T05:56:22.247+0000] {logging_mixin.py:188} INFO - [2026-03-17T05:56:22.246+0000] {dag.py:3036} INFO - Sync 1 DAGs
[2026-03-17T05:56:22.267+0000] {logging_mixin.py:188} INFO - [2026-03-17T05:56:22.266+0000] {dag.py:3823} INFO - Setting next_dagrun for daily_revenue_etl_dag to 2026-03-17 00:00:00+00:00, run_after=2026-03-18 00:00:00+00:00
[2026-03-17T05:56:22.297+0000] {processor.py:183} INFO - Processing /opt/airflow/dags/daily_revenue_etl_dag.py took 0.095 seconds
[2026-03-17T05:57:06.632+0000] {processor.py:161} INFO - Started process (PID=2102) to work on /opt/airflow/dags/daily_revenue_etl_dag.py
[2026-03-17T05:57:06.633+0000] {processor.py:830} INFO - Processing file /opt/airflow/dags/daily_revenue_etl_dag.py for tasks to queue
[2026-03-17T05:57:06.634+0000] {logging_mixin.py:188} INFO - [2026-03-17T05:57:06.633+0000] {dagbag.py:538} INFO - Filling up the DagBag from /opt/airflow/dags/daily_revenue_etl_dag.py
[2026-03-17T05:57:06.654+0000] {processor.py:840} INFO - DAG(s) 'daily_revenue_etl_dag' retrieved from /opt/airflow/dags/daily_revenue_etl_dag.py
[2026-03-17T05:57:06.685+0000] {logging_mixin.py:188} INFO - [2026-03-17T05:57:06.684+0000] {dag.py:3036} INFO - Sync 1 DAGs
[2026-03-17T05:57:06.708+0000] {logging_mixin.py:188} INFO - [2026-03-17T05:57:06.708+0000] {dag.py:3823} INFO - Setting next_dagrun for daily_revenue_etl_dag to 2026-03-17 00:00:00+00:00, run_after=2026-03-18 00:00:00+00:00
[2026-03-17T05:57:06.742+0000] {processor.py:183} INFO - Processing /opt/airflow/dags/daily_revenue_etl_dag.py took 0.113 seconds
[2026-03-17T05:57:36.870+0000] {processor.py:161} INFO - Started process (PID=2107) to work on /opt/airflow/dags/daily_revenue_etl_dag.py
[2026-03-17T05:57:36.872+0000] {processor.py:830} INFO - Processing file /opt/airflow/dags/daily_revenue_etl_dag.py for tasks to queue
[2026-03-17T05:57:36.873+0000] {logging_mixin.py:188} INFO - [2026-03-17T05:57:36.872+0000] {dagbag.py:538} INFO - Filling up the DagBag from /opt/airflow/dags/daily_revenue_etl_dag.py
[2026-03-17T05:57:36.895+0000] {processor.py:840} INFO - DAG(s) 'daily_revenue_etl_dag' retrieved from /opt/airflow/dags/daily_revenue_etl_dag.py
[2026-03-17T05:57:36.924+0000] {logging_mixin.py:188} INFO - [2026-03-17T05:57:36.924+0000] {dag.py:3036} INFO - Sync 1 DAGs
[2026-03-17T05:57:36.949+0000] {logging_mixin.py:188} INFO - [2026-03-17T05:57:36.949+0000] {dag.py:3823} INFO - Setting next_dagrun for daily_revenue_etl_dag to 2026-03-17 00:00:00+00:00, run_after=2026-03-18 00:00:00+00:00
[2026-03-17T05:34:18.650+0000] {processor.py:183} INFO - Processing /opt/airflow/dags/daily_revenue_etl_dag.py took 0.118 seconds
[2026-03-17T05:34:48.915+0000] {processor.py:161} INFO - Started process (PID=2112) to work on /opt/airflow/dags/daily_revenue_etl_dag.py
[2026-03-17T05:34:48.917+0000] {processor.py:830} INFO - Processing file /opt/airflow/dags/daily_revenue_etl_dag.py for tasks to queue
[2026-03-17T05:34:48.918+0000] {logging_mixin.py:188} INFO - [2026-03-17T05:34:48.917+0000] {dagbag.py:538} INFO - Filling up the DagBag from /opt/airflow/dags/daily_revenue_etl_dag.py
[2026-03-17T05:34:48.936+0000] {processor.py:840} INFO - DAG(s) 'daily_revenue_etl_dag' retrieved from /opt/airflow/dags/daily_revenue_etl_dag.py
[2026-03-17T05:34:48.961+0000] {logging_mixin.py:188} INFO - [2026-03-17T05:34:48.961+0000] {dag.py:3036} INFO - Sync 1 DAGs
[2026-03-17T05:34:48.979+0000] {logging_mixin.py:188} INFO - [2026-03-17T05:34:48.979+0000] {dag.py:3823} INFO - Setting next_dagrun for daily_revenue_etl_dag to 2026-03-17 00:00:00+00:00, run_after=2026-03-18 00:00:00+00:00
[2026-03-17T05:34:49.009+0000] {processor.py:183} INFO - Processing /opt/airflow/dags/daily_revenue_etl_dag.py took 0.097 seconds
[2026-03-17T05:58:22.351+0000] {processor.py:161} INFO - Started process (PID=2117) to work on /opt/airflow/dags/daily_revenue_etl_dag.py
[2026-03-17T05:58:22.353+0000] {processor.py:830} INFO - Processing file /opt/airflow/dags/daily_revenue_etl_dag.py for tasks to queue
[2026-03-17T05:58:22.354+0000] {logging_mixin.py:188} INFO - [2026-03-17T05:58:22.354+0000] {dagbag.py:538} INFO - Filling up the DagBag from /opt/airflow/dags/daily_revenue_etl_dag.py
[2026-03-17T05:58:22.374+0000] {processor.py:840} INFO - DAG(s) 'daily_revenue_etl_dag' retrieved from /opt/airflow/dags/daily_revenue_etl_dag.py
[2026-03-17T05:58:22.402+0000] {logging_mixin.py:188} INFO - [2026-03-17T05:58:22.402+0000] {dag.py:3036} INFO - Sync 1 DAGs
[2026-03-17T05:35:04.126+0000] {logging_mixin.py:188} INFO - [2026-03-17T05:35:04.126+0000] {dag.py:3823} INFO - Setting next_dagrun for daily_revenue_etl_dag to 2026-03-17 00:00:00+00:00, run_after=2026-03-18 00:00:00+00:00
[2026-03-17T05:35:04.146+0000] {processor.py:183} INFO - Processing /opt/airflow/dags/daily_revenue_etl_dag.py took 0.097 seconds
[2026-03-17T05:35:34.337+0000] {processor.py:161} INFO - Started process (PID=2122) to work on /opt/airflow/dags/daily_revenue_etl_dag.py
[2026-03-17T05:35:34.340+0000] {processor.py:830} INFO - Processing file /opt/airflow/dags/daily_revenue_etl_dag.py for tasks to queue
[2026-03-17T05:35:34.341+0000] {logging_mixin.py:188} INFO - [2026-03-17T05:35:34.341+0000] {dagbag.py:538} INFO - Filling up the DagBag from /opt/airflow/dags/daily_revenue_etl_dag.py
[2026-03-17T05:35:34.373+0000] {processor.py:840} INFO - DAG(s) 'daily_revenue_etl_dag' retrieved from /opt/airflow/dags/daily_revenue_etl_dag.py
[2026-03-17T05:35:34.415+0000] {logging_mixin.py:188} INFO - [2026-03-17T05:35:34.414+0000] {dag.py:3036} INFO - Sync 1 DAGs
[2026-03-17T05:35:34.449+0000] {logging_mixin.py:188} INFO - [2026-03-17T05:35:34.449+0000] {dag.py:3823} INFO - Setting next_dagrun for daily_revenue_etl_dag to 2026-03-17 00:00:00+00:00, run_after=2026-03-18 00:00:00+00:00
[2026-03-17T05:35:34.482+0000] {processor.py:183} INFO - Processing /opt/airflow/dags/daily_revenue_etl_dag.py took 0.151 seconds
[2026-03-17T05:58:56.897+0000] {processor.py:161} INFO - Started process (PID=2127) to work on /opt/airflow/dags/daily_revenue_etl_dag.py
[2026-03-17T05:58:56.899+0000] {processor.py:830} INFO - Processing file /opt/airflow/dags/daily_revenue_etl_dag.py for tasks to queue
[2026-03-17T05:58:56.900+0000] {logging_mixin.py:188} INFO - [2026-03-17T05:58:56.900+0000] {dagbag.py:538} INFO - Filling up the DagBag from /opt/airflow/dags/daily_revenue_etl_dag.py
[2026-03-17T05:58:56.925+0000] {processor.py:840} INFO - DAG(s) 'daily_revenue_etl_dag' retrieved from /opt/airflow/dags/daily_revenue_etl_dag.py
[2026-03-17T05:58:56.955+0000] {logging_mixin.py:188} INFO - [2026-03-17T05:58:56.954+0000] {dag.py:3036} INFO - Sync 1 DAGs
[2026-03-17T05:58:56.978+0000] {logging_mixin.py:188} INFO - [2026-03-17T05:58:56.978+0000] {dag.py:3823} INFO - Setting next_dagrun for daily_revenue_etl_dag to 2026-03-17 00:00:00+00:00, run_after=2026-03-18 00:00:00+00:00
[2026-03-17T05:58:57.010+0000] {processor.py:183} INFO - Processing /opt/airflow/dags/daily_revenue_etl_dag.py took 0.117 seconds
[2026-03-17T05:36:08.813+0000] {processor.py:161} INFO - Started process (PID=2132) to work on /opt/airflow/dags/daily_revenue_etl_dag.py
[2026-03-17T05:36:08.815+0000] {processor.py:830} INFO - Processing file /opt/airflow/dags/daily_revenue_etl_dag.py for tasks to queue
[2026-03-17T05:36:08.816+0000] {logging_mixin.py:188} INFO - [2026-03-17T05:36:08.815+0000] {dagbag.py:538} INFO - Filling up the DagBag from /opt/airflow/dags/daily_revenue_etl_dag.py
[2026-03-17T05:36:08.834+0000] {processor.py:840} INFO - DAG(s) 'daily_revenue_etl_dag' retrieved from /opt/airflow/dags/daily_revenue_etl_dag.py
[2026-03-17T05:36:08.862+0000] {logging_mixin.py:188} INFO - [2026-03-17T05:36:08.862+0000] {dag.py:3036} INFO - Sync 1 DAGs
[2026-03-17T05:36:08.887+0000] {logging_mixin.py:188} INFO - [2026-03-17T05:36:08.887+0000] {dag.py:3823} INFO - Setting next_dagrun for daily_revenue_etl_dag to 2026-03-17 00:00:00+00:00, run_after=2026-03-18 00:00:00+00:00
[2026-03-17T05:36:08.911+0000] {processor.py:183} INFO - Processing /opt/airflow/dags/daily_revenue_etl_dag.py took 0.100 seconds
[2026-03-17T05:59:52.396+0000] {processor.py:161} INFO - Started process (PID=2137) to work on /opt/airflow/dags/daily_revenue_etl_dag.py
[2026-03-17T05:59:52.397+0000] {processor.py:830} INFO - Processing file /opt/airflow/dags/daily_revenue_etl_dag.py for tasks to queue
[2026-03-17T05:59:52.398+0000] {logging_mixin.py:188} INFO - [2026-03-17T05:59:52.398+0000] {dagbag.py:538} INFO - Filling up the DagBag from /opt/airflow/dags/daily_revenue_etl_dag.py
[2026-03-17T05:36:34.118+0000] {processor.py:840} INFO - DAG(s) 'daily_revenue_etl_dag' retrieved from /opt/airflow/dags/daily_revenue_etl_dag.py
[2026-03-17T05:36:34.143+0000] {logging_mixin.py:188} INFO - [2026-03-17T05:36:34.143+0000] {dag.py:3036} INFO - Sync 1 DAGs
[2026-03-17T05:36:34.164+0000] {logging_mixin.py:188} INFO - [2026-03-17T05:36:34.163+0000] {dag.py:3823} INFO - Setting next_dagrun for daily_revenue_etl_dag to 2026-03-17 00:00:00+00:00, run_after=2026-03-18 00:00:00+00:00
[2026-03-17T05:36:34.179+0000] {processor.py:183} INFO - Processing /opt/airflow/dags/daily_revenue_etl_dag.py took 0.082 seconds
[2026-03-17T05:37:04.289+0000] {processor.py:161} INFO - Started process (PID=2142) to work on /opt/airflow/dags/daily_revenue_etl_dag.py
[2026-03-17T05:37:04.290+0000] {processor.py:830} INFO - Processing file /opt/airflow/dags/daily_revenue_etl_dag.py for tasks to queue
[2026-03-17T05:37:04.291+0000] {logging_mixin.py:188} INFO - [2026-03-17T05:37:04.291+0000] {dagbag.py:538} INFO - Filling up the DagBag from /opt/airflow/dags/daily_revenue_etl_dag.py
[2026-03-17T05:37:04.311+0000] {processor.py:840} INFO - DAG(s) 'daily_revenue_etl_dag' retrieved from /opt/airflow/dags/daily_revenue_etl_dag.py
[2026-03-17T05:37:04.336+0000] {logging_mixin.py:188} INFO - [2026-03-17T05:37:04.335+0000] {dag.py:3036} INFO - Sync 1 DAGs
[2026-03-17T05:37:04.355+0000] {logging_mixin.py:188} INFO - [2026-03-17T05:37:04.355+0000] {dag.py:3823} INFO - Setting next_dagrun for daily_revenue_etl_dag to 2026-03-17 00:00:00+00:00, run_after=2026-03-18 00:00:00+00:00
[2026-03-17T05:37:04.373+0000] {processor.py:183} INFO - Processing /opt/airflow/dags/daily_revenue_etl_dag.py took 0.089 seconds
[2026-03-17T05:37:34.609+0000] {processor.py:161} INFO - Started process (PID=2147) to work on /opt/airflow/dags/daily_revenue_etl_dag.py
[2026-03-17T05:37:34.610+0000] {processor.py:830} INFO - Processing file /opt/airflow/dags/daily_revenue_etl_dag.py for tasks to queue
[2026-03-17T05:37:34.611+0000] {logging_mixin.py:188} INFO - [2026-03-17T05:37:34.610+0000] {dagbag.py:538} INFO - Filling up the DagBag from /opt/airflow/dags/daily_revenue_etl_dag.py
[2026-03-17T05:37:34.627+0000] {processor.py:840} INFO - DAG(s) 'daily_revenue_etl_dag' retrieved from /opt/airflow/dags/daily_revenue_etl_dag.py
[2026-03-17T05:37:34.652+0000] {logging_mixin.py:188} INFO - [2026-03-17T05:37:34.652+0000] {dag.py:3036} INFO - Sync 1 DAGs
[2026-03-17T05:37:34.671+0000] {logging_mixin.py:188} INFO - [2026-03-17T05:37:34.671+0000] {dag.py:3823} INFO - Setting next_dagrun for daily_revenue_etl_dag to 2026-03-17 00:00:00+00:00, run_after=2026-03-18 00:00:00+00:00
[2026-03-17T05:37:34.701+0000] {processor.py:183} INFO - Processing /opt/airflow/dags/daily_revenue_etl_dag.py took 0.095 seconds
[2026-03-17T06:00:57.067+0000] {processor.py:161} INFO - Started process (PID=2152) to work on /opt/airflow/dags/daily_revenue_etl_dag.py
[2026-03-17T06:00:57.068+0000] {processor.py:830} INFO - Processing file /opt/airflow/dags/daily_revenue_etl_dag.py for tasks to queue
[2026-03-17T06:00:57.069+0000] {logging_mixin.py:188} INFO - [2026-03-17T06:00:57.069+0000] {dagbag.py:538} INFO - Filling up the DagBag from /opt/airflow/dags/daily_revenue_etl_dag.py
[2026-03-17T06:00:57.086+0000] {processor.py:840} INFO - DAG(s) 'daily_revenue_etl_dag' retrieved from /opt/airflow/dags/daily_revenue_etl_dag.py
[2026-03-17T06:00:57.110+0000] {logging_mixin.py:188} INFO - [2026-03-17T06:00:57.110+0000] {dag.py:3036} INFO - Sync 1 DAGs
[2026-03-17T06:00:57.129+0000] {logging_mixin.py:188} INFO - [2026-03-17T06:00:57.129+0000] {dag.py:3823} INFO - Setting next_dagrun for daily_revenue_etl_dag to 2026-03-17 00:00:00+00:00, run_after=2026-03-18 00:00:00+00:00
[2026-03-17T06:00:57.162+0000] {processor.py:183} INFO - Processing /opt/airflow/dags/daily_revenue_etl_dag.py took 0.100 seconds
[2026-03-17T06:01:27.278+0000] {processor.py:161} INFO - Started process (PID=2157) to work on /opt/airflow/dags/daily_revenue_etl_dag.py
[2026-03-17T06:01:27.279+0000] {processor.py:830} INFO - Processing file /opt/airflow/dags/daily_revenue_etl_dag.py for tasks to queue
[2026-03-17T06:01:27.280+0000] {logging_mixin.py:188} INFO - [2026-03-17T06:01:27.280+0000] {dagbag.py:538} INFO - Filling up the DagBag from /opt/airflow/dags/daily_revenue_etl_dag.py
[2026-03-17T05:38:09.004+0000] {processor.py:840} INFO - DAG(s) 'daily_revenue_etl_dag' retrieved from /opt/airflow/dags/daily_revenue_etl_dag.py
[2026-03-17T05:38:09.030+0000] {logging_mixin.py:188} INFO - [2026-03-17T05:38:09.030+0000] {dag.py:3036} INFO - Sync 1 DAGs
[2026-03-17T05:38:09.052+0000] {logging_mixin.py:188} INFO - [2026-03-17T05:38:09.052+0000] {dag.py:3823} INFO - Setting next_dagrun for daily_revenue_etl_dag to 2026-03-17 00:00:00+00:00, run_after=2026-03-18 00:00:00+00:00
[2026-03-17T05:38:09.071+0000] {processor.py:183} INFO - Processing /opt/airflow/dags/daily_revenue_etl_dag.py took 0.098 seconds
[2026-03-17T05:38:39.254+0000] {processor.py:161} INFO - Started process (PID=2162) to work on /opt/airflow/dags/daily_revenue_etl_dag.py
[2026-03-17T05:38:39.255+0000] {processor.py:830} INFO - Processing file /opt/airflow/dags/daily_revenue_etl_dag.py for tasks to queue
[2026-03-17T05:38:39.256+0000] {logging_mixin.py:188} INFO - [2026-03-17T05:38:39.256+0000] {dagbag.py:538} INFO - Filling up the DagBag from /opt/airflow/dags/daily_revenue_etl_dag.py
[2026-03-17T05:38:39.274+0000] {processor.py:840} INFO - DAG(s) 'daily_revenue_etl_dag' retrieved from /opt/airflow/dags/daily_revenue_etl_dag.py
[2026-03-17T05:38:39.302+0000] {logging_mixin.py:188} INFO - [2026-03-17T05:38:39.301+0000] {dag.py:3036} INFO - Sync 1 DAGs
[2026-03-17T05:38:39.326+0000] {logging_mixin.py:188} INFO - [2026-03-17T05:38:39.325+0000] {dag.py:3823} INFO - Setting next_dagrun for daily_revenue_etl_dag to 2026-03-17 00:00:00+00:00, run_after=2026-03-18 00:00:00+00:00
[2026-03-17T05:38:39.345+0000] {processor.py:183} INFO - Processing /opt/airflow/dags/daily_revenue_etl_dag.py took 0.094 seconds
[2026-03-17T05:39:09.515+0000] {processor.py:161} INFO - Started process (PID=2167) to work on /opt/airflow/dags/daily_revenue_etl_dag.py
[2026-03-17T05:39:09.517+0000] {processor.py:830} INFO - Processing file /opt/airflow/dags/daily_revenue_etl_dag.py for tasks to queue
[2026-03-17T05:39:09.518+0000] {logging_mixin.py:188} INFO - [2026-03-17T05:39:09.517+0000] {dagbag.py:538} INFO - Filling up the DagBag from /opt/airflow/dags/daily_revenue_etl_dag.py
[2026-03-17T05:39:09.540+0000] {processor.py:840} INFO - DAG(s) 'daily_revenue_etl_dag' retrieved from /opt/airflow/dags/daily_revenue_etl_dag.py
[2026-03-17T05:39:09.572+0000] {logging_mixin.py:188} INFO - [2026-03-17T05:39:09.572+0000] {dag.py:3036} INFO - Sync 1 DAGs
[2026-03-17T05:39:09.598+0000] {logging_mixin.py:188} INFO - [2026-03-17T05:39:09.597+0000] {dag.py:3823} INFO - Setting next_dagrun for daily_revenue_etl_dag to 2026-03-17 00:00:00+00:00, run_after=2026-03-18 00:00:00+00:00
[2026-03-17T05:39:09.622+0000] {processor.py:183} INFO - Processing /opt/airflow/dags/daily_revenue_etl_dag.py took 0.111 seconds
[2026-03-17T05:39:39.815+0000] {processor.py:161} INFO - Started process (PID=2172) to work on /opt/airflow/dags/daily_revenue_etl_dag.py
[2026-03-17T05:39:39.816+0000] {processor.py:830} INFO - Processing file /opt/airflow/dags/daily_revenue_etl_dag.py for tasks to queue
[2026-03-17T05:39:39.817+0000] {logging_mixin.py:188} INFO - [2026-03-17T05:39:39.817+0000] {dagbag.py:538} INFO - Filling up the DagBag from /opt/airflow/dags/daily_revenue_etl_dag.py
[2026-03-17T05:39:39.836+0000] {processor.py:840} INFO - DAG(s) 'daily_revenue_etl_dag' retrieved from /opt/airflow/dags/daily_revenue_etl_dag.py
[2026-03-17T05:39:39.862+0000] {logging_mixin.py:188} INFO - [2026-03-17T05:39:39.862+0000] {dag.py:3036} INFO - Sync 1 DAGs
[2026-03-17T05:39:39.880+0000] {logging_mixin.py:188} INFO - [2026-03-17T05:39:39.880+0000] {dag.py:3823} INFO - Setting next_dagrun for daily_revenue_etl_dag to 2026-03-17 00:00:00+00:00, run_after=2026-03-18 00:00:00+00:00
[2026-03-17T05:39:39.910+0000] {processor.py:183} INFO - Processing /opt/airflow/dags/daily_revenue_etl_dag.py took 0.097 seconds
[2026-03-17T06:03:02.287+0000] {processor.py:161} INFO - Started process (PID=2177) to work on /opt/airflow/dags/daily_revenue_etl_dag.py
[2026-03-17T06:03:02.288+0000] {processor.py:830} INFO - Processing file /opt/airflow/dags/daily_revenue_etl_dag.py for tasks to queue
[2026-03-17T06:03:02.289+0000] {logging_mixin.py:188} INFO - [2026-03-17T06:03:02.288+0000] {dagbag.py:538} INFO - Filling up the DagBag from /opt/airflow/dags/daily_revenue_etl_dag.py
[2026-03-17T06:03:02.306+0000] {processor.py:840} INFO - DAG(s) 'daily_revenue_etl_dag' retrieved from /opt/airflow/dags/daily_revenue_etl_dag.py
[2026-03-17T06:03:02.334+0000] {logging_mixin.py:188} INFO - [2026-03-17T06:03:02.334+0000] {dag.py:3036} INFO - Sync 1 DAGs
[2026-03-17T06:03:02.353+0000] {logging_mixin.py:188} INFO - [2026-03-17T06:03:02.353+0000] {dag.py:3823} INFO - Setting next_dagrun for daily_revenue_etl_dag to 2026-03-17 00:00:00+00:00, run_after=2026-03-18 00:00:00+00:00
[2026-03-17T06:03:02.383+0000] {processor.py:183} INFO - Processing /opt/airflow/dags/daily_revenue_etl_dag.py took 0.099 seconds
[2026-03-17T06:03:32.512+0000] {processor.py:161} INFO - Started process (PID=2182) to work on /opt/airflow/dags/daily_revenue_etl_dag.py
[2026-03-17T06:03:32.514+0000] {processor.py:830} INFO - Processing file /opt/airflow/dags/daily_revenue_etl_dag.py for tasks to queue
[2026-03-17T06:03:32.515+0000] {logging_mixin.py:188} INFO - [2026-03-17T06:03:32.514+0000] {dagbag.py:538} INFO - Filling up the DagBag from /opt/airflow/dags/daily_revenue_etl_dag.py
[2026-03-17T06:03:32.535+0000] {processor.py:840} INFO - DAG(s) 'daily_revenue_etl_dag' retrieved from /opt/airflow/dags/daily_revenue_etl_dag.py
[2026-03-17T05:40:14.279+0000] {logging_mixin.py:188} INFO - [2026-03-17T05:40:14.278+0000] {dag.py:3036} INFO - Sync 1 DAGs
[2026-03-17T05:40:14.306+0000] {logging_mixin.py:188} INFO - [2026-03-17T05:40:14.305+0000] {dag.py:3823} INFO - Setting next_dagrun for daily_revenue_etl_dag to 2026-03-17 00:00:00+00:00, run_after=2026-03-18 00:00:00+00:00
[2026-03-17T05:40:14.336+0000] {processor.py:183} INFO - Processing /opt/airflow/dags/daily_revenue_etl_dag.py took 0.118 seconds
[2026-03-17T05:40:44.485+0000] {processor.py:161} INFO - Started process (PID=2189) to work on /opt/airflow/dags/daily_revenue_etl_dag.py
[2026-03-17T05:40:44.486+0000] {processor.py:830} INFO - Processing file /opt/airflow/dags/daily_revenue_etl_dag.py for tasks to queue
[2026-03-17T05:40:44.487+0000] {logging_mixin.py:188} INFO - [2026-03-17T05:40:44.487+0000] {dagbag.py:538} INFO - Filling up the DagBag from /opt/airflow/dags/daily_revenue_etl_dag.py
[2026-03-17T05:40:44.504+0000] {processor.py:840} INFO - DAG(s) 'daily_revenue_etl_dag' retrieved from /opt/airflow/dags/daily_revenue_etl_dag.py
[2026-03-17T05:40:44.525+0000] {logging_mixin.py:188} INFO - [2026-03-17T05:40:44.525+0000] {dag.py:3036} INFO - Sync 1 DAGs
[2026-03-17T05:40:44.542+0000] {logging_mixin.py:188} INFO - [2026-03-17T05:40:44.542+0000] {dag.py:3823} INFO - Setting next_dagrun for daily_revenue_etl_dag to 2026-03-17 00:00:00+00:00, run_after=2026-03-18 00:00:00+00:00
[2026-03-17T05:40:44.571+0000] {processor.py:183} INFO - Processing /opt/airflow/dags/daily_revenue_etl_dag.py took 0.089 seconds
[2026-03-17T05:41:14.720+0000] {processor.py:161} INFO - Started process (PID=2195) to work on /opt/airflow/dags/daily_revenue_etl_dag.py
[2026-03-17T05:41:14.721+0000] {processor.py:830} INFO - Processing file /opt/airflow/dags/daily_revenue_etl_dag.py for tasks to queue
[2026-03-17T05:41:14.722+0000] {logging_mixin.py:188} INFO - [2026-03-17T05:41:14.722+0000] {dagbag.py:538} INFO - Filling up the DagBag from /opt/airflow/dags/daily_revenue_etl_dag.py
[2026-03-17T05:41:14.741+0000] {processor.py:840} INFO - DAG(s) 'daily_revenue_etl_dag' retrieved from /opt/airflow/dags/daily_revenue_etl_dag.py
[2026-03-17T05:41:14.765+0000] {logging_mixin.py:188} INFO - [2026-03-17T05:41:14.765+0000] {dag.py:3036} INFO - Sync 1 DAGs
[2026-03-17T05:41:14.783+0000] {logging_mixin.py:188} INFO - [2026-03-17T05:41:14.783+0000] {dag.py:3823} INFO - Setting next_dagrun for daily_revenue_etl_dag to 2026-03-17 00:00:00+00:00, run_after=2026-03-18 00:00:00+00:00
[2026-03-17T05:41:14.801+0000] {processor.py:183} INFO - Processing /opt/airflow/dags/daily_revenue_etl_dag.py took 0.085 seconds
[2026-03-17T06:04:52.247+0000] {processor.py:161} INFO - Started process (PID=2200) to work on /opt/airflow/dags/daily_revenue_etl_dag.py
[2026-03-17T06:04:52.248+0000] {processor.py:830} INFO - Processing file /opt/airflow/dags/daily_revenue_etl_dag.py for tasks to queue
[2026-03-17T06:04:52.249+0000] {logging_mixin.py:188} INFO - [2026-03-17T06:04:52.249+0000] {dagbag.py:538} INFO - Filling up the DagBag from /opt/airflow/dags/daily_revenue_etl_dag.py
[2026-03-17T06:04:52.269+0000] {processor.py:840} INFO - DAG(s) 'daily_revenue_etl_dag' retrieved from /opt/airflow/dags/daily_revenue_etl_dag.py
[2026-03-17T06:04:52.295+0000] {logging_mixin.py:188} INFO - [2026-03-17T06:04:52.295+0000] {dag.py:3036} INFO - Sync 1 DAGs
[2026-03-17T06:04:52.319+0000] {logging_mixin.py:188} INFO - [2026-03-17T06:04:52.319+0000] {dag.py:3823} INFO - Setting next_dagrun for daily_revenue_etl_dag to 2026-03-17 00:00:00+00:00, run_after=2026-03-18 00:00:00+00:00
[2026-03-17T06:04:52.345+0000] {processor.py:183} INFO - Processing /opt/airflow/dags/daily_revenue_etl_dag.py took 0.101 seconds
[2026-03-17T05:42:04.174+0000] {processor.py:161} INFO - Started process (PID=2205) to work on /opt/airflow/dags/daily_revenue_etl_dag.py
[2026-03-17T05:42:04.175+0000] {processor.py:830} INFO - Processing file /opt/airflow/dags/daily_revenue_etl_dag.py for tasks to queue
[2026-03-17T05:42:04.176+0000] {logging_mixin.py:188} INFO - [2026-03-17T05:42:04.176+0000] {dagbag.py:538} INFO - Filling up the DagBag from /opt/airflow/dags/daily_revenue_etl_dag.py
[2026-03-17T05:42:04.195+0000] {processor.py:840} INFO - DAG(s) 'daily_revenue_etl_dag' retrieved from /opt/airflow/dags/daily_revenue_etl_dag.py
[2026-03-17T05:42:04.224+0000] {logging_mixin.py:188} INFO - [2026-03-17T05:42:04.224+0000] {dag.py:3036} INFO - Sync 1 DAGs
[2026-03-17T05:42:04.245+0000] {logging_mixin.py:188} INFO - [2026-03-17T05:42:04.245+0000] {dag.py:3823} INFO - Setting next_dagrun for daily_revenue_etl_dag to 2026-03-17 00:00:00+00:00, run_after=2026-03-18 00:00:00+00:00
[2026-03-17T05:42:04.264+0000] {processor.py:183} INFO - Processing /opt/airflow/dags/daily_revenue_etl_dag.py took 0.092 seconds
[2026-03-17T06:05:27.604+0000] {processor.py:161} INFO - Started process (PID=2210) to work on /opt/airflow/dags/daily_revenue_etl_dag.py
[2026-03-17T06:05:27.606+0000] {processor.py:830} INFO - Processing file /opt/airflow/dags/daily_revenue_etl_dag.py for tasks to queue
[2026-03-17T06:05:27.607+0000] {logging_mixin.py:188} INFO - [2026-03-17T06:05:27.607+0000] {dagbag.py:538} INFO - Filling up the DagBag from /opt/airflow/dags/daily_revenue_etl_dag.py
[2026-03-17T06:05:27.626+0000] {processor.py:840} INFO - DAG(s) 'daily_revenue_etl_dag' retrieved from /opt/airflow/dags/daily_revenue_etl_dag.py
[2026-03-17T06:05:27.650+0000] {logging_mixin.py:188} INFO - [2026-03-17T06:05:27.649+0000] {dag.py:3036} INFO - Sync 1 DAGs
[2026-03-17T06:05:27.670+0000] {logging_mixin.py:188} INFO - [2026-03-17T06:05:27.669+0000] {dag.py:3823} INFO - Setting next_dagrun for daily_revenue_etl_dag to 2026-03-17 00:00:00+00:00, run_after=2026-03-18 00:00:00+00:00
[2026-03-17T06:05:27.701+0000] {processor.py:183} INFO - Processing /opt/airflow/dags/daily_revenue_etl_dag.py took 0.100 seconds
[2026-03-17T06:06:52.250+0000] {processor.py:161} INFO - Started process (PID=2216) to work on /opt/airflow/dags/daily_revenue_etl_dag.py
[2026-03-17T06:06:52.252+0000] {processor.py:830} INFO - Processing file /opt/airflow/dags/daily_revenue_etl_dag.py for tasks to queue
[2026-03-17T06:06:52.254+0000] {logging_mixin.py:188} INFO - [2026-03-17T06:06:52.254+0000] {dagbag.py:538} INFO - Filling up the DagBag from /opt/airflow/dags/daily_revenue_etl_dag.py
[2026-03-17T06:06:52.288+0000] {processor.py:840} INFO - DAG(s) 'daily_revenue_etl_dag' retrieved from /opt/airflow/dags/daily_revenue_etl_dag.py
[2026-03-17T06:06:52.324+0000] {logging_mixin.py:188} INFO - [2026-03-17T06:06:52.324+0000] {dag.py:3036} INFO - Sync 1 DAGs
[2026-03-17T06:06:52.351+0000] {logging_mixin.py:188} INFO - [2026-03-17T06:06:52.351+0000] {dag.py:3823} INFO - Setting next_dagrun for daily_revenue_etl_dag to 2026-03-17 00:00:00+00:00, run_after=2026-03-18 00:00:00+00:00
[2026-03-17T06:06:52.389+0000] {processor.py:183} INFO - Processing /opt/airflow/dags/daily_revenue_etl_dag.py took 0.147 seconds
[2026-03-17T05:44:04.189+0000] {processor.py:161} INFO - Started process (PID=2221) to work on /opt/airflow/dags/daily_revenue_etl_dag.py
[2026-03-17T05:44:04.191+0000] {processor.py:830} INFO - Processing file /opt/airflow/dags/daily_revenue_etl_dag.py for tasks to queue
[2026-03-17T05:44:04.192+0000] {logging_mixin.py:188} INFO - [2026-03-17T05:44:04.192+0000] {dagbag.py:538} INFO - Filling up the DagBag from /opt/airflow/dags/daily_revenue_etl_dag.py
[2026-03-17T05:44:04.231+0000] {processor.py:840} INFO - DAG(s) 'daily_revenue_etl_dag' retrieved from /opt/airflow/dags/daily_revenue_etl_dag.py
[2026-03-17T05:44:04.277+0000] {logging_mixin.py:188} INFO - [2026-03-17T05:44:04.277+0000] {dag.py:3036} INFO - Sync 1 DAGs
[2026-03-17T05:44:04.310+0000] {logging_mixin.py:188} INFO - [2026-03-17T05:44:04.310+0000] {dag.py:3823} INFO - Setting next_dagrun for daily_revenue_etl_dag to 2026-03-17 00:00:00+00:00, run_after=2026-03-18 00:00:00+00:00
[2026-03-17T05:44:04.344+0000] {processor.py:183} INFO - Processing /opt/airflow/dags/daily_revenue_etl_dag.py took 0.164 seconds
[2026-03-17T06:07:22.692+0000] {processor.py:161} INFO - Started process (PID=2226) to work on /opt/airflow/dags/daily_revenue_etl_dag.py
[2026-03-17T06:07:22.696+0000] {processor.py:830} INFO - Processing file /opt/airflow/dags/daily_revenue_etl_dag.py for tasks to queue
[2026-03-17T06:07:22.699+0000] {logging_mixin.py:188} INFO - [2026-03-17T06:07:22.698+0000] {dagbag.py:538} INFO - Filling up the DagBag from /opt/airflow/dags/daily_revenue_etl_dag.py
[2026-03-17T06:07:22.736+0000] {processor.py:840} INFO - DAG(s) 'daily_revenue_etl_dag' retrieved from /opt/airflow/dags/daily_revenue_etl_dag.py
[2026-03-17T06:07:22.790+0000] {logging_mixin.py:188} INFO - [2026-03-17T06:07:22.789+0000] {dag.py:3036} INFO - Sync 1 DAGs
[2026-03-17T06:07:22.822+0000] {logging_mixin.py:188} INFO - [2026-03-17T06:07:22.821+0000] {dag.py:3823} INFO - Setting next_dagrun for daily_revenue_etl_dag to 2026-03-17 00:00:00+00:00, run_after=2026-03-18 00:00:00+00:00
[2026-03-17T06:07:22.852+0000] {processor.py:183} INFO - Processing /opt/airflow/dags/daily_revenue_etl_dag.py took 0.166 seconds
[2026-03-17T06:07:52.905+0000] {processor.py:161} INFO - Started process (PID=2231) to work on /opt/airflow/dags/daily_revenue_etl_dag.py
[2026-03-17T06:07:52.908+0000] {processor.py:830} INFO - Processing file /opt/airflow/dags/daily_revenue_etl_dag.py for tasks to queue
[2026-03-17T06:07:52.909+0000] {logging_mixin.py:188} INFO - [2026-03-17T06:07:52.909+0000] {dagbag.py:538} INFO - Filling up the DagBag from /opt/airflow/dags/daily_revenue_etl_dag.py
[2026-03-17T06:07:52.929+0000] {processor.py:840} INFO - DAG(s) 'daily_revenue_etl_dag' retrieved from /opt/airflow/dags/daily_revenue_etl_dag.py
[2026-03-17T05:44:34.674+0000] {logging_mixin.py:188} INFO - [2026-03-17T05:44:34.673+0000] {dag.py:3036} INFO - Sync 1 DAGs
[2026-03-17T05:44:34.694+0000] {logging_mixin.py:188} INFO - [2026-03-17T05:44:34.694+0000] {dag.py:3823} INFO - Setting next_dagrun for daily_revenue_etl_dag to 2026-03-17 00:00:00+00:00, run_after=2026-03-18 00:00:00+00:00
[2026-03-17T05:44:34.713+0000] {processor.py:183} INFO - Processing /opt/airflow/dags/daily_revenue_etl_dag.py took 0.097 seconds
[2026-03-17T06:07:57.955+0000] {processor.py:161} INFO - Started process (PID=2236) to work on /opt/airflow/dags/daily_revenue_etl_dag.py
[2026-03-17T06:07:57.956+0000] {processor.py:830} INFO - Processing file /opt/airflow/dags/daily_revenue_etl_dag.py for tasks to queue
[2026-03-17T06:07:57.957+0000] {logging_mixin.py:188} INFO - [2026-03-17T06:07:57.957+0000] {dagbag.py:538} INFO - Filling up the DagBag from /opt/airflow/dags/daily_revenue_etl_dag.py
[2026-03-17T05:44:39.699+0000] {processor.py:840} INFO - DAG(s) 'daily_revenue_etl_dag' retrieved from /opt/airflow/dags/daily_revenue_etl_dag.py
[2026-03-17T05:44:39.728+0000] {logging_mixin.py:188} INFO - [2026-03-17T05:44:39.728+0000] {dag.py:3036} INFO - Sync 1 DAGs
[2026-03-17T05:44:39.752+0000] {logging_mixin.py:188} INFO - [2026-03-17T05:44:39.752+0000] {dag.py:3823} INFO - Setting next_dagrun for daily_revenue_etl_dag to 2026-03-17 00:00:00+00:00, run_after=2026-03-18 00:00:00+00:00
[2026-03-17T05:44:39.778+0000] {processor.py:183} INFO - Processing /opt/airflow/dags/daily_revenue_etl_dag.py took 0.114 seconds
[2026-03-17T06:08:22.346+0000] {processor.py:161} INFO - Started process (PID=2241) to work on /opt/airflow/dags/daily_revenue_etl_dag.py
[2026-03-17T06:08:22.347+0000] {processor.py:830} INFO - Processing file /opt/airflow/dags/daily_revenue_etl_dag.py for tasks to queue
[2026-03-17T06:08:22.348+0000] {logging_mixin.py:188} INFO - [2026-03-17T06:08:22.347+0000] {dagbag.py:538} INFO - Filling up the DagBag from /opt/airflow/dags/daily_revenue_etl_dag.py
[2026-03-17T06:08:22.368+0000] {processor.py:840} INFO - DAG(s) 'daily_revenue_etl_dag' retrieved from /opt/airflow/dags/daily_revenue_etl_dag.py
[2026-03-17T06:08:22.395+0000] {logging_mixin.py:188} INFO - [2026-03-17T06:08:22.395+0000] {dag.py:3036} INFO - Sync 1 DAGs
[2026-03-17T06:08:22.416+0000] {logging_mixin.py:188} INFO - [2026-03-17T06:08:22.416+0000] {dag.py:3823} INFO - Setting next_dagrun for daily_revenue_etl_dag to 2026-03-17 00:00:00+00:00, run_after=2026-03-18 00:00:00+00:00
[2026-03-17T06:08:22.437+0000] {processor.py:183} INFO - Processing /opt/airflow/dags/daily_revenue_etl_dag.py took 0.093 seconds
[2026-03-17T06:09:07.903+0000] {processor.py:161} INFO - Started process (PID=2246) to work on /opt/airflow/dags/daily_revenue_etl_dag.py
[2026-03-17T06:09:07.905+0000] {processor.py:830} INFO - Processing file /opt/airflow/dags/daily_revenue_etl_dag.py for tasks to queue
[2026-03-17T06:09:07.905+0000] {logging_mixin.py:188} INFO - [2026-03-17T06:09:07.905+0000] {dagbag.py:538} INFO - Filling up the DagBag from /opt/airflow/dags/daily_revenue_etl_dag.py
[2026-03-17T06:09:07.921+0000] {processor.py:840} INFO - DAG(s) 'daily_revenue_etl_dag' retrieved from /opt/airflow/dags/daily_revenue_etl_dag.py
[2026-03-17T06:09:07.942+0000] {logging_mixin.py:188} INFO - [2026-03-17T06:09:07.942+0000] {dag.py:3036} INFO - Sync 1 DAGs
[2026-03-17T06:09:07.959+0000] {logging_mixin.py:188} INFO - [2026-03-17T06:09:07.959+0000] {dag.py:3823} INFO - Setting next_dagrun for daily_revenue_etl_dag to 2026-03-17 00:00:00+00:00, run_after=2026-03-18 00:00:00+00:00
[2026-03-17T06:09:07.986+0000] {processor.py:183} INFO - Processing /opt/airflow/dags/daily_revenue_etl_dag.py took 0.087 seconds
[2026-03-17T06:09:52.380+0000] {processor.py:161} INFO - Started process (PID=2252) to work on /opt/airflow/dags/daily_revenue_etl_dag.py
[2026-03-17T06:09:52.381+0000] {processor.py:830} INFO - Processing file /opt/airflow/dags/daily_revenue_etl_dag.py for tasks to queue
[2026-03-17T06:09:52.383+0000] {logging_mixin.py:188} INFO - [2026-03-17T06:09:52.382+0000] {dagbag.py:538} INFO - Filling up the DagBag from /opt/airflow/dags/daily_revenue_etl_dag.py
[2026-03-17T06:09:52.408+0000] {processor.py:840} INFO - DAG(s) 'daily_revenue_etl_dag' retrieved from /opt/airflow/dags/daily_revenue_etl_dag.py
[2026-03-17T06:09:52.443+0000] {logging_mixin.py:188} INFO - [2026-03-17T06:09:52.442+0000] {dag.py:3036} INFO - Sync 1 DAGs
[2026-03-17T06:09:52.474+0000] {logging_mixin.py:188} INFO - [2026-03-17T06:09:52.474+0000] {dag.py:3823} INFO - Setting next_dagrun for daily_revenue_etl_dag to 2026-03-17 00:00:00+00:00, run_after=2026-03-18 00:00:00+00:00
[2026-03-17T06:09:52.502+0000] {processor.py:183} INFO - Processing /opt/airflow/dags/daily_revenue_etl_dag.py took 0.127 seconds
[2026-03-17T06:10:48.056+0000] {processor.py:161} INFO - Started process (PID=2257) to work on /opt/airflow/dags/daily_revenue_etl_dag.py
[2026-03-17T06:10:48.057+0000] {processor.py:830} INFO - Processing file /opt/airflow/dags/daily_revenue_etl_dag.py for tasks to queue
[2026-03-17T06:10:48.058+0000] {logging_mixin.py:188} INFO - [2026-03-17T06:10:48.058+0000] {dagbag.py:538} INFO - Filling up the DagBag from /opt/airflow/dags/daily_revenue_etl_dag.py
[2026-03-17T06:10:48.076+0000] {processor.py:840} INFO - DAG(s) 'daily_revenue_etl_dag' retrieved from /opt/airflow/dags/daily_revenue_etl_dag.py
[2026-03-17T06:10:48.098+0000] {logging_mixin.py:188} INFO - [2026-03-17T06:10:48.098+0000] {dag.py:3036} INFO - Sync 1 DAGs
[2026-03-17T06:10:48.115+0000] {logging_mixin.py:188} INFO - [2026-03-17T06:10:48.115+0000] {dag.py:3823} INFO - Setting next_dagrun for daily_revenue_etl_dag to 2026-03-17 00:00:00+00:00, run_after=2026-03-18 00:00:00+00:00
[2026-03-17T06:10:48.133+0000] {processor.py:183} INFO - Processing /opt/airflow/dags/daily_revenue_etl_dag.py took 0.080 seconds
[2026-03-17T06:11:22.422+0000] {processor.py:161} INFO - Started process (PID=2262) to work on /opt/airflow/dags/daily_revenue_etl_dag.py
[2026-03-17T06:11:22.423+0000] {processor.py:830} INFO - Processing file /opt/airflow/dags/daily_revenue_etl_dag.py for tasks to queue
[2026-03-17T06:11:22.424+0000] {logging_mixin.py:188} INFO - [2026-03-17T06:11:22.423+0000] {dagbag.py:538} INFO - Filling up the DagBag from /opt/airflow/dags/daily_revenue_etl_dag.py
[2026-03-17T06:11:22.440+0000] {processor.py:840} INFO - DAG(s) 'daily_revenue_etl_dag' retrieved from /opt/airflow/dags/daily_revenue_etl_dag.py
[2026-03-17T06:11:22.462+0000] {logging_mixin.py:188} INFO - [2026-03-17T06:11:22.462+0000] {dag.py:3036} INFO - Sync 1 DAGs
[2026-03-17T06:11:22.479+0000] {logging_mixin.py:188} INFO - [2026-03-17T06:11:22.479+0000] {dag.py:3823} INFO - Setting next_dagrun for daily_revenue_etl_dag to 2026-03-17 00:00:00+00:00, run_after=2026-03-18 00:00:00+00:00
[2026-03-17T06:11:22.495+0000] {processor.py:183} INFO - Processing /opt/airflow/dags/daily_revenue_etl_dag.py took 0.077 seconds
[2026-03-17T06:12:28.222+0000] {processor.py:161} INFO - Started process (PID=2267) to work on /opt/airflow/dags/daily_revenue_etl_dag.py
[2026-03-17T06:12:28.223+0000] {processor.py:830} INFO - Processing file /opt/airflow/dags/daily_revenue_etl_dag.py for tasks to queue
[2026-03-17T06:12:28.224+0000] {logging_mixin.py:188} INFO - [2026-03-17T06:12:28.224+0000] {dagbag.py:538} INFO - Filling up the DagBag from /opt/airflow/dags/daily_revenue_etl_dag.py
[2026-03-17T06:12:28.240+0000] {processor.py:840} INFO - DAG(s) 'daily_revenue_etl_dag' retrieved from /opt/airflow/dags/daily_revenue_etl_dag.py
[2026-03-17T06:12:28.261+0000] {logging_mixin.py:188} INFO - [2026-03-17T06:12:28.261+0000] {dag.py:3036} INFO - Sync 1 DAGs
[2026-03-17T06:12:28.277+0000] {logging_mixin.py:188} INFO - [2026-03-17T06:12:28.277+0000] {dag.py:3823} INFO - Setting next_dagrun for daily_revenue_etl_dag to 2026-03-17 00:00:00+00:00, run_after=2026-03-18 00:00:00+00:00
[2026-03-17T06:12:28.304+0000] {processor.py:183} INFO - Processing /opt/airflow/dags/daily_revenue_etl_dag.py took 0.084 seconds
[2026-03-17T06:14:22.436+0000] {processor.py:161} INFO - Started process (PID=2272) to work on /opt/airflow/dags/daily_revenue_etl_dag.py
[2026-03-17T06:14:22.437+0000] {processor.py:830} INFO - Processing file /opt/airflow/dags/daily_revenue_etl_dag.py for tasks to queue
[2026-03-17T06:14:22.438+0000] {logging_mixin.py:188} INFO - [2026-03-17T06:14:22.438+0000] {dagbag.py:538} INFO - Filling up the DagBag from /opt/airflow/dags/daily_revenue_etl_dag.py
[2026-03-17T06:14:22.458+0000] {processor.py:840} INFO - DAG(s) 'daily_revenue_etl_dag' retrieved from /opt/airflow/dags/daily_revenue_etl_dag.py
[2026-03-17T06:14:22.485+0000] {logging_mixin.py:188} INFO - [2026-03-17T06:14:22.485+0000] {dag.py:3036} INFO - Sync 1 DAGs
[2026-03-17T06:14:22.507+0000] {logging_mixin.py:188} INFO - [2026-03-17T06:14:22.507+0000] {dag.py:3823} INFO - Setting next_dagrun for daily_revenue_etl_dag to 2026-03-17 00:00:00+00:00, run_after=2026-03-18 00:00:00+00:00
[2026-03-17T06:14:22.536+0000] {processor.py:183} INFO - Processing /opt/airflow/dags/daily_revenue_etl_dag.py took 0.103 seconds
[2026-03-17T06:15:52.359+0000] {processor.py:161} INFO - Started process (PID=2277) to work on /opt/airflow/dags/daily_revenue_etl_dag.py
[2026-03-17T06:15:52.360+0000] {processor.py:830} INFO - Processing file /opt/airflow/dags/daily_revenue_etl_dag.py for tasks to queue
[2026-03-17T06:15:52.361+0000] {logging_mixin.py:188} INFO - [2026-03-17T06:15:52.361+0000] {dagbag.py:538} INFO - Filling up the DagBag from /opt/airflow/dags/daily_revenue_etl_dag.py
[2026-03-17T06:15:52.378+0000] {processor.py:840} INFO - DAG(s) 'daily_revenue_etl_dag' retrieved from /opt/airflow/dags/daily_revenue_etl_dag.py
[2026-03-17T06:15:52.402+0000] {logging_mixin.py:188} INFO - [2026-03-17T06:15:52.402+0000] {dag.py:3036} INFO - Sync 1 DAGs
[2026-03-17T06:15:52.421+0000] {logging_mixin.py:188} INFO - [2026-03-17T06:15:52.421+0000] {dag.py:3823} INFO - Setting next_dagrun for daily_revenue_etl_dag to 2026-03-17 00:00:00+00:00, run_after=2026-03-18 00:00:00+00:00
[2026-03-17T06:15:52.440+0000] {processor.py:183} INFO - Processing /opt/airflow/dags/daily_revenue_etl_dag.py took 0.084 seconds
[2026-03-17T06:16:23.756+0000] {processor.py:161} INFO - Started process (PID=2283) to work on /opt/airflow/dags/daily_revenue_etl_dag.py
[2026-03-17T06:16:23.757+0000] {processor.py:830} INFO - Processing file /opt/airflow/dags/daily_revenue_etl_dag.py for tasks to queue
[2026-03-17T06:16:23.758+0000] {logging_mixin.py:188} INFO - [2026-03-17T06:16:23.758+0000] {dagbag.py:538} INFO - Filling up the DagBag from /opt/airflow/dags/daily_revenue_etl_dag.py
[2026-03-17T06:16:23.774+0000] {processor.py:840} INFO - DAG(s) 'daily_revenue_etl_dag' retrieved from /opt/airflow/dags/daily_revenue_etl_dag.py
[2026-03-17T06:16:23.799+0000] {logging_mixin.py:188} INFO - [2026-03-17T06:16:23.799+0000] {dag.py:3036} INFO - Sync 1 DAGs
[2026-03-17T06:16:23.817+0000] {logging_mixin.py:188} INFO - [2026-03-17T06:16:23.817+0000] {dag.py:3823} INFO - Setting next_dagrun for daily_revenue_etl_dag to 2026-03-17 00:00:00+00:00, run_after=2026-03-18 00:00:00+00:00
[2026-03-17T06:16:23.833+0000] {processor.py:183} INFO - Processing /opt/airflow/dags/daily_revenue_etl_dag.py took 0.080 seconds
[2026-03-17T06:17:22.387+0000] {processor.py:161} INFO - Started process (PID=2288) to work on /opt/airflow/dags/daily_revenue_etl_dag.py
[2026-03-17T06:17:22.389+0000] {processor.py:830} INFO - Processing file /opt/airflow/dags/daily_revenue_etl_dag.py for tasks to queue
[2026-03-17T06:17:22.390+0000] {logging_mixin.py:188} INFO - [2026-03-17T06:17:22.390+0000] {dagbag.py:538} INFO - Filling up the DagBag from /opt/airflow/dags/daily_revenue_etl_dag.py
[2026-03-17T06:17:22.414+0000] {processor.py:840} INFO - DAG(s) 'daily_revenue_etl_dag' retrieved from /opt/airflow/dags/daily_revenue_etl_dag.py
[2026-03-17T06:17:22.440+0000] {logging_mixin.py:188} INFO - [2026-03-17T06:17:22.440+0000] {dag.py:3036} INFO - Sync 1 DAGs
[2026-03-17T06:17:22.460+0000] {logging_mixin.py:188} INFO - [2026-03-17T06:17:22.459+0000] {dag.py:3823} INFO - Setting next_dagrun for daily_revenue_etl_dag to 2026-03-17 00:00:00+00:00, run_after=2026-03-18 00:00:00+00:00
[2026-03-17T06:17:22.478+0000] {processor.py:183} INFO - Processing /opt/airflow/dags/daily_revenue_etl_dag.py took 0.095 seconds
[2026-03-17T06:17:53.814+0000] {processor.py:161} INFO - Started process (PID=2293) to work on /opt/airflow/dags/daily_revenue_etl_dag.py
[2026-03-17T06:17:53.816+0000] {processor.py:830} INFO - Processing file /opt/airflow/dags/daily_revenue_etl_dag.py for tasks to queue
[2026-03-17T06:17:53.818+0000] {logging_mixin.py:188} INFO - [2026-03-17T06:17:53.818+0000] {dagbag.py:538} INFO - Filling up the DagBag from /opt/airflow/dags/daily_revenue_etl_dag.py
[2026-03-17T06:17:53.862+0000] {processor.py:840} INFO - DAG(s) 'daily_revenue_etl_dag' retrieved from /opt/airflow/dags/daily_revenue_etl_dag.py
[2026-03-17T06:17:53.902+0000] {logging_mixin.py:188} INFO - [2026-03-17T06:17:53.902+0000] {dag.py:3036} INFO - Sync 1 DAGs
[2026-03-17T06:17:53.930+0000] {logging_mixin.py:188} INFO - [2026-03-17T06:17:53.930+0000] {dag.py:3823} INFO - Setting next_dagrun for daily_revenue_etl_dag to 2026-03-17 00:00:00+00:00, run_after=2026-03-18 00:00:00+00:00
[2026-03-17T06:17:53.954+0000] {processor.py:183} INFO - Processing /opt/airflow/dags/daily_revenue_etl_dag.py took 0.145 seconds
[2026-03-17T05:55:05.859+0000] {processor.py:161} INFO - Started process (PID=2298) to work on /opt/airflow/dags/daily_revenue_etl_dag.py
[2026-03-17T05:55:05.861+0000] {processor.py:830} INFO - Processing file /opt/airflow/dags/daily_revenue_etl_dag.py for tasks to queue
[2026-03-17T05:55:05.863+0000] {logging_mixin.py:188} INFO - [2026-03-17T05:55:05.862+0000] {dagbag.py:538} INFO - Filling up the DagBag from /opt/airflow/dags/daily_revenue_etl_dag.py
[2026-03-17T05:55:05.882+0000] {processor.py:840} INFO - DAG(s) 'daily_revenue_etl_dag' retrieved from /opt/airflow/dags/daily_revenue_etl_dag.py
[2026-03-17T05:55:05.904+0000] {logging_mixin.py:188} INFO - [2026-03-17T05:55:05.904+0000] {dag.py:3036} INFO - Sync 1 DAGs
[2026-03-17T05:55:05.921+0000] {logging_mixin.py:188} INFO - [2026-03-17T05:55:05.920+0000] {dag.py:3823} INFO - Setting next_dagrun for daily_revenue_etl_dag to 2026-03-17 00:00:00+00:00, run_after=2026-03-18 00:00:00+00:00
[2026-03-17T05:55:05.936+0000] {processor.py:183} INFO - Processing /opt/airflow/dags/daily_revenue_etl_dag.py took 0.083 seconds
[2026-03-17T06:18:52.527+0000] {processor.py:161} INFO - Started process (PID=2303) to work on /opt/airflow/dags/daily_revenue_etl_dag.py
[2026-03-17T06:18:52.527+0000] {processor.py:830} INFO - Processing file /opt/airflow/dags/daily_revenue_etl_dag.py for tasks to queue
[2026-03-17T06:18:52.528+0000] {logging_mixin.py:188} INFO - [2026-03-17T06:18:52.528+0000] {dagbag.py:538} INFO - Filling up the DagBag from /opt/airflow/dags/daily_revenue_etl_dag.py
[2026-03-17T06:18:52.545+0000] {processor.py:840} INFO - DAG(s) 'daily_revenue_etl_dag' retrieved from /opt/airflow/dags/daily_revenue_etl_dag.py
[2026-03-17T06:18:52.566+0000] {logging_mixin.py:188} INFO - [2026-03-17T06:18:52.566+0000] {dag.py:3036} INFO - Sync 1 DAGs
[2026-03-17T06:18:52.582+0000] {logging_mixin.py:188} INFO - [2026-03-17T06:18:52.581+0000] {dag.py:3823} INFO - Setting next_dagrun for daily_revenue_etl_dag to 2026-03-17 00:00:00+00:00, run_after=2026-03-18 00:00:00+00:00
[2026-03-17T05:55:34.336+0000] {processor.py:183} INFO - Processing /opt/airflow/dags/daily_revenue_etl_dag.py took 0.084 seconds
[2026-03-17T05:56:04.575+0000] {processor.py:161} INFO - Started process (PID=2308) to work on /opt/airflow/dags/daily_revenue_etl_dag.py
[2026-03-17T05:56:04.577+0000] {processor.py:830} INFO - Processing file /opt/airflow/dags/daily_revenue_etl_dag.py for tasks to queue
[2026-03-17T05:56:04.579+0000] {logging_mixin.py:188} INFO - [2026-03-17T05:56:04.579+0000] {dagbag.py:538} INFO - Filling up the DagBag from /opt/airflow/dags/daily_revenue_etl_dag.py
[2026-03-17T05:56:04.614+0000] {processor.py:840} INFO - DAG(s) 'daily_revenue_etl_dag' retrieved from /opt/airflow/dags/daily_revenue_etl_dag.py
[2026-03-17T05:56:04.659+0000] {logging_mixin.py:188} INFO - [2026-03-17T05:56:04.659+0000] {dag.py:3036} INFO - Sync 1 DAGs
[2026-03-17T05:56:04.687+0000] {logging_mixin.py:188} INFO - [2026-03-17T05:56:04.687+0000] {dag.py:3823} INFO - Setting next_dagrun for daily_revenue_etl_dag to 2026-03-17 00:00:00+00:00, run_after=2026-03-18 00:00:00+00:00
[2026-03-17T05:56:04.715+0000] {processor.py:183} INFO - Processing /opt/airflow/dags/daily_revenue_etl_dag.py took 0.145 seconds
[2026-03-17T06:19:24.075+0000] {processor.py:161} INFO - Started process (PID=2313) to work on /opt/airflow/dags/daily_revenue_etl_dag.py
[2026-03-17T06:19:24.076+0000] {processor.py:830} INFO - Processing file /opt/airflow/dags/daily_revenue_etl_dag.py for tasks to queue
[2026-03-17T06:19:24.078+0000] {logging_mixin.py:188} INFO - [2026-03-17T06:19:24.077+0000] {dagbag.py:538} INFO - Filling up the DagBag from /opt/airflow/dags/daily_revenue_etl_dag.py
[2026-03-17T06:19:24.105+0000] {processor.py:840} INFO - DAG(s) 'daily_revenue_etl_dag' retrieved from /opt/airflow/dags/daily_revenue_etl_dag.py
[2026-03-17T06:19:24.143+0000] {logging_mixin.py:188} INFO - [2026-03-17T06:19:24.143+0000] {dag.py:3036} INFO - Sync 1 DAGs
[2026-03-17T06:19:24.173+0000] {logging_mixin.py:188} INFO - [2026-03-17T06:19:24.172+0000] {dag.py:3823} INFO - Setting next_dagrun for daily_revenue_etl_dag to 2026-03-17 00:00:00+00:00, run_after=2026-03-18 00:00:00+00:00
[2026-03-17T06:19:24.201+0000] {processor.py:183} INFO - Processing /opt/airflow/dags/daily_revenue_etl_dag.py took 0.131 seconds
[2026-03-17T06:19:29.126+0000] {processor.py:161} INFO - Started process (PID=2318) to work on /opt/airflow/dags/daily_revenue_etl_dag.py
[2026-03-17T06:19:29.127+0000] {processor.py:830} INFO - Processing file /opt/airflow/dags/daily_revenue_etl_dag.py for tasks to queue
[2026-03-17T06:19:29.128+0000] {logging_mixin.py:188} INFO - [2026-03-17T06:19:29.128+0000] {dagbag.py:538} INFO - Filling up the DagBag from /opt/airflow/dags/daily_revenue_etl_dag.py
[2026-03-17T06:19:29.148+0000] {processor.py:840} INFO - DAG(s) 'daily_revenue_etl_dag' retrieved from /opt/airflow/dags/daily_revenue_etl_dag.py
[2026-03-17T06:19:29.176+0000] {logging_mixin.py:188} INFO - [2026-03-17T06:19:29.175+0000] {dag.py:3036} INFO - Sync 1 DAGs
[2026-03-17T06:19:29.202+0000] {logging_mixin.py:188} INFO - [2026-03-17T06:19:29.202+0000] {dag.py:3823} INFO - Setting next_dagrun for daily_revenue_etl_dag to 2026-03-17 00:00:00+00:00, run_after=2026-03-18 00:00:00+00:00
[2026-03-17T05:56:10.950+0000] {processor.py:183} INFO - Processing /opt/airflow/dags/daily_revenue_etl_dag.py took 0.100 seconds
[2026-03-17T06:19:34.182+0000] {processor.py:161} INFO - Started process (PID=2323) to work on /opt/airflow/dags/daily_revenue_etl_dag.py
[2026-03-17T06:19:34.183+0000] {processor.py:830} INFO - Processing file /opt/airflow/dags/daily_revenue_etl_dag.py for tasks to queue
[2026-03-17T06:19:34.183+0000] {logging_mixin.py:188} INFO - [2026-03-17T06:19:34.183+0000] {dagbag.py:538} INFO - Filling up the DagBag from /opt/airflow/dags/daily_revenue_etl_dag.py
[2026-03-17T06:19:34.201+0000] {processor.py:840} INFO - DAG(s) 'daily_revenue_etl_dag' retrieved from /opt/airflow/dags/daily_revenue_etl_dag.py
[2026-03-17T05:56:15.950+0000] {logging_mixin.py:188} INFO - [2026-03-17T05:56:15.950+0000] {dag.py:3036} INFO - Sync 1 DAGs
[2026-03-17T05:56:15.968+0000] {logging_mixin.py:188} INFO - [2026-03-17T05:56:15.968+0000] {dag.py:3823} INFO - Setting next_dagrun for daily_revenue_etl_dag to 2026-03-17 00:00:00+00:00, run_after=2026-03-18 00:00:00+00:00
[2026-03-17T05:56:15.984+0000] {processor.py:183} INFO - Processing /opt/airflow/dags/daily_revenue_etl_dag.py took 0.077 seconds
[2026-03-17T05:56:20.969+0000] {processor.py:161} INFO - Started process (PID=2328) to work on /opt/airflow/dags/daily_revenue_etl_dag.py
[2026-03-17T05:56:20.971+0000] {processor.py:830} INFO - Processing file /opt/airflow/dags/daily_revenue_etl_dag.py for tasks to queue
[2026-03-17T05:56:20.972+0000] {logging_mixin.py:188} INFO - [2026-03-17T05:56:20.972+0000] {dagbag.py:538} INFO - Filling up the DagBag from /opt/airflow/dags/daily_revenue_etl_dag.py
[2026-03-17T05:56:21.001+0000] {processor.py:840} INFO - DAG(s) 'daily_revenue_etl_dag' retrieved from /opt/airflow/dags/daily_revenue_etl_dag.py
[2026-03-17T05:56:21.040+0000] {logging_mixin.py:188} INFO - [2026-03-17T05:56:21.039+0000] {dag.py:3036} INFO - Sync 1 DAGs
[2026-03-17T05:56:21.065+0000] {logging_mixin.py:188} INFO - [2026-03-17T05:56:21.064+0000] {dag.py:3823} INFO - Setting next_dagrun for daily_revenue_etl_dag to 2026-03-17 00:00:00+00:00, run_after=2026-03-18 00:00:00+00:00
[2026-03-17T05:56:21.088+0000] {processor.py:183} INFO - Processing /opt/airflow/dags/daily_revenue_etl_dag.py took 0.125 seconds
[2026-03-17T06:19:52.426+0000] {processor.py:161} INFO - Started process (PID=2335) to work on /opt/airflow/dags/daily_revenue_etl_dag.py
[2026-03-17T06:19:52.427+0000] {processor.py:830} INFO - Processing file /opt/airflow/dags/daily_revenue_etl_dag.py for tasks to queue
[2026-03-17T06:19:52.428+0000] {logging_mixin.py:188} INFO - [2026-03-17T06:19:52.428+0000] {dagbag.py:538} INFO - Filling up the DagBag from /opt/airflow/dags/daily_revenue_etl_dag.py
[2026-03-17T06:19:52.444+0000] {processor.py:840} INFO - DAG(s) 'daily_revenue_etl_dag' retrieved from /opt/airflow/dags/daily_revenue_etl_dag.py
[2026-03-17T06:19:52.467+0000] {logging_mixin.py:188} INFO - [2026-03-17T06:19:52.466+0000] {dag.py:3036} INFO - Sync 1 DAGs
[2026-03-17T06:19:52.484+0000] {logging_mixin.py:188} INFO - [2026-03-17T06:19:52.483+0000] {dag.py:3823} INFO - Setting next_dagrun for daily_revenue_etl_dag to 2026-03-17 00:00:00+00:00, run_after=2026-03-18 00:00:00+00:00
[2026-03-17T06:19:52.503+0000] {processor.py:183} INFO - Processing /opt/airflow/dags/daily_revenue_etl_dag.py took 0.080 seconds
[2026-03-17T06:21:09.173+0000] {processor.py:161} INFO - Started process (PID=2340) to work on /opt/airflow/dags/daily_revenue_etl_dag.py
[2026-03-17T06:21:09.174+0000] {processor.py:830} INFO - Processing file /opt/airflow/dags/daily_revenue_etl_dag.py for tasks to queue
[2026-03-17T06:21:09.176+0000] {logging_mixin.py:188} INFO - [2026-03-17T06:21:09.175+0000] {dagbag.py:538} INFO - Filling up the DagBag from /opt/airflow/dags/daily_revenue_etl_dag.py
[2026-03-17T06:21:09.205+0000] {processor.py:840} INFO - DAG(s) 'daily_revenue_etl_dag' retrieved from /opt/airflow/dags/daily_revenue_etl_dag.py
[2026-03-17T06:21:09.241+0000] {logging_mixin.py:188} INFO - [2026-03-17T06:21:09.240+0000] {dag.py:3036} INFO - Sync 1 DAGs
[2026-03-17T06:21:09.273+0000] {logging_mixin.py:188} INFO - [2026-03-17T06:21:09.273+0000] {dag.py:3823} INFO - Setting next_dagrun for daily_revenue_etl_dag to 2026-03-17 00:00:00+00:00, run_after=2026-03-18 00:00:00+00:00
[2026-03-17T06:21:09.311+0000] {processor.py:183} INFO - Processing /opt/airflow/dags/daily_revenue_etl_dag.py took 0.144 seconds
[2026-03-17T05:58:21.189+0000] {processor.py:161} INFO - Started process (PID=2345) to work on /opt/airflow/dags/daily_revenue_etl_dag.py
[2026-03-17T05:58:21.191+0000] {processor.py:830} INFO - Processing file /opt/airflow/dags/daily_revenue_etl_dag.py for tasks to queue
[2026-03-17T05:58:21.192+0000] {logging_mixin.py:188} INFO - [2026-03-17T05:58:21.192+0000] {dagbag.py:538} INFO - Filling up the DagBag from /opt/airflow/dags/daily_revenue_etl_dag.py
[2026-03-17T05:58:21.229+0000] {processor.py:840} INFO - DAG(s) 'daily_revenue_etl_dag' retrieved from /opt/airflow/dags/daily_revenue_etl_dag.py
[2026-03-17T05:58:21.269+0000] {logging_mixin.py:188} INFO - [2026-03-17T05:58:21.269+0000] {dag.py:3036} INFO - Sync 1 DAGs
[2026-03-17T05:58:21.298+0000] {logging_mixin.py:188} INFO - [2026-03-17T05:58:21.297+0000] {dag.py:3823} INFO - Setting next_dagrun for daily_revenue_etl_dag to 2026-03-17 00:00:00+00:00, run_after=2026-03-18 00:00:00+00:00
[2026-03-17T05:58:21.331+0000] {processor.py:183} INFO - Processing /opt/airflow/dags/daily_revenue_etl_dag.py took 0.147 seconds
[2026-03-17T05:58:51.505+0000] {processor.py:161} INFO - Started process (PID=2350) to work on /opt/airflow/dags/daily_revenue_etl_dag.py
[2026-03-17T05:58:51.507+0000] {processor.py:830} INFO - Processing file /opt/airflow/dags/daily_revenue_etl_dag.py for tasks to queue
[2026-03-17T05:58:51.509+0000] {logging_mixin.py:188} INFO - [2026-03-17T05:58:51.508+0000] {dagbag.py:538} INFO - Filling up the DagBag from /opt/airflow/dags/daily_revenue_etl_dag.py
[2026-03-17T05:58:51.546+0000] {processor.py:840} INFO - DAG(s) 'daily_revenue_etl_dag' retrieved from /opt/airflow/dags/daily_revenue_etl_dag.py
[2026-03-17T05:58:51.594+0000] {logging_mixin.py:188} INFO - [2026-03-17T05:58:51.594+0000] {dag.py:3036} INFO - Sync 1 DAGs
[2026-03-17T05:58:51.635+0000] {logging_mixin.py:188} INFO - [2026-03-17T05:58:51.635+0000] {dag.py:3823} INFO - Setting next_dagrun for daily_revenue_etl_dag to 2026-03-17 00:00:00+00:00, run_after=2026-03-18 00:00:00+00:00
[2026-03-17T05:58:51.668+0000] {processor.py:183} INFO - Processing /opt/airflow/dags/daily_revenue_etl_dag.py took 0.167 seconds
[2026-03-17T05:59:21.835+0000] {processor.py:161} INFO - Started process (PID=2355) to work on /opt/airflow/dags/daily_revenue_etl_dag.py
[2026-03-17T05:59:21.836+0000] {processor.py:830} INFO - Processing file /opt/airflow/dags/daily_revenue_etl_dag.py for tasks to queue
[2026-03-17T05:59:21.837+0000] {logging_mixin.py:188} INFO - [2026-03-17T05:59:21.837+0000] {dagbag.py:538} INFO - Filling up the DagBag from /opt/airflow/dags/daily_revenue_etl_dag.py
[2026-03-17T05:59:21.864+0000] {processor.py:840} INFO - DAG(s) 'daily_revenue_etl_dag' retrieved from /opt/airflow/dags/daily_revenue_etl_dag.py
[2026-03-17T05:59:21.895+0000] {logging_mixin.py:188} INFO - [2026-03-17T05:59:21.895+0000] {dag.py:3036} INFO - Sync 1 DAGs
[2026-03-17T05:59:21.919+0000] {logging_mixin.py:188} INFO - [2026-03-17T05:59:21.919+0000] {dag.py:3823} INFO - Setting next_dagrun for daily_revenue_etl_dag to 2026-03-17 00:00:00+00:00, run_after=2026-03-18 00:00:00+00:00
[2026-03-17T05:59:21.942+0000] {processor.py:183} INFO - Processing /opt/airflow/dags/daily_revenue_etl_dag.py took 0.112 seconds
[2026-03-17T06:22:54.340+0000] {processor.py:161} INFO - Started process (PID=2360) to work on /opt/airflow/dags/daily_revenue_etl_dag.py
[2026-03-17T06:22:54.341+0000] {processor.py:830} INFO - Processing file /opt/airflow/dags/daily_revenue_etl_dag.py for tasks to queue
[2026-03-17T06:22:54.343+0000] {logging_mixin.py:188} INFO - [2026-03-17T06:22:54.342+0000] {dagbag.py:538} INFO - Filling up the DagBag from /opt/airflow/dags/daily_revenue_etl_dag.py
[2026-03-17T06:22:54.366+0000] {processor.py:840} INFO - DAG(s) 'daily_revenue_etl_dag' retrieved from /opt/airflow/dags/daily_revenue_etl_dag.py
[2026-03-17T06:22:54.397+0000] {logging_mixin.py:188} INFO - [2026-03-17T06:22:54.397+0000] {dag.py:3036} INFO - Sync 1 DAGs
[2026-03-17T06:22:54.421+0000] {logging_mixin.py:188} INFO - [2026-03-17T06:22:54.421+0000] {dag.py:3823} INFO - Setting next_dagrun for daily_revenue_etl_dag to 2026-03-17 00:00:00+00:00, run_after=2026-03-18 00:00:00+00:00
[2026-03-17T06:22:54.442+0000] {processor.py:183} INFO - Processing /opt/airflow/dags/daily_revenue_etl_dag.py took 0.105 seconds
[2026-03-17T06:23:24.566+0000] {processor.py:161} INFO - Started process (PID=2365) to work on /opt/airflow/dags/daily_revenue_etl_dag.py
[2026-03-17T06:23:24.568+0000] {processor.py:830} INFO - Processing file /opt/airflow/dags/daily_revenue_etl_dag.py for tasks to queue
[2026-03-17T06:23:24.569+0000] {logging_mixin.py:188} INFO - [2026-03-17T06:23:24.568+0000] {dagbag.py:538} INFO - Filling up the DagBag from /opt/airflow/dags/daily_revenue_etl_dag.py
[2026-03-17T06:23:24.597+0000] {processor.py:840} INFO - DAG(s) 'daily_revenue_etl_dag' retrieved from /opt/airflow/dags/daily_revenue_etl_dag.py
[2026-03-17T06:00:06.363+0000] {logging_mixin.py:188} INFO - [2026-03-17T06:00:06.362+0000] {dag.py:3036} INFO - Sync 1 DAGs
[2026-03-17T06:00:06.394+0000] {logging_mixin.py:188} INFO - [2026-03-17T06:00:06.394+0000] {dag.py:3823} INFO - Setting next_dagrun for daily_revenue_etl_dag to 2026-03-17 00:00:00+00:00, run_after=2026-03-18 00:00:00+00:00
[2026-03-17T06:00:06.434+0000] {processor.py:183} INFO - Processing /opt/airflow/dags/daily_revenue_etl_dag.py took 0.140 seconds
[2026-03-17T06:00:21.499+0000] {processor.py:161} INFO - Started process (PID=2370) to work on /opt/airflow/dags/daily_revenue_etl_dag.py
[2026-03-17T06:00:21.502+0000] {processor.py:830} INFO - Processing file /opt/airflow/dags/daily_revenue_etl_dag.py for tasks to queue
[2026-03-17T06:00:21.506+0000] {logging_mixin.py:188} INFO - [2026-03-17T06:00:21.505+0000] {dagbag.py:538} INFO - Filling up the DagBag from /opt/airflow/dags/daily_revenue_etl_dag.py
[2026-03-17T06:00:21.569+0000] {processor.py:840} INFO - DAG(s) 'daily_revenue_etl_dag' retrieved from /opt/airflow/dags/daily_revenue_etl_dag.py
[2026-03-17T06:00:21.627+0000] {logging_mixin.py:188} INFO - [2026-03-17T06:00:21.627+0000] {dag.py:3036} INFO - Sync 1 DAGs
[2026-03-17T06:00:21.666+0000] {logging_mixin.py:188} INFO - [2026-03-17T06:00:21.665+0000] {dag.py:3823} INFO - Setting next_dagrun for daily_revenue_etl_dag to 2026-03-17 00:00:00+00:00, run_after=2026-03-18 00:00:00+00:00
[2026-03-17T06:00:21.705+0000] {processor.py:183} INFO - Processing /opt/airflow/dags/daily_revenue_etl_dag.py took 0.216 seconds
[2026-03-17T06:00:51.785+0000] {processor.py:161} INFO - Started process (PID=2377) to work on /opt/airflow/dags/daily_revenue_etl_dag.py
[2026-03-17T06:00:51.787+0000] {processor.py:830} INFO - Processing file /opt/airflow/dags/daily_revenue_etl_dag.py for tasks to queue
[2026-03-17T06:00:51.789+0000] {logging_mixin.py:188} INFO - [2026-03-17T06:00:51.788+0000] {dagbag.py:538} INFO - Filling up the DagBag from /opt/airflow/dags/daily_revenue_etl_dag.py
[2026-03-17T06:00:51.818+0000] {processor.py:840} INFO - DAG(s) 'daily_revenue_etl_dag' retrieved from /opt/airflow/dags/daily_revenue_etl_dag.py
[2026-03-17T06:00:51.859+0000] {logging_mixin.py:188} INFO - [2026-03-17T06:00:51.858+0000] {dag.py:3036} INFO - Sync 1 DAGs
[2026-03-17T06:00:51.892+0000] {logging_mixin.py:188} INFO - [2026-03-17T06:00:51.892+0000] {dag.py:3823} INFO - Setting next_dagrun for daily_revenue_etl_dag to 2026-03-17 00:00:00+00:00, run_after=2026-03-18 00:00:00+00:00
[2026-03-17T06:00:51.920+0000] {processor.py:183} INFO - Processing /opt/airflow/dags/daily_revenue_etl_dag.py took 0.140 seconds
[2026-03-17T06:01:22.206+0000] {processor.py:161} INFO - Started process (PID=2382) to work on /opt/airflow/dags/daily_revenue_etl_dag.py
[2026-03-17T06:01:22.208+0000] {processor.py:830} INFO - Processing file /opt/airflow/dags/daily_revenue_etl_dag.py for tasks to queue
[2026-03-17T06:01:22.210+0000] {logging_mixin.py:188} INFO - [2026-03-17T06:01:22.209+0000] {dagbag.py:538} INFO - Filling up the DagBag from /opt/airflow/dags/daily_revenue_etl_dag.py
[2026-03-17T06:01:22.265+0000] {processor.py:840} INFO - DAG(s) 'daily_revenue_etl_dag' retrieved from /opt/airflow/dags/daily_revenue_etl_dag.py
[2026-03-17T06:01:22.319+0000] {logging_mixin.py:188} INFO - [2026-03-17T06:01:22.318+0000] {dag.py:3036} INFO - Sync 1 DAGs
[2026-03-17T06:01:22.348+0000] {logging_mixin.py:188} INFO - [2026-03-17T06:01:22.348+0000] {dag.py:3823} INFO - Setting next_dagrun for daily_revenue_etl_dag to 2026-03-17 00:00:00+00:00, run_after=2026-03-18 00:00:00+00:00
[2026-03-17T06:01:22.372+0000] {processor.py:183} INFO - Processing /opt/airflow/dags/daily_revenue_etl_dag.py took 0.172 seconds
[2026-03-17T06:01:26.494+0000] {processor.py:161} INFO - Started process (PID=2387) to work on /opt/airflow/dags/daily_revenue_etl_dag.py
[2026-03-17T06:01:26.496+0000] {processor.py:830} INFO - Processing file /opt/airflow/dags/daily_revenue_etl_dag.py for tasks to queue
[2026-03-17T06:01:26.497+0000] {logging_mixin.py:188} INFO - [2026-03-17T06:01:26.497+0000] {dagbag.py:538} INFO - Filling up the DagBag from /opt/airflow/dags/daily_revenue_etl_dag.py
[2026-03-17T06:01:26.531+0000] {processor.py:840} INFO - DAG(s) 'daily_revenue_etl_dag' retrieved from /opt/airflow/dags/daily_revenue_etl_dag.py
[2026-03-17T06:01:26.573+0000] {logging_mixin.py:188} INFO - [2026-03-17T06:01:26.573+0000] {dag.py:3036} INFO - Sync 1 DAGs
[2026-03-17T06:01:26.610+0000] {logging_mixin.py:188} INFO - [2026-03-17T06:01:26.610+0000] {dag.py:3823} INFO - Setting next_dagrun for daily_revenue_etl_dag to 2026-03-17 00:00:00+00:00, run_after=2026-03-18 00:00:00+00:00
[2026-03-17T06:01:26.642+0000] {processor.py:183} INFO - Processing /opt/airflow/dags/daily_revenue_etl_dag.py took 0.153 seconds
[2026-03-17T06:24:49.820+0000] {processor.py:161} INFO - Started process (PID=2392) to work on /opt/airflow/dags/daily_revenue_etl_dag.py
[2026-03-17T06:24:49.822+0000] {processor.py:830} INFO - Processing file /opt/airflow/dags/daily_revenue_etl_dag.py for tasks to queue
[2026-03-17T06:24:49.823+0000] {logging_mixin.py:188} INFO - [2026-03-17T06:24:49.823+0000] {dagbag.py:538} INFO - Filling up the DagBag from /opt/airflow/dags/daily_revenue_etl_dag.py
[2026-03-17T06:24:49.849+0000] {processor.py:840} INFO - DAG(s) 'daily_revenue_etl_dag' retrieved from /opt/airflow/dags/daily_revenue_etl_dag.py
[2026-03-17T06:24:49.881+0000] {logging_mixin.py:188} INFO - [2026-03-17T06:24:49.881+0000] {dag.py:3036} INFO - Sync 1 DAGs
[2026-03-17T06:01:31.588+0000] {logging_mixin.py:188} INFO - [2026-03-17T06:01:31.588+0000] {dag.py:3823} INFO - Setting next_dagrun for daily_revenue_etl_dag to 2026-03-17 00:00:00+00:00, run_after=2026-03-18 00:00:00+00:00
[2026-03-17T06:01:31.611+0000] {processor.py:183} INFO - Processing /opt/airflow/dags/daily_revenue_etl_dag.py took 0.119 seconds
[2026-03-17T06:01:36.579+0000] {processor.py:161} INFO - Started process (PID=2397) to work on /opt/airflow/dags/daily_revenue_etl_dag.py
[2026-03-17T06:01:36.582+0000] {processor.py:830} INFO - Processing file /opt/airflow/dags/daily_revenue_etl_dag.py for tasks to queue
[2026-03-17T06:01:36.585+0000] {logging_mixin.py:188} INFO - [2026-03-17T06:01:36.584+0000] {dagbag.py:538} INFO - Filling up the DagBag from /opt/airflow/dags/daily_revenue_etl_dag.py
[2026-03-17T06:01:36.627+0000] {processor.py:840} INFO - DAG(s) 'daily_revenue_etl_dag' retrieved from /opt/airflow/dags/daily_revenue_etl_dag.py
[2026-03-17T06:01:36.675+0000] {logging_mixin.py:188} INFO - [2026-03-17T06:01:36.675+0000] {dag.py:3036} INFO - Sync 1 DAGs
[2026-03-17T06:01:36.707+0000] {logging_mixin.py:188} INFO - [2026-03-17T06:01:36.707+0000] {dag.py:3823} INFO - Setting next_dagrun for daily_revenue_etl_dag to 2026-03-17 00:00:00+00:00, run_after=2026-03-18 00:00:00+00:00
[2026-03-17T06:01:36.733+0000] {processor.py:183} INFO - Processing /opt/airflow/dags/daily_revenue_etl_dag.py took 0.159 seconds
[2026-03-17T06:02:06.987+0000] {processor.py:161} INFO - Started process (PID=2402) to work on /opt/airflow/dags/daily_revenue_etl_dag.py
[2026-03-17T06:02:06.989+0000] {processor.py:830} INFO - Processing file /opt/airflow/dags/daily_revenue_etl_dag.py for tasks to queue
[2026-03-17T06:02:06.991+0000] {logging_mixin.py:188} INFO - [2026-03-17T06:02:06.990+0000] {dagbag.py:538} INFO - Filling up the DagBag from /opt/airflow/dags/daily_revenue_etl_dag.py
[2026-03-17T06:02:07.015+0000] {processor.py:840} INFO - DAG(s) 'daily_revenue_etl_dag' retrieved from /opt/airflow/dags/daily_revenue_etl_dag.py
[2026-03-17T06:02:07.047+0000] {logging_mixin.py:188} INFO - [2026-03-17T06:02:07.047+0000] {dag.py:3036} INFO - Sync 1 DAGs
[2026-03-17T06:02:07.074+0000] {logging_mixin.py:188} INFO - [2026-03-17T06:02:07.073+0000] {dag.py:3823} INFO - Setting next_dagrun for daily_revenue_etl_dag to 2026-03-17 00:00:00+00:00, run_after=2026-03-18 00:00:00+00:00
[2026-03-17T06:02:07.106+0000] {processor.py:183} INFO - Processing /opt/airflow/dags/daily_revenue_etl_dag.py took 0.124 seconds
[2026-03-17T06:25:52.537+0000] {processor.py:161} INFO - Started process (PID=2407) to work on /opt/airflow/dags/daily_revenue_etl_dag.py
[2026-03-17T06:25:52.538+0000] {processor.py:830} INFO - Processing file /opt/airflow/dags/daily_revenue_etl_dag.py for tasks to queue
[2026-03-17T06:25:52.539+0000] {logging_mixin.py:188} INFO - [2026-03-17T06:25:52.539+0000] {dagbag.py:538} INFO - Filling up the DagBag from /opt/airflow/dags/daily_revenue_etl_dag.py
[2026-03-17T06:25:52.560+0000] {processor.py:840} INFO - DAG(s) 'daily_revenue_etl_dag' retrieved from /opt/airflow/dags/daily_revenue_etl_dag.py
[2026-03-17T06:25:52.586+0000] {logging_mixin.py:188} INFO - [2026-03-17T06:25:52.586+0000] {dag.py:3036} INFO - Sync 1 DAGs
[2026-03-17T06:25:52.608+0000] {logging_mixin.py:188} INFO - [2026-03-17T06:25:52.607+0000] {dag.py:3823} INFO - Setting next_dagrun for daily_revenue_etl_dag to 2026-03-17 00:00:00+00:00, run_after=2026-03-18 00:00:00+00:00
[2026-03-17T06:25:52.626+0000] {processor.py:183} INFO - Processing /opt/airflow/dags/daily_revenue_etl_dag.py took 0.093 seconds
[2026-03-17T06:26:24.882+0000] {processor.py:161} INFO - Started process (PID=2412) to work on /opt/airflow/dags/daily_revenue_etl_dag.py
[2026-03-17T06:26:24.883+0000] {processor.py:830} INFO - Processing file /opt/airflow/dags/daily_revenue_etl_dag.py for tasks to queue
[2026-03-17T06:26:24.885+0000] {logging_mixin.py:188} INFO - [2026-03-17T06:26:24.884+0000] {dagbag.py:538} INFO - Filling up the DagBag from /opt/airflow/dags/daily_revenue_etl_dag.py
[2026-03-17T06:26:24.914+0000] {processor.py:840} INFO - DAG(s) 'daily_revenue_etl_dag' retrieved from /opt/airflow/dags/daily_revenue_etl_dag.py
[2026-03-17T06:03:06.690+0000] {logging_mixin.py:188} INFO - [2026-03-17T06:03:06.689+0000] {dag.py:3036} INFO - Sync 1 DAGs
[2026-03-17T06:03:06.717+0000] {logging_mixin.py:188} INFO - [2026-03-17T06:03:06.716+0000] {dag.py:3823} INFO - Setting next_dagrun for daily_revenue_etl_dag to 2026-03-17 00:00:00+00:00, run_after=2026-03-18 00:00:00+00:00
[2026-03-17T06:03:06.733+0000] {processor.py:183} INFO - Processing /opt/airflow/dags/daily_revenue_etl_dag.py took 0.120 seconds
[2026-03-17T06:03:11.712+0000] {processor.py:161} INFO - Started process (PID=2417) to work on /opt/airflow/dags/daily_revenue_etl_dag.py
[2026-03-17T06:03:11.714+0000] {processor.py:830} INFO - Processing file /opt/airflow/dags/daily_revenue_etl_dag.py for tasks to queue
[2026-03-17T06:03:11.715+0000] {logging_mixin.py:188} INFO - [2026-03-17T06:03:11.714+0000] {dagbag.py:538} INFO - Filling up the DagBag from /opt/airflow/dags/daily_revenue_etl_dag.py
[2026-03-17T06:03:11.733+0000] {processor.py:840} INFO - DAG(s) 'daily_revenue_etl_dag' retrieved from /opt/airflow/dags/daily_revenue_etl_dag.py
[2026-03-17T06:03:11.758+0000] {logging_mixin.py:188} INFO - [2026-03-17T06:03:11.758+0000] {dag.py:3036} INFO - Sync 1 DAGs
[2026-03-17T06:03:11.778+0000] {logging_mixin.py:188} INFO - [2026-03-17T06:03:11.778+0000] {dag.py:3823} INFO - Setting next_dagrun for daily_revenue_etl_dag to 2026-03-17 00:00:00+00:00, run_after=2026-03-18 00:00:00+00:00
[2026-03-17T06:03:11.795+0000] {processor.py:183} INFO - Processing /opt/airflow/dags/daily_revenue_etl_dag.py took 0.087 seconds
[2026-03-17T06:03:42.073+0000] {processor.py:161} INFO - Started process (PID=2422) to work on /opt/airflow/dags/daily_revenue_etl_dag.py
[2026-03-17T06:03:42.075+0000] {processor.py:830} INFO - Processing file /opt/airflow/dags/daily_revenue_etl_dag.py for tasks to queue
[2026-03-17T06:03:42.076+0000] {logging_mixin.py:188} INFO - [2026-03-17T06:03:42.075+0000] {dagbag.py:538} INFO - Filling up the DagBag from /opt/airflow/dags/daily_revenue_etl_dag.py
[2026-03-17T06:03:42.095+0000] {processor.py:840} INFO - DAG(s) 'daily_revenue_etl_dag' retrieved from /opt/airflow/dags/daily_revenue_etl_dag.py
[2026-03-17T06:03:42.119+0000] {logging_mixin.py:188} INFO - [2026-03-17T06:03:42.118+0000] {dag.py:3036} INFO - Sync 1 DAGs
[2026-03-17T06:03:42.138+0000] {logging_mixin.py:188} INFO - [2026-03-17T06:03:42.138+0000] {dag.py:3823} INFO - Setting next_dagrun for daily_revenue_etl_dag to 2026-03-17 00:00:00+00:00, run_after=2026-03-18 00:00:00+00:00
[2026-03-17T06:03:42.155+0000] {processor.py:183} INFO - Processing /opt/airflow/dags/daily_revenue_etl_dag.py took 0.084 seconds
[2026-03-17T06:27:22.528+0000] {processor.py:161} INFO - Started process (PID=2427) to work on /opt/airflow/dags/daily_revenue_etl_dag.py
[2026-03-17T06:27:22.529+0000] {processor.py:830} INFO - Processing file /opt/airflow/dags/daily_revenue_etl_dag.py for tasks to queue
[2026-03-17T06:27:22.530+0000] {logging_mixin.py:188} INFO - [2026-03-17T06:27:22.530+0000] {dagbag.py:538} INFO - Filling up the DagBag from /opt/airflow/dags/daily_revenue_etl_dag.py
[2026-03-17T06:27:22.550+0000] {processor.py:840} INFO - DAG(s) 'daily_revenue_etl_dag' retrieved from /opt/airflow/dags/daily_revenue_etl_dag.py
[2026-03-17T06:27:22.582+0000] {logging_mixin.py:188} INFO - [2026-03-17T06:27:22.581+0000] {dag.py:3036} INFO - Sync 1 DAGs
[2026-03-17T06:27:22.610+0000] {logging_mixin.py:188} INFO - [2026-03-17T06:27:22.609+0000] {dag.py:3823} INFO - Setting next_dagrun for daily_revenue_etl_dag to 2026-03-17 00:00:00+00:00, run_after=2026-03-18 00:00:00+00:00
[2026-03-17T06:27:22.633+0000] {processor.py:183} INFO - Processing /opt/airflow/dags/daily_revenue_etl_dag.py took 0.109 seconds
[2026-03-17T06:27:54.885+0000] {processor.py:161} INFO - Started process (PID=2432) to work on /opt/airflow/dags/daily_revenue_etl_dag.py
[2026-03-17T06:27:54.888+0000] {processor.py:830} INFO - Processing file /opt/airflow/dags/daily_revenue_etl_dag.py for tasks to queue
[2026-03-17T06:27:54.891+0000] {logging_mixin.py:188} INFO - [2026-03-17T06:27:54.890+0000] {dagbag.py:538} INFO - Filling up the DagBag from /opt/airflow/dags/daily_revenue_etl_dag.py
[2026-03-17T06:27:54.938+0000] {processor.py:840} INFO - DAG(s) 'daily_revenue_etl_dag' retrieved from /opt/airflow/dags/daily_revenue_etl_dag.py
[2026-03-17T06:27:55.000+0000] {logging_mixin.py:188} INFO - [2026-03-17T06:27:55.000+0000] {dag.py:3036} INFO - Sync 1 DAGs
[2026-03-17T06:27:55.038+0000] {logging_mixin.py:188} INFO - [2026-03-17T06:27:55.037+0000] {dag.py:3823} INFO - Setting next_dagrun for daily_revenue_etl_dag to 2026-03-17 00:00:00+00:00, run_after=2026-03-18 00:00:00+00:00
[2026-03-17T06:04:36.807+0000] {processor.py:183} INFO - Processing /opt/airflow/dags/daily_revenue_etl_dag.py took 0.195 seconds
[2026-03-17T06:27:59.939+0000] {processor.py:161} INFO - Started process (PID=2437) to work on /opt/airflow/dags/daily_revenue_etl_dag.py
[2026-03-17T06:27:59.940+0000] {processor.py:830} INFO - Processing file /opt/airflow/dags/daily_revenue_etl_dag.py for tasks to queue
[2026-03-17T06:27:59.941+0000] {logging_mixin.py:188} INFO - [2026-03-17T06:27:59.941+0000] {dagbag.py:538} INFO - Filling up the DagBag from /opt/airflow/dags/daily_revenue_etl_dag.py
[2026-03-17T06:27:59.963+0000] {processor.py:840} INFO - DAG(s) 'daily_revenue_etl_dag' retrieved from /opt/airflow/dags/daily_revenue_etl_dag.py
[2026-03-17T06:27:59.990+0000] {logging_mixin.py:188} INFO - [2026-03-17T06:27:59.990+0000] {dag.py:3036} INFO - Sync 1 DAGs
[2026-03-17T06:28:00.022+0000] {logging_mixin.py:188} INFO - [2026-03-17T06:28:00.022+0000] {dag.py:3823} INFO - Setting next_dagrun for daily_revenue_etl_dag to 2026-03-17 00:00:00+00:00, run_after=2026-03-18 00:00:00+00:00
[2026-03-17T06:04:41.811+0000] {processor.py:183} INFO - Processing /opt/airflow/dags/daily_revenue_etl_dag.py took 0.142 seconds
[2026-03-17T06:28:04.990+0000] {processor.py:161} INFO - Started process (PID=2442) to work on /opt/airflow/dags/daily_revenue_etl_dag.py
[2026-03-17T06:28:04.991+0000] {processor.py:830} INFO - Processing file /opt/airflow/dags/daily_revenue_etl_dag.py for tasks to queue
[2026-03-17T06:28:04.992+0000] {logging_mixin.py:188} INFO - [2026-03-17T06:28:04.992+0000] {dagbag.py:538} INFO - Filling up the DagBag from /opt/airflow/dags/daily_revenue_etl_dag.py
[2026-03-17T06:28:05.012+0000] {processor.py:840} INFO - DAG(s) 'daily_revenue_etl_dag' retrieved from /opt/airflow/dags/daily_revenue_etl_dag.py
[2026-03-17T06:28:05.035+0000] {logging_mixin.py:188} INFO - [2026-03-17T06:28:05.035+0000] {dag.py:3036} INFO - Sync 1 DAGs
[2026-03-17T06:28:05.053+0000] {logging_mixin.py:188} INFO - [2026-03-17T06:28:05.053+0000] {dag.py:3823} INFO - Setting next_dagrun for daily_revenue_etl_dag to 2026-03-17 00:00:00+00:00, run_after=2026-03-18 00:00:00+00:00
[2026-03-17T06:28:05.068+0000] {processor.py:183} INFO - Processing /opt/airflow/dags/daily_revenue_etl_dag.py took 0.082 seconds
[2026-03-17T06:28:52.438+0000] {processor.py:161} INFO - Started process (PID=2447) to work on /opt/airflow/dags/daily_revenue_etl_dag.py
[2026-03-17T06:28:52.440+0000] {processor.py:830} INFO - Processing file /opt/airflow/dags/daily_revenue_etl_dag.py for tasks to queue
[2026-03-17T06:28:52.441+0000] {logging_mixin.py:188} INFO - [2026-03-17T06:28:52.441+0000] {dagbag.py:538} INFO - Filling up the DagBag from /opt/airflow/dags/daily_revenue_etl_dag.py
[2026-03-17T06:28:52.460+0000] {processor.py:840} INFO - DAG(s) 'daily_revenue_etl_dag' retrieved from /opt/airflow/dags/daily_revenue_etl_dag.py
[2026-03-17T06:28:52.491+0000] {logging_mixin.py:188} INFO - [2026-03-17T06:28:52.491+0000] {dag.py:3036} INFO - Sync 1 DAGs
[2026-03-17T06:28:52.511+0000] {logging_mixin.py:188} INFO - [2026-03-17T06:28:52.511+0000] {dag.py:3823} INFO - Setting next_dagrun for daily_revenue_etl_dag to 2026-03-17 00:00:00+00:00, run_after=2026-03-18 00:00:00+00:00
[2026-03-17T06:28:52.541+0000] {processor.py:183} INFO - Processing /opt/airflow/dags/daily_revenue_etl_dag.py took 0.107 seconds
[2026-03-17T06:06:04.451+0000] {processor.py:161} INFO - Started process (PID=2452) to work on /opt/airflow/dags/daily_revenue_etl_dag.py
[2026-03-17T06:06:04.452+0000] {processor.py:830} INFO - Processing file /opt/airflow/dags/daily_revenue_etl_dag.py for tasks to queue
[2026-03-17T06:06:04.454+0000] {logging_mixin.py:188} INFO - [2026-03-17T06:06:04.453+0000] {dagbag.py:538} INFO - Filling up the DagBag from /opt/airflow/dags/daily_revenue_etl_dag.py
[2026-03-17T06:06:04.482+0000] {processor.py:840} INFO - DAG(s) 'daily_revenue_etl_dag' retrieved from /opt/airflow/dags/daily_revenue_etl_dag.py
[2026-03-17T06:06:04.511+0000] {logging_mixin.py:188} INFO - [2026-03-17T06:06:04.511+0000] {dag.py:3036} INFO - Sync 1 DAGs
[2026-03-17T06:06:04.533+0000] {logging_mixin.py:188} INFO - [2026-03-17T06:06:04.533+0000] {dag.py:3823} INFO - Setting next_dagrun for daily_revenue_etl_dag to 2026-03-17 00:00:00+00:00, run_after=2026-03-18 00:00:00+00:00
[2026-03-17T06:06:04.558+0000] {processor.py:183} INFO - Processing /opt/airflow/dags/daily_revenue_etl_dag.py took 0.113 seconds
[2026-03-17T06:29:50.045+0000] {processor.py:161} INFO - Started process (PID=2457) to work on /opt/airflow/dags/daily_revenue_etl_dag.py
[2026-03-17T06:29:50.046+0000] {processor.py:830} INFO - Processing file /opt/airflow/dags/daily_revenue_etl_dag.py for tasks to queue
[2026-03-17T06:29:50.047+0000] {logging_mixin.py:188} INFO - [2026-03-17T06:29:50.047+0000] {dagbag.py:538} INFO - Filling up the DagBag from /opt/airflow/dags/daily_revenue_etl_dag.py
[2026-03-17T06:29:50.064+0000] {processor.py:840} INFO - DAG(s) 'daily_revenue_etl_dag' retrieved from /opt/airflow/dags/daily_revenue_etl_dag.py
[2026-03-17T06:29:50.087+0000] {logging_mixin.py:188} INFO - [2026-03-17T06:29:50.086+0000] {dag.py:3036} INFO - Sync 1 DAGs
[2026-03-17T06:29:50.103+0000] {logging_mixin.py:188} INFO - [2026-03-17T06:29:50.103+0000] {dag.py:3823} INFO - Setting next_dagrun for daily_revenue_etl_dag to 2026-03-17 00:00:00+00:00, run_after=2026-03-18 00:00:00+00:00
[2026-03-17T06:29:50.120+0000] {processor.py:183} INFO - Processing /opt/airflow/dags/daily_revenue_etl_dag.py took 0.078 seconds
[2026-03-17T06:30:20.321+0000] {processor.py:161} INFO - Started process (PID=2462) to work on /opt/airflow/dags/daily_revenue_etl_dag.py
[2026-03-17T06:30:20.324+0000] {processor.py:830} INFO - Processing file /opt/airflow/dags/daily_revenue_etl_dag.py for tasks to queue
[2026-03-17T06:30:20.325+0000] {logging_mixin.py:188} INFO - [2026-03-17T06:30:20.325+0000] {dagbag.py:538} INFO - Filling up the DagBag from /opt/airflow/dags/daily_revenue_etl_dag.py
[2026-03-17T06:30:20.359+0000] {processor.py:840} INFO - DAG(s) 'daily_revenue_etl_dag' retrieved from /opt/airflow/dags/daily_revenue_etl_dag.py
[2026-03-17T06:07:02.105+0000] {logging_mixin.py:188} INFO - [2026-03-17T06:07:02.105+0000] {dag.py:3036} INFO - Sync 1 DAGs
[2026-03-17T06:07:02.141+0000] {logging_mixin.py:188} INFO - [2026-03-17T06:07:02.140+0000] {dag.py:3823} INFO - Setting next_dagrun for daily_revenue_etl_dag to 2026-03-17 00:00:00+00:00, run_after=2026-03-18 00:00:00+00:00
[2026-03-17T06:07:02.179+0000] {processor.py:183} INFO - Processing /opt/airflow/dags/daily_revenue_etl_dag.py took 0.157 seconds
[2026-03-17T06:30:22.546+0000] {processor.py:161} INFO - Started process (PID=2467) to work on /opt/airflow/dags/daily_revenue_etl_dag.py
[2026-03-17T06:30:22.548+0000] {processor.py:830} INFO - Processing file /opt/airflow/dags/daily_revenue_etl_dag.py for tasks to queue
[2026-03-17T06:30:22.549+0000] {logging_mixin.py:188} INFO - [2026-03-17T06:30:22.549+0000] {dagbag.py:538} INFO - Filling up the DagBag from /opt/airflow/dags/daily_revenue_etl_dag.py
[2026-03-17T06:30:22.581+0000] {processor.py:840} INFO - DAG(s) 'daily_revenue_etl_dag' retrieved from /opt/airflow/dags/daily_revenue_etl_dag.py
[2026-03-17T06:30:22.626+0000] {logging_mixin.py:188} INFO - [2026-03-17T06:30:22.626+0000] {dag.py:3036} INFO - Sync 1 DAGs
[2026-03-17T06:30:22.663+0000] {logging_mixin.py:188} INFO - [2026-03-17T06:30:22.662+0000] {dag.py:3823} INFO - Setting next_dagrun for daily_revenue_etl_dag to 2026-03-17 00:00:00+00:00, run_after=2026-03-18 00:00:00+00:00
[2026-03-17T06:07:04.447+0000] {processor.py:183} INFO - Processing /opt/airflow/dags/daily_revenue_etl_dag.py took 0.164 seconds
[2026-03-17T06:07:34.625+0000] {processor.py:161} INFO - Started process (PID=2472) to work on /opt/airflow/dags/daily_revenue_etl_dag.py
[2026-03-17T06:07:34.632+0000] {processor.py:830} INFO - Processing file /opt/airflow/dags/daily_revenue_etl_dag.py for tasks to queue
[2026-03-17T06:07:34.636+0000] {logging_mixin.py:188} INFO - [2026-03-17T06:07:34.634+0000] {dagbag.py:538} INFO - Filling up the DagBag from /opt/airflow/dags/daily_revenue_etl_dag.py
[2026-03-17T06:07:34.716+0000] {processor.py:840} INFO - DAG(s) 'daily_revenue_etl_dag' retrieved from /opt/airflow/dags/daily_revenue_etl_dag.py
[2026-03-17T06:07:34.817+0000] {logging_mixin.py:188} INFO - [2026-03-17T06:07:34.815+0000] {dag.py:3036} INFO - Sync 1 DAGs
[2026-03-17T06:07:34.897+0000] {logging_mixin.py:188} INFO - [2026-03-17T06:07:34.897+0000] {dag.py:3823} INFO - Setting next_dagrun for daily_revenue_etl_dag to 2026-03-17 00:00:00+00:00, run_after=2026-03-18 00:00:00+00:00
[2026-03-17T06:07:35.002+0000] {processor.py:183} INFO - Processing /opt/airflow/dags/daily_revenue_etl_dag.py took 0.392 seconds
[2026-03-17T06:30:55.410+0000] {processor.py:161} INFO - Started process (PID=2477) to work on /opt/airflow/dags/daily_revenue_etl_dag.py
[2026-03-17T06:30:55.412+0000] {processor.py:830} INFO - Processing file /opt/airflow/dags/daily_revenue_etl_dag.py for tasks to queue
[2026-03-17T06:30:55.414+0000] {logging_mixin.py:188} INFO - [2026-03-17T06:30:55.413+0000] {dagbag.py:538} INFO - Filling up the DagBag from /opt/airflow/dags/daily_revenue_etl_dag.py
[2026-03-17T06:30:55.448+0000] {processor.py:840} INFO - DAG(s) 'daily_revenue_etl_dag' retrieved from /opt/airflow/dags/daily_revenue_etl_dag.py
[2026-03-17T06:07:37.200+0000] {logging_mixin.py:188} INFO - [2026-03-17T06:07:37.199+0000] {dag.py:3036} INFO - Sync 1 DAGs
[2026-03-17T06:07:37.242+0000] {logging_mixin.py:188} INFO - [2026-03-17T06:07:37.242+0000] {dag.py:3823} INFO - Setting next_dagrun for daily_revenue_etl_dag to 2026-03-17 00:00:00+00:00, run_after=2026-03-18 00:00:00+00:00
[2026-03-17T06:07:37.286+0000] {processor.py:183} INFO - Processing /opt/airflow/dags/daily_revenue_etl_dag.py took 0.180 seconds
[2026-03-17T06:31:22.635+0000] {processor.py:161} INFO - Started process (PID=2482) to work on /opt/airflow/dags/daily_revenue_etl_dag.py
[2026-03-17T06:31:22.637+0000] {processor.py:830} INFO - Processing file /opt/airflow/dags/daily_revenue_etl_dag.py for tasks to queue
[2026-03-17T06:31:22.638+0000] {logging_mixin.py:188} INFO - [2026-03-17T06:31:22.638+0000] {dagbag.py:538} INFO - Filling up the DagBag from /opt/airflow/dags/daily_revenue_etl_dag.py
[2026-03-17T06:31:22.677+0000] {processor.py:840} INFO - DAG(s) 'daily_revenue_etl_dag' retrieved from /opt/airflow/dags/daily_revenue_etl_dag.py
[2026-03-17T06:08:04.469+0000] {logging_mixin.py:188} INFO - [2026-03-17T06:08:04.469+0000] {dag.py:3036} INFO - Sync 1 DAGs
[2026-03-17T06:08:04.513+0000] {logging_mixin.py:188} INFO - [2026-03-17T06:08:04.512+0000] {dag.py:3823} INFO - Setting next_dagrun for daily_revenue_etl_dag to 2026-03-17 00:00:00+00:00, run_after=2026-03-18 00:00:00+00:00
[2026-03-17T06:08:04.562+0000] {processor.py:183} INFO - Processing /opt/airflow/dags/daily_revenue_etl_dag.py took 0.189 seconds
[2026-03-17T06:08:34.806+0000] {processor.py:161} INFO - Started process (PID=2487) to work on /opt/airflow/dags/daily_revenue_etl_dag.py
[2026-03-17T06:08:34.807+0000] {processor.py:830} INFO - Processing file /opt/airflow/dags/daily_revenue_etl_dag.py for tasks to queue
[2026-03-17T06:08:34.808+0000] {logging_mixin.py:188} INFO - [2026-03-17T06:08:34.808+0000] {dagbag.py:538} INFO - Filling up the DagBag from /opt/airflow/dags/daily_revenue_etl_dag.py
[2026-03-17T06:08:34.826+0000] {processor.py:840} INFO - DAG(s) 'daily_revenue_etl_dag' retrieved from /opt/airflow/dags/daily_revenue_etl_dag.py
[2026-03-17T06:08:34.848+0000] {logging_mixin.py:188} INFO - [2026-03-17T06:08:34.848+0000] {dag.py:3036} INFO - Sync 1 DAGs
[2026-03-17T06:08:34.870+0000] {logging_mixin.py:188} INFO - [2026-03-17T06:08:34.869+0000] {dag.py:3823} INFO - Setting next_dagrun for daily_revenue_etl_dag to 2026-03-17 00:00:00+00:00, run_after=2026-03-18 00:00:00+00:00
[2026-03-17T06:08:34.891+0000] {processor.py:183} INFO - Processing /opt/airflow/dags/daily_revenue_etl_dag.py took 0.088 seconds
[2026-03-17T06:32:05.271+0000] {processor.py:161} INFO - Started process (PID=2492) to work on /opt/airflow/dags/daily_revenue_etl_dag.py
[2026-03-17T06:32:05.272+0000] {processor.py:830} INFO - Processing file /opt/airflow/dags/daily_revenue_etl_dag.py for tasks to queue
[2026-03-17T06:32:05.274+0000] {logging_mixin.py:188} INFO - [2026-03-17T06:32:05.274+0000] {dagbag.py:538} INFO - Filling up the DagBag from /opt/airflow/dags/daily_revenue_etl_dag.py
[2026-03-17T06:32:05.306+0000] {processor.py:840} INFO - DAG(s) 'daily_revenue_etl_dag' retrieved from /opt/airflow/dags/daily_revenue_etl_dag.py
[2026-03-17T06:32:05.345+0000] {logging_mixin.py:188} INFO - [2026-03-17T06:32:05.344+0000] {dag.py:3036} INFO - Sync 1 DAGs
[2026-03-17T06:32:05.378+0000] {logging_mixin.py:188} INFO - [2026-03-17T06:32:05.378+0000] {dag.py:3823} INFO - Setting next_dagrun for daily_revenue_etl_dag to 2026-03-17 00:00:00+00:00, run_after=2026-03-18 00:00:00+00:00
[2026-03-17T06:32:05.404+0000] {processor.py:183} INFO - Processing /opt/airflow/dags/daily_revenue_etl_dag.py took 0.138 seconds
[2026-03-17T06:32:35.486+0000] {processor.py:161} INFO - Started process (PID=2497) to work on /opt/airflow/dags/daily_revenue_etl_dag.py
[2026-03-17T06:32:35.487+0000] {processor.py:830} INFO - Processing file /opt/airflow/dags/daily_revenue_etl_dag.py for tasks to queue
[2026-03-17T06:32:35.488+0000] {logging_mixin.py:188} INFO - [2026-03-17T06:32:35.488+0000] {dagbag.py:538} INFO - Filling up the DagBag from /opt/airflow/dags/daily_revenue_etl_dag.py
[2026-03-17T06:32:35.506+0000] {processor.py:840} INFO - DAG(s) 'daily_revenue_etl_dag' retrieved from /opt/airflow/dags/daily_revenue_etl_dag.py
[2026-03-17T06:32:35.530+0000] {logging_mixin.py:188} INFO - [2026-03-17T06:32:35.530+0000] {dag.py:3036} INFO - Sync 1 DAGs
[2026-03-17T06:09:17.297+0000] {logging_mixin.py:188} INFO - [2026-03-17T06:09:17.297+0000] {dag.py:3823} INFO - Setting next_dagrun for daily_revenue_etl_dag to 2026-03-17 00:00:00+00:00, run_after=2026-03-18 00:00:00+00:00
[2026-03-17T06:09:17.316+0000] {processor.py:183} INFO - Processing /opt/airflow/dags/daily_revenue_etl_dag.py took 0.090 seconds
[2026-03-17T06:32:40.525+0000] {processor.py:161} INFO - Started process (PID=2502) to work on /opt/airflow/dags/daily_revenue_etl_dag.py
[2026-03-17T06:32:40.526+0000] {processor.py:830} INFO - Processing file /opt/airflow/dags/daily_revenue_etl_dag.py for tasks to queue
[2026-03-17T06:32:40.527+0000] {logging_mixin.py:188} INFO - [2026-03-17T06:32:40.526+0000] {dagbag.py:538} INFO - Filling up the DagBag from /opt/airflow/dags/daily_revenue_etl_dag.py
[2026-03-17T06:32:40.543+0000] {processor.py:840} INFO - DAG(s) 'daily_revenue_etl_dag' retrieved from /opt/airflow/dags/daily_revenue_etl_dag.py
[2026-03-17T06:32:40.565+0000] {logging_mixin.py:188} INFO - [2026-03-17T06:32:40.565+0000] {dag.py:3036} INFO - Sync 1 DAGs
[2026-03-17T06:32:40.583+0000] {logging_mixin.py:188} INFO - [2026-03-17T06:32:40.583+0000] {dag.py:3823} INFO - Setting next_dagrun for daily_revenue_etl_dag to 2026-03-17 00:00:00+00:00, run_after=2026-03-18 00:00:00+00:00
[2026-03-17T06:32:40.600+0000] {processor.py:183} INFO - Processing /opt/airflow/dags/daily_revenue_etl_dag.py took 0.079 seconds
[2026-03-17T06:34:55.606+0000] {processor.py:161} INFO - Started process (PID=2507) to work on /opt/airflow/dags/daily_revenue_etl_dag.py
[2026-03-17T06:34:55.608+0000] {processor.py:830} INFO - Processing file /opt/airflow/dags/daily_revenue_etl_dag.py for tasks to queue
[2026-03-17T06:34:55.609+0000] {logging_mixin.py:188} INFO - [2026-03-17T06:34:55.609+0000] {dagbag.py:538} INFO - Filling up the DagBag from /opt/airflow/dags/daily_revenue_etl_dag.py
[2026-03-17T06:34:55.639+0000] {processor.py:840} INFO - DAG(s) 'daily_revenue_etl_dag' retrieved from /opt/airflow/dags/daily_revenue_etl_dag.py
[2026-03-17T06:34:55.673+0000] {logging_mixin.py:188} INFO - [2026-03-17T06:34:55.673+0000] {dag.py:3036} INFO - Sync 1 DAGs
[2026-03-17T06:34:55.705+0000] {logging_mixin.py:188} INFO - [2026-03-17T06:34:55.704+0000] {dag.py:3823} INFO - Setting next_dagrun for daily_revenue_etl_dag to 2026-03-17 00:00:00+00:00, run_after=2026-03-18 00:00:00+00:00
[2026-03-17T06:11:37.500+0000] {processor.py:183} INFO - Processing /opt/airflow/dags/daily_revenue_etl_dag.py took 0.153 seconds
[2026-03-17T06:35:00.661+0000] {processor.py:161} INFO - Started process (PID=2512) to work on /opt/airflow/dags/daily_revenue_etl_dag.py
[2026-03-17T06:35:00.663+0000] {processor.py:830} INFO - Processing file /opt/airflow/dags/daily_revenue_etl_dag.py for tasks to queue
[2026-03-17T06:35:00.664+0000] {logging_mixin.py:188} INFO - [2026-03-17T06:35:00.664+0000] {dagbag.py:538} INFO - Filling up the DagBag from /opt/airflow/dags/daily_revenue_etl_dag.py
[2026-03-17T06:35:00.683+0000] {processor.py:840} INFO - DAG(s) 'daily_revenue_etl_dag' retrieved from /opt/airflow/dags/daily_revenue_etl_dag.py
[2026-03-17T06:35:00.709+0000] {logging_mixin.py:188} INFO - [2026-03-17T06:35:00.709+0000] {dag.py:3036} INFO - Sync 1 DAGs
[2026-03-17T06:35:00.729+0000] {logging_mixin.py:188} INFO - [2026-03-17T06:35:00.728+0000] {dag.py:3823} INFO - Setting next_dagrun for daily_revenue_etl_dag to 2026-03-17 00:00:00+00:00, run_after=2026-03-18 00:00:00+00:00
[2026-03-17T06:11:42.498+0000] {processor.py:183} INFO - Processing /opt/airflow/dags/daily_revenue_etl_dag.py took 0.095 seconds
[2026-03-17T06:35:05.711+0000] {processor.py:161} INFO - Started process (PID=2517) to work on /opt/airflow/dags/daily_revenue_etl_dag.py
[2026-03-17T06:35:05.712+0000] {processor.py:830} INFO - Processing file /opt/airflow/dags/daily_revenue_etl_dag.py for tasks to queue
[2026-03-17T06:35:05.714+0000] {logging_mixin.py:188} INFO - [2026-03-17T06:35:05.714+0000] {dagbag.py:538} INFO - Filling up the DagBag from /opt/airflow/dags/daily_revenue_etl_dag.py
[2026-03-17T06:35:05.747+0000] {processor.py:840} INFO - DAG(s) 'daily_revenue_etl_dag' retrieved from /opt/airflow/dags/daily_revenue_etl_dag.py
[2026-03-17T06:11:47.526+0000] {logging_mixin.py:188} INFO - [2026-03-17T06:11:47.526+0000] {dag.py:3036} INFO - Sync 1 DAGs
[2026-03-17T06:11:47.565+0000] {logging_mixin.py:188} INFO - [2026-03-17T06:11:47.564+0000] {dag.py:3823} INFO - Setting next_dagrun for daily_revenue_etl_dag to 2026-03-17 00:00:00+00:00, run_after=2026-03-18 00:00:00+00:00
[2026-03-17T06:11:47.587+0000] {processor.py:183} INFO - Processing /opt/airflow/dags/daily_revenue_etl_dag.py took 0.135 seconds
[2026-03-17T06:12:17.835+0000] {processor.py:161} INFO - Started process (PID=2522) to work on /opt/airflow/dags/daily_revenue_etl_dag.py
[2026-03-17T06:12:17.838+0000] {processor.py:830} INFO - Processing file /opt/airflow/dags/daily_revenue_etl_dag.py for tasks to queue
[2026-03-17T06:12:17.839+0000] {logging_mixin.py:188} INFO - [2026-03-17T06:12:17.839+0000] {dagbag.py:538} INFO - Filling up the DagBag from /opt/airflow/dags/daily_revenue_etl_dag.py
[2026-03-17T06:12:17.871+0000] {processor.py:840} INFO - DAG(s) 'daily_revenue_etl_dag' retrieved from /opt/airflow/dags/daily_revenue_etl_dag.py
[2026-03-17T06:12:17.905+0000] {logging_mixin.py:188} INFO - [2026-03-17T06:12:17.905+0000] {dag.py:3036} INFO - Sync 1 DAGs
[2026-03-17T06:12:17.931+0000] {logging_mixin.py:188} INFO - [2026-03-17T06:12:17.931+0000] {dag.py:3823} INFO - Setting next_dagrun for daily_revenue_etl_dag to 2026-03-17 00:00:00+00:00, run_after=2026-03-18 00:00:00+00:00
[2026-03-17T06:12:17.957+0000] {processor.py:183} INFO - Processing /opt/airflow/dags/daily_revenue_etl_dag.py took 0.127 seconds
[2026-03-17T06:12:48.201+0000] {processor.py:161} INFO - Started process (PID=2527) to work on /opt/airflow/dags/daily_revenue_etl_dag.py
[2026-03-17T06:12:48.202+0000] {processor.py:830} INFO - Processing file /opt/airflow/dags/daily_revenue_etl_dag.py for tasks to queue
[2026-03-17T06:12:48.203+0000] {logging_mixin.py:188} INFO - [2026-03-17T06:12:48.203+0000] {dagbag.py:538} INFO - Filling up the DagBag from /opt/airflow/dags/daily_revenue_etl_dag.py
[2026-03-17T06:12:48.228+0000] {processor.py:840} INFO - DAG(s) 'daily_revenue_etl_dag' retrieved from /opt/airflow/dags/daily_revenue_etl_dag.py
[2026-03-17T06:12:48.258+0000] {logging_mixin.py:188} INFO - [2026-03-17T06:12:48.257+0000] {dag.py:3036} INFO - Sync 1 DAGs
[2026-03-17T06:12:48.282+0000] {logging_mixin.py:188} INFO - [2026-03-17T06:12:48.281+0000] {dag.py:3823} INFO - Setting next_dagrun for daily_revenue_etl_dag to 2026-03-17 00:00:00+00:00, run_after=2026-03-18 00:00:00+00:00
[2026-03-17T06:12:48.304+0000] {processor.py:183} INFO - Processing /opt/airflow/dags/daily_revenue_etl_dag.py took 0.106 seconds
[2026-03-17T06:36:10.619+0000] {processor.py:161} INFO - Started process (PID=2532) to work on /opt/airflow/dags/daily_revenue_etl_dag.py
[2026-03-17T06:36:10.620+0000] {processor.py:830} INFO - Processing file /opt/airflow/dags/daily_revenue_etl_dag.py for tasks to queue
[2026-03-17T06:36:10.622+0000] {logging_mixin.py:188} INFO - [2026-03-17T06:36:10.621+0000] {dagbag.py:538} INFO - Filling up the DagBag from /opt/airflow/dags/daily_revenue_etl_dag.py
[2026-03-17T06:36:10.640+0000] {processor.py:840} INFO - DAG(s) 'daily_revenue_etl_dag' retrieved from /opt/airflow/dags/daily_revenue_etl_dag.py
[2026-03-17T06:36:10.669+0000] {logging_mixin.py:188} INFO - [2026-03-17T06:36:10.669+0000] {dag.py:3036} INFO - Sync 1 DAGs
[2026-03-17T06:36:10.690+0000] {logging_mixin.py:188} INFO - [2026-03-17T06:36:10.690+0000] {dag.py:3823} INFO - Setting next_dagrun for daily_revenue_etl_dag to 2026-03-17 00:00:00+00:00, run_after=2026-03-18 00:00:00+00:00
[2026-03-17T06:36:10.720+0000] {processor.py:183} INFO - Processing /opt/airflow/dags/daily_revenue_etl_dag.py took 0.104 seconds
[2026-03-17T06:36:40.858+0000] {processor.py:161} INFO - Started process (PID=2537) to work on /opt/airflow/dags/daily_revenue_etl_dag.py
[2026-03-17T06:36:40.859+0000] {processor.py:830} INFO - Processing file /opt/airflow/dags/daily_revenue_etl_dag.py for tasks to queue
[2026-03-17T06:36:40.860+0000] {logging_mixin.py:188} INFO - [2026-03-17T06:36:40.860+0000] {dagbag.py:538} INFO - Filling up the DagBag from /opt/airflow/dags/daily_revenue_etl_dag.py
[2026-03-17T06:36:40.884+0000] {processor.py:840} INFO - DAG(s) 'daily_revenue_etl_dag' retrieved from /opt/airflow/dags/daily_revenue_etl_dag.py
[2026-03-17T06:13:22.679+0000] {logging_mixin.py:188} INFO - [2026-03-17T06:13:22.678+0000] {dag.py:3036} INFO - Sync 1 DAGs
[2026-03-17T06:13:22.715+0000] {logging_mixin.py:188} INFO - [2026-03-17T06:13:22.715+0000] {dag.py:3823} INFO - Setting next_dagrun for daily_revenue_etl_dag to 2026-03-17 00:00:00+00:00, run_after=2026-03-18 00:00:00+00:00
[2026-03-17T06:13:22.742+0000] {processor.py:183} INFO - Processing /opt/airflow/dags/daily_revenue_etl_dag.py took 0.141 seconds
[2026-03-17T06:13:52.914+0000] {processor.py:161} INFO - Started process (PID=2544) to work on /opt/airflow/dags/daily_revenue_etl_dag.py
[2026-03-17T06:13:52.916+0000] {processor.py:830} INFO - Processing file /opt/airflow/dags/daily_revenue_etl_dag.py for tasks to queue
[2026-03-17T06:13:52.917+0000] {logging_mixin.py:188} INFO - [2026-03-17T06:13:52.917+0000] {dagbag.py:538} INFO - Filling up the DagBag from /opt/airflow/dags/daily_revenue_etl_dag.py
[2026-03-17T06:13:52.936+0000] {processor.py:840} INFO - DAG(s) 'daily_revenue_etl_dag' retrieved from /opt/airflow/dags/daily_revenue_etl_dag.py
[2026-03-17T06:13:52.962+0000] {logging_mixin.py:188} INFO - [2026-03-17T06:13:52.962+0000] {dag.py:3036} INFO - Sync 1 DAGs
[2026-03-17T06:13:52.983+0000] {logging_mixin.py:188} INFO - [2026-03-17T06:13:52.983+0000] {dag.py:3823} INFO - Setting next_dagrun for daily_revenue_etl_dag to 2026-03-17 00:00:00+00:00, run_after=2026-03-18 00:00:00+00:00
[2026-03-17T06:13:53.005+0000] {processor.py:183} INFO - Processing /opt/airflow/dags/daily_revenue_etl_dag.py took 0.094 seconds
[2026-03-17T06:14:23.281+0000] {processor.py:161} INFO - Started process (PID=2549) to work on /opt/airflow/dags/daily_revenue_etl_dag.py
[2026-03-17T06:14:23.284+0000] {processor.py:830} INFO - Processing file /opt/airflow/dags/daily_revenue_etl_dag.py for tasks to queue
[2026-03-17T06:14:23.285+0000] {logging_mixin.py:188} INFO - [2026-03-17T06:14:23.285+0000] {dagbag.py:538} INFO - Filling up the DagBag from /opt/airflow/dags/daily_revenue_etl_dag.py
[2026-03-17T06:14:23.308+0000] {processor.py:840} INFO - DAG(s) 'daily_revenue_etl_dag' retrieved from /opt/airflow/dags/daily_revenue_etl_dag.py
[2026-03-17T06:14:23.340+0000] {logging_mixin.py:188} INFO - [2026-03-17T06:14:23.339+0000] {dag.py:3036} INFO - Sync 1 DAGs
[2026-03-17T06:14:23.365+0000] {logging_mixin.py:188} INFO - [2026-03-17T06:14:23.365+0000] {dag.py:3823} INFO - Setting next_dagrun for daily_revenue_etl_dag to 2026-03-17 00:00:00+00:00, run_after=2026-03-18 00:00:00+00:00
[2026-03-17T06:14:23.388+0000] {processor.py:183} INFO - Processing /opt/airflow/dags/daily_revenue_etl_dag.py took 0.111 seconds
[2026-03-17T06:37:52.671+0000] {processor.py:161} INFO - Started process (PID=2554) to work on /opt/airflow/dags/daily_revenue_etl_dag.py
[2026-03-17T06:37:52.672+0000] {processor.py:830} INFO - Processing file /opt/airflow/dags/daily_revenue_etl_dag.py for tasks to queue
[2026-03-17T06:37:52.673+0000] {logging_mixin.py:188} INFO - [2026-03-17T06:37:52.673+0000] {dagbag.py:538} INFO - Filling up the DagBag from /opt/airflow/dags/daily_revenue_etl_dag.py
[2026-03-17T06:37:52.693+0000] {processor.py:840} INFO - DAG(s) 'daily_revenue_etl_dag' retrieved from /opt/airflow/dags/daily_revenue_etl_dag.py
[2026-03-17T06:37:52.716+0000] {logging_mixin.py:188} INFO - [2026-03-17T06:37:52.716+0000] {dag.py:3036} INFO - Sync 1 DAGs
[2026-03-17T06:14:34.508+0000] {logging_mixin.py:188} INFO - [2026-03-17T06:14:34.504+0000] {dag.py:3823} INFO - Setting next_dagrun for daily_revenue_etl_dag to 2026-03-17 00:00:00+00:00, run_after=2026-03-18 00:00:00+00:00
[2026-03-17T06:14:34.576+0000] {processor.py:183} INFO - Processing /opt/airflow/dags/daily_revenue_etl_dag.py took 0.160 seconds
[2026-03-17T06:37:55.915+0000] {processor.py:161} INFO - Started process (PID=2559) to work on /opt/airflow/dags/daily_revenue_etl_dag.py
[2026-03-17T06:37:55.916+0000] {processor.py:830} INFO - Processing file /opt/airflow/dags/daily_revenue_etl_dag.py for tasks to queue
[2026-03-17T06:37:55.918+0000] {logging_mixin.py:188} INFO - [2026-03-17T06:37:55.917+0000] {dagbag.py:538} INFO - Filling up the DagBag from /opt/airflow/dags/daily_revenue_etl_dag.py
[2026-03-17T06:37:55.940+0000] {processor.py:840} INFO - DAG(s) 'daily_revenue_etl_dag' retrieved from /opt/airflow/dags/daily_revenue_etl_dag.py
[2026-03-17T06:37:55.967+0000] {logging_mixin.py:188} INFO - [2026-03-17T06:37:55.966+0000] {dag.py:3036} INFO - Sync 1 DAGs
[2026-03-17T06:37:55.988+0000] {logging_mixin.py:188} INFO - [2026-03-17T06:37:55.988+0000] {dag.py:3823} INFO - Setting next_dagrun for daily_revenue_etl_dag to 2026-03-17 00:00:00+00:00, run_after=2026-03-18 00:00:00+00:00
[2026-03-17T06:37:56.004+0000] {processor.py:183} INFO - Processing /opt/airflow/dags/daily_revenue_etl_dag.py took 0.092 seconds
[2026-03-17T06:39:22.610+0000] {processor.py:161} INFO - Started process (PID=2564) to work on /opt/airflow/dags/daily_revenue_etl_dag.py
[2026-03-17T06:39:22.611+0000] {processor.py:830} INFO - Processing file /opt/airflow/dags/daily_revenue_etl_dag.py for tasks to queue
[2026-03-17T06:39:22.612+0000] {logging_mixin.py:188} INFO - [2026-03-17T06:39:22.612+0000] {dagbag.py:538} INFO - Filling up the DagBag from /opt/airflow/dags/daily_revenue_etl_dag.py
[2026-03-17T06:39:22.661+0000] {processor.py:840} INFO - DAG(s) 'daily_revenue_etl_dag' retrieved from /opt/airflow/dags/daily_revenue_etl_dag.py
[2026-03-17T06:39:22.715+0000] {logging_mixin.py:188} INFO - [2026-03-17T06:39:22.714+0000] {dag.py:3036} INFO - Sync 1 DAGs
[2026-03-17T06:39:22.745+0000] {logging_mixin.py:188} INFO - [2026-03-17T06:39:22.744+0000] {dag.py:3823} INFO - Setting next_dagrun for daily_revenue_etl_dag to 2026-03-17 00:00:00+00:00, run_after=2026-03-18 00:00:00+00:00
[2026-03-17T06:39:22.763+0000] {processor.py:183} INFO - Processing /opt/airflow/dags/daily_revenue_etl_dag.py took 0.157 seconds
[2026-03-17T06:39:56.067+0000] {processor.py:161} INFO - Started process (PID=2569) to work on /opt/airflow/dags/daily_revenue_etl_dag.py
[2026-03-17T06:39:56.070+0000] {processor.py:830} INFO - Processing file /opt/airflow/dags/daily_revenue_etl_dag.py for tasks to queue
[2026-03-17T06:39:56.074+0000] {logging_mixin.py:188} INFO - [2026-03-17T06:39:56.073+0000] {dagbag.py:538} INFO - Filling up the DagBag from /opt/airflow/dags/daily_revenue_etl_dag.py
[2026-03-17T06:39:56.117+0000] {processor.py:840} INFO - DAG(s) 'daily_revenue_etl_dag' retrieved from /opt/airflow/dags/daily_revenue_etl_dag.py
[2026-03-17T06:39:56.158+0000] {logging_mixin.py:188} INFO - [2026-03-17T06:39:56.157+0000] {dag.py:3036} INFO - Sync 1 DAGs
[2026-03-17T06:39:56.186+0000] {logging_mixin.py:188} INFO - [2026-03-17T06:39:56.186+0000] {dag.py:3823} INFO - Setting next_dagrun for daily_revenue_etl_dag to 2026-03-17 00:00:00+00:00, run_after=2026-03-18 00:00:00+00:00
[2026-03-17T06:39:56.210+0000] {processor.py:183} INFO - Processing /opt/airflow/dags/daily_revenue_etl_dag.py took 0.149 seconds
[2026-03-17T06:40:01.102+0000] {processor.py:161} INFO - Started process (PID=2574) to work on /opt/airflow/dags/daily_revenue_etl_dag.py
[2026-03-17T06:40:01.103+0000] {processor.py:830} INFO - Processing file /opt/airflow/dags/daily_revenue_etl_dag.py for tasks to queue
[2026-03-17T06:40:01.104+0000] {logging_mixin.py:188} INFO - [2026-03-17T06:40:01.104+0000] {dagbag.py:538} INFO - Filling up the DagBag from /opt/airflow/dags/daily_revenue_etl_dag.py
[2026-03-17T06:40:01.123+0000] {processor.py:840} INFO - DAG(s) 'daily_revenue_etl_dag' retrieved from /opt/airflow/dags/daily_revenue_etl_dag.py
[2026-03-17T06:40:01.146+0000] {logging_mixin.py:188} INFO - [2026-03-17T06:40:01.146+0000] {dag.py:3036} INFO - Sync 1 DAGs
[2026-03-17T06:40:01.166+0000] {logging_mixin.py:188} INFO - [2026-03-17T06:40:01.166+0000] {dag.py:3823} INFO - Setting next_dagrun for daily_revenue_etl_dag to 2026-03-17 00:00:00+00:00, run_after=2026-03-18 00:00:00+00:00
[2026-03-17T06:40:01.184+0000] {processor.py:183} INFO - Processing /opt/airflow/dags/daily_revenue_etl_dag.py took 0.086 seconds
[2026-03-17T06:40:52.579+0000] {processor.py:161} INFO - Started process (PID=2579) to work on /opt/airflow/dags/daily_revenue_etl_dag.py
[2026-03-17T06:40:52.581+0000] {processor.py:830} INFO - Processing file /opt/airflow/dags/daily_revenue_etl_dag.py for tasks to queue
[2026-03-17T06:40:52.583+0000] {logging_mixin.py:188} INFO - [2026-03-17T06:40:52.582+0000] {dagbag.py:538} INFO - Filling up the DagBag from /opt/airflow/dags/daily_revenue_etl_dag.py
[2026-03-17T06:40:52.606+0000] {processor.py:840} INFO - DAG(s) 'daily_revenue_etl_dag' retrieved from /opt/airflow/dags/daily_revenue_etl_dag.py
[2026-03-17T06:40:52.632+0000] {logging_mixin.py:188} INFO - [2026-03-17T06:40:52.632+0000] {dag.py:3036} INFO - Sync 1 DAGs
[2026-03-17T06:40:52.653+0000] {logging_mixin.py:188} INFO - [2026-03-17T06:40:52.652+0000] {dag.py:3823} INFO - Setting next_dagrun for daily_revenue_etl_dag to 2026-03-17 00:00:00+00:00, run_after=2026-03-18 00:00:00+00:00
[2026-03-17T06:40:52.674+0000] {processor.py:183} INFO - Processing /opt/airflow/dags/daily_revenue_etl_dag.py took 0.100 seconds
[2026-03-17T06:41:22.751+0000] {processor.py:161} INFO - Started process (PID=2584) to work on /opt/airflow/dags/daily_revenue_etl_dag.py
[2026-03-17T06:41:22.752+0000] {processor.py:830} INFO - Processing file /opt/airflow/dags/daily_revenue_etl_dag.py for tasks to queue
[2026-03-17T06:41:22.753+0000] {logging_mixin.py:188} INFO - [2026-03-17T06:41:22.753+0000] {dagbag.py:538} INFO - Filling up the DagBag from /opt/airflow/dags/daily_revenue_etl_dag.py
[2026-03-17T06:41:22.778+0000] {processor.py:840} INFO - DAG(s) 'daily_revenue_etl_dag' retrieved from /opt/airflow/dags/daily_revenue_etl_dag.py
[2026-03-17T06:41:22.811+0000] {logging_mixin.py:188} INFO - [2026-03-17T06:41:22.810+0000] {dag.py:3036} INFO - Sync 1 DAGs
[2026-03-17T06:41:22.841+0000] {logging_mixin.py:188} INFO - [2026-03-17T06:41:22.841+0000] {dag.py:3823} INFO - Setting next_dagrun for daily_revenue_etl_dag to 2026-03-17 00:00:00+00:00, run_after=2026-03-18 00:00:00+00:00
[2026-03-17T06:18:04.583+0000] {processor.py:183} INFO - Processing /opt/airflow/dags/daily_revenue_etl_dag.py took 0.118 seconds
[2026-03-17T06:18:34.843+0000] {processor.py:161} INFO - Started process (PID=2589) to work on /opt/airflow/dags/daily_revenue_etl_dag.py
[2026-03-17T06:18:34.844+0000] {processor.py:830} INFO - Processing file /opt/airflow/dags/daily_revenue_etl_dag.py for tasks to queue
[2026-03-17T06:18:34.845+0000] {logging_mixin.py:188} INFO - [2026-03-17T06:18:34.845+0000] {dagbag.py:538} INFO - Filling up the DagBag from /opt/airflow/dags/daily_revenue_etl_dag.py
[2026-03-17T06:18:34.865+0000] {processor.py:840} INFO - DAG(s) 'daily_revenue_etl_dag' retrieved from /opt/airflow/dags/daily_revenue_etl_dag.py
[2026-03-17T06:18:34.899+0000] {logging_mixin.py:188} INFO - [2026-03-17T06:18:34.899+0000] {dag.py:3036} INFO - Sync 1 DAGs
[2026-03-17T06:18:34.929+0000] {logging_mixin.py:188} INFO - [2026-03-17T06:18:34.928+0000] {dag.py:3823} INFO - Setting next_dagrun for daily_revenue_etl_dag to 2026-03-17 00:00:00+00:00, run_after=2026-03-18 00:00:00+00:00
[2026-03-17T06:18:34.952+0000] {processor.py:183} INFO - Processing /opt/airflow/dags/daily_revenue_etl_dag.py took 0.112 seconds
[2026-03-17T06:41:56.272+0000] {processor.py:161} INFO - Started process (PID=2594) to work on /opt/airflow/dags/daily_revenue_etl_dag.py
[2026-03-17T06:41:56.274+0000] {processor.py:830} INFO - Processing file /opt/airflow/dags/daily_revenue_etl_dag.py for tasks to queue
[2026-03-17T06:41:56.275+0000] {logging_mixin.py:188} INFO - [2026-03-17T06:41:56.275+0000] {dagbag.py:538} INFO - Filling up the DagBag from /opt/airflow/dags/daily_revenue_etl_dag.py
[2026-03-17T06:41:56.299+0000] {processor.py:840} INFO - DAG(s) 'daily_revenue_etl_dag' retrieved from /opt/airflow/dags/daily_revenue_etl_dag.py
[2026-03-17T06:41:56.327+0000] {logging_mixin.py:188} INFO - [2026-03-17T06:41:56.326+0000] {dag.py:3036} INFO - Sync 1 DAGs
[2026-03-17T06:41:56.347+0000] {logging_mixin.py:188} INFO - [2026-03-17T06:41:56.347+0000] {dag.py:3823} INFO - Setting next_dagrun for daily_revenue_etl_dag to 2026-03-17 00:00:00+00:00, run_after=2026-03-18 00:00:00+00:00
[2026-03-17T06:41:56.365+0000] {processor.py:183} INFO - Processing /opt/airflow/dags/daily_revenue_etl_dag.py took 0.098 seconds
[2026-03-17T06:42:26.502+0000] {processor.py:161} INFO - Started process (PID=2599) to work on /opt/airflow/dags/daily_revenue_etl_dag.py
[2026-03-17T06:42:26.504+0000] {processor.py:830} INFO - Processing file /opt/airflow/dags/daily_revenue_etl_dag.py for tasks to queue
[2026-03-17T06:42:26.505+0000] {logging_mixin.py:188} INFO - [2026-03-17T06:42:26.505+0000] {dagbag.py:538} INFO - Filling up the DagBag from /opt/airflow/dags/daily_revenue_etl_dag.py
[2026-03-17T06:19:08.284+0000] {processor.py:840} INFO - DAG(s) 'daily_revenue_etl_dag' retrieved from /opt/airflow/dags/daily_revenue_etl_dag.py
[2026-03-17T06:19:08.316+0000] {logging_mixin.py:188} INFO - [2026-03-17T06:19:08.315+0000] {dag.py:3036} INFO - Sync 1 DAGs
[2026-03-17T06:19:08.336+0000] {logging_mixin.py:188} INFO - [2026-03-17T06:19:08.335+0000] {dag.py:3823} INFO - Setting next_dagrun for daily_revenue_etl_dag to 2026-03-17 00:00:00+00:00, run_after=2026-03-18 00:00:00+00:00
[2026-03-17T06:19:08.351+0000] {processor.py:183} INFO - Processing /opt/airflow/dags/daily_revenue_etl_dag.py took 0.100 seconds
[2026-03-17T06:42:52.775+0000] {processor.py:161} INFO - Started process (PID=2604) to work on /opt/airflow/dags/daily_revenue_etl_dag.py
[2026-03-17T06:42:52.776+0000] {processor.py:830} INFO - Processing file /opt/airflow/dags/daily_revenue_etl_dag.py for tasks to queue
[2026-03-17T06:42:52.777+0000] {logging_mixin.py:188} INFO - [2026-03-17T06:42:52.777+0000] {dagbag.py:538} INFO - Filling up the DagBag from /opt/airflow/dags/daily_revenue_etl_dag.py
[2026-03-17T06:19:34.551+0000] {processor.py:840} INFO - DAG(s) 'daily_revenue_etl_dag' retrieved from /opt/airflow/dags/daily_revenue_etl_dag.py
[2026-03-17T06:19:34.576+0000] {logging_mixin.py:188} INFO - [2026-03-17T06:19:34.576+0000] {dag.py:3036} INFO - Sync 1 DAGs
[2026-03-17T06:19:34.595+0000] {logging_mixin.py:188} INFO - [2026-03-17T06:19:34.595+0000] {dag.py:3823} INFO - Setting next_dagrun for daily_revenue_etl_dag to 2026-03-17 00:00:00+00:00, run_after=2026-03-18 00:00:00+00:00
[2026-03-17T06:19:34.614+0000] {processor.py:183} INFO - Processing /opt/airflow/dags/daily_revenue_etl_dag.py took 0.085 seconds
[2026-03-17T06:20:04.777+0000] {processor.py:161} INFO - Started process (PID=2609) to work on /opt/airflow/dags/daily_revenue_etl_dag.py
[2026-03-17T06:20:04.779+0000] {processor.py:830} INFO - Processing file /opt/airflow/dags/daily_revenue_etl_dag.py for tasks to queue
[2026-03-17T06:20:04.781+0000] {logging_mixin.py:188} INFO - [2026-03-17T06:20:04.780+0000] {dagbag.py:538} INFO - Filling up the DagBag from /opt/airflow/dags/daily_revenue_etl_dag.py
[2026-03-17T06:20:04.808+0000] {processor.py:840} INFO - DAG(s) 'daily_revenue_etl_dag' retrieved from /opt/airflow/dags/daily_revenue_etl_dag.py
[2026-03-17T06:20:04.841+0000] {logging_mixin.py:188} INFO - [2026-03-17T06:20:04.840+0000] {dag.py:3036} INFO - Sync 1 DAGs
[2026-03-17T06:20:04.870+0000] {logging_mixin.py:188} INFO - [2026-03-17T06:20:04.870+0000] {dag.py:3823} INFO - Setting next_dagrun for daily_revenue_etl_dag to 2026-03-17 00:00:00+00:00, run_after=2026-03-18 00:00:00+00:00
[2026-03-17T06:20:04.897+0000] {processor.py:183} INFO - Processing /opt/airflow/dags/daily_revenue_etl_dag.py took 0.126 seconds
[2026-03-17T06:20:13.632+0000] {processor.py:161} INFO - Started process (PID=2614) to work on /opt/airflow/dags/daily_revenue_etl_dag.py
[2026-03-17T06:20:13.633+0000] {processor.py:830} INFO - Processing file /opt/airflow/dags/daily_revenue_etl_dag.py for tasks to queue
[2026-03-17T06:20:13.634+0000] {logging_mixin.py:188} INFO - [2026-03-17T06:20:13.634+0000] {dagbag.py:538} INFO - Filling up the DagBag from /opt/airflow/dags/daily_revenue_etl_dag.py
[2026-03-17T06:20:13.654+0000] {processor.py:840} INFO - DAG(s) 'daily_revenue_etl_dag' retrieved from /opt/airflow/dags/daily_revenue_etl_dag.py
[2026-03-17T06:20:13.679+0000] {logging_mixin.py:188} INFO - [2026-03-17T06:20:13.679+0000] {dag.py:3036} INFO - Sync 1 DAGs
[2026-03-17T06:20:13.719+0000] {logging_mixin.py:188} INFO - [2026-03-17T06:20:13.719+0000] {dag.py:3823} INFO - Setting next_dagrun for daily_revenue_etl_dag to 2026-03-17 00:00:00+00:00, run_after=2026-03-18 00:00:00+00:00
[2026-03-17T06:20:13.742+0000] {processor.py:183} INFO - Processing /opt/airflow/dags/daily_revenue_etl_dag.py took 0.115 seconds
[2026-03-17T06:43:37.265+0000] {processor.py:161} INFO - Started process (PID=2619) to work on /opt/airflow/dags/daily_revenue_etl_dag.py
[2026-03-17T06:43:37.267+0000] {processor.py:830} INFO - Processing file /opt/airflow/dags/daily_revenue_etl_dag.py for tasks to queue
[2026-03-17T06:43:37.269+0000] {logging_mixin.py:188} INFO - [2026-03-17T06:43:37.269+0000] {dagbag.py:538} INFO - Filling up the DagBag from /opt/airflow/dags/daily_revenue_etl_dag.py
[2026-03-17T06:43:37.305+0000] {processor.py:840} INFO - DAG(s) 'daily_revenue_etl_dag' retrieved from /opt/airflow/dags/daily_revenue_etl_dag.py
[2026-03-17T06:43:37.342+0000] {logging_mixin.py:188} INFO - [2026-03-17T06:43:37.342+0000] {dag.py:3036} INFO - Sync 1 DAGs
[2026-03-17T06:43:37.376+0000] {logging_mixin.py:188} INFO - [2026-03-17T06:43:37.375+0000] {dag.py:3823} INFO - Setting next_dagrun for daily_revenue_etl_dag to 2026-03-17 00:00:00+00:00, run_after=2026-03-18 00:00:00+00:00
[2026-03-17T06:43:37.404+0000] {processor.py:183} INFO - Processing /opt/airflow/dags/daily_revenue_etl_dag.py took 0.145 seconds
[2026-03-17T06:44:11.525+0000] {processor.py:161} INFO - Started process (PID=2624) to work on /opt/airflow/dags/daily_revenue_etl_dag.py
[2026-03-17T06:44:11.528+0000] {processor.py:830} INFO - Processing file /opt/airflow/dags/daily_revenue_etl_dag.py for tasks to queue
[2026-03-17T06:44:11.530+0000] {logging_mixin.py:188} INFO - [2026-03-17T06:44:11.530+0000] {dagbag.py:538} INFO - Filling up the DagBag from /opt/airflow/dags/daily_revenue_etl_dag.py
[2026-03-17T06:44:11.561+0000] {processor.py:840} INFO - DAG(s) 'daily_revenue_etl_dag' retrieved from /opt/airflow/dags/daily_revenue_etl_dag.py
[2026-03-17T06:44:11.593+0000] {logging_mixin.py:188} INFO - [2026-03-17T06:44:11.592+0000] {dag.py:3036} INFO - Sync 1 DAGs
[2026-03-17T06:44:11.614+0000] {logging_mixin.py:188} INFO - [2026-03-17T06:44:11.614+0000] {dag.py:3823} INFO - Setting next_dagrun for daily_revenue_etl_dag to 2026-03-17 00:00:00+00:00, run_after=2026-03-18 00:00:00+00:00
[2026-03-17T06:44:11.630+0000] {processor.py:183} INFO - Processing /opt/airflow/dags/daily_revenue_etl_dag.py took 0.110 seconds
[2026-03-17T06:46:22.628+0000] {processor.py:161} INFO - Started process (PID=2629) to work on /opt/airflow/dags/daily_revenue_etl_dag.py
[2026-03-17T06:46:22.630+0000] {processor.py:830} INFO - Processing file /opt/airflow/dags/daily_revenue_etl_dag.py for tasks to queue
[2026-03-17T06:46:22.631+0000] {logging_mixin.py:188} INFO - [2026-03-17T06:46:22.631+0000] {dagbag.py:538} INFO - Filling up the DagBag from /opt/airflow/dags/daily_revenue_etl_dag.py
[2026-03-17T06:46:22.657+0000] {processor.py:840} INFO - DAG(s) 'daily_revenue_etl_dag' retrieved from /opt/airflow/dags/daily_revenue_etl_dag.py
[2026-03-17T06:46:22.684+0000] {logging_mixin.py:188} INFO - [2026-03-17T06:46:22.684+0000] {dag.py:3036} INFO - Sync 1 DAGs
[2026-03-17T06:46:22.706+0000] {logging_mixin.py:188} INFO - [2026-03-17T06:46:22.706+0000] {dag.py:3823} INFO - Setting next_dagrun for daily_revenue_etl_dag to 2026-03-17 00:00:00+00:00, run_after=2026-03-18 00:00:00+00:00
[2026-03-17T06:46:22.727+0000] {processor.py:183} INFO - Processing /opt/airflow/dags/daily_revenue_etl_dag.py took 0.103 seconds
[2026-03-17T06:46:52.881+0000] {processor.py:161} INFO - Started process (PID=2635) to work on /opt/airflow/dags/daily_revenue_etl_dag.py
[2026-03-17T06:46:52.882+0000] {processor.py:830} INFO - Processing file /opt/airflow/dags/daily_revenue_etl_dag.py for tasks to queue
[2026-03-17T06:46:52.883+0000] {logging_mixin.py:188} INFO - [2026-03-17T06:46:52.883+0000] {dagbag.py:538} INFO - Filling up the DagBag from /opt/airflow/dags/daily_revenue_etl_dag.py
[2026-03-17T06:46:52.902+0000] {processor.py:840} INFO - DAG(s) 'daily_revenue_etl_dag' retrieved from /opt/airflow/dags/daily_revenue_etl_dag.py
[2026-03-17T06:23:34.654+0000] {logging_mixin.py:188} INFO - [2026-03-17T06:23:34.654+0000] {dag.py:3036} INFO - Sync 1 DAGs
[2026-03-17T06:23:34.674+0000] {logging_mixin.py:188} INFO - [2026-03-17T06:23:34.674+0000] {dag.py:3823} INFO - Setting next_dagrun for daily_revenue_etl_dag to 2026-03-17 00:00:00+00:00, run_after=2026-03-18 00:00:00+00:00
[2026-03-17T06:23:34.691+0000] {processor.py:183} INFO - Processing /opt/airflow/dags/daily_revenue_etl_dag.py took 0.090 seconds
[2026-03-17T06:23:43.743+0000] {processor.py:161} INFO - Started process (PID=2640) to work on /opt/airflow/dags/daily_revenue_etl_dag.py
[2026-03-17T06:23:43.744+0000] {processor.py:830} INFO - Processing file /opt/airflow/dags/daily_revenue_etl_dag.py for tasks to queue
[2026-03-17T06:23:43.745+0000] {logging_mixin.py:188} INFO - [2026-03-17T06:23:43.745+0000] {dagbag.py:538} INFO - Filling up the DagBag from /opt/airflow/dags/daily_revenue_etl_dag.py
[2026-03-17T06:23:43.764+0000] {processor.py:840} INFO - DAG(s) 'daily_revenue_etl_dag' retrieved from /opt/airflow/dags/daily_revenue_etl_dag.py
[2026-03-17T06:23:43.787+0000] {logging_mixin.py:188} INFO - [2026-03-17T06:23:43.786+0000] {dag.py:3036} INFO - Sync 1 DAGs
[2026-03-17T06:23:43.810+0000] {logging_mixin.py:188} INFO - [2026-03-17T06:23:43.810+0000] {dag.py:3823} INFO - Setting next_dagrun for daily_revenue_etl_dag to 2026-03-17 00:00:00+00:00, run_after=2026-03-18 00:00:00+00:00
[2026-03-17T06:23:43.827+0000] {processor.py:183} INFO - Processing /opt/airflow/dags/daily_revenue_etl_dag.py took 0.089 seconds
[2026-03-17T06:24:03.855+0000] {processor.py:161} INFO - Started process (PID=2646) to work on /opt/airflow/dags/daily_revenue_etl_dag.py
[2026-03-17T06:24:03.857+0000] {processor.py:830} INFO - Processing file /opt/airflow/dags/daily_revenue_etl_dag.py for tasks to queue
[2026-03-17T06:24:03.858+0000] {logging_mixin.py:188} INFO - [2026-03-17T06:24:03.858+0000] {dagbag.py:538} INFO - Filling up the DagBag from /opt/airflow/dags/daily_revenue_etl_dag.py
[2026-03-17T06:24:03.884+0000] {processor.py:840} INFO - DAG(s) 'daily_revenue_etl_dag' retrieved from /opt/airflow/dags/daily_revenue_etl_dag.py
[2026-03-17T06:24:03.914+0000] {logging_mixin.py:188} INFO - [2026-03-17T06:24:03.913+0000] {dag.py:3036} INFO - Sync 1 DAGs
[2026-03-17T06:24:03.938+0000] {logging_mixin.py:188} INFO - [2026-03-17T06:24:03.938+0000] {dag.py:3823} INFO - Setting next_dagrun for daily_revenue_etl_dag to 2026-03-17 00:00:00+00:00, run_after=2026-03-18 00:00:00+00:00
[2026-03-17T06:24:03.958+0000] {processor.py:183} INFO - Processing /opt/airflow/dags/daily_revenue_etl_dag.py took 0.109 seconds
[2026-03-17T06:24:34.273+0000] {processor.py:161} INFO - Started process (PID=2651) to work on /opt/airflow/dags/daily_revenue_etl_dag.py
[2026-03-17T06:24:34.274+0000] {processor.py:830} INFO - Processing file /opt/airflow/dags/daily_revenue_etl_dag.py for tasks to queue
[2026-03-17T06:24:34.274+0000] {logging_mixin.py:188} INFO - [2026-03-17T06:24:34.274+0000] {dagbag.py:538} INFO - Filling up the DagBag from /opt/airflow/dags/daily_revenue_etl_dag.py
[2026-03-17T06:24:34.295+0000] {processor.py:840} INFO - DAG(s) 'daily_revenue_etl_dag' retrieved from /opt/airflow/dags/daily_revenue_etl_dag.py
[2026-03-17T06:24:34.320+0000] {logging_mixin.py:188} INFO - [2026-03-17T06:24:34.319+0000] {dag.py:3036} INFO - Sync 1 DAGs
[2026-03-17T06:47:52.579+0000] {logging_mixin.py:188} INFO - [2026-03-17T06:47:52.579+0000] {dag.py:3823} INFO - Setting next_dagrun for daily_revenue_etl_dag to 2026-03-17 00:00:00+00:00, run_after=2026-03-18 00:00:00+00:00
[2026-03-17T06:47:52.593+0000] {processor.py:183} INFO - Processing /opt/airflow/dags/daily_revenue_etl_dag.py took 0.084 seconds
[2026-03-17T06:48:22.801+0000] {processor.py:161} INFO - Started process (PID=2656) to work on /opt/airflow/dags/daily_revenue_etl_dag.py
[2026-03-17T06:48:22.802+0000] {processor.py:830} INFO - Processing file /opt/airflow/dags/daily_revenue_etl_dag.py for tasks to queue
[2026-03-17T06:48:22.803+0000] {logging_mixin.py:188} INFO - [2026-03-17T06:48:22.803+0000] {dagbag.py:538} INFO - Filling up the DagBag from /opt/airflow/dags/daily_revenue_etl_dag.py
[2026-03-17T06:48:22.821+0000] {processor.py:840} INFO - DAG(s) 'daily_revenue_etl_dag' retrieved from /opt/airflow/dags/daily_revenue_etl_dag.py
[2026-03-17T06:25:04.608+0000] {logging_mixin.py:188} INFO - [2026-03-17T06:25:04.608+0000] {dag.py:3036} INFO - Sync 1 DAGs
[2026-03-17T06:25:04.628+0000] {logging_mixin.py:188} INFO - [2026-03-17T06:25:04.628+0000] {dag.py:3823} INFO - Setting next_dagrun for daily_revenue_etl_dag to 2026-03-17 00:00:00+00:00, run_after=2026-03-18 00:00:00+00:00
[2026-03-17T06:25:04.644+0000] {processor.py:183} INFO - Processing /opt/airflow/dags/daily_revenue_etl_dag.py took 0.083 seconds
[2026-03-17T06:48:26.840+0000] {processor.py:161} INFO - Started process (PID=2661) to work on /opt/airflow/dags/daily_revenue_etl_dag.py
[2026-03-17T06:48:26.841+0000] {processor.py:830} INFO - Processing file /opt/airflow/dags/daily_revenue_etl_dag.py for tasks to queue
[2026-03-17T06:48:26.842+0000] {logging_mixin.py:188} INFO - [2026-03-17T06:48:26.841+0000] {dagbag.py:538} INFO - Filling up the DagBag from /opt/airflow/dags/daily_revenue_etl_dag.py
[2026-03-17T06:48:26.857+0000] {processor.py:840} INFO - DAG(s) 'daily_revenue_etl_dag' retrieved from /opt/airflow/dags/daily_revenue_etl_dag.py
[2026-03-17T06:48:26.877+0000] {logging_mixin.py:188} INFO - [2026-03-17T06:48:26.876+0000] {dag.py:3036} INFO - Sync 1 DAGs
[2026-03-17T06:48:26.892+0000] {logging_mixin.py:188} INFO - [2026-03-17T06:48:26.892+0000] {dag.py:3823} INFO - Setting next_dagrun for daily_revenue_etl_dag to 2026-03-17 00:00:00+00:00, run_after=2026-03-18 00:00:00+00:00
[2026-03-17T06:48:26.907+0000] {processor.py:183} INFO - Processing /opt/airflow/dags/daily_revenue_etl_dag.py took 0.070 seconds
[2026-03-17T06:48:57.042+0000] {processor.py:161} INFO - Started process (PID=2666) to work on /opt/airflow/dags/daily_revenue_etl_dag.py
[2026-03-17T06:48:57.043+0000] {processor.py:830} INFO - Processing file /opt/airflow/dags/daily_revenue_etl_dag.py for tasks to queue
[2026-03-17T06:48:57.044+0000] {logging_mixin.py:188} INFO - [2026-03-17T06:48:57.044+0000] {dagbag.py:538} INFO - Filling up the DagBag from /opt/airflow/dags/daily_revenue_etl_dag.py
[2026-03-17T06:48:57.066+0000] {processor.py:840} INFO - DAG(s) 'daily_revenue_etl_dag' retrieved from /opt/airflow/dags/daily_revenue_etl_dag.py
[2026-03-17T06:48:57.092+0000] {logging_mixin.py:188} INFO - [2026-03-17T06:48:57.092+0000] {dag.py:3036} INFO - Sync 1 DAGs
[2026-03-17T06:48:57.110+0000] {logging_mixin.py:188} INFO - [2026-03-17T06:48:57.110+0000] {dag.py:3823} INFO - Setting next_dagrun for daily_revenue_etl_dag to 2026-03-17 00:00:00+00:00, run_after=2026-03-18 00:00:00+00:00
[2026-03-17T06:48:57.124+0000] {processor.py:183} INFO - Processing /opt/airflow/dags/daily_revenue_etl_dag.py took 0.086 seconds
[2026-03-17T06:26:09.042+0000] {processor.py:161} INFO - Started process (PID=2672) to work on /opt/airflow/dags/daily_revenue_etl_dag.py
[2026-03-17T06:26:09.046+0000] {processor.py:830} INFO - Processing file /opt/airflow/dags/daily_revenue_etl_dag.py for tasks to queue
[2026-03-17T06:26:09.050+0000] {logging_mixin.py:188} INFO - [2026-03-17T06:26:09.049+0000] {dagbag.py:538} INFO - Filling up the DagBag from /opt/airflow/dags/daily_revenue_etl_dag.py
[2026-03-17T06:26:09.100+0000] {processor.py:840} INFO - DAG(s) 'daily_revenue_etl_dag' retrieved from /opt/airflow/dags/daily_revenue_etl_dag.py
[2026-03-17T06:26:09.168+0000] {logging_mixin.py:188} INFO - [2026-03-17T06:26:09.167+0000] {dag.py:3036} INFO - Sync 1 DAGs
[2026-03-17T06:26:09.224+0000] {logging_mixin.py:188} INFO - [2026-03-17T06:26:09.223+0000] {dag.py:3823} INFO - Setting next_dagrun for daily_revenue_etl_dag to 2026-03-17 00:00:00+00:00, run_after=2026-03-18 00:00:00+00:00
[2026-03-17T06:26:09.266+0000] {processor.py:183} INFO - Processing /opt/airflow/dags/daily_revenue_etl_dag.py took 0.236 seconds
[2026-03-17T06:49:52.801+0000] {processor.py:161} INFO - Started process (PID=2677) to work on /opt/airflow/dags/daily_revenue_etl_dag.py
[2026-03-17T06:49:52.804+0000] {processor.py:830} INFO - Processing file /opt/airflow/dags/daily_revenue_etl_dag.py for tasks to queue
[2026-03-17T06:49:52.805+0000] {logging_mixin.py:188} INFO - [2026-03-17T06:49:52.805+0000] {dagbag.py:538} INFO - Filling up the DagBag from /opt/airflow/dags/daily_revenue_etl_dag.py
[2026-03-17T06:49:52.840+0000] {processor.py:840} INFO - DAG(s) 'daily_revenue_etl_dag' retrieved from /opt/airflow/dags/daily_revenue_etl_dag.py
[2026-03-17T06:26:34.657+0000] {logging_mixin.py:188} INFO - [2026-03-17T06:26:34.656+0000] {dag.py:3036} INFO - Sync 1 DAGs
[2026-03-17T06:26:34.699+0000] {logging_mixin.py:188} INFO - [2026-03-17T06:26:34.699+0000] {dag.py:3823} INFO - Setting next_dagrun for daily_revenue_etl_dag to 2026-03-17 00:00:00+00:00, run_after=2026-03-18 00:00:00+00:00
[2026-03-17T06:26:34.745+0000] {processor.py:183} INFO - Processing /opt/airflow/dags/daily_revenue_etl_dag.py took 0.184 seconds
[2026-03-17T06:49:57.066+0000] {processor.py:161} INFO - Started process (PID=2682) to work on /opt/airflow/dags/daily_revenue_etl_dag.py
[2026-03-17T06:49:57.067+0000] {processor.py:830} INFO - Processing file /opt/airflow/dags/daily_revenue_etl_dag.py for tasks to queue
[2026-03-17T06:49:57.068+0000] {logging_mixin.py:188} INFO - [2026-03-17T06:49:57.068+0000] {dagbag.py:538} INFO - Filling up the DagBag from /opt/airflow/dags/daily_revenue_etl_dag.py
[2026-03-17T06:49:57.087+0000] {processor.py:840} INFO - DAG(s) 'daily_revenue_etl_dag' retrieved from /opt/airflow/dags/daily_revenue_etl_dag.py
[2026-03-17T06:49:57.111+0000] {logging_mixin.py:188} INFO - [2026-03-17T06:49:57.111+0000] {dag.py:3036} INFO - Sync 1 DAGs
[2026-03-17T06:49:57.129+0000] {logging_mixin.py:188} INFO - [2026-03-17T06:49:57.129+0000] {dag.py:3823} INFO - Setting next_dagrun for daily_revenue_etl_dag to 2026-03-17 00:00:00+00:00, run_after=2026-03-18 00:00:00+00:00
[2026-03-17T06:49:57.145+0000] {processor.py:183} INFO - Processing /opt/airflow/dags/daily_revenue_etl_dag.py took 0.083 seconds
[2026-03-17T06:50:52.634+0000] {processor.py:161} INFO - Started process (PID=2687) to work on /opt/airflow/dags/daily_revenue_etl_dag.py
[2026-03-17T06:50:52.635+0000] {processor.py:830} INFO - Processing file /opt/airflow/dags/daily_revenue_etl_dag.py for tasks to queue
[2026-03-17T06:50:52.636+0000] {logging_mixin.py:188} INFO - [2026-03-17T06:50:52.635+0000] {dagbag.py:538} INFO - Filling up the DagBag from /opt/airflow/dags/daily_revenue_etl_dag.py
[2026-03-17T06:50:52.653+0000] {processor.py:840} INFO - DAG(s) 'daily_revenue_etl_dag' retrieved from /opt/airflow/dags/daily_revenue_etl_dag.py
[2026-03-17T06:50:52.674+0000] {logging_mixin.py:188} INFO - [2026-03-17T06:50:52.674+0000] {dag.py:3036} INFO - Sync 1 DAGs
[2026-03-17T06:50:52.690+0000] {logging_mixin.py:188} INFO - [2026-03-17T06:50:52.690+0000] {dag.py:3823} INFO - Setting next_dagrun for daily_revenue_etl_dag to 2026-03-17 00:00:00+00:00, run_after=2026-03-18 00:00:00+00:00
[2026-03-17T06:50:52.705+0000] {processor.py:183} INFO - Processing /opt/airflow/dags/daily_revenue_etl_dag.py took 0.075 seconds
[2026-03-17T06:51:57.186+0000] {processor.py:161} INFO - Started process (PID=2692) to work on /opt/airflow/dags/daily_revenue_etl_dag.py
[2026-03-17T06:51:57.188+0000] {processor.py:830} INFO - Processing file /opt/airflow/dags/daily_revenue_etl_dag.py for tasks to queue
[2026-03-17T06:51:57.188+0000] {logging_mixin.py:188} INFO - [2026-03-17T06:51:57.188+0000] {dagbag.py:538} INFO - Filling up the DagBag from /opt/airflow/dags/daily_revenue_etl_dag.py
[2026-03-17T06:51:57.208+0000] {processor.py:840} INFO - DAG(s) 'daily_revenue_etl_dag' retrieved from /opt/airflow/dags/daily_revenue_etl_dag.py
[2026-03-17T06:51:57.234+0000] {logging_mixin.py:188} INFO - [2026-03-17T06:51:57.234+0000] {dag.py:3036} INFO - Sync 1 DAGs
[2026-03-17T06:51:57.263+0000] {logging_mixin.py:188} INFO - [2026-03-17T06:51:57.263+0000] {dag.py:3823} INFO - Setting next_dagrun for daily_revenue_etl_dag to 2026-03-17 00:00:00+00:00, run_after=2026-03-18 00:00:00+00:00
[2026-03-17T06:51:57.290+0000] {processor.py:183} INFO - Processing /opt/airflow/dags/daily_revenue_etl_dag.py took 0.106 seconds
[2026-03-17T06:29:09.269+0000] {processor.py:161} INFO - Started process (PID=2698) to work on /opt/airflow/dags/daily_revenue_etl_dag.py
[2026-03-17T06:29:09.272+0000] {processor.py:830} INFO - Processing file /opt/airflow/dags/daily_revenue_etl_dag.py for tasks to queue
[2026-03-17T06:29:09.274+0000] {logging_mixin.py:188} INFO - [2026-03-17T06:29:09.273+0000] {dagbag.py:538} INFO - Filling up the DagBag from /opt/airflow/dags/daily_revenue_etl_dag.py
[2026-03-17T06:29:09.308+0000] {processor.py:840} INFO - DAG(s) 'daily_revenue_etl_dag' retrieved from /opt/airflow/dags/daily_revenue_etl_dag.py
[2026-03-17T06:29:09.351+0000] {logging_mixin.py:188} INFO - [2026-03-17T06:29:09.350+0000] {dag.py:3036} INFO - Sync 1 DAGs
[2026-03-17T06:29:09.388+0000] {logging_mixin.py:188} INFO - [2026-03-17T06:29:09.388+0000] {dag.py:3823} INFO - Setting next_dagrun for daily_revenue_etl_dag to 2026-03-17 00:00:00+00:00, run_after=2026-03-18 00:00:00+00:00
[2026-03-17T06:29:09.424+0000] {processor.py:183} INFO - Processing /opt/airflow/dags/daily_revenue_etl_dag.py took 0.160 seconds
[2026-03-17T06:52:52.812+0000] {processor.py:161} INFO - Started process (PID=2704) to work on /opt/airflow/dags/daily_revenue_etl_dag.py
[2026-03-17T06:52:52.814+0000] {processor.py:830} INFO - Processing file /opt/airflow/dags/daily_revenue_etl_dag.py for tasks to queue
[2026-03-17T06:52:52.816+0000] {logging_mixin.py:188} INFO - [2026-03-17T06:52:52.816+0000] {dagbag.py:538} INFO - Filling up the DagBag from /opt/airflow/dags/daily_revenue_etl_dag.py
[2026-03-17T06:52:52.859+0000] {processor.py:840} INFO - DAG(s) 'daily_revenue_etl_dag' retrieved from /opt/airflow/dags/daily_revenue_etl_dag.py
[2026-03-17T06:29:34.703+0000] {logging_mixin.py:188} INFO - [2026-03-17T06:29:34.702+0000] {dag.py:3036} INFO - Sync 1 DAGs
[2026-03-17T06:29:34.751+0000] {logging_mixin.py:188} INFO - [2026-03-17T06:29:34.751+0000] {dag.py:3823} INFO - Setting next_dagrun for daily_revenue_etl_dag to 2026-03-17 00:00:00+00:00, run_after=2026-03-18 00:00:00+00:00
[2026-03-17T06:29:34.782+0000] {processor.py:183} INFO - Processing /opt/airflow/dags/daily_revenue_etl_dag.py took 0.210 seconds
[2026-03-17T06:30:04.856+0000] {processor.py:161} INFO - Started process (PID=2709) to work on /opt/airflow/dags/daily_revenue_etl_dag.py
[2026-03-17T06:30:04.859+0000] {processor.py:830} INFO - Processing file /opt/airflow/dags/daily_revenue_etl_dag.py for tasks to queue
[2026-03-17T06:30:04.861+0000] {logging_mixin.py:188} INFO - [2026-03-17T06:30:04.860+0000] {dagbag.py:538} INFO - Filling up the DagBag from /opt/airflow/dags/daily_revenue_etl_dag.py
[2026-03-17T06:30:04.896+0000] {processor.py:840} INFO - DAG(s) 'daily_revenue_etl_dag' retrieved from /opt/airflow/dags/daily_revenue_etl_dag.py
[2026-03-17T06:30:04.935+0000] {logging_mixin.py:188} INFO - [2026-03-17T06:30:04.934+0000] {dag.py:3036} INFO - Sync 1 DAGs
[2026-03-17T06:30:04.964+0000] {logging_mixin.py:188} INFO - [2026-03-17T06:30:04.963+0000] {dag.py:3823} INFO - Setting next_dagrun for daily_revenue_etl_dag to 2026-03-17 00:00:00+00:00, run_after=2026-03-18 00:00:00+00:00
[2026-03-17T06:30:04.991+0000] {processor.py:183} INFO - Processing /opt/airflow/dags/daily_revenue_etl_dag.py took 0.141 seconds
[2026-03-17T06:53:27.328+0000] {processor.py:161} INFO - Started process (PID=2714) to work on /opt/airflow/dags/daily_revenue_etl_dag.py
[2026-03-17T06:53:27.329+0000] {processor.py:830} INFO - Processing file /opt/airflow/dags/daily_revenue_etl_dag.py for tasks to queue
[2026-03-17T06:53:27.331+0000] {logging_mixin.py:188} INFO - [2026-03-17T06:53:27.330+0000] {dagbag.py:538} INFO - Filling up the DagBag from /opt/airflow/dags/daily_revenue_etl_dag.py
[2026-03-17T06:53:27.354+0000] {processor.py:840} INFO - DAG(s) 'daily_revenue_etl_dag' retrieved from /opt/airflow/dags/daily_revenue_etl_dag.py
[2026-03-17T06:53:27.393+0000] {logging_mixin.py:188} INFO - [2026-03-17T06:53:27.393+0000] {dag.py:3036} INFO - Sync 1 DAGs
[2026-03-17T06:53:27.417+0000] {logging_mixin.py:188} INFO - [2026-03-17T06:53:27.417+0000] {dag.py:3823} INFO - Setting next_dagrun for daily_revenue_etl_dag to 2026-03-17 00:00:00+00:00, run_after=2026-03-18 00:00:00+00:00
[2026-03-17T06:53:27.438+0000] {processor.py:183} INFO - Processing /opt/airflow/dags/daily_revenue_etl_dag.py took 0.114 seconds
[2026-03-17T06:30:39.403+0000] {processor.py:161} INFO - Started process (PID=2719) to work on /opt/airflow/dags/daily_revenue_etl_dag.py
[2026-03-17T06:30:39.407+0000] {processor.py:830} INFO - Processing file /opt/airflow/dags/daily_revenue_etl_dag.py for tasks to queue
[2026-03-17T06:30:39.410+0000] {logging_mixin.py:188} INFO - [2026-03-17T06:30:39.409+0000] {dagbag.py:538} INFO - Filling up the DagBag from /opt/airflow/dags/daily_revenue_etl_dag.py
[2026-03-17T06:30:39.476+0000] {processor.py:840} INFO - DAG(s) 'daily_revenue_etl_dag' retrieved from /opt/airflow/dags/daily_revenue_etl_dag.py
[2026-03-17T06:30:39.534+0000] {logging_mixin.py:188} INFO - [2026-03-17T06:30:39.533+0000] {dag.py:3036} INFO - Sync 1 DAGs
[2026-03-17T06:30:39.579+0000] {logging_mixin.py:188} INFO - [2026-03-17T06:30:39.579+0000] {dag.py:3823} INFO - Setting next_dagrun for daily_revenue_etl_dag to 2026-03-17 00:00:00+00:00, run_after=2026-03-18 00:00:00+00:00
[2026-03-17T06:30:39.631+0000] {processor.py:183} INFO - Processing /opt/airflow/dags/daily_revenue_etl_dag.py took 0.239 seconds
[2026-03-17T06:54:22.865+0000] {processor.py:161} INFO - Started process (PID=2725) to work on /opt/airflow/dags/daily_revenue_etl_dag.py
[2026-03-17T06:54:22.866+0000] {processor.py:830} INFO - Processing file /opt/airflow/dags/daily_revenue_etl_dag.py for tasks to queue
[2026-03-17T06:54:22.867+0000] {logging_mixin.py:188} INFO - [2026-03-17T06:54:22.867+0000] {dagbag.py:538} INFO - Filling up the DagBag from /opt/airflow/dags/daily_revenue_etl_dag.py
[2026-03-17T06:31:04.661+0000] {processor.py:840} INFO - DAG(s) 'daily_revenue_etl_dag' retrieved from /opt/airflow/dags/daily_revenue_etl_dag.py
[2026-03-17T06:31:04.705+0000] {logging_mixin.py:188} INFO - [2026-03-17T06:31:04.705+0000] {dag.py:3036} INFO - Sync 1 DAGs
[2026-03-17T06:31:04.734+0000] {logging_mixin.py:188} INFO - [2026-03-17T06:31:04.733+0000] {dag.py:3823} INFO - Setting next_dagrun for daily_revenue_etl_dag to 2026-03-17 00:00:00+00:00, run_after=2026-03-18 00:00:00+00:00
[2026-03-17T06:31:04.758+0000] {processor.py:183} INFO - Processing /opt/airflow/dags/daily_revenue_etl_dag.py took 0.122 seconds
[2026-03-17T06:54:27.907+0000] {processor.py:161} INFO - Started process (PID=2730) to work on /opt/airflow/dags/daily_revenue_etl_dag.py
[2026-03-17T06:54:27.908+0000] {processor.py:830} INFO - Processing file /opt/airflow/dags/daily_revenue_etl_dag.py for tasks to queue
[2026-03-17T06:54:27.909+0000] {logging_mixin.py:188} INFO - [2026-03-17T06:54:27.909+0000] {dagbag.py:538} INFO - Filling up the DagBag from /opt/airflow/dags/daily_revenue_etl_dag.py
[2026-03-17T06:54:27.930+0000] {processor.py:840} INFO - DAG(s) 'daily_revenue_etl_dag' retrieved from /opt/airflow/dags/daily_revenue_etl_dag.py
[2026-03-17T06:31:09.610+0000] {logging_mixin.py:188} INFO - [2026-03-17T06:31:09.609+0000] {dag.py:3036} INFO - Sync 1 DAGs
[2026-03-17T06:31:09.634+0000] {logging_mixin.py:188} INFO - [2026-03-17T06:31:09.634+0000] {dag.py:3823} INFO - Setting next_dagrun for daily_revenue_etl_dag to 2026-03-17 00:00:00+00:00, run_after=2026-03-18 00:00:00+00:00
[2026-03-17T06:31:09.654+0000] {processor.py:183} INFO - Processing /opt/airflow/dags/daily_revenue_etl_dag.py took 0.114 seconds
[2026-03-17T06:54:37.999+0000] {processor.py:161} INFO - Started process (PID=2735) to work on /opt/airflow/dags/daily_revenue_etl_dag.py
[2026-03-17T06:54:38.002+0000] {processor.py:830} INFO - Processing file /opt/airflow/dags/daily_revenue_etl_dag.py for tasks to queue
[2026-03-17T06:54:38.004+0000] {logging_mixin.py:188} INFO - [2026-03-17T06:54:38.003+0000] {dagbag.py:538} INFO - Filling up the DagBag from /opt/airflow/dags/daily_revenue_etl_dag.py
[2026-03-17T06:54:38.057+0000] {processor.py:840} INFO - DAG(s) 'daily_revenue_etl_dag' retrieved from /opt/airflow/dags/daily_revenue_etl_dag.py
[2026-03-17T06:31:19.724+0000] {logging_mixin.py:188} INFO - [2026-03-17T06:31:19.723+0000] {dag.py:3036} INFO - Sync 1 DAGs
[2026-03-17T06:31:19.775+0000] {logging_mixin.py:188} INFO - [2026-03-17T06:31:19.774+0000] {dag.py:3823} INFO - Setting next_dagrun for daily_revenue_etl_dag to 2026-03-17 00:00:00+00:00, run_after=2026-03-18 00:00:00+00:00
[2026-03-17T06:31:19.820+0000] {processor.py:183} INFO - Processing /opt/airflow/dags/daily_revenue_etl_dag.py took 0.241 seconds
[2026-03-17T06:54:43.145+0000] {processor.py:161} INFO - Started process (PID=2740) to work on /opt/airflow/dags/daily_revenue_etl_dag.py
[2026-03-17T06:54:43.147+0000] {processor.py:830} INFO - Processing file /opt/airflow/dags/daily_revenue_etl_dag.py for tasks to queue
[2026-03-17T06:54:43.147+0000] {logging_mixin.py:188} INFO - [2026-03-17T06:54:43.147+0000] {dagbag.py:538} INFO - Filling up the DagBag from /opt/airflow/dags/daily_revenue_etl_dag.py
[2026-03-17T06:54:43.165+0000] {processor.py:840} INFO - DAG(s) 'daily_revenue_etl_dag' retrieved from /opt/airflow/dags/daily_revenue_etl_dag.py
[2026-03-17T06:54:43.186+0000] {logging_mixin.py:188} INFO - [2026-03-17T06:54:43.186+0000] {dag.py:3036} INFO - Sync 1 DAGs
[2026-03-17T06:54:43.204+0000] {logging_mixin.py:188} INFO - [2026-03-17T06:54:43.204+0000] {dag.py:3823} INFO - Setting next_dagrun for daily_revenue_etl_dag to 2026-03-17 00:00:00+00:00, run_after=2026-03-18 00:00:00+00:00
[2026-03-17T06:54:43.222+0000] {processor.py:183} INFO - Processing /opt/airflow/dags/daily_revenue_etl_dag.py took 0.080 seconds
[2026-03-17T06:55:13.385+0000] {processor.py:161} INFO - Started process (PID=2745) to work on /opt/airflow/dags/daily_revenue_etl_dag.py
[2026-03-17T06:55:13.387+0000] {processor.py:830} INFO - Processing file /opt/airflow/dags/daily_revenue_etl_dag.py for tasks to queue
[2026-03-17T06:55:13.389+0000] {logging_mixin.py:188} INFO - [2026-03-17T06:55:13.388+0000] {dagbag.py:538} INFO - Filling up the DagBag from /opt/airflow/dags/daily_revenue_etl_dag.py
[2026-03-17T06:55:13.428+0000] {processor.py:840} INFO - DAG(s) 'daily_revenue_etl_dag' retrieved from /opt/airflow/dags/daily_revenue_etl_dag.py
[2026-03-17T06:55:13.466+0000] {logging_mixin.py:188} INFO - [2026-03-17T06:55:13.466+0000] {dag.py:3036} INFO - Sync 1 DAGs
[2026-03-17T06:31:54.897+0000] {logging_mixin.py:188} INFO - [2026-03-17T06:31:54.897+0000] {dag.py:3823} INFO - Setting next_dagrun for daily_revenue_etl_dag to 2026-03-17 00:00:00+00:00, run_after=2026-03-18 00:00:00+00:00
[2026-03-17T06:31:54.931+0000] {processor.py:183} INFO - Processing /opt/airflow/dags/daily_revenue_etl_dag.py took 0.153 seconds
[2026-03-17T06:55:17.608+0000] {processor.py:161} INFO - Started process (PID=2750) to work on /opt/airflow/dags/daily_revenue_etl_dag.py
[2026-03-17T06:55:17.610+0000] {processor.py:830} INFO - Processing file /opt/airflow/dags/daily_revenue_etl_dag.py for tasks to queue
[2026-03-17T06:55:17.611+0000] {logging_mixin.py:188} INFO - [2026-03-17T06:55:17.611+0000] {dagbag.py:538} INFO - Filling up the DagBag from /opt/airflow/dags/daily_revenue_etl_dag.py
[2026-03-17T06:55:17.632+0000] {processor.py:840} INFO - DAG(s) 'daily_revenue_etl_dag' retrieved from /opt/airflow/dags/daily_revenue_etl_dag.py
[2026-03-17T06:55:17.662+0000] {logging_mixin.py:188} INFO - [2026-03-17T06:55:17.662+0000] {dag.py:3036} INFO - Sync 1 DAGs
[2026-03-17T06:55:17.694+0000] {logging_mixin.py:188} INFO - [2026-03-17T06:55:17.694+0000] {dag.py:3823} INFO - Setting next_dagrun for daily_revenue_etl_dag to 2026-03-17 00:00:00+00:00, run_after=2026-03-18 00:00:00+00:00
[2026-03-17T06:55:17.718+0000] {processor.py:183} INFO - Processing /opt/airflow/dags/daily_revenue_etl_dag.py took 0.113 seconds
[2026-03-17T06:55:47.808+0000] {processor.py:161} INFO - Started process (PID=2755) to work on /opt/airflow/dags/daily_revenue_etl_dag.py
[2026-03-17T06:55:47.809+0000] {processor.py:830} INFO - Processing file /opt/airflow/dags/daily_revenue_etl_dag.py for tasks to queue
[2026-03-17T06:55:47.810+0000] {logging_mixin.py:188} INFO - [2026-03-17T06:55:47.810+0000] {dagbag.py:538} INFO - Filling up the DagBag from /opt/airflow/dags/daily_revenue_etl_dag.py
[2026-03-17T06:55:47.827+0000] {processor.py:840} INFO - DAG(s) 'daily_revenue_etl_dag' retrieved from /opt/airflow/dags/daily_revenue_etl_dag.py
[2026-03-17T06:55:47.848+0000] {logging_mixin.py:188} INFO - [2026-03-17T06:55:47.848+0000] {dag.py:3036} INFO - Sync 1 DAGs
[2026-03-17T06:55:47.865+0000] {logging_mixin.py:188} INFO - [2026-03-17T06:55:47.865+0000] {dag.py:3823} INFO - Setting next_dagrun for daily_revenue_etl_dag to 2026-03-17 00:00:00+00:00, run_after=2026-03-18 00:00:00+00:00
[2026-03-17T06:55:47.881+0000] {processor.py:183} INFO - Processing /opt/airflow/dags/daily_revenue_etl_dag.py took 0.076 seconds
[2026-03-17T06:55:52.849+0000] {processor.py:161} INFO - Started process (PID=2760) to work on /opt/airflow/dags/daily_revenue_etl_dag.py
[2026-03-17T06:55:52.851+0000] {processor.py:830} INFO - Processing file /opt/airflow/dags/daily_revenue_etl_dag.py for tasks to queue
[2026-03-17T06:55:52.853+0000] {logging_mixin.py:188} INFO - [2026-03-17T06:55:52.852+0000] {dagbag.py:538} INFO - Filling up the DagBag from /opt/airflow/dags/daily_revenue_etl_dag.py
[2026-03-17T06:55:52.875+0000] {processor.py:840} INFO - DAG(s) 'daily_revenue_etl_dag' retrieved from /opt/airflow/dags/daily_revenue_etl_dag.py
[2026-03-17T06:55:52.902+0000] {logging_mixin.py:188} INFO - [2026-03-17T06:55:52.902+0000] {dag.py:3036} INFO - Sync 1 DAGs
[2026-03-17T06:55:52.924+0000] {logging_mixin.py:188} INFO - [2026-03-17T06:55:52.924+0000] {dag.py:3823} INFO - Setting next_dagrun for daily_revenue_etl_dag to 2026-03-17 00:00:00+00:00, run_after=2026-03-18 00:00:00+00:00
[2026-03-17T06:55:52.946+0000] {processor.py:183} INFO - Processing /opt/airflow/dags/daily_revenue_etl_dag.py took 0.101 seconds
[2026-03-17T06:57:27.716+0000] {processor.py:161} INFO - Started process (PID=2765) to work on /opt/airflow/dags/daily_revenue_etl_dag.py
[2026-03-17T06:57:27.717+0000] {processor.py:830} INFO - Processing file /opt/airflow/dags/daily_revenue_etl_dag.py for tasks to queue
[2026-03-17T06:57:27.718+0000] {logging_mixin.py:188} INFO - [2026-03-17T06:57:27.718+0000] {dagbag.py:538} INFO - Filling up the DagBag from /opt/airflow/dags/daily_revenue_etl_dag.py
[2026-03-17T06:57:27.734+0000] {processor.py:840} INFO - DAG(s) 'daily_revenue_etl_dag' retrieved from /opt/airflow/dags/daily_revenue_etl_dag.py
[2026-03-17T06:57:27.758+0000] {logging_mixin.py:188} INFO - [2026-03-17T06:57:27.758+0000] {dag.py:3036} INFO - Sync 1 DAGs
[2026-03-17T06:57:27.776+0000] {logging_mixin.py:188} INFO - [2026-03-17T06:57:27.775+0000] {dag.py:3823} INFO - Setting next_dagrun for daily_revenue_etl_dag to 2026-03-17 00:00:00+00:00, run_after=2026-03-18 00:00:00+00:00
[2026-03-17T06:57:27.798+0000] {processor.py:183} INFO - Processing /opt/airflow/dags/daily_revenue_etl_dag.py took 0.086 seconds
[2026-03-17T06:57:57.962+0000] {processor.py:161} INFO - Started process (PID=2770) to work on /opt/airflow/dags/daily_revenue_etl_dag.py
[2026-03-17T06:57:57.964+0000] {processor.py:830} INFO - Processing file /opt/airflow/dags/daily_revenue_etl_dag.py for tasks to queue
[2026-03-17T06:57:57.966+0000] {logging_mixin.py:188} INFO - [2026-03-17T06:57:57.965+0000] {dagbag.py:538} INFO - Filling up the DagBag from /opt/airflow/dags/daily_revenue_etl_dag.py
[2026-03-17T06:57:57.988+0000] {processor.py:840} INFO - DAG(s) 'daily_revenue_etl_dag' retrieved from /opt/airflow/dags/daily_revenue_etl_dag.py
[2026-03-17T06:34:39.786+0000] {logging_mixin.py:188} INFO - [2026-03-17T06:34:39.785+0000] {dag.py:3036} INFO - Sync 1 DAGs
[2026-03-17T06:34:39.807+0000] {logging_mixin.py:188} INFO - [2026-03-17T06:34:39.807+0000] {dag.py:3823} INFO - Setting next_dagrun for daily_revenue_etl_dag to 2026-03-17 00:00:00+00:00, run_after=2026-03-18 00:00:00+00:00
[2026-03-17T06:34:39.826+0000] {processor.py:183} INFO - Processing /opt/airflow/dags/daily_revenue_etl_dag.py took 0.105 seconds
[2026-03-17T06:35:10.030+0000] {processor.py:161} INFO - Started process (PID=2775) to work on /opt/airflow/dags/daily_revenue_etl_dag.py
[2026-03-17T06:35:10.033+0000] {processor.py:830} INFO - Processing file /opt/airflow/dags/daily_revenue_etl_dag.py for tasks to queue
[2026-03-17T06:35:10.034+0000] {logging_mixin.py:188} INFO - [2026-03-17T06:35:10.034+0000] {dagbag.py:538} INFO - Filling up the DagBag from /opt/airflow/dags/daily_revenue_etl_dag.py
[2026-03-17T06:35:10.062+0000] {processor.py:840} INFO - DAG(s) 'daily_revenue_etl_dag' retrieved from /opt/airflow/dags/daily_revenue_etl_dag.py
[2026-03-17T06:35:10.092+0000] {logging_mixin.py:188} INFO - [2026-03-17T06:35:10.092+0000] {dag.py:3036} INFO - Sync 1 DAGs
[2026-03-17T06:35:10.114+0000] {logging_mixin.py:188} INFO - [2026-03-17T06:35:10.114+0000] {dag.py:3823} INFO - Setting next_dagrun for daily_revenue_etl_dag to 2026-03-17 00:00:00+00:00, run_after=2026-03-18 00:00:00+00:00
[2026-03-17T06:35:10.136+0000] {processor.py:183} INFO - Processing /opt/airflow/dags/daily_revenue_etl_dag.py took 0.110 seconds
[2026-03-17T06:35:40.334+0000] {processor.py:161} INFO - Started process (PID=2780) to work on /opt/airflow/dags/daily_revenue_etl_dag.py
[2026-03-17T06:35:40.335+0000] {processor.py:830} INFO - Processing file /opt/airflow/dags/daily_revenue_etl_dag.py for tasks to queue
[2026-03-17T06:35:40.337+0000] {logging_mixin.py:188} INFO - [2026-03-17T06:35:40.336+0000] {dagbag.py:538} INFO - Filling up the DagBag from /opt/airflow/dags/daily_revenue_etl_dag.py
[2026-03-17T06:35:40.356+0000] {processor.py:840} INFO - DAG(s) 'daily_revenue_etl_dag' retrieved from /opt/airflow/dags/daily_revenue_etl_dag.py
[2026-03-17T06:35:40.382+0000] {logging_mixin.py:188} INFO - [2026-03-17T06:35:40.382+0000] {dag.py:3036} INFO - Sync 1 DAGs
[2026-03-17T06:35:40.400+0000] {logging_mixin.py:188} INFO - [2026-03-17T06:35:40.400+0000] {dag.py:3823} INFO - Setting next_dagrun for daily_revenue_etl_dag to 2026-03-17 00:00:00+00:00, run_after=2026-03-18 00:00:00+00:00
[2026-03-17T06:35:40.419+0000] {processor.py:183} INFO - Processing /opt/airflow/dags/daily_revenue_etl_dag.py took 0.088 seconds
[2026-03-17T06:59:22.797+0000] {processor.py:161} INFO - Started process (PID=2785) to work on /opt/airflow/dags/daily_revenue_etl_dag.py
[2026-03-17T06:59:22.799+0000] {processor.py:830} INFO - Processing file /opt/airflow/dags/daily_revenue_etl_dag.py for tasks to queue
[2026-03-17T06:59:22.800+0000] {logging_mixin.py:188} INFO - [2026-03-17T06:59:22.799+0000] {dagbag.py:538} INFO - Filling up the DagBag from /opt/airflow/dags/daily_revenue_etl_dag.py
[2026-03-17T06:59:22.821+0000] {processor.py:840} INFO - DAG(s) 'daily_revenue_etl_dag' retrieved from /opt/airflow/dags/daily_revenue_etl_dag.py
[2026-03-17T06:59:22.844+0000] {logging_mixin.py:188} INFO - [2026-03-17T06:59:22.844+0000] {dag.py:3036} INFO - Sync 1 DAGs
[2026-03-17T06:59:22.862+0000] {logging_mixin.py:188} INFO - [2026-03-17T06:59:22.862+0000] {dag.py:3823} INFO - Setting next_dagrun for daily_revenue_etl_dag to 2026-03-17 00:00:00+00:00, run_after=2026-03-18 00:00:00+00:00
[2026-03-17T06:59:22.882+0000] {processor.py:183} INFO - Processing /opt/airflow/dags/daily_revenue_etl_dag.py took 0.087 seconds
[2026-03-17T06:59:58.101+0000] {processor.py:161} INFO - Started process (PID=2790) to work on /opt/airflow/dags/daily_revenue_etl_dag.py
[2026-03-17T06:59:58.103+0000] {processor.py:830} INFO - Processing file /opt/airflow/dags/daily_revenue_etl_dag.py for tasks to queue
[2026-03-17T06:59:58.105+0000] {logging_mixin.py:188} INFO - [2026-03-17T06:59:58.105+0000] {dagbag.py:538} INFO - Filling up the DagBag from /opt/airflow/dags/daily_revenue_etl_dag.py
[2026-03-17T06:59:58.139+0000] {processor.py:840} INFO - DAG(s) 'daily_revenue_etl_dag' retrieved from /opt/airflow/dags/daily_revenue_etl_dag.py
[2026-03-17T06:59:58.188+0000] {logging_mixin.py:188} INFO - [2026-03-17T06:59:58.188+0000] {dag.py:3036} INFO - Sync 1 DAGs
[2026-03-17T06:59:58.232+0000] {logging_mixin.py:188} INFO - [2026-03-17T06:59:58.232+0000] {dag.py:3823} INFO - Setting next_dagrun for daily_revenue_etl_dag to 2026-03-17 00:00:00+00:00, run_after=2026-03-18 00:00:00+00:00
[2026-03-17T06:36:40.039+0000] {processor.py:183} INFO - Processing /opt/airflow/dags/daily_revenue_etl_dag.py took 0.203 seconds
[2026-03-17T07:00:03.168+0000] {processor.py:161} INFO - Started process (PID=2795) to work on /opt/airflow/dags/daily_revenue_etl_dag.py
[2026-03-17T07:00:03.169+0000] {processor.py:830} INFO - Processing file /opt/airflow/dags/daily_revenue_etl_dag.py for tasks to queue
[2026-03-17T07:00:03.170+0000] {logging_mixin.py:188} INFO - [2026-03-17T07:00:03.170+0000] {dagbag.py:538} INFO - Filling up the DagBag from /opt/airflow/dags/daily_revenue_etl_dag.py
[2026-03-17T07:00:03.190+0000] {processor.py:840} INFO - DAG(s) 'daily_revenue_etl_dag' retrieved from /opt/airflow/dags/daily_revenue_etl_dag.py
[2026-03-17T06:36:44.989+0000] {logging_mixin.py:188} INFO - [2026-03-17T06:36:44.988+0000] {dag.py:3036} INFO - Sync 1 DAGs
[2026-03-17T06:36:45.011+0000] {logging_mixin.py:188} INFO - [2026-03-17T06:36:45.010+0000] {dag.py:3823} INFO - Setting next_dagrun for daily_revenue_etl_dag to 2026-03-17 00:00:00+00:00, run_after=2026-03-18 00:00:00+00:00
[2026-03-17T06:36:45.035+0000] {processor.py:183} INFO - Processing /opt/airflow/dags/daily_revenue_etl_dag.py took 0.098 seconds
[2026-03-17T07:00:08.230+0000] {processor.py:161} INFO - Started process (PID=2800) to work on /opt/airflow/dags/daily_revenue_etl_dag.py
[2026-03-17T07:00:08.232+0000] {processor.py:830} INFO - Processing file /opt/airflow/dags/daily_revenue_etl_dag.py for tasks to queue
[2026-03-17T07:00:08.234+0000] {logging_mixin.py:188} INFO - [2026-03-17T07:00:08.233+0000] {dagbag.py:538} INFO - Filling up the DagBag from /opt/airflow/dags/daily_revenue_etl_dag.py
[2026-03-17T07:00:08.266+0000] {processor.py:840} INFO - DAG(s) 'daily_revenue_etl_dag' retrieved from /opt/airflow/dags/daily_revenue_etl_dag.py
[2026-03-17T06:36:50.048+0000] {logging_mixin.py:188} INFO - [2026-03-17T06:36:50.048+0000] {dag.py:3036} INFO - Sync 1 DAGs
[2026-03-17T06:36:50.081+0000] {logging_mixin.py:188} INFO - [2026-03-17T06:36:50.080+0000] {dag.py:3823} INFO - Setting next_dagrun for daily_revenue_etl_dag to 2026-03-17 00:00:00+00:00, run_after=2026-03-18 00:00:00+00:00
[2026-03-17T06:36:50.135+0000] {processor.py:183} INFO - Processing /opt/airflow/dags/daily_revenue_etl_dag.py took 0.173 seconds
[2026-03-17T06:37:20.267+0000] {processor.py:161} INFO - Started process (PID=2805) to work on /opt/airflow/dags/daily_revenue_etl_dag.py
[2026-03-17T06:37:20.268+0000] {processor.py:830} INFO - Processing file /opt/airflow/dags/daily_revenue_etl_dag.py for tasks to queue
[2026-03-17T06:37:20.270+0000] {logging_mixin.py:188} INFO - [2026-03-17T06:37:20.269+0000] {dagbag.py:538} INFO - Filling up the DagBag from /opt/airflow/dags/daily_revenue_etl_dag.py
[2026-03-17T06:37:20.294+0000] {processor.py:840} INFO - DAG(s) 'daily_revenue_etl_dag' retrieved from /opt/airflow/dags/daily_revenue_etl_dag.py
[2026-03-17T06:37:20.331+0000] {logging_mixin.py:188} INFO - [2026-03-17T06:37:20.330+0000] {dag.py:3036} INFO - Sync 1 DAGs
[2026-03-17T06:37:20.360+0000] {logging_mixin.py:188} INFO - [2026-03-17T06:37:20.360+0000] {dag.py:3823} INFO - Setting next_dagrun for daily_revenue_etl_dag to 2026-03-17 00:00:00+00:00, run_after=2026-03-18 00:00:00+00:00
[2026-03-17T06:37:20.386+0000] {processor.py:183} INFO - Processing /opt/airflow/dags/daily_revenue_etl_dag.py took 0.123 seconds
[2026-03-17T07:00:52.730+0000] {processor.py:161} INFO - Started process (PID=2810) to work on /opt/airflow/dags/daily_revenue_etl_dag.py
[2026-03-17T07:00:52.732+0000] {processor.py:830} INFO - Processing file /opt/airflow/dags/daily_revenue_etl_dag.py for tasks to queue
[2026-03-17T07:00:52.733+0000] {logging_mixin.py:188} INFO - [2026-03-17T07:00:52.733+0000] {dagbag.py:538} INFO - Filling up the DagBag from /opt/airflow/dags/daily_revenue_etl_dag.py
[2026-03-17T07:00:52.758+0000] {processor.py:840} INFO - DAG(s) 'daily_revenue_etl_dag' retrieved from /opt/airflow/dags/daily_revenue_etl_dag.py
[2026-03-17T07:00:52.785+0000] {logging_mixin.py:188} INFO - [2026-03-17T07:00:52.785+0000] {dag.py:3036} INFO - Sync 1 DAGs
[2026-03-17T07:00:52.803+0000] {logging_mixin.py:188} INFO - [2026-03-17T07:00:52.803+0000] {dag.py:3823} INFO - Setting next_dagrun for daily_revenue_etl_dag to 2026-03-17 00:00:00+00:00, run_after=2026-03-18 00:00:00+00:00
[2026-03-17T07:00:52.820+0000] {processor.py:183} INFO - Processing /opt/airflow/dags/daily_revenue_etl_dag.py took 0.095 seconds
[2026-03-17T07:01:33.135+0000] {processor.py:161} INFO - Started process (PID=2815) to work on /opt/airflow/dags/daily_revenue_etl_dag.py
[2026-03-17T07:01:33.137+0000] {processor.py:830} INFO - Processing file /opt/airflow/dags/daily_revenue_etl_dag.py for tasks to queue
[2026-03-17T07:01:33.139+0000] {logging_mixin.py:188} INFO - [2026-03-17T07:01:33.138+0000] {dagbag.py:538} INFO - Filling up the DagBag from /opt/airflow/dags/daily_revenue_etl_dag.py
[2026-03-17T07:01:33.183+0000] {processor.py:840} INFO - DAG(s) 'daily_revenue_etl_dag' retrieved from /opt/airflow/dags/daily_revenue_etl_dag.py
[2026-03-17T07:01:33.222+0000] {logging_mixin.py:188} INFO - [2026-03-17T07:01:33.221+0000] {dag.py:3036} INFO - Sync 1 DAGs
[2026-03-17T07:01:33.254+0000] {logging_mixin.py:188} INFO - [2026-03-17T07:01:33.254+0000] {dag.py:3823} INFO - Setting next_dagrun for daily_revenue_etl_dag to 2026-03-17 00:00:00+00:00, run_after=2026-03-18 00:00:00+00:00
[2026-03-17T07:01:33.295+0000] {processor.py:183} INFO - Processing /opt/airflow/dags/daily_revenue_etl_dag.py took 0.165 seconds
[2026-03-17T07:02:03.361+0000] {processor.py:161} INFO - Started process (PID=2820) to work on /opt/airflow/dags/daily_revenue_etl_dag.py
[2026-03-17T07:02:03.362+0000] {processor.py:830} INFO - Processing file /opt/airflow/dags/daily_revenue_etl_dag.py for tasks to queue
[2026-03-17T07:02:03.365+0000] {logging_mixin.py:188} INFO - [2026-03-17T07:02:03.364+0000] {dagbag.py:538} INFO - Filling up the DagBag from /opt/airflow/dags/daily_revenue_etl_dag.py
[2026-03-17T06:38:45.178+0000] {processor.py:840} INFO - DAG(s) 'daily_revenue_etl_dag' retrieved from /opt/airflow/dags/daily_revenue_etl_dag.py
[2026-03-17T06:38:45.232+0000] {logging_mixin.py:188} INFO - [2026-03-17T06:38:45.231+0000] {dag.py:3036} INFO - Sync 1 DAGs
[2026-03-17T06:38:45.273+0000] {logging_mixin.py:188} INFO - [2026-03-17T06:38:45.272+0000] {dag.py:3823} INFO - Setting next_dagrun for daily_revenue_etl_dag to 2026-03-17 00:00:00+00:00, run_after=2026-03-18 00:00:00+00:00
[2026-03-17T06:38:45.306+0000] {processor.py:183} INFO - Processing /opt/airflow/dags/daily_revenue_etl_dag.py took 0.171 seconds
[2026-03-17T07:02:22.717+0000] {processor.py:161} INFO - Started process (PID=2825) to work on /opt/airflow/dags/daily_revenue_etl_dag.py
[2026-03-17T07:02:22.719+0000] {processor.py:830} INFO - Processing file /opt/airflow/dags/daily_revenue_etl_dag.py for tasks to queue
[2026-03-17T07:02:22.721+0000] {logging_mixin.py:188} INFO - [2026-03-17T07:02:22.720+0000] {dagbag.py:538} INFO - Filling up the DagBag from /opt/airflow/dags/daily_revenue_etl_dag.py
[2026-03-17T07:02:22.770+0000] {processor.py:840} INFO - DAG(s) 'daily_revenue_etl_dag' retrieved from /opt/airflow/dags/daily_revenue_etl_dag.py
[2026-03-17T07:02:22.835+0000] {logging_mixin.py:188} INFO - [2026-03-17T07:02:22.835+0000] {dag.py:3036} INFO - Sync 1 DAGs
[2026-03-17T07:02:22.885+0000] {logging_mixin.py:188} INFO - [2026-03-17T07:02:22.884+0000] {dag.py:3823} INFO - Setting next_dagrun for daily_revenue_etl_dag to 2026-03-17 00:00:00+00:00, run_after=2026-03-18 00:00:00+00:00
[2026-03-17T07:02:22.925+0000] {processor.py:183} INFO - Processing /opt/airflow/dags/daily_revenue_etl_dag.py took 0.215 seconds
[2026-03-17T07:02:58.249+0000] {processor.py:161} INFO - Started process (PID=2830) to work on /opt/airflow/dags/daily_revenue_etl_dag.py
[2026-03-17T07:02:58.250+0000] {processor.py:830} INFO - Processing file /opt/airflow/dags/daily_revenue_etl_dag.py for tasks to queue
[2026-03-17T07:02:58.251+0000] {logging_mixin.py:188} INFO - [2026-03-17T07:02:58.251+0000] {dagbag.py:538} INFO - Filling up the DagBag from /opt/airflow/dags/daily_revenue_etl_dag.py
[2026-03-17T07:02:58.271+0000] {processor.py:840} INFO - DAG(s) 'daily_revenue_etl_dag' retrieved from /opt/airflow/dags/daily_revenue_etl_dag.py
[2026-03-17T07:02:58.295+0000] {logging_mixin.py:188} INFO - [2026-03-17T07:02:58.294+0000] {dag.py:3036} INFO - Sync 1 DAGs
[2026-03-17T07:02:58.319+0000] {logging_mixin.py:188} INFO - [2026-03-17T07:02:58.319+0000] {dag.py:3823} INFO - Setting next_dagrun for daily_revenue_etl_dag to 2026-03-17 00:00:00+00:00, run_after=2026-03-18 00:00:00+00:00
[2026-03-17T07:02:58.347+0000] {processor.py:183} INFO - Processing /opt/airflow/dags/daily_revenue_etl_dag.py took 0.102 seconds
[2026-03-17T06:40:10.320+0000] {processor.py:161} INFO - Started process (PID=2835) to work on /opt/airflow/dags/daily_revenue_etl_dag.py
[2026-03-17T06:40:10.322+0000] {processor.py:830} INFO - Processing file /opt/airflow/dags/daily_revenue_etl_dag.py for tasks to queue
[2026-03-17T06:40:10.325+0000] {logging_mixin.py:188} INFO - [2026-03-17T06:40:10.324+0000] {dagbag.py:538} INFO - Filling up the DagBag from /opt/airflow/dags/daily_revenue_etl_dag.py
[2026-03-17T06:40:10.365+0000] {processor.py:840} INFO - DAG(s) 'daily_revenue_etl_dag' retrieved from /opt/airflow/dags/daily_revenue_etl_dag.py
[2026-03-17T06:40:10.416+0000] {logging_mixin.py:188} INFO - [2026-03-17T06:40:10.416+0000] {dag.py:3036} INFO - Sync 1 DAGs
[2026-03-17T06:40:10.456+0000] {logging_mixin.py:188} INFO - [2026-03-17T06:40:10.456+0000] {dag.py:3823} INFO - Setting next_dagrun for daily_revenue_etl_dag to 2026-03-17 00:00:00+00:00, run_after=2026-03-18 00:00:00+00:00
[2026-03-17T06:40:10.512+0000] {processor.py:183} INFO - Processing /opt/airflow/dags/daily_revenue_etl_dag.py took 0.202 seconds
[2026-03-17T07:03:52.789+0000] {processor.py:161} INFO - Started process (PID=2840) to work on /opt/airflow/dags/daily_revenue_etl_dag.py
[2026-03-17T07:03:52.794+0000] {processor.py:830} INFO - Processing file /opt/airflow/dags/daily_revenue_etl_dag.py for tasks to queue
[2026-03-17T07:03:52.796+0000] {logging_mixin.py:188} INFO - [2026-03-17T07:03:52.795+0000] {dagbag.py:538} INFO - Filling up the DagBag from /opt/airflow/dags/daily_revenue_etl_dag.py
[2026-03-17T07:03:52.836+0000] {processor.py:840} INFO - DAG(s) 'daily_revenue_etl_dag' retrieved from /opt/airflow/dags/daily_revenue_etl_dag.py
[2026-03-17T07:03:52.884+0000] {logging_mixin.py:188} INFO - [2026-03-17T07:03:52.883+0000] {dag.py:3036} INFO - Sync 1 DAGs
[2026-03-17T07:03:52.918+0000] {logging_mixin.py:188} INFO - [2026-03-17T07:03:52.917+0000] {dag.py:3823} INFO - Setting next_dagrun for daily_revenue_etl_dag to 2026-03-17 00:00:00+00:00, run_after=2026-03-18 00:00:00+00:00
[2026-03-17T07:03:52.943+0000] {processor.py:183} INFO - Processing /opt/airflow/dags/daily_revenue_etl_dag.py took 0.163 seconds
[2026-03-17T07:04:43.400+0000] {processor.py:161} INFO - Started process (PID=2847) to work on /opt/airflow/dags/daily_revenue_etl_dag.py
[2026-03-17T07:04:43.401+0000] {processor.py:830} INFO - Processing file /opt/airflow/dags/daily_revenue_etl_dag.py for tasks to queue
[2026-03-17T07:04:43.402+0000] {logging_mixin.py:188} INFO - [2026-03-17T07:04:43.401+0000] {dagbag.py:538} INFO - Filling up the DagBag from /opt/airflow/dags/daily_revenue_etl_dag.py
[2026-03-17T07:04:43.420+0000] {processor.py:840} INFO - DAG(s) 'daily_revenue_etl_dag' retrieved from /opt/airflow/dags/daily_revenue_etl_dag.py
[2026-03-17T07:04:43.446+0000] {logging_mixin.py:188} INFO - [2026-03-17T07:04:43.446+0000] {dag.py:3036} INFO - Sync 1 DAGs
[2026-03-17T07:04:43.469+0000] {logging_mixin.py:188} INFO - [2026-03-17T07:04:43.468+0000] {dag.py:3823} INFO - Setting next_dagrun for daily_revenue_etl_dag to 2026-03-17 00:00:00+00:00, run_after=2026-03-18 00:00:00+00:00
[2026-03-17T07:04:43.490+0000] {processor.py:183} INFO - Processing /opt/airflow/dags/daily_revenue_etl_dag.py took 0.093 seconds
[2026-03-17T06:41:55.506+0000] {processor.py:161} INFO - Started process (PID=2852) to work on /opt/airflow/dags/daily_revenue_etl_dag.py
[2026-03-17T06:41:55.507+0000] {processor.py:830} INFO - Processing file /opt/airflow/dags/daily_revenue_etl_dag.py for tasks to queue
[2026-03-17T06:41:55.508+0000] {logging_mixin.py:188} INFO - [2026-03-17T06:41:55.508+0000] {dagbag.py:538} INFO - Filling up the DagBag from /opt/airflow/dags/daily_revenue_etl_dag.py
[2026-03-17T06:41:55.528+0000] {processor.py:840} INFO - DAG(s) 'daily_revenue_etl_dag' retrieved from /opt/airflow/dags/daily_revenue_etl_dag.py
[2026-03-17T06:41:55.554+0000] {logging_mixin.py:188} INFO - [2026-03-17T06:41:55.554+0000] {dag.py:3036} INFO - Sync 1 DAGs
[2026-03-17T06:41:55.575+0000] {logging_mixin.py:188} INFO - [2026-03-17T06:41:55.575+0000] {dag.py:3823} INFO - Setting next_dagrun for daily_revenue_etl_dag to 2026-03-17 00:00:00+00:00, run_after=2026-03-18 00:00:00+00:00
[2026-03-17T06:41:55.593+0000] {processor.py:183} INFO - Processing /opt/airflow/dags/daily_revenue_etl_dag.py took 0.090 seconds
[2026-03-17T07:05:22.864+0000] {processor.py:161} INFO - Started process (PID=2857) to work on /opt/airflow/dags/daily_revenue_etl_dag.py
[2026-03-17T07:05:22.865+0000] {processor.py:830} INFO - Processing file /opt/airflow/dags/daily_revenue_etl_dag.py for tasks to queue
[2026-03-17T07:05:22.866+0000] {logging_mixin.py:188} INFO - [2026-03-17T07:05:22.866+0000] {dagbag.py:538} INFO - Filling up the DagBag from /opt/airflow/dags/daily_revenue_etl_dag.py
[2026-03-17T07:05:22.887+0000] {processor.py:840} INFO - DAG(s) 'daily_revenue_etl_dag' retrieved from /opt/airflow/dags/daily_revenue_etl_dag.py
[2026-03-17T07:05:22.915+0000] {logging_mixin.py:188} INFO - [2026-03-17T07:05:22.914+0000] {dag.py:3036} INFO - Sync 1 DAGs
[2026-03-17T07:05:22.939+0000] {logging_mixin.py:188} INFO - [2026-03-17T07:05:22.938+0000] {dag.py:3823} INFO - Setting next_dagrun for daily_revenue_etl_dag to 2026-03-17 00:00:00+00:00, run_after=2026-03-18 00:00:00+00:00
[2026-03-17T06:42:04.758+0000] {processor.py:183} INFO - Processing /opt/airflow/dags/daily_revenue_etl_dag.py took 0.111 seconds
[2026-03-17T06:42:34.897+0000] {processor.py:161} INFO - Started process (PID=2862) to work on /opt/airflow/dags/daily_revenue_etl_dag.py
[2026-03-17T06:42:34.898+0000] {processor.py:830} INFO - Processing file /opt/airflow/dags/daily_revenue_etl_dag.py for tasks to queue
[2026-03-17T06:42:34.899+0000] {logging_mixin.py:188} INFO - [2026-03-17T06:42:34.899+0000] {dagbag.py:538} INFO - Filling up the DagBag from /opt/airflow/dags/daily_revenue_etl_dag.py
[2026-03-17T06:42:34.915+0000] {processor.py:840} INFO - DAG(s) 'daily_revenue_etl_dag' retrieved from /opt/airflow/dags/daily_revenue_etl_dag.py
[2026-03-17T06:42:34.935+0000] {logging_mixin.py:188} INFO - [2026-03-17T06:42:34.935+0000] {dag.py:3036} INFO - Sync 1 DAGs
[2026-03-17T06:42:34.952+0000] {logging_mixin.py:188} INFO - [2026-03-17T06:42:34.952+0000] {dag.py:3823} INFO - Setting next_dagrun for daily_revenue_etl_dag to 2026-03-17 00:00:00+00:00, run_after=2026-03-18 00:00:00+00:00
[2026-03-17T06:42:34.971+0000] {processor.py:183} INFO - Processing /opt/airflow/dags/daily_revenue_etl_dag.py took 0.076 seconds
[2026-03-17T06:43:05.285+0000] {processor.py:161} INFO - Started process (PID=2868) to work on /opt/airflow/dags/daily_revenue_etl_dag.py
[2026-03-17T06:43:05.286+0000] {processor.py:830} INFO - Processing file /opt/airflow/dags/daily_revenue_etl_dag.py for tasks to queue
[2026-03-17T06:43:05.287+0000] {logging_mixin.py:188} INFO - [2026-03-17T06:43:05.287+0000] {dagbag.py:538} INFO - Filling up the DagBag from /opt/airflow/dags/daily_revenue_etl_dag.py
[2026-03-17T06:43:05.302+0000] {processor.py:840} INFO - DAG(s) 'daily_revenue_etl_dag' retrieved from /opt/airflow/dags/daily_revenue_etl_dag.py
[2026-03-17T06:43:05.321+0000] {logging_mixin.py:188} INFO - [2026-03-17T06:43:05.320+0000] {dag.py:3036} INFO - Sync 1 DAGs
[2026-03-17T06:43:05.337+0000] {logging_mixin.py:188} INFO - [2026-03-17T06:43:05.336+0000] {dag.py:3823} INFO - Setting next_dagrun for daily_revenue_etl_dag to 2026-03-17 00:00:00+00:00, run_after=2026-03-18 00:00:00+00:00
[2026-03-17T07:06:23.581+0000] {processor.py:183} INFO - Processing /opt/airflow/dags/daily_revenue_etl_dag.py took 0.083 seconds
[2026-03-17T07:06:53.767+0000] {processor.py:161} INFO - Started process (PID=2873) to work on /opt/airflow/dags/daily_revenue_etl_dag.py
[2026-03-17T07:06:53.768+0000] {processor.py:830} INFO - Processing file /opt/airflow/dags/daily_revenue_etl_dag.py for tasks to queue
[2026-03-17T07:06:53.769+0000] {logging_mixin.py:188} INFO - [2026-03-17T07:06:53.769+0000] {dagbag.py:538} INFO - Filling up the DagBag from /opt/airflow/dags/daily_revenue_etl_dag.py
[2026-03-17T07:06:53.786+0000] {processor.py:840} INFO - DAG(s) 'daily_revenue_etl_dag' retrieved from /opt/airflow/dags/daily_revenue_etl_dag.py
[2026-03-17T06:43:35.739+0000] {logging_mixin.py:188} INFO - [2026-03-17T06:43:35.739+0000] {dag.py:3036} INFO - Sync 1 DAGs
[2026-03-17T06:43:35.757+0000] {logging_mixin.py:188} INFO - [2026-03-17T06:43:35.756+0000] {dag.py:3823} INFO - Setting next_dagrun for daily_revenue_etl_dag to 2026-03-17 00:00:00+00:00, run_after=2026-03-18 00:00:00+00:00
[2026-03-17T06:43:35.776+0000] {processor.py:183} INFO - Processing /opt/airflow/dags/daily_revenue_etl_dag.py took 0.229 seconds
[2026-03-17T07:06:58.840+0000] {processor.py:161} INFO - Started process (PID=2878) to work on /opt/airflow/dags/daily_revenue_etl_dag.py
[2026-03-17T07:06:58.841+0000] {processor.py:830} INFO - Processing file /opt/airflow/dags/daily_revenue_etl_dag.py for tasks to queue
[2026-03-17T07:06:58.843+0000] {logging_mixin.py:188} INFO - [2026-03-17T07:06:58.842+0000] {dagbag.py:538} INFO - Filling up the DagBag from /opt/airflow/dags/daily_revenue_etl_dag.py
[2026-03-17T07:06:58.864+0000] {processor.py:840} INFO - DAG(s) 'daily_revenue_etl_dag' retrieved from /opt/airflow/dags/daily_revenue_etl_dag.py
[2026-03-17T07:06:58.876+0000] {logging_mixin.py:188} INFO - [2026-03-17T07:06:58.876+0000] {dag.py:3036} INFO - Sync 1 DAGs
[2026-03-17T06:43:40.678+0000] {logging_mixin.py:188} INFO - [2026-03-17T06:43:40.678+0000] {dag.py:3823} INFO - Setting next_dagrun for daily_revenue_etl_dag to 2026-03-17 00:00:00+00:00, run_after=2026-03-18 00:00:00+00:00
[2026-03-17T06:43:40.696+0000] {processor.py:183} INFO - Processing /opt/airflow/dags/daily_revenue_etl_dag.py took 0.075 seconds
[2026-03-17T06:43:45.674+0000] {processor.py:161} INFO - Started process (PID=2883) to work on /opt/airflow/dags/daily_revenue_etl_dag.py
[2026-03-17T06:43:45.676+0000] {processor.py:830} INFO - Processing file /opt/airflow/dags/daily_revenue_etl_dag.py for tasks to queue
[2026-03-17T06:43:45.677+0000] {logging_mixin.py:188} INFO - [2026-03-17T06:43:45.676+0000] {dagbag.py:538} INFO - Filling up the DagBag from /opt/airflow/dags/daily_revenue_etl_dag.py
[2026-03-17T06:43:45.700+0000] {processor.py:840} INFO - DAG(s) 'daily_revenue_etl_dag' retrieved from /opt/airflow/dags/daily_revenue_etl_dag.py
[2026-03-17T06:43:45.712+0000] {logging_mixin.py:188} INFO - [2026-03-17T06:43:45.712+0000] {dag.py:3036} INFO - Sync 1 DAGs
[2026-03-17T06:43:45.733+0000] {logging_mixin.py:188} INFO - [2026-03-17T06:43:45.732+0000] {dag.py:3823} INFO - Setting next_dagrun for daily_revenue_etl_dag to 2026-03-17 00:00:00+00:00, run_after=2026-03-18 00:00:00+00:00
[2026-03-17T06:43:45.747+0000] {processor.py:183} INFO - Processing /opt/airflow/dags/daily_revenue_etl_dag.py took 0.077 seconds
[2026-03-17T06:44:15.967+0000] {processor.py:161} INFO - Started process (PID=2888) to work on /opt/airflow/dags/daily_revenue_etl_dag.py
[2026-03-17T06:44:15.968+0000] {processor.py:830} INFO - Processing file /opt/airflow/dags/daily_revenue_etl_dag.py for tasks to queue
[2026-03-17T06:44:15.969+0000] {logging_mixin.py:188} INFO - [2026-03-17T06:44:15.969+0000] {dagbag.py:538} INFO - Filling up the DagBag from /opt/airflow/dags/daily_revenue_etl_dag.py
[2026-03-17T06:44:15.995+0000] {processor.py:840} INFO - DAG(s) 'daily_revenue_etl_dag' retrieved from /opt/airflow/dags/daily_revenue_etl_dag.py
[2026-03-17T06:44:16.010+0000] {logging_mixin.py:188} INFO - [2026-03-17T06:44:16.010+0000] {dag.py:3036} INFO - Sync 1 DAGs
[2026-03-17T06:44:16.035+0000] {logging_mixin.py:188} INFO - [2026-03-17T06:44:16.035+0000] {dag.py:3823} INFO - Setting next_dagrun for daily_revenue_etl_dag to 2026-03-17 00:00:00+00:00, run_after=2026-03-18 00:00:00+00:00
[2026-03-17T06:44:16.054+0000] {processor.py:183} INFO - Processing /opt/airflow/dags/daily_revenue_etl_dag.py took 0.091 seconds
[2026-03-17T06:44:46.185+0000] {processor.py:161} INFO - Started process (PID=2893) to work on /opt/airflow/dags/daily_revenue_etl_dag.py
[2026-03-17T06:44:46.186+0000] {processor.py:830} INFO - Processing file /opt/airflow/dags/daily_revenue_etl_dag.py for tasks to queue
[2026-03-17T06:44:46.187+0000] {logging_mixin.py:188} INFO - [2026-03-17T06:44:46.187+0000] {dagbag.py:538} INFO - Filling up the DagBag from /opt/airflow/dags/daily_revenue_etl_dag.py
[2026-03-17T06:44:46.207+0000] {processor.py:840} INFO - DAG(s) 'daily_revenue_etl_dag' retrieved from /opt/airflow/dags/daily_revenue_etl_dag.py
[2026-03-17T06:44:46.221+0000] {logging_mixin.py:188} INFO - [2026-03-17T06:44:46.221+0000] {dag.py:3036} INFO - Sync 1 DAGs
[2026-03-17T06:44:46.241+0000] {logging_mixin.py:188} INFO - [2026-03-17T06:44:46.241+0000] {dag.py:3823} INFO - Setting next_dagrun for daily_revenue_etl_dag to 2026-03-17 00:00:00+00:00, run_after=2026-03-18 00:00:00+00:00
[2026-03-17T06:44:46.261+0000] {processor.py:183} INFO - Processing /opt/airflow/dags/daily_revenue_etl_dag.py took 0.079 seconds
[2026-03-17T06:45:16.470+0000] {processor.py:161} INFO - Started process (PID=2898) to work on /opt/airflow/dags/daily_revenue_etl_dag.py
[2026-03-17T06:45:16.471+0000] {processor.py:830} INFO - Processing file /opt/airflow/dags/daily_revenue_etl_dag.py for tasks to queue
[2026-03-17T06:45:16.472+0000] {logging_mixin.py:188} INFO - [2026-03-17T06:45:16.472+0000] {dagbag.py:538} INFO - Filling up the DagBag from /opt/airflow/dags/daily_revenue_etl_dag.py
[2026-03-17T06:45:16.490+0000] {processor.py:840} INFO - DAG(s) 'daily_revenue_etl_dag' retrieved from /opt/airflow/dags/daily_revenue_etl_dag.py
[2026-03-17T06:45:16.500+0000] {logging_mixin.py:188} INFO - [2026-03-17T06:45:16.500+0000] {dag.py:3036} INFO - Sync 1 DAGs
[2026-03-17T06:45:16.517+0000] {logging_mixin.py:188} INFO - [2026-03-17T06:45:16.516+0000] {dag.py:3823} INFO - Setting next_dagrun for daily_revenue_etl_dag to 2026-03-17 00:00:00+00:00, run_after=2026-03-18 00:00:00+00:00
[2026-03-17T06:45:16.533+0000] {processor.py:183} INFO - Processing /opt/airflow/dags/daily_revenue_etl_dag.py took 0.066 seconds
[2026-03-17T07:08:38.862+0000] {processor.py:161} INFO - Started process (PID=2903) to work on /opt/airflow/dags/daily_revenue_etl_dag.py
[2026-03-17T07:08:38.864+0000] {processor.py:830} INFO - Processing file /opt/airflow/dags/daily_revenue_etl_dag.py for tasks to queue
[2026-03-17T07:08:38.865+0000] {logging_mixin.py:188} INFO - [2026-03-17T07:08:38.865+0000] {dagbag.py:538} INFO - Filling up the DagBag from /opt/airflow/dags/daily_revenue_etl_dag.py
[2026-03-17T07:08:38.883+0000] {processor.py:840} INFO - DAG(s) 'daily_revenue_etl_dag' retrieved from /opt/airflow/dags/daily_revenue_etl_dag.py
[2026-03-17T07:08:38.909+0000] {logging_mixin.py:188} INFO - [2026-03-17T07:08:38.909+0000] {dag.py:3036} INFO - Sync 1 DAGs
[2026-03-17T07:08:38.930+0000] {logging_mixin.py:188} INFO - [2026-03-17T07:08:38.929+0000] {dag.py:3823} INFO - Setting next_dagrun for daily_revenue_etl_dag to 2026-03-17 00:00:00+00:00, run_after=2026-03-18 00:00:00+00:00
[2026-03-17T07:08:38.951+0000] {processor.py:183} INFO - Processing /opt/airflow/dags/daily_revenue_etl_dag.py took 0.092 seconds
[2026-03-17T07:09:09.123+0000] {processor.py:161} INFO - Started process (PID=2908) to work on /opt/airflow/dags/daily_revenue_etl_dag.py
[2026-03-17T06:45:50.878+0000] {processor.py:830} INFO - Processing file /opt/airflow/dags/daily_revenue_etl_dag.py for tasks to queue
[2026-03-17T06:45:50.879+0000] {logging_mixin.py:188} INFO - [2026-03-17T06:45:50.878+0000] {dagbag.py:538} INFO - Filling up the DagBag from /opt/airflow/dags/daily_revenue_etl_dag.py
[2026-03-17T06:45:50.901+0000] {processor.py:840} INFO - DAG(s) 'daily_revenue_etl_dag' retrieved from /opt/airflow/dags/daily_revenue_etl_dag.py
[2026-03-17T06:45:50.919+0000] {logging_mixin.py:188} INFO - [2026-03-17T06:45:50.918+0000] {dag.py:3036} INFO - Sync 1 DAGs
[2026-03-17T06:45:50.945+0000] {logging_mixin.py:188} INFO - [2026-03-17T06:45:50.945+0000] {dag.py:3823} INFO - Setting next_dagrun for daily_revenue_etl_dag to 2026-03-17 00:00:00+00:00, run_after=2026-03-18 00:00:00+00:00
[2026-03-17T06:45:50.969+0000] {processor.py:183} INFO - Processing /opt/airflow/dags/daily_revenue_etl_dag.py took 0.096 seconds
[2026-03-17T06:46:21.222+0000] {processor.py:161} INFO - Started process (PID=2913) to work on /opt/airflow/dags/daily_revenue_etl_dag.py
[2026-03-17T06:46:21.224+0000] {processor.py:830} INFO - Processing file /opt/airflow/dags/daily_revenue_etl_dag.py for tasks to queue
[2026-03-17T06:46:21.226+0000] {logging_mixin.py:188} INFO - [2026-03-17T06:46:21.225+0000] {dagbag.py:538} INFO - Filling up the DagBag from /opt/airflow/dags/daily_revenue_etl_dag.py
[2026-03-17T06:46:21.259+0000] {processor.py:840} INFO - DAG(s) 'daily_revenue_etl_dag' retrieved from /opt/airflow/dags/daily_revenue_etl_dag.py
[2026-03-17T06:46:21.278+0000] {logging_mixin.py:188} INFO - [2026-03-17T06:46:21.277+0000] {dag.py:3036} INFO - Sync 1 DAGs
[2026-03-17T06:46:21.309+0000] {logging_mixin.py:188} INFO - [2026-03-17T06:46:21.308+0000] {dag.py:3823} INFO - Setting next_dagrun for daily_revenue_etl_dag to 2026-03-17 00:00:00+00:00, run_after=2026-03-18 00:00:00+00:00
[2026-03-17T06:46:21.337+0000] {processor.py:183} INFO - Processing /opt/airflow/dags/daily_revenue_etl_dag.py took 0.119 seconds
[2026-03-17T07:13:29.694+0000] {processor.py:161} INFO - Started process (PID=176) to work on /opt/airflow/dags/daily_revenue_etl_dag.py
[2026-03-17T07:13:29.695+0000] {processor.py:830} INFO - Processing file /opt/airflow/dags/daily_revenue_etl_dag.py for tasks to queue
[2026-03-17T07:13:29.696+0000] {logging_mixin.py:188} INFO - [2026-03-17T07:13:29.696+0000] {dagbag.py:538} INFO - Filling up the DagBag from /opt/airflow/dags/daily_revenue_etl_dag.py
[2026-03-17T07:13:29.728+0000] {processor.py:840} INFO - DAG(s) 'daily_revenue_etl_dag' retrieved from /opt/airflow/dags/daily_revenue_etl_dag.py
[2026-03-17T07:13:29.786+0000] {logging_mixin.py:188} INFO - [2026-03-17T07:13:29.786+0000] {dag.py:3036} INFO - Sync 1 DAGs
[2026-03-17T07:13:29.815+0000] {logging_mixin.py:188} INFO - [2026-03-17T07:13:29.815+0000] {dag.py:3823} INFO - Setting next_dagrun for daily_revenue_etl_dag to 2026-03-17 00:00:00+00:00, run_after=2026-03-18 00:00:00+00:00
[2026-03-17T07:13:29.837+0000] {processor.py:183} INFO - Processing /opt/airflow/dags/daily_revenue_etl_dag.py took 0.146 seconds
[2026-03-17T07:36:51.567+0000] {processor.py:161} INFO - Started process (PID=181) to work on /opt/airflow/dags/daily_revenue_etl_dag.py
[2026-03-17T07:36:51.569+0000] {processor.py:830} INFO - Processing file /opt/airflow/dags/daily_revenue_etl_dag.py for tasks to queue
[2026-03-17T07:36:51.570+0000] {logging_mixin.py:188} INFO - [2026-03-17T07:36:51.570+0000] {dagbag.py:538} INFO - Filling up the DagBag from /opt/airflow/dags/daily_revenue_etl_dag.py
[2026-03-17T07:36:51.595+0000] {processor.py:840} INFO - DAG(s) 'daily_revenue_etl_dag' retrieved from /opt/airflow/dags/daily_revenue_etl_dag.py
[2026-03-17T07:36:51.632+0000] {logging_mixin.py:188} INFO - [2026-03-17T07:36:51.632+0000] {dag.py:3036} INFO - Sync 1 DAGs
[2026-03-17T07:36:51.659+0000] {logging_mixin.py:188} INFO - [2026-03-17T07:36:51.659+0000] {dag.py:3823} INFO - Setting next_dagrun for daily_revenue_etl_dag to 2026-03-17 00:00:00+00:00, run_after=2026-03-18 00:00:00+00:00
[2026-03-17T07:36:51.681+0000] {processor.py:183} INFO - Processing /opt/airflow/dags/daily_revenue_etl_dag.py took 0.119 seconds
[2026-03-17T07:36:56.739+0000] {processor.py:161} INFO - Started process (PID=186) to work on /opt/airflow/dags/daily_revenue_etl_dag.py
[2026-03-17T07:36:56.741+0000] {processor.py:830} INFO - Processing file /opt/airflow/dags/daily_revenue_etl_dag.py for tasks to queue
[2026-03-17T07:36:56.743+0000] {logging_mixin.py:188} INFO - [2026-03-17T07:36:56.742+0000] {dagbag.py:538} INFO - Filling up the DagBag from /opt/airflow/dags/daily_revenue_etl_dag.py
[2026-03-17T07:36:56.776+0000] {processor.py:840} INFO - DAG(s) 'daily_revenue_etl_dag' retrieved from /opt/airflow/dags/daily_revenue_etl_dag.py
[2026-03-17T07:36:56.821+0000] {logging_mixin.py:188} INFO - [2026-03-17T07:36:56.821+0000] {dag.py:3036} INFO - Sync 1 DAGs
[2026-03-17T07:13:39.044+0000] {logging_mixin.py:188} INFO - [2026-03-17T07:13:39.043+0000] {dag.py:3823} INFO - Setting next_dagrun for daily_revenue_etl_dag to 2026-03-17 00:00:00+00:00, run_after=2026-03-18 00:00:00+00:00
[2026-03-17T07:13:39.080+0000] {processor.py:183} INFO - Processing /opt/airflow/dags/daily_revenue_etl_dag.py took 0.168 seconds
[2026-03-17T07:14:09.195+0000] {processor.py:161} INFO - Started process (PID=193) to work on /opt/airflow/dags/daily_revenue_etl_dag.py
[2026-03-17T07:14:09.196+0000] {processor.py:830} INFO - Processing file /opt/airflow/dags/daily_revenue_etl_dag.py for tasks to queue
[2026-03-17T07:14:09.197+0000] {logging_mixin.py:188} INFO - [2026-03-17T07:14:09.197+0000] {dagbag.py:538} INFO - Filling up the DagBag from /opt/airflow/dags/daily_revenue_etl_dag.py
[2026-03-17T07:14:09.215+0000] {processor.py:840} INFO - DAG(s) 'daily_revenue_etl_dag' retrieved from /opt/airflow/dags/daily_revenue_etl_dag.py
[2026-03-17T07:14:09.239+0000] {logging_mixin.py:188} INFO - [2026-03-17T07:14:09.239+0000] {dag.py:3036} INFO - Sync 1 DAGs
[2026-03-17T07:14:09.261+0000] {logging_mixin.py:188} INFO - [2026-03-17T07:14:09.260+0000] {dag.py:3823} INFO - Setting next_dagrun for daily_revenue_etl_dag to 2026-03-17 00:00:00+00:00, run_after=2026-03-18 00:00:00+00:00
[2026-03-17T07:14:09.288+0000] {processor.py:183} INFO - Processing /opt/airflow/dags/daily_revenue_etl_dag.py took 0.097 seconds
[2026-03-17T07:37:30.147+0000] {processor.py:161} INFO - Started process (PID=198) to work on /opt/airflow/dags/daily_revenue_etl_dag.py
[2026-03-17T07:37:30.148+0000] {processor.py:830} INFO - Processing file /opt/airflow/dags/daily_revenue_etl_dag.py for tasks to queue
[2026-03-17T07:37:30.149+0000] {logging_mixin.py:188} INFO - [2026-03-17T07:37:30.149+0000] {dagbag.py:538} INFO - Filling up the DagBag from /opt/airflow/dags/daily_revenue_etl_dag.py
[2026-03-17T07:37:30.167+0000] {processor.py:840} INFO - DAG(s) 'daily_revenue_etl_dag' retrieved from /opt/airflow/dags/daily_revenue_etl_dag.py
[2026-03-17T07:37:30.192+0000] {logging_mixin.py:188} INFO - [2026-03-17T07:37:30.191+0000] {dag.py:3036} INFO - Sync 1 DAGs
[2026-03-17T07:37:30.212+0000] {logging_mixin.py:188} INFO - [2026-03-17T07:37:30.211+0000] {dag.py:3823} INFO - Setting next_dagrun for daily_revenue_etl_dag to 2026-03-17 00:00:00+00:00, run_after=2026-03-18 00:00:00+00:00
[2026-03-17T07:37:30.228+0000] {processor.py:183} INFO - Processing /opt/airflow/dags/daily_revenue_etl_dag.py took 0.085 seconds
[2026-03-17T07:38:11.549+0000] {processor.py:161} INFO - Started process (PID=203) to work on /opt/airflow/dags/daily_revenue_etl_dag.py
[2026-03-17T07:38:11.550+0000] {processor.py:830} INFO - Processing file /opt/airflow/dags/daily_revenue_etl_dag.py for tasks to queue
[2026-03-17T07:38:11.551+0000] {logging_mixin.py:188} INFO - [2026-03-17T07:38:11.551+0000] {dagbag.py:538} INFO - Filling up the DagBag from /opt/airflow/dags/daily_revenue_etl_dag.py
[2026-03-17T07:38:11.570+0000] {processor.py:840} INFO - DAG(s) 'daily_revenue_etl_dag' retrieved from /opt/airflow/dags/daily_revenue_etl_dag.py
[2026-03-17T07:38:11.594+0000] {logging_mixin.py:188} INFO - [2026-03-17T07:38:11.594+0000] {dag.py:3036} INFO - Sync 1 DAGs
[2026-03-17T07:38:11.616+0000] {logging_mixin.py:188} INFO - [2026-03-17T07:38:11.616+0000] {dag.py:3823} INFO - Setting next_dagrun for daily_revenue_etl_dag to 2026-03-17 00:00:00+00:00, run_after=2026-03-18 00:00:00+00:00
[2026-03-17T07:38:11.631+0000] {processor.py:183} INFO - Processing /opt/airflow/dags/daily_revenue_etl_dag.py took 0.085 seconds
[2026-03-17T07:15:24.036+0000] {processor.py:161} INFO - Started process (PID=208) to work on /opt/airflow/dags/daily_revenue_etl_dag.py
[2026-03-17T07:15:24.038+0000] {processor.py:830} INFO - Processing file /opt/airflow/dags/daily_revenue_etl_dag.py for tasks to queue
[2026-03-17T07:15:24.038+0000] {logging_mixin.py:188} INFO - [2026-03-17T07:15:24.038+0000] {dagbag.py:538} INFO - Filling up the DagBag from /opt/airflow/dags/daily_revenue_etl_dag.py
[2026-03-17T07:15:24.057+0000] {processor.py:840} INFO - DAG(s) 'daily_revenue_etl_dag' retrieved from /opt/airflow/dags/daily_revenue_etl_dag.py
[2026-03-17T07:15:24.078+0000] {logging_mixin.py:188} INFO - [2026-03-17T07:15:24.078+0000] {dag.py:3036} INFO - Sync 1 DAGs
[2026-03-17T07:15:24.097+0000] {logging_mixin.py:188} INFO - [2026-03-17T07:15:24.097+0000] {dag.py:3823} INFO - Setting next_dagrun for daily_revenue_etl_dag to 2026-03-17 00:00:00+00:00, run_after=2026-03-18 00:00:00+00:00
[2026-03-17T07:15:24.115+0000] {processor.py:183} INFO - Processing /opt/airflow/dags/daily_revenue_etl_dag.py took 0.082 seconds
[2026-03-17T07:15:54.313+0000] {processor.py:161} INFO - Started process (PID=213) to work on /opt/airflow/dags/daily_revenue_etl_dag.py
[2026-03-17T07:15:54.314+0000] {processor.py:830} INFO - Processing file /opt/airflow/dags/daily_revenue_etl_dag.py for tasks to queue
[2026-03-17T07:15:54.315+0000] {logging_mixin.py:188} INFO - [2026-03-17T07:15:54.315+0000] {dagbag.py:538} INFO - Filling up the DagBag from /opt/airflow/dags/daily_revenue_etl_dag.py
[2026-03-17T07:15:54.337+0000] {processor.py:840} INFO - DAG(s) 'daily_revenue_etl_dag' retrieved from /opt/airflow/dags/daily_revenue_etl_dag.py
[2026-03-17T07:15:54.367+0000] {logging_mixin.py:188} INFO - [2026-03-17T07:15:54.367+0000] {dag.py:3036} INFO - Sync 1 DAGs
[2026-03-17T07:15:54.385+0000] {logging_mixin.py:188} INFO - [2026-03-17T07:15:54.385+0000] {dag.py:3823} INFO - Setting next_dagrun for daily_revenue_etl_dag to 2026-03-17 00:00:00+00:00, run_after=2026-03-18 00:00:00+00:00
[2026-03-17T07:15:54.402+0000] {processor.py:183} INFO - Processing /opt/airflow/dags/daily_revenue_etl_dag.py took 0.093 seconds
[2026-03-17T07:39:27.256+0000] {processor.py:161} INFO - Started process (PID=218) to work on /opt/airflow/dags/daily_revenue_etl_dag.py
[2026-03-17T07:39:27.258+0000] {processor.py:830} INFO - Processing file /opt/airflow/dags/daily_revenue_etl_dag.py for tasks to queue
[2026-03-17T07:39:27.259+0000] {logging_mixin.py:188} INFO - [2026-03-17T07:39:27.259+0000] {dagbag.py:538} INFO - Filling up the DagBag from /opt/airflow/dags/daily_revenue_etl_dag.py
[2026-03-17T07:39:27.281+0000] {processor.py:840} INFO - DAG(s) 'daily_revenue_etl_dag' retrieved from /opt/airflow/dags/daily_revenue_etl_dag.py
[2026-03-17T07:39:27.311+0000] {logging_mixin.py:188} INFO - [2026-03-17T07:39:27.311+0000] {dag.py:3036} INFO - Sync 1 DAGs
[2026-03-17T07:39:27.334+0000] {logging_mixin.py:188} INFO - [2026-03-17T07:39:27.334+0000] {dag.py:3823} INFO - Setting next_dagrun for daily_revenue_etl_dag to 2026-03-17 00:00:00+00:00, run_after=2026-03-18 00:00:00+00:00
[2026-03-17T07:39:27.359+0000] {processor.py:183} INFO - Processing /opt/airflow/dags/daily_revenue_etl_dag.py took 0.106 seconds
[2026-03-17T07:40:06.704+0000] {processor.py:161} INFO - Started process (PID=227) to work on /opt/airflow/dags/daily_revenue_etl_dag.py
[2026-03-17T07:40:06.705+0000] {processor.py:830} INFO - Processing file /opt/airflow/dags/daily_revenue_etl_dag.py for tasks to queue
[2026-03-17T07:40:06.706+0000] {logging_mixin.py:188} INFO - [2026-03-17T07:40:06.706+0000] {dagbag.py:538} INFO - Filling up the DagBag from /opt/airflow/dags/daily_revenue_etl_dag.py
[2026-03-17T07:40:06.724+0000] {processor.py:840} INFO - DAG(s) 'daily_revenue_etl_dag' retrieved from /opt/airflow/dags/daily_revenue_etl_dag.py
[2026-03-17T07:40:06.746+0000] {logging_mixin.py:188} INFO - [2026-03-17T07:40:06.746+0000] {dag.py:3036} INFO - Sync 1 DAGs
[2026-03-17T07:40:06.764+0000] {logging_mixin.py:188} INFO - [2026-03-17T07:40:06.764+0000] {dag.py:3823} INFO - Setting next_dagrun for daily_revenue_etl_dag to 2026-03-17 00:00:00+00:00, run_after=2026-03-18 00:00:00+00:00
[2026-03-17T07:40:06.790+0000] {processor.py:183} INFO - Processing /opt/airflow/dags/daily_revenue_etl_dag.py took 0.089 seconds
[2026-03-17T07:17:19.210+0000] {processor.py:161} INFO - Started process (PID=232) to work on /opt/airflow/dags/daily_revenue_etl_dag.py
[2026-03-17T07:17:19.211+0000] {processor.py:830} INFO - Processing file /opt/airflow/dags/daily_revenue_etl_dag.py for tasks to queue
[2026-03-17T07:17:19.212+0000] {logging_mixin.py:188} INFO - [2026-03-17T07:17:19.212+0000] {dagbag.py:538} INFO - Filling up the DagBag from /opt/airflow/dags/daily_revenue_etl_dag.py
[2026-03-17T07:17:19.230+0000] {processor.py:840} INFO - DAG(s) 'daily_revenue_etl_dag' retrieved from /opt/airflow/dags/daily_revenue_etl_dag.py
[2026-03-17T07:17:19.252+0000] {logging_mixin.py:188} INFO - [2026-03-17T07:17:19.252+0000] {dag.py:3036} INFO - Sync 1 DAGs
[2026-03-17T07:17:19.274+0000] {logging_mixin.py:188} INFO - [2026-03-17T07:17:19.273+0000] {dag.py:3823} INFO - Setting next_dagrun for daily_revenue_etl_dag to 2026-03-17 00:00:00+00:00, run_after=2026-03-18 00:00:00+00:00
[2026-03-17T07:17:19.293+0000] {processor.py:183} INFO - Processing /opt/airflow/dags/daily_revenue_etl_dag.py took 0.087 seconds
[2026-03-17T07:41:00.240+0000] {processor.py:161} INFO - Started process (PID=237) to work on /opt/airflow/dags/daily_revenue_etl_dag.py
[2026-03-17T07:41:00.241+0000] {processor.py:830} INFO - Processing file /opt/airflow/dags/daily_revenue_etl_dag.py for tasks to queue
[2026-03-17T07:41:00.242+0000] {logging_mixin.py:188} INFO - [2026-03-17T07:41:00.242+0000] {dagbag.py:538} INFO - Filling up the DagBag from /opt/airflow/dags/daily_revenue_etl_dag.py
[2026-03-17T07:41:00.262+0000] {processor.py:840} INFO - DAG(s) 'daily_revenue_etl_dag' retrieved from /opt/airflow/dags/daily_revenue_etl_dag.py
[2026-03-17T07:41:00.295+0000] {logging_mixin.py:188} INFO - [2026-03-17T07:41:00.294+0000] {dag.py:3036} INFO - Sync 1 DAGs
[2026-03-17T07:41:00.321+0000] {logging_mixin.py:188} INFO - [2026-03-17T07:41:00.320+0000] {dag.py:3823} INFO - Setting next_dagrun for daily_revenue_etl_dag to 2026-03-17 00:00:00+00:00, run_after=2026-03-18 00:00:00+00:00
[2026-03-17T07:41:00.341+0000] {processor.py:183} INFO - Processing /opt/airflow/dags/daily_revenue_etl_dag.py took 0.106 seconds
[2026-03-17T07:41:57.817+0000] {processor.py:161} INFO - Started process (PID=243) to work on /opt/airflow/dags/daily_revenue_etl_dag.py
[2026-03-17T07:41:57.819+0000] {processor.py:830} INFO - Processing file /opt/airflow/dags/daily_revenue_etl_dag.py for tasks to queue
[2026-03-17T07:41:57.822+0000] {logging_mixin.py:188} INFO - [2026-03-17T07:41:57.821+0000] {dagbag.py:538} INFO - Filling up the DagBag from /opt/airflow/dags/daily_revenue_etl_dag.py
[2026-03-17T07:41:57.866+0000] {processor.py:840} INFO - DAG(s) 'daily_revenue_etl_dag' retrieved from /opt/airflow/dags/daily_revenue_etl_dag.py
[2026-03-17T07:41:57.928+0000] {logging_mixin.py:188} INFO - [2026-03-17T07:41:57.928+0000] {dag.py:3036} INFO - Sync 1 DAGs
[2026-03-17T07:41:57.974+0000] {logging_mixin.py:188} INFO - [2026-03-17T07:41:57.974+0000] {dag.py:3823} INFO - Setting next_dagrun for daily_revenue_etl_dag to 2026-03-17 00:00:00+00:00, run_after=2026-03-18 00:00:00+00:00
[2026-03-17T07:41:58.016+0000] {processor.py:183} INFO - Processing /opt/airflow/dags/daily_revenue_etl_dag.py took 0.205 seconds
[2026-03-17T07:42:30.290+0000] {processor.py:161} INFO - Started process (PID=248) to work on /opt/airflow/dags/daily_revenue_etl_dag.py
[2026-03-17T07:42:30.291+0000] {processor.py:830} INFO - Processing file /opt/airflow/dags/daily_revenue_etl_dag.py for tasks to queue
[2026-03-17T07:42:30.292+0000] {logging_mixin.py:188} INFO - [2026-03-17T07:42:30.292+0000] {dagbag.py:538} INFO - Filling up the DagBag from /opt/airflow/dags/daily_revenue_etl_dag.py
[2026-03-17T07:42:30.312+0000] {processor.py:840} INFO - DAG(s) 'daily_revenue_etl_dag' retrieved from /opt/airflow/dags/daily_revenue_etl_dag.py
[2026-03-17T07:42:30.338+0000] {logging_mixin.py:188} INFO - [2026-03-17T07:42:30.338+0000] {dag.py:3036} INFO - Sync 1 DAGs
[2026-03-17T07:42:30.359+0000] {logging_mixin.py:188} INFO - [2026-03-17T07:42:30.359+0000] {dag.py:3823} INFO - Setting next_dagrun for daily_revenue_etl_dag to 2026-03-17 00:00:00+00:00, run_after=2026-03-18 00:00:00+00:00
[2026-03-17T07:42:30.375+0000] {processor.py:183} INFO - Processing /opt/airflow/dags/daily_revenue_etl_dag.py took 0.089 seconds
[2026-03-17T07:43:17.709+0000] {processor.py:161} INFO - Started process (PID=253) to work on /opt/airflow/dags/daily_revenue_etl_dag.py
[2026-03-17T07:43:17.711+0000] {processor.py:830} INFO - Processing file /opt/airflow/dags/daily_revenue_etl_dag.py for tasks to queue
[2026-03-17T07:43:17.712+0000] {logging_mixin.py:188} INFO - [2026-03-17T07:43:17.712+0000] {dagbag.py:538} INFO - Filling up the DagBag from /opt/airflow/dags/daily_revenue_etl_dag.py
[2026-03-17T07:43:17.738+0000] {processor.py:840} INFO - DAG(s) 'daily_revenue_etl_dag' retrieved from /opt/airflow/dags/daily_revenue_etl_dag.py
[2026-03-17T07:43:17.781+0000] {logging_mixin.py:188} INFO - [2026-03-17T07:43:17.781+0000] {dag.py:3036} INFO - Sync 1 DAGs
[2026-03-17T07:43:17.818+0000] {logging_mixin.py:188} INFO - [2026-03-17T07:43:17.818+0000] {dag.py:3823} INFO - Setting next_dagrun for daily_revenue_etl_dag to 2026-03-17 00:00:00+00:00, run_after=2026-03-18 00:00:00+00:00
[2026-03-17T07:43:17.854+0000] {processor.py:183} INFO - Processing /opt/airflow/dags/daily_revenue_etl_dag.py took 0.149 seconds
[2026-03-17T07:43:52.109+0000] {processor.py:161} INFO - Started process (PID=258) to work on /opt/airflow/dags/daily_revenue_etl_dag.py
[2026-03-17T07:43:52.111+0000] {processor.py:830} INFO - Processing file /opt/airflow/dags/daily_revenue_etl_dag.py for tasks to queue
[2026-03-17T07:43:52.112+0000] {logging_mixin.py:188} INFO - [2026-03-17T07:43:52.112+0000] {dagbag.py:538} INFO - Filling up the DagBag from /opt/airflow/dags/daily_revenue_etl_dag.py
[2026-03-17T07:43:52.137+0000] {processor.py:840} INFO - DAG(s) 'daily_revenue_etl_dag' retrieved from /opt/airflow/dags/daily_revenue_etl_dag.py
[2026-03-17T07:43:52.167+0000] {logging_mixin.py:188} INFO - [2026-03-17T07:43:52.167+0000] {dag.py:3036} INFO - Sync 1 DAGs
[2026-03-17T07:43:52.190+0000] {logging_mixin.py:188} INFO - [2026-03-17T07:43:52.190+0000] {dag.py:3823} INFO - Setting next_dagrun for daily_revenue_etl_dag to 2026-03-17 00:00:00+00:00, run_after=2026-03-18 00:00:00+00:00
[2026-03-17T07:43:52.213+0000] {processor.py:183} INFO - Processing /opt/airflow/dags/daily_revenue_etl_dag.py took 0.109 seconds
[2026-03-17T07:44:30.437+0000] {processor.py:161} INFO - Started process (PID=264) to work on /opt/airflow/dags/daily_revenue_etl_dag.py
[2026-03-17T07:21:12.649+0000] {processor.py:830} INFO - Processing file /opt/airflow/dags/daily_revenue_etl_dag.py for tasks to queue
[2026-03-17T07:21:12.651+0000] {logging_mixin.py:188} INFO - [2026-03-17T07:21:12.650+0000] {dagbag.py:538} INFO - Filling up the DagBag from /opt/airflow/dags/daily_revenue_etl_dag.py
[2026-03-17T07:21:12.676+0000] {processor.py:840} INFO - DAG(s) 'daily_revenue_etl_dag' retrieved from /opt/airflow/dags/daily_revenue_etl_dag.py
[2026-03-17T07:21:12.709+0000] {logging_mixin.py:188} INFO - [2026-03-17T07:21:12.708+0000] {dag.py:3036} INFO - Sync 1 DAGs
[2026-03-17T07:21:12.732+0000] {logging_mixin.py:188} INFO - [2026-03-17T07:21:12.732+0000] {dag.py:3823} INFO - Setting next_dagrun for daily_revenue_etl_dag to 2026-03-17 00:00:00+00:00, run_after=2026-03-18 00:00:00+00:00
[2026-03-17T07:21:12.756+0000] {processor.py:183} INFO - Processing /opt/airflow/dags/daily_revenue_etl_dag.py took 0.113 seconds
[2026-03-17T07:21:42.898+0000] {processor.py:161} INFO - Started process (PID=269) to work on /opt/airflow/dags/daily_revenue_etl_dag.py
[2026-03-17T07:21:42.901+0000] {processor.py:830} INFO - Processing file /opt/airflow/dags/daily_revenue_etl_dag.py for tasks to queue
[2026-03-17T07:21:42.902+0000] {logging_mixin.py:188} INFO - [2026-03-17T07:21:42.902+0000] {dagbag.py:538} INFO - Filling up the DagBag from /opt/airflow/dags/daily_revenue_etl_dag.py
[2026-03-17T07:21:42.939+0000] {processor.py:840} INFO - DAG(s) 'daily_revenue_etl_dag' retrieved from /opt/airflow/dags/daily_revenue_etl_dag.py
[2026-03-17T07:21:42.973+0000] {logging_mixin.py:188} INFO - [2026-03-17T07:21:42.972+0000] {dag.py:3036} INFO - Sync 1 DAGs
[2026-03-17T07:21:42.997+0000] {logging_mixin.py:188} INFO - [2026-03-17T07:21:42.997+0000] {dag.py:3823} INFO - Setting next_dagrun for daily_revenue_etl_dag to 2026-03-17 00:00:00+00:00, run_after=2026-03-18 00:00:00+00:00
[2026-03-17T07:21:43.016+0000] {processor.py:183} INFO - Processing /opt/airflow/dags/daily_revenue_etl_dag.py took 0.124 seconds
[2026-03-17T07:22:13.177+0000] {processor.py:161} INFO - Started process (PID=274) to work on /opt/airflow/dags/daily_revenue_etl_dag.py
[2026-03-17T07:22:13.178+0000] {processor.py:830} INFO - Processing file /opt/airflow/dags/daily_revenue_etl_dag.py for tasks to queue
[2026-03-17T07:22:13.179+0000] {logging_mixin.py:188} INFO - [2026-03-17T07:22:13.178+0000] {dagbag.py:538} INFO - Filling up the DagBag from /opt/airflow/dags/daily_revenue_etl_dag.py
[2026-03-17T07:22:13.196+0000] {processor.py:840} INFO - DAG(s) 'daily_revenue_etl_dag' retrieved from /opt/airflow/dags/daily_revenue_etl_dag.py
[2026-03-17T07:22:13.218+0000] {logging_mixin.py:188} INFO - [2026-03-17T07:22:13.218+0000] {dag.py:3036} INFO - Sync 1 DAGs
[2026-03-17T07:22:13.235+0000] {logging_mixin.py:188} INFO - [2026-03-17T07:22:13.235+0000] {dag.py:3823} INFO - Setting next_dagrun for daily_revenue_etl_dag to 2026-03-17 00:00:00+00:00, run_after=2026-03-18 00:00:00+00:00
[2026-03-17T07:22:13.262+0000] {processor.py:183} INFO - Processing /opt/airflow/dags/daily_revenue_etl_dag.py took 0.088 seconds
[2026-03-17T07:45:47.200+0000] {processor.py:161} INFO - Started process (PID=279) to work on /opt/airflow/dags/daily_revenue_etl_dag.py
[2026-03-17T07:45:47.203+0000] {processor.py:830} INFO - Processing file /opt/airflow/dags/daily_revenue_etl_dag.py for tasks to queue
[2026-03-17T07:45:47.206+0000] {logging_mixin.py:188} INFO - [2026-03-17T07:45:47.205+0000] {dagbag.py:538} INFO - Filling up the DagBag from /opt/airflow/dags/daily_revenue_etl_dag.py
[2026-03-17T07:45:47.232+0000] {processor.py:840} INFO - DAG(s) 'daily_revenue_etl_dag' retrieved from /opt/airflow/dags/daily_revenue_etl_dag.py
[2026-03-17T07:45:47.261+0000] {logging_mixin.py:188} INFO - [2026-03-17T07:45:47.261+0000] {dag.py:3036} INFO - Sync 1 DAGs
[2026-03-17T07:45:47.280+0000] {logging_mixin.py:188} INFO - [2026-03-17T07:45:47.280+0000] {dag.py:3823} INFO - Setting next_dagrun for daily_revenue_etl_dag to 2026-03-17 00:00:00+00:00, run_after=2026-03-18 00:00:00+00:00
[2026-03-17T07:45:47.298+0000] {processor.py:183} INFO - Processing /opt/airflow/dags/daily_revenue_etl_dag.py took 0.104 seconds
[2026-03-17T07:46:17.410+0000] {processor.py:161} INFO - Started process (PID=284) to work on /opt/airflow/dags/daily_revenue_etl_dag.py
[2026-03-17T07:46:17.412+0000] {processor.py:830} INFO - Processing file /opt/airflow/dags/daily_revenue_etl_dag.py for tasks to queue
[2026-03-17T07:46:17.413+0000] {logging_mixin.py:188} INFO - [2026-03-17T07:46:17.413+0000] {dagbag.py:538} INFO - Filling up the DagBag from /opt/airflow/dags/daily_revenue_etl_dag.py
[2026-03-17T07:46:17.440+0000] {processor.py:840} INFO - DAG(s) 'daily_revenue_etl_dag' retrieved from /opt/airflow/dags/daily_revenue_etl_dag.py
[2026-03-17T07:22:59.681+0000] {logging_mixin.py:188} INFO - [2026-03-17T07:22:59.681+0000] {dag.py:3036} INFO - Sync 1 DAGs
[2026-03-17T07:22:59.708+0000] {logging_mixin.py:188} INFO - [2026-03-17T07:22:59.708+0000] {dag.py:3823} INFO - Setting next_dagrun for daily_revenue_etl_dag to 2026-03-17 00:00:00+00:00, run_after=2026-03-18 00:00:00+00:00
[2026-03-17T07:22:59.731+0000] {processor.py:183} INFO - Processing /opt/airflow/dags/daily_revenue_etl_dag.py took 0.123 seconds
[2026-03-17T07:23:29.967+0000] {processor.py:161} INFO - Started process (PID=289) to work on /opt/airflow/dags/daily_revenue_etl_dag.py
[2026-03-17T07:23:29.967+0000] {processor.py:830} INFO - Processing file /opt/airflow/dags/daily_revenue_etl_dag.py for tasks to queue
[2026-03-17T07:23:29.968+0000] {logging_mixin.py:188} INFO - [2026-03-17T07:23:29.968+0000] {dagbag.py:538} INFO - Filling up the DagBag from /opt/airflow/dags/daily_revenue_etl_dag.py
[2026-03-17T07:23:29.985+0000] {processor.py:840} INFO - DAG(s) 'daily_revenue_etl_dag' retrieved from /opt/airflow/dags/daily_revenue_etl_dag.py
[2026-03-17T07:23:30.009+0000] {logging_mixin.py:188} INFO - [2026-03-17T07:23:30.008+0000] {dag.py:3036} INFO - Sync 1 DAGs
[2026-03-17T07:23:30.026+0000] {logging_mixin.py:188} INFO - [2026-03-17T07:23:30.026+0000] {dag.py:3823} INFO - Setting next_dagrun for daily_revenue_etl_dag to 2026-03-17 00:00:00+00:00, run_after=2026-03-18 00:00:00+00:00
[2026-03-17T07:23:30.044+0000] {processor.py:183} INFO - Processing /opt/airflow/dags/daily_revenue_etl_dag.py took 0.080 seconds
[2026-03-17T07:24:00.209+0000] {processor.py:161} INFO - Started process (PID=294) to work on /opt/airflow/dags/daily_revenue_etl_dag.py
[2026-03-17T07:24:00.210+0000] {processor.py:830} INFO - Processing file /opt/airflow/dags/daily_revenue_etl_dag.py for tasks to queue
[2026-03-17T07:24:00.211+0000] {logging_mixin.py:188} INFO - [2026-03-17T07:24:00.211+0000] {dagbag.py:538} INFO - Filling up the DagBag from /opt/airflow/dags/daily_revenue_etl_dag.py
[2026-03-17T07:24:00.228+0000] {processor.py:840} INFO - DAG(s) 'daily_revenue_etl_dag' retrieved from /opt/airflow/dags/daily_revenue_etl_dag.py
[2026-03-17T07:24:00.257+0000] {logging_mixin.py:188} INFO - [2026-03-17T07:24:00.257+0000] {dag.py:3036} INFO - Sync 1 DAGs
[2026-03-17T07:24:00.279+0000] {logging_mixin.py:188} INFO - [2026-03-17T07:24:00.279+0000] {dag.py:3823} INFO - Setting next_dagrun for daily_revenue_etl_dag to 2026-03-17 00:00:00+00:00, run_after=2026-03-18 00:00:00+00:00
[2026-03-17T07:24:00.297+0000] {processor.py:183} INFO - Processing /opt/airflow/dags/daily_revenue_etl_dag.py took 0.090 seconds
[2026-03-17T07:24:30.484+0000] {processor.py:161} INFO - Started process (PID=299) to work on /opt/airflow/dags/daily_revenue_etl_dag.py
[2026-03-17T07:24:30.485+0000] {processor.py:830} INFO - Processing file /opt/airflow/dags/daily_revenue_etl_dag.py for tasks to queue
[2026-03-17T07:24:30.486+0000] {logging_mixin.py:188} INFO - [2026-03-17T07:24:30.486+0000] {dagbag.py:538} INFO - Filling up the DagBag from /opt/airflow/dags/daily_revenue_etl_dag.py
[2026-03-17T07:24:30.504+0000] {processor.py:840} INFO - DAG(s) 'daily_revenue_etl_dag' retrieved from /opt/airflow/dags/daily_revenue_etl_dag.py
[2026-03-17T07:24:30.530+0000] {logging_mixin.py:188} INFO - [2026-03-17T07:24:30.530+0000] {dag.py:3036} INFO - Sync 1 DAGs
[2026-03-17T07:24:30.552+0000] {logging_mixin.py:188} INFO - [2026-03-17T07:24:30.551+0000] {dag.py:3823} INFO - Setting next_dagrun for daily_revenue_etl_dag to 2026-03-17 00:00:00+00:00, run_after=2026-03-18 00:00:00+00:00
[2026-03-17T07:24:30.569+0000] {processor.py:183} INFO - Processing /opt/airflow/dags/daily_revenue_etl_dag.py took 0.088 seconds
[2026-03-17T07:47:52.431+0000] {processor.py:161} INFO - Started process (PID=304) to work on /opt/airflow/dags/daily_revenue_etl_dag.py
[2026-03-17T07:47:52.432+0000] {processor.py:830} INFO - Processing file /opt/airflow/dags/daily_revenue_etl_dag.py for tasks to queue
[2026-03-17T07:47:52.433+0000] {logging_mixin.py:188} INFO - [2026-03-17T07:47:52.432+0000] {dagbag.py:538} INFO - Filling up the DagBag from /opt/airflow/dags/daily_revenue_etl_dag.py
[2026-03-17T07:47:52.455+0000] {processor.py:840} INFO - DAG(s) 'daily_revenue_etl_dag' retrieved from /opt/airflow/dags/daily_revenue_etl_dag.py
[2026-03-17T07:47:52.484+0000] {logging_mixin.py:188} INFO - [2026-03-17T07:47:52.484+0000] {dag.py:3036} INFO - Sync 1 DAGs
[2026-03-17T07:47:52.512+0000] {logging_mixin.py:188} INFO - [2026-03-17T07:47:52.511+0000] {dag.py:3823} INFO - Setting next_dagrun for daily_revenue_etl_dag to 2026-03-17 00:00:00+00:00, run_after=2026-03-18 00:00:00+00:00
[2026-03-17T07:47:52.532+0000] {processor.py:183} INFO - Processing /opt/airflow/dags/daily_revenue_etl_dag.py took 0.105 seconds
